global_step,metric,value
10,episodic_return,4.792405997927689
10,episodic_length,10.0
23,episodic_return,9.524523245353796
23,episodic_length,12.0
46,episodic_return,18.775258076115165
46,episodic_length,22.0
72,episodic_return,18.609272740572916
72,episodic_length,25.0
87,episodic_return,14.186698675705902
87,episodic_length,14.0
104,episodic_return,6.315004054932478
104,episodic_length,16.0
117,episodic_return,8.834435721605455
117,episodic_length,12.0
129,episodic_return,5.498263412466179
129,episodic_length,11.0
153,episodic_return,4.682934767922474
153,episodic_length,23.0
166,episodic_return,7.798179498393366
166,episodic_length,12.0
187,episodic_return,15.543931879538176
187,episodic_length,20.0
204,episodic_return,12.064046750671123
204,episodic_length,16.0
219,episodic_return,13.79064806872261
219,episodic_length,14.0
236,episodic_return,12.478171594408787
236,episodic_length,16.0
252,episodic_return,13.285116040669468
252,episodic_length,15.0
269,episodic_return,14.015471834342272
269,episodic_length,16.0
280,episodic_return,7.302694261375424
280,episodic_length,10.0
295,episodic_return,6.171716066619785
295,episodic_length,14.0
312,episodic_return,7.374612014084106
312,episodic_length,16.0
331,episodic_return,7.6265459346446
331,episodic_length,18.0
369,episodic_return,25.09382015462109
369,episodic_length,37.0
388,episodic_return,9.326688452261244
388,episodic_length,18.0
410,episodic_return,15.067537787793805
410,episodic_length,21.0
423,episodic_return,5.6420315313752125
423,episodic_length,12.0
443,episodic_return,10.712983606330344
443,episodic_length,19.0
469,episodic_return,26.69942191102896
469,episodic_length,25.0
481,episodic_return,6.492404091412306
481,episodic_length,11.0
495,episodic_return,9.904544452107562
495,episodic_length,13.0
513,episodic_return,7.010917292989178
513,episodic_length,17.0
528,episodic_return,9.752916761017474
528,episodic_length,14.0
540,episodic_return,7.465262305359298
540,episodic_length,11.0
579,episodic_return,16.650941763818583
579,episodic_length,38.0
594,episodic_return,10.212496871370389
594,episodic_length,14.0
619,episodic_return,7.991716817566614
619,episodic_length,24.0
647,episodic_return,5.594783041628219
647,episodic_length,27.0
664,episodic_return,13.347094044652703
664,episodic_length,16.0
674,episodic_return,5.440868108172509
674,episodic_length,9.0
688,episodic_return,10.367128248956345
688,episodic_length,13.0
709,episodic_return,15.313319885073934
709,episodic_length,20.0
725,episodic_return,1.9426204656062902
725,episodic_length,15.0
739,episodic_return,9.190514400928777
739,episodic_length,13.0
751,episodic_return,8.385256774490339
751,episodic_length,11.0
764,episodic_return,6.877337871189344
764,episodic_length,12.0
782,episodic_return,10.98494601585876
782,episodic_length,17.0
808,episodic_return,11.618105562257398
808,episodic_length,25.0
844,episodic_return,36.616531933130574
844,episodic_length,35.0
867,episodic_return,10.054396832794465
867,episodic_length,22.0
909,episodic_return,41.07009145002476
909,episodic_length,41.0
928,episodic_return,17.535389929139924
928,episodic_length,18.0
949,episodic_return,15.456174640058242
949,episodic_length,20.0
966,episodic_return,10.805496698256327
966,episodic_length,16.0
979,episodic_return,9.0923502682889
979,episodic_length,12.0
992,episodic_return,5.834383676013692
992,episodic_length,12.0
1009,episodic_return,10.855931164230052
1009,episodic_length,16.0
1023,episodic_return,8.282826964959252
1023,episodic_length,13.0
1037,episodic_return,4.976914927734327
1037,episodic_length,13.0
1055,episodic_return,15.857265850360147
1055,episodic_length,17.0
1076,episodic_return,14.162777584327447
1076,episodic_length,20.0
1091,episodic_return,8.982649121941403
1091,episodic_length,14.0
1103,episodic_return,6.728355200223182
1103,episodic_length,11.0
1116,episodic_return,7.948989364221535
1116,episodic_length,12.0
1127,episodic_return,6.880465214428502
1127,episodic_length,10.0
1140,episodic_return,6.309137095665668
1140,episodic_length,12.0
1169,episodic_return,32.489020713780086
1169,episodic_length,28.0
1196,episodic_return,22.30316397863778
1196,episodic_length,26.0
1206,episodic_return,4.225487513173096
1206,episodic_length,9.0
1225,episodic_return,5.466244469584564
1225,episodic_length,18.0
1239,episodic_return,6.805735431728391
1239,episodic_length,13.0
1250,episodic_return,4.440088173092186
1250,episodic_length,10.0
1262,episodic_return,5.9891496362636465
1262,episodic_length,11.0
1279,episodic_return,9.995449691683053
1279,episodic_length,16.0
1296,episodic_return,14.732327112489426
1296,episodic_length,16.0
1319,episodic_return,10.164574860096778
1319,episodic_length,22.0
1348,episodic_return,38.80858220979094
1348,episodic_length,28.0
1365,episodic_return,13.248943446644864
1365,episodic_length,16.0
1393,episodic_return,12.514711826770629
1393,episodic_length,27.0
1417,episodic_return,23.834634615893982
1417,episodic_length,23.0
1436,episodic_return,10.34356068823691
1436,episodic_length,18.0
1449,episodic_return,9.342827296857724
1449,episodic_length,12.0
1465,episodic_return,10.704349303816018
1465,episodic_length,15.0
1477,episodic_return,7.198456529668332
1477,episodic_length,11.0
1500,episodic_return,6.805885214620706
1500,episodic_length,22.0
1518,episodic_return,8.982215174797819
1518,episodic_length,17.0
1551,episodic_return,8.100094609200253
1551,episodic_length,32.0
1602,episodic_return,41.99670545681953
1602,episodic_length,50.0
1612,episodic_return,5.60008475542114
1612,episodic_length,9.0
1625,episodic_return,6.836012118460529
1625,episodic_length,12.0
1652,episodic_return,11.507245111855514
1652,episodic_length,26.0
1690,episodic_return,11.624899589277911
1690,episodic_length,37.0
1723,episodic_return,51.91894772044193
1723,episodic_length,32.0
1738,episodic_return,7.517388859790142
1738,episodic_length,14.0
1767,episodic_return,21.17737815689917
1767,episodic_length,28.0
1803,episodic_return,9.175645681719507
1803,episodic_length,35.0
1817,episodic_return,10.872173629409374
1817,episodic_length,13.0
1835,episodic_return,5.475035160360133
1835,episodic_length,17.0
1850,episodic_return,9.0721666927024
1850,episodic_length,14.0
1873,episodic_return,11.292298839207954
1873,episodic_length,22.0
1929,episodic_return,65.04261541516772
1929,episodic_length,55.0
1961,episodic_return,29.2760759593327
1961,episodic_length,31.0
1971,episodic_return,6.187470979744048
1971,episodic_length,9.0
1999,episodic_return,13.983382476088595
1999,episodic_length,27.0
2021,episodic_return,12.609918370285136
2021,episodic_length,21.0
2047,episodic_return,14.889234728475687
2047,episodic_length,25.0
2048,value_loss,0.9732453227043152
2048,policy_loss,-0.022857822477817535
2048,approx_kl,0.007094746455550194
2048,clipfrac,0.066650390625
2048,explained_variance,-0.2734990119934082
2048,sps,451.0
2121,episodic_return,105.98066763365019
2121,episodic_length,73.0
2175,episodic_return,82.21245421239709
2175,episodic_length,53.0
2194,episodic_return,15.75858832573474
2194,episodic_length,18.0
2204,episodic_return,5.110103184647469
2204,episodic_length,9.0
2230,episodic_return,15.041676495410426
2230,episodic_length,25.0
2257,episodic_return,18.93833174903466
2257,episodic_length,26.0
2269,episodic_return,6.0520621136121004
2269,episodic_length,11.0
2286,episodic_return,8.127538091941577
2286,episodic_length,16.0
2304,episodic_return,11.945849543593232
2304,episodic_length,17.0
2317,episodic_return,9.903919232106281
2317,episodic_length,12.0
2337,episodic_return,7.446509993162273
2337,episodic_length,19.0
2352,episodic_return,13.748754276537142
2352,episodic_length,14.0
2372,episodic_return,10.714073661517116
2372,episodic_length,19.0
2385,episodic_return,10.74327484277393
2385,episodic_length,12.0
2409,episodic_return,12.196877118383915
2409,episodic_length,23.0
2444,episodic_return,20.060756891267612
2444,episodic_length,34.0
2473,episodic_return,29.868486700861226
2473,episodic_length,28.0
2499,episodic_return,10.622617169054196
2499,episodic_length,25.0
2521,episodic_return,17.156627321735897
2521,episodic_length,21.0
2548,episodic_return,32.332826435653445
2548,episodic_length,26.0
2557,episodic_return,3.9985122385755862
2557,episodic_length,8.0
2575,episodic_return,10.480143562444905
2575,episodic_length,17.0
2596,episodic_return,18.34996357929819
2596,episodic_length,20.0
2632,episodic_return,47.37112135989888
2632,episodic_length,35.0
2650,episodic_return,13.691985850292943
2650,episodic_length,17.0
2687,episodic_return,46.59937903405044
2687,episodic_length,36.0
2748,episodic_return,109.12677848771484
2748,episodic_length,60.0
2773,episodic_return,24.743920030968635
2773,episodic_length,24.0
2795,episodic_return,7.694796762805927
2795,episodic_length,21.0
2809,episodic_return,8.699567288933522
2809,episodic_length,13.0
2824,episodic_return,11.35160013040024
2824,episodic_length,14.0
2834,episodic_return,5.4523370745900115
2834,episodic_length,9.0
2892,episodic_return,93.14738589487132
2892,episodic_length,57.0
2917,episodic_return,15.518409586535551
2917,episodic_length,24.0
2938,episodic_return,10.183152081367595
2938,episodic_length,20.0
2955,episodic_return,13.165216792168716
2955,episodic_length,16.0
2992,episodic_return,58.06196232546882
2992,episodic_length,36.0
3003,episodic_return,6.683978570567525
3003,episodic_length,10.0
3069,episodic_return,83.65800139847946
3069,episodic_length,65.0
3090,episodic_return,17.624493853174855
3090,episodic_length,20.0
3104,episodic_return,8.199741285758316
3104,episodic_length,13.0
3120,episodic_return,12.222199879852713
3120,episodic_length,15.0
3135,episodic_return,11.557819606345495
3135,episodic_length,14.0
3163,episodic_return,10.818618116501945
3163,episodic_length,27.0
3204,episodic_return,32.88265754603127
3204,episodic_length,40.0
3250,episodic_return,45.445126489529784
3250,episodic_length,45.0
3302,episodic_return,53.837780045531524
3302,episodic_length,51.0
3312,episodic_return,6.050373641200498
3312,episodic_length,9.0
3380,episodic_return,74.12833724718807
3380,episodic_length,67.0
3397,episodic_return,9.608913255154766
3397,episodic_length,16.0
3472,episodic_return,70.67442395041932
3472,episodic_length,74.0
3497,episodic_return,26.393910226828257
3497,episodic_length,24.0
3512,episodic_return,8.411993451095187
3512,episodic_length,14.0
3539,episodic_return,14.018879173395922
3539,episodic_length,26.0
3567,episodic_return,10.697626369960982
3567,episodic_length,27.0
3577,episodic_return,5.875205775454936
3577,episodic_length,9.0
3607,episodic_return,24.233642128114298
3607,episodic_length,29.0
3633,episodic_return,20.773756044837718
3633,episodic_length,25.0
3648,episodic_return,9.043102785894641
3648,episodic_length,14.0
3659,episodic_return,7.222599811967176
3659,episodic_length,10.0
3676,episodic_return,14.733531540439675
3676,episodic_length,16.0
3687,episodic_return,6.581890451162051
3687,episodic_length,10.0
3719,episodic_return,49.898491157408124
3719,episodic_length,31.0
3740,episodic_return,21.348740071564656
3740,episodic_length,20.0
3771,episodic_return,40.343638094412995
3771,episodic_length,30.0
3785,episodic_return,11.334363410178542
3785,episodic_length,13.0
3817,episodic_return,49.34033009773347
3817,episodic_length,31.0
3840,episodic_return,15.52442230736246
3840,episodic_length,22.0
3853,episodic_return,7.407795091138618
3853,episodic_length,12.0
3948,episodic_return,127.65764522162996
3948,episodic_length,94.0
3966,episodic_return,13.518057523202762
3966,episodic_length,17.0
3983,episodic_return,9.387811700519254
3983,episodic_length,16.0
3999,episodic_return,11.01295286545338
3999,episodic_length,15.0
4013,episodic_return,10.811229724554027
4013,episodic_length,13.0
4028,episodic_return,8.728064291407474
4028,episodic_length,14.0
4047,episodic_return,15.627263884349697
4047,episodic_length,18.0
4076,episodic_return,32.13735368428475
4076,episodic_length,28.0
4096,value_loss,0.4964514374732971
4096,policy_loss,-0.03949294984340668
4096,approx_kl,0.014705108478665352
4096,clipfrac,0.155615234375
4096,explained_variance,-0.19274234771728516
4096,sps,479.0
4097,episodic_return,16.259932178105274
4097,episodic_length,20.0
4137,episodic_return,62.831165351987075
4137,episodic_length,39.0
4227,episodic_return,149.45573158806326
4227,episodic_length,89.0
4243,episodic_return,13.268565683525692
4243,episodic_length,15.0
4300,episodic_return,94.17403809383968
4300,episodic_length,56.0
4403,episodic_return,184.45660952966801
4403,episodic_length,102.0
4487,episodic_return,123.27667317977408
4487,episodic_length,83.0
4502,episodic_return,8.855695238107998
4502,episodic_length,14.0
4587,episodic_return,154.39423652013426
4587,episodic_length,84.0
4596,episodic_return,5.11887612509959
4596,episodic_length,8.0
4609,episodic_return,5.84484180556367
4609,episodic_length,12.0
4664,episodic_return,94.19137092963781
4664,episodic_length,54.0
4688,episodic_return,28.021166864295104
4688,episodic_length,23.0
4705,episodic_return,10.133459691479937
4705,episodic_length,16.0
4753,episodic_return,74.86544379046596
4753,episodic_length,47.0
4825,episodic_return,106.7471711248022
4825,episodic_length,71.0
4850,episodic_return,21.362034237675722
4850,episodic_length,24.0
4880,episodic_return,13.93510144019185
4880,episodic_length,29.0
4963,episodic_return,114.0269669781197
4963,episodic_length,82.0
5018,episodic_return,48.70823760458506
5018,episodic_length,54.0
5173,episodic_return,215.33283092970782
5173,episodic_length,154.0
5256,episodic_return,137.81843934530963
5256,episodic_length,82.0
5272,episodic_return,13.020562957180752
5272,episodic_length,15.0
5296,episodic_return,16.943410705568933
5296,episodic_length,23.0
5310,episodic_return,8.667899299810495
5310,episodic_length,13.0
5337,episodic_return,16.870380713509487
5337,episodic_length,26.0
5363,episodic_return,24.22714397218288
5363,episodic_length,25.0
5373,episodic_return,6.1328969036803915
5373,episodic_length,9.0
5472,episodic_return,125.04074918975853
5472,episodic_length,98.0
5526,episodic_return,90.15250083493306
5526,episodic_length,53.0
5551,episodic_return,14.155211611562596
5551,episodic_length,24.0
5648,episodic_return,188.28762609160069
5648,episodic_length,96.0
5668,episodic_return,17.525407130253516
5668,episodic_length,19.0
5713,episodic_return,68.12630879079424
5713,episodic_length,44.0
5773,episodic_return,110.41366572946706
5773,episodic_length,59.0
5804,episodic_return,26.983006402041923
5804,episodic_length,30.0
5813,episodic_return,4.052792183788253
5813,episodic_length,8.0
5833,episodic_return,22.61095491846641
5833,episodic_length,19.0
5885,episodic_return,83.18346915316155
5885,episodic_length,51.0
5912,episodic_return,24.945599276202127
5912,episodic_length,26.0
5962,episodic_return,82.65864538098941
5962,episodic_length,49.0
5974,episodic_return,7.939303990488395
5974,episodic_length,11.0
6017,episodic_return,64.12633707930772
6017,episodic_length,42.0
6030,episodic_return,6.350674585977037
6030,episodic_length,12.0
6048,episodic_return,8.568348401569828
6048,episodic_length,17.0
6070,episodic_return,9.900881653825703
6070,episodic_length,21.0
6133,episodic_return,108.55923178963033
6133,episodic_length,62.0
6144,value_loss,0.32130831480026245
6144,policy_loss,-0.03488835692405701
6144,approx_kl,0.011512798257172108
6144,clipfrac,0.1404296875
6144,explained_variance,0.14711153507232666
6144,sps,491.0
6173,episodic_return,65.02712393870361
6173,episodic_length,39.0
6217,episodic_return,66.58871026141117
6217,episodic_length,43.0
6303,episodic_return,152.91520733318876
6303,episodic_length,85.0
6326,episodic_return,22.028500774385726
6326,episodic_length,22.0
6381,episodic_return,96.73219992806885
6381,episodic_length,54.0
6404,episodic_return,22.85550488835893
6404,episodic_length,22.0
6467,episodic_return,109.16824389227322
6467,episodic_length,62.0
6486,episodic_return,10.737601108638358
6486,episodic_length,18.0
6511,episodic_return,19.055351252965213
6511,episodic_length,24.0
6547,episodic_return,40.59177134011801
6547,episodic_length,35.0
6565,episodic_return,16.18544710435089
6565,episodic_length,17.0
6595,episodic_return,37.69737962721531
6595,episodic_length,29.0
6628,episodic_return,43.00358697507363
6628,episodic_length,32.0
6674,episodic_return,74.11929528388319
6674,episodic_length,45.0
6802,episodic_return,233.02755948072056
6802,episodic_length,127.0
6877,episodic_return,112.47265114141858
6877,episodic_length,74.0
6932,episodic_return,93.61682194585298
6932,episodic_length,54.0
6989,episodic_return,97.99976719773575
6989,episodic_length,56.0
7053,episodic_return,118.11055448450658
7053,episodic_length,63.0
7073,episodic_return,16.304723766548282
7073,episodic_length,19.0
7096,episodic_return,22.818716065680267
7096,episodic_length,22.0
7148,episodic_return,77.98121770470055
7148,episodic_length,51.0
7199,episodic_return,88.26184688231011
7199,episodic_length,50.0
7211,episodic_return,9.546203651724658
7211,episodic_length,11.0
7253,episodic_return,68.27078288150732
7253,episodic_length,41.0
7269,episodic_return,12.596620094129415
7269,episodic_length,15.0
7334,episodic_return,97.50488929406374
7334,episodic_length,64.0
7380,episodic_return,74.23039561343097
7380,episodic_length,45.0
7449,episodic_return,126.37123068603637
7449,episodic_length,68.0
7495,episodic_return,78.5500501585783
7495,episodic_length,45.0
7509,episodic_return,12.346672378101976
7509,episodic_length,13.0
7538,episodic_return,44.2848187936899
7538,episodic_length,28.0
7635,episodic_return,209.09168980425812
7635,episodic_length,96.0
7689,episodic_return,86.56001492196143
7689,episodic_length,53.0
7711,episodic_return,25.115119654080296
7711,episodic_length,21.0
7735,episodic_return,16.415683012532497
7735,episodic_length,23.0
7797,episodic_return,111.95183131896034
7797,episodic_length,61.0
7883,episodic_return,172.5723785628136
7883,episodic_length,85.0
7898,episodic_return,9.728302434804581
7898,episodic_length,14.0
7911,episodic_return,5.918197900441318
7911,episodic_length,12.0
7977,episodic_return,108.49900853760799
7977,episodic_length,65.0
8035,episodic_return,102.65805362978553
8035,episodic_length,57.0
8082,episodic_return,78.57878056775107
8082,episodic_length,46.0
8098,episodic_return,10.19850995113096
8098,episodic_length,15.0
8142,episodic_return,73.0693667323529
8142,episodic_length,43.0
8176,episodic_return,53.14898385188284
8176,episodic_length,33.0
8192,value_loss,0.20038452744483948
8192,policy_loss,-0.015641219913959503
8192,approx_kl,0.008707113564014435
8192,clipfrac,0.1546875
8192,explained_variance,0.124164879322052
8192,sps,495.0
8234,episodic_return,95.55976509174612
8234,episodic_length,57.0
8329,episodic_return,174.5261302852072
8329,episodic_length,94.0
8407,episodic_return,155.51729445147006
8407,episodic_length,77.0
8464,episodic_return,99.90590703843611
8464,episodic_length,56.0
8536,episodic_return,102.85615316425769
8536,episodic_length,71.0
8603,episodic_return,120.61415079065024
8603,episodic_length,66.0
8616,episodic_return,10.105942034575985
8616,episodic_length,12.0
8696,episodic_return,136.3318121850993
8696,episodic_length,79.0
8820,episodic_return,256.07791227484165
8820,episodic_length,123.0
8926,episodic_return,238.66207309923013
8926,episodic_length,105.0
9031,episodic_return,157.6538039484846
9031,episodic_length,104.0
9120,episodic_return,173.22772525181446
9120,episodic_length,88.0
9172,episodic_return,88.60087492038184
9172,episodic_length,51.0
9215,episodic_return,68.95890944506387
9215,episodic_length,42.0
9290,episodic_return,134.80213432996302
9290,episodic_length,74.0
9340,episodic_return,82.07460540416177
9340,episodic_length,49.0
9405,episodic_return,118.7975733090014
9405,episodic_length,64.0
9425,episodic_return,18.265456643726303
9425,episodic_length,19.0
9491,episodic_return,94.1703052411719
9491,episodic_length,65.0
9525,episodic_return,52.60749955804115
9525,episodic_length,33.0
9605,episodic_return,165.54444879553168
9605,episodic_length,79.0
9661,episodic_return,100.68831364452443
9661,episodic_length,55.0
9723,episodic_return,104.12820812945697
9723,episodic_length,61.0
9766,episodic_return,70.92918322416573
9766,episodic_length,42.0
9827,episodic_return,111.92487164182518
9827,episodic_length,60.0
9867,episodic_return,65.22701711950735
9867,episodic_length,39.0
9886,episodic_return,15.932302480950433
9886,episodic_length,18.0
9946,episodic_return,116.0887188759455
9946,episodic_length,59.0
10007,episodic_return,109.92800542094008
10007,episodic_length,60.0
10086,episodic_return,107.17750528548987
10086,episodic_length,78.0
10127,episodic_return,63.32842152129445
10127,episodic_length,40.0
10186,episodic_return,107.08050748625104
10186,episodic_length,58.0
10223,episodic_return,57.675732002747125
10223,episodic_length,36.0
10240,value_loss,0.1570550501346588
10240,policy_loss,0.009205086156725883
10240,approx_kl,0.012220445089042187
10240,clipfrac,0.123974609375
10240,explained_variance,0.15333276987075806
10240,sps,499.0
10319,episodic_return,216.93074977368573
10319,episodic_length,95.0
10397,episodic_return,142.53548012747856
10397,episodic_length,77.0
10469,episodic_return,124.7208173326887
10469,episodic_length,71.0
10597,episodic_return,252.44340787807192
10597,episodic_length,127.0
10701,episodic_return,229.88726948590764
10701,episodic_length,103.0
10754,episodic_return,80.67167149278811
10754,episodic_length,52.0
10779,episodic_return,29.228377596079287
10779,episodic_length,24.0
10892,episodic_return,256.643507955301
10892,episodic_length,112.0
10951,episodic_return,103.4791545393222
10951,episodic_length,58.0
11056,episodic_return,226.98883186580846
11056,episodic_length,104.0
11104,episodic_return,78.55113024493096
11104,episodic_length,47.0
11221,episodic_return,267.0611302858016
11221,episodic_length,116.0
11278,episodic_return,84.55658891617814
11278,episodic_length,56.0
11344,episodic_return,119.92532309533073
11344,episodic_length,65.0
11436,episodic_return,191.434194519716
11436,episodic_length,91.0
11475,episodic_return,62.71134371674117
11475,episodic_length,38.0
11535,episodic_return,79.12985639310276
11535,episodic_length,59.0
11607,episodic_return,83.54490678395356
11607,episodic_length,71.0
11755,episodic_return,287.74202741761104
11755,episodic_length,147.0
11851,episodic_return,199.54733843989473
11851,episodic_length,95.0
11885,episodic_return,46.3793760771812
11885,episodic_length,33.0
11919,episodic_return,53.878859091318105
11919,episodic_length,33.0
11952,episodic_return,51.915143117966494
11952,episodic_length,32.0
12021,episodic_return,124.38618846736097
12021,episodic_length,68.0
12092,episodic_return,142.34944046552968
12092,episodic_length,70.0
12188,episodic_return,181.19589198083312
12188,episodic_length,95.0
12227,episodic_return,61.786980331748794
12227,episodic_length,38.0
12288,value_loss,0.1713121086359024
12288,policy_loss,-0.025942618027329445
12288,approx_kl,0.00802494678646326
12288,clipfrac,0.11357421875
12288,explained_variance,0.1962842345237732
12288,sps,502.0
12320,episodic_return,202.11855760554303
12320,episodic_length,92.0
12410,episodic_return,196.83873012275728
12410,episodic_length,89.0
12496,episodic_return,178.8153166043141
12496,episodic_length,85.0
12533,episodic_return,58.90595369177759
12533,episodic_length,36.0
12578,episodic_return,75.548579002267
12578,episodic_length,44.0
12687,episodic_return,243.20269431676306
12687,episodic_length,108.0
12780,episodic_return,178.55588833018544
12780,episodic_length,92.0
12844,episodic_return,114.20406695548985
12844,episodic_length,63.0
12961,episodic_return,264.2297179949668
12961,episodic_length,116.0
13002,episodic_return,65.44537738763087
13002,episodic_length,40.0
13116,episodic_return,263.8969539868531
13116,episodic_length,113.0
13165,episodic_return,80.48982591542138
13165,episodic_length,48.0
13210,episodic_return,71.96183710806112
13210,episodic_length,44.0
13259,episodic_return,82.89990009569759
13259,episodic_length,48.0
13298,episodic_return,61.6190150002059
13298,episodic_length,38.0
13400,episodic_return,222.23736166850625
13400,episodic_length,101.0
13446,episodic_return,74.80056873211679
13446,episodic_length,45.0
13551,episodic_return,195.08893603645276
13551,episodic_length,104.0
13652,episodic_return,241.5388338664786
13652,episodic_length,100.0
13695,episodic_return,69.8658656391836
13695,episodic_length,42.0
13806,episodic_return,227.99797732475676
13806,episodic_length,110.0
13892,episodic_return,187.49429380238826
13892,episodic_length,85.0
13990,episodic_return,218.08371114882195
13990,episodic_length,97.0
14051,episodic_return,113.61192817643821
14051,episodic_length,60.0
14131,episodic_return,168.85723114422203
14131,episodic_length,79.0
14198,episodic_return,127.059118655576
14198,episodic_length,66.0
14290,episodic_return,166.51911757983578
14290,episodic_length,91.0
14336,value_loss,0.1403755247592926
14336,policy_loss,-0.02366572991013527
14336,approx_kl,0.008643100038170815
14336,clipfrac,0.133544921875
14336,explained_variance,0.22930002212524414
14336,sps,505.0
14386,episodic_return,217.63403204200065
14386,episodic_length,95.0
14447,episodic_return,108.67727112120386
14447,episodic_length,60.0
14545,episodic_return,220.64299541539677
14545,episodic_length,97.0
14641,episodic_return,212.22683986679183
14641,episodic_length,95.0
14689,episodic_return,78.99236145242892
14689,episodic_length,47.0
14783,episodic_return,209.6232214352718
14783,episodic_length,93.0
14872,episodic_return,196.64638393390263
14872,episodic_length,88.0
14969,episodic_return,216.59991482777568
14969,episodic_length,96.0
15028,episodic_return,106.88244497441787
15028,episodic_length,58.0
15073,episodic_return,73.7801516901125
15073,episodic_length,44.0
15142,episodic_return,135.54322129130568
15142,episodic_length,68.0
15229,episodic_return,191.86332113808896
15229,episodic_length,86.0
15323,episodic_return,220.39166420247935
15323,episodic_length,93.0
15415,episodic_return,197.11284963916455
15415,episodic_length,91.0
15496,episodic_return,165.32753733703817
15496,episodic_length,80.0
15570,episodic_return,136.11174544560376
15570,episodic_length,73.0
15636,episodic_return,126.38135707731263
15636,episodic_length,65.0
15741,episodic_return,236.4946797485157
15741,episodic_length,104.0
15825,episodic_return,173.99135374648833
15825,episodic_length,83.0
15881,episodic_return,97.57553687377629
15881,episodic_length,55.0
15981,episodic_return,222.22099973376368
15981,episodic_length,99.0
16028,episodic_return,75.48153877309157
16028,episodic_length,46.0
16069,episodic_return,65.09966131355185
16069,episodic_length,40.0
16172,episodic_return,225.75336426370052
16172,episodic_length,102.0
16270,episodic_return,220.87745834882824
16270,episodic_length,97.0
16364,episodic_return,211.889611966076
16364,episodic_length,93.0
16384,value_loss,0.09857805073261261
16384,policy_loss,0.02268742024898529
16384,approx_kl,0.009286763146519661
16384,clipfrac,0.11806640625
16384,explained_variance,0.3796934485435486
16384,sps,509.0
16458,episodic_return,212.70777237290028
16458,episodic_length,93.0
16552,episodic_return,214.0506377503328
16552,episodic_length,93.0
16654,episodic_return,223.93213372379057
16654,episodic_length,101.0
16758,episodic_return,236.1682043351027
16758,episodic_length,103.0
16818,episodic_return,107.43546445297268
16818,episodic_length,59.0
16893,episodic_return,153.95460697383703
16893,episodic_length,74.0
16997,episodic_return,210.40754270693813
16997,episodic_length,103.0
17090,episodic_return,207.52640050665192
17090,episodic_length,92.0
17184,episodic_return,210.39011593594705
17184,episodic_length,93.0
17277,episodic_return,204.063418217142
17277,episodic_length,92.0
17374,episodic_return,217.0772039314833
17374,episodic_length,96.0
17445,episodic_return,143.60089066585616
17445,episodic_length,70.0
17525,episodic_return,169.16466317405968
17525,episodic_length,79.0
17616,episodic_return,199.87320929267415
17616,episodic_length,90.0
17717,episodic_return,230.84876740687082
17717,episodic_length,100.0
17808,episodic_return,200.60183416382378
17808,episodic_length,90.0
17913,episodic_return,234.24028884124564
17913,episodic_length,104.0
18009,episodic_return,224.0537971260712
18009,episodic_length,95.0
18108,episodic_return,221.3907805966628
18108,episodic_length,98.0
18148,episodic_return,64.3024467823289
18148,episodic_length,39.0
18234,episodic_return,185.51209396511862
18234,episodic_length,85.0
18336,episodic_return,221.881339256384
18336,episodic_length,101.0
18398,episodic_return,110.98379447459207
18398,episodic_length,61.0
18432,value_loss,0.11139929294586182
18432,policy_loss,-0.001141093671321869
18432,approx_kl,0.007410342805087566
18432,clipfrac,0.088525390625
18432,explained_variance,0.4326448440551758
18432,sps,509.0
18501,episodic_return,237.4983518201053
18501,episodic_length,102.0
18593,episodic_return,201.59692881040053
18593,episodic_length,91.0
18702,episodic_return,230.53698399258528
18702,episodic_length,108.0
18792,episodic_return,194.84350987205886
18792,episodic_length,89.0
18880,episodic_return,199.9514720021466
18880,episodic_length,87.0
18971,episodic_return,196.2732440764111
18971,episodic_length,90.0
19083,episodic_return,259.99192873920776
19083,episodic_length,111.0
19177,episodic_return,208.52251226971632
19177,episodic_length,93.0
19267,episodic_return,198.63578029581691
19267,episodic_length,89.0
19377,episodic_return,258.41466259633523
19377,episodic_length,109.0
19470,episodic_return,201.08006846533848
19470,episodic_length,92.0
19551,episodic_return,171.82519279417988
19551,episodic_length,80.0
19645,episodic_return,215.9151144957035
19645,episodic_length,93.0
19729,episodic_return,186.8753283313867
19729,episodic_length,83.0
19822,episodic_return,207.1199838191079
19822,episodic_length,92.0
19910,episodic_return,195.3300546718103
19910,episodic_length,87.0
20003,episodic_return,201.29244258074374
20003,episodic_length,92.0
20109,episodic_return,226.2408321064023
20109,episodic_length,105.0
20207,episodic_return,217.758620272548
20207,episodic_length,97.0
20303,episodic_return,207.37647298551414
20303,episodic_length,95.0
20395,episodic_return,206.06204225776324
20395,episodic_length,91.0
20435,episodic_return,62.443865586505474
20435,episodic_length,39.0
20480,value_loss,0.04465432092547417
20480,policy_loss,-0.0026642903685569763
20480,approx_kl,0.007778669707477093
20480,clipfrac,0.08857421875
20480,explained_variance,0.6025919914245605
20480,sps,510.0
20532,episodic_return,213.38687888950048
20532,episodic_length,96.0
20619,episodic_return,185.40284567328027
20619,episodic_length,86.0
20715,episodic_return,213.30699822025508
20715,episodic_length,95.0
20812,episodic_return,211.0927629965383
20812,episodic_length,96.0
20901,episodic_return,199.34630404959387
20901,episodic_length,88.0
20995,episodic_return,214.67379984420427
20995,episodic_length,93.0
21107,episodic_return,256.604677715021
21107,episodic_length,111.0
21204,episodic_return,220.5542625746081
21204,episodic_length,96.0
21301,episodic_return,211.67059600020184
21301,episodic_length,96.0
21392,episodic_return,199.66744270920722
21392,episodic_length,90.0
21492,episodic_return,219.96693081484977
21492,episodic_length,99.0
21590,episodic_return,218.2683810209735
21590,episodic_length,97.0
21631,episodic_return,66.05481869119292
21631,episodic_length,40.0
21711,episodic_return,169.4076098666582
21711,episodic_length,79.0
21806,episodic_return,214.03761037620794
21806,episodic_length,94.0
21892,episodic_return,189.74962518738405
21892,episodic_length,85.0
21986,episodic_return,208.87743180052448
21986,episodic_length,93.0
22088,episodic_return,238.91803238257523
22088,episodic_length,101.0
22193,episodic_return,243.68114179900695
22193,episodic_length,104.0
22291,episodic_return,217.70630095836592
22291,episodic_length,97.0
22387,episodic_return,213.28701796202364
22387,episodic_length,95.0
22488,episodic_return,229.25527004425413
22488,episodic_length,100.0
22528,value_loss,0.03327608108520508
22528,policy_loss,-0.03920142352581024
22528,approx_kl,0.0085108932107687
22528,clipfrac,0.09921875
22528,explained_variance,0.6990841329097748
22528,sps,510.0
22579,episodic_return,202.24067872415307
22579,episodic_length,90.0
22671,episodic_return,199.6100853190064
22671,episodic_length,91.0
22769,episodic_return,217.4923390668797
22769,episodic_length,97.0
22874,episodic_return,230.07430473456725
22874,episodic_length,104.0
22975,episodic_return,225.037927626321
22975,episodic_length,100.0
23075,episodic_return,221.23700263818694
23075,episodic_length,99.0
23191,episodic_return,242.95886434353443
23191,episodic_length,115.0
23285,episodic_return,207.25252773778422
23285,episodic_length,93.0
23381,episodic_return,219.65102980655817
23381,episodic_length,95.0
23483,episodic_return,228.4605683988507
23483,episodic_length,101.0
23576,episodic_return,212.18712552665724
23576,episodic_length,92.0
23672,episodic_return,214.6034017991183
23672,episodic_length,95.0
23786,episodic_return,269.55824159077696
23786,episodic_length,113.0
23901,episodic_return,274.0444696327784
23901,episodic_length,114.0
24000,episodic_return,215.19225490227095
24000,episodic_length,98.0
24097,episodic_return,224.07537128957858
24097,episodic_length,96.0
24194,episodic_return,215.90166129911378
24194,episodic_length,96.0
24292,episodic_return,220.42564889323364
24292,episodic_length,97.0
24390,episodic_return,223.32511794973178
24390,episodic_length,97.0
24491,episodic_return,222.22607568986857
24491,episodic_length,100.0
24576,value_loss,0.019423026591539383
24576,policy_loss,-0.0023102611303329468
24576,approx_kl,0.007326909340918064
24576,clipfrac,0.093603515625
24576,explained_variance,0.8180571496486664
24576,sps,510.0
24596,episodic_return,238.78540193477633
24596,episodic_length,104.0
24712,episodic_return,280.3075097900533
24712,episodic_length,115.0
24805,episodic_return,207.72319871360267
24805,episodic_length,92.0
24894,episodic_return,191.49766643888523
24894,episodic_length,88.0
25000,episodic_return,229.11474846077448
25000,episodic_length,105.0
25101,episodic_return,223.70122890651436
25101,episodic_length,100.0
25192,episodic_return,197.0896004742594
25192,episodic_length,90.0
25293,episodic_return,223.1310298525508
25293,episodic_length,100.0
25407,episodic_return,281.52557082863405
25407,episodic_length,113.0
25509,episodic_return,229.0778761181211
25509,episodic_length,101.0
25602,episodic_return,207.26569455707698
25602,episodic_length,92.0
25699,episodic_return,222.77440381574618
25699,episodic_length,96.0
25800,episodic_return,228.9471826754588
25800,episodic_length,100.0
25888,episodic_return,190.3984558523913
25888,episodic_length,87.0
25979,episodic_return,203.5371813028568
25979,episodic_length,90.0
26079,episodic_return,220.19464875924493
26079,episodic_length,99.0
26204,episodic_return,296.06948309285
26204,episodic_length,124.0
26308,episodic_return,227.6509943029452
26308,episodic_length,103.0
26403,episodic_return,211.14573647598604
26403,episodic_length,94.0
26501,episodic_return,217.95232318901145
26501,episodic_length,97.0
26597,episodic_return,213.76451238063385
26597,episodic_length,95.0
26624,value_loss,0.0574721097946167
26624,policy_loss,0.0032273530960083008
26624,approx_kl,0.008547947742044926
26624,clipfrac,0.104931640625
26624,explained_variance,0.8643454909324646
26624,sps,514.0
26704,episodic_return,240.47588678889667
26704,episodic_length,106.0
26813,episodic_return,259.6126744133021
26813,episodic_length,108.0
26907,episodic_return,206.7144034331439
26907,episodic_length,93.0
27030,episodic_return,320.3664004084141
27030,episodic_length,122.0
27136,episodic_return,233.587103077169
27136,episodic_length,105.0
27245,episodic_return,260.8844881074565
27245,episodic_length,108.0
27360,episodic_return,267.42211521543396
27360,episodic_length,114.0
27478,episodic_return,268.60118768773174
27478,episodic_length,117.0
27605,episodic_return,299.909079088755
27605,episodic_length,126.0
27706,episodic_return,230.60831423252918
27706,episodic_length,100.0
27811,episodic_return,242.65993939761407
27811,episodic_length,104.0
27915,episodic_return,236.29025984733184
27915,episodic_length,103.0
28028,episodic_return,287.90681575392307
28028,episodic_length,112.0
28147,episodic_return,279.28574292964686
28147,episodic_length,118.0
28257,episodic_return,259.18089132917794
28257,episodic_length,109.0
28378,episodic_return,288.7740942776493
28378,episodic_length,120.0
28488,episodic_return,262.89738055330014
28488,episodic_length,109.0
28600,episodic_return,269.1532799618973
28600,episodic_length,111.0
28672,value_loss,0.06353574246168137
28672,policy_loss,-0.02582136169075966
28672,approx_kl,0.011030117981135845
28672,clipfrac,0.11083984375
28672,explained_variance,0.8881699442863464
28672,sps,517.0
28720,episodic_return,292.2559494294237
28720,episodic_length,119.0
28823,episodic_return,225.0279387494866
28823,episodic_length,102.0
28945,episodic_return,279.04718339383805
28945,episodic_length,121.0
29066,episodic_return,272.0457855034196
29066,episodic_length,120.0
29175,episodic_return,251.776682296089
29175,episodic_length,108.0
29285,episodic_return,249.43749661820578
29285,episodic_length,109.0
29380,episodic_return,210.2495947899988
29380,episodic_length,94.0
29479,episodic_return,219.21425236889297
29479,episodic_length,98.0
29604,episodic_return,311.66447532379914
29604,episodic_length,124.0
29696,episodic_return,204.0812722353398
29696,episodic_length,91.0
29808,episodic_return,268.0275347431121
29808,episodic_length,111.0
29901,episodic_return,208.26078687429023
29901,episodic_length,92.0
30005,episodic_return,240.361194866483
30005,episodic_length,103.0
30100,episodic_return,212.63855088959815
30100,episodic_length,94.0
30201,episodic_return,227.92425458591393
30201,episodic_length,100.0
30300,episodic_return,226.87269332492252
30300,episodic_length,98.0
30401,episodic_return,233.22325429819222
30401,episodic_length,100.0
30508,episodic_return,251.09238003370893
30508,episodic_length,106.0
30614,episodic_return,248.1321242336687
30614,episodic_length,105.0
30720,value_loss,0.02031407132744789
30720,policy_loss,-0.0037105437368154526
30720,approx_kl,0.009738770313560963
30720,clipfrac,0.12744140625
30720,explained_variance,0.8808420151472092
30720,sps,519.0
30729,episodic_return,277.9603423313703
30729,episodic_length,114.0
30832,episodic_return,239.86606328952053
30832,episodic_length,102.0
30941,episodic_return,268.4113233479844
30941,episodic_length,108.0
31056,episodic_return,270.00959034678016
31056,episodic_length,114.0
31159,episodic_return,229.45096782178257
31159,episodic_length,102.0
31263,episodic_return,237.98151620138026
31263,episodic_length,103.0
31380,episodic_return,269.43231259844896
31380,episodic_length,116.0
31508,episodic_return,304.62996449840006
31508,episodic_length,127.0
31618,episodic_return,255.96946214390368
31618,episodic_length,109.0
31732,episodic_return,272.29302072337623
31732,episodic_length,113.0
31849,episodic_return,276.43959450461057
31849,episodic_length,116.0
31980,episodic_return,316.91507818549997
31980,episodic_length,130.0
32072,episodic_return,201.90429023000453
32072,episodic_length,91.0
32197,episodic_return,298.52211699753536
32197,episodic_length,124.0
32309,episodic_return,272.5515338161164
32309,episodic_length,111.0
32433,episodic_return,314.4097838756681
32433,episodic_length,123.0
32555,episodic_return,299.4307235354125
32555,episodic_length,121.0
32659,episodic_return,240.51743446464727
32659,episodic_length,103.0
32768,value_loss,0.06336233764886856
32768,policy_loss,-0.008722826838493347
32768,approx_kl,0.008771530352532864
32768,clipfrac,0.134716796875
32768,explained_variance,0.8935492634773254
32768,sps,519.0
32778,episodic_return,289.90835207808544
32778,episodic_length,118.0
32892,episodic_return,268.31681251780213
32892,episodic_length,113.0
33043,episodic_return,344.90090108899903
33043,episodic_length,150.0
33155,episodic_return,283.39510703321974
33155,episodic_length,111.0
33262,episodic_return,262.5551526761191
33262,episodic_length,106.0
33388,episodic_return,312.6492195567234
33388,episodic_length,125.0
33510,episodic_return,299.82399959038383
33510,episodic_length,121.0
33630,episodic_return,276.143680618056
33630,episodic_length,119.0
33739,episodic_return,258.65472978007597
33739,episodic_length,108.0
33846,episodic_return,234.56551412788335
33846,episodic_length,106.0
33978,episodic_return,334.8939869224532
33978,episodic_length,131.0
34103,episodic_return,304.4105048961763
34103,episodic_length,124.0
34225,episodic_return,311.7593243574823
34225,episodic_length,121.0
34343,episodic_return,294.08514492273275
34343,episodic_length,117.0
34466,episodic_return,294.02820111485715
34466,episodic_length,122.0
34581,episodic_return,277.2300813154734
34581,episodic_length,114.0
34695,episodic_return,274.6358491207368
34695,episodic_length,113.0
34816,value_loss,0.009059431962668896
34816,policy_loss,-0.0015901848673820496
34816,approx_kl,0.0071435971185564995
34816,clipfrac,0.1146484375
34816,explained_variance,0.8959183394908905
34816,sps,519.0
34818,episodic_return,306.34275702814136
34818,episodic_length,122.0
34939,episodic_return,304.8753627447807
34939,episodic_length,120.0
35055,episodic_return,282.6564744819595
35055,episodic_length,115.0
35183,episodic_return,329.3083152346675
35183,episodic_length,127.0
35312,episodic_return,310.73078147060824
35312,episodic_length,128.0
35439,episodic_return,339.525857322551
35439,episodic_length,126.0
35556,episodic_return,286.4743256941196
35556,episodic_length,116.0
35680,episodic_return,312.796313494064
35680,episodic_length,123.0
35803,episodic_return,294.54937135173157
35803,episodic_length,122.0
35930,episodic_return,316.9121792255003
35930,episodic_length,126.0
36035,episodic_return,247.84366862182287
36035,episodic_length,104.0
36164,episodic_return,318.0797670986377
36164,episodic_length,128.0
36268,episodic_return,245.46487537200267
36268,episodic_length,103.0
36392,episodic_return,290.8836168835333
36392,episodic_length,123.0
36508,episodic_return,296.38938148850275
36508,episodic_length,115.0
36638,episodic_return,346.33129713873086
36638,episodic_length,129.0
36771,episodic_return,335.619674870487
36771,episodic_length,132.0
36864,value_loss,0.011436744593083858
36864,policy_loss,0.002354830503463745
36864,approx_kl,0.00782727636396885
36864,clipfrac,0.098779296875
36864,explained_variance,0.8977590277791023
36864,sps,519.0
36890,episodic_return,308.43317086018425
36890,episodic_length,118.0
37019,episodic_return,317.77315866400323
37019,episodic_length,128.0
37136,episodic_return,289.43447129047485
37136,episodic_length,116.0
37251,episodic_return,270.42153282034667
37251,episodic_length,114.0
37377,episodic_return,318.8076362062812
37377,episodic_length,125.0
37498,episodic_return,294.5390838174683
37498,episodic_length,120.0
37612,episodic_return,286.0673846352113
37612,episodic_length,113.0
37745,episodic_return,327.3104593126541
37745,episodic_length,132.0
37859,episodic_return,276.5735892705736
37859,episodic_length,113.0
37989,episodic_return,314.4110723270746
37989,episodic_length,129.0
38125,episodic_return,336.2795497180091
38125,episodic_length,135.0
38258,episodic_return,339.63114070561284
38258,episodic_length,132.0
38388,episodic_return,301.99751903937727
38388,episodic_length,129.0
38518,episodic_return,345.4898786195366
38518,episodic_length,129.0
38641,episodic_return,298.47006571735903
38641,episodic_length,122.0
38768,episodic_return,314.6588574090086
38768,episodic_length,126.0
38900,episodic_return,359.33450698892585
38900,episodic_length,131.0
38912,value_loss,0.016308017075061798
38912,policy_loss,-0.016687434166669846
38912,approx_kl,0.014820296317338943
38912,clipfrac,0.145947265625
38912,explained_variance,0.9041278883814812
38912,sps,519.0
39034,episodic_return,333.94139716278136
39034,episodic_length,133.0
39165,episodic_return,328.53416856364385
39165,episodic_length,130.0
39297,episodic_return,317.31714680422425
39297,episodic_length,131.0
39435,episodic_return,325.7926384876594
39435,episodic_length,137.0
39570,episodic_return,319.91866139037666
39570,episodic_length,134.0
39700,episodic_return,301.5130901454308
39700,episodic_length,129.0
39837,episodic_return,321.43595765745584
39837,episodic_length,136.0
39970,episodic_return,322.15260478348785
39970,episodic_length,132.0
40095,episodic_return,328.27710992242817
40095,episodic_length,124.0
40218,episodic_return,324.19824453491606
40218,episodic_length,122.0
40349,episodic_return,324.85550538418124
40349,episodic_length,130.0
40485,episodic_return,338.2170486008569
40485,episodic_length,135.0
40621,episodic_return,347.8508981063325
40621,episodic_length,135.0
40745,episodic_return,315.0097132268444
40745,episodic_length,123.0
40879,episodic_return,347.79608612528574
40879,episodic_length,133.0
40960,value_loss,0.02247827872633934
40960,policy_loss,-0.02274533361196518
40960,approx_kl,0.009180378168821335
40960,clipfrac,0.125341796875
40960,explained_variance,0.9302199482917786
40960,sps,519.0
41007,episodic_return,314.197842885233
41007,episodic_length,127.0
41142,episodic_return,334.49792010773774
41142,episodic_length,134.0
41278,episodic_return,324.0294989253269
41278,episodic_length,135.0
41404,episodic_return,312.2388727428868
41404,episodic_length,125.0
41546,episodic_return,335.571104531272
41546,episodic_length,141.0
41672,episodic_return,332.9004921692039
41672,episodic_length,125.0
41807,episodic_return,310.3432678421427
41807,episodic_length,134.0
41948,episodic_return,357.9504869861661
41948,episodic_length,140.0
42081,episodic_return,336.0372706159984
42081,episodic_length,132.0
42220,episodic_return,338.8023063555179
42220,episodic_length,138.0
42349,episodic_return,319.8117087623094
42349,episodic_length,128.0
42481,episodic_return,338.85620004753105
42481,episodic_length,131.0
42619,episodic_return,332.1221129846677
42619,episodic_length,137.0
42755,episodic_return,343.8848746965793
42755,episodic_length,135.0
42882,episodic_return,328.80733212384604
42882,episodic_length,126.0
43008,value_loss,0.04314815625548363
43008,policy_loss,-0.011686025187373161
43008,approx_kl,0.0056546954438090324
43008,clipfrac,0.09404296875
43008,explained_variance,0.9256227239966393
43008,sps,522.0
43009,episodic_return,322.8908469263779
43009,episodic_length,126.0
43144,episodic_return,332.7738505238111
43144,episodic_length,134.0
43280,episodic_return,351.28684161162425
43280,episodic_length,135.0
43413,episodic_return,316.1155593979922
43413,episodic_length,132.0
43543,episodic_return,347.57791845966966
43543,episodic_length,129.0
43690,episodic_return,326.88579488013505
43690,episodic_length,146.0
43821,episodic_return,335.75185638151027
43821,episodic_length,130.0
43960,episodic_return,333.2551234945219
43960,episodic_length,138.0
44079,episodic_return,279.4463079421564
44079,episodic_length,118.0
44235,episodic_return,398.6726717474473
44235,episodic_length,155.0
44371,episodic_return,341.87525021946294
44371,episodic_length,135.0
44507,episodic_return,319.1881514640349
44507,episodic_length,135.0
44650,episodic_return,346.43074612947964
44650,episodic_length,142.0
44788,episodic_return,361.1495837330118
44788,episodic_length,137.0
44925,episodic_return,369.2231351710993
44925,episodic_length,136.0
45056,value_loss,0.06344760954380035
45056,policy_loss,-0.04371959716081619
45056,approx_kl,0.009050357155501842
45056,clipfrac,0.104296875
45056,explained_variance,0.9207103997468948
45056,sps,524.0
45061,episodic_return,318.1915406308831
45061,episodic_length,135.0
45218,episodic_return,324.16209464270014
45218,episodic_length,156.0
45359,episodic_return,341.293891270201
45359,episodic_length,140.0
45500,episodic_return,365.3457505406731
45500,episodic_length,140.0
45637,episodic_return,326.7835781875266
45637,episodic_length,136.0
45778,episodic_return,340.3711419783617
45778,episodic_length,140.0
45912,episodic_return,341.37109478411327
45912,episodic_length,133.0
46041,episodic_return,338.1962899461577
46041,episodic_length,128.0
46175,episodic_return,340.9656037209587
46175,episodic_length,133.0
46308,episodic_return,307.2571360407057
46308,episodic_length,132.0
46446,episodic_return,328.0252999172543
46446,episodic_length,137.0
46599,episodic_return,345.2673014396156
46599,episodic_length,152.0
46743,episodic_return,332.3826455769697
46743,episodic_length,143.0
46892,episodic_return,318.7521323971432
46892,episodic_length,148.0
47035,episodic_return,339.5227942595625
47035,episodic_length,142.0
47104,value_loss,0.005562616977840662
47104,policy_loss,-0.020697228610515594
47104,approx_kl,0.008365212008357048
47104,clipfrac,0.056298828125
47104,explained_variance,0.9287050068378448
47104,sps,525.0
47176,episodic_return,360.63748601309914
47176,episodic_length,140.0
47317,episodic_return,328.7396614148835
47317,episodic_length,140.0
47453,episodic_return,338.7994460824413
47453,episodic_length,135.0
47589,episodic_return,328.72138332003897
47589,episodic_length,135.0
47725,episodic_return,355.2769472197829
47725,episodic_length,135.0
47861,episodic_return,360.04331805750746
47861,episodic_length,135.0
47997,episodic_return,327.0545457526472
47997,episodic_length,135.0
48133,episodic_return,338.9300572565552
48133,episodic_length,135.0
48273,episodic_return,299.6891961572749
48273,episodic_length,139.0
48416,episodic_return,354.65476229149874
48416,episodic_length,142.0
48546,episodic_return,300.10751952140055
48546,episodic_length,129.0
48682,episodic_return,313.7004823362374
48682,episodic_length,135.0
48817,episodic_return,333.46377067030414
48817,episodic_length,134.0
48954,episodic_return,343.4542381954991
48954,episodic_length,136.0
49091,episodic_return,315.9301001132646
49091,episodic_length,136.0
49152,value_loss,0.0033865682780742645
49152,policy_loss,0.004704814404249191
49152,approx_kl,0.011671031825244427
49152,clipfrac,0.1001953125
49152,explained_variance,0.9308172091841698
49152,sps,527.0
49237,episodic_return,394.07822205398315
49237,episodic_length,145.0
49376,episodic_return,370.04599868550775
49376,episodic_length,138.0
49522,episodic_return,319.2967071356482
49522,episodic_length,145.0
49667,episodic_return,374.10572421012716
49667,episodic_length,144.0
49817,episodic_return,355.1855195832755
49817,episodic_length,149.0
49964,episodic_return,326.664623777566
49964,episodic_length,146.0
50107,episodic_return,302.2547785018035
50107,episodic_length,142.0
50251,episodic_return,362.8574738815887
50251,episodic_length,143.0
50408,episodic_return,355.67701312326085
50408,episodic_length,156.0
50552,episodic_return,351.9735974180619
50552,episodic_length,143.0
50698,episodic_return,339.67492077369894
50698,episodic_length,145.0
50832,episodic_return,353.6189321847923
50832,episodic_length,133.0
50974,episodic_return,353.6430850584866
50974,episodic_length,141.0
51139,episodic_return,367.07389962426555
51139,episodic_length,164.0
51200,value_loss,0.017133299261331558
51200,policy_loss,-0.03661773353815079
51200,approx_kl,0.01203323993831873
51200,clipfrac,0.1
51200,explained_variance,0.9263596311211586
51200,sps,528.0
51278,episodic_return,363.49650661576544
51278,episodic_length,138.0
51414,episodic_return,329.864815291697
51414,episodic_length,135.0
51569,episodic_return,376.7747839767332
51569,episodic_length,154.0
51706,episodic_return,374.0147949643631
51706,episodic_length,136.0
51845,episodic_return,379.98502809253927
51845,episodic_length,138.0
51982,episodic_return,367.245798618358
51982,episodic_length,136.0
52112,episodic_return,339.26248649151125
52112,episodic_length,129.0
52253,episodic_return,381.21942932641707
52253,episodic_length,140.0
52398,episodic_return,315.86594355365236
52398,episodic_length,144.0
52533,episodic_return,333.81643783241674
52533,episodic_length,134.0
52687,episodic_return,376.67670095261855
52687,episodic_length,153.0
52828,episodic_return,331.63668298243374
52828,episodic_length,140.0
52978,episodic_return,336.57371186760014
52978,episodic_length,149.0
53115,episodic_return,329.7520840991701
53115,episodic_length,136.0
53248,value_loss,0.05654774606227875
53248,policy_loss,-0.024861127138137817
53248,approx_kl,0.010014201514422894
53248,clipfrac,0.105419921875
53248,explained_variance,0.9335196167230606
53248,sps,531.0
53257,episodic_return,333.31682809125437
53257,episodic_length,141.0
53402,episodic_return,323.28311571138664
53402,episodic_length,144.0
53558,episodic_return,343.1727979576152
53558,episodic_length,155.0
53689,episodic_return,347.31596360191554
53689,episodic_length,130.0
53830,episodic_return,367.93671836581814
53830,episodic_length,140.0
53973,episodic_return,336.1750619934794
53973,episodic_length,142.0
54117,episodic_return,322.2881424475774
54117,episodic_length,143.0
54263,episodic_return,393.3675984319135
54263,episodic_length,145.0
54403,episodic_return,368.36139094520655
54403,episodic_length,139.0
54542,episodic_return,330.0756467130107
54542,episodic_length,138.0
54684,episodic_return,396.0760289224518
54684,episodic_length,141.0
54827,episodic_return,341.3522383263001
54827,episodic_length,142.0
54958,episodic_return,349.6980620271901
54958,episodic_length,130.0
55088,episodic_return,336.31454215785277
55088,episodic_length,129.0
55235,episodic_return,361.0403186337144
55235,episodic_length,146.0
55296,value_loss,0.015531937591731548
55296,policy_loss,-0.019715741276741028
55296,approx_kl,0.010540300980210304
55296,clipfrac,0.09130859375
55296,explained_variance,0.9373002648353577
55296,sps,532.0
55389,episodic_return,374.55822645091604
55389,episodic_length,153.0
55534,episodic_return,352.1320536745733
55534,episodic_length,144.0
55667,episodic_return,345.8404989531798
55667,episodic_length,132.0
55809,episodic_return,322.5648198450281
55809,episodic_length,141.0
55948,episodic_return,357.910002209149
55948,episodic_length,138.0
56090,episodic_return,378.86987471109745
56090,episodic_length,141.0
56228,episodic_return,346.07381537922646
56228,episodic_length,137.0
56381,episodic_return,366.7251357892502
56381,episodic_length,152.0
56520,episodic_return,319.18998538057946
56520,episodic_length,138.0
56654,episodic_return,347.0795732917063
56654,episodic_length,133.0
56785,episodic_return,356.62887393966776
56785,episodic_length,130.0
56941,episodic_return,373.45307080912954
56941,episodic_length,155.0
57091,episodic_return,361.6664046466628
57091,episodic_length,149.0
57235,episodic_return,375.314232754754
57235,episodic_length,143.0
57344,value_loss,0.004698491655290127
57344,policy_loss,-0.016648277640342712
57344,approx_kl,0.008889622054994106
57344,clipfrac,0.090283203125
57344,explained_variance,0.9416054487228394
57344,sps,534.0
57378,episodic_return,396.5453014666602
57378,episodic_length,142.0
57522,episodic_return,381.4657638092194
57522,episodic_length,143.0
57669,episodic_return,393.05213633386103
57669,episodic_length,146.0
57823,episodic_return,424.18958888728645
57823,episodic_length,153.0
57962,episodic_return,386.0141528770588
57962,episodic_length,138.0
58104,episodic_return,364.3634833595041
58104,episodic_length,141.0
58248,episodic_return,372.31148555322295
58248,episodic_length,143.0
58395,episodic_return,402.90933703172664
58395,episodic_length,146.0
58533,episodic_return,374.63360832619503
58533,episodic_length,137.0
58671,episodic_return,359.1331032527354
58671,episodic_length,137.0
58817,episodic_return,385.61172025012917
58817,episodic_length,145.0
58957,episodic_return,387.0538652628061
58957,episodic_length,139.0
59100,episodic_return,391.447017634303
59100,episodic_length,142.0
59230,episodic_return,336.8441098315964
59230,episodic_length,129.0
59372,episodic_return,391.93190833122384
59372,episodic_length,141.0
59392,value_loss,0.028455376625061035
59392,policy_loss,-0.011948734521865845
59392,approx_kl,0.009407199919223785
59392,clipfrac,0.098583984375
59392,explained_variance,0.9394701570272446
59392,sps,536.0
59475,episodic_return,245.31623748871615
59475,episodic_length,102.0
59618,episodic_return,390.53895432611625
59618,episodic_length,142.0
59724,episodic_return,258.2867762953699
59724,episodic_length,105.0
59866,episodic_return,398.00267985182757
59866,episodic_length,141.0
59974,episodic_return,262.7851965423951
59974,episodic_length,107.0
60119,episodic_return,398.16777054836456
60119,episodic_length,144.0
60256,episodic_return,349.779084818021
60256,episodic_length,136.0
60412,episodic_return,343.21246769598633
60412,episodic_length,155.0
60556,episodic_return,393.3078762976586
60556,episodic_length,143.0
60694,episodic_return,376.280165504967
60694,episodic_length,137.0
60843,episodic_return,316.36583058632084
60843,episodic_length,148.0
60994,episodic_return,427.257194991397
60994,episodic_length,150.0
61139,episodic_return,394.0171918703265
61139,episodic_length,144.0
61279,episodic_return,383.40768751891346
61279,episodic_length,139.0
61431,episodic_return,428.7236989290862
61431,episodic_length,151.0
61440,value_loss,0.05531349405646324
61440,policy_loss,-0.019171589985489845
61440,approx_kl,0.012714112177491188
61440,clipfrac,0.105029296875
61440,explained_variance,0.8913178816437721
61440,sps,535.0
61572,episodic_return,400.7687124048699
61572,episodic_length,140.0
61709,episodic_return,372.9815499945581
61709,episodic_length,136.0
61850,episodic_return,369.69947404280657
61850,episodic_length,140.0
61991,episodic_return,377.8926472520479
61991,episodic_length,140.0
62131,episodic_return,386.9425499606861
62131,episodic_length,139.0
62273,episodic_return,383.6340500154312
62273,episodic_length,141.0
62410,episodic_return,380.3301651411125
62410,episodic_length,136.0
62551,episodic_return,376.00043899711295
62551,episodic_length,140.0
62696,episodic_return,404.8550509999861
62696,episodic_length,144.0
62833,episodic_return,374.35711165680453
62833,episodic_length,136.0
62992,episodic_return,405.15089544732507
62992,episodic_length,158.0
63135,episodic_return,390.77360255169964
63135,episodic_length,142.0
63273,episodic_return,378.7366186258533
63273,episodic_length,137.0
63414,episodic_return,386.9302438329723
63414,episodic_length,140.0
63488,value_loss,0.008576693013310432
63488,policy_loss,-0.00997479259967804
63488,approx_kl,0.013867786154150963
63488,clipfrac,0.130029296875
63488,explained_variance,0.9411451369524002
63488,sps,535.0
63552,episodic_return,387.92435393265674
63552,episodic_length,137.0
63696,episodic_return,399.3567810817339
63696,episodic_length,143.0
63837,episodic_return,392.5972578405473
63837,episodic_length,140.0
63982,episodic_return,398.77851105166445
63982,episodic_length,144.0
64137,episodic_return,420.9737755826858
64137,episodic_length,154.0
64279,episodic_return,385.86317111810257
64279,episodic_length,141.0
64420,episodic_return,399.93864626333067
64420,episodic_length,140.0
64558,episodic_return,381.27296357531293
64558,episodic_length,137.0
64704,episodic_return,392.8598834491426
64704,episodic_length,145.0
64849,episodic_return,407.22700631587236
64849,episodic_length,144.0
64993,episodic_return,406.57814708280375
64993,episodic_length,143.0
65142,episodic_return,399.4044506279085
65142,episodic_length,148.0
65279,episodic_return,381.9034983490232
65279,episodic_length,136.0
65429,episodic_return,430.04835901885633
65429,episodic_length,149.0
65536,value_loss,0.0059129344299435616
65536,policy_loss,-0.004766535013914108
65536,approx_kl,0.009306345134973526
65536,clipfrac,0.113330078125
65536,explained_variance,0.9497542604804039
65536,sps,534.0
65578,episodic_return,421.66132725253283
65578,episodic_length,148.0
65721,episodic_return,402.09531883302583
65721,episodic_length,142.0
65861,episodic_return,393.53538726115147
65861,episodic_length,139.0
66007,episodic_return,407.1758736002267
66007,episodic_length,145.0
66155,episodic_return,405.96434330752726
66155,episodic_length,147.0
66300,episodic_return,385.34466015293685
66300,episodic_length,144.0
66443,episodic_return,396.6691721606853
66443,episodic_length,142.0
66593,episodic_return,403.55767642097675
66593,episodic_length,149.0
66734,episodic_return,400.8922108010751
66734,episodic_length,140.0
66876,episodic_return,389.1567378554838
66876,episodic_length,141.0
67014,episodic_return,380.57445858535556
67014,episodic_length,137.0
67160,episodic_return,415.4265164454831
67160,episodic_length,145.0
67305,episodic_return,399.09649927112594
67305,episodic_length,144.0
67453,episodic_return,418.2497449340482
67453,episodic_length,147.0
67584,value_loss,0.007283687125891447
67584,policy_loss,0.01586344838142395
67584,approx_kl,0.008043130859732628
67584,clipfrac,0.079345703125
67584,explained_variance,0.9482190683484077
67584,sps,533.0
67606,episodic_return,434.5337691548417
67606,episodic_length,152.0
67750,episodic_return,406.9023042983331
67750,episodic_length,143.0
67899,episodic_return,409.86868717204345
67899,episodic_length,148.0
68051,episodic_return,422.23568370737377
68051,episodic_length,151.0
68189,episodic_return,386.86918108625275
68189,episodic_length,137.0
68335,episodic_return,402.3302956210045
68335,episodic_length,145.0
68480,episodic_return,403.1358301346267
68480,episodic_length,144.0
68628,episodic_return,406.48587275976945
68628,episodic_length,147.0
68777,episodic_return,418.1578917121031
68777,episodic_length,148.0
68924,episodic_return,415.0013877175372
68924,episodic_length,146.0
69066,episodic_return,395.16055358060083
69066,episodic_length,141.0
69207,episodic_return,389.0437436721369
69207,episodic_length,140.0
69352,episodic_return,390.6281173754096
69352,episodic_length,144.0
69495,episodic_return,391.27218407580904
69495,episodic_length,142.0
69632,value_loss,0.007954046130180359
69632,policy_loss,-0.008239898830652237
69632,approx_kl,0.0052973804995417595
69632,clipfrac,0.097607421875
69632,explained_variance,0.9510037302970886
69632,sps,533.0
69633,episodic_return,368.3679287323475
69633,episodic_length,137.0
69775,episodic_return,393.9532980393482
69775,episodic_length,141.0
69919,episodic_return,410.14683247561646
69919,episodic_length,143.0
70068,episodic_return,425.6979308856008
70068,episodic_length,148.0
70219,episodic_return,434.4417329129048
70219,episodic_length,150.0
70360,episodic_return,396.40531849274936
70360,episodic_length,140.0
70502,episodic_return,401.4441274953116
70502,episodic_length,141.0
70654,episodic_return,425.577369978736
70654,episodic_length,151.0
70804,episodic_return,402.6233360917232
70804,episodic_length,149.0
70942,episodic_return,386.2001181285805
70942,episodic_length,137.0
71081,episodic_return,388.61667739520504
71081,episodic_length,138.0
71223,episodic_return,406.0033824720561
71223,episodic_length,141.0
71372,episodic_return,425.1955490225992
71372,episodic_length,148.0
71511,episodic_return,390.94955895984083
71511,episodic_length,138.0
71679,episodic_return,459.0641878190435
71679,episodic_length,167.0
71680,value_loss,0.04120922088623047
71680,policy_loss,-0.02104298770427704
71680,approx_kl,0.010550607927143574
71680,clipfrac,0.104638671875
71680,explained_variance,0.9472974576056004
71680,sps,535.0
71828,episodic_return,419.728816052066
71828,episodic_length,148.0
71967,episodic_return,392.3878938582417
71967,episodic_length,138.0
72115,episodic_return,419.56148783044176
72115,episodic_length,147.0
72265,episodic_return,408.34692621881743
72265,episodic_length,149.0
72424,episodic_return,441.9472401166974
72424,episodic_length,158.0
72565,episodic_return,394.608502977865
72565,episodic_length,140.0
72717,episodic_return,420.49037689999864
72717,episodic_length,151.0
72872,episodic_return,426.5162461458812
72872,episodic_length,154.0
73003,episodic_return,357.83310425747663
73003,episodic_length,130.0
73149,episodic_return,412.92349916574136
73149,episodic_length,145.0
73296,episodic_return,421.8192731182644
73296,episodic_length,146.0
73445,episodic_return,426.1431852999967
73445,episodic_length,148.0
73591,episodic_return,422.6439369443366
73591,episodic_length,145.0
73728,value_loss,0.0011096952948719263
73728,policy_loss,-0.02077871933579445
73728,approx_kl,0.008279494941234589
73728,clipfrac,0.103955078125
73728,explained_variance,0.9515929482877254
73728,sps,537.0
73740,episodic_return,421.89449031056904
73740,episodic_length,148.0
73891,episodic_return,425.14579750079685
73891,episodic_length,150.0
74035,episodic_return,407.9929154479841
74035,episodic_length,143.0
74175,episodic_return,391.9835698131695
74175,episodic_length,139.0
74326,episodic_return,427.21178790240816
74326,episodic_length,150.0
74473,episodic_return,419.89936947694093
74473,episodic_length,146.0
74622,episodic_return,430.3403712907078
74622,episodic_length,148.0
74768,episodic_return,419.655021357948
74768,episodic_length,145.0
74915,episodic_return,416.33080350519907
74915,episodic_length,146.0
75063,episodic_return,423.193780776269
75063,episodic_length,147.0
75210,episodic_return,421.38621402674056
75210,episodic_length,146.0
75361,episodic_return,435.04283982524936
75361,episodic_length,150.0
75505,episodic_return,405.4752832553653
75505,episodic_length,143.0
75648,episodic_return,410.2824489147313
75648,episodic_length,142.0
75776,value_loss,0.004514116793870926
75776,policy_loss,-0.005497194826602936
75776,approx_kl,0.003716801293194294
75776,clipfrac,0.070361328125
75776,explained_variance,0.9566342458128929
75776,sps,539.0
75798,episodic_return,413.71538067741596
75798,episodic_length,149.0
75936,episodic_return,384.603904503512
75936,episodic_length,137.0
76086,episodic_return,426.6275393928266
76086,episodic_length,149.0
76234,episodic_return,426.28459328111546
76234,episodic_length,147.0
76382,episodic_return,419.3196279751075
76382,episodic_length,147.0
76529,episodic_return,423.4044355727069
76529,episodic_length,146.0
76672,episodic_return,407.9629711969989
76672,episodic_length,142.0
76820,episodic_return,423.1157405331141
76820,episodic_length,147.0
76971,episodic_return,432.6280654161921
76971,episodic_length,150.0
77114,episodic_return,408.4947254286476
77114,episodic_length,142.0
77264,episodic_return,430.1180867776129
77264,episodic_length,149.0
77409,episodic_return,410.6739222258814
77409,episodic_length,144.0
77559,episodic_return,431.79657544299397
77559,episodic_length,149.0
77706,episodic_return,419.5198734975604
77706,episodic_length,146.0
77824,value_loss,0.0316154919564724
77824,policy_loss,-0.0029293224215507507
77824,approx_kl,0.0062404293566942215
77824,clipfrac,0.081640625
77824,explained_variance,0.9558036401867867
77824,sps,540.0
77847,episodic_return,396.3363333682965
77847,episodic_length,140.0
77988,episodic_return,404.33645274859606
77988,episodic_length,140.0
78138,episodic_return,433.5762269980841
78138,episodic_length,149.0
78283,episodic_return,410.44537876941155
78283,episodic_length,144.0
78437,episodic_return,436.3255967826423
78437,episodic_length,153.0
78584,episodic_return,423.48084870647875
78584,episodic_length,146.0
78732,episodic_return,421.81647070669607
78732,episodic_length,147.0
78880,episodic_return,428.48809344589364
78880,episodic_length,147.0
79025,episodic_return,412.12137743415616
79025,episodic_length,144.0
79176,episodic_return,421.49539060533056
79176,episodic_length,150.0
79323,episodic_return,415.3588942613994
79323,episodic_length,146.0
79469,episodic_return,413.6108515190167
79469,episodic_length,145.0
79615,episodic_return,411.2748995030008
79615,episodic_length,145.0
79755,episodic_return,392.0702454332381
79755,episodic_length,139.0
79872,value_loss,0.0009798172395676374
79872,policy_loss,-0.005987539887428284
79872,approx_kl,0.00552790705114603
79872,clipfrac,0.10771484375
79872,explained_variance,0.9567045383155346
79872,sps,542.0
79903,episodic_return,421.76665732735415
79903,episodic_length,147.0
80053,episodic_return,431.6746352884733
80053,episodic_length,149.0
80203,episodic_return,434.544899314247
80203,episodic_length,149.0
80362,episodic_return,443.2269042797361
80362,episodic_length,158.0
80507,episodic_return,406.78883880998535
80507,episodic_length,144.0
80654,episodic_return,420.73544833721303
80654,episodic_length,146.0
80802,episodic_return,426.05651795299315
80802,episodic_length,147.0
80950,episodic_return,411.0443885496835
80950,episodic_length,147.0
81103,episodic_return,432.3173920819324
81103,episodic_length,152.0
81254,episodic_return,429.1843225099311
81254,episodic_length,150.0
81405,episodic_return,428.7328886741718
81405,episodic_length,150.0
81555,episodic_return,428.05192670815865
81555,episodic_length,149.0
81707,episodic_return,414.9316000861713
81707,episodic_length,151.0
81854,episodic_return,415.86258584183213
81854,episodic_length,146.0
81920,value_loss,0.00951565895229578
81920,policy_loss,-0.012141294777393341
81920,approx_kl,0.01029996294528246
81920,clipfrac,0.093115234375
81920,explained_variance,0.9570974931120872
81920,sps,541.0
82000,episodic_return,409.98969585577225
82000,episodic_length,145.0
82150,episodic_return,431.7304760998172
82150,episodic_length,149.0
82297,episodic_return,414.69740744965287
82297,episodic_length,146.0
82450,episodic_return,429.7047058885961
82450,episodic_length,152.0
82597,episodic_return,415.01914329188037
82597,episodic_length,146.0
82747,episodic_return,432.0658972810267
82747,episodic_length,149.0
82899,episodic_return,428.16046774685526
82899,episodic_length,151.0
83046,episodic_return,417.1751260692035
83046,episodic_length,146.0
83198,episodic_return,436.208774961098
83198,episodic_length,151.0
83347,episodic_return,415.10629321793357
83347,episodic_length,148.0
83495,episodic_return,423.1857664609509
83495,episodic_length,147.0
83640,episodic_return,408.79184458083887
83640,episodic_length,144.0
83786,episodic_return,419.4859746921114
83786,episodic_length,145.0
83936,episodic_return,426.71494349210445
83936,episodic_length,149.0
83968,value_loss,0.02850043959915638
83968,policy_loss,-0.02320973575115204
83968,approx_kl,0.007496729493141174
83968,clipfrac,0.095556640625
83968,explained_variance,0.9573808051645756
83968,sps,541.0
84084,episodic_return,428.56403830781574
84084,episodic_length,147.0
84229,episodic_return,421.45634751351287
84229,episodic_length,144.0
84377,episodic_return,424.07343324133393
84377,episodic_length,147.0
84525,episodic_return,426.30164683777605
84525,episodic_length,147.0
84672,episodic_return,418.3241177291391
84672,episodic_length,146.0
84822,episodic_return,429.07867513868416
84822,episodic_length,149.0
84973,episodic_return,431.58025161670776
84973,episodic_length,150.0
85120,episodic_return,418.73492981685854
85120,episodic_length,146.0
85272,episodic_return,437.29353016300087
85272,episodic_length,151.0
85418,episodic_return,417.9901358826181
85418,episodic_length,145.0
85571,episodic_return,438.89064548409266
85571,episodic_length,152.0
85717,episodic_return,419.91406014654905
85717,episodic_length,145.0
85867,episodic_return,425.56159031855987
85867,episodic_length,149.0
86016,value_loss,0.0059156836941838264
86016,policy_loss,-0.004078596830368042
86016,approx_kl,0.010361221618950367
86016,clipfrac,0.11201171875
86016,explained_variance,0.9578874781727791
86016,sps,540.0
86018,episodic_return,432.07591320109253
86018,episodic_length,150.0
86169,episodic_return,435.0500879720041
86169,episodic_length,150.0
86320,episodic_return,438.1110874373875
86320,episodic_length,150.0
86471,episodic_return,431.14373033668284
86471,episodic_length,150.0
86621,episodic_return,429.4480687337038
86621,episodic_length,149.0
86771,episodic_return,434.09856176004564
86771,episodic_length,149.0
86923,episodic_return,430.741754415525
86923,episodic_length,151.0
87071,episodic_return,420.95140189213237
87071,episodic_length,147.0
87221,episodic_return,430.9554536710621
87221,episodic_length,149.0
87372,episodic_return,431.0708183806159
87372,episodic_length,150.0
87526,episodic_return,436.729574019696
87526,episodic_length,153.0
87676,episodic_return,430.958359510854
87676,episodic_length,149.0
87832,episodic_return,439.6967489971552
87832,episodic_length,155.0
87982,episodic_return,428.63594471816896
87982,episodic_length,149.0
88064,value_loss,0.005103659816086292
88064,policy_loss,-0.005654346197843552
88064,approx_kl,0.008413541130721569
88064,clipfrac,0.081103515625
88064,explained_variance,0.9577699527144432
88064,sps,542.0
88132,episodic_return,428.99680929998567
88132,episodic_length,149.0
88280,episodic_return,411.08312067095227
88280,episodic_length,147.0
88436,episodic_return,444.1315921656666
88436,episodic_length,155.0
88585,episodic_return,426.20599823470843
88585,episodic_length,148.0
88732,episodic_return,424.0721067082423
88732,episodic_length,146.0
88881,episodic_return,425.95412433859474
88881,episodic_length,148.0
89028,episodic_return,415.89094978251603
89028,episodic_length,146.0
89178,episodic_return,425.6459736402225
89178,episodic_length,149.0
89324,episodic_return,426.0815556726472
89324,episodic_length,145.0
89473,episodic_return,430.1349340155519
89473,episodic_length,148.0
89622,episodic_return,431.37395147183116
89622,episodic_length,148.0
89769,episodic_return,422.25933552201974
89769,episodic_length,146.0
89920,episodic_return,436.1670115756799
89920,episodic_length,150.0
90076,episodic_return,442.3773952534314
90076,episodic_length,155.0
90112,value_loss,0.001100160414353013
90112,policy_loss,-0.007242545485496521
90112,approx_kl,0.008456315845251083
90112,clipfrac,0.1119140625
90112,explained_variance,0.9623335264623165
90112,sps,541.0
90223,episodic_return,420.2193545678779
90223,episodic_length,146.0
90381,episodic_return,447.2859935974427
90381,episodic_length,157.0
90532,episodic_return,434.3858534903993
90532,episodic_length,150.0
90685,episodic_return,431.34473042747373
90685,episodic_length,152.0
90835,episodic_return,437.4065292155056
90835,episodic_length,149.0
90986,episodic_return,431.9758849843196
90986,episodic_length,150.0
91184,episodic_return,617.6479911882404
91184,episodic_length,197.0
91337,episodic_return,439.4093355865859
91337,episodic_length,152.0
91489,episodic_return,432.7516704084128
91489,episodic_length,151.0
91650,episodic_return,449.9913991295505
91650,episodic_length,160.0
91796,episodic_return,410.4959325938377
91796,episodic_length,145.0
91947,episodic_return,430.1163280555318
91947,episodic_length,150.0
92099,episodic_return,425.4420581078546
92099,episodic_length,151.0
92160,value_loss,0.0032655042596161366
92160,policy_loss,0.003829546272754669
92160,approx_kl,0.011030729860067368
92160,clipfrac,0.11318359375
92160,explained_variance,0.9503972381353378
92160,sps,542.0
92247,episodic_return,423.70762663876457
92247,episodic_length,147.0
92398,episodic_return,434.1688440168247
92398,episodic_length,150.0
92550,episodic_return,435.5178026716833
92550,episodic_length,151.0
92703,episodic_return,432.1949382482077
92703,episodic_length,152.0
92853,episodic_return,417.7039708698378
92853,episodic_length,149.0
93002,episodic_return,427.8289431199871
93002,episodic_length,148.0
93152,episodic_return,432.28838371325855
93152,episodic_length,149.0
93344,episodic_return,594.3494578145466
93344,episodic_length,191.0
93490,episodic_return,421.4798185382672
93490,episodic_length,145.0
93641,episodic_return,435.0803307179688
93641,episodic_length,150.0
93787,episodic_return,414.61138544119547
93787,episodic_length,145.0
93940,episodic_return,436.12786401381186
93940,episodic_length,152.0
94093,episodic_return,434.7856535909923
94093,episodic_length,152.0
94208,value_loss,0.002098585944622755
94208,policy_loss,-0.02184193581342697
94208,approx_kl,0.006706554442644119
94208,clipfrac,0.1171875
94208,explained_variance,0.954008799046278
94208,sps,542.0
94249,episodic_return,454.28653529883917
94249,episodic_length,155.0
94401,episodic_return,429.9849861271183
94401,episodic_length,151.0
94567,episodic_return,466.69259835448497
94567,episodic_length,165.0
94719,episodic_return,439.56837675908736
94719,episodic_length,151.0
94872,episodic_return,439.84755086280694
94872,episodic_length,152.0
95025,episodic_return,433.2819005229387
95025,episodic_length,152.0
95174,episodic_return,429.77470420782686
95174,episodic_length,148.0
95325,episodic_return,433.4935514947171
95325,episodic_length,150.0
95473,episodic_return,426.40074305511496
95473,episodic_length,147.0
95626,episodic_return,438.87155473326067
95626,episodic_length,152.0
95776,episodic_return,430.8443495224056
95776,episodic_length,149.0
95927,episodic_return,427.27815514466164
95927,episodic_length,150.0
96074,episodic_return,423.6008534685981
96074,episodic_length,146.0
96225,episodic_return,434.2258407553832
96225,episodic_length,150.0
96256,value_loss,0.023595770820975304
96256,policy_loss,0.0002285987138748169
96256,approx_kl,0.009863566607236862
96256,clipfrac,0.15048828125
96256,explained_variance,0.9639260061085224
96256,sps,543.0
96372,episodic_return,425.73964622614926
96372,episodic_length,146.0
96567,episodic_return,600.5325138818844
96567,episodic_length,194.0
96722,episodic_return,445.6196534888053
96722,episodic_length,154.0
96874,episodic_return,435.7545743121314
96874,episodic_length,151.0
97036,episodic_return,471.52849923039935
97036,episodic_length,161.0
97193,episodic_return,433.918117443309
97193,episodic_length,156.0
97344,episodic_return,430.24687840645936
97344,episodic_length,150.0
97497,episodic_return,435.2236247966009
97497,episodic_length,152.0
97646,episodic_return,433.34202035206204
97646,episodic_length,148.0
97794,episodic_return,427.05723235213503
97794,episodic_length,147.0
97942,episodic_return,434.6182887678886
97942,episodic_length,147.0
98090,episodic_return,429.4138957156134
98090,episodic_length,147.0
98242,episodic_return,435.7866516976384
98242,episodic_length,151.0
98304,value_loss,0.005147252231836319
98304,policy_loss,-0.017026882618665695
98304,approx_kl,0.012938183732330799
98304,clipfrac,0.121337890625
98304,explained_variance,0.9590332694351673
98304,sps,542.0
98435,episodic_return,597.7572237850608
98435,episodic_length,192.0
98590,episodic_return,433.9275949880481
98590,episodic_length,154.0
98778,episodic_return,580.9966880057157
98778,episodic_length,187.0
98932,episodic_return,425.55193373403426
98932,episodic_length,153.0
99084,episodic_return,431.53342760913256
99084,episodic_length,151.0
99237,episodic_return,440.19580445942955
99237,episodic_length,152.0
99390,episodic_return,440.9367847123606
99390,episodic_length,152.0
99540,episodic_return,425.98087314049707
99540,episodic_length,149.0
99694,episodic_return,445.317901167491
99694,episodic_length,153.0
99845,episodic_return,432.85815658417795
99845,episodic_length,150.0
99999,episodic_return,442.5264085376229
99999,episodic_length,153.0
100150,episodic_return,438.5783948858355
100150,episodic_length,150.0
100298,episodic_return,418.76265335740015
100298,episodic_length,147.0
100352,value_loss,0.04342412203550339
100352,policy_loss,-0.012867875397205353
100352,approx_kl,0.007063853554427624
100352,clipfrac,0.0869140625
100352,explained_variance,0.9530786015093327
100352,sps,543.0
100455,episodic_return,451.72728032782476
100455,episodic_length,156.0
100607,episodic_return,441.09193552179397
100607,episodic_length,151.0
100759,episodic_return,435.4709869518615
100759,episodic_length,151.0
100911,episodic_return,441.2814426596146
100911,episodic_length,151.0
101065,episodic_return,440.16590598536465
101065,episodic_length,153.0
101217,episodic_return,438.0365882278592
101217,episodic_length,151.0
101370,episodic_return,429.74662137752847
101370,episodic_length,152.0
101521,episodic_return,429.17850530136343
101521,episodic_length,150.0
101673,episodic_return,435.7449194870482
101673,episodic_length,151.0
101847,episodic_return,505.38318766894025
101847,episodic_length,173.0
101997,episodic_return,435.3140389527913
101997,episodic_length,149.0
102161,episodic_return,464.68210920547824
102161,episodic_length,163.0
102317,episodic_return,455.1402205881532
102317,episodic_length,155.0
102400,value_loss,0.016880309209227562
102400,policy_loss,-0.017023831605911255
102400,approx_kl,0.012364121153950691
102400,clipfrac,0.105908203125
102400,explained_variance,0.9495790712535381
102400,sps,544.0
102467,episodic_return,436.81431386894224
102467,episodic_length,149.0
102644,episodic_return,543.5150853987603
102644,episodic_length,176.0
102797,episodic_return,438.748798808812
102797,episodic_length,152.0
102949,episodic_return,434.6887029726937
102949,episodic_length,151.0
103114,episodic_return,492.4899925284874
103114,episodic_length,164.0
103265,episodic_return,426.44118092519915
103265,episodic_length,150.0
103417,episodic_return,432.9217004700728
103417,episodic_length,151.0
103607,episodic_return,584.329447052663
103607,episodic_length,189.0
103767,episodic_return,462.7898920472449
103767,episodic_length,159.0
103947,episodic_return,552.1586644835916
103947,episodic_length,179.0
104102,episodic_return,442.10647620645705
104102,episodic_length,154.0
104263,episodic_return,482.9943896354082
104263,episodic_length,160.0
104427,episodic_return,483.06631772855815
104427,episodic_length,163.0
104448,value_loss,0.015023703686892986
104448,policy_loss,-0.0010508149862289429
104448,approx_kl,0.010298822075128555
104448,clipfrac,0.143212890625
104448,explained_variance,0.9548798315227032
104448,sps,543.0
104601,episodic_return,532.0925314422387
104601,episodic_length,173.0
104750,episodic_return,421.4656269703666
104750,episodic_length,148.0
104903,episodic_return,441.67989719986093
104903,episodic_length,152.0
105110,episodic_return,645.8361682178524
105110,episodic_length,206.0
105270,episodic_return,461.0154481629975
105270,episodic_length,159.0
105439,episodic_return,505.40518686985035
105439,episodic_length,168.0
105609,episodic_return,491.57355726096995
105609,episodic_length,169.0
105799,episodic_return,592.2804250815569
105799,episodic_length,189.0
105974,episodic_return,537.6638814690403
105974,episodic_length,174.0
106167,episodic_return,601.3329117997661
106167,episodic_length,192.0
106358,episodic_return,590.8624476288805
106358,episodic_length,190.0
106496,value_loss,0.028444258496165276
106496,policy_loss,-0.046753693372011185
106496,approx_kl,0.008352396078407764
106496,clipfrac,0.12177734375
106496,explained_variance,0.9483429156243801
106496,sps,543.0
106562,episodic_return,627.7945312349142
106562,episodic_length,203.0
106760,episodic_return,598.1258027624257
106760,episodic_length,197.0
106914,episodic_return,442.18619995483243
106914,episodic_length,153.0
107109,episodic_return,597.3519977908003
107109,episodic_length,194.0
107316,episodic_return,642.6750057781485
107316,episodic_length,206.0
107469,episodic_return,443.04259585659395
107469,episodic_length,152.0
107638,episodic_return,504.9819623228614
107638,episodic_length,168.0
107840,episodic_return,632.2457459792076
107840,episodic_length,201.0
107995,episodic_return,446.302243530496
107995,episodic_length,154.0
108190,episodic_return,605.3255660112625
108190,episodic_length,194.0
108391,episodic_return,629.3766821780346
108391,episodic_length,200.0
108544,value_loss,0.0027707917615771294
108544,policy_loss,-0.020962920039892197
108544,approx_kl,0.012017691507935524
108544,clipfrac,0.134619140625
108544,explained_variance,0.9587911665439606
108544,sps,543.0
108596,episodic_return,612.0591721492133
108596,episodic_length,204.0
108768,episodic_return,505.787011871152
108768,episodic_length,171.0
108927,episodic_return,465.0813345518155
108927,episodic_length,158.0
109123,episodic_return,616.2003133074787
109123,episodic_length,195.0
109300,episodic_return,525.3020486708301
109300,episodic_length,176.0
109503,episodic_return,630.887920367978
109503,episodic_length,202.0
109700,episodic_return,604.8476258303501
109700,episodic_length,196.0
109900,episodic_return,631.7772006682443
109900,episodic_length,199.0
110082,episodic_return,557.0389965808979
110082,episodic_length,181.0
110279,episodic_return,600.815478683271
110279,episodic_length,196.0
110460,episodic_return,557.8430790441275
110460,episodic_length,180.0
110592,value_loss,0.024554159492254257
110592,policy_loss,-0.025724492967128754
110592,approx_kl,0.011779329739511013
110592,clipfrac,0.109814453125
110592,explained_variance,0.9597913511097431
110592,sps,543.0
110651,episodic_return,594.2344525054225
110651,episodic_length,190.0
110859,episodic_return,642.9305679023887
110859,episodic_length,207.0
111051,episodic_return,596.0829373652444
111051,episodic_length,191.0
111223,episodic_return,530.5835034675199
111223,episodic_length,171.0
111430,episodic_return,646.1650345700422
111430,episodic_length,206.0
111644,episodic_return,679.5566554721692
111644,episodic_length,213.0
111841,episodic_return,606.1318371727107
111841,episodic_length,196.0
112037,episodic_return,609.7871122259514
112037,episodic_length,195.0
112226,episodic_return,578.2166341812242
112226,episodic_length,188.0
112431,episodic_return,638.826427534298
112431,episodic_length,204.0
112632,episodic_return,641.5375760399196
112632,episodic_length,200.0
112640,value_loss,0.012106992304325104
112640,policy_loss,-0.0418010912835598
112640,approx_kl,0.006548433564603329
112640,clipfrac,0.128076171875
112640,explained_variance,0.9633755683898926
112640,sps,542.0
112836,episodic_return,634.6049331363652
112836,episodic_length,203.0
113022,episodic_return,572.650484317056
113022,episodic_length,185.0
113214,episodic_return,599.495346938731
113214,episodic_length,191.0
113419,episodic_return,651.9378845216538
113419,episodic_length,204.0
113617,episodic_return,611.7893366551959
113617,episodic_length,197.0
113828,episodic_return,673.4885934375731
113828,episodic_length,210.0
114023,episodic_return,612.0410649063098
114023,episodic_length,194.0
114222,episodic_return,625.3353751488446
114222,episodic_length,198.0
114435,episodic_return,673.9104243169096
114435,episodic_length,212.0
114631,episodic_return,613.6498957777485
114631,episodic_length,195.0
114688,value_loss,0.009081292897462845
114688,policy_loss,-0.008379548788070679
114688,approx_kl,0.008154929615557194
114688,clipfrac,0.124609375
114688,explained_variance,0.9648143649101257
114688,sps,542.0
114837,episodic_return,661.2291718568343
114837,episodic_length,205.0
114993,episodic_return,432.5287446957493
114993,episodic_length,155.0
115195,episodic_return,625.5729308690115
115195,episodic_length,201.0
115402,episodic_return,648.0090681406849
115402,episodic_length,206.0
115615,episodic_return,674.6893246169933
115615,episodic_length,212.0
115810,episodic_return,602.1817966942859
115810,episodic_length,194.0
116018,episodic_return,658.9639797697964
116018,episodic_length,207.0
116215,episodic_return,608.921478466604
116215,episodic_length,196.0
116424,episodic_return,659.7264897896008
116424,episodic_length,208.0
116618,episodic_return,607.1891009024733
116618,episodic_length,193.0
116736,value_loss,0.0243352260440588
116736,policy_loss,-0.016972951591014862
116736,approx_kl,0.011331351473927498
116736,clipfrac,0.1173828125
116736,explained_variance,0.9593829326331615
116736,sps,542.0
116818,episodic_return,634.49485385401
116818,episodic_length,199.0
117059,episodic_return,750.1057207713179
117059,episodic_length,240.0
117265,episodic_return,642.5811422060141
117265,episodic_length,205.0
117454,episodic_return,582.4033453332726
117454,episodic_length,188.0
117673,episodic_return,676.486763006115
117673,episodic_length,218.0
117881,episodic_return,638.0832702094234
117881,episodic_length,207.0
118083,episodic_return,641.5589783035131
118083,episodic_length,201.0
118298,episodic_return,676.2554192439069
118298,episodic_length,214.0
118501,episodic_return,619.1428589743088
118501,episodic_length,202.0
118706,episodic_return,628.7758849327381
118706,episodic_length,204.0
118784,value_loss,0.005981749854981899
118784,policy_loss,-0.014798387885093689
118784,approx_kl,0.013026944361627102
118784,clipfrac,0.139453125
118784,explained_variance,0.9653843380510807
118784,sps,542.0
118911,episodic_return,644.8808695083901
118911,episodic_length,204.0
119125,episodic_return,654.2516452417676
119125,episodic_length,213.0
119323,episodic_return,622.6805442466238
119323,episodic_length,197.0
119532,episodic_return,650.879304702554
119532,episodic_length,208.0
119735,episodic_return,641.9877325683212
119735,episodic_length,202.0
119953,episodic_return,687.4264902850782
119953,episodic_length,217.0
120156,episodic_return,638.7527543255757
120156,episodic_length,202.0
120368,episodic_return,680.5589647466377
120368,episodic_length,211.0
120579,episodic_return,660.8610196442465
120579,episodic_length,210.0
120801,episodic_return,703.2484028826048
120801,episodic_length,221.0
120832,value_loss,0.020093627274036407
120832,policy_loss,-0.011670663952827454
120832,approx_kl,0.006559180095791817
120832,clipfrac,0.112451171875
120832,explained_variance,0.96978566236794
120832,sps,543.0
121021,episodic_return,674.054309037025
121021,episodic_length,219.0
121234,episodic_return,649.6055944498187
121234,episodic_length,212.0
121439,episodic_return,654.5018812569434
121439,episodic_length,204.0
121647,episodic_return,631.2105465590595
121647,episodic_length,207.0
121863,episodic_return,667.0411926249308
121863,episodic_length,215.0
122077,episodic_return,673.172469352844
122077,episodic_length,213.0
122281,episodic_return,634.7890498924826
122281,episodic_length,203.0
122493,episodic_return,666.6399224730276
122493,episodic_length,211.0
122700,episodic_return,615.4466465364774
122700,episodic_length,206.0
122880,value_loss,0.0013626007130369544
122880,policy_loss,-0.020437726750969887
122880,approx_kl,0.013666490092873573
122880,clipfrac,0.116845703125
122880,explained_variance,0.9724251087754965
122880,sps,542.0
122918,episodic_return,682.9104679128001
122918,episodic_length,217.0
123132,episodic_return,673.6494509754273
123132,episodic_length,213.0
123340,episodic_return,639.8374214632049
123340,episodic_length,207.0
123554,episodic_return,670.6638866802393
123554,episodic_length,213.0
123768,episodic_return,656.6699739439533
123768,episodic_length,213.0
124007,episodic_return,761.6365200530798
124007,episodic_length,238.0
124207,episodic_return,633.1477668591156
124207,episodic_length,199.0
124427,episodic_return,676.9881468091403
124427,episodic_length,219.0
124630,episodic_return,597.676872603175
124630,episodic_length,202.0
124853,episodic_return,696.7174911072808
124853,episodic_length,222.0
124928,value_loss,0.0027044136077165604
124928,policy_loss,0.005048144608736038
124928,approx_kl,0.00811448972672224
124928,clipfrac,0.093408203125
124928,explained_variance,0.9704453069716692
124928,sps,542.0
125089,episodic_return,740.1482468148615
125089,episodic_length,235.0
125298,episodic_return,664.8350460075171
125298,episodic_length,208.0
125509,episodic_return,665.9704833210523
125509,episodic_length,210.0
125744,episodic_return,740.8168785407931
125744,episodic_length,234.0
125961,episodic_return,659.7236238249646
125961,episodic_length,216.0
126196,episodic_return,739.3293678552759
126196,episodic_length,234.0
126437,episodic_return,753.6103446030136
126437,episodic_length,240.0
126658,episodic_return,683.0413433082856
126658,episodic_length,220.0
126873,episodic_return,687.1886433093026
126873,episodic_length,214.0
126976,value_loss,0.014276258647441864
126976,policy_loss,-0.02000245824456215
126976,approx_kl,0.006682170554995537
126976,clipfrac,0.114794921875
126976,explained_variance,0.9648386426270008
126976,sps,542.0
127111,episodic_return,755.2570350767244
127111,episodic_length,237.0
127325,episodic_return,651.7489118616303
127325,episodic_length,213.0
127538,episodic_return,677.9637285252046
127538,episodic_length,212.0
127778,episodic_return,756.055412435966
127778,episodic_length,239.0
128012,episodic_return,737.6669469870587
128012,episodic_length,233.0
128239,episodic_return,709.1180772805487
128239,episodic_length,226.0
128476,episodic_return,751.9467192306823
128476,episodic_length,236.0
128688,episodic_return,645.0754435485572
128688,episodic_length,211.0
128903,episodic_return,646.5172290810222
128903,episodic_length,214.0
129024,value_loss,0.026250610128045082
129024,policy_loss,-0.029678285121917725
129024,approx_kl,0.012550223618745804
129024,clipfrac,0.12822265625
129024,explained_variance,0.9724659565836191
129024,sps,542.0
129159,episodic_return,812.6129000221316
129159,episodic_length,255.0
129421,episodic_return,813.1179296935329
129421,episodic_length,261.0
129528,episodic_return,244.89728729905775
129528,episodic_length,106.0
129744,episodic_return,624.1830155183426
129744,episodic_length,215.0
129991,episodic_return,748.1339563902297
129991,episodic_length,246.0
130234,episodic_return,736.1742084810924
130234,episodic_length,242.0
130530,episodic_return,904.2368211293377
130530,episodic_length,295.0
130789,episodic_return,821.3860475523418
130789,episodic_length,258.0
131055,episodic_return,808.6574519484983
131055,episodic_length,265.0
131072,value_loss,0.006521111354231834
131072,policy_loss,-0.0074841976165771484
131072,approx_kl,0.010422238148748875
131072,clipfrac,0.15126953125
131072,explained_variance,0.9077624529600143
131072,sps,542.0
131284,episodic_return,714.3360099151023
131284,episodic_length,228.0
131505,episodic_return,658.7231443313179
131505,episodic_length,220.0
131795,episodic_return,915.1771175411451
131795,episodic_length,289.0
132084,episodic_return,904.0458654844858
132084,episodic_length,288.0
132379,episodic_return,904.2500167222948
132379,episodic_length,294.0
132678,episodic_return,882.9600349812033
132678,episodic_length,298.0
132894,episodic_return,684.8127351797107
132894,episodic_length,215.0
133118,episodic_return,698.2175487130468
133118,episodic_length,223.0
133120,value_loss,0.007577854208648205
133120,policy_loss,0.004918929189443588
133120,approx_kl,0.015975438058376312
133120,clipfrac,0.117626953125
133120,explained_variance,0.97189668007195
133120,sps,542.0
133424,episodic_return,940.746275712276
133424,episodic_length,305.0
133655,episodic_return,694.1745488915009
133655,episodic_length,230.0
133948,episodic_return,918.1072009966314
133948,episodic_length,292.0
134201,episodic_return,768.7810546816221
134201,episodic_length,252.0
134421,episodic_return,664.789531854639
134421,episodic_length,219.0
134660,episodic_return,738.5988214875724
134660,episodic_length,238.0
134891,episodic_return,726.6261290790576
134891,episodic_length,230.0
135157,episodic_return,829.4884828825849
135157,episodic_length,265.0
135168,value_loss,0.0017587640322744846
135168,policy_loss,-0.01595975086092949
135168,approx_kl,0.005916801281273365
135168,clipfrac,0.10849609375
135168,explained_variance,0.9701330214738846
135168,sps,542.0
135452,episodic_return,914.2227369201656
135452,episodic_length,294.0
135698,episodic_return,741.9339989494815
135698,episodic_length,245.0
135980,episodic_return,877.4884147234241
135980,episodic_length,281.0
136236,episodic_return,815.501439301676
136236,episodic_length,255.0
136465,episodic_return,666.4402796858492
136465,episodic_length,228.0
136757,episodic_return,921.762416854189
136757,episodic_length,291.0
137008,episodic_return,796.829601367651
137008,episodic_length,250.0
137216,value_loss,0.006755108945071697
137216,policy_loss,-0.026732563972473145
137216,approx_kl,0.014129669405519962
137216,clipfrac,0.10712890625
137216,explained_variance,0.9684014469385147
137216,sps,542.0
137239,episodic_return,668.9876797229622
137239,episodic_length,230.0
137620,episodic_return,1114.8756854724406
137620,episodic_length,380.0
137873,episodic_return,736.1373192687522
137873,episodic_length,252.0
138109,episodic_return,721.808580688018
138109,episodic_length,235.0
138337,episodic_return,713.1709602426669
138337,episodic_length,227.0
138643,episodic_return,929.5124896550906
138643,episodic_length,305.0
138928,episodic_return,903.7222676374377
138928,episodic_length,284.0
139264,value_loss,0.0018702190136536956
139264,policy_loss,-0.027074899524450302
139264,approx_kl,0.011101325042545795
139264,clipfrac,0.118798828125
139264,explained_variance,0.9697113279253244
139264,sps,541.0
139297,episodic_return,1137.927153796365
139297,episodic_length,368.0
139609,episodic_return,949.7118179193235
139609,episodic_length,311.0
139862,episodic_return,784.1727831119379
139862,episodic_length,252.0
140175,episodic_return,980.0105515640009
140175,episodic_length,312.0
140466,episodic_return,904.8077452003834
140466,episodic_length,290.0
140771,episodic_return,886.8972682657638
140771,episodic_length,304.0
141096,episodic_return,1001.4425067383693
141096,episodic_length,324.0
141202,episodic_return,222.9499469250505
141202,episodic_length,105.0
141312,value_loss,0.04038151353597641
141312,policy_loss,-0.014421816915273666
141312,approx_kl,0.0096052847802639
141312,clipfrac,0.135595703125
141312,explained_variance,0.9094092920422554
141312,sps,541.0
141503,episodic_return,905.1748049300722
141503,episodic_length,300.0
141757,episodic_return,798.0630819935898
141757,episodic_length,253.0
142000,episodic_return,774.8740421726686
142000,episodic_length,242.0
142272,episodic_return,844.1866671483931
142272,episodic_length,271.0
142542,episodic_return,839.1825351709131
142542,episodic_length,269.0
142800,episodic_return,759.8618473882358
142800,episodic_length,257.0
143177,episodic_return,1100.1818061153006
143177,episodic_length,376.0
143360,value_loss,0.012199598364531994
143360,policy_loss,-0.01823432371020317
143360,approx_kl,0.012941599823534489
143360,clipfrac,0.12001953125
143360,explained_variance,0.9690011665225029
143360,sps,541.0
143482,episodic_return,907.1811379443708
143482,episodic_length,304.0
143767,episodic_return,845.5016282910287
143767,episodic_length,284.0
144027,episodic_return,836.53218317186
144027,episodic_length,259.0
144277,episodic_return,794.9983790869685
144277,episodic_length,249.0
144556,episodic_return,839.7495190776127
144556,episodic_length,278.0
144808,episodic_return,761.1629536122056
144808,episodic_length,251.0
145169,episodic_return,1066.7695075703634
145169,episodic_length,360.0
145408,value_loss,0.008553740568459034
145408,policy_loss,-0.026849130168557167
145408,approx_kl,0.010257391259074211
145408,clipfrac,0.1466796875
145408,explained_variance,0.9680546633899212
145408,sps,541.0
145615,episodic_return,1270.688251833475
145615,episodic_length,445.0
145890,episodic_return,860.4578915217569
145890,episodic_length,274.0
146181,episodic_return,915.8180443637821
146181,episodic_length,290.0
146450,episodic_return,826.9363441659484
146450,episodic_length,268.0
146691,episodic_return,756.4887951034308
146691,episodic_length,240.0
146985,episodic_return,888.3303767342812
146985,episodic_length,293.0
147273,episodic_return,911.001444099485
147273,episodic_length,287.0
147456,value_loss,0.001956652384251356
147456,policy_loss,-0.027748804539442062
147456,approx_kl,0.011372453533113003
147456,clipfrac,0.11689453125
147456,explained_variance,0.9748026430606842
147456,sps,540.0
147551,episodic_return,818.0349918938535
147551,episodic_length,277.0
147786,episodic_return,744.2928402441831
147786,episodic_length,234.0
148092,episodic_return,962.1239560639967
148092,episodic_length,305.0
148421,episodic_return,972.7169197235592
148421,episodic_length,328.0
148724,episodic_return,942.0538517573975
148724,episodic_length,302.0
148977,episodic_return,819.323073019424
148977,episodic_length,252.0
149193,episodic_return,669.6286815880397
149193,episodic_length,215.0
149490,episodic_return,884.4532510202932
149490,episodic_length,296.0
149504,value_loss,0.005078712943941355
149504,policy_loss,0.0007244274020195007
149504,approx_kl,0.00837160274386406
149504,clipfrac,0.1103515625
149504,explained_variance,0.9745611269026995
149504,sps,540.0
149789,episodic_return,918.1366904821504
149789,episodic_length,298.0
150080,episodic_return,922.0314314429722
150080,episodic_length,290.0
150370,episodic_return,914.4548181414831
150370,episodic_length,289.0
150636,episodic_return,831.248748047763
150636,episodic_length,265.0
150909,episodic_return,871.8958079149276
150909,episodic_length,272.0
151207,episodic_return,903.7424945963725
151207,episodic_length,297.0
151484,episodic_return,779.2734101747021
151484,episodic_length,276.0
151552,value_loss,0.001894626533612609
151552,policy_loss,-0.012661516666412354
151552,approx_kl,0.009409544058144093
151552,clipfrac,0.102099609375
151552,explained_variance,0.9712057914584875
151552,sps,540.0
151783,episodic_return,941.8836104348051
151783,episodic_length,298.0
152072,episodic_return,902.5591144291062
152072,episodic_length,288.0
152296,episodic_return,711.1635365366151
152296,episodic_length,223.0
152558,episodic_return,787.0684828445104
152558,episodic_length,261.0
152854,episodic_return,934.8180468188331
152854,episodic_length,295.0
153080,episodic_return,715.2797684707928
153080,episodic_length,225.0
153316,episodic_return,759.1037094825722
153316,episodic_length,235.0
153549,episodic_return,746.3948072509165
153549,episodic_length,232.0
153600,value_loss,0.027500664815306664
153600,policy_loss,-0.029108699411153793
153600,approx_kl,0.010698849335312843
153600,clipfrac,0.11484375
153600,explained_variance,0.9732111822813749
153600,sps,540.0
153848,episodic_return,954.9334187752158
153848,episodic_length,298.0
154102,episodic_return,785.8952723743164
154102,episodic_length,253.0
154411,episodic_return,985.9944763381637
154411,episodic_length,308.0
154695,episodic_return,902.6747542252804
154695,episodic_length,283.0
154990,episodic_return,935.3561530589984
154990,episodic_length,294.0
155245,episodic_return,822.9632095189274
155245,episodic_length,254.0
155510,episodic_return,810.0576327684593
155510,episodic_length,264.0
155648,value_loss,0.011721900664269924
155648,policy_loss,-0.018016982823610306
155648,approx_kl,0.007732664234936237
155648,clipfrac,0.1236328125
155648,explained_variance,0.9796738754957914
155648,sps,539.0
155752,episodic_return,770.4300632548872
155752,episodic_length,241.0
156002,episodic_return,778.988655557594
156002,episodic_length,249.0
156264,episodic_return,845.4154482650106
156264,episodic_length,261.0
156665,episodic_return,1257.3585941849735
156665,episodic_length,400.0
156934,episodic_return,858.9721933221567
156934,episodic_length,268.0
157162,episodic_return,729.8265120123594
157162,episodic_length,227.0
157696,value_loss,0.014194570481777191
157696,policy_loss,0.002535693347454071
157696,approx_kl,0.012666655704379082
157696,clipfrac,0.114111328125
157696,explained_variance,0.9585591331124306
157696,sps,539.0
157697,episodic_return,1682.9567139714218
157697,episodic_length,534.0
157926,episodic_return,518.9988566944758
157926,episodic_length,228.0
158170,episodic_return,756.9495904795456
158170,episodic_length,243.0
158472,episodic_return,948.4143888693123
158472,episodic_length,301.0
158722,episodic_return,797.132006815549
158722,episodic_length,249.0
159013,episodic_return,917.0803973170522
159013,episodic_length,290.0
159312,episodic_return,945.6526472519388
159312,episodic_length,298.0
159630,episodic_return,1025.4459611543878
159630,episodic_length,317.0
159744,value_loss,0.005451414734125137
159744,policy_loss,0.015329677611589432
159744,approx_kl,0.01467441488057375
159744,clipfrac,0.106201171875
159744,explained_variance,0.919018492102623
159744,sps,539.0
159958,episodic_return,1013.3037589772579
159958,episodic_length,327.0
160291,episodic_return,1022.690892832431
160291,episodic_length,332.0
160592,episodic_return,957.9129029900727
160592,episodic_length,300.0
160812,episodic_return,695.9290828487283
160812,episodic_length,219.0
161064,episodic_return,813.7658394150117
161064,episodic_length,251.0
161314,episodic_return,819.0262362400706
161314,episodic_length,249.0
161603,episodic_return,921.2727744557347
161603,episodic_length,288.0
161792,value_loss,0.0017841224325820804
161792,policy_loss,-0.031614795327186584
161792,approx_kl,0.009426438249647617
161792,clipfrac,0.118310546875
161792,explained_variance,0.976037910208106
161792,sps,538.0
161841,episodic_return,767.8265391080247
161841,episodic_length,237.0
162141,episodic_return,969.2834739802068
162141,episodic_length,299.0
162470,episodic_return,1055.7888004638787
162470,episodic_length,328.0
162878,episodic_return,1297.6560752716146
162878,episodic_length,407.0
163212,episodic_return,1088.8051652064876
163212,episodic_length,333.0
163529,episodic_return,1047.6022813111974
163529,episodic_length,316.0
163757,episodic_return,561.0076945021452
163757,episodic_length,227.0
163840,value_loss,0.003194907447323203
163840,policy_loss,0.008865226060152054
163840,approx_kl,0.006195018999278545
163840,clipfrac,0.107421875
163840,explained_variance,0.920375369489193
163840,sps,538.0
164022,episodic_return,858.3437566593246
164022,episodic_length,264.0
164325,episodic_return,795.0016140580727
164325,episodic_length,302.0
164705,episodic_return,1227.034491375863
164705,episodic_length,379.0
164999,episodic_return,935.2850812302053
164999,episodic_length,293.0
165207,episodic_return,473.61338747998707
165207,episodic_length,207.0
165475,episodic_return,858.4642005388605
165475,episodic_length,267.0
165793,episodic_return,1020.8911626852375
165793,episodic_length,317.0
165888,value_loss,0.011154869571328163
165888,policy_loss,0.012912392616271973
165888,approx_kl,0.006896063685417175
165888,clipfrac,0.119140625
165888,explained_variance,0.9367342665791512
165888,sps,538.0
165934,episodic_return,320.04489198144825
165934,episodic_length,140.0
166190,episodic_return,823.117950483944
166190,episodic_length,255.0
166734,episodic_return,1463.4058653376462
166734,episodic_length,543.0
167167,episodic_return,1374.8145183813263
167167,episodic_length,432.0
167585,episodic_return,1374.0192860238708
167585,episodic_length,417.0
167799,episodic_return,520.5568936738821
167799,episodic_length,213.0
167936,value_loss,0.010828899219632149
167936,policy_loss,0.011518385261297226
167936,approx_kl,0.009766871109604836
167936,clipfrac,0.13271484375
167936,explained_variance,0.8624630719423294
167936,sps,538.0
168020,episodic_return,521.5482619447137
168020,episodic_length,220.0
168234,episodic_return,536.4540549213348
168234,episodic_length,213.0
168612,episodic_return,1200.4363134506884
168612,episodic_length,377.0
169206,episodic_return,1518.0073637289665
169206,episodic_length,593.0
169515,episodic_return,739.7779231008678
169515,episodic_length,308.0
169917,episodic_return,1306.6863613748558
169917,episodic_length,401.0
169984,value_loss,0.023547755554318428
169984,policy_loss,-0.028755873441696167
169984,approx_kl,0.013067875988781452
169984,clipfrac,0.13955078125
169984,explained_variance,0.8774794489145279
169984,sps,537.0
170481,episodic_return,1640.568713961351
170481,episodic_length,563.0
170735,episodic_return,822.2619920943365
170735,episodic_length,253.0
170916,episodic_return,480.1875802699293
170916,episodic_length,180.0
171486,episodic_return,1611.7715715414467
171486,episodic_length,569.0
171887,episodic_return,1268.708810986723
171887,episodic_length,400.0
172032,value_loss,0.03144972026348114
172032,policy_loss,-0.003172367811203003
172032,approx_kl,0.013221275061368942
172032,clipfrac,0.12861328125
172032,explained_variance,0.8483788669109344
172032,sps,537.0
172203,episodic_return,988.5408062397244
172203,episodic_length,315.0
172607,episodic_return,1262.5176107602958
172607,episodic_length,403.0
172880,episodic_return,876.8557978307934
172880,episodic_length,272.0
173243,episodic_return,1118.2664663770247
173243,episodic_length,362.0
173812,episodic_return,1669.1955134209384
173812,episodic_length,568.0
174080,value_loss,0.0020783019717782736
174080,policy_loss,-0.022297978401184082
174080,approx_kl,0.013211912475526333
174080,clipfrac,0.1125
174080,explained_variance,0.9524872340261936
174080,sps,537.0
174155,episodic_return,1065.276765327252
174155,episodic_length,342.0
174746,episodic_return,1874.1911038677342
174746,episodic_length,590.0
175077,episodic_return,1082.7045691734338
175077,episodic_length,330.0
175413,episodic_return,1106.35410194419
175413,episodic_length,335.0
175745,episodic_return,1085.0293095387774
175745,episodic_length,331.0
176128,value_loss,0.004367450717836618
176128,policy_loss,-0.032707612961530685
176128,approx_kl,0.014989019371569157
176128,clipfrac,0.128955078125
176128,explained_variance,0.9700751453638077
176128,sps,538.0
176236,episodic_return,1491.922844457563
176236,episodic_length,490.0
176572,episodic_return,1089.3029274534633
176572,episodic_length,335.0
176918,episodic_return,1017.5875812175932
176918,episodic_length,345.0
177226,episodic_return,996.4553628054646
177226,episodic_length,307.0
177582,episodic_return,1017.1458336771569
177582,episodic_length,355.0
177765,episodic_return,490.6984269717788
177765,episodic_length,182.0
177979,episodic_return,497.2206307618682
177979,episodic_length,213.0
178176,value_loss,0.0575052835047245
178176,policy_loss,-0.01231428049504757
178176,approx_kl,0.009967934340238571
178176,clipfrac,0.132275390625
178176,explained_variance,0.8779872953891754
178176,sps,539.0
178303,episodic_return,1023.0299955801222
178303,episodic_length,323.0
178904,episodic_return,1783.4926955714425
178904,episodic_length,600.0
179234,episodic_return,1023.6763472070467
179234,episodic_length,329.0
179619,episodic_return,1131.8135384198433
179619,episodic_length,384.0
180041,episodic_return,1359.4031837039624
180041,episodic_length,421.0
180224,value_loss,0.0013518740888684988
180224,policy_loss,-0.03188469633460045
180224,approx_kl,0.010992814786732197
180224,clipfrac,0.11943359375
180224,explained_variance,0.9642389975488186
180224,sps,539.0
180411,episodic_return,1090.8502882125842
180411,episodic_length,369.0
180820,episodic_return,1219.9378907095343
180820,episodic_length,408.0
181246,episodic_return,1331.5415862312393
181246,episodic_length,425.0
181571,episodic_return,1063.8745475832136
181571,episodic_length,324.0
181809,episodic_return,770.5917031866188
181809,episodic_length,237.0
182232,episodic_return,1373.2854469515964
182232,episodic_length,422.0
182272,value_loss,0.04086284339427948
182272,policy_loss,-0.010516278445720673
182272,approx_kl,0.010673169046640396
182272,clipfrac,0.145556640625
182272,explained_variance,0.9710486847907305
182272,sps,540.0
182655,episodic_return,1341.9375577243543
182655,episodic_length,422.0
183066,episodic_return,1327.1738876096824
183066,episodic_length,410.0
183393,episodic_return,1060.2460431476647
183393,episodic_length,326.0
183881,episodic_return,1551.44267517001
183881,episodic_length,487.0
184201,episodic_return,1054.4116356447996
184201,episodic_length,319.0
184320,value_loss,0.0036448242608457804
184320,policy_loss,-0.03398517146706581
184320,approx_kl,0.012544716708362103
184320,clipfrac,0.113330078125
184320,explained_variance,0.976782163605094
184320,sps,541.0
184515,episodic_return,990.7050064168951
184515,episodic_length,313.0
184853,episodic_return,1110.4245745231658
184853,episodic_length,337.0
185207,episodic_return,1109.0278821376874
185207,episodic_length,353.0
185672,episodic_return,1338.3077670708474
185672,episodic_length,464.0
185996,episodic_return,990.661882308546
185996,episodic_length,323.0
186347,episodic_return,1007.3273986726082
186347,episodic_length,350.0
186368,value_loss,0.018533887341618538
186368,policy_loss,-0.02231261320412159
186368,approx_kl,0.009841983206570148
186368,clipfrac,0.164599609375
186368,explained_variance,0.9033750370144844
186368,sps,541.0
186667,episodic_return,1014.0191715118483
186667,episodic_length,319.0
187070,episodic_return,1250.290223732108
187070,episodic_length,402.0
187406,episodic_return,1095.1750363663946
187406,episodic_length,335.0
187706,episodic_return,924.3675233288562
187706,episodic_length,299.0
188048,episodic_return,1098.167781846201
188048,episodic_length,341.0
188356,episodic_return,1004.4039091568447
188356,episodic_length,307.0
188416,value_loss,0.022215016186237335
188416,policy_loss,-0.038011908531188965
188416,approx_kl,0.009705249220132828
188416,clipfrac,0.106689453125
188416,explained_variance,0.9781791400164366
188416,sps,541.0
188706,episodic_return,1078.1498415850438
188706,episodic_length,349.0
189038,episodic_return,1078.4994211091368
189038,episodic_length,331.0
189369,episodic_return,1089.7484167700395
189369,episodic_length,330.0
189695,episodic_return,980.2854012565899
189695,episodic_length,325.0
189979,episodic_return,901.9976880786886
189979,episodic_length,283.0
190323,episodic_return,1114.7896689087697
190323,episodic_length,343.0
190464,value_loss,0.001753460499458015
190464,policy_loss,-0.007088188081979752
190464,approx_kl,0.008678389713168144
190464,clipfrac,0.114599609375
190464,explained_variance,0.9665381945669651
190464,sps,541.0
190607,episodic_return,913.9179118674283
190607,episodic_length,283.0
190967,episodic_return,1172.9244285285274
190967,episodic_length,359.0
191272,episodic_return,961.2805291784707
191272,episodic_length,304.0
191610,episodic_return,1077.1645061716247
191610,episodic_length,337.0
191959,episodic_return,1110.3230868547969
191959,episodic_length,348.0
192397,episodic_return,1370.4491559393605
192397,episodic_length,437.0
192512,value_loss,0.0009995151776820421
192512,policy_loss,-0.023733384907245636
192512,approx_kl,0.009298483841121197
192512,clipfrac,0.092431640625
192512,explained_variance,0.9786388222128153
192512,sps,541.0
192711,episodic_return,996.0060104342724
192711,episodic_length,313.0
193075,episodic_return,1099.9316208956657
193075,episodic_length,363.0
193440,episodic_return,1124.2838669141806
193440,episodic_length,364.0
193827,episodic_return,1164.1256115420233
193827,episodic_length,386.0
194178,episodic_return,1085.3242741633198
194178,episodic_length,350.0
194480,episodic_return,981.8995968495929
194480,episodic_length,301.0
194560,value_loss,0.002988239051774144
194560,policy_loss,-0.03420710936188698
194560,approx_kl,0.007553671486675739
194560,clipfrac,0.11142578125
194560,explained_variance,0.9710225779563189
194560,sps,541.0
194791,episodic_return,1015.3233713155288
194791,episodic_length,310.0
195111,episodic_return,1027.3526813757835
195111,episodic_length,319.0
195416,episodic_return,944.6354236231202
195416,episodic_length,304.0
195710,episodic_return,947.4550502614044
195710,episodic_length,293.0
195969,episodic_return,858.2828913100172
195969,episodic_length,258.0
196305,episodic_return,1112.6521729831911
196305,episodic_length,335.0
196608,value_loss,0.001077103428542614
196608,policy_loss,-0.01529306173324585
196608,approx_kl,0.009007622487843037
196608,clipfrac,0.117724609375
196608,explained_variance,0.9782990217208862
196608,sps,542.0
196622,episodic_return,1036.8427110653586
196622,episodic_length,316.0
196956,episodic_return,1119.9755702490152
196956,episodic_length,333.0
197367,episodic_return,1333.8091200041017
197367,episodic_length,410.0
197635,episodic_return,870.1076521601269
197635,episodic_length,267.0
197985,episodic_return,1171.9331168060753
197985,episodic_length,349.0
198327,episodic_return,1104.0793910912391
198327,episodic_length,341.0
198653,episodic_return,1082.6958616079403
198653,episodic_length,325.0
198656,value_loss,0.0005137487314641476
198656,policy_loss,-0.03759360313415527
198656,approx_kl,0.01446012407541275
198656,clipfrac,0.1296875
198656,explained_variance,0.9731120374053717
198656,sps,542.0
198929,episodic_return,896.2064699838597
198929,episodic_length,275.0
199253,episodic_return,1081.9023212717223
199253,episodic_length,323.0
199598,episodic_return,1156.8628108854416
199598,episodic_length,344.0
199935,episodic_return,1119.7383876116182
199935,episodic_length,336.0
200276,episodic_return,1103.302483237767
200276,episodic_length,340.0
200565,episodic_return,928.1540128632042
200565,episodic_length,288.0
200704,value_loss,0.000882800028193742
200704,policy_loss,-0.011902906000614166
200704,approx_kl,0.014787903986871243
200704,clipfrac,0.1068359375
200704,explained_variance,0.9739843122661114
200704,sps,542.0
200845,episodic_return,899.410012885269
200845,episodic_length,279.0
201240,episodic_return,1279.024603672267
201240,episodic_length,394.0
201471,episodic_return,751.7858724936807
201471,episodic_length,230.0
201725,episodic_return,860.3935680311926
201725,episodic_length,253.0
201979,episodic_return,702.8208115353824
201979,episodic_length,253.0
202238,episodic_return,849.8851760414879
202238,episodic_length,258.0
202597,episodic_return,1174.7295474595105
202597,episodic_length,358.0
202752,value_loss,0.0013684028526768088
202752,policy_loss,-0.027984894812107086
202752,approx_kl,0.008839993737637997
202752,clipfrac,0.087255859375
202752,explained_variance,0.9635551758110523
202752,sps,543.0
202944,episodic_return,1144.2943703761443
202944,episodic_length,346.0
203318,episodic_return,1173.0020373018215
203318,episodic_length,373.0
203646,episodic_return,1097.1159711427633
203646,episodic_length,327.0
203964,episodic_return,1011.0731488723357
203964,episodic_length,317.0
204222,episodic_return,848.8392061972206
204222,episodic_length,257.0
204494,episodic_return,879.9439237273451
204494,episodic_length,271.0
204756,episodic_return,878.5595061757638
204756,episodic_length,261.0
204800,value_loss,0.000740482471883297
204800,policy_loss,0.024852843955159187
204800,approx_kl,0.006885307841002941
204800,clipfrac,0.111474609375
204800,explained_variance,0.9784431699663401
204800,sps,543.0
205133,episodic_return,1177.2142168026041
205133,episodic_length,376.0
205478,episodic_return,1143.1270573311747
205478,episodic_length,344.0
205974,episodic_return,1646.474599441162
205974,episodic_length,495.0
206239,episodic_return,877.8856735311884
206239,episodic_length,264.0
206579,episodic_return,1132.4686276730627
206579,episodic_length,339.0
206848,value_loss,0.0013489044504240155
206848,policy_loss,-0.02143101394176483
206848,approx_kl,0.006075572222471237
206848,clipfrac,0.09521484375
206848,explained_variance,0.9812771882861853
206848,sps,544.0
206921,episodic_return,1125.5003765569643
206921,episodic_length,341.0
207166,episodic_return,818.6100293007303
207166,episodic_length,244.0
207264,episodic_return,211.3699324764593
207264,episodic_length,97.0
207622,episodic_return,1095.4684903790762
207622,episodic_length,357.0
207961,episodic_return,1104.7061681983107
207961,episodic_length,338.0
208241,episodic_return,907.2476217093475
208241,episodic_length,279.0
208552,episodic_return,1032.9971644481789
208552,episodic_length,310.0
208896,episodic_return,1137.4981088155264
208896,episodic_length,343.0
208896,value_loss,0.05542931705713272
208896,policy_loss,-0.030889451503753662
208896,approx_kl,0.015235370956361294
208896,clipfrac,0.14765625
208896,explained_variance,0.9045959711074829
208896,sps,544.0
209135,episodic_return,793.4830276882625
209135,episodic_length,238.0
209455,episodic_return,1078.1011998258523
209455,episodic_length,319.0
209882,episodic_return,1391.5888843615608
209882,episodic_length,426.0
210120,episodic_return,793.363633113565
210120,episodic_length,237.0
210462,episodic_return,1120.5172905712936
210462,episodic_length,341.0
210804,episodic_return,1144.8453239420598
210804,episodic_length,341.0
210944,value_loss,0.014669032767415047
210944,policy_loss,-0.005410391837358475
210944,approx_kl,0.006903144530951977
210944,clipfrac,0.118896484375
210944,explained_variance,0.9755884241312742
210944,sps,544.0
211076,episodic_return,903.7576821710306
211076,episodic_length,271.0
211338,episodic_return,865.1727076484141
211338,episodic_length,261.0
211666,episodic_return,1077.1738444779332
211666,episodic_length,327.0
211926,episodic_return,859.679422076766
211926,episodic_length,259.0
212206,episodic_return,901.800295434154
212206,episodic_length,279.0
212562,episodic_return,1118.8893548291337
212562,episodic_length,355.0
212913,episodic_return,1109.4802466051947
212913,episodic_length,350.0
212992,value_loss,0.01609991490840912
212992,policy_loss,-0.024872295558452606
212992,approx_kl,0.011386199854314327
212992,clipfrac,0.121728515625
212992,explained_variance,0.976363169029355
212992,sps,544.0
213388,episodic_return,1597.5556864752118
213388,episodic_length,474.0
213642,episodic_return,861.3318902762762
213642,episodic_length,253.0
213904,episodic_return,879.1895909202284
213904,episodic_length,261.0
214185,episodic_return,919.7363886586367
214185,episodic_length,280.0
214641,episodic_return,1505.534492528479
214641,episodic_length,455.0
215013,episodic_return,1212.3319479515462
215013,episodic_length,371.0
215040,value_loss,0.005320850294083357
215040,policy_loss,-0.0010249912738800049
215040,approx_kl,0.012970917858183384
215040,clipfrac,0.103515625
215040,explained_variance,0.9798334147781134
215040,sps,544.0
215257,episodic_return,836.4161688359966
215257,episodic_length,243.0
215625,episodic_return,1239.6339634784151
215625,episodic_length,367.0
216049,episodic_return,1394.9596925126307
216049,episodic_length,423.0
216489,episodic_return,1424.2840587620228
216489,episodic_length,439.0
216742,episodic_return,860.4208569738929
216742,episodic_length,252.0
217012,episodic_return,890.8179019625313
217012,episodic_length,269.0
217088,value_loss,0.002815334126353264
217088,policy_loss,-0.035256706178188324
217088,approx_kl,0.01177793275564909
217088,clipfrac,0.13359375
217088,explained_variance,0.9809813015162945
217088,sps,544.0
217312,episodic_return,978.0883007069191
217312,episodic_length,299.0
217634,episodic_return,1097.3058132510516
217634,episodic_length,321.0
217891,episodic_return,856.6916333055909
217891,episodic_length,256.0
218177,episodic_return,917.7993752565774
218177,episodic_length,285.0
218460,episodic_return,914.4120038292026
218460,episodic_length,282.0
218726,episodic_return,902.1102516374231
218726,episodic_length,265.0
218908,episodic_return,514.0852610301205
218908,episodic_length,181.0
219136,value_loss,0.008621079847216606
219136,policy_loss,-0.017020367085933685
219136,approx_kl,0.007706175558269024
219136,clipfrac,0.12490234375
219136,explained_variance,0.923660933971405
219136,sps,544.0
219258,episodic_return,1169.1358727380846
219258,episodic_length,349.0
219665,episodic_return,1313.1678334399583
219665,episodic_length,406.0
219933,episodic_return,913.0874125600277
219933,episodic_length,267.0
220301,episodic_return,1178.3534583233989
220301,episodic_length,367.0
220574,episodic_return,890.9239936086122
220574,episodic_length,272.0
220855,episodic_return,903.1020455462707
220855,episodic_length,280.0
221099,episodic_return,828.8429742990601
221099,episodic_length,243.0
221184,value_loss,0.0026283301413059235
221184,policy_loss,-0.03326168656349182
221184,approx_kl,0.010481865145266056
221184,clipfrac,0.0927734375
221184,explained_variance,0.9688111878931522
221184,sps,544.0
221557,episodic_return,1482.18942061493
221557,episodic_length,457.0
221851,episodic_return,960.1562108948244
221851,episodic_length,293.0
222200,episodic_return,1111.5065934733748
222200,episodic_length,348.0
222548,episodic_return,1173.3969193062746
222548,episodic_length,347.0
222898,episodic_return,1171.5384286389376
222898,episodic_length,349.0
223232,value_loss,0.001323870848864317
223232,policy_loss,-0.02183154970407486
223232,approx_kl,0.007826543413102627
223232,clipfrac,0.097998046875
223232,explained_variance,0.9747398719191551
223232,sps,543.0
223253,episodic_return,1163.9840481494555
223253,episodic_length,354.0
223633,episodic_return,1254.742042920415
223633,episodic_length,379.0
223931,episodic_return,982.5561542695001
223931,episodic_length,297.0
224208,episodic_return,909.1908710916967
224208,episodic_length,276.0
224520,episodic_return,1055.189123608628
224520,episodic_length,311.0
224849,episodic_return,1117.872145067461
224849,episodic_length,328.0
225201,episodic_return,1178.257003172056
225201,episodic_length,351.0
225280,value_loss,0.001941506052389741
225280,policy_loss,-0.007715381681919098
225280,approx_kl,0.010195164009928703
225280,clipfrac,0.127099609375
225280,explained_variance,0.9749650843441486
225280,sps,543.0
225483,episodic_return,916.7391405225861
225483,episodic_length,281.0
225777,episodic_return,976.1952751595777
225777,episodic_length,293.0
226048,episodic_return,902.3325942221667
226048,episodic_length,270.0
226568,episodic_return,1734.2529054965355
226568,episodic_length,519.0
226825,episodic_return,882.177232683582
226825,episodic_length,256.0
227089,episodic_return,875.3264978710461
227089,episodic_length,263.0
227328,value_loss,0.010775499977171421
227328,policy_loss,-0.023464201018214226
227328,approx_kl,0.008280989713966846
227328,clipfrac,0.1166015625
227328,explained_variance,0.9803371746093035
227328,sps,543.0
227363,episodic_return,903.7497939455417
227363,episodic_length,273.0
227625,episodic_return,884.8134164901129
227625,episodic_length,261.0
228005,episodic_return,1282.1257460954482
228005,episodic_length,379.0
228273,episodic_return,892.7177953453815
228273,episodic_length,267.0
228616,episodic_return,1166.0168000337464
228616,episodic_length,342.0
228872,episodic_return,877.5386055666571
228872,episodic_length,255.0
229204,episodic_return,1120.5431203087076
229204,episodic_length,331.0
229376,value_loss,0.001138258376158774
229376,policy_loss,-0.01942991092801094
229376,approx_kl,0.011932901106774807
229376,clipfrac,0.119287109375
229376,explained_variance,0.9735595248639584
229376,sps,543.0
229465,episodic_return,886.048023860678
229465,episodic_length,260.0
230055,episodic_return,2019.9114697916416
230055,episodic_length,589.0
230402,episodic_return,1153.701527612774
230402,episodic_length,346.0
230753,episodic_return,1203.8629482905433
230753,episodic_length,350.0
231179,episodic_return,1437.8151923142639
231179,episodic_length,425.0
231424,value_loss,0.0022375890985131264
231424,policy_loss,-0.0176922008395195
231424,approx_kl,0.010031066834926605
231424,clipfrac,0.122607421875
231424,explained_variance,0.9753643795847893
231424,sps,544.0
231716,episodic_return,1771.0539653321446
231716,episodic_length,536.0
232067,episodic_return,1182.6012192300384
232067,episodic_length,350.0
232524,episodic_return,1479.6637957647254
232524,episodic_length,456.0
232795,episodic_return,911.654834827715
232795,episodic_length,270.0
233371,episodic_return,1896.6531485790001
233371,episodic_length,575.0
233472,value_loss,0.001172170857898891
233472,policy_loss,-0.048187773674726486
233472,approx_kl,0.009864689782261848
233472,clipfrac,0.112841796875
233472,explained_variance,0.9760063737630844
233472,sps,543.0
233808,episodic_return,1411.850647000346
233808,episodic_length,436.0
234191,episodic_return,1258.043499232935
234191,episodic_length,382.0
234623,episodic_return,1465.1985495936262
234623,episodic_length,431.0
235056,episodic_return,1471.0008207886294
235056,episodic_length,432.0
235414,episodic_return,1212.6951725069052
235414,episodic_length,357.0
235520,value_loss,0.0003569105174392462
235520,policy_loss,-0.016928687691688538
235520,approx_kl,0.008541963994503021
235520,clipfrac,0.11494140625
235520,explained_variance,0.9772013332694769
235520,sps,543.0
235717,episodic_return,1014.7342963961632
235717,episodic_length,302.0
235984,episodic_return,901.2501990577622
235984,episodic_length,266.0
236308,episodic_return,1113.7971748463206
236308,episodic_length,323.0
237022,episodic_return,2230.237511336507
237022,episodic_length,713.0
237296,episodic_return,912.9045330292411
237296,episodic_length,273.0
237568,value_loss,0.000587453949265182
237568,policy_loss,0.02493196725845337
237568,approx_kl,0.009470116347074509
237568,clipfrac,0.1087890625
237568,explained_variance,0.9788837488740683
237568,sps,543.0
237623,episodic_return,1121.0157475245453
237623,episodic_length,326.0
237889,episodic_return,911.5826753442204
237889,episodic_length,265.0
238245,episodic_return,1200.9205925026727
238245,episodic_length,355.0
238675,episodic_return,1453.9579137388457
238675,episodic_length,429.0
239021,episodic_return,1166.2702984507252
239021,episodic_length,345.0
239616,value_loss,0.015220320783555508
239616,policy_loss,-0.029485635459423065
239616,approx_kl,0.011109305545687675
239616,clipfrac,0.116796875
239616,explained_variance,0.9805186539888382
239616,sps,544.0
239620,episodic_return,2024.410474457939
239620,episodic_length,598.0
239996,episodic_return,1280.9605019416151
239996,episodic_length,375.0
240317,episodic_return,1107.2246534651063
240317,episodic_length,320.0
240660,episodic_return,1181.7671222292151
240660,episodic_length,342.0
241116,episodic_return,1502.396396367523
241116,episodic_length,455.0
241471,episodic_return,1212.554368320995
241471,episodic_length,354.0
241664,value_loss,0.0005691834376193583
241664,policy_loss,-0.023980237543582916
241664,approx_kl,0.011063403449952602
241664,clipfrac,0.125
241664,explained_variance,0.9755246546119452
241664,sps,544.0
241856,episodic_return,1302.6199997561523
241856,episodic_length,384.0
242254,episodic_return,1327.9636642083942
242254,episodic_length,397.0
242739,episodic_return,1571.9212645103498
242739,episodic_length,484.0
243229,episodic_return,1638.1417360825592
243229,episodic_length,489.0
243712,value_loss,0.0007769830990582705
243712,policy_loss,-0.03512435778975487
243712,approx_kl,0.011920640245079994
243712,clipfrac,0.12392578125
243712,explained_variance,0.9757006503641605
243712,sps,544.0
243829,episodic_return,1985.0519730217172
243829,episodic_length,599.0
244446,episodic_return,2088.364314519951
244446,episodic_length,616.0
244972,episodic_return,1750.0226824284935
244972,episodic_length,525.0
245417,episodic_return,1495.9370091954063
245417,episodic_length,444.0
245681,episodic_return,788.569989922954
245681,episodic_length,263.0
245760,value_loss,0.04071798920631409
245760,policy_loss,-0.026648886501789093
245760,approx_kl,0.009866866283118725
245760,clipfrac,0.142529296875
245760,explained_variance,0.9107137992978096
245760,sps,544.0
246122,episodic_return,1413.5823298586033
246122,episodic_length,440.0
246883,episodic_return,2543.4483137152024
246883,episodic_length,760.0
247534,episodic_return,2186.070646278255
247534,episodic_length,650.0
247808,value_loss,0.0013872423442080617
247808,policy_loss,-0.03335050493478775
247808,approx_kl,0.011551602743566036
247808,clipfrac,0.122412109375
247808,explained_variance,0.9785973858088255
247808,sps,544.0
247874,episodic_return,1111.9692219054846
247874,episodic_length,339.0
248831,episodic_return,3140.3095209535136
248831,episodic_length,956.0
249750,episodic_return,3040.7267447434688
249750,episodic_length,918.0
249856,value_loss,0.003700381377711892
249856,policy_loss,-0.0087667778134346
249856,approx_kl,0.0059323860332369804
249856,clipfrac,0.117236328125
249856,explained_variance,0.9571505673229694
249856,sps,544.0
250119,episodic_return,1179.8844728867782
250119,episodic_length,368.0
250413,episodic_return,966.4418263473033
250413,episodic_length,293.0
251414,episodic_return,3122.239228879989
251414,episodic_length,1000.0
251904,value_loss,0.00841568037867546
251904,policy_loss,-0.012620672583580017
251904,approx_kl,0.011334228329360485
251904,clipfrac,0.106103515625
251904,explained_variance,0.9349789544939995
251904,sps,544.0
252018,episodic_return,2025.8826266535575
252018,episodic_length,603.0
252742,episodic_return,2377.138815252567
252742,episodic_length,723.0
253743,episodic_return,2930.4736446938837
253743,episodic_length,1000.0
253952,value_loss,0.010774091817438602
253952,policy_loss,-0.02060931921005249
253952,approx_kl,0.010808520019054413
253952,clipfrac,0.14658203125
253952,explained_variance,0.830015167593956
253952,sps,544.0
254201,episodic_return,1508.7482546139565
254201,episodic_length,457.0
255202,episodic_return,3262.9204039787787
255202,episodic_length,1000.0
256000,value_loss,0.0013089543208479881
256000,policy_loss,-0.008997809141874313
256000,approx_kl,0.009386131539940834
256000,clipfrac,0.157470703125
256000,explained_variance,0.7624610662460327
256000,sps,544.0
256136,episodic_return,3050.699952774666
256136,episodic_length,933.0
256592,episodic_return,1486.1351685699901
256592,episodic_length,455.0
257346,episodic_return,2330.797355957633
257346,episodic_length,753.0
257935,episodic_return,2006.910452510574
257935,episodic_length,588.0
258043,episodic_return,240.4849407020202
258043,episodic_length,107.0
258048,value_loss,0.0077812559902668
258048,policy_loss,-0.03175240755081177
258048,approx_kl,0.011347844265401363
258048,clipfrac,0.1330078125
258048,explained_variance,0.8732554465532303
258048,sps,544.0
258938,episodic_return,2993.8175876473388
258938,episodic_length,894.0
259709,episodic_return,2526.354025225751
259709,episodic_length,770.0
260096,value_loss,0.0008577760891057551
260096,policy_loss,0.004247561097145081
260096,approx_kl,0.009344003163278103
260096,clipfrac,0.11240234375
260096,explained_variance,0.9637526236474514
260096,sps,544.0
260440,episodic_return,2464.177414817578
260440,episodic_length,730.0
261416,episodic_return,3212.6694649865567
261416,episodic_length,975.0
261865,episodic_return,1474.9442603141194
261865,episodic_length,448.0
262144,value_loss,0.0014457253273576498
262144,policy_loss,-0.03838184475898743
262144,approx_kl,0.01093139685690403
262144,clipfrac,0.1095703125
262144,explained_variance,0.9714667145162821
262144,sps,544.0
262543,episodic_return,2191.394771389098
262543,episodic_length,677.0
263000,episodic_return,1549.0530918101892
263000,episodic_length,456.0
263735,episodic_return,2500.489287088345
263735,episodic_length,734.0
264091,episodic_return,1074.1947742743293
264091,episodic_length,355.0
264192,value_loss,0.0006463463651016355
264192,policy_loss,-0.020630359649658203
264192,approx_kl,0.010966590605676174
264192,clipfrac,0.102099609375
264192,explained_variance,0.9812729191035032
264192,sps,544.0
264363,episodic_return,768.0440147079231
264363,episodic_length,271.0
264906,episodic_return,1841.8099001544886
264906,episodic_length,542.0
265267,episodic_return,1198.8921478879688
265267,episodic_length,360.0
265544,episodic_return,935.3048888535806
265544,episodic_length,276.0
265990,episodic_return,1508.2167331951928
265990,episodic_length,445.0
266240,value_loss,0.001308578997850418
266240,policy_loss,-0.03652285411953926
266240,approx_kl,0.01364929135888815
266240,clipfrac,0.13828125
266240,explained_variance,0.9679889902472496
266240,sps,544.0
266991,episodic_return,3171.8014317164498
266991,episodic_length,1000.0
267331,episodic_return,1040.0632361557834
267331,episodic_length,339.0
267825,episodic_return,1691.4311395241243
267825,episodic_length,493.0
268288,value_loss,0.024662399664521217
268288,policy_loss,-0.03488197177648544
268288,approx_kl,0.011423597112298012
268288,clipfrac,0.202685546875
268288,explained_variance,0.6789584755897522
268288,sps,544.0
268670,episodic_return,2832.290394828844
268670,episodic_length,844.0
269002,episodic_return,1088.9824012708857
269002,episodic_length,331.0
269488,episodic_return,1599.4351291335045
269488,episodic_length,485.0
269911,episodic_return,1453.0786903216224
269911,episodic_length,422.0
270293,episodic_return,1215.2001020979812
270293,episodic_length,381.0
270336,value_loss,0.005224752239882946
270336,policy_loss,0.01905900239944458
270336,approx_kl,0.012776768766343594
270336,clipfrac,0.10849609375
270336,explained_variance,0.9659176245331764
270336,sps,544.0
270691,episodic_return,1336.9164266695511
270691,episodic_length,397.0
271144,episodic_return,1507.5698535578272
271144,episodic_length,452.0
271998,episodic_return,2911.021819566109
271998,episodic_length,853.0
272384,value_loss,0.0016265056328848004
272384,policy_loss,-0.02837134525179863
272384,approx_kl,0.007919972762465477
272384,clipfrac,0.1189453125
272384,explained_variance,0.9788428544998169
272384,sps,544.0
272999,episodic_return,3186.7510497738963
272999,episodic_length,1000.0
273344,episodic_return,1098.4200320909824
273344,episodic_length,344.0
274345,episodic_return,3124.5852880421635
274345,episodic_length,1000.0
274432,value_loss,0.010298109613358974
274432,policy_loss,-0.021595150232315063
274432,approx_kl,0.013080996461212635
274432,clipfrac,0.178173828125
274432,explained_variance,0.6570226550102234
274432,sps,544.0
274641,episodic_return,1009.1999054509122
274641,episodic_length,295.0
275027,episodic_return,1235.729585997289
275027,episodic_length,385.0
275622,episodic_return,1867.3936646396403
275622,episodic_length,594.0
276480,value_loss,0.0009238494676537812
276480,policy_loss,-0.013580508530139923
276480,approx_kl,0.009293744340538979
276480,clipfrac,0.124951171875
276480,explained_variance,0.9667761772871017
276480,sps,544.0
276623,episodic_return,3206.0690640565613
276623,episodic_length,1000.0
277339,episodic_return,2373.834572112924
277339,episodic_length,715.0
277708,episodic_return,1202.4971894290802
277708,episodic_length,368.0
278228,episodic_return,1680.872842542296
278228,episodic_length,519.0
278528,value_loss,0.019605204463005066
278528,policy_loss,-0.03521621972322464
278528,approx_kl,0.015325536951422691
278528,clipfrac,0.1474609375
278528,explained_variance,0.8903045803308487
278528,sps,544.0
279229,episodic_return,3320.2486450265524
279229,episodic_length,1000.0
279622,episodic_return,1288.73452296143
279622,episodic_length,392.0
279903,episodic_return,791.801152156726
279903,episodic_length,280.0
280389,episodic_return,1651.7040111154492
280389,episodic_length,485.0
280576,value_loss,0.0015206296229735017
280576,policy_loss,-0.00502903014421463
280576,approx_kl,0.009270870126783848
280576,clipfrac,0.099560546875
280576,explained_variance,0.9507208056747913
280576,sps,544.0
280825,episodic_return,1474.641155713989
280825,episodic_length,435.0
281184,episodic_return,1220.9591396615901
281184,episodic_length,358.0
281854,episodic_return,2290.943974619415
281854,episodic_length,669.0
282442,episodic_return,1975.0737425131558
282442,episodic_length,587.0
282624,value_loss,0.0011207188945263624
282624,policy_loss,-0.006546489894390106
282624,approx_kl,0.006575005128979683
282624,clipfrac,0.13583984375
282624,explained_variance,0.9760056789964437
282624,sps,544.0
282800,episodic_return,1188.9069356349414
282800,episodic_length,357.0
283118,episodic_return,983.2409810492767
283118,episodic_length,317.0
283461,episodic_return,1165.0921527999783
283461,episodic_length,342.0
283890,episodic_return,1426.460044441591
283890,episodic_length,428.0
284672,value_loss,0.0009625828824937344
284672,policy_loss,-0.030375614762306213
284672,approx_kl,0.009953552857041359
284672,clipfrac,0.112939453125
284672,explained_variance,0.9535891488194466
284672,sps,545.0
284784,episodic_return,3042.168411656795
284784,episodic_length,893.0
285139,episodic_return,1028.4716249024973
285139,episodic_length,354.0
285421,episodic_return,935.0698327041382
285421,episodic_length,281.0
285794,episodic_return,1216.7308129154223
285794,episodic_length,372.0
286689,episodic_return,3023.1387318288075
286689,episodic_length,894.0
286720,value_loss,0.002897573634982109
286720,policy_loss,-0.023006390780210495
286720,approx_kl,0.010965334251523018
286720,clipfrac,0.108642578125
286720,explained_variance,0.9663681834936142
286720,sps,545.0
287056,episodic_return,1243.8356964058785
287056,episodic_length,366.0
287425,episodic_return,1235.5301315430697
287425,episodic_length,368.0
288426,episodic_return,3162.3265365836805
288426,episodic_length,1000.0
288768,value_loss,0.004550151526927948
288768,policy_loss,-0.033621467649936676
288768,approx_kl,0.011599080637097359
288768,clipfrac,0.1265625
288768,explained_variance,0.8344894498586655
288768,sps,545.0
288800,episodic_return,1118.3561342728212
288800,episodic_length,373.0
289022,episodic_return,747.2687439747991
289022,episodic_length,221.0
289415,episodic_return,1271.918966971063
289415,episodic_length,392.0
289810,episodic_return,1358.3213922006607
289810,episodic_length,394.0
290277,episodic_return,1583.1095132731318
290277,episodic_length,466.0
290651,episodic_return,1247.6112855486524
290651,episodic_length,373.0
290816,value_loss,0.0011468277079984546
290816,policy_loss,-0.03605096787214279
290816,approx_kl,0.010753924027085304
290816,clipfrac,0.159228515625
290816,explained_variance,0.9615392908453941
290816,sps,545.0
291333,episodic_return,2291.5508413435728
291333,episodic_length,681.0
291887,episodic_return,1892.034697745689
291887,episodic_length,553.0
292344,episodic_return,1536.2734493849603
292344,episodic_length,456.0
292782,episodic_return,1449.5164628751518
292782,episodic_length,437.0
292864,value_loss,0.0009344076970592141
292864,policy_loss,-0.008013438433408737
292864,approx_kl,0.006743772886693478
292864,clipfrac,0.087841796875
292864,explained_variance,0.9740410558879375
292864,sps,545.0
293190,episodic_return,1395.779745526671
293190,episodic_length,407.0
293961,episodic_return,2619.1192488210095
293961,episodic_length,770.0
294332,episodic_return,1223.5237163166241
294332,episodic_length,370.0
294891,episodic_return,1892.5754755124497
294891,episodic_length,558.0
294912,value_loss,0.010152574628591537
294912,policy_loss,-0.03496045619249344
294912,approx_kl,0.01721402257680893
294912,clipfrac,0.120849609375
294912,explained_variance,0.9788921382278204
294912,sps,545.0
295224,episodic_return,1131.670409405448
295224,episodic_length,332.0
295688,episodic_return,1548.8616502355287
295688,episodic_length,463.0
296640,episodic_return,3231.608245116927
296640,episodic_length,951.0
296960,value_loss,0.0005149630014784634
296960,policy_loss,-0.024835817515850067
296960,approx_kl,0.007066543214023113
296960,clipfrac,0.11630859375
296960,explained_variance,0.9803783316165209
296960,sps,545.0
297051,episodic_return,1370.6349087995566
297051,episodic_length,410.0
297378,episodic_return,1122.9161630907665
297378,episodic_length,326.0
297709,episodic_return,1111.0914970125143
297709,episodic_length,330.0
298054,episodic_return,1138.1040774649102
298054,episodic_length,344.0
298679,episodic_return,2103.756722024688
298679,episodic_length,624.0
299008,value_loss,0.00034412898821756244
299008,policy_loss,-0.004370894283056259
299008,approx_kl,0.007659310474991798
299008,clipfrac,0.09658203125
299008,explained_variance,0.9804851431399584
299008,sps,545.0
299086,episodic_return,1365.0834532979095
299086,episodic_length,406.0
299640,episodic_return,1881.7806707470584
299640,episodic_length,553.0
300022,episodic_return,1270.7372809973983
300022,episodic_length,381.0
300381,episodic_return,1186.3028326207238
300381,episodic_length,358.0
300846,episodic_return,1565.2584564758504
300846,episodic_length,464.0
301056,value_loss,0.0006174573791213334
301056,policy_loss,-0.042209360748529434
301056,approx_kl,0.012228087522089481
301056,clipfrac,0.10693359375
301056,explained_variance,0.9806618932634592
301056,sps,546.0
301295,episodic_return,1495.9905180331693
301295,episodic_length,448.0
301688,episodic_return,1326.5980543076373
301688,episodic_length,392.0
302158,episodic_return,1555.6419300950874
302158,episodic_length,469.0
302655,episodic_return,1686.566714488362
302655,episodic_length,496.0
302907,episodic_return,845.5162107938297
302907,episodic_length,251.0
303104,value_loss,0.0005857039359398186
303104,policy_loss,-0.057437241077423096
303104,approx_kl,0.0087627237662673
303104,clipfrac,0.10751953125
303104,explained_variance,0.9795150831341743
303104,sps,546.0
303374,episodic_return,1581.8021853495168
303374,episodic_length,466.0
304078,episodic_return,2404.490945251094
304078,episodic_length,703.0
304445,episodic_return,1266.9211442526619
304445,episodic_length,366.0
305003,episodic_return,1812.7313010190335
305003,episodic_length,557.0
305152,value_loss,0.0008226350182667375
305152,policy_loss,-0.01712781935930252
305152,approx_kl,0.01180530246347189
305152,clipfrac,0.114404296875
305152,explained_variance,0.973940048366785
305152,sps,546.0
305361,episodic_return,1235.0306286211062
305361,episodic_length,357.0
305683,episodic_return,1106.9607836715277
305683,episodic_length,321.0
305978,episodic_return,1009.5852702621864
305978,episodic_length,294.0
306371,episodic_return,1333.6728467624669
306371,episodic_length,392.0
306663,episodic_return,973.336741788099
306663,episodic_length,291.0
307075,episodic_return,1391.6361338072534
307075,episodic_length,411.0
307200,value_loss,0.0030162872280925512
307200,policy_loss,-0.04497077688574791
307200,approx_kl,0.032020751386880875
307200,clipfrac,0.1306640625
307200,explained_variance,0.9705035202205181
307200,sps,546.0
307618,episodic_return,1817.110046792804
307618,episodic_length,542.0
307871,episodic_return,853.9849272859855
307871,episodic_length,252.0
308651,episodic_return,2632.8727194106696
308651,episodic_length,779.0
308984,episodic_return,1112.6015980807601
308984,episodic_length,332.0
309248,value_loss,0.0009299085941165686
309248,policy_loss,0.0025663860142230988
309248,approx_kl,0.01064580213278532
309248,clipfrac,0.11845703125
309248,explained_variance,0.9759153854101896
309248,sps,547.0
309371,episodic_return,1303.4616594832469
309371,episodic_length,386.0
309953,episodic_return,1967.0447594773298
309953,episodic_length,581.0
310374,episodic_return,1450.7398905221314
310374,episodic_length,420.0
310743,episodic_return,1251.450063508029
310743,episodic_length,368.0
311296,value_loss,0.0006738008814863861
311296,policy_loss,-0.02740432322025299
311296,approx_kl,0.02010044828057289
311296,clipfrac,0.116796875
311296,explained_variance,0.9802608657628298
311296,sps,547.0
311305,episodic_return,1913.4924932366785
311305,episodic_length,561.0
311764,episodic_return,1553.9268867319115
311764,episodic_length,458.0
312442,episodic_return,2281.250560942583
312442,episodic_length,677.0
312730,episodic_return,987.7124847896541
312730,episodic_length,287.0
313165,episodic_return,1447.4118588380513
313165,episodic_length,434.0
313344,value_loss,0.000575185171328485
313344,policy_loss,-0.005437372252345085
313344,approx_kl,0.007114077918231487
313344,clipfrac,0.095166015625
313344,explained_variance,0.9783887304365635
313344,sps,547.0
313546,episodic_return,1289.987659338811
313546,episodic_length,380.0
314217,episodic_return,2302.3789266338026
314217,episodic_length,670.0
315059,episodic_return,2877.189440486867
315059,episodic_length,841.0
315392,value_loss,0.009602370671927929
315392,policy_loss,-0.02243894338607788
315392,approx_kl,0.006643922068178654
315392,clipfrac,0.111669921875
315392,explained_variance,0.9808429386466742
315392,sps,547.0
315434,episodic_return,1254.0416197194684
315434,episodic_length,374.0
315869,episodic_return,1499.9018656107476
315869,episodic_length,434.0
316275,episodic_return,1369.5299865357822
316275,episodic_length,405.0
316855,episodic_return,1962.2385290469952
316855,episodic_length,579.0
317440,value_loss,0.0005318460753187537
317440,policy_loss,-0.008847124874591827
317440,approx_kl,0.006986591033637524
317440,clipfrac,0.131689453125
317440,explained_variance,0.977881683036685
317440,sps,547.0
317519,episodic_return,2267.706126364129
317519,episodic_length,663.0
317832,episodic_return,1057.610681395801
317832,episodic_length,312.0
318730,episodic_return,2981.7228609903623
318730,episodic_length,897.0
319040,episodic_return,1060.4447022539669
319040,episodic_length,309.0
319480,episodic_return,1487.970698738087
319480,episodic_length,439.0
319488,value_loss,0.0005353360902518034
319488,policy_loss,-0.015819165855646133
319488,approx_kl,0.005855703726410866
319488,clipfrac,0.109326171875
319488,explained_variance,0.9782566577196121
319488,sps,546.0
319764,episodic_return,966.4736326315345
319764,episodic_length,283.0
320157,episodic_return,1301.0202772285136
320157,episodic_length,392.0
320484,episodic_return,1109.8686931451575
320484,episodic_length,326.0
320991,episodic_return,1764.5579008328327
320991,episodic_length,506.0
321536,value_loss,0.0005923998542129993
321536,policy_loss,-0.019524086266756058
321536,approx_kl,0.009097002446651459
321536,clipfrac,0.1033203125
321536,explained_variance,0.979463804513216
321536,sps,547.0
321772,episodic_return,2625.7655614006394
321772,episodic_length,780.0
322175,episodic_return,1351.8225907990961
322175,episodic_length,402.0
322644,episodic_return,1606.7556164263742
322644,episodic_length,468.0
323185,episodic_return,1821.711792769291
323185,episodic_length,540.0
323584,value_loss,0.0005822631064802408
323584,policy_loss,0.00895666517317295
323584,approx_kl,0.007053195498883724
323584,clipfrac,0.11513671875
323584,explained_variance,0.9794532973319292
323584,sps,547.0
323640,episodic_return,1483.8773721961418
323640,episodic_length,454.0
324406,episodic_return,2547.249093823276
324406,episodic_length,765.0
324958,episodic_return,1868.95867113118
324958,episodic_length,551.0
325632,value_loss,0.0012160047190263867
325632,policy_loss,-0.02234601229429245
325632,approx_kl,0.009321852587163448
325632,clipfrac,0.1140625
325632,explained_variance,0.9696292113512754
325632,sps,547.0
325646,episodic_return,2306.9908393438895
325646,episodic_length,687.0
326236,episodic_return,1983.2721836614658
326236,episodic_length,589.0
326935,episodic_return,2364.7332356364905
326935,episodic_length,698.0
327387,episodic_return,1549.3531686492777
327387,episodic_length,451.0
327680,value_loss,0.00028820917941629887
327680,policy_loss,-0.025712966918945312
327680,approx_kl,0.011163328774273396
327680,clipfrac,0.1423828125
327680,explained_variance,0.9805911239236593
327680,sps,547.0
328318,episodic_return,3179.9663859519455
328318,episodic_length,930.0
328782,episodic_return,1566.4471493937733
328782,episodic_length,463.0
329253,episodic_return,1602.7219015138946
329253,episodic_length,470.0
329698,episodic_return,1509.3581819334495
329698,episodic_length,444.0
329728,value_loss,0.0005494572687894106
329728,policy_loss,-0.02705700695514679
329728,approx_kl,0.008843609131872654
329728,clipfrac,0.11083984375
329728,explained_variance,0.9837716277688742
329728,sps,546.0
330059,episodic_return,1236.052597888632
330059,episodic_length,360.0
330502,episodic_return,1480.9540656544602
330502,episodic_length,442.0
331345,episodic_return,2816.212733224666
331345,episodic_length,842.0
331776,value_loss,0.001211603288538754
331776,policy_loss,-0.014692157506942749
331776,approx_kl,0.010669712908565998
331776,clipfrac,0.1359375
331776,explained_variance,0.9722045809030533
331776,sps,546.0
332137,episodic_return,2674.6607842525686
332137,episodic_length,791.0
332415,episodic_return,947.9377966044482
332415,episodic_length,277.0
333101,episodic_return,2370.4709106586806
333101,episodic_length,685.0
333472,episodic_return,1230.5483733359297
333472,episodic_length,370.0
333824,value_loss,0.0012784774880856276
333824,policy_loss,-0.00010395422577857971
333824,approx_kl,0.007061772048473358
333824,clipfrac,0.116748046875
333824,explained_variance,0.9830815512686968
333824,sps,546.0
334066,episodic_return,1996.657828201581
334066,episodic_length,593.0
334408,episodic_return,1191.5435354088902
334408,episodic_length,341.0
335010,episodic_return,1929.5535292026827
335010,episodic_length,601.0
335411,episodic_return,1367.8924400181095
335411,episodic_length,400.0
335872,value_loss,0.0008393214666284621
335872,policy_loss,0.0191471166908741
335872,approx_kl,0.015743209049105644
335872,clipfrac,0.117822265625
335872,explained_variance,0.9820327050983906
335872,sps,546.0
335875,episodic_return,1577.042779662477
335875,episodic_length,463.0
336266,episodic_return,1318.3318009899226
336266,episodic_length,390.0
336734,episodic_return,1577.9143811047713
336734,episodic_length,467.0
337229,episodic_return,1700.0677151198327
337229,episodic_length,494.0
337659,episodic_return,1491.142964947779
337659,episodic_length,429.0
337920,value_loss,0.010098076425492764
337920,policy_loss,-0.026657842099666595
337920,approx_kl,0.015667129307985306
337920,clipfrac,0.107958984375
337920,explained_variance,0.9758667536079884
337920,sps,546.0
338660,episodic_return,3305.121158938566
338660,episodic_length,1000.0
339661,episodic_return,3238.085920026875
339661,episodic_length,1000.0
339968,value_loss,0.0024709843564778566
339968,policy_loss,-0.01393689215183258
339968,approx_kl,0.01094930712133646
339968,clipfrac,0.135498046875
339968,explained_variance,0.6838910281658173
339968,sps,546.0
339979,episodic_return,1101.8708716338217
339979,episodic_length,317.0
340593,episodic_return,2027.5763162757182
340593,episodic_length,613.0
341067,episodic_return,1611.2899322612952
341067,episodic_length,473.0
341524,episodic_return,1552.2283451264016
341524,episodic_length,456.0
342016,value_loss,0.0007021053461357951
342016,policy_loss,-0.013265084475278854
342016,approx_kl,0.012025567702949047
342016,clipfrac,0.118017578125
342016,explained_variance,0.9719291366636753
342016,sps,547.0
342313,episodic_return,2654.760135768667
342313,episodic_length,788.0
342805,episodic_return,1688.1016766227492
342805,episodic_length,491.0
343516,episodic_return,2416.6872266317446
343516,episodic_length,710.0
344064,value_loss,0.0037145824171602726
344064,policy_loss,-0.01804090291261673
344064,approx_kl,0.01374938152730465
344064,clipfrac,0.129296875
344064,explained_variance,0.9790317118167877
344064,sps,547.0
344293,episodic_return,2590.4604080142203
344293,episodic_length,776.0
344896,episodic_return,1942.5094477256282
344896,episodic_length,602.0
345636,episodic_return,2563.607658378767
345636,episodic_length,739.0
346112,value_loss,0.0004218500107526779
346112,policy_loss,-0.019098512828350067
346112,approx_kl,0.0085911201313138
346112,clipfrac,0.11572265625
346112,explained_variance,0.9768028650432825
346112,sps,547.0
346310,episodic_return,2298.0681616087854
346310,episodic_length,673.0
347311,episodic_return,3292.9648602959705
347311,episodic_length,1000.0
347804,episodic_return,1566.8518558232413
347804,episodic_length,492.0
348160,value_loss,0.0016098219202831388
348160,policy_loss,0.009882006794214249
348160,approx_kl,0.007856417447328568
348160,clipfrac,0.1560546875
348160,explained_variance,0.8504151552915573
348160,sps,547.0
348195,episodic_return,1363.9929186677336
348195,episodic_length,390.0
349196,episodic_return,3248.164043387108
349196,episodic_length,1000.0
349829,episodic_return,2124.9344466178163
349829,episodic_length,632.0
350208,value_loss,0.011836359277367592
350208,policy_loss,-0.0036240331828594208
350208,approx_kl,0.011853293515741825
350208,clipfrac,0.129443359375
350208,explained_variance,0.7899769991636276
350208,sps,547.0
350459,episodic_return,2122.7245283816737
350459,episodic_length,629.0
350909,episodic_return,1546.5966557167872
350909,episodic_length,449.0
351406,episodic_return,1693.6709146990727
351406,episodic_length,496.0
351960,episodic_return,1825.6200384740496
351960,episodic_length,553.0
352256,value_loss,0.000367166445357725
352256,policy_loss,-0.02558370679616928
352256,approx_kl,0.007916058413684368
352256,clipfrac,0.12890625
352256,explained_variance,0.9728298354893923
352256,sps,547.0
352785,episodic_return,2763.6361919172223
352785,episodic_length,824.0
353317,episodic_return,1824.928873600757
353317,episodic_length,531.0
353656,episodic_return,1161.1447269821986
353656,episodic_length,338.0
354033,episodic_return,1292.5137623814849
354033,episodic_length,376.0
354304,value_loss,0.0005416268249973655
354304,policy_loss,-0.03933996707201004
354304,approx_kl,0.011903378181159496
354304,clipfrac,0.14150390625
354304,explained_variance,0.9818948768079281
354304,sps,547.0
354473,episodic_return,1483.8094764825794
354473,episodic_length,439.0
355332,episodic_return,2950.2658025652518
355332,episodic_length,858.0
355654,episodic_return,1099.51509364697
355654,episodic_length,321.0
356007,episodic_return,1197.7699280965353
356007,episodic_length,352.0
356322,episodic_return,1096.5304560830598
356322,episodic_length,314.0
356352,value_loss,0.02506975829601288
356352,policy_loss,-0.001815803349018097
356352,approx_kl,0.007829665206372738
356352,clipfrac,0.113623046875
356352,explained_variance,0.9682043381035328
356352,sps,547.0
356577,episodic_return,865.8834605888237
356577,episodic_length,254.0
356949,episodic_return,1257.7620499045267
356949,episodic_length,371.0
357358,episodic_return,1391.6552224072784
357358,episodic_length,408.0
357673,episodic_return,1077.0950334130719
357673,episodic_length,314.0
357965,episodic_return,997.750979574373
357965,episodic_length,291.0
358254,episodic_return,988.9837728916802
358254,episodic_length,288.0
358400,value_loss,0.0007064812816679478
358400,policy_loss,0.002881936728954315
358400,approx_kl,0.009804126806557178
358400,clipfrac,0.11640625
358400,explained_variance,0.9794699996709824
358400,sps,547.0
358543,episodic_return,1011.8236800151467
358543,episodic_length,288.0
358857,episodic_return,1079.9088919509284
358857,episodic_length,313.0
359128,episodic_return,922.4161310027816
359128,episodic_length,270.0
359429,episodic_return,1024.7251734815134
359429,episodic_length,300.0
360430,episodic_return,3242.6029313579775
360430,episodic_length,1000.0
360448,value_loss,0.019443945959210396
360448,policy_loss,-0.0017799213528633118
360448,approx_kl,0.00882328674197197
360448,clipfrac,0.147119140625
360448,explained_variance,0.9041453674435616
360448,sps,547.0
360782,episodic_return,1210.7461386592308
360782,episodic_length,351.0
361428,episodic_return,2166.5007654358897
361428,episodic_length,645.0
361979,episodic_return,1881.8797569918513
361979,episodic_length,550.0
362259,episodic_return,930.5570115824369
362259,episodic_length,279.0
362496,value_loss,0.011934230104088783
362496,policy_loss,-0.03526991605758667
362496,approx_kl,0.011431561782956123
362496,clipfrac,0.131689453125
362496,explained_variance,0.9785015117377043
362496,sps,547.0
362660,episodic_return,1386.2226981534398
362660,episodic_length,400.0
363217,episodic_return,1923.1173523166349
363217,episodic_length,556.0
363730,episodic_return,1724.5939400318325
363730,episodic_length,512.0
364026,episodic_return,1003.3371093447304
364026,episodic_length,295.0
364386,episodic_return,1232.6930751204197
364386,episodic_length,359.0
364544,value_loss,0.01486043632030487
364544,policy_loss,-0.025688085705041885
364544,approx_kl,0.007861066609621048
364544,clipfrac,0.1326171875
364544,explained_variance,0.9830533023923635
364544,sps,547.0
364739,episodic_return,1202.1351027002186
364739,episodic_length,352.0
365078,episodic_return,1179.0708212955622
365078,episodic_length,338.0
365353,episodic_return,954.5774260262225
365353,episodic_length,274.0
365768,episodic_return,1392.8926732241775
365768,episodic_length,414.0
366124,episodic_return,1223.3327506037745
366124,episodic_length,355.0
366574,episodic_return,1545.767726278629
366574,episodic_length,449.0
366592,value_loss,0.00913925189524889
366592,policy_loss,-0.008310079574584961
366592,approx_kl,0.012288696132600307
366592,clipfrac,0.129248046875
366592,explained_variance,0.9809062443673611
366592,sps,547.0
366838,episodic_return,902.3809873703473
366838,episodic_length,263.0
367207,episodic_return,1264.2787725440792
367207,episodic_length,368.0
367583,episodic_return,1272.7917178305813
367583,episodic_length,375.0
368035,episodic_return,1543.6873044258018
368035,episodic_length,451.0
368400,episodic_return,1222.8102779308495
368400,episodic_length,364.0
368640,value_loss,0.0006544073112308979
368640,policy_loss,-0.040154896676540375
368640,approx_kl,0.011651607230305672
368640,clipfrac,0.0859375
368640,explained_variance,0.9772129282355309
368640,sps,547.0
368719,episodic_return,1081.198492805868
368719,episodic_length,318.0
368998,episodic_return,966.1050399576866
368998,episodic_length,278.0
369459,episodic_return,1577.8868514296912
369459,episodic_length,460.0
369742,episodic_return,945.6863293086295
369742,episodic_length,282.0
370079,episodic_return,1143.0737670674964
370079,episodic_length,336.0
370485,episodic_return,1379.449926307256
370485,episodic_length,405.0
370688,value_loss,0.0003515054704621434
370688,policy_loss,-0.016983438283205032
370688,approx_kl,0.01428691204637289
370688,clipfrac,0.1298828125
370688,explained_variance,0.9800566732883453
370688,sps,547.0
370864,episodic_return,1293.8129195760212
370864,episodic_length,378.0
371314,episodic_return,1523.9594989744423
371314,episodic_length,449.0
371698,episodic_return,1310.3455316151696
371698,episodic_length,383.0
371986,episodic_return,970.0602607950013
371986,episodic_length,287.0
372568,episodic_return,1807.8960240190163
372568,episodic_length,581.0
372736,value_loss,0.020783422514796257
372736,policy_loss,-0.033720310777425766
372736,approx_kl,0.016218101605772972
372736,clipfrac,0.15380859375
372736,explained_variance,0.9811069034039974
372736,sps,547.0
372937,episodic_return,1249.1889479653134
372937,episodic_length,368.0
373189,episodic_return,850.1937786814987
373189,episodic_length,251.0
373491,episodic_return,1057.892697556263
373491,episodic_length,301.0
373808,episodic_return,1094.6632098323441
373808,episodic_length,316.0
374312,episodic_return,1747.422747243872
374312,episodic_length,503.0
374784,value_loss,0.0006452990346588194
374784,policy_loss,-0.00567617267370224
374784,approx_kl,0.007412804290652275
374784,clipfrac,0.124609375
374784,explained_variance,0.9807933885604143
374784,sps,546.0
374990,episodic_return,2313.61715701924
374990,episodic_length,677.0
375428,episodic_return,1497.8539958144927
375428,episodic_length,437.0
375771,episodic_return,1194.6059096521121
375771,episodic_length,342.0
376213,episodic_return,1507.711561819631
376213,episodic_length,441.0
376761,episodic_return,1876.31757712826
376761,episodic_length,547.0
376832,value_loss,0.004727300722151995
376832,policy_loss,-0.025883350521326065
376832,approx_kl,0.010124743916094303
376832,clipfrac,0.12861328125
376832,explained_variance,0.9872671393677592
376832,sps,547.0
377281,episodic_return,1773.51246118597
377281,episodic_length,519.0
377834,episodic_return,1911.9208065599462
377834,episodic_length,552.0
378265,episodic_return,1465.4207627349792
378265,episodic_length,430.0
378880,value_loss,0.00018492768867872655
378880,policy_loss,-0.01976793259382248
378880,approx_kl,0.008622325025498867
378880,clipfrac,0.12509765625
378880,explained_variance,0.986844465136528
378880,sps,547.0
379193,episodic_return,3116.894290470209
379193,episodic_length,927.0
380127,episodic_return,3109.787865270319
380127,episodic_length,933.0
380558,episodic_return,1499.9155092491164
380558,episodic_length,430.0
380928,value_loss,0.0005145022878423333
380928,policy_loss,-0.013967379927635193
380928,approx_kl,0.005788629874587059
380928,clipfrac,0.10869140625
380928,explained_variance,0.9877055203542113
380928,sps,547.0
381559,episodic_return,3278.531568916854
381559,episodic_length,1000.0
382365,episodic_return,2752.251636145337
382365,episodic_length,805.0
382976,value_loss,0.0008301741327159107
382976,policy_loss,-0.018273383378982544
382976,approx_kl,0.012084118090569973
382976,clipfrac,0.170654296875
382976,explained_variance,0.7897297739982605
382976,sps,547.0
383133,episodic_return,2637.3533508577907
383133,episodic_length,767.0
384134,episodic_return,3319.1610261263163
384134,episodic_length,1000.0
384442,episodic_return,1049.305465508633
384442,episodic_length,307.0
384881,episodic_return,1528.1156841339896
384881,episodic_length,438.0
385024,value_loss,0.01538791786879301
385024,policy_loss,0.014640744775533676
385024,approx_kl,0.01624416932463646
385024,clipfrac,0.134423828125
385024,explained_variance,0.9002159163355827
385024,sps,547.0
385526,episodic_return,2141.0901746015766
385526,episodic_length,644.0
385880,episodic_return,1216.2809196042258
385880,episodic_length,353.0
386204,episodic_return,1113.6907835754803
386204,episodic_length,323.0
387065,episodic_return,2895.4940824743803
387065,episodic_length,860.0
387072,value_loss,0.0005693502025678754
387072,policy_loss,0.0016728844493627548
387072,approx_kl,0.008771168999373913
387072,clipfrac,0.127783203125
387072,explained_variance,0.9753781221807003
387072,sps,547.0
387497,episodic_return,1482.2584752110965
387497,episodic_length,431.0
387902,episodic_return,1396.6550621863475
387902,episodic_length,404.0
388267,episodic_return,1257.5051789307188
388267,episodic_length,364.0
388585,episodic_return,1092.8090365057592
388585,episodic_length,317.0
389023,episodic_return,1477.634038804185
389023,episodic_length,437.0
389120,value_loss,0.0003930677194148302
389120,policy_loss,-0.038297783583402634
389120,approx_kl,0.01509725209325552
389120,clipfrac,0.10283203125
389120,explained_variance,0.9784644395112991
389120,sps,547.0
389534,episodic_return,1769.9760609116847
389534,episodic_length,510.0
390535,episodic_return,3246.936036871809
390535,episodic_length,1000.0
391168,value_loss,0.00045927229803055525
391168,policy_loss,0.0038465186953544617
391168,approx_kl,0.010987633839249611
391168,clipfrac,0.100341796875
391168,explained_variance,0.7869340628385544
391168,sps,547.0
391326,episodic_return,2687.7113638543015
391326,episodic_length,790.0
392327,episodic_return,3250.653865262887
392327,episodic_length,1000.0
393078,episodic_return,2457.082109287009
393078,episodic_length,750.0
393216,value_loss,0.017189202830195427
393216,policy_loss,-0.021895695477724075
393216,approx_kl,0.012701626867055893
393216,clipfrac,0.140966796875
393216,explained_variance,0.8127748966217041
393216,sps,547.0
393543,episodic_return,1550.9004299460667
393543,episodic_length,464.0
394227,episodic_return,2315.7521381869833
394227,episodic_length,683.0
395228,episodic_return,3263.4210078884043
395228,episodic_length,1000.0
395264,value_loss,0.0058021266013383865
395264,policy_loss,-0.006372883915901184
395264,approx_kl,0.010536587797105312
395264,clipfrac,0.13037109375
395264,explained_variance,0.8062999546527863
395264,sps,547.0
395553,episodic_return,1123.3964022863786
395553,episodic_length,324.0
395913,episodic_return,1247.4909783018913
395913,episodic_length,359.0
396914,episodic_return,3234.0172135505927
396914,episodic_length,1000.0
397312,value_loss,0.002529584337025881
397312,policy_loss,-0.028949949890375137
397312,approx_kl,0.019745325669646263
397312,clipfrac,0.1587890625
397312,explained_variance,0.8369186371564865
397312,sps,547.0
397585,episodic_return,2304.219128582849
397585,episodic_length,670.0
398342,episodic_return,2561.244270626712
398342,episodic_length,756.0
398736,episodic_return,1368.5860947877725
398736,episodic_length,393.0
399088,episodic_return,1205.0021855434936
399088,episodic_length,351.0
399360,value_loss,0.0006826792377978563
399360,policy_loss,-0.03578237444162369
399360,approx_kl,0.011091710068285465
399360,clipfrac,0.0939453125
399360,explained_variance,0.968809062615037
399360,sps,547.0
399390,episodic_return,1027.9367146340026
399390,episodic_length,301.0
400175,episodic_return,2723.608436309553
400175,episodic_length,784.0
400783,episodic_return,2058.900386099761
400783,episodic_length,607.0
401408,value_loss,0.0002861995017156005
401408,policy_loss,-0.013375923037528992
401408,approx_kl,0.014575761742889881
401408,clipfrac,0.12939453125
401408,explained_variance,0.9690817873924971
401408,sps,547.0
401654,episodic_return,2984.3350501462573
401654,episodic_length,870.0
402054,episodic_return,1383.4991736656618
402054,episodic_length,399.0
402337,episodic_return,978.2008315357547
402337,episodic_length,282.0
402642,episodic_return,1060.931107551898
402642,episodic_length,304.0
402977,episodic_return,1150.910784834374
402977,episodic_length,334.0
403392,episodic_return,1432.724710026407
403392,episodic_length,414.0
403456,value_loss,0.005315782502293587
403456,policy_loss,0.0359404981136322
403456,approx_kl,0.013029833324253559
403456,clipfrac,0.10791015625
403456,explained_variance,0.9733211398124695
403456,sps,547.0
403865,episodic_return,1626.1500761892323
403865,episodic_length,472.0
404160,episodic_return,995.4361118963528
404160,episodic_length,294.0
405003,episodic_return,2857.4007731658057
405003,episodic_length,842.0
405286,episodic_return,988.8057011505948
405286,episodic_length,282.0
405504,value_loss,0.007330460473895073
405504,policy_loss,-0.029234085232019424
405504,approx_kl,0.010641779750585556
405504,clipfrac,0.138525390625
405504,explained_variance,0.9803381506353617
405504,sps,547.0
405725,episodic_return,1479.259383633304
405725,episodic_length,438.0
406726,episodic_return,3166.72225551902
406726,episodic_length,1000.0
407458,episodic_return,2488.870222946706
407458,episodic_length,731.0
407552,value_loss,0.003663880517706275
407552,policy_loss,-0.05022202059626579
407552,approx_kl,0.010839072987437248
407552,clipfrac,0.14189453125
407552,explained_variance,0.8795041888952255
407552,sps,547.0
407795,episodic_return,1189.43825846431
407795,episodic_length,336.0
408796,episodic_return,3399.581034615116
408796,episodic_length,1000.0
409267,episodic_return,1604.2334018786335
409267,episodic_length,470.0
409600,value_loss,0.0005087344907224178
409600,policy_loss,-0.02064506895840168
409600,approx_kl,0.011505141854286194
409600,clipfrac,0.119384765625
409600,explained_variance,0.9783824980258942
409600,sps,547.0
409776,episodic_return,1728.394518310168
409776,episodic_length,508.0
410237,episodic_return,1591.1188564018669
410237,episodic_length,460.0
410595,episodic_return,1219.058999061567
410595,episodic_length,357.0
411121,episodic_return,1802.7341692376112
411121,episodic_length,525.0
411417,episodic_return,1009.7672596898465
411417,episodic_length,295.0
411648,value_loss,0.0007079517235979438
411648,policy_loss,0.0016674324870109558
411648,approx_kl,0.0073672691360116005
411648,clipfrac,0.105712890625
411648,explained_variance,0.9739576764404774
411648,sps,547.0
412142,episodic_return,2459.1437880926883
412142,episodic_length,724.0
412572,episodic_return,1454.731725396641
412572,episodic_length,429.0
413573,episodic_return,3224.150138566859
413573,episodic_length,1000.0
413696,value_loss,0.033313147723674774
413696,policy_loss,-0.0337376594543457
413696,approx_kl,0.010981839150190353
413696,clipfrac,0.13310546875
413696,explained_variance,0.8634304851293564
413696,sps,547.0
414574,episodic_return,3172.4920879834885
414574,episodic_length,1000.0
414967,episodic_return,1347.752634823308
414967,episodic_length,392.0
415260,episodic_return,1016.6032601309208
415260,episodic_length,292.0
415744,value_loss,0.002981480909511447
415744,policy_loss,0.0026206448674201965
415744,approx_kl,0.015777673572301865
415744,clipfrac,0.125341796875
415744,explained_variance,0.8811915516853333
415744,sps,547.0
416261,episodic_return,3153.029425185704
416261,episodic_length,1000.0
417262,episodic_return,2927.967223437897
417262,episodic_length,1000.0
417792,value_loss,0.025206446647644043
417792,policy_loss,-0.008182935416698456
417792,approx_kl,0.012721276842057705
417792,clipfrac,0.153564453125
417792,explained_variance,0.4548419713973999
417792,sps,548.0
418032,episodic_return,2601.5953214584288
418032,episodic_length,769.0
418570,episodic_return,1844.3760910842782
418570,episodic_length,537.0
418846,episodic_return,954.3143744750049
418846,episodic_length,275.0
419134,episodic_return,986.2486927374911
419134,episodic_length,287.0
419424,episodic_return,996.9912507406918
419424,episodic_length,289.0
419759,episodic_return,1162.8694967721874
419759,episodic_length,334.0
419840,value_loss,0.0008706008084118366
419840,policy_loss,-0.0423673540353775
419840,approx_kl,0.013197188265621662
419840,clipfrac,0.1419921875
419840,explained_variance,0.9629054553806782
419840,sps,548.0
420760,episodic_return,3276.5067141549216
420760,episodic_length,1000.0
421761,episodic_return,3131.6143550385373
421761,episodic_length,1000.0
421888,value_loss,0.005853923037648201
421888,policy_loss,-0.02596145309507847
421888,approx_kl,0.013144713826477528
421888,clipfrac,0.150537109375
421888,explained_variance,0.16246330738067627
421888,sps,548.0
422049,episodic_return,987.9106753594956
422049,episodic_length,287.0
422327,episodic_return,937.5361313138696
422327,episodic_length,277.0
422632,episodic_return,1035.4567388439577
422632,episodic_length,304.0
422923,episodic_return,968.6095849239331
422923,episodic_length,290.0
423231,episodic_return,1081.8429956584605
423231,episodic_length,307.0
423502,episodic_return,924.6032624627443
423502,episodic_length,270.0
423936,value_loss,0.0010959929786622524
423936,policy_loss,-0.012073464691638947
423936,approx_kl,0.009320443496108055
423936,clipfrac,0.100390625
423936,explained_variance,0.9699853956699371
423936,sps,548.0
424503,episodic_return,3191.2813461609753
424503,episodic_length,1000.0
425504,episodic_return,3182.722197801602
425504,episodic_length,1000.0
425832,episodic_return,1141.1717296815152
425832,episodic_length,327.0
425984,value_loss,0.005824585445225239
425984,policy_loss,-0.02212858945131302
425984,approx_kl,0.021021313965320587
425984,clipfrac,0.16201171875
425984,explained_variance,0.5979773998260498
425984,sps,548.0
426184,episodic_return,1205.0879560668923
426184,episodic_length,351.0
427185,episodic_return,3169.95661816742
427185,episodic_length,1000.0
427449,episodic_return,914.9394246042933
427449,episodic_length,263.0
428027,episodic_return,1995.6504347549524
428027,episodic_length,577.0
428032,value_loss,0.0009299044031649828
428032,policy_loss,0.025279588997364044
428032,approx_kl,0.017669878900051117
428032,clipfrac,0.110888671875
428032,explained_variance,0.9046816602349281
428032,sps,548.0
429028,episodic_return,3178.550007775285
429028,episodic_length,1000.0
429367,episodic_return,1154.627420252697
429367,episodic_length,338.0
430080,value_loss,0.0018532779067754745
430080,policy_loss,-0.006810847669839859
430080,approx_kl,0.007661068812012672
430080,clipfrac,0.1279296875
430080,explained_variance,0.7564080506563187
430080,sps,547.0
430368,episodic_return,3189.4335997053063
430368,episodic_length,1000.0
430673,episodic_return,1054.9949542345726
430673,episodic_length,304.0
430984,episodic_return,1078.6826287318981
430984,episodic_length,310.0
431235,episodic_return,873.0523262837855
431235,episodic_length,250.0
431594,episodic_return,1213.969359710279
431594,episodic_length,358.0
432128,value_loss,0.025819653645157814
432128,policy_loss,-0.033256612718105316
432128,approx_kl,0.009033828042447567
432128,clipfrac,0.11865234375
432128,explained_variance,0.9043843150138855
432128,sps,547.0
432595,episodic_return,3293.0070610926236
432595,episodic_length,1000.0
432926,episodic_return,1134.06995207569
432926,episodic_length,330.0
433345,episodic_return,1444.7958470814535
433345,episodic_length,418.0
433587,episodic_return,824.3298268800835
433587,episodic_length,241.0
434176,value_loss,0.006230799946933985
434176,policy_loss,-0.007257677614688873
434176,approx_kl,0.008571949787437916
434176,clipfrac,0.109619140625
434176,explained_variance,0.914016380906105
434176,sps,547.0
434588,episodic_return,3266.2418935719534
434588,episodic_length,1000.0
434910,episodic_return,1108.499678768188
434910,episodic_length,321.0
435194,episodic_return,968.7821329191348
435194,episodic_length,283.0
435464,episodic_return,925.6272843200624
435464,episodic_length,269.0
435727,episodic_return,902.6582267778155
435727,episodic_length,262.0
436224,value_loss,0.05314816161990166
436224,policy_loss,-0.027526669204235077
436224,approx_kl,0.008447066880762577
436224,clipfrac,0.131005859375
436224,explained_variance,0.8863750621676445
436224,sps,547.0
436295,episodic_return,1961.8347977195037
436295,episodic_length,567.0
436571,episodic_return,775.2329928530862
436571,episodic_length,275.0
436824,episodic_return,865.9858088613584
436824,episodic_length,252.0
437341,episodic_return,1779.7723923160079
437341,episodic_length,516.0
437571,episodic_return,789.8408352799797
437571,episodic_length,229.0
437851,episodic_return,957.2142674134959
437851,episodic_length,279.0
438185,episodic_return,1144.852857083876
438185,episodic_length,333.0
438272,value_loss,0.0034213364124298096
438272,policy_loss,-0.013678662478923798
438272,approx_kl,0.009138342924416065
438272,clipfrac,0.125537109375
438272,explained_variance,0.9621313773095608
438272,sps,547.0
438671,episodic_return,1653.843576114543
438671,episodic_length,485.0
439014,episodic_return,1175.9107694888635
439014,episodic_length,342.0
439295,episodic_return,947.95108100872
439295,episodic_length,280.0
439595,episodic_return,1034.637910564287
439595,episodic_length,299.0
439937,episodic_return,1181.972789040411
439937,episodic_length,341.0
440320,value_loss,0.011318827979266644
440320,policy_loss,-0.010174531489610672
440320,approx_kl,0.007620915770530701
440320,clipfrac,0.116748046875
440320,explained_variance,0.9796169977635145
440320,sps,547.0
440556,episodic_return,2156.5004260329265
440556,episodic_length,618.0
440991,episodic_return,1513.3605301657005
440991,episodic_length,434.0
441286,episodic_return,1027.3866458492885
441286,episodic_length,294.0
441725,episodic_return,1512.6121973172458
441725,episodic_length,438.0
442025,episodic_return,1035.4588204386196
442025,episodic_length,299.0
442304,episodic_return,935.352706603254
442304,episodic_length,278.0
442368,value_loss,0.0006237051566131413
442368,policy_loss,-0.014787890017032623
442368,approx_kl,0.019166095182299614
442368,clipfrac,0.13359375
442368,explained_variance,0.977753734216094
442368,sps,548.0
443305,episodic_return,3248.479678106001
443305,episodic_length,1000.0
443577,episodic_return,922.0004077671599
443577,episodic_length,271.0
443878,episodic_return,1034.1170259013275
443878,episodic_length,300.0
444284,episodic_return,1430.3678251813901
444284,episodic_length,405.0
444416,value_loss,0.0058074393309652805
444416,policy_loss,-0.035126205533742905
444416,approx_kl,0.01941186562180519
444416,clipfrac,0.170849609375
444416,explained_variance,0.8578155785799026
444416,sps,548.0
444575,episodic_return,991.6302598347694
444575,episodic_length,290.0
444807,episodic_return,796.4118331306751
444807,episodic_length,231.0
445121,episodic_return,1086.1239112592511
445121,episodic_length,313.0
445430,episodic_return,1057.6578584880913
445430,episodic_length,308.0
445704,episodic_return,944.5733410782861
445704,episodic_length,273.0
446087,episodic_return,1325.3268781242386
446087,episodic_length,382.0
446368,episodic_return,960.7678458152013
446368,episodic_length,280.0
446464,value_loss,0.0021200974006205797
446464,policy_loss,-0.03701986372470856
446464,approx_kl,0.01464784611016512
446464,clipfrac,0.116845703125
446464,explained_variance,0.9754879605025053
446464,sps,547.0
446679,episodic_return,1067.9612782889703
446679,episodic_length,310.0
447680,episodic_return,3278.9306562322745
447680,episodic_length,1000.0
448512,value_loss,0.0015394549118354917
448512,policy_loss,-0.032347824424505234
448512,approx_kl,0.008938193321228027
448512,clipfrac,0.133251953125
448512,explained_variance,0.7594378143548965
448512,sps,547.0
448566,episodic_return,3016.706413453076
448566,episodic_length,885.0
448887,episodic_return,1103.5259570606518
448887,episodic_length,320.0
449182,episodic_return,1008.9797754234016
449182,episodic_length,294.0
449423,episodic_return,850.2492755746754
449423,episodic_length,240.0
449724,episodic_return,1033.0561364226737
449724,episodic_length,300.0
450101,episodic_return,1317.5792390502613
450101,episodic_length,376.0
450358,episodic_return,861.0037647458473
450358,episodic_length,256.0
450560,value_loss,0.00042709289118647575
450560,policy_loss,-0.011645982041954994
450560,approx_kl,0.013639640994369984
450560,clipfrac,0.130078125
450560,explained_variance,0.9665394388139248
450560,sps,547.0
451359,episodic_return,3267.1602372218404
451359,episodic_length,1000.0
451946,episodic_return,2034.9509038546516
451946,episodic_length,586.0
452361,episodic_return,1451.2190804240286
452361,episodic_length,414.0
452608,value_loss,0.04529915004968643
452608,policy_loss,0.008394278585910797
452608,approx_kl,0.014441455714404583
452608,clipfrac,0.1564453125
452608,explained_variance,0.8186317980289459
452608,sps,547.0
452776,episodic_return,1433.5977481579637
452776,episodic_length,414.0
453777,episodic_return,3264.9336466353693
453777,episodic_length,1000.0
454656,value_loss,0.0016183082479983568
454656,policy_loss,-0.02363911271095276
454656,approx_kl,0.009670330211520195
454656,clipfrac,0.126123046875
454656,explained_variance,0.7564168721437454
454656,sps,547.0
454746,episodic_return,3345.83697976741
454746,episodic_length,968.0
455084,episodic_return,1172.3922011607879
455084,episodic_length,337.0
455335,episodic_return,870.5571025723546
455335,episodic_length,250.0
455841,episodic_return,1725.8398767233832
455841,episodic_length,505.0
456704,value_loss,0.0010354709811508656
456704,policy_loss,-0.039816755801439285
456704,approx_kl,0.014743948355317116
456704,clipfrac,0.111572265625
456704,explained_variance,0.9825906995683908
456704,sps,547.0
456808,episodic_return,3324.6160144289047
456808,episodic_length,966.0
457112,episodic_return,1048.037347269139
457112,episodic_length,303.0
457444,episodic_return,1139.0927865662825
457444,episodic_length,331.0
457921,episodic_return,1660.2643737139274
457921,episodic_length,476.0
458236,episodic_return,1100.2065935124174
458236,episodic_length,314.0
458563,episodic_return,1123.4235123538458
458563,episodic_length,326.0
458752,value_loss,0.00041368789970874786
458752,policy_loss,-0.0356481559574604
458752,approx_kl,0.01077148038893938
458752,clipfrac,0.10224609375
458752,explained_variance,0.9817118551582098
458752,sps,547.0
458870,episodic_return,1057.94206369079
458870,episodic_length,306.0
459160,episodic_return,1013.8570971689686
459160,episodic_length,289.0
459468,episodic_return,1088.1100720808838
459468,episodic_length,307.0
460162,episodic_return,2408.462385032512
460162,episodic_length,693.0
460794,episodic_return,2196.854322692816
460794,episodic_length,631.0
460800,value_loss,0.0004012727295048535
460800,policy_loss,-0.029110264033079147
460800,approx_kl,0.01910685934126377
460800,clipfrac,0.139501953125
460800,explained_variance,0.9816354066133499
460800,sps,547.0
461108,episodic_return,1087.608708063065
461108,episodic_length,313.0
461417,episodic_return,1073.9600590129787
461417,episodic_length,308.0
461827,episodic_return,1397.6226749452237
461827,episodic_length,409.0
462212,episodic_return,1343.6115808873794
462212,episodic_length,384.0
462614,episodic_return,1387.8761115579591
462614,episodic_length,401.0
462848,value_loss,0.00028142216615378857
462848,policy_loss,-0.022596627473831177
462848,approx_kl,0.013316561467945576
462848,clipfrac,0.136572265625
462848,explained_variance,0.9817854408174753
462848,sps,547.0
462943,episodic_return,1121.5188097396765
462943,episodic_length,328.0
463218,episodic_return,953.0119302630313
463218,episodic_length,274.0
463502,episodic_return,974.9167991380275
463502,episodic_length,283.0
463790,episodic_return,1004.3542751063563
463790,episodic_length,287.0
464091,episodic_return,1047.5211704008825
464091,episodic_length,300.0
464389,episodic_return,1031.1222660378107
464389,episodic_length,297.0
464728,episodic_return,1185.1999620681124
464728,episodic_length,338.0
464896,value_loss,0.002337387530133128
464896,policy_loss,-0.021280638873577118
464896,approx_kl,0.010181205347180367
464896,clipfrac,0.0888671875
464896,explained_variance,0.9777662213891745
464896,sps,547.0
465044,episodic_return,1121.0664928494625
465044,episodic_length,315.0
465382,episodic_return,1170.3509288624819
465382,episodic_length,337.0
465784,episodic_return,1393.617761906034
465784,episodic_length,401.0
466101,episodic_return,1110.3778506764502
466101,episodic_length,316.0
466356,episodic_return,872.9729030701469
466356,episodic_length,254.0
466633,episodic_return,931.6707148156139
466633,episodic_length,276.0
466944,value_loss,0.0010394100099802017
466944,policy_loss,-0.02197585627436638
466944,approx_kl,0.010166692547500134
466944,clipfrac,0.118310546875
466944,explained_variance,0.9785475861281157
466944,sps,547.0
467159,episodic_return,1837.466636666671
467159,episodic_length,525.0
467447,episodic_return,1008.637017345959
467447,episodic_length,287.0
467918,episodic_return,1629.0807803038163
467918,episodic_length,470.0
468334,episodic_return,1434.191373680791
468334,episodic_length,415.0
468654,episodic_return,1111.1330643648155
468654,episodic_length,319.0
468992,value_loss,0.00338593777269125
468992,policy_loss,-0.04171188175678253
468992,approx_kl,0.013269674964249134
468992,clipfrac,0.124462890625
468992,explained_variance,0.9818708263337612
468992,sps,547.0
469152,episodic_return,1719.565536018207
469152,episodic_length,497.0
469476,episodic_return,1133.4935275849216
469476,episodic_length,323.0
469922,episodic_return,1529.039455386533
469922,episodic_length,445.0
470462,episodic_return,1840.1443807601318
470462,episodic_length,539.0
470799,episodic_return,1172.519052229925
470799,episodic_length,336.0
471040,value_loss,0.0027742909733206034
471040,policy_loss,-0.025208383798599243
471040,approx_kl,0.008124278858304024
471040,clipfrac,0.1064453125
471040,explained_variance,0.9841012302786112
471040,sps,547.0
471434,episodic_return,2184.635551927485
471434,episodic_length,634.0
472012,episodic_return,1999.5411755469727
472012,episodic_length,577.0
472468,episodic_return,1568.8331054621615
472468,episodic_length,455.0
472985,episodic_return,1795.1000087481848
472985,episodic_length,516.0
473088,value_loss,0.0029539947863668203
473088,policy_loss,-0.015188023447990417
473088,approx_kl,0.007447997108101845
473088,clipfrac,0.105224609375
473088,explained_variance,0.9835530798882246
473088,sps,547.0
473684,episodic_return,2365.0925766883297
473684,episodic_length,698.0
473932,episodic_return,868.728800812882
473932,episodic_length,247.0
474490,episodic_return,1923.9198803446766
474490,episodic_length,557.0
475136,value_loss,0.0005196721176616848
475136,policy_loss,-0.004241548478603363
475136,approx_kl,0.011188126169145107
475136,clipfrac,0.1455078125
475136,explained_variance,0.98029357008636
475136,sps,547.0
475491,episodic_return,3414.8882278048036
475491,episodic_length,1000.0
476333,episodic_return,2929.146170537619
476333,episodic_length,841.0
476661,episodic_return,1141.1031464813184
476661,episodic_length,327.0
477119,episodic_return,1556.0559984303989
477119,episodic_length,457.0
477184,value_loss,0.000574251520447433
477184,policy_loss,-0.021549180150032043
477184,approx_kl,0.014536354690790176
477184,clipfrac,0.1103515625
477184,explained_variance,0.9731046799570322
477184,sps,547.0
477425,episodic_return,1049.2789157741206
477425,episodic_length,305.0
477729,episodic_return,1055.0378950527086
477729,episodic_length,303.0
478121,episodic_return,1360.6832957256656
478121,episodic_length,391.0
478478,episodic_return,1234.7303783180412
478478,episodic_length,356.0
478805,episodic_return,1125.6044484818156
478805,episodic_length,326.0
479232,value_loss,0.00025456133880652487
479232,policy_loss,0.001186193898320198
479232,approx_kl,0.01242300495505333
479232,clipfrac,0.118115234375
479232,explained_variance,0.9807246290147305
479232,sps,547.0
479479,episodic_return,2264.2777422167946
479479,episodic_length,673.0
479818,episodic_return,1165.1660911238562
479818,episodic_length,338.0
480083,episodic_return,906.4947823071932
480083,episodic_length,264.0
480344,episodic_return,898.05054991824
480344,episodic_length,260.0
481055,episodic_return,2438.4551336168724
481055,episodic_length,710.0
481280,value_loss,0.0020015155896544456
481280,policy_loss,-0.013349741697311401
481280,approx_kl,0.009867269545793533
481280,clipfrac,0.083349609375
481280,explained_variance,0.9742360021919012
481280,sps,547.0
481400,episodic_return,1185.4072177724079
481400,episodic_length,344.0
481753,episodic_return,1211.6166943508044
481753,episodic_length,352.0
482138,episodic_return,1339.4918684326747
482138,episodic_length,384.0
482401,episodic_return,905.1925376061242
482401,episodic_length,262.0
482714,episodic_return,1084.3928204317262
482714,episodic_length,312.0
483057,episodic_return,1169.442791393571
483057,episodic_length,342.0
483328,value_loss,0.009439568035304546
483328,policy_loss,-0.012808553874492645
483328,approx_kl,0.009449334815144539
483328,clipfrac,0.135400390625
483328,explained_variance,0.9800995141267776
483328,sps,547.0
483454,episodic_return,1370.1603100429343
483454,episodic_length,396.0
483806,episodic_return,1196.880329696333
483806,episodic_length,351.0
484175,episodic_return,1268.4325216604086
484175,episodic_length,368.0
484471,episodic_return,1023.571238282211
484471,episodic_length,295.0
484807,episodic_return,1171.1265982587715
484807,episodic_length,335.0
485056,episodic_return,855.807940918204
485056,episodic_length,248.0
485376,value_loss,0.005631772801280022
485376,policy_loss,-0.021267488598823547
485376,approx_kl,0.01281401701271534
485376,clipfrac,0.104931640625
485376,explained_variance,0.9823273867368698
485376,sps,547.0
485548,episodic_return,1687.2230360349918
485548,episodic_length,491.0
486068,episodic_return,1761.3411684772107
486068,episodic_length,519.0
486544,episodic_return,1640.749413325166
486544,episodic_length,475.0
486868,episodic_return,1134.2845846146352
486868,episodic_length,323.0
487319,episodic_return,1534.2132723884656
487319,episodic_length,450.0
487424,value_loss,0.006882348097860813
487424,policy_loss,-0.033269237726926804
487424,approx_kl,0.007628713734447956
487424,clipfrac,0.10537109375
487424,explained_variance,0.9840089231729507
487424,sps,547.0
487803,episodic_return,1672.367575536035
487803,episodic_length,483.0
488066,episodic_return,907.6499453230923
488066,episodic_length,262.0
488316,episodic_return,861.7859654763902
488316,episodic_length,249.0
488736,episodic_return,1420.0023640633483
488736,episodic_length,419.0
489061,episodic_return,1111.6250633350899
489061,episodic_length,324.0
489358,episodic_return,1028.249301201773
489358,episodic_length,296.0
489472,value_loss,0.00020886897982563823
489472,policy_loss,-0.03439349681138992
489472,approx_kl,0.010879001580178738
489472,clipfrac,0.09853515625
489472,explained_variance,0.9833474159240723
489472,sps,547.0
489870,episodic_return,1755.0790905852969
489870,episodic_length,511.0
490361,episodic_return,1692.729417645557
490361,episodic_length,490.0
490785,episodic_return,1444.6290347937265
490785,episodic_length,423.0
491446,episodic_return,2247.7968798506713
491446,episodic_length,660.0
491520,value_loss,0.0005886992439627647
491520,policy_loss,-0.00854445993900299
491520,approx_kl,0.006912491284310818
491520,clipfrac,0.103759765625
491520,explained_variance,0.9870842294767499
491520,sps,547.0
491830,episodic_return,1328.6697182604653
491830,episodic_length,383.0
492180,episodic_return,1210.16115230621
492180,episodic_length,349.0
492653,episodic_return,1647.577730578293
492653,episodic_length,472.0
492992,episodic_return,1172.99694537758
492992,episodic_length,338.0
493460,episodic_return,1628.0774568127645
493460,episodic_length,467.0
493568,value_loss,0.00046427937922999263
493568,policy_loss,-0.016652856022119522
493568,approx_kl,0.007208934053778648
493568,clipfrac,0.0912109375
493568,explained_variance,0.9835529904812574
493568,sps,547.0
493725,episodic_return,893.0830805214639
493725,episodic_length,264.0
494347,episodic_return,2128.453803968695
494347,episodic_length,621.0
494948,episodic_return,2079.375542329491
494948,episodic_length,600.0
495235,episodic_return,1004.8623876256449
495235,episodic_length,286.0
495616,value_loss,0.0005062420968897641
495616,policy_loss,-0.014489559456706047
495616,approx_kl,0.01174765732139349
495616,clipfrac,0.105126953125
495616,explained_variance,0.9819657262414694
495616,sps,547.0
495644,episodic_return,1426.2973599408674
495644,episodic_length,408.0
496437,episodic_return,2727.8992449993116
496437,episodic_length,792.0
497438,episodic_return,3311.595459505864
497438,episodic_length,1000.0
497664,value_loss,0.0010741831501945853
497664,policy_loss,0.04404401034116745
497664,approx_kl,0.01983622834086418
497664,clipfrac,0.134619140625
497664,explained_variance,0.9268205687403679
497664,sps,547.0
497987,episodic_return,1901.5058834304928
497987,episodic_length,548.0
498306,episodic_return,1111.0018367292223
498306,episodic_length,318.0
499110,episodic_return,2773.819153454427
499110,episodic_length,803.0
499712,value_loss,0.00013288948684930801
499712,policy_loss,0.0038307663053274155
499712,approx_kl,0.011338387615978718
499712,clipfrac,0.125244140625
499712,explained_variance,0.9830460995435715
499712,sps,547.0
500111,episodic_return,3344.8374466867613
500111,episodic_length,1000.0
500478,episodic_return,1272.0459623607276
500478,episodic_length,366.0
500788,episodic_return,1101.750342754283
500788,episodic_length,309.0
501045,episodic_return,898.3126772720842
501045,episodic_length,256.0
501624,episodic_return,2003.437453206718
501624,episodic_length,578.0
501760,value_loss,0.0012785830767825246
501760,policy_loss,-0.027285851538181305
501760,approx_kl,0.011437352746725082
501760,clipfrac,0.09541015625
501760,explained_variance,0.9668130166828632
501760,sps,547.0
501908,episodic_return,979.1381443931945
501908,episodic_length,283.0
502221,episodic_return,964.606501000797
502221,episodic_length,312.0
502907,episodic_return,2364.179233478104
502907,episodic_length,685.0
503190,episodic_return,998.3204995077194
503190,episodic_length,282.0
503628,episodic_return,1505.3495516022479
503628,episodic_length,437.0
503808,value_loss,0.0005984024610370398
503808,policy_loss,-0.03873767331242561
503808,approx_kl,0.010320194996893406
503808,clipfrac,0.12060546875
503808,explained_variance,0.9769225083291531
503808,sps,547.0
504059,episodic_return,1508.560052085948
504059,episodic_length,430.0
504560,episodic_return,1726.256209250742
504560,episodic_length,500.0
504872,episodic_return,1081.091342492364
504872,episodic_length,311.0
505324,episodic_return,1557.326679345353
505324,episodic_length,451.0
505622,episodic_return,1006.1297526565671
505622,episodic_length,297.0
505856,value_loss,0.0053733461536467075
505856,policy_loss,-0.014357984066009521
505856,approx_kl,0.012068063020706177
505856,clipfrac,0.109033203125
505856,explained_variance,0.9773536641150713
505856,sps,547.0
506623,episodic_return,3322.5254109783846
506623,episodic_length,1000.0
507624,episodic_return,3167.5558052373517
507624,episodic_length,1000.0
507873,episodic_return,874.8392164470486
507873,episodic_length,248.0
507904,value_loss,0.029508749023079872
507904,policy_loss,-0.025119423866271973
507904,approx_kl,0.017520474269986153
507904,clipfrac,0.154150390625
507904,explained_variance,0.6536896824836731
507904,sps,547.0
508316,episodic_return,1530.8929493731684
508316,episodic_length,442.0
509119,episodic_return,2733.7981359435403
509119,episodic_length,802.0
509521,episodic_return,1388.780622629445
509521,episodic_length,401.0
509952,value_loss,0.0012901327572762966
509952,policy_loss,-0.028219018131494522
509952,approx_kl,0.013484001159667969
509952,clipfrac,0.125146484375
509952,explained_variance,0.9782389849424362
509952,sps,547.0
510345,episodic_return,2826.238755631424
510345,episodic_length,823.0
510636,episodic_return,1003.5382826056806
510636,episodic_length,290.0
511065,episodic_return,1467.700603955798
511065,episodic_length,428.0
511544,episodic_return,1651.663642964221
511544,episodic_length,478.0
512000,value_loss,0.00027802205295301974
512000,policy_loss,-0.01688302308320999
512000,approx_kl,0.00999616738408804
512000,clipfrac,0.127490234375
512000,explained_variance,0.9791372139006853
512000,sps,547.0
512257,episodic_return,2444.7551034690455
512257,episodic_length,712.0
512668,episodic_return,1433.4680757449867
512668,episodic_length,410.0
513547,episodic_return,2998.3846155106366
513547,episodic_length,878.0
514048,value_loss,0.0006615413585677743
514048,policy_loss,-0.03565797954797745
514048,approx_kl,0.010492528788745403
514048,clipfrac,0.106201171875
514048,explained_variance,0.9806403499096632
514048,sps,547.0
514142,episodic_return,1997.0791603447815
514142,episodic_length,594.0
514545,episodic_return,1399.0740544910827
514545,episodic_length,402.0
514992,episodic_return,1394.5078460614995
514992,episodic_length,446.0
515383,episodic_return,1379.1519462102594
515383,episodic_length,390.0
515726,episodic_return,1181.8318702123129
515726,episodic_length,342.0
516040,episodic_return,1082.0621854948367
516040,episodic_length,313.0
516096,value_loss,0.0006498466827906668
516096,policy_loss,0.0025354698300361633
516096,approx_kl,0.008900216780602932
516096,clipfrac,0.121826171875
516096,explained_variance,0.9712173696607351
516096,sps,547.0
516709,episodic_return,2305.478458459244
516709,episodic_length,668.0
516984,episodic_return,940.1231102492454
516984,episodic_length,274.0
517632,episodic_return,2173.349711078748
517632,episodic_length,647.0
517912,episodic_return,970.9282671439713
517912,episodic_length,279.0
518144,value_loss,0.0003199944330845028
518144,policy_loss,-0.0210544615983963
518144,approx_kl,0.006558690220117569
518144,clipfrac,0.09892578125
518144,explained_variance,0.9797119107097387
518144,sps,547.0
518203,episodic_return,992.2960529287737
518203,episodic_length,290.0
518786,episodic_return,2003.0193182978148
518786,episodic_length,582.0
519235,episodic_return,1525.0570811383332
519235,episodic_length,448.0
519694,episodic_return,1583.6078481558336
519694,episodic_length,458.0
520192,value_loss,0.00046595593448728323
520192,policy_loss,-0.033956851810216904
520192,approx_kl,0.0072005195543169975
520192,clipfrac,0.1015625
520192,explained_variance,0.9819537382572889
520192,sps,547.0
520695,episodic_return,3325.933285858718
520695,episodic_length,1000.0
521037,episodic_return,1166.8817835765233
521037,episodic_length,341.0
521397,episodic_return,1257.0207403213512
521397,episodic_length,359.0
521674,episodic_return,957.5096975960447
521674,episodic_length,276.0
521951,episodic_return,947.8920832003117
521951,episodic_length,276.0
522240,value_loss,0.027637451887130737
522240,policy_loss,-0.02302435040473938
522240,approx_kl,0.012204239144921303
522240,clipfrac,0.143212890625
522240,explained_variance,0.9404242299497128
522240,sps,547.0
522328,episodic_return,1299.4107611568595
522328,episodic_length,376.0
522569,episodic_return,839.7485984452157
522569,episodic_length,240.0
523183,episodic_return,2113.665102115609
523183,episodic_length,613.0
523697,episodic_return,1745.5201851874551
523697,episodic_length,513.0
524288,value_loss,0.0006330846808850765
524288,policy_loss,-0.024498889222741127
524288,approx_kl,0.011322866193950176
524288,clipfrac,0.098193359375
524288,explained_variance,0.9839339032769203
524288,sps,547.0
524698,episodic_return,3213.8909870580937
524698,episodic_length,1000.0
525240,episodic_return,1854.5474479789884
525240,episodic_length,541.0
525718,episodic_return,1668.9435954628605
525718,episodic_length,477.0
526029,episodic_return,1085.3461357185352
526029,episodic_length,310.0
526336,value_loss,0.02742425911128521
526336,policy_loss,-0.025860875844955444
526336,approx_kl,0.011737466789782047
526336,clipfrac,0.107373046875
526336,explained_variance,0.87416772544384
526336,sps,547.0
526386,episodic_return,1216.772640577461
526386,episodic_length,356.0
526716,episodic_return,1142.317656398558
526716,episodic_length,329.0
527244,episodic_return,1833.5963597290754
527244,episodic_length,527.0
527583,episodic_return,1169.0416334999861
527583,episodic_length,338.0
527868,episodic_return,996.2504783091011
527868,episodic_length,284.0
528185,episodic_return,1104.4751293063703
528185,episodic_length,316.0
528384,value_loss,0.0008084018481895328
528384,policy_loss,-0.017412744462490082
528384,approx_kl,0.015414848923683167
528384,clipfrac,0.122509765625
528384,explained_variance,0.9830216560512781
528384,sps,546.0
528471,episodic_return,1009.7425870836645
528471,episodic_length,285.0
529472,episodic_return,3441.4578471484165
529472,episodic_length,1000.0
530017,episodic_return,1868.6635740645274
530017,episodic_length,544.0
530422,episodic_return,1396.4945714323899
530422,episodic_length,404.0
530432,value_loss,0.029318908229470253
530432,policy_loss,0.013187676668167114
530432,approx_kl,0.00850880891084671
530432,clipfrac,0.094580078125
530432,explained_variance,0.9799747932702303
530432,sps,546.0
531057,episodic_return,2176.6955690290915
531057,episodic_length,634.0
531408,episodic_return,1183.4400281556634
531408,episodic_length,350.0
532217,episodic_return,2727.143111417252
532217,episodic_length,808.0
532480,value_loss,0.008992777206003666
532480,policy_loss,-0.009758014231920242
532480,approx_kl,0.012338182888925076
532480,clipfrac,0.11708984375
532480,explained_variance,0.9802720118314028
532480,sps,546.0
532530,episodic_return,1092.4372026784997
532530,episodic_length,312.0
533531,episodic_return,3245.390573152159
533531,episodic_length,1000.0
533988,episodic_return,1586.6636558708376
533988,episodic_length,456.0
534528,value_loss,0.0011783563531935215
534528,policy_loss,-0.02165176346898079
534528,approx_kl,0.018859371542930603
534528,clipfrac,0.12001953125
534528,explained_variance,0.8370217233896255
534528,sps,546.0
534989,episodic_return,3290.9588045686023
534989,episodic_length,1000.0
535349,episodic_return,1258.657136756704
535349,episodic_length,359.0
535998,episodic_return,2249.5681672854234
535998,episodic_length,648.0
536288,episodic_return,1016.1446403103427
536288,episodic_length,289.0
536576,value_loss,0.005477647762745619
536576,policy_loss,0.006401613354682922
536576,approx_kl,0.016985688358545303
536576,clipfrac,0.1056640625
536576,explained_variance,0.9082459732890129
536576,sps,546.0
536669,episodic_return,1314.3087316389433
536669,episodic_length,380.0
537057,episodic_return,1349.8047243949884
537057,episodic_length,387.0
537696,episodic_return,2191.0981579782633
537696,episodic_length,638.0
538624,value_loss,0.0009874076349660754
538624,policy_loss,-0.02226053923368454
538624,approx_kl,0.007418670691549778
538624,clipfrac,0.0978515625
538624,explained_variance,0.9828132297843695
538624,sps,547.0
538697,episodic_return,3201.6755887642084
538697,episodic_length,1000.0
539698,episodic_return,3312.012085037783
539698,episodic_length,1000.0
540076,episodic_return,1315.6022374341264
540076,episodic_length,377.0
540507,episodic_return,1481.955600475381
540507,episodic_length,430.0
540672,value_loss,0.035897813737392426
540672,policy_loss,-0.015176735818386078
540672,approx_kl,0.012396587990224361
540672,clipfrac,0.142236328125
540672,explained_variance,0.7723698616027832
540672,sps,547.0
541171,episodic_return,2203.9320743585367
541171,episodic_length,663.0
542095,episodic_return,3025.5949028771647
542095,episodic_length,923.0
542720,value_loss,0.0007008376996964216
542720,policy_loss,-0.02443985641002655
542720,approx_kl,0.0227830670773983
542720,clipfrac,0.136669921875
542720,explained_variance,0.9587928988039494
542720,sps,547.0
542930,episodic_return,2823.1685088869563
542930,episodic_length,834.0
543337,episodic_return,1379.5616762666662
543337,episodic_length,406.0
543648,episodic_return,1076.7591048908994
543648,episodic_length,310.0
544186,episodic_return,1817.4490831602025
544186,episodic_length,537.0
544768,value_loss,0.0032143439166247845
544768,policy_loss,-0.006527364253997803
544768,approx_kl,0.004216419532895088
544768,clipfrac,0.084423828125
544768,explained_variance,0.982156140729785
544768,sps,547.0
545165,episodic_return,3364.4266334052522
545165,episodic_length,978.0
545479,episodic_return,1103.5296931369476
545479,episodic_length,313.0
546246,episodic_return,2636.2664043774835
546246,episodic_length,766.0
546609,episodic_return,1257.6536977410738
546609,episodic_length,362.0
546816,value_loss,0.00031997737823985517
546816,policy_loss,-0.003090403974056244
546816,approx_kl,0.010514550842344761
546816,clipfrac,0.106201171875
546816,explained_variance,0.9837619233876467
546816,sps,547.0
547610,episodic_return,3416.884422531998
547610,episodic_length,1000.0
548343,episodic_return,2533.156550196354
548343,episodic_length,732.0
548861,episodic_return,1787.8678493540053
548861,episodic_length,517.0
548864,value_loss,0.0011624167673289776
548864,policy_loss,-0.023614734411239624
548864,approx_kl,0.010206205770373344
548864,clipfrac,0.0919921875
548864,explained_variance,0.973253870382905
548864,sps,547.0
549421,episodic_return,1937.9834923870608
549421,episodic_length,559.0
549990,episodic_return,1960.5606277955903
549990,episodic_length,568.0
550371,episodic_return,1324.8767975204946
550371,episodic_length,380.0
550912,value_loss,0.0003797749523073435
550912,policy_loss,-0.023139314725995064
550912,approx_kl,0.016690198332071304
550912,clipfrac,0.1333984375
550912,explained_variance,0.9867432024329901
550912,sps,547.0
550989,episodic_return,2119.155529727163
550989,episodic_length,617.0
551300,episodic_return,1085.7914223740847
551300,episodic_length,310.0
551668,episodic_return,1295.0906883286943
551668,episodic_length,367.0
552141,episodic_return,1661.8050414999793
552141,episodic_length,472.0
552441,episodic_return,1041.5187829112035
552441,episodic_length,299.0
552960,value_loss,0.0005412899190559983
552960,policy_loss,0.012971559539437294
552960,approx_kl,0.0076896920800209045
552960,clipfrac,0.090087890625
552960,explained_variance,0.9820006992667913
552960,sps,547.0
553022,episodic_return,2010.362514479961
553022,episodic_length,580.0
553550,episodic_return,1816.7755605888801
553550,episodic_length,527.0
554061,episodic_return,1790.3434262064811
554061,episodic_length,510.0
554368,episodic_return,1064.527876909654
554368,episodic_length,306.0
554631,episodic_return,920.8201829243629
554631,episodic_length,262.0
554934,episodic_return,1062.7302437211176
554934,episodic_length,302.0
555008,value_loss,0.00041769794188439846
555008,policy_loss,-0.03906524181365967
555008,approx_kl,0.010677766986191273
555008,clipfrac,0.1162109375
555008,explained_variance,0.9833037909120321
555008,sps,547.0
555658,episodic_return,2526.646412989785
555658,episodic_length,723.0
556251,episodic_return,2074.4879963886124
556251,episodic_length,592.0
557056,value_loss,0.0004418906755745411
557056,policy_loss,-0.03527497500181198
557056,approx_kl,0.010086365975439548
557056,clipfrac,0.083935546875
557056,explained_variance,0.989985628053546
557056,sps,547.0
557252,episodic_return,3328.816229277192
557252,episodic_length,1000.0
557793,episodic_return,1875.4851251932862
557793,episodic_length,540.0
558084,episodic_return,999.7623232544134
558084,episodic_length,290.0
558522,episodic_return,1522.0635578448137
558522,episodic_length,437.0
558969,episodic_return,1572.7742701115906
558969,episodic_length,446.0
559104,value_loss,0.003368223085999489
559104,policy_loss,-0.029700597748160362
559104,approx_kl,0.009419551119208336
559104,clipfrac,0.087353515625
559104,explained_variance,0.8830379918217659
559104,sps,547.0
559970,episodic_return,3252.5353321692637
559970,episodic_length,1000.0
560707,episodic_return,2507.9745198069177
560707,episodic_length,736.0
561152,value_loss,0.005592825822532177
561152,policy_loss,-0.03310077264904976
561152,approx_kl,0.01101789902895689
561152,clipfrac,0.141748046875
561152,explained_variance,0.7651412785053253
561152,sps,547.0
561555,episodic_return,2908.4527523443276
561555,episodic_length,847.0
562402,episodic_return,2918.3158762927974
562402,episodic_length,846.0
562993,episodic_return,2015.0830721208986
562993,episodic_length,590.0
563200,value_loss,0.0006810238701291382
563200,policy_loss,-0.04832586646080017
563200,approx_kl,0.012745864689350128
563200,clipfrac,0.12939453125
563200,explained_variance,0.9629228599369526
563200,sps,547.0
563460,episodic_return,1570.5170465248082
563460,episodic_length,466.0
563806,episodic_return,1210.494441032025
563806,episodic_length,345.0
564168,episodic_return,1262.9143200237745
564168,episodic_length,361.0
564592,episodic_return,1473.9301694342714
564592,episodic_length,423.0
565210,episodic_return,2132.11617896648
565210,episodic_length,617.0
565248,value_loss,0.00035908122663386166
565248,policy_loss,-0.04176357388496399
565248,approx_kl,0.009813322685658932
565248,clipfrac,0.0955078125
565248,explained_variance,0.9801894053816795
565248,sps,547.0
565612,episodic_return,1389.9923186804076
565612,episodic_length,401.0
566026,episodic_return,1446.2772480554452
566026,episodic_length,413.0
566754,episodic_return,2471.0037382327296
566754,episodic_length,727.0
567296,value_loss,0.0002780584036372602
567296,policy_loss,-0.0049852728843688965
567296,approx_kl,0.008620093576610088
567296,clipfrac,0.11650390625
567296,explained_variance,0.9778664633631706
567296,sps,547.0
567402,episodic_return,2236.9481798702723
567402,episodic_length,647.0
567773,episodic_return,1295.696270324012
567773,episodic_length,370.0
568122,episodic_return,1205.6347916291893
568122,episodic_length,348.0
568497,episodic_return,1323.5784984255715
568497,episodic_length,374.0
568807,episodic_return,1079.4003016256263
568807,episodic_length,309.0
569114,episodic_return,1073.862883255577
569114,episodic_length,306.0
569344,value_loss,0.0006319577223621309
569344,policy_loss,-0.03772041201591492
569344,approx_kl,0.008053070865571499
569344,clipfrac,0.079736328125
569344,explained_variance,0.9803774561733007
569344,sps,547.0
569404,episodic_return,1001.4759779786955
569404,episodic_length,289.0
570240,episodic_return,2869.222126682772
570240,episodic_length,835.0
570651,episodic_return,1428.8758811460016
570651,episodic_length,410.0
571160,episodic_return,1756.4057705917146
571160,episodic_length,508.0
571392,value_loss,0.0007463261717930436
571392,policy_loss,-0.036222927272319794
571392,approx_kl,0.012843799777328968
571392,clipfrac,0.0857421875
571392,explained_variance,0.9858333375304937
571392,sps,548.0
571525,episodic_return,1267.8334061854355
571525,episodic_length,364.0
572020,episodic_return,1721.853865412573
572020,episodic_length,494.0
572530,episodic_return,1761.2974398854378
572530,episodic_length,509.0
573014,episodic_return,1663.7708374453412
573014,episodic_length,483.0
573440,value_loss,0.014413532800972462
573440,policy_loss,-0.02349459007382393
573440,approx_kl,0.008640863932669163
573440,clipfrac,0.086669921875
573440,explained_variance,0.9787912536412477
573440,sps,548.0
573512,episodic_return,1690.1418004030656
573512,episodic_length,497.0
574180,episodic_return,2279.371470884102
574180,episodic_length,667.0
574733,episodic_return,1915.70607069316
574733,episodic_length,552.0
575087,episodic_return,1228.455505328416
575087,episodic_length,353.0
575455,episodic_return,1276.1270964486732
575455,episodic_length,367.0
575488,value_loss,0.007512544747442007
575488,policy_loss,-0.024676885455846786
575488,approx_kl,0.012900645844638348
575488,clipfrac,0.097119140625
575488,explained_variance,0.9853603858500719
575488,sps,547.0
575724,episodic_return,918.5044205103467
575724,episodic_length,268.0
576025,episodic_return,1035.7075332443803
576025,episodic_length,300.0
576375,episodic_return,1207.3830740407116
576375,episodic_length,349.0
576791,episodic_return,1453.942753160864
576791,episodic_length,415.0
577177,episodic_return,1348.108362821875
577177,episodic_length,385.0
577489,episodic_return,1099.0796405900187
577489,episodic_length,311.0
577536,value_loss,0.0005722841015085578
577536,policy_loss,-0.041170235723257065
577536,approx_kl,0.015228355303406715
577536,clipfrac,0.115283203125
577536,explained_variance,0.9843848710879683
577536,sps,547.0
578214,episodic_return,2507.206738453034
578214,episodic_length,724.0
578485,episodic_return,936.5894245237746
578485,episodic_length,270.0
579090,episodic_return,2095.251940018255
579090,episodic_length,604.0
579382,episodic_return,1015.7450884276767
579382,episodic_length,291.0
579584,value_loss,0.0003412157529965043
579584,policy_loss,0.0036439597606658936
579584,approx_kl,0.006327730603516102
579584,clipfrac,0.099658203125
579584,explained_variance,0.9858517181128263
579584,sps,547.0
579685,episodic_return,1066.938347775018
579685,episodic_length,302.0
579990,episodic_return,1085.5628575588466
579990,episodic_length,304.0
580262,episodic_return,927.9201398361795
580262,episodic_length,271.0
580627,episodic_return,1247.257963726618
580627,episodic_length,364.0
580869,episodic_return,834.1438200565887
580869,episodic_length,241.0
581170,episodic_return,1040.1600070905015
581170,episodic_length,300.0
581495,episodic_return,1144.2945042898828
581495,episodic_length,324.0
581632,value_loss,0.0005248294328339398
581632,policy_loss,-0.003758363425731659
581632,approx_kl,0.010084294714033604
581632,clipfrac,0.102294921875
581632,explained_variance,0.9754286874085665
581632,sps,547.0
581778,episodic_return,1002.278201691081
581778,episodic_length,282.0
582205,episodic_return,1469.1429338390885
582205,episodic_length,426.0
582697,episodic_return,1696.6903544651882
582697,episodic_length,491.0
583200,episodic_return,1763.5022850094324
583200,episodic_length,502.0
583488,episodic_return,986.8002067340022
583488,episodic_length,287.0
583680,value_loss,0.00042142035090364516
583680,policy_loss,0.012691572308540344
583680,approx_kl,0.008669579401612282
583680,clipfrac,0.083642578125
583680,explained_variance,0.9856355134397745
583680,sps,547.0
583876,episodic_return,1351.6354452797063
583876,episodic_length,387.0
584877,episodic_return,3345.2305419284335
584877,episodic_length,1000.0
585237,episodic_return,1275.6524367481802
585237,episodic_length,359.0
585546,episodic_return,1077.4662633386988
585546,episodic_length,308.0
585728,value_loss,0.0015718379290774465
585728,policy_loss,-0.032705191522836685
585728,approx_kl,0.01009363029152155
585728,clipfrac,0.125634765625
585728,explained_variance,0.9308129027485847
585728,sps,548.0
586317,episodic_return,2649.710912183454
586317,episodic_length,770.0
586555,episodic_return,804.8155198589095
586555,episodic_length,237.0
586933,episodic_return,1316.496568108844
586933,episodic_length,377.0
587236,episodic_return,1050.9212791854793
587236,episodic_length,302.0
587776,value_loss,0.0005113694351166487
587776,policy_loss,-0.005951479077339172
587776,approx_kl,0.015290788374841213
587776,clipfrac,0.116552734375
587776,explained_variance,0.9798171315342188
587776,sps,548.0
588044,episodic_return,2751.411895352245
588044,episodic_length,807.0
588440,episodic_return,1363.4649988193548
588440,episodic_length,395.0
589272,episodic_return,2899.9684275272957
589272,episodic_length,831.0
589681,episodic_return,1437.3554709497446
589681,episodic_length,408.0
589824,value_loss,0.00028456863947212696
589824,policy_loss,-0.03154060244560242
589824,approx_kl,0.01062384806573391
589824,clipfrac,0.110498046875
589824,explained_variance,0.9823837745934725
589824,sps,548.0
590049,episodic_return,1271.534549696793
590049,episodic_length,367.0
590400,episodic_return,1245.498229663922
590400,episodic_length,350.0
590910,episodic_return,1769.8719776014111
590910,episodic_length,509.0
591526,episodic_return,2121.746904388249
591526,episodic_length,615.0
591820,episodic_return,1041.5267734438664
591820,episodic_length,293.0
591872,value_loss,0.00033498345874249935
591872,policy_loss,-0.01075754314661026
591872,approx_kl,0.010280578397214413
591872,clipfrac,0.07939453125
591872,explained_variance,0.9843120519071817
591872,sps,548.0
592177,episodic_return,1226.251026837037
592177,episodic_length,356.0
592490,episodic_return,1096.7758651055449
592490,episodic_length,312.0
592883,episodic_return,1373.268582484999
592883,episodic_length,392.0
593750,episodic_return,3018.6830780138193
593750,episodic_length,866.0
593920,value_loss,0.00046482612378895283
593920,policy_loss,-0.018835067749023438
593920,approx_kl,0.0049470216035842896
593920,clipfrac,0.1009765625
593920,explained_variance,0.985650546848774
593920,sps,548.0
594658,episodic_return,3152.841541058431
594658,episodic_length,907.0
595085,episodic_return,1500.7198858499828
595085,episodic_length,426.0
595968,value_loss,0.00022093550069257617
595968,policy_loss,-0.029327085241675377
595968,approx_kl,0.008412574417889118
595968,clipfrac,0.08037109375
595968,explained_variance,0.9903357699513435
595968,sps,548.0
596086,episodic_return,3330.235189386909
596086,episodic_length,1000.0
596547,episodic_return,1615.0476274138553
596547,episodic_length,460.0
596822,episodic_return,947.8338026693759
596822,episodic_length,274.0
597418,episodic_return,2070.7281239341733
597418,episodic_length,595.0
597768,episodic_return,1223.8643821783244
597768,episodic_length,349.0
598016,value_loss,0.012318967841565609
598016,policy_loss,-0.023946385830640793
598016,approx_kl,0.014628317207098007
598016,clipfrac,0.128125
598016,explained_variance,0.8923392742872238
598016,sps,548.0
598214,episodic_return,1545.104743351052
598214,episodic_length,445.0
598523,episodic_return,1063.0454521859317
598523,episodic_length,308.0
599012,episodic_return,1706.7093794240668
599012,episodic_length,488.0
599549,episodic_return,1883.8405241157607
599549,episodic_length,536.0
600064,value_loss,0.0005273469723761082
600064,policy_loss,-0.03425946086645126
600064,approx_kl,0.011881929822266102
600064,clipfrac,0.08994140625
600064,explained_variance,0.980753606185317
600064,sps,548.0
600413,episodic_return,2962.8220806248623
600413,episodic_length,863.0
601323,episodic_return,3171.0930352009455
601323,episodic_length,909.0
601889,episodic_return,1951.6365578352982
601889,episodic_length,565.0
602112,value_loss,0.0007343228789977729
602112,policy_loss,-0.03443700820207596
602112,approx_kl,0.007248299196362495
602112,clipfrac,0.0951171875
602112,explained_variance,0.9787057843059301
602112,sps,548.0
602557,episodic_return,2335.4782976857687
602557,episodic_length,667.0
603011,episodic_return,1569.4311204587013
603011,episodic_length,453.0
603522,episodic_return,1800.6467663839292
603522,episodic_length,510.0
603922,episodic_return,1408.0489126837506
603922,episodic_length,399.0
604160,value_loss,0.00031650945311412215
604160,policy_loss,-0.00920025259256363
604160,approx_kl,0.004504187032580376
604160,clipfrac,0.08291015625
604160,explained_variance,0.9852806702256203
604160,sps,548.0
604693,episodic_return,2671.6081527921815
604693,episodic_length,770.0
605136,episodic_return,1539.2509725803748
605136,episodic_length,442.0
606137,episodic_return,3313.576472671832
606137,episodic_length,1000.0
606208,value_loss,0.02441672421991825
606208,policy_loss,-0.027784407138824463
606208,approx_kl,0.00970633514225483
606208,clipfrac,0.137255859375
606208,explained_variance,0.8034741431474686
606208,sps,548.0
606466,episodic_return,1153.5459419552578
606466,episodic_length,328.0
607043,episodic_return,2038.8626299506152
607043,episodic_length,576.0
607595,episodic_return,1916.8308323442122
607595,episodic_length,551.0
608256,value_loss,0.0003150080447085202
608256,policy_loss,0.0033003687858581543
608256,approx_kl,0.008182491175830364
608256,clipfrac,0.08544921875
608256,explained_variance,0.9724915064871311
608256,sps,548.0
608260,episodic_return,2263.805394116269
608260,episodic_length,664.0
608801,episodic_return,1875.3231614575616
608801,episodic_length,540.0
609802,episodic_return,3369.637138041201
609802,episodic_length,1000.0
610165,episodic_return,1230.698238077767
610165,episodic_length,362.0
610304,value_loss,0.01923554763197899
610304,policy_loss,0.0015434697270393372
610304,approx_kl,0.009651812724769115
610304,clipfrac,0.108251953125
610304,explained_variance,0.896706111729145
610304,sps,548.0
610572,episodic_return,1434.9108719186702
610572,episodic_length,406.0
611573,episodic_return,3319.450457336537
611573,episodic_length,1000.0
611949,episodic_return,1323.5140123883004
611949,episodic_length,375.0
612352,value_loss,0.002703530713915825
612352,policy_loss,-0.049265965819358826
612352,approx_kl,0.013419807888567448
612352,clipfrac,0.12998046875
612352,explained_variance,0.8292724192142487
612352,sps,548.0
612532,episodic_return,1985.0522251172013
612532,episodic_length,582.0
613165,episodic_return,2173.183912789356
613165,episodic_length,632.0
614155,episodic_return,3437.532377191899
614155,episodic_length,989.0
614400,value_loss,0.0005251755937933922
614400,policy_loss,-0.013109734281897545
614400,approx_kl,0.009628329426050186
614400,clipfrac,0.105810546875
614400,explained_variance,0.9660886451601982
614400,sps,548.0
614642,episodic_return,1675.9295566521052
614642,episodic_length,486.0
614938,episodic_return,1020.1915519761138
614938,episodic_length,295.0
615347,episodic_return,1420.1238701849277
615347,episodic_length,408.0
615750,episodic_return,1426.3603748522469
615750,episodic_length,402.0
616084,episodic_return,1162.1413052346059
616084,episodic_length,333.0
616448,value_loss,0.0006319460808299482
616448,policy_loss,-0.030380263924598694
616448,approx_kl,0.017709016799926758
616448,clipfrac,0.093408203125
616448,explained_variance,0.9762408304959536
616448,sps,548.0
616855,episodic_return,2693.061683924908
616855,episodic_length,770.0
617159,episodic_return,1072.2607073474826
617159,episodic_length,303.0
617925,episodic_return,2647.0890300927745
617925,episodic_length,765.0
618376,episodic_return,1569.3576423122927
618376,episodic_length,450.0
618496,value_loss,0.0009372587082907557
618496,policy_loss,0.004677563905715942
618496,approx_kl,0.00504287239164114
618496,clipfrac,0.08173828125
618496,explained_variance,0.9747012499719858
618496,sps,548.0
619012,episodic_return,2204.197570020528
619012,episodic_length,635.0
619366,episodic_return,1216.2696392568937
619366,episodic_length,353.0
619989,episodic_return,2184.871627704136
619989,episodic_length,622.0
620544,value_loss,0.00046549670514650643
620544,policy_loss,-0.03760448843240738
620544,approx_kl,0.005221709609031677
620544,clipfrac,0.074560546875
620544,explained_variance,0.9825657699257135
620544,sps,548.0
620607,episodic_return,2111.9849449629564
620607,episodic_length,617.0
620942,episodic_return,1168.9171575843495
620942,episodic_length,334.0
621898,episodic_return,3320.915837551735
621898,episodic_length,955.0
622261,episodic_return,1266.6549031449229
622261,episodic_length,362.0
622548,episodic_return,1020.8806166460654
622548,episodic_length,286.0
622592,value_loss,0.007431650534272194
622592,policy_loss,-0.024468112736940384
622592,approx_kl,0.010432367213070393
622592,clipfrac,0.09267578125
622592,explained_variance,0.9821954164654016
622592,sps,548.0
622940,episodic_return,1359.672187007031
622940,episodic_length,391.0
623225,episodic_return,1007.7550862710752
623225,episodic_length,284.0
623979,episodic_return,2627.037858831453
623979,episodic_length,753.0
624345,episodic_return,1288.6305836016022
624345,episodic_length,365.0
624640,value_loss,0.0002954599913209677
624640,policy_loss,0.0004946961998939514
624640,approx_kl,0.008998923003673553
624640,clipfrac,0.088671875
624640,explained_variance,0.9849856747314334
624640,sps,548.0
625139,episodic_return,2699.224502317786
625139,episodic_length,793.0
625461,episodic_return,1093.9229280388822
625461,episodic_length,321.0
625831,episodic_return,1248.7822772477587
625831,episodic_length,369.0
626146,episodic_return,1104.7603629162215
626146,episodic_length,314.0
626631,episodic_return,1681.638256056453
626631,episodic_length,484.0
626688,value_loss,0.002445616526529193
626688,policy_loss,-0.039384253323078156
626688,approx_kl,0.009175303392112255
626688,clipfrac,0.1009765625
626688,explained_variance,0.9743748102337122
626688,sps,548.0
626975,episodic_return,1196.4334455058586
626975,episodic_length,343.0
627524,episodic_return,1923.7473051873062
627524,episodic_length,548.0
627923,episodic_return,1367.1970164015204
627923,episodic_length,398.0
628262,episodic_return,1154.8261488175579
628262,episodic_length,338.0
628644,episodic_return,1360.716692720832
628644,episodic_length,381.0
628736,value_loss,0.024290654808282852
628736,policy_loss,-0.02933744713664055
628736,approx_kl,0.006090209819376469
628736,clipfrac,0.07333984375
628736,explained_variance,0.9779969751834869
628736,sps,548.0
629113,episodic_return,1659.4363303889374
629113,episodic_length,468.0
629465,episodic_return,1212.1509465746954
629465,episodic_length,351.0
629950,episodic_return,1659.2056500774409
629950,episodic_length,484.0
630296,episodic_return,1207.216312114907
630296,episodic_length,345.0
630558,episodic_return,899.7728333105009
630558,episodic_length,261.0
630784,value_loss,0.00030089804204180837
630784,policy_loss,-0.03241557627916336
630784,approx_kl,0.004273026250302792
630784,clipfrac,0.11357421875
630784,explained_variance,0.986809897236526
630784,sps,548.0
630901,episodic_return,1185.9136780365993
630901,episodic_length,342.0
631199,episodic_return,1047.1631169323311
631199,episodic_length,297.0
631610,episodic_return,1415.0046749169333
631610,episodic_length,410.0
632038,episodic_return,1482.5993009364424
632038,episodic_length,427.0
632455,episodic_return,1453.6347084869026
632455,episodic_length,416.0
632832,value_loss,0.000393640308175236
632832,policy_loss,-0.017078984528779984
632832,approx_kl,0.009324299171566963
632832,clipfrac,0.093798828125
632832,explained_variance,0.9843349643051624
632832,sps,548.0
632895,episodic_return,1543.2614338384824
632895,episodic_length,439.0
633472,episodic_return,1997.8970165287762
633472,episodic_length,576.0
634113,episodic_return,2197.7928426176823
634113,episodic_length,640.0
634700,episodic_return,2020.2771388689114
634700,episodic_length,586.0
634880,value_loss,0.004340738523751497
634880,policy_loss,-0.024685636162757874
634880,approx_kl,0.014597504399716854
634880,clipfrac,0.0900390625
634880,explained_variance,0.9773977007716894
634880,sps,548.0
635048,episodic_return,1205.5170029882236
635048,episodic_length,347.0
635594,episodic_return,1883.1495140078455
635594,episodic_length,545.0
635981,episodic_return,1354.506631085478
635981,episodic_length,386.0
636429,episodic_return,1568.255357516535
636429,episodic_length,447.0
636714,episodic_return,989.5436798136802
636714,episodic_length,284.0
636928,value_loss,0.001435479149222374
636928,policy_loss,-0.027306966483592987
636928,approx_kl,0.009102266281843185
636928,clipfrac,0.085498046875
636928,explained_variance,0.9793551173061132
636928,sps,548.0
637152,episodic_return,1509.2387670552946
637152,episodic_length,437.0
637646,episodic_return,1715.676887800533
637646,episodic_length,493.0
638263,episodic_return,2150.488765172547
638263,episodic_length,616.0
638813,episodic_return,1915.7844677265214
638813,episodic_length,549.0
638976,value_loss,0.012367920018732548
638976,policy_loss,-0.01153915748000145
638976,approx_kl,0.008780050091445446
638976,clipfrac,0.082275390625
638976,explained_variance,0.9859128808602691
638976,sps,548.0
639141,episodic_return,1147.0943230057637
639141,episodic_length,327.0
639849,episodic_return,2445.479758297141
639849,episodic_length,707.0
640180,episodic_return,1125.8008971696731
640180,episodic_length,330.0
641024,value_loss,0.0003281793906353414
641024,policy_loss,-0.014259189367294312
641024,approx_kl,0.008727334439754486
641024,clipfrac,0.06982421875
641024,explained_variance,0.9814676344394684
641024,sps,547.0
641181,episodic_return,3357.3589311005785
641181,episodic_length,1000.0
641802,episodic_return,2177.992057733569
641802,episodic_length,620.0
642803,episodic_return,3348.829693775323
642803,episodic_length,1000.0
643072,value_loss,0.0025922602508217096
643072,policy_loss,-0.02942962944507599
643072,approx_kl,0.013842067681252956
643072,clipfrac,0.128515625
643072,explained_variance,0.7071883976459503
643072,sps,547.0
643283,episodic_return,1659.93094980632
643283,episodic_length,479.0
643917,episodic_return,2191.5841955241276
643917,episodic_length,633.0
644345,episodic_return,1534.8462157038553
644345,episodic_length,427.0
644839,episodic_return,1725.4958495317599
644839,episodic_length,493.0
645120,value_loss,0.0009164079674519598
645120,policy_loss,-0.009436102584004402
645120,approx_kl,0.008079079911112785
645120,clipfrac,0.07900390625
645120,explained_variance,0.9770317077636719
645120,sps,548.0
645159,episodic_return,1114.3745215972615
645159,episodic_length,319.0
645703,episodic_return,1855.8498765178124
645703,episodic_length,543.0
646121,episodic_return,1461.1960849912189
646121,episodic_length,417.0
646829,episodic_return,2457.841146729153
646829,episodic_length,707.0
647168,value_loss,0.009240983054041862
647168,policy_loss,-0.03185923025012016
647168,approx_kl,0.013001956045627594
647168,clipfrac,0.080517578125
647168,explained_variance,0.9751789458096027
647168,sps,548.0
647334,episodic_return,1762.098021386584
647334,episodic_length,504.0
647697,episodic_return,1261.1125638559868
647697,episodic_length,362.0
648698,episodic_return,3243.6429459088667
648698,episodic_length,1000.0
649076,episodic_return,1346.657991984675
649076,episodic_length,377.0
649216,value_loss,0.0223104078322649
649216,policy_loss,-0.03513864055275917
649216,approx_kl,0.012103637680411339
649216,clipfrac,0.112744140625
649216,explained_variance,0.8515938818454742
649216,sps,548.0
650077,episodic_return,3331.3138445330005
650077,episodic_length,1000.0
650509,episodic_return,1499.2755616625416
650509,episodic_length,431.0
651264,value_loss,0.05438965559005737
651264,policy_loss,-0.020064642652869225
651264,approx_kl,0.011477285996079445
651264,clipfrac,0.146826171875
651264,explained_variance,0.7299217879772186
651264,sps,548.0
651510,episodic_return,3392.081066488467
651510,episodic_length,1000.0
651977,episodic_return,1621.2841552312743
651977,episodic_length,466.0
652377,episodic_return,1408.4229385339388
652377,episodic_length,399.0
652778,episodic_return,1381.6148925129214
652778,episodic_length,400.0
653245,episodic_return,1639.50116726442
653245,episodic_length,466.0
653312,value_loss,0.002204795368015766
653312,policy_loss,-0.028266284614801407
653312,approx_kl,0.0097788255661726
653312,clipfrac,0.08125
653312,explained_variance,0.946174755692482
653312,sps,548.0
653575,episodic_return,1156.1064417945224
653575,episodic_length,329.0
653891,episodic_return,1113.6766609476974
653891,episodic_length,315.0
654276,episodic_return,1328.8915683101113
654276,episodic_length,384.0
655069,episodic_return,2764.6342140994407
655069,episodic_length,792.0
655360,value_loss,0.003739272942766547
655360,policy_loss,0.01009463518857956
655360,approx_kl,0.00985674001276493
655360,clipfrac,0.081884765625
655360,explained_variance,0.9833432864397764
655360,sps,548.0
655552,episodic_return,1684.6284323107784
655552,episodic_length,482.0
656413,episodic_return,2960.061706972029
656413,episodic_length,860.0
656935,episodic_return,1809.9682855867488
656935,episodic_length,521.0
657408,value_loss,0.0004845120420213789
657408,policy_loss,-0.024109916761517525
657408,approx_kl,0.0072961729019880295
657408,clipfrac,0.101953125
657408,explained_variance,0.9847050309181213
657408,sps,548.0
657921,episodic_return,3309.8585574941926
657921,episodic_length,985.0
658217,episodic_return,1034.767603421945
658217,episodic_length,295.0
658761,episodic_return,1907.9568581457809
658761,episodic_length,543.0
659456,value_loss,0.00046197493793442845
659456,policy_loss,-0.02455880492925644
659456,approx_kl,0.008849004283547401
659456,clipfrac,0.09990234375
659456,explained_variance,0.98410864174366
659456,sps,548.0
659762,episodic_return,3330.9112506416195
659762,episodic_length,1000.0
660303,episodic_return,1864.6559962435097
660303,episodic_length,540.0
661077,episodic_return,2701.815991544583
661077,episodic_length,773.0
661481,episodic_return,1418.8582248726939
661481,episodic_length,403.0
661504,value_loss,0.0017748330719769
661504,policy_loss,-0.009490923956036568
661504,approx_kl,0.008158093318343163
661504,clipfrac,0.103857421875
661504,explained_variance,0.8777867630124092
661504,sps,548.0
662482,episodic_return,3310.4846788818777
662482,episodic_length,1000.0
663483,episodic_return,3398.46444673155
663483,episodic_length,1000.0
663552,value_loss,0.013619982637465
663552,policy_loss,0.02493613213300705
663552,approx_kl,0.008657481521368027
663552,clipfrac,0.110693359375
663552,explained_variance,0.5575504302978516
663552,sps,548.0
664425,episodic_return,3266.7336962395793
664425,episodic_length,941.0
664952,episodic_return,1800.06969853123
664952,episodic_length,526.0
665314,episodic_return,1272.3759787773934
665314,episodic_length,361.0
665600,value_loss,0.0006023718742653728
665600,policy_loss,-0.029977358877658844
665600,approx_kl,0.008220206946134567
665600,clipfrac,0.090087890625
665600,explained_variance,0.9839930441230536
665600,sps,548.0
666315,episodic_return,3307.031843550998
666315,episodic_length,1000.0
667130,episodic_return,2842.522054700885
667130,episodic_length,814.0
667648,value_loss,0.039822742342948914
667648,policy_loss,-0.02454419434070587
667648,approx_kl,0.010363849811255932
667648,clipfrac,0.140576171875
667648,explained_variance,0.770213171839714
667648,sps,548.0
667718,episodic_return,2023.350121460196
667718,episodic_length,587.0
668085,episodic_return,1306.3879714147286
668085,episodic_length,366.0
668892,episodic_return,2803.2617976897404
668892,episodic_length,806.0
669696,value_loss,0.015300490893423557
669696,policy_loss,-0.02852681279182434
669696,approx_kl,0.011899939738214016
669696,clipfrac,0.0970703125
669696,explained_variance,0.9744093995541334
669696,sps,548.0
669893,episodic_return,3272.1698117487113
669893,episodic_length,1000.0
670558,episodic_return,2216.2204709485077
670558,episodic_length,664.0
671216,episodic_return,2276.1056716462444
671216,episodic_length,657.0
671744,value_loss,0.03197439759969711
671744,policy_loss,-0.029721342027187347
671744,approx_kl,0.01507308054715395
671744,clipfrac,0.11025390625
671744,explained_variance,0.8251996785402298
671744,sps,548.0
672106,episodic_return,3107.2463177534996
672106,episodic_length,889.0
672620,episodic_return,1469.7656540683602
672620,episodic_length,513.0
673510,episodic_return,3082.7579230299516
673510,episodic_length,889.0
673792,value_loss,0.020928142592310905
673792,policy_loss,-0.03130572289228439
673792,approx_kl,0.009016554802656174
673792,clipfrac,0.0923828125
673792,explained_variance,0.8946148082613945
673792,sps,548.0
674252,episodic_return,2583.86458655632
674252,episodic_length,741.0
675253,episodic_return,3291.416932913993
675253,episodic_length,1000.0
675840,value_loss,0.0007475973106920719
675840,policy_loss,0.006758129224181175
675840,approx_kl,0.00786029826849699
675840,clipfrac,0.085595703125
675840,explained_variance,0.7423548698425293
675840,sps,547.0
676164,episodic_return,3152.692909516121
676164,episodic_length,910.0
676957,episodic_return,2728.5200968021522
676957,episodic_length,792.0
677888,value_loss,0.000187500671017915
677888,policy_loss,-0.018848508596420288
677888,approx_kl,0.011295965872704983
677888,clipfrac,0.105126953125
677888,explained_variance,0.9827613420784473
677888,sps,547.0
677958,episodic_return,3351.8299007570135
677958,episodic_length,1000.0
678368,episodic_return,1423.129505543169
678368,episodic_length,409.0
678930,episodic_return,1986.7931218163867
678930,episodic_length,561.0
679492,episodic_return,1960.3458166190114
679492,episodic_length,561.0
679936,value_loss,0.009734111838042736
679936,policy_loss,-0.026907429099082947
679936,approx_kl,0.012291132472455502
679936,clipfrac,0.10029296875
679936,explained_variance,0.8679586201906204
679936,sps,547.0
680493,episodic_return,3317.810922989621
680493,episodic_length,1000.0
680882,episodic_return,1394.172326498875
680882,episodic_length,388.0
681268,episodic_return,1352.1233576960356
681268,episodic_length,385.0
681617,episodic_return,1184.343870695194
681617,episodic_length,348.0
681984,value_loss,0.005077592562884092
681984,policy_loss,-0.03415858745574951
681984,approx_kl,0.008163020014762878
681984,clipfrac,0.106640625
681984,explained_variance,0.8588728457689285
681984,sps,547.0
682170,episodic_return,1937.1277200320083
682170,episodic_length,552.0
683171,episodic_return,3185.310724342689
683171,episodic_length,1000.0
684032,value_loss,0.0011941250413656235
684032,policy_loss,-0.02496788278222084
684032,approx_kl,0.008581291884183884
684032,clipfrac,0.134033203125
684032,explained_variance,0.730231761932373
684032,sps,547.0
684172,episodic_return,3280.4091231329953
684172,episodic_length,1000.0
685173,episodic_return,2993.2563670947447
685173,episodic_length,1000.0
686080,value_loss,0.011196313425898552
686080,policy_loss,0.002631954848766327
686080,approx_kl,0.008804014883935452
686080,clipfrac,0.132958984375
686080,explained_variance,0.11801433563232422
686080,sps,547.0
686174,episodic_return,3213.8002597636696
686174,episodic_length,1000.0
686669,episodic_return,1745.886051430501
686669,episodic_length,494.0
687670,episodic_return,3325.742830017805
687670,episodic_length,1000.0
688128,value_loss,0.0717250257730484
688128,policy_loss,-0.031110335141420364
688128,approx_kl,0.018107594922184944
688128,clipfrac,0.124658203125
688128,explained_variance,0.6043130457401276
688128,sps,547.0
688671,episodic_return,3313.355276050965
688671,episodic_length,1000.0
689140,episodic_return,1633.4265026754579
689140,episodic_length,468.0
689423,episodic_return,983.944178093662
689423,episodic_length,282.0
690176,value_loss,0.018185358494520187
690176,policy_loss,-0.035599179565906525
690176,approx_kl,0.010054503567516804
690176,clipfrac,0.0875
690176,explained_variance,0.8086225539445877
690176,sps,547.0
690424,episodic_return,3143.788146185679
690424,episodic_length,1000.0
691425,episodic_return,3099.67837217796
691425,episodic_length,1000.0
692224,value_loss,0.005063197575509548
692224,policy_loss,0.0014605112373828888
692224,approx_kl,0.01322970911860466
692224,clipfrac,0.143603515625
692224,explained_variance,0.19878631830215454
692224,sps,547.0
692426,episodic_return,3190.0076990706098
692426,episodic_length,1000.0
693427,episodic_return,3415.0249447416554
693427,episodic_length,1000.0
693929,episodic_return,1526.7453057546459
693929,episodic_length,501.0
694272,value_loss,0.027665629982948303
694272,policy_loss,-0.01807132363319397
694272,approx_kl,0.012258922681212425
694272,clipfrac,0.098291015625
694272,explained_variance,0.6156059801578522
694272,sps,547.0
694336,episodic_return,1386.8051429305767
694336,episodic_length,406.0
695337,episodic_return,3246.282376132261
695337,episodic_length,1000.0
696037,episodic_return,2361.4905829757176
696037,episodic_length,699.0
696320,value_loss,0.01180179975926876
696320,policy_loss,-0.023110486567020416
696320,approx_kl,0.015164464712142944
696320,clipfrac,0.12275390625
696320,explained_variance,0.8262276351451874
696320,sps,547.0
697038,episodic_return,3321.8592030140967
697038,episodic_length,1000.0
697942,episodic_return,3117.84599857187
697942,episodic_length,903.0
698368,value_loss,0.003511327551677823
698368,policy_loss,-0.019880980253219604
698368,approx_kl,0.012293980456888676
698368,clipfrac,0.08759765625
698368,explained_variance,0.747144490480423
698368,sps,547.0
698668,episodic_return,2443.6641162255833
698668,episodic_length,725.0
699121,episodic_return,1561.6772593901958
699121,episodic_length,452.0
699865,episodic_return,2613.910536457923
699865,episodic_length,743.0
700334,episodic_return,1659.1034834201487
700334,episodic_length,468.0
700416,value_loss,0.00044879427878186107
700416,policy_loss,0.002534225583076477
700416,approx_kl,0.007415616884827614
700416,clipfrac,0.077587890625
700416,explained_variance,0.9792675226926804
700416,sps,548.0
700848,episodic_return,1776.7786618211812
700848,episodic_length,513.0
701465,episodic_return,2149.0774996268847
701465,episodic_length,616.0
702179,episodic_return,2476.64830330072
702179,episodic_length,713.0
702464,value_loss,0.0012239631032571197
702464,policy_loss,0.00442727655172348
702464,approx_kl,0.007927199825644493
702464,clipfrac,0.06923828125
702464,explained_variance,0.9821361936628819
702464,sps,548.0
703180,episodic_return,3172.5647730415453
703180,episodic_length,1000.0
703619,episodic_return,1569.479399351046
703619,episodic_length,438.0
704151,episodic_return,1873.2813778267362
704151,episodic_length,531.0
704512,value_loss,0.005855862516909838
704512,policy_loss,-0.014906879514455795
704512,approx_kl,0.014810072258114815
704512,clipfrac,0.093310546875
704512,explained_variance,0.8607226014137268
704512,sps,548.0
704705,episodic_return,1924.4479119878051
704705,episodic_length,553.0
705539,episodic_return,2895.9013722156697
705539,episodic_length,833.0
706235,episodic_return,2433.836286473239
706235,episodic_length,695.0
706560,value_loss,0.00028302136342972517
706560,policy_loss,-0.008591331541538239
706560,approx_kl,0.005770623683929443
706560,clipfrac,0.072509765625
706560,explained_variance,0.9722234569489956
706560,sps,548.0
707236,episodic_return,3300.7600800934442
707236,episodic_length,1000.0
707563,episodic_return,1141.3201834988868
707563,episodic_length,326.0
707844,episodic_return,960.9381391425374
707844,episodic_length,280.0
708318,episodic_return,1645.3377765878092
708318,episodic_length,473.0
708608,value_loss,0.023895390331745148
708608,policy_loss,-0.013401709496974945
708608,approx_kl,0.007164043374359608
708608,clipfrac,0.116162109375
708608,explained_variance,0.8614109754562378
708608,sps,548.0
708773,episodic_return,1611.1790258607327
708773,episodic_length,454.0
709312,episodic_return,1897.9999086852663
709312,episodic_length,538.0
710313,episodic_return,3320.1801562106525
710313,episodic_length,1000.0
710656,value_loss,0.0017355538439005613
710656,policy_loss,-0.014272667467594147
710656,approx_kl,0.010415907017886639
710656,clipfrac,0.106005859375
710656,explained_variance,0.8190937042236328
710656,sps,548.0
710799,episodic_return,1670.2604667167643
710799,episodic_length,485.0
711800,episodic_return,3194.3660353116084
711800,episodic_length,1000.0
712704,value_loss,0.002681960817426443
712704,policy_loss,-0.03080141171813011
712704,approx_kl,0.007793006487190723
712704,clipfrac,0.10615234375
712704,explained_variance,0.7912343144416809
712704,sps,548.0
712721,episodic_return,3194.0769544456357
712721,episodic_length,920.0
713035,episodic_return,1108.029370882148
713035,episodic_length,313.0
713976,episodic_return,3256.822203486246
713976,episodic_length,940.0
714752,value_loss,0.00039213569834828377
714752,policy_loss,-0.03589927405118942
714752,approx_kl,0.010555786080658436
714752,clipfrac,0.088818359375
714752,explained_variance,0.9777390044182539
714752,sps,548.0
714817,episodic_return,2931.45296698769
714817,episodic_length,840.0
715194,episodic_return,1351.0463584162505
715194,episodic_length,376.0
715579,episodic_return,1373.324287567345
715579,episodic_length,384.0
716398,episodic_return,2718.203690495904
716398,episodic_length,818.0
716800,value_loss,0.0006852197111584246
716800,policy_loss,-0.029464498162269592
716800,approx_kl,0.006135083734989166
716800,clipfrac,0.064013671875
716800,explained_variance,0.9834447726607323
716800,sps,548.0
716960,episodic_return,1976.181853005348
716960,episodic_length,561.0
717791,episodic_return,2899.0037643432584
717791,episodic_length,830.0
718388,episodic_return,2079.919491076789
718388,episodic_length,596.0
718848,value_loss,0.00041615351801738143
718848,policy_loss,-0.021636510267853737
718848,approx_kl,0.007534383796155453
718848,clipfrac,0.10322265625
718848,explained_variance,0.9805867373943329
718848,sps,548.0
719389,episodic_return,3293.0755425913403
719389,episodic_length,1000.0
719791,episodic_return,1418.6544592806288
719791,episodic_length,401.0
720214,episodic_return,1508.4581293237186
720214,episodic_length,422.0
720795,episodic_return,2028.6285015670255
720795,episodic_length,580.0
720896,value_loss,0.01310953963547945
720896,policy_loss,-0.03256082162261009
720896,approx_kl,0.012308801524341106
720896,clipfrac,0.118701171875
720896,explained_variance,0.8715267926454544
720896,sps,548.0
721748,episodic_return,3195.531822704525
721748,episodic_length,952.0
722533,episodic_return,2685.9789398472576
722533,episodic_length,784.0
722886,episodic_return,1263.2175546327042
722886,episodic_length,352.0
722944,value_loss,0.021429048851132393
722944,policy_loss,-0.033877648413181305
722944,approx_kl,0.014584661461412907
722944,clipfrac,0.0982421875
722944,explained_variance,0.973642535507679
722944,sps,548.0
723408,episodic_return,1842.1842825894255
723408,episodic_length,521.0
724409,episodic_return,3492.2494731115225
724409,episodic_length,1000.0
724992,value_loss,0.0002430215827189386
724992,policy_loss,-0.03714153915643692
724992,approx_kl,0.00877608172595501
724992,clipfrac,0.074072265625
724992,explained_variance,0.9741051234304905
724992,sps,548.0
725219,episodic_return,2858.237895938103
725219,episodic_length,809.0
725554,episodic_return,1149.2962386603917
725554,episodic_length,334.0
726260,episodic_return,2426.0960990386693
726260,episodic_length,705.0
726748,episodic_return,1700.5430430981112
726748,episodic_length,487.0
727040,value_loss,0.0005152081721462309
727040,policy_loss,-0.01995912194252014
727040,approx_kl,0.00869304221123457
727040,clipfrac,0.076708984375
727040,explained_variance,0.9672982506453991
727040,sps,548.0
727091,episodic_return,1213.7173931526195
727091,episodic_length,342.0
727700,episodic_return,2149.17448806278
727700,episodic_length,608.0
727981,episodic_return,997.4958292493911
727981,episodic_length,280.0
728486,episodic_return,1564.6954775989968
728486,episodic_length,504.0
728972,episodic_return,1714.4439448076773
728972,episodic_length,485.0
729088,value_loss,0.0004761510354001075
729088,policy_loss,-0.031686931848526
729088,approx_kl,0.009306985884904861
729088,clipfrac,0.092041015625
729088,explained_variance,0.973007457330823
729088,sps,548.0
729473,episodic_return,1723.2949750203377
729473,episodic_length,500.0
730065,episodic_return,2066.6284270584474
730065,episodic_length,591.0
730453,episodic_return,1374.8196273259714
730453,episodic_length,387.0
730777,episodic_return,1139.0999285600083
730777,episodic_length,323.0
731094,episodic_return,1113.8010172646702
731094,episodic_length,316.0
731136,value_loss,0.006948334630578756
731136,policy_loss,-0.03513283282518387
731136,approx_kl,0.008446779102087021
731136,clipfrac,0.087353515625
731136,explained_variance,0.9760847315192223
731136,sps,548.0
731465,episodic_return,1305.6887865851118
731465,episodic_length,370.0
731786,episodic_return,1128.1993022842382
731786,episodic_length,320.0
732297,episodic_return,1797.8327095116465
732297,episodic_length,510.0
732746,episodic_return,1566.0212407283173
732746,episodic_length,448.0
733173,episodic_return,1486.864686446083
733173,episodic_length,426.0
733184,value_loss,0.0004596307408064604
733184,policy_loss,-0.015295721590518951
733184,approx_kl,0.009362518787384033
733184,clipfrac,0.062451171875
733184,explained_variance,0.9828630685806274
733184,sps,548.0
733581,episodic_return,1437.9176418911434
733581,episodic_length,407.0
734110,episodic_return,1857.458241817455
734110,episodic_length,528.0
734420,episodic_return,1105.194618219158
734420,episodic_length,309.0
734750,episodic_return,1185.3779697770935
734750,episodic_length,329.0
735131,episodic_return,1341.8969592945668
735131,episodic_length,380.0
735232,value_loss,0.0003257141506765038
735232,policy_loss,-0.010393671691417694
735232,approx_kl,0.0059564560651779175
735232,clipfrac,0.0765625
735232,explained_variance,0.9799265153706074
735232,sps,548.0
735491,episodic_return,1278.0613859622638
735491,episodic_length,359.0
735880,episodic_return,1362.1292349502912
735880,episodic_length,388.0
736253,episodic_return,1297.6274841575432
736253,episodic_length,372.0
736516,episodic_return,909.1271491076077
736516,episodic_length,262.0
736870,episodic_return,1215.8179546860927
736870,episodic_length,353.0
737280,value_loss,0.0007685628952458501
737280,policy_loss,-0.021000953391194344
737280,approx_kl,0.009036067873239517
737280,clipfrac,0.078076171875
737280,explained_variance,0.9794892463833094
737280,sps,548.0
737478,episodic_return,2122.331130465651
737478,episodic_length,607.0
737839,episodic_return,1282.4004882339632
737839,episodic_length,360.0
738157,episodic_return,1126.9361146546319
738157,episodic_length,317.0
738580,episodic_return,1482.5815991235718
738580,episodic_length,422.0
739012,episodic_return,1503.0376302392062
739012,episodic_length,431.0
739328,value_loss,0.0004846006049774587
739328,policy_loss,-0.03990210220217705
739328,approx_kl,0.006389669142663479
739328,clipfrac,0.08359375
739328,explained_variance,0.985066301189363
739328,sps,548.0
739525,episodic_return,1797.4697594147024
739525,episodic_length,512.0
739894,episodic_return,1301.5560112882238
739894,episodic_length,368.0
740342,episodic_return,1549.8220600207171
740342,episodic_length,447.0
741184,episodic_return,2976.6200096479283
741184,episodic_length,841.0
741376,value_loss,0.0003853531670756638
741376,policy_loss,-0.032302483916282654
741376,approx_kl,0.0061200084164738655
741376,clipfrac,0.061279296875
741376,explained_variance,0.9865303859114647
741376,sps,548.0
741637,episodic_return,1573.1238650475775
741637,episodic_length,452.0
742194,episodic_return,1941.6497721774888
742194,episodic_length,556.0
742745,episodic_return,1932.3507994269673
742745,episodic_length,550.0
743424,value_loss,0.0015512180980294943
743424,policy_loss,-0.026327893137931824
743424,approx_kl,0.00814560241997242
743424,clipfrac,0.098291015625
743424,explained_variance,0.9904940575361252
743424,sps,548.0
743427,episodic_return,2352.372705553432
743427,episodic_length,681.0
743821,episodic_return,1417.4233448387847
743821,episodic_length,393.0
744202,episodic_return,1367.3811440981985
744202,episodic_length,380.0
744652,episodic_return,1590.1403221761914
744652,episodic_length,449.0
745371,episodic_return,2418.0274265059643
745371,episodic_length,718.0
745472,value_loss,0.003969522193074226
745472,policy_loss,-0.026874899864196777
745472,approx_kl,0.013882511295378208
745472,clipfrac,0.074462890625
745472,explained_variance,0.9845318533480167
745472,sps,548.0
745965,episodic_return,2055.938427944031
745965,episodic_length,593.0
746303,episodic_return,1175.164771336677
746303,episodic_length,337.0
746676,episodic_return,1285.039242347087
746676,episodic_length,372.0
746936,episodic_return,928.6720504332374
746936,episodic_length,259.0
747330,episodic_return,1376.7691477024507
747330,episodic_length,393.0
747520,value_loss,0.0003846890467684716
747520,policy_loss,-0.024636071175336838
747520,approx_kl,0.009984997101128101
747520,clipfrac,0.068310546875
747520,explained_variance,0.983142489567399
747520,sps,548.0
747767,episodic_return,1548.854758531259
747767,episodic_length,436.0
748073,episodic_return,1080.5531248614232
748073,episodic_length,305.0
748434,episodic_return,1273.6920921540614
748434,episodic_length,360.0
748706,episodic_return,938.7007079712926
748706,episodic_length,271.0
749353,episodic_return,2244.003082275523
749353,episodic_length,646.0
749568,value_loss,0.0007226030575111508
749568,policy_loss,-0.031040597707033157
749568,approx_kl,0.008780119009315968
749568,clipfrac,0.070751953125
749568,explained_variance,0.9838763754814863
749568,sps,548.0
749648,episodic_return,1043.6183253344525
749648,episodic_length,294.0
750184,episodic_return,1874.4119563008637
750184,episodic_length,535.0
750521,episodic_return,1176.4364055434812
750521,episodic_length,336.0
750889,episodic_return,1319.6439345099845
750889,episodic_length,367.0
751305,episodic_return,1450.034142122551
751305,episodic_length,415.0
751616,value_loss,0.00090268615167588
751616,policy_loss,-0.010691575706005096
751616,approx_kl,0.00906373094767332
751616,clipfrac,0.094580078125
751616,explained_variance,0.9856458222493529
751616,sps,548.0
751686,episodic_return,1377.3158791169103
751686,episodic_length,380.0
752001,episodic_return,1144.016659876189
752001,episodic_length,314.0
752519,episodic_return,1833.4142744269489
752519,episodic_length,517.0
753283,episodic_return,2672.990804033329
753283,episodic_length,763.0
753664,value_loss,0.00019189045997336507
753664,policy_loss,0.002756497822701931
753664,approx_kl,0.0066720275208354
753664,clipfrac,0.05732421875
753664,explained_variance,0.9875961663201451
753664,sps,548.0
753943,episodic_return,2305.3462146801926
753943,episodic_length,659.0
754245,episodic_return,1055.4151280498113
754245,episodic_length,301.0
754627,episodic_return,1365.4928239058581
754627,episodic_length,381.0
755030,episodic_return,1418.3766852607507
755030,episodic_length,402.0
755645,episodic_return,2162.045978793896
755645,episodic_length,614.0
755712,value_loss,0.00029502197867259383
755712,policy_loss,-0.032550692558288574
755712,approx_kl,0.009198724292218685
755712,clipfrac,0.081201171875
755712,explained_variance,0.9864867981523275
755712,sps,548.0
756119,episodic_return,1681.0306017830248
756119,episodic_length,473.0
756443,episodic_return,1156.668967930659
756443,episodic_length,323.0
756775,episodic_return,1181.520684889074
756775,episodic_length,331.0
757485,episodic_return,2463.8252124384535
757485,episodic_length,709.0
757760,value_loss,0.0074278428219258785
757760,policy_loss,-0.029746748507022858
757760,approx_kl,0.008135111071169376
757760,clipfrac,0.084130859375
757760,explained_variance,0.9859415460377932
757760,sps,548.0
757853,episodic_return,1320.247587975502
757853,episodic_length,367.0
758165,episodic_return,1106.862232139161
758165,episodic_length,311.0
758614,episodic_return,1610.7020011933878
758614,episodic_length,448.0
759615,episodic_return,3337.3031309902053
759615,episodic_length,1000.0
759808,value_loss,0.0010141631355509162
759808,policy_loss,-0.01923516020178795
759808,approx_kl,0.005702505819499493
759808,clipfrac,0.0822265625
759808,explained_variance,0.8948626443743706
759808,sps,548.0
759936,episodic_return,1168.1653130869245
759936,episodic_length,320.0
760457,episodic_return,1815.7360641622226
760457,episodic_length,520.0
760878,episodic_return,1504.1291058566792
760878,episodic_length,420.0
761294,episodic_return,1493.333167003847
761294,episodic_length,415.0
761853,episodic_return,1958.6511805249168
761853,episodic_length,558.0
761856,value_loss,0.006582228932529688
761856,policy_loss,-0.027905914932489395
761856,approx_kl,0.00618961825966835
761856,clipfrac,0.0640625
761856,explained_variance,0.9813079871237278
761856,sps,548.0
762121,episodic_return,925.0634130831456
762121,episodic_length,267.0
762545,episodic_return,1490.3348570981705
762545,episodic_length,423.0
762977,episodic_return,1534.6600818024606
762977,episodic_length,431.0
763379,episodic_return,1428.0507281497576
763379,episodic_length,401.0
763849,episodic_return,1652.270060187837
763849,episodic_length,469.0
763904,value_loss,0.0002815272018779069
763904,policy_loss,-0.03293341025710106
763904,approx_kl,0.006969609297811985
763904,clipfrac,0.09365234375
763904,explained_variance,0.9802061822265387
763904,sps,548.0
764542,episodic_return,2417.036804488812
764542,episodic_length,692.0
765543,episodic_return,3312.731743660156
765543,episodic_length,1000.0
765892,episodic_return,1251.2816508028982
765892,episodic_length,348.0
765952,value_loss,0.0044533973559737206
765952,policy_loss,-0.016188055276870728
765952,approx_kl,0.008503238670527935
765952,clipfrac,0.111474609375
765952,explained_variance,0.8357190638780594
765952,sps,548.0
766147,episodic_return,919.3794619912562
766147,episodic_length,254.0
766719,episodic_return,1855.5643284506052
766719,episodic_length,571.0
767385,episodic_return,1920.123224540336
767385,episodic_length,665.0
767765,episodic_return,1341.6103750933466
767765,episodic_length,379.0
768000,value_loss,0.002443348988890648
768000,policy_loss,-0.018657445907592773
768000,approx_kl,0.0058865975588560104
768000,clipfrac,0.06513671875
768000,explained_variance,0.9582437537610531
768000,sps,548.0
768337,episodic_return,1968.8016640408352
768337,episodic_length,571.0
768683,episodic_return,1245.7666142125308
768683,episodic_length,345.0
769014,episodic_return,1160.6868607988033
769014,episodic_length,330.0
769471,episodic_return,1636.8112594285014
769471,episodic_length,456.0
770039,episodic_return,2024.4693141131313
770039,episodic_length,567.0
770048,value_loss,0.00043506029760465026
770048,policy_loss,-0.028287574648857117
770048,approx_kl,0.008603313006460667
770048,clipfrac,0.067041015625
770048,explained_variance,0.9824176356196404
770048,sps,548.0
771040,episodic_return,3355.5455444362065
771040,episodic_length,1000.0
771801,episodic_return,2683.2838743878315
771801,episodic_length,760.0
772096,value_loss,0.0010442697675898671
772096,policy_loss,-0.017438091337680817
772096,approx_kl,0.007329033687710762
772096,clipfrac,0.08916015625
772096,explained_variance,0.8771957382559776
772096,sps,548.0
772759,episodic_return,3086.5589924555384
772759,episodic_length,957.0
773104,episodic_return,1235.670613561597
773104,episodic_length,344.0
773372,episodic_return,927.2633168211981
773372,episodic_length,267.0
774144,value_loss,0.0008510659681633115
774144,policy_loss,-0.0340908020734787
774144,approx_kl,0.004959539510309696
774144,clipfrac,0.074755859375
774144,explained_variance,0.981169493868947
774144,sps,548.0
774373,episodic_return,3428.757526141096
774373,episodic_length,1000.0
775070,episodic_return,2436.850614172632
775070,episodic_length,696.0
775708,episodic_return,2229.4221410816704
775708,episodic_length,637.0
776192,value_loss,0.0044713569805026054
776192,policy_loss,0.0030014365911483765
776192,approx_kl,0.008725724183022976
776192,clipfrac,0.0693359375
776192,explained_variance,0.9546998701989651
776192,sps,548.0
776530,episodic_return,2903.5236711325288
776530,episodic_length,821.0
777075,episodic_return,1907.5095297486355
777075,episodic_length,544.0
777362,episodic_return,1034.0504668815454
777362,episodic_length,286.0
778240,value_loss,0.0005656347493641078
778240,policy_loss,-0.029401296749711037
778240,approx_kl,0.008118551224470139
778240,clipfrac,0.0703125
778240,explained_variance,0.9839483145624399
778240,sps,548.0
778363,episodic_return,3215.219638900868
778363,episodic_length,1000.0
778928,episodic_return,1959.5273887192664
778928,episodic_length,564.0
779793,episodic_return,3005.868059794131
779793,episodic_length,864.0
780288,value_loss,0.008219140581786633
780288,policy_loss,-0.02587978169322014
780288,approx_kl,0.009161962196230888
780288,clipfrac,0.096337890625
780288,explained_variance,0.9055301025509834
780288,sps,548.0
780426,episodic_return,2227.941176809548
780426,episodic_length,632.0
780932,episodic_return,1774.6296798057251
780932,episodic_length,505.0
781331,episodic_return,1399.9559469607732
781331,episodic_length,398.0
781889,episodic_return,1907.928245366759
781889,episodic_length,557.0
782336,value_loss,0.0006415803218260407
782336,policy_loss,-0.056469645351171494
782336,approx_kl,0.011779051274061203
782336,clipfrac,0.08408203125
782336,explained_variance,0.9827256556600332
782336,sps,548.0
782503,episodic_return,2163.661993426767
782503,episodic_length,613.0
783238,episodic_return,2577.740475416637
783238,episodic_length,734.0
783732,episodic_return,1724.538706204086
783732,episodic_length,493.0
784384,value_loss,0.00029852628358639777
784384,policy_loss,-0.015231829136610031
784384,approx_kl,0.006889196112751961
784384,clipfrac,0.059423828125
784384,explained_variance,0.9817537926137447
784384,sps,548.0
784704,episodic_return,3407.527634075458
784704,episodic_length,971.0
785456,episodic_return,2670.5802425594597
785456,episodic_length,751.0
786357,episodic_return,3155.8217688397926
786357,episodic_length,900.0
786432,value_loss,0.014834025874733925
786432,policy_loss,0.0010654740035533905
786432,approx_kl,0.01112031564116478
786432,clipfrac,0.06494140625
786432,explained_variance,0.9861972527578473
786432,sps,548.0
786708,episodic_return,1229.2323241642614
786708,episodic_length,350.0
787283,episodic_return,2028.2561520756108
787283,episodic_length,574.0
787660,episodic_return,1337.7031052686834
787660,episodic_length,376.0
788148,episodic_return,1737.0081034577406
788148,episodic_length,487.0
788480,value_loss,0.0005393435712903738
788480,policy_loss,-0.00587085634469986
788480,approx_kl,0.00608508475124836
788480,clipfrac,0.069091796875
788480,explained_variance,0.9856032114475965
788480,sps,548.0
788533,episodic_return,1364.6776158996988
788533,episodic_length,384.0
789410,episodic_return,3062.698853746964
789410,episodic_length,876.0
789881,episodic_return,1685.7963766498879
789881,episodic_length,470.0
790450,episodic_return,1991.3861502980058
790450,episodic_length,568.0
790528,value_loss,0.0003738749073818326
790528,policy_loss,-0.05550548434257507
790528,approx_kl,0.012295627035200596
790528,clipfrac,0.093359375
790528,explained_variance,0.9861741894856095
790528,sps,548.0
791324,episodic_return,3015.3176717816236
791324,episodic_length,873.0
791890,episodic_return,1985.539668526237
791890,episodic_length,565.0
792576,value_loss,0.00017072781338356435
792576,policy_loss,-0.020215891301631927
792576,approx_kl,0.007625997997820377
792576,clipfrac,0.078173828125
792576,explained_variance,0.9878347553312778
792576,sps,548.0
792891,episodic_return,3418.5306082367633
792891,episodic_length,1000.0
793892,episodic_return,3342.0064314708443
793892,episodic_length,1000.0
794330,episodic_return,1567.6491106712697
794330,episodic_length,437.0
794624,value_loss,0.008620960637927055
794624,policy_loss,-0.029320910573005676
794624,approx_kl,0.0075492458418011665
794624,clipfrac,0.093798828125
794624,explained_variance,0.7858829945325851
794624,sps,548.0
795130,episodic_return,2812.944249031994
795130,episodic_length,799.0
796131,episodic_return,3055.4760993546247
796131,episodic_length,1000.0
796672,value_loss,0.0698433518409729
796672,policy_loss,-0.03125534579157829
796672,approx_kl,0.008024412207305431
796672,clipfrac,0.085595703125
796672,explained_variance,0.7511089444160461
796672,sps,548.0
797132,episodic_return,3329.32671155226
797132,episodic_length,1000.0
797981,episodic_return,2917.4556873272986
797981,episodic_length,848.0
798684,episodic_return,2490.172786992484
798684,episodic_length,702.0
798720,value_loss,0.0007146395510062575
798720,policy_loss,-0.006006473675370216
798720,approx_kl,0.004185225814580917
798720,clipfrac,0.05849609375
798720,explained_variance,0.8209535479545593
798720,sps,548.0
799532,episodic_return,2994.3592545523393
799532,episodic_length,847.0
800504,episodic_return,3419.585556650002
800504,episodic_length,971.0
800768,value_loss,0.0003578136092983186
800768,policy_loss,0.009857170283794403
800768,approx_kl,0.006130683235824108
800768,clipfrac,0.052294921875
800768,explained_variance,0.981128815561533
800768,sps,548.0
801359,episodic_return,2999.8262286500303
801359,episodic_length,854.0
802149,episodic_return,2772.140741997702
802149,episodic_length,789.0
802816,value_loss,0.00038168521132320166
802816,policy_loss,-0.018127892166376114
802816,approx_kl,0.007280802354216576
802816,clipfrac,0.080517578125
802816,explained_variance,0.9811477735638618
802816,sps,548.0
802879,episodic_return,2523.221964741325
802879,episodic_length,729.0
803518,episodic_return,2224.8250852531123
803518,episodic_length,638.0
804343,episodic_return,2913.8302148675057
804343,episodic_length,824.0
804780,episodic_return,1536.007053617559
804780,episodic_length,436.0
804864,value_loss,0.0005319230840541422
804864,policy_loss,0.0017025023698806763
804864,approx_kl,0.009226510301232338
804864,clipfrac,0.081396484375
804864,explained_variance,0.9870887259021401
804864,sps,548.0
805424,episodic_return,2311.6835865701723
805424,episodic_length,643.0
805927,episodic_return,1787.1511136749289
805927,episodic_length,502.0
806912,value_loss,0.0004506486002355814
806912,policy_loss,-0.025541238486766815
806912,approx_kl,0.010878284461796284
806912,clipfrac,0.084130859375
806912,explained_variance,0.988057242706418
806912,sps,548.0
806928,episodic_return,3344.631773762889
806928,episodic_length,1000.0
807887,episodic_return,3387.8319238612885
807887,episodic_length,958.0
808150,episodic_return,944.7771087895602
808150,episodic_length,262.0
808634,episodic_return,1724.2908513770856
808634,episodic_length,483.0
808960,value_loss,0.0013046276289969683
808960,policy_loss,-0.00981924682855606
808960,approx_kl,0.014246740378439426
808960,clipfrac,0.071337890625
808960,explained_variance,0.8832819983363152
808960,sps,548.0
809320,episodic_return,2444.0527974460756
809320,episodic_length,685.0
809692,episodic_return,1365.0920184030297
809692,episodic_length,371.0
810359,episodic_return,2275.2635375723526
810359,episodic_length,666.0
810881,episodic_return,1822.9704899821452
810881,episodic_length,521.0
811008,value_loss,0.0009288411238230765
811008,policy_loss,-0.04110676795244217
811008,approx_kl,0.007631569169461727
811008,clipfrac,0.08271484375
811008,explained_variance,0.9802369326353073
811008,sps,548.0
811417,episodic_return,1889.1683416148376
811417,episodic_length,535.0
812175,episodic_return,2663.2926041071173
812175,episodic_length,757.0
812537,episodic_return,996.7713040101066
812537,episodic_length,361.0
812946,episodic_return,1438.9894423967244
812946,episodic_length,408.0
813056,value_loss,0.030105438083410263
813056,policy_loss,-0.021829307079315186
813056,approx_kl,0.005854167975485325
813056,clipfrac,0.064453125
813056,explained_variance,0.9513978846371174
813056,sps,548.0
813738,episodic_return,2751.765011371456
813738,episodic_length,791.0
814739,episodic_return,3375.6049203626008
814739,episodic_length,1000.0
815104,value_loss,0.022267216816544533
815104,policy_loss,-0.028927143663167953
815104,approx_kl,0.012144967913627625
815104,clipfrac,0.0998046875
815104,explained_variance,0.74760901927948
815104,sps,548.0
815726,episodic_return,3484.579100688244
815726,episodic_length,986.0
816339,episodic_return,2186.649146539273
816339,episodic_length,612.0
817152,value_loss,0.0002152391243726015
817152,policy_loss,-0.02031826041638851
817152,approx_kl,0.00636809878051281
817152,clipfrac,0.073095703125
817152,explained_variance,0.9850125135853887
817152,sps,548.0
817223,episodic_return,3088.805244343294
817223,episodic_length,883.0
817966,episodic_return,2603.2991074849824
817966,episodic_length,742.0
818484,episodic_return,1825.8004880959813
818484,episodic_length,517.0
818972,episodic_return,1703.4388780475888
818972,episodic_length,487.0
819200,value_loss,0.0004433801514096558
819200,policy_loss,-0.017907632514834404
819200,approx_kl,0.007528143003582954
819200,clipfrac,0.094091796875
819200,explained_variance,0.9870592905208468
819200,sps,548.0
819707,episodic_return,2622.262097718239
819707,episodic_length,734.0
820041,episodic_return,1184.6357177049504
820041,episodic_length,333.0
820466,episodic_return,1512.4497047104255
820466,episodic_length,424.0
821229,episodic_return,2697.2585848231024
821229,episodic_length,762.0
821248,value_loss,0.0003084225463680923
821248,policy_loss,-0.013320669531822205
821248,approx_kl,0.00727431382983923
821248,clipfrac,0.049951171875
821248,explained_variance,0.9878124054521322
821248,sps,548.0
821591,episodic_return,1305.5852255855948
821591,episodic_length,361.0
821994,episodic_return,1417.818186146437
821994,episodic_length,402.0
822287,episodic_return,1056.9286282058222
822287,episodic_length,292.0
823170,episodic_return,3086.053347010573
823170,episodic_length,882.0
823296,value_loss,0.0023044305853545666
823296,policy_loss,-0.029895316809415817
823296,approx_kl,0.007118400186300278
823296,clipfrac,0.087646484375
823296,explained_variance,0.9857798926532269
823296,sps,548.0
823894,episodic_return,2541.862752442144
823894,episodic_length,723.0
824383,episodic_return,1727.809018818176
824383,episodic_length,488.0
824843,episodic_return,1638.7961512710515
824843,episodic_length,459.0
825344,value_loss,0.0002676788717508316
825344,policy_loss,-0.014833897352218628
825344,approx_kl,0.006256600841879845
825344,clipfrac,0.080615234375
825344,explained_variance,0.9904481805860996
825344,sps,548.0
825480,episodic_return,2241.3193992328725
825480,episodic_length,636.0
826063,episodic_return,2056.075785545629
826063,episodic_length,582.0
826416,episodic_return,1268.7367656991432
826416,episodic_length,352.0
826842,episodic_return,1467.7104017693487
826842,episodic_length,425.0
827392,value_loss,0.0016169109148904681
827392,policy_loss,-0.011114079505205154
827392,approx_kl,0.005721705034375191
827392,clipfrac,0.04580078125
827392,explained_variance,0.9872990809381008
827392,sps,548.0
827397,episodic_return,1982.3339529546797
827397,episodic_length,554.0
827930,episodic_return,1887.9107001221357
827930,episodic_length,532.0
828285,episodic_return,1288.111219001469
828285,episodic_length,354.0
828833,episodic_return,1941.6561851335457
828833,episodic_length,547.0
829440,value_loss,0.0003092626575380564
829440,policy_loss,-0.031850606203079224
829440,approx_kl,0.006046452559530735
829440,clipfrac,0.07373046875
829440,explained_variance,0.9842153564095497
829440,sps,548.0
829514,episodic_return,2404.5141430584713
829514,episodic_length,680.0
829792,episodic_return,983.671267682103
829792,episodic_length,277.0
830099,episodic_return,1121.49595890511
830099,episodic_length,306.0
830828,episodic_return,2563.4919387023706
830828,episodic_length,728.0
831170,episodic_return,1170.2912523743653
831170,episodic_length,341.0
831488,value_loss,0.010019751265645027
831488,policy_loss,-0.028580192476511
831488,approx_kl,0.005944062024354935
831488,clipfrac,0.074072265625
831488,explained_variance,0.9856490436941385
831488,sps,548.0
831634,episodic_return,1638.6455499432614
831634,episodic_length,463.0
832365,episodic_return,2602.0448704877617
832365,episodic_length,730.0
833044,episodic_return,2437.585616241437
833044,episodic_length,678.0
833536,value_loss,0.0001848289684858173
833536,policy_loss,-0.013304892927408218
833536,approx_kl,0.005095069296658039
833536,clipfrac,0.080517578125
833536,explained_variance,0.9888800168409944
833536,sps,548.0
833577,episodic_return,1901.6144889098937
833577,episodic_length,532.0
834141,episodic_return,2005.5549823340464
834141,episodic_length,563.0
834505,episodic_return,1298.1523037789734
834505,episodic_length,363.0
834820,episodic_return,1108.9455921478893
834820,episodic_length,314.0
835271,episodic_return,1614.676379096268
835271,episodic_length,450.0
835582,episodic_return,1126.2255490126097
835582,episodic_length,310.0
835584,value_loss,0.0004914099699817598
835584,policy_loss,0.015108257532119751
835584,approx_kl,0.011995682492852211
835584,clipfrac,0.053857421875
835584,explained_variance,0.9866194035857916
835584,sps,548.0
835915,episodic_return,1168.7139699261397
835915,episodic_length,332.0
836399,episodic_return,1737.1146199882598
836399,episodic_length,483.0
836943,episodic_return,1928.3424356804417
836943,episodic_length,543.0
837632,value_loss,0.00019432423869147897
837632,policy_loss,-0.03424077853560448
837632,approx_kl,0.00701189786195755
837632,clipfrac,0.056201171875
837632,explained_variance,0.9841955229640007
837632,sps,548.0
837944,episodic_return,3360.303335299863
837944,episodic_length,1000.0
838406,episodic_return,1649.797881624099
838406,episodic_length,461.0
839265,episodic_return,2987.0152854200073
839265,episodic_length,858.0
839680,value_loss,0.0015772661427035928
839680,policy_loss,-0.015616852790117264
839680,approx_kl,0.007992051541805267
839680,clipfrac,0.083544921875
839680,explained_variance,0.8268046677112579
839680,sps,548.0
839955,episodic_return,2434.8009002410054
839955,episodic_length,689.0
840411,episodic_return,1621.969556784774
840411,episodic_length,455.0
841224,episodic_return,2866.9343724776277
841224,episodic_length,812.0
841613,episodic_return,1389.7259179143257
841613,episodic_length,388.0
841728,value_loss,0.00023376557510346174
841728,policy_loss,-0.018143542110919952
841728,approx_kl,0.00879290234297514
841728,clipfrac,0.086474609375
841728,explained_variance,0.976503474637866
841728,sps,548.0
841941,episodic_return,1154.103922825801
841941,episodic_length,327.0
842434,episodic_return,1718.1583533202058
842434,episodic_length,492.0
842819,episodic_return,1363.8085743351617
842819,episodic_length,384.0
843189,episodic_return,1336.1108236138782
843189,episodic_length,369.0
843531,episodic_return,1238.0190244456917
843531,episodic_length,341.0
843776,value_loss,0.0006486885249614716
843776,policy_loss,0.005194447934627533
843776,approx_kl,0.011051400564610958
843776,clipfrac,0.075146484375
843776,explained_variance,0.9754298012703657
843776,sps,548.0
844078,episodic_return,1928.2820861182286
844078,episodic_length,546.0
844386,episodic_return,1115.9262724698813
844386,episodic_length,307.0
845050,episodic_return,2371.6224573242594
845050,episodic_length,663.0
845415,episodic_return,1316.563083811539
845415,episodic_length,364.0
845824,value_loss,0.00020981879788450897
845824,policy_loss,-0.014832690358161926
845824,approx_kl,0.009859849698841572
845824,clipfrac,0.068408203125
845824,explained_variance,0.9873666558414698
845824,sps,548.0
845875,episodic_return,1630.442852402754
845875,episodic_length,459.0
846467,episodic_return,2137.3243828665036
846467,episodic_length,591.0
846863,episodic_return,1411.8080107541687
846863,episodic_length,395.0
847392,episodic_return,1871.903518887226
847392,episodic_length,528.0
847872,value_loss,0.00029494080808945
847872,policy_loss,-0.023026537150144577
847872,approx_kl,0.00907689519226551
847872,clipfrac,0.056640625
847872,explained_variance,0.9884583214297891
847872,sps,548.0
848055,episodic_return,2377.293333248791
848055,episodic_length,662.0
848505,episodic_return,1606.4517170801537
848505,episodic_length,449.0
848958,episodic_return,1642.4553764187647
848958,episodic_length,452.0
849390,episodic_return,1573.7293539830466
849390,episodic_length,431.0
849700,episodic_return,1107.5141133256839
849700,episodic_length,309.0
849920,value_loss,0.002401317935436964
849920,policy_loss,-0.012194089591503143
849920,approx_kl,0.004946098662912846
849920,clipfrac,0.054736328125
849920,explained_variance,0.9857606822624803
849920,sps,548.0
850065,episodic_return,1302.3522258421237
850065,episodic_length,364.0
850789,episodic_return,2582.2012132318673
850789,episodic_length,723.0
851140,episodic_return,1272.2392322312653
851140,episodic_length,350.0
851968,value_loss,0.00026124328724108636
851968,policy_loss,-0.012665808200836182
851968,approx_kl,0.005425077863037586
851968,clipfrac,0.050146484375
851968,explained_variance,0.9866615394130349
851968,sps,548.0
852141,episodic_return,3338.461847756333
852141,episodic_length,1000.0
852464,episodic_return,1163.4354566904253
852464,episodic_length,322.0
853069,episodic_return,2144.3673506187993
853069,episodic_length,604.0
853352,episodic_return,1032.3005417061775
853352,episodic_length,282.0
853669,episodic_return,1113.4496580204125
853669,episodic_length,316.0
854016,value_loss,0.018379760906100273
854016,policy_loss,-0.019610337913036346
854016,approx_kl,0.010288355872035027
854016,clipfrac,0.106591796875
854016,explained_variance,0.8952711299061775
854016,sps,548.0
854559,episodic_return,3124.743625212651
854559,episodic_length,889.0
855163,episodic_return,2153.778546846724
855163,episodic_length,603.0
855481,episodic_return,1158.1199601076291
855481,episodic_length,317.0
856064,value_loss,0.00969741865992546
856064,policy_loss,-0.011093765497207642
856064,approx_kl,0.005912546068429947
856064,clipfrac,0.070263671875
856064,explained_variance,0.9793439321219921
856064,sps,548.0
856458,episodic_return,3447.378255302121
856458,episodic_length,976.0
856939,episodic_return,1736.7078068793712
856939,episodic_length,480.0
857489,episodic_return,1979.0123138892795
857489,episodic_length,549.0
858034,episodic_return,1916.7710199786989
858034,episodic_length,544.0
858112,value_loss,0.002974096452817321
858112,policy_loss,-0.022430922836065292
858112,approx_kl,0.004098508507013321
858112,clipfrac,0.034765625
858112,explained_variance,0.9848503535613418
858112,sps,548.0
858434,episodic_return,1440.576415323766
858434,episodic_length,399.0
859075,episodic_return,2231.1130627796556
859075,episodic_length,640.0
859548,episodic_return,1674.5484963083684
859548,episodic_length,472.0
859978,episodic_return,1559.7105666993466
859978,episodic_length,429.0
860160,value_loss,0.007965100929141045
860160,policy_loss,0.026961203664541245
860160,approx_kl,0.0037164194509387016
860160,clipfrac,0.028466796875
860160,explained_variance,0.9795405454933643
860160,sps,548.0
860442,episodic_return,1677.577287416675
860442,episodic_length,463.0
861048,episodic_return,2198.569641158478
861048,episodic_length,605.0
862049,episodic_return,3501.7978246544512
862049,episodic_length,1000.0
862208,value_loss,0.0011460288660600781
862208,policy_loss,-0.010740811005234718
862208,approx_kl,0.004898101091384888
862208,clipfrac,0.0416015625
862208,explained_variance,0.9696833975613117
862208,sps,548.0
862609,episodic_return,1948.8228908891128
862609,episodic_length,559.0
863144,episodic_return,1900.7528679236611
863144,episodic_length,534.0
864145,episodic_return,3398.4723621810895
864145,episodic_length,1000.0
864256,value_loss,0.018054094165563583
864256,policy_loss,-0.032932255417108536
864256,approx_kl,0.009480365552008152
864256,clipfrac,0.093115234375
864256,explained_variance,0.8188014477491379
864256,sps,548.0
864493,episodic_return,1249.8692574377128
864493,episodic_length,347.0
865396,episodic_return,3166.0738159959606
865396,episodic_length,902.0
865797,episodic_return,1428.2838188367537
865797,episodic_length,400.0
866304,value_loss,0.0005526510067284107
866304,policy_loss,-0.0029088258743286133
866304,approx_kl,0.004624815657734871
866304,clipfrac,0.0654296875
866304,explained_variance,0.9812320005148649
866304,sps,548.0
866312,episodic_return,1855.9550056576738
866312,episodic_length,514.0
867045,episodic_return,2617.469584395595
867045,episodic_length,732.0
867512,episodic_return,1666.7060590029002
867512,episodic_length,466.0
867879,episodic_return,1318.4991590566528
867879,episodic_length,366.0
868318,episodic_return,1569.7098125330833
868318,episodic_length,438.0
868352,value_loss,0.00030925284954719245
868352,policy_loss,-0.008615642786026001
868352,approx_kl,0.008463586680591106
868352,clipfrac,0.060693359375
868352,explained_variance,0.9811246395111084
868352,sps,548.0
868734,episodic_return,1488.375782296429
868734,episodic_length,415.0
869735,episodic_return,3343.2759730547773
869735,episodic_length,1000.0
870036,episodic_return,1095.130898608699
870036,episodic_length,300.0
870400,value_loss,0.002746394369751215
870400,policy_loss,-0.020454339683055878
870400,approx_kl,0.009142235852777958
870400,clipfrac,0.104248046875
870400,explained_variance,0.8403964787721634
870400,sps,548.0
871037,episodic_return,3343.072464043959
871037,episodic_length,1000.0
871519,episodic_return,1713.2483485900038
871519,episodic_length,481.0
871857,episodic_return,1218.713613139652
871857,episodic_length,337.0
872448,value_loss,0.0018968856893479824
872448,policy_loss,0.0006504878401756287
872448,approx_kl,0.00598529726266861
872448,clipfrac,0.0748046875
872448,explained_variance,0.819363921880722
872448,sps,548.0
872508,episodic_return,2349.460101803063
872508,episodic_length,650.0
873509,episodic_return,2951.755678211928
873509,episodic_length,1000.0
874269,episodic_return,2671.9818087932085
874269,episodic_length,759.0
874496,value_loss,0.009896042756736279
874496,policy_loss,-0.014579825103282928
874496,approx_kl,0.010105565190315247
874496,clipfrac,0.067919921875
874496,explained_variance,0.8123441636562347
874496,sps,548.0
874880,episodic_return,2176.6270900172403
874880,episodic_length,610.0
875852,episodic_return,3417.434229799107
875852,episodic_length,971.0
876410,episodic_return,1973.6796146714814
876410,episodic_length,557.0
876544,value_loss,0.008394628763198853
876544,policy_loss,-0.00253845751285553
876544,approx_kl,0.003822627477347851
876544,clipfrac,0.06328125
876544,explained_variance,0.9723668824881315
876544,sps,548.0
876783,episodic_return,1361.8702917376668
876783,episodic_length,372.0
877355,episodic_return,2029.150637426247
877355,episodic_length,571.0
878356,episodic_return,3337.5819066105555
878356,episodic_length,1000.0
878592,value_loss,0.001211583730764687
878592,policy_loss,-0.013612501323223114
878592,approx_kl,0.005686750635504723
878592,clipfrac,0.05966796875
878592,explained_variance,0.8471574485301971
878592,sps,548.0
878890,episodic_return,1896.7949514724035
878890,episodic_length,533.0
879259,episodic_return,1303.7354525942762
879259,episodic_length,368.0
879992,episodic_return,2599.222574504942
879992,episodic_length,732.0
880640,value_loss,0.0005085309967398643
880640,policy_loss,-0.018228664994239807
880640,approx_kl,0.0070294784381985664
880640,clipfrac,0.042333984375
880640,explained_variance,0.9828601367771626
880640,sps,549.0
880813,episodic_return,2947.8098090992107
880813,episodic_length,820.0
881297,episodic_return,1728.7452636734931
881297,episodic_length,483.0
882089,episodic_return,2827.6578996003514
882089,episodic_length,791.0
882680,episodic_return,2119.177464601048
882680,episodic_length,590.0
882688,value_loss,0.0003179177874699235
882688,policy_loss,-0.00583726167678833
882688,approx_kl,0.006557362154126167
882688,clipfrac,0.07548828125
882688,explained_variance,0.986330452375114
882688,sps,549.0
883034,episodic_return,1270.3179529702147
883034,episodic_length,353.0
883526,episodic_return,1736.4682710414463
883526,episodic_length,491.0
884152,episodic_return,2195.437477657326
884152,episodic_length,625.0
884736,value_loss,0.00026600604178383946
884736,policy_loss,-0.0007070302963256836
884736,approx_kl,0.006875323131680489
884736,clipfrac,0.080859375
884736,explained_variance,0.9854140477254987
884736,sps,548.0
884890,episodic_return,2618.6605398478305
884890,episodic_length,737.0
885245,episodic_return,1255.8486342041715
885245,episodic_length,354.0
885527,episodic_return,1002.0633046476581
885527,episodic_length,281.0
885820,episodic_return,964.8371896940218
885820,episodic_length,292.0
886198,episodic_return,1344.476662312997
886198,episodic_length,377.0
886656,episodic_return,1632.596333855473
886656,episodic_length,457.0
886784,value_loss,0.0005665504140779376
886784,policy_loss,-0.019285934045910835
886784,approx_kl,0.008569621481001377
886784,clipfrac,0.05615234375
886784,explained_variance,0.977566683664918
886784,sps,548.0
887320,episodic_return,2366.500640174923
887320,episodic_length,663.0
888114,episodic_return,2809.7986509646876
888114,episodic_length,793.0
888538,episodic_return,1497.5036154283594
888538,episodic_length,423.0
888832,value_loss,0.005709411110728979
888832,policy_loss,0.019279897212982178
888832,approx_kl,0.006986250169575214
888832,clipfrac,0.069970703125
888832,explained_variance,0.9837132208049297
888832,sps,549.0
889269,episodic_return,2562.1520591754656
889269,episodic_length,730.0
889716,episodic_return,1584.5628404113327
889716,episodic_length,446.0
890245,episodic_return,1872.8985961309268
890245,episodic_length,528.0
890851,episodic_return,2161.8355864448017
890851,episodic_length,605.0
890880,value_loss,0.00041451852302998304
890880,policy_loss,-0.028190283104777336
890880,approx_kl,0.007564546540379524
890880,clipfrac,0.0619140625
890880,explained_variance,0.9872452188283205
890880,sps,549.0
891247,episodic_return,1393.0423007264112
891247,episodic_length,395.0
891623,episodic_return,1324.1285435070763
891623,episodic_length,375.0
892097,episodic_return,1704.6311446427196
892097,episodic_length,473.0
892644,episodic_return,1953.646800703709
892644,episodic_length,546.0
892928,value_loss,0.002717703813686967
892928,policy_loss,-0.028032630681991577
892928,approx_kl,0.008561152964830399
892928,clipfrac,0.072509765625
892928,explained_variance,0.9868430886417627
892928,sps,548.0
893201,episodic_return,1995.6831843634268
893201,episodic_length,556.0
893546,episodic_return,1239.3866940893442
893546,episodic_length,344.0
893934,episodic_return,1363.8541459767398
893934,episodic_length,387.0
894417,episodic_return,1709.7166674309221
894417,episodic_length,482.0
894754,episodic_return,1226.1827878222155
894754,episodic_length,336.0
894976,value_loss,0.00039662502240389585
894976,policy_loss,-0.02619156241416931
894976,approx_kl,0.0058546410873532295
894976,clipfrac,0.044677734375
894976,explained_variance,0.9854507325217128
894976,sps,548.0
895271,episodic_return,1824.0229144763534
895271,episodic_length,516.0
895568,episodic_return,1059.0002432228173
895568,episodic_length,296.0
895879,episodic_return,1083.185321584675
895879,episodic_length,310.0
896520,episodic_return,2297.673871650918
896520,episodic_length,640.0
897024,value_loss,0.001774031319655478
897024,policy_loss,-0.0387236624956131
897024,approx_kl,0.005071633495390415
897024,clipfrac,0.04970703125
897024,explained_variance,0.9826776459813118
897024,sps,548.0
897109,episodic_return,2099.282176744971
897109,episodic_length,588.0
897517,episodic_return,1408.6718236402671
897517,episodic_length,407.0
897906,episodic_return,1371.9795126589866
897906,episodic_length,388.0
898508,episodic_return,2158.0285589489545
898508,episodic_length,601.0
899043,episodic_return,1872.5726579297834
899043,episodic_length,534.0
899072,value_loss,0.011554134078323841
899072,policy_loss,-0.01998397335410118
899072,approx_kl,0.006460223346948624
899072,clipfrac,0.041162109375
899072,explained_variance,0.9764150008559227
899072,sps,548.0
900003,episodic_return,3392.3355867556015
900003,episodic_length,959.0
900590,episodic_return,2076.7293047259045
900590,episodic_length,586.0
900983,episodic_return,1392.6175514785898
900983,episodic_length,392.0
901120,value_loss,0.003283646423369646
901120,policy_loss,-0.02101045474410057
901120,approx_kl,0.005746866576373577
901120,clipfrac,0.0498046875
901120,explained_variance,0.9833142124116421
901120,sps,548.0
901849,episodic_return,3078.887534732849
901849,episodic_length,865.0
902339,episodic_return,1793.2056258935418
902339,episodic_length,489.0
903168,value_loss,0.0001759403239702806
903168,policy_loss,-0.008706003427505493
903168,approx_kl,0.005480470135807991
903168,clipfrac,0.033837890625
903168,explained_variance,0.990133791230619
903168,sps,548.0
903340,episodic_return,3403.719707207755
903340,episodic_length,1000.0
903853,episodic_return,1773.7713091416501
903853,episodic_length,512.0
904854,episodic_return,3027.6306653808533
904854,episodic_length,1000.0
905216,value_loss,0.004216743167489767
905216,policy_loss,-0.03732465207576752
905216,approx_kl,0.006535671651363373
905216,clipfrac,0.0798828125
905216,explained_variance,0.8071957379579544
905216,sps,548.0
905500,episodic_return,2232.6080753225733
905500,episodic_length,645.0
906099,episodic_return,2118.2135023632686
906099,episodic_length,598.0
906548,episodic_return,1551.3556837983278
906548,episodic_length,448.0
906952,episodic_return,1408.5354676450552
906952,episodic_length,403.0
907252,episodic_return,1062.7990767284757
907252,episodic_length,299.0
907264,value_loss,0.0005635308916680515
907264,policy_loss,-0.018741901963949203
907264,approx_kl,0.005542842671275139
907264,clipfrac,0.055859375
907264,explained_variance,0.9800349418073893
907264,sps,548.0
908209,episodic_return,2945.6489742194863
908209,episodic_length,956.0
908699,episodic_return,1703.627002084769
908699,episodic_length,489.0
909312,value_loss,0.0006313660414889455
909312,policy_loss,0.0004922933876514435
909312,approx_kl,0.005063592456281185
909312,clipfrac,0.02666015625
909312,explained_variance,0.9699087776243687
909312,sps,548.0
909700,episodic_return,3395.5756796001415
909700,episodic_length,1000.0
910174,episodic_return,1696.3462696709064
910174,episodic_length,473.0
911004,episodic_return,2921.3480863474197
911004,episodic_length,829.0
911360,value_loss,0.0001676315296208486
911360,policy_loss,-0.0021877288818359375
911360,approx_kl,0.007187620736658573
911360,clipfrac,0.058447265625
911360,explained_variance,0.983583889901638
911360,sps,548.0
911637,episodic_return,2227.5817982592357
911637,episodic_length,632.0
912524,episodic_return,3122.802960886998
912524,episodic_length,886.0
913329,episodic_return,2802.882596968074
913329,episodic_length,804.0
913408,value_loss,0.00038628638139925897
913408,policy_loss,-0.004411011002957821
913408,approx_kl,0.0030860314145684242
913408,clipfrac,0.025048828125
913408,explained_variance,0.9835489988327026
913408,sps,548.0
913871,episodic_return,1934.1959858390878
913871,episodic_length,541.0
914765,episodic_return,2795.0975430477215
914765,episodic_length,893.0
915336,episodic_return,1836.8241377641086
915336,episodic_length,570.0
915456,value_loss,0.0007385520730167627
915456,policy_loss,0.017254335805773735
915456,approx_kl,0.005423186346888542
915456,clipfrac,0.031982421875
915456,explained_variance,0.9765249975025654
915456,sps,548.0
915794,episodic_return,1631.978100512798
915794,episodic_length,457.0
916430,episodic_return,2190.702144473247
916430,episodic_length,635.0
916756,episodic_return,1135.7794658376206
916756,episodic_length,325.0
917181,episodic_return,1479.2803483142634
917181,episodic_length,424.0
917504,value_loss,0.0005782104562968016
917504,policy_loss,-0.0073174647986888885
917504,approx_kl,0.0050109149888157845
917504,clipfrac,0.0474609375
917504,explained_variance,0.980768907815218
917504,sps,548.0
917735,episodic_return,1918.894619723651
917735,episodic_length,553.0
918373,episodic_return,2202.7375311408646
918373,episodic_length,637.0
919005,episodic_return,2117.9575905870784
919005,episodic_length,631.0
919539,episodic_return,1882.3044603809763
919539,episodic_length,533.0
919552,value_loss,0.0041320789605379105
919552,policy_loss,-0.03225163742899895
919552,approx_kl,0.005065124481916428
919552,clipfrac,0.0259765625
919552,explained_variance,0.9850656436756253
919552,sps,548.0
919973,episodic_return,1521.9538723481085
919973,episodic_length,433.0
920303,episodic_return,1142.0767383778873
920303,episodic_length,329.0
920692,episodic_return,1336.4509230633732
920692,episodic_length,388.0
921088,episodic_return,1355.01553923161
921088,episodic_length,395.0
921493,episodic_return,1416.3978998137504
921493,episodic_length,404.0
921600,value_loss,0.0004905241075903177
921600,policy_loss,-0.015031743794679642
921600,approx_kl,0.006336434744298458
921600,clipfrac,0.048046875
921600,explained_variance,0.9849604461342096
921600,sps,548.0
922048,episodic_return,1952.2331884618216
922048,episodic_length,554.0
922684,episodic_return,2195.4446897022067
922684,episodic_length,635.0
923308,episodic_return,2188.189740663729
923308,episodic_length,623.0
923648,value_loss,0.0003936424618586898
923648,policy_loss,-0.025195376947522163
923648,approx_kl,0.003327341750264168
923648,clipfrac,0.015380859375
923648,explained_variance,0.9840587601065636
923648,sps,548.0
923848,episodic_return,1914.5069688138744
923848,episodic_length,539.0
924849,episodic_return,3391.268248036563
924849,episodic_length,1000.0
925337,episodic_return,1701.8311624114162
925337,episodic_length,487.0
925696,value_loss,0.025964288040995598
925696,policy_loss,-0.004181575030088425
925696,approx_kl,0.005191243253648281
925696,clipfrac,0.0341796875
925696,explained_variance,0.9189697057008743
925696,sps,548.0
925960,episodic_return,2194.558016924113
925960,episodic_length,622.0
926487,episodic_return,1861.4426360487878
926487,episodic_length,526.0
927332,episodic_return,2993.7063082609366
927332,episodic_length,844.0
927744,value_loss,0.0006333687924779952
927744,policy_loss,-0.005973339080810547
927744,approx_kl,0.00563898216933012
927744,clipfrac,0.054443359375
927744,explained_variance,0.9883096180856228
927744,sps,548.0
928088,episodic_return,2719.1936756607565
928088,episodic_length,755.0
929089,episodic_return,3404.5660459556743
929089,episodic_length,1000.0
929573,episodic_return,1691.0280485611527
929573,episodic_length,483.0
929792,value_loss,0.005867899861186743
929792,policy_loss,-0.0194283127784729
929792,approx_kl,0.005403382703661919
929792,clipfrac,0.027978515625
929792,explained_variance,0.8458892852067947
929792,sps,548.0
930521,episodic_return,3362.423550011162
930521,episodic_length,947.0
931070,episodic_return,1929.5890632161424
931070,episodic_length,548.0
931639,episodic_return,1981.2956557187963
931639,episodic_length,568.0
931840,value_loss,0.0005950925406068563
931840,policy_loss,-0.002697266638278961
931840,approx_kl,0.006196075119078159
931840,clipfrac,0.047998046875
931840,explained_variance,0.9845222439616919
931840,sps,548.0
932158,episodic_return,1866.738778390476
932158,episodic_length,518.0
932639,episodic_return,1655.068342497783
932639,episodic_length,480.0
933127,episodic_return,1691.9244318252054
933127,episodic_length,487.0
933532,episodic_return,1426.031349716847
933532,episodic_length,404.0
933888,value_loss,0.013707280158996582
933888,policy_loss,-0.027913790196180344
933888,approx_kl,0.007781670428812504
933888,clipfrac,0.0453125
933888,explained_variance,0.9816261865198612
933888,sps,548.0
934003,episodic_return,1687.4505389841092
934003,episodic_length,470.0
934659,episodic_return,2342.1532785534355
934659,episodic_length,655.0
935578,episodic_return,3049.8664604065516
935578,episodic_length,918.0
935936,value_loss,0.0019224081188440323
935936,policy_loss,-0.014586023986339569
935936,approx_kl,0.0046671852469444275
935936,clipfrac,0.042333984375
935936,explained_variance,0.9807521887123585
935936,sps,548.0
936022,episodic_return,1593.1520632115219
936022,episodic_length,443.0
936606,episodic_return,2073.9100450219385
936606,episodic_length,583.0
937487,episodic_return,3154.5500390222455
937487,episodic_length,880.0
937984,value_loss,0.00028704386204481125
937984,policy_loss,-0.0033695101737976074
937984,approx_kl,0.004158297553658485
937984,clipfrac,0.02109375
937984,explained_variance,0.9867814052850008
937984,sps,548.0
938101,episodic_return,2166.670563459
938101,episodic_length,613.0
939102,episodic_return,3494.933001450202
939102,episodic_length,1000.0
939530,episodic_return,1339.7438534338648
939530,episodic_length,427.0
939983,episodic_return,1661.8824614058294
939983,episodic_length,452.0
940032,value_loss,0.003432765370234847
940032,policy_loss,-0.012754328548908234
940032,approx_kl,0.008312113583087921
940032,clipfrac,0.055908203125
940032,explained_variance,0.9328571930527687
940032,sps,548.0
940441,episodic_return,1615.1995294296237
940441,episodic_length,457.0
940970,episodic_return,1892.414031069971
940970,episodic_length,528.0
941511,episodic_return,1907.6106002288009
941511,episodic_length,540.0
942072,episodic_return,2025.0670400708245
942072,episodic_length,560.0
942080,value_loss,0.005727304145693779
942080,policy_loss,0.0003238096833229065
942080,approx_kl,0.00845359917730093
942080,clipfrac,0.050537109375
942080,explained_variance,0.9856809061020613
942080,sps,548.0
943073,episodic_return,3411.065790300657
943073,episodic_length,1000.0
943674,episodic_return,2141.2070550298095
943674,episodic_length,600.0
944128,value_loss,0.05098798871040344
944128,policy_loss,-0.014389850199222565
944128,approx_kl,0.005800842307507992
944128,clipfrac,0.051025390625
944128,explained_variance,0.747771143913269
944128,sps,548.0
944193,episodic_return,1855.067002021237
944193,episodic_length,518.0
944869,episodic_return,2429.234829270084
944869,episodic_length,675.0
945870,episodic_return,3377.071298482368
945870,episodic_length,1000.0
946176,value_loss,0.005316223483532667
946176,policy_loss,-0.03858387470245361
946176,approx_kl,0.006389416754245758
946176,clipfrac,0.0234375
946176,explained_variance,0.8205542862415314
946176,sps,548.0
946871,episodic_return,3388.8079642218454
946871,episodic_length,1000.0
947389,episodic_return,1874.5913555393086
947389,episodic_length,517.0
948224,value_loss,0.0036878585815429688
948224,policy_loss,-0.006128199398517609
948224,approx_kl,0.003323725424706936
948224,clipfrac,0.021875
948224,explained_variance,0.7315405309200287
948224,sps,548.0
948390,episodic_return,3546.990589746679
948390,episodic_length,1000.0
949066,episodic_return,2413.738031262071
949066,episodic_length,675.0
949708,episodic_return,2202.882156026895
949708,episodic_length,641.0
950158,episodic_return,1643.9717440118168
950158,episodic_length,449.0
950272,value_loss,0.0029703869950026274
950272,policy_loss,-0.01516823098063469
950272,approx_kl,0.002429395914077759
950272,clipfrac,0.011083984375
950272,explained_variance,0.972660830244422
950272,sps,548.0
950713,episodic_return,1920.462860808079
950713,episodic_length,554.0
951496,episodic_return,2747.2450140585247
951496,episodic_length,782.0
952034,episodic_return,1921.771339071037
952034,episodic_length,537.0
952320,value_loss,0.0004612324701156467
952320,policy_loss,-0.02698434889316559
952320,approx_kl,0.005535010248422623
952320,clipfrac,0.033740234375
952320,explained_variance,0.9837806280702353
952320,sps,548.0
952643,episodic_return,2130.4443645486094
952643,episodic_length,608.0
953288,episodic_return,2267.2225985782898
953288,episodic_length,644.0
953819,episodic_return,1926.164045742205
953819,episodic_length,530.0
954224,episodic_return,1447.0148182580322
954224,episodic_length,404.0
954368,value_loss,0.0017635070253163576
954368,policy_loss,-0.007443837821483612
954368,approx_kl,0.0035642487928271294
954368,clipfrac,0.01162109375
954368,explained_variance,0.9848380293697119
954368,sps,547.0
954780,episodic_return,1958.2850293655567
954780,episodic_length,555.0
955166,episodic_return,1381.7307685638239
955166,episodic_length,385.0
955560,episodic_return,1405.0966168154712
955560,episodic_length,393.0
956009,episodic_return,1633.2111222927522
956009,episodic_length,448.0
956386,episodic_return,1318.309174609314
956386,episodic_length,376.0
956416,value_loss,0.003030072897672653
956416,policy_loss,-0.023388102650642395
956416,approx_kl,0.006287660449743271
956416,clipfrac,0.04072265625
956416,explained_variance,0.9817031342536211
956416,sps,548.0
956859,episodic_return,1696.890136793778
956859,episodic_length,472.0
957636,episodic_return,2780.1734989776082
957636,episodic_length,776.0
958272,episodic_return,2259.6233151165784
958272,episodic_length,635.0
958464,value_loss,0.0010784831829369068
958464,policy_loss,-0.009844537824392319
958464,approx_kl,0.004308642819523811
958464,clipfrac,0.02392578125
958464,explained_variance,0.9822532720863819
958464,sps,548.0
958683,episodic_return,1490.129426662749
958683,episodic_length,410.0
959108,episodic_return,1502.4058945890138
959108,episodic_length,424.0
959376,episodic_return,949.7524364462846
959376,episodic_length,267.0
959822,episodic_return,1584.0943067965281
959822,episodic_length,445.0
960260,episodic_return,1567.1417471021134
960260,episodic_length,437.0
960512,value_loss,0.0013146036071702838
960512,policy_loss,-0.031216412782669067
960512,approx_kl,0.00585048645734787
960512,clipfrac,0.0189453125
960512,explained_variance,0.9854345917701721
960512,sps,548.0
960648,episodic_return,1386.568595289583
960648,episodic_length,387.0
961096,episodic_return,1567.6221980906143
961096,episodic_length,447.0
961496,episodic_return,1407.8938331430882
961496,episodic_length,399.0
961976,episodic_return,1692.250556760926
961976,episodic_length,479.0
962404,episodic_return,1512.068355490862
962404,episodic_length,427.0
962560,value_loss,0.0009533136617392302
962560,policy_loss,0.007575459778308868
962560,approx_kl,0.008491265587508678
962560,clipfrac,0.0224609375
962560,explained_variance,0.986147390678525
962560,sps,548.0
962810,episodic_return,1449.6849877684162
962810,episodic_length,405.0
963422,episodic_return,2187.108535704506
963422,episodic_length,611.0
963830,episodic_return,1437.380434430379
963830,episodic_length,407.0
964599,episodic_return,2760.752260507473
964599,episodic_length,768.0
964608,value_loss,0.0002660068857949227
964608,policy_loss,-0.02172764390707016
964608,approx_kl,0.0045380862429738045
964608,clipfrac,0.027099609375
964608,explained_variance,0.9839091058820486
964608,sps,547.0
965143,episodic_return,1925.58674482598
965143,episodic_length,543.0
965657,episodic_return,1813.2813337341788
965657,episodic_length,513.0
966002,episodic_return,1248.565927412298
966002,episodic_length,344.0
966579,episodic_return,2047.9164104120202
966579,episodic_length,576.0
966656,value_loss,0.0005363937234506011
966656,policy_loss,-0.00991319864988327
966656,approx_kl,0.004120750352740288
966656,clipfrac,0.022265625
966656,explained_variance,0.9851892106235027
966656,sps,548.0
967041,episodic_return,1658.479027293968
967041,episodic_length,461.0
967433,episodic_return,1407.2961541054442
967433,episodic_length,391.0
967903,episodic_return,1663.9150257428382
967903,episodic_length,469.0
968349,episodic_return,1588.8732263923532
968349,episodic_length,445.0
968704,value_loss,0.00040684040868654847
968704,policy_loss,-0.01292227953672409
968704,approx_kl,0.003923661075532436
968704,clipfrac,0.020556640625
968704,explained_variance,0.9846557667478919
968704,sps,548.0
968810,episodic_return,1674.8076179919533
968810,episodic_length,460.0
969811,episodic_return,3425.216709452111
969811,episodic_length,1000.0
970339,episodic_return,1861.6561984311072
970339,episodic_length,527.0
970752,value_loss,0.02341596409678459
970752,policy_loss,0.004047956317663193
970752,approx_kl,0.007791362702846527
970752,clipfrac,0.04921875
970752,explained_variance,0.8128113448619843
970752,sps,548.0
970804,episodic_return,1642.579285239737
970804,episodic_length,464.0
971805,episodic_return,3452.1104184565484
971805,episodic_length,1000.0
972748,episodic_return,3378.9093834251375
972748,episodic_length,942.0
972800,value_loss,0.027825482189655304
972800,policy_loss,-0.005134260281920433
972800,approx_kl,0.005658559501171112
972800,clipfrac,0.029736328125
972800,explained_variance,0.8689391911029816
972800,sps,548.0
973189,episodic_return,1575.398665817961
973189,episodic_length,440.0
973829,episodic_return,2248.563728502422
973829,episodic_length,639.0
974620,episodic_return,2858.5247830488474
974620,episodic_length,790.0
974848,value_loss,0.012069224379956722
974848,policy_loss,-0.006881728768348694
974848,approx_kl,0.0038852328434586525
974848,clipfrac,0.00400390625
974848,explained_variance,0.9823084287345409
974848,sps,548.0
975360,episodic_return,2655.976120461632
975360,episodic_length,739.0
975819,episodic_return,1673.8634459072175
975819,episodic_length,458.0
976140,episodic_return,1168.579242998418
976140,episodic_length,320.0
976519,episodic_return,1325.8052025531283
976519,episodic_length,378.0
976896,value_loss,0.009788919240236282
976896,policy_loss,0.003408864140510559
976896,approx_kl,0.0038153165951371193
976896,clipfrac,0.005322265625
976896,explained_variance,0.9818177055567503
976896,sps,548.0
976990,episodic_return,1673.3819969913418
976990,episodic_length,470.0
977513,episodic_return,1882.1251895189735
977513,episodic_length,522.0
978121,episodic_return,2105.7387832219056
978121,episodic_length,607.0
978944,value_loss,0.005634643603116274
978944,policy_loss,-0.01787533611059189
978944,approx_kl,0.003766068257391453
978944,clipfrac,0.008349609375
978944,explained_variance,0.9730388876050711
978944,sps,548.0
979022,episodic_return,3223.8783632433465
979022,episodic_length,900.0
979490,episodic_return,1674.977468455544
979490,episodic_length,467.0
980124,episodic_return,2242.644677355255
980124,episodic_length,633.0
980769,episodic_return,2299.52528040321
980769,episodic_length,644.0
980992,value_loss,0.0002455776266288012
980992,policy_loss,-0.009880881756544113
980992,approx_kl,0.0014332020655274391
980992,clipfrac,0.001953125
980992,explained_variance,0.9897500537335873
980992,sps,548.0
981377,episodic_return,2168.085067255653
981377,episodic_length,607.0
981761,episodic_return,1398.087853668464
981761,episodic_length,383.0
982248,episodic_return,1724.6658342570288
982248,episodic_length,486.0
982687,episodic_return,1553.4488526891187
982687,episodic_length,438.0
983013,episodic_return,1167.8579134096337
983013,episodic_length,325.0
983040,value_loss,0.009297196753323078
983040,policy_loss,-0.004939936101436615
983040,approx_kl,0.002643733285367489
983040,clipfrac,0.001708984375
983040,explained_variance,0.9822634775191545
983040,sps,548.0
983725,episodic_return,2534.1017127578434
983725,episodic_length,711.0
984164,episodic_return,1579.917318224878
984164,episodic_length,438.0
984468,episodic_return,1001.2090299271082
984468,episodic_length,303.0
985071,episodic_return,2155.221262101384
985071,episodic_length,602.0
985088,value_loss,0.0029454627074301243
985088,policy_loss,0.0034558922052383423
985088,approx_kl,0.0021460801362991333
985088,clipfrac,0.001611328125
985088,explained_variance,0.96565181016922
985088,sps,548.0
985632,episodic_return,1973.7490642612838
985632,episodic_length,560.0
986433,episodic_return,2888.518226708282
986433,episodic_length,800.0
986846,episodic_return,1467.5381105539188
986846,episodic_length,412.0
987136,value_loss,0.00038054800825193524
987136,policy_loss,-0.01341988891363144
987136,approx_kl,0.0010029254481196404
987136,clipfrac,0.0
987136,explained_variance,0.9850921090692282
987136,sps,548.0
987533,episodic_return,2488.0680328121257
987533,episodic_length,686.0
987841,episodic_return,1136.4592495005913
987841,episodic_length,307.0
988224,episodic_return,1347.8547718159693
988224,episodic_length,382.0
988657,episodic_return,1554.0716421438694
988657,episodic_length,432.0
989184,value_loss,0.0006281734094955027
989184,policy_loss,-0.007875945419073105
989184,approx_kl,0.0006412118673324585
989184,clipfrac,4.8828125e-05
989184,explained_variance,0.9873753534629941
989184,sps,548.0
989211,episodic_return,1978.817067451781
989211,episodic_length,553.0
989817,episodic_return,2175.1921457537096
989817,episodic_length,605.0
990393,episodic_return,2059.1107490405493
990393,episodic_length,575.0
990957,episodic_return,2040.4304302493156
990957,episodic_length,563.0
991232,value_loss,0.014748778194189072
991232,policy_loss,0.0015509463846683502
991232,approx_kl,0.00032587721943855286
991232,clipfrac,0.0
991232,explained_variance,0.9871277706697583
991232,sps,548.0
991670,episodic_return,2525.2420827515507
991670,episodic_length,712.0
992075,episodic_return,1428.997081520947
992075,episodic_length,404.0
992975,episodic_return,3227.675502986976
992975,episodic_length,899.0
993258,episodic_return,939.7599626114794
993258,episodic_length,282.0
993280,value_loss,0.00731173250824213
993280,policy_loss,-0.00013536959886550903
993280,approx_kl,0.0006149131804704666
993280,clipfrac,0.0
993280,explained_variance,0.9721872471272945
993280,sps,548.0
993679,episodic_return,1512.8722460037668
993679,episodic_length,420.0
994257,episodic_return,2056.832199346623
994257,episodic_length,577.0
994715,episodic_return,1635.858592830504
994715,episodic_length,457.0
995328,value_loss,0.0020798600744456053
995328,policy_loss,-0.007509604096412659
995328,approx_kl,0.0004932768642902374
995328,clipfrac,0.0
995328,explained_variance,0.9880707301199436
995328,sps,548.0
995340,episodic_return,2224.1598592271735
995340,episodic_length,624.0
995864,episodic_return,1882.5159769309225
995864,episodic_length,523.0
996274,episodic_return,1467.430915696626
996274,episodic_length,409.0
997275,episodic_return,3408.0656447714437
997275,episodic_length,1000.0
997376,value_loss,0.059086233377456665
997376,policy_loss,-0.00017802417278289795
997376,approx_kl,4.713330417871475e-05
997376,clipfrac,0.0
997376,explained_variance,0.8494338393211365
997376,sps,548.0
998036,episodic_return,2707.0794236778083
998036,episodic_length,760.0
998776,episodic_return,2614.65367753937
998776,episodic_length,739.0
999298,episodic_return,1894.377157053892
999298,episodic_length,521.0
999424,value_loss,0.005911590997129679
999424,policy_loss,0.0023514404892921448
999424,approx_kl,9.976327419281006e-06
999424,clipfrac,0.0
999424,explained_variance,0.9886506972834468
999424,sps,548.0
