global_step,metric,value
1000,episodic_return,23.54666316083977
1000,episodic_length,1000.0
2001,episodic_return,-17.209637593476376
2001,episodic_length,1000.0
2048,value_loss,0.2815629243850708
2048,policy_loss,-0.014464274048805237
2048,approx_kl,0.01105842087417841
2048,clipfrac,0.133984375
2048,explained_variance,-0.18861806392669678
2048,sps,452.0
3002,episodic_return,12.64804493413691
3002,episodic_length,1000.0
4003,episodic_return,3.0991926791183797
4003,episodic_length,1000.0
4096,value_loss,0.24275825917720795
4096,policy_loss,-0.029659651219844818
4096,approx_kl,0.013959065079689026
4096,clipfrac,0.1390625
4096,explained_variance,-0.40504932403564453
4096,sps,481.0
5004,episodic_return,21.46708635256862
5004,episodic_length,1000.0
6005,episodic_return,28.89127749549688
6005,episodic_length,1000.0
6144,value_loss,0.1423732042312622
6144,policy_loss,-0.029849428683519363
6144,approx_kl,0.011451875790953636
6144,clipfrac,0.163134765625
6144,explained_variance,0.10694140195846558
6144,sps,500.0
7006,episodic_return,32.74256412805377
7006,episodic_length,1000.0
8007,episodic_return,20.75250146293922
8007,episodic_length,1000.0
8192,value_loss,0.07931922376155853
8192,policy_loss,-0.03575762361288071
8192,approx_kl,0.012253042310476303
8192,clipfrac,0.174072265625
8192,explained_variance,0.3102981448173523
8192,sps,502.0
9008,episodic_return,22.253666856738757
9008,episodic_length,1000.0
10009,episodic_return,11.65563539979491
10009,episodic_length,1000.0
10240,value_loss,0.04450669512152672
10240,policy_loss,-0.005124986171722412
10240,approx_kl,0.010266282595694065
10240,clipfrac,0.17490234375
10240,explained_variance,0.4572700262069702
10240,sps,504.0
11010,episodic_return,33.14856149977135
11010,episodic_length,1000.0
12011,episodic_return,28.25476781780665
12011,episodic_length,1000.0
12288,value_loss,0.029324142262339592
12288,policy_loss,-0.03871959447860718
12288,approx_kl,0.012386143207550049
12288,clipfrac,0.16650390625
12288,explained_variance,0.6866366863250732
12288,sps,519.0
13012,episodic_return,32.34543082074947
13012,episodic_length,1000.0
14013,episodic_return,26.98512772382937
14013,episodic_length,1000.0
14336,value_loss,0.005457019433379173
14336,policy_loss,0.006653249263763428
14336,approx_kl,0.009400648064911366
14336,clipfrac,0.142724609375
14336,explained_variance,0.7560366094112396
14336,sps,519.0
15014,episodic_return,17.627094807902786
15014,episodic_length,1000.0
16015,episodic_return,23.96720560369092
16015,episodic_length,1000.0
16384,value_loss,0.006429407745599747
16384,policy_loss,-0.015334457159042358
16384,approx_kl,0.005682336166501045
16384,clipfrac,0.0888671875
16384,explained_variance,0.7802622318267822
16384,sps,519.0
17016,episodic_return,29.662089463930275
17016,episodic_length,1000.0
18017,episodic_return,16.77588980413812
18017,episodic_length,1000.0
18432,value_loss,0.023268835619091988
18432,policy_loss,0.019848745316267014
18432,approx_kl,0.008935988880693913
18432,clipfrac,0.121142578125
18432,explained_variance,0.8168406635522842
18432,sps,518.0
19018,episodic_return,27.30413603847251
19018,episodic_length,1000.0
20019,episodic_return,31.082799385346306
20019,episodic_length,1000.0
20480,value_loss,0.043078795075416565
20480,policy_loss,-0.01565510779619217
20480,approx_kl,0.0074943117797374725
20480,clipfrac,0.110400390625
20480,explained_variance,0.8775064721703529
20480,sps,518.0
21020,episodic_return,29.244350356058263
21020,episodic_length,1000.0
22021,episodic_return,30.428320889921455
22021,episodic_length,1000.0
22528,value_loss,0.007745120674371719
22528,policy_loss,0.003553427755832672
22528,approx_kl,0.0034538116306066513
22528,clipfrac,0.03251953125
22528,explained_variance,0.8492201864719391
22528,sps,518.0
23022,episodic_return,31.137480658268583
23022,episodic_length,1000.0
24023,episodic_return,26.688081907965962
24023,episodic_length,1000.0
24576,value_loss,0.002598547376692295
24576,policy_loss,-0.02777710184454918
24576,approx_kl,0.012743646278977394
24576,clipfrac,0.14296875
24576,explained_variance,0.8811117336153984
24576,sps,522.0
25024,episodic_return,34.90250590741343
25024,episodic_length,1000.0
26025,episodic_return,32.199705340985226
26025,episodic_length,1000.0
26624,value_loss,0.006109451875090599
26624,policy_loss,-0.02904217503964901
26624,approx_kl,0.008241567760705948
26624,clipfrac,0.0685546875
26624,explained_variance,0.9238188490271568
26624,sps,526.0
27026,episodic_return,28.42907143093056
27026,episodic_length,1000.0
28027,episodic_return,37.516158994428665
28027,episodic_length,1000.0
28672,value_loss,0.00255275028757751
28672,policy_loss,-0.003371104598045349
28672,approx_kl,0.008377918042242527
28672,clipfrac,0.067236328125
28672,explained_variance,0.9204419255256653
28672,sps,528.0
29028,episodic_return,31.49623577689514
29028,episodic_length,1000.0
30029,episodic_return,31.420376585125222
30029,episodic_length,1000.0
30720,value_loss,0.002890445291996002
30720,policy_loss,-0.014436699450016022
30720,approx_kl,0.004076373763382435
30720,clipfrac,0.0720703125
30720,explained_variance,0.9339962005615234
30720,sps,529.0
31030,episodic_return,32.646640274517985
31030,episodic_length,1000.0
32031,episodic_return,39.615738343503466
32031,episodic_length,1000.0
32768,value_loss,0.0020006676204502583
32768,policy_loss,-0.009091980755329132
32768,approx_kl,0.005814431235194206
32768,clipfrac,0.118212890625
32768,explained_variance,0.9384350851178169
32768,sps,528.0
33032,episodic_return,37.36703981500207
33032,episodic_length,1000.0
34033,episodic_return,35.487338962282614
34033,episodic_length,1000.0
34816,value_loss,0.0016150097362697124
34816,policy_loss,-0.006449475884437561
34816,approx_kl,0.005606993101537228
34816,clipfrac,0.056689453125
34816,explained_variance,0.9358738511800766
34816,sps,526.0
35034,episodic_return,32.42035509305441
35034,episodic_length,1000.0
36035,episodic_return,35.22615670223049
36035,episodic_length,1000.0
36864,value_loss,0.0018062196904793382
36864,policy_loss,-0.03476627171039581
36864,approx_kl,0.005516896955668926
36864,clipfrac,0.143310546875
36864,explained_variance,0.9492895565927029
36864,sps,528.0
37036,episodic_return,37.91067646436514
37036,episodic_length,1000.0
38037,episodic_return,34.290613315389095
38037,episodic_length,1000.0
38912,value_loss,0.002596844919025898
38912,policy_loss,-0.02282777428627014
38912,approx_kl,0.007785330526530743
38912,clipfrac,0.13564453125
38912,explained_variance,0.9596654362976551
38912,sps,528.0
39038,episodic_return,32.73572939680704
39038,episodic_length,1000.0
40039,episodic_return,33.03868524159322
40039,episodic_length,1000.0
40960,value_loss,0.0010101504158228636
40960,policy_loss,0.01003100723028183
40960,approx_kl,0.0030607646331191063
40960,clipfrac,0.113623046875
40960,explained_variance,0.9556235186755657
40960,sps,528.0
41040,episodic_return,34.90012600761181
41040,episodic_length,1000.0
42041,episodic_return,36.06020925231352
42041,episodic_length,1000.0
43008,value_loss,0.0030779223889112473
43008,policy_loss,-0.02758728712797165
43008,approx_kl,0.008936280384659767
43008,clipfrac,0.099755859375
43008,explained_variance,0.9429078213870525
43008,sps,527.0
43042,episodic_return,21.22008591510354
43042,episodic_length,1000.0
44043,episodic_return,34.390499904478155
44043,episodic_length,1000.0
45044,episodic_return,29.383417176176465
45044,episodic_length,1000.0
45056,value_loss,0.001651420840062201
45056,policy_loss,0.01844622939825058
45056,approx_kl,0.005942757241427898
45056,clipfrac,0.0978515625
45056,explained_variance,0.9592010825872421
45056,sps,527.0
46045,episodic_return,31.30554492973323
46045,episodic_length,1000.0
47046,episodic_return,30.62526931527271
47046,episodic_length,1000.0
47104,value_loss,0.002384953200817108
47104,policy_loss,-0.012460172176361084
47104,approx_kl,0.008458145894110203
47104,clipfrac,0.09833984375
47104,explained_variance,0.9712097086012363
47104,sps,527.0
48047,episodic_return,33.83704530459945
48047,episodic_length,1000.0
49048,episodic_return,36.17910200552341
49048,episodic_length,1000.0
49152,value_loss,0.0053960783407092094
49152,policy_loss,-0.01857268065214157
49152,approx_kl,0.0037786848843097687
49152,clipfrac,0.0615234375
49152,explained_variance,0.9548077322542667
49152,sps,526.0
50049,episodic_return,33.0142690943105
50049,episodic_length,1000.0
51050,episodic_return,31.68823403867887
51050,episodic_length,1000.0
51200,value_loss,0.000588146154768765
51200,policy_loss,-0.018813878297805786
51200,approx_kl,0.00690347608178854
51200,clipfrac,0.1662109375
51200,explained_variance,0.9619821310043335
51200,sps,529.0
52051,episodic_return,32.05029197126374
52051,episodic_length,1000.0
53052,episodic_return,32.38340013856911
53052,episodic_length,1000.0
53248,value_loss,0.0006398243131116033
53248,policy_loss,-0.030657541006803513
53248,approx_kl,0.021593881770968437
53248,clipfrac,0.12470703125
53248,explained_variance,0.9576086550951004
53248,sps,528.0
54053,episodic_return,36.21957226640447
54053,episodic_length,1000.0
55054,episodic_return,36.51977702896584
55054,episodic_length,1000.0
55296,value_loss,0.0011619935976341367
55296,policy_loss,0.00395459309220314
55296,approx_kl,0.0075508831068873405
55296,clipfrac,0.13310546875
55296,explained_variance,0.9529768340289593
55296,sps,529.0
56055,episodic_return,35.45150923196904
56055,episodic_length,1000.0
57056,episodic_return,31.904029654794474
57056,episodic_length,1000.0
57344,value_loss,0.000906085770111531
57344,policy_loss,-0.02260567992925644
57344,approx_kl,0.007913213223218918
57344,clipfrac,0.082275390625
57344,explained_variance,0.9688166584819555
57344,sps,531.0
58057,episodic_return,39.08011921101201
58057,episodic_length,1000.0
59058,episodic_return,33.569094176170516
59058,episodic_length,1000.0
59392,value_loss,0.001190606621094048
59392,policy_loss,-0.005415432155132294
59392,approx_kl,0.0033406801521778107
59392,clipfrac,0.03798828125
59392,explained_variance,0.9500376284122467
59392,sps,531.0
60059,episodic_return,36.53356737633135
60059,episodic_length,1000.0
61060,episodic_return,36.577129159019044
61060,episodic_length,1000.0
61440,value_loss,0.0007559532532468438
61440,policy_loss,-0.010780885815620422
61440,approx_kl,0.006745325401425362
61440,clipfrac,0.145361328125
61440,explained_variance,0.9504698999226093
61440,sps,530.0
62061,episodic_return,35.856103617382324
62061,episodic_length,1000.0
63062,episodic_return,40.287273805249434
63062,episodic_length,1000.0
63488,value_loss,0.0011225519701838493
63488,policy_loss,-0.016826823353767395
63488,approx_kl,0.0038039879873394966
63488,clipfrac,0.05625
63488,explained_variance,0.9472466371953487
63488,sps,529.0
64063,episodic_return,39.14293781333183
64063,episodic_length,1000.0
65064,episodic_return,38.114822611737544
65064,episodic_length,1000.0
65536,value_loss,0.0006639558705501258
65536,policy_loss,-0.023350432515144348
65536,approx_kl,0.01309637539088726
65536,clipfrac,0.129638671875
65536,explained_variance,0.9458592757582664
65536,sps,531.0
66065,episodic_return,35.975284429743
66065,episodic_length,1000.0
67066,episodic_return,37.39350469694055
67066,episodic_length,1000.0
67584,value_loss,0.001065620919689536
67584,policy_loss,-0.03567260876297951
67584,approx_kl,0.0034361304715275764
67584,clipfrac,0.06416015625
67584,explained_variance,0.9504303522408009
67584,sps,530.0
68067,episodic_return,39.50395844547403
68067,episodic_length,1000.0
69068,episodic_return,37.753400667914576
69068,episodic_length,1000.0
69632,value_loss,0.0016613545594736934
69632,policy_loss,-0.019558295607566833
69632,approx_kl,0.0042889853939414024
69632,clipfrac,0.0529296875
69632,explained_variance,0.951691921800375
69632,sps,530.0
70069,episodic_return,36.36720669142606
70069,episodic_length,1000.0
71070,episodic_return,36.16863375745733
71070,episodic_length,1000.0
71680,value_loss,0.0014031558530405164
71680,policy_loss,0.0044974759221076965
71680,approx_kl,0.0029305974021553993
71680,clipfrac,0.05224609375
71680,explained_variance,0.9592175632715225
71680,sps,530.0
72071,episodic_return,35.92279186156832
72071,episodic_length,1000.0
73072,episodic_return,37.34740777791188
73072,episodic_length,1000.0
73728,value_loss,0.0009268971043638885
73728,policy_loss,0.025804221630096436
73728,approx_kl,0.010908548720180988
73728,clipfrac,0.074853515625
73728,explained_variance,0.9496594481170177
73728,sps,530.0
74073,episodic_return,39.1200641978014
74073,episodic_length,1000.0
75074,episodic_return,39.504666843829106
75074,episodic_length,1000.0
75776,value_loss,0.009764010086655617
75776,policy_loss,0.0009431354701519012
75776,approx_kl,0.007183905690908432
75776,clipfrac,0.0884765625
75776,explained_variance,0.9249197244644165
75776,sps,531.0
76075,episodic_return,26.622182786656847
76075,episodic_length,1000.0
77076,episodic_return,39.60144092176123
77076,episodic_length,1000.0
77824,value_loss,0.008513185195624828
77824,policy_loss,-0.031230337917804718
77824,approx_kl,0.0060316892340779305
77824,clipfrac,0.050830078125
77824,explained_variance,0.9184468984603882
77824,sps,531.0
78077,episodic_return,38.00855086142557
78077,episodic_length,1000.0
79078,episodic_return,22.195467291244167
79078,episodic_length,1000.0
79872,value_loss,0.017183171585202217
79872,policy_loss,0.0005677118897438049
79872,approx_kl,0.011082755401730537
79872,clipfrac,0.085986328125
79872,explained_variance,0.9132020249962807
79872,sps,530.0
80079,episodic_return,39.18080317763627
80079,episodic_length,1000.0
81080,episodic_return,40.09629566063854
81080,episodic_length,1000.0
81920,value_loss,0.0004472475266084075
81920,policy_loss,-0.008276224136352539
81920,approx_kl,0.005490299314260483
81920,clipfrac,0.0904296875
81920,explained_variance,0.9485268145799637
81920,sps,530.0
82081,episodic_return,41.7903600309705
82081,episodic_length,1000.0
83082,episodic_return,42.432927744069914
83082,episodic_length,1000.0
83968,value_loss,0.18066272139549255
83968,policy_loss,0.017486289143562317
83968,approx_kl,0.006601102650165558
83968,clipfrac,0.092724609375
83968,explained_variance,0.9541561380028725
83968,sps,529.0
84083,episodic_return,38.073648602052444
84083,episodic_length,1000.0
85084,episodic_return,39.95503648320078
85084,episodic_length,1000.0
86016,value_loss,0.000518481305334717
86016,policy_loss,-0.021145015954971313
86016,approx_kl,0.005161467008292675
86016,clipfrac,0.094677734375
86016,explained_variance,0.9499918334186077
86016,sps,529.0
86085,episodic_return,39.86384988117623
86085,episodic_length,1000.0
87086,episodic_return,24.810857258319018
87086,episodic_length,1000.0
88064,value_loss,0.006451518274843693
88064,policy_loss,-0.0008653849363327026
88064,approx_kl,0.006089411675930023
88064,clipfrac,0.096142578125
88064,explained_variance,0.9317959994077682
88064,sps,529.0
88087,episodic_return,39.55611686035027
88087,episodic_length,1000.0
89088,episodic_return,36.998282557828674
89088,episodic_length,1000.0
90089,episodic_return,42.287680040856046
90089,episodic_length,1000.0
90112,value_loss,0.0018783439882099628
90112,policy_loss,-0.03970722854137421
90112,approx_kl,0.008518370799720287
90112,clipfrac,0.1064453125
90112,explained_variance,0.9349155202507973
90112,sps,529.0
91090,episodic_return,38.97388357765205
91090,episodic_length,1000.0
92091,episodic_return,40.01647971894092
92091,episodic_length,1000.0
92160,value_loss,0.00046647043200209737
92160,policy_loss,-0.006234250962734222
92160,approx_kl,0.003976093605160713
92160,clipfrac,0.037890625
92160,explained_variance,0.9514717869460583
92160,sps,529.0
93092,episodic_return,41.52672430294258
93092,episodic_length,1000.0
94093,episodic_return,38.30187023803164
94093,episodic_length,1000.0
94208,value_loss,0.17312142252922058
94208,policy_loss,-0.0054845064878463745
94208,approx_kl,0.006134663708508015
94208,clipfrac,0.1076171875
94208,explained_variance,0.9486198164522648
94208,sps,529.0
95094,episodic_return,39.83776928374226
95094,episodic_length,1000.0
96095,episodic_return,38.31830961820646
96095,episodic_length,1000.0
96256,value_loss,0.0004635411314666271
96256,policy_loss,-0.032793477177619934
96256,approx_kl,0.01070842333137989
96256,clipfrac,0.090869140625
96256,explained_variance,0.9576808586716652
96256,sps,528.0
97096,episodic_return,38.862188631422505
97096,episodic_length,1000.0
98097,episodic_return,43.90950979367397
98097,episodic_length,1000.0
98304,value_loss,0.010041958652436733
98304,policy_loss,-0.004340529441833496
98304,approx_kl,0.008434399031102657
98304,clipfrac,0.089697265625
98304,explained_variance,0.9431852176785469
98304,sps,528.0
99098,episodic_return,39.659325963318935
99098,episodic_length,1000.0
100099,episodic_return,37.421987050664555
100099,episodic_length,1000.0
100352,value_loss,0.0009123870404437184
100352,policy_loss,0.0031380988657474518
100352,approx_kl,0.003771083429455757
100352,clipfrac,0.067578125
100352,explained_variance,0.9497213810682297
100352,sps,529.0
101100,episodic_return,38.65175404261361
101100,episodic_length,1000.0
102101,episodic_return,25.104857831872557
102101,episodic_length,1000.0
102400,value_loss,0.005623158533126116
102400,policy_loss,-0.030759617686271667
102400,approx_kl,0.0071976762264966965
102400,clipfrac,0.1095703125
102400,explained_variance,0.9281502366065979
102400,sps,529.0
103102,episodic_return,38.76323428893287
103102,episodic_length,1000.0
104103,episodic_return,40.48609380196229
104103,episodic_length,1000.0
104448,value_loss,0.002162687014788389
104448,policy_loss,-0.020379533991217613
104448,approx_kl,0.008528457023203373
104448,clipfrac,0.089111328125
104448,explained_variance,0.9492846615612507
104448,sps,529.0
105104,episodic_return,38.79450049010553
105104,episodic_length,1000.0
106105,episodic_return,33.91006361213506
106105,episodic_length,1000.0
106496,value_loss,0.0012605513911694288
106496,policy_loss,-0.03212374821305275
106496,approx_kl,0.00663906242698431
106496,clipfrac,0.092919921875
106496,explained_variance,0.9630029983818531
106496,sps,529.0
107106,episodic_return,40.75674036974292
107106,episodic_length,1000.0
108107,episodic_return,39.377898919934495
108107,episodic_length,1000.0
108544,value_loss,0.0017518155509606004
108544,policy_loss,0.013983257114887238
108544,approx_kl,0.012656109407544136
108544,clipfrac,0.09560546875
108544,explained_variance,0.9441834092140198
108544,sps,529.0
109108,episodic_return,39.718798835046066
109108,episodic_length,1000.0
110109,episodic_return,34.1313460661068
110109,episodic_length,1000.0
110592,value_loss,0.001978523563593626
110592,policy_loss,0.013663094490766525
110592,approx_kl,0.008732703514397144
110592,clipfrac,0.1033203125
110592,explained_variance,0.9449679479002953
110592,sps,530.0
111110,episodic_return,40.929098864658926
111110,episodic_length,1000.0
112111,episodic_return,39.49459140641274
112111,episodic_length,1000.0
112640,value_loss,0.0014053219929337502
112640,policy_loss,-0.0011803321540355682
112640,approx_kl,0.009617270901799202
112640,clipfrac,0.06669921875
112640,explained_variance,0.9475378729403019
112640,sps,530.0
113112,episodic_return,37.62216232411292
113112,episodic_length,1000.0
114113,episodic_return,37.63782910862307
114113,episodic_length,1000.0
114688,value_loss,0.0007500643259845674
114688,policy_loss,-0.023890463635325432
114688,approx_kl,0.007106158882379532
114688,clipfrac,0.071435546875
114688,explained_variance,0.9518027193844318
114688,sps,530.0
115114,episodic_return,39.65615302045197
115114,episodic_length,1000.0
116115,episodic_return,39.143437633308466
116115,episodic_length,1000.0
116736,value_loss,0.003182624001055956
116736,policy_loss,-0.022934842854738235
116736,approx_kl,0.004803117364645004
116736,clipfrac,0.08359375
116736,explained_variance,0.938092764467001
116736,sps,530.0
117116,episodic_return,41.27976770067797
117116,episodic_length,1000.0
118117,episodic_return,35.62633678727404
118117,episodic_length,1000.0
118784,value_loss,0.0004397293087095022
118784,policy_loss,-0.0016227029263973236
118784,approx_kl,0.016576705500483513
118784,clipfrac,0.1005859375
118784,explained_variance,0.9531328305602074
118784,sps,530.0
119118,episodic_return,40.68361619492873
119118,episodic_length,1000.0
120119,episodic_return,35.005265513035425
120119,episodic_length,1000.0
120832,value_loss,0.0015769766177982092
120832,policy_loss,-0.011899847537279129
120832,approx_kl,0.008262005634605885
120832,clipfrac,0.08935546875
120832,explained_variance,0.9554345682263374
120832,sps,530.0
121120,episodic_return,37.10646700919867
121120,episodic_length,1000.0
122121,episodic_return,29.257619852424373
122121,episodic_length,1000.0
122880,value_loss,0.0025306250900030136
122880,policy_loss,-0.01080920547246933
122880,approx_kl,0.008339383639395237
122880,clipfrac,0.076513671875
122880,explained_variance,0.9465630501508713
122880,sps,530.0
123122,episodic_return,37.45399580937715
123122,episodic_length,1000.0
124123,episodic_return,35.64827702380631
124123,episodic_length,1000.0
124928,value_loss,0.0033509666100144386
124928,policy_loss,-0.003823421895503998
124928,approx_kl,0.0040563009679317474
124928,clipfrac,0.09091796875
124928,explained_variance,0.9508925899863243
124928,sps,530.0
125124,episodic_return,33.85746566798992
125124,episodic_length,1000.0
126125,episodic_return,37.454963621056905
126125,episodic_length,1000.0
126976,value_loss,0.006344103720039129
126976,policy_loss,-0.0033873245120048523
126976,approx_kl,0.0066973064094781876
126976,clipfrac,0.066259765625
126976,explained_variance,0.9482059143483639
126976,sps,530.0
127126,episodic_return,38.020511100406786
127126,episodic_length,1000.0
128127,episodic_return,35.59474412251478
128127,episodic_length,1000.0
129024,value_loss,0.0018956565763801336
129024,policy_loss,-0.015911143273115158
129024,approx_kl,0.0068873753771185875
129024,clipfrac,0.093359375
129024,explained_variance,0.9430446662008762
129024,sps,530.0
129128,episodic_return,37.72455367350515
129128,episodic_length,1000.0
130129,episodic_return,39.66308041264829
130129,episodic_length,1000.0
131072,value_loss,0.00393701484426856
131072,policy_loss,-0.01620815321803093
131072,approx_kl,0.0038180584087967873
131072,clipfrac,0.07451171875
131072,explained_variance,0.9449820816516876
131072,sps,530.0
131130,episodic_return,41.163134651536154
131130,episodic_length,1000.0
132131,episodic_return,28.178045124257366
132131,episodic_length,1000.0
133120,value_loss,0.0007038700859993696
133120,policy_loss,-0.012932345271110535
133120,approx_kl,0.005148421041667461
133120,clipfrac,0.083935546875
133120,explained_variance,0.9387318715453148
133120,sps,530.0
133132,episodic_return,38.26790735717487
133132,episodic_length,1000.0
134133,episodic_return,40.620674894134794
134133,episodic_length,1000.0
135134,episodic_return,22.62803172868227
135134,episodic_length,1000.0
135168,value_loss,0.001033347100019455
135168,policy_loss,-0.0008294098079204559
135168,approx_kl,0.004800658673048019
135168,clipfrac,0.090673828125
135168,explained_variance,0.9398417472839355
135168,sps,530.0
136135,episodic_return,38.13364517673566
136135,episodic_length,1000.0
137136,episodic_return,36.958100182774395
137136,episodic_length,1000.0
137216,value_loss,0.0011704741045832634
137216,policy_loss,0.006845049560070038
137216,approx_kl,0.0039948830381035805
137216,clipfrac,0.056689453125
137216,explained_variance,0.9528885409235954
137216,sps,529.0
138137,episodic_return,38.970930876628586
138137,episodic_length,1000.0
139138,episodic_return,23.917448467140503
139138,episodic_length,1000.0
139264,value_loss,0.001132091274484992
139264,policy_loss,-0.018364325165748596
139264,approx_kl,0.008859876543283463
139264,clipfrac,0.112841796875
139264,explained_variance,0.9399840533733368
139264,sps,529.0
140139,episodic_return,43.15649444616604
140139,episodic_length,1000.0
141140,episodic_return,38.99963225444692
141140,episodic_length,1000.0
141312,value_loss,0.0029139318503439426
141312,policy_loss,-0.010759294033050537
141312,approx_kl,0.00268679391592741
141312,clipfrac,0.05927734375
141312,explained_variance,0.8251231610774994
141312,sps,529.0
142141,episodic_return,38.92335183031846
142141,episodic_length,1000.0
143142,episodic_return,42.37132122672067
143142,episodic_length,1000.0
143360,value_loss,0.02660463936626911
143360,policy_loss,0.015627050772309303
143360,approx_kl,0.006763194687664509
143360,clipfrac,0.08212890625
143360,explained_variance,0.9130427688360214
143360,sps,529.0
144143,episodic_return,37.00488076586781
144143,episodic_length,1000.0
145144,episodic_return,37.808072592857464
145144,episodic_length,1000.0
145408,value_loss,0.0005601675366051495
145408,policy_loss,-0.010631751269102097
145408,approx_kl,0.009009115397930145
145408,clipfrac,0.07470703125
145408,explained_variance,0.9483940079808235
145408,sps,529.0
146145,episodic_return,35.89435756418132
146145,episodic_length,1000.0
147146,episodic_return,38.34849241755733
147146,episodic_length,1000.0
147456,value_loss,0.0007831043330952525
147456,policy_loss,0.002071171998977661
147456,approx_kl,0.008013797923922539
147456,clipfrac,0.066748046875
147456,explained_variance,0.9526993781328201
147456,sps,528.0
148147,episodic_return,38.49272756818365
148147,episodic_length,1000.0
149148,episodic_return,36.89582754908845
149148,episodic_length,1000.0
149504,value_loss,0.0005963306175544858
149504,policy_loss,0.0017774850130081177
149504,approx_kl,0.00887010246515274
149504,clipfrac,0.052099609375
149504,explained_variance,0.9489830955862999
149504,sps,528.0
150149,episodic_return,40.00643054979489
150149,episodic_length,1000.0
151150,episodic_return,36.069020470947926
151150,episodic_length,1000.0
151552,value_loss,0.0003817384713329375
151552,policy_loss,-0.007894396781921387
151552,approx_kl,0.00652026291936636
151552,clipfrac,0.062158203125
151552,explained_variance,0.9464639313519001
151552,sps,528.0
152151,episodic_return,39.76375099669957
152151,episodic_length,1000.0
153152,episodic_return,39.49285053082062
153152,episodic_length,1000.0
153600,value_loss,0.00044418545439839363
153600,policy_loss,0.009167350828647614
153600,approx_kl,0.004049729555845261
153600,clipfrac,0.103564453125
153600,explained_variance,0.9546671062707901
153600,sps,528.0
154153,episodic_return,36.988071353895904
154153,episodic_length,1000.0
155154,episodic_return,37.60412877164309
155154,episodic_length,1000.0
155648,value_loss,0.0006217850605025887
155648,policy_loss,-0.030129479244351387
155648,approx_kl,0.005721563473343849
155648,clipfrac,0.116259765625
155648,explained_variance,0.9391374476253986
155648,sps,529.0
156155,episodic_return,33.546612361326964
156155,episodic_length,1000.0
157156,episodic_return,39.96051933584218
157156,episodic_length,1000.0
157696,value_loss,0.0022485998924821615
157696,policy_loss,-0.019289016723632812
157696,approx_kl,0.010310758836567402
157696,clipfrac,0.097705078125
157696,explained_variance,0.9388431943953037
157696,sps,529.0
158157,episodic_return,40.44327670030165
158157,episodic_length,1000.0
159158,episodic_return,39.50019554012267
159158,episodic_length,1000.0
159744,value_loss,0.0007694031810387969
159744,policy_loss,-0.0030549317598342896
159744,approx_kl,0.005758456885814667
159744,clipfrac,0.06962890625
159744,explained_variance,0.9562090300023556
159744,sps,529.0
160159,episodic_return,39.72495125755487
160159,episodic_length,1000.0
161160,episodic_return,40.916966494303516
161160,episodic_length,1000.0
161792,value_loss,0.0009127022931352258
161792,policy_loss,-0.035034604370594025
161792,approx_kl,0.004898537881672382
161792,clipfrac,0.122509765625
161792,explained_variance,0.9514797925949097
161792,sps,529.0
162161,episodic_return,39.61067141578728
162161,episodic_length,1000.0
163162,episodic_return,39.391291477601406
163162,episodic_length,1000.0
163840,value_loss,0.00014881421520840377
163840,policy_loss,-0.02572116255760193
163840,approx_kl,0.004633486270904541
163840,clipfrac,0.08486328125
163840,explained_variance,0.9514500722289085
163840,sps,529.0
164163,episodic_return,39.800557470472924
164163,episodic_length,1000.0
165164,episodic_return,42.54957813880401
165164,episodic_length,1000.0
165888,value_loss,0.0007033775909803808
165888,policy_loss,0.027883335947990417
165888,approx_kl,0.009777100756764412
165888,clipfrac,0.097412109375
165888,explained_variance,0.9516378566622734
165888,sps,529.0
166165,episodic_return,40.608928273552166
166165,episodic_length,1000.0
167166,episodic_return,40.097176295188774
167166,episodic_length,1000.0
167936,value_loss,0.0008193850517272949
167936,policy_loss,-0.018784377723932266
167936,approx_kl,0.006205256097018719
167936,clipfrac,0.08466796875
167936,explained_variance,0.9486843571066856
167936,sps,529.0
168167,episodic_return,35.47828298189707
168167,episodic_length,1000.0
169168,episodic_return,41.86895025213901
169168,episodic_length,1000.0
169984,value_loss,0.0004478437185753137
169984,policy_loss,-0.008824569173157215
169984,approx_kl,0.011976690031588078
169984,clipfrac,0.081689453125
169984,explained_variance,0.9544885456562042
169984,sps,529.0
170169,episodic_return,43.096080922976945
170169,episodic_length,1000.0
171170,episodic_return,41.27822873987213
171170,episodic_length,1000.0
172032,value_loss,0.002270325319841504
172032,policy_loss,0.000742793083190918
172032,approx_kl,0.006756455637514591
172032,clipfrac,0.074853515625
172032,explained_variance,0.9524946697056293
172032,sps,529.0
172171,episodic_return,43.3760070005284
172171,episodic_length,1000.0
173172,episodic_return,42.66589360284649
173172,episodic_length,1000.0
174080,value_loss,0.0004543855902738869
174080,policy_loss,0.01446235179901123
174080,approx_kl,0.008992035873234272
174080,clipfrac,0.13017578125
174080,explained_variance,0.9532121270895004
174080,sps,529.0
174173,episodic_return,43.17516858977468
174173,episodic_length,1000.0
175174,episodic_return,41.597079038817505
175174,episodic_length,1000.0
176128,value_loss,0.0018667238764464855
176128,policy_loss,0.010594304651021957
176128,approx_kl,0.002284843474626541
176128,clipfrac,0.07861328125
176128,explained_variance,0.9479486681520939
176128,sps,530.0
176175,episodic_return,41.55595391609186
176175,episodic_length,1000.0
177176,episodic_return,40.898552226473086
177176,episodic_length,1000.0
178176,value_loss,0.00032001518411561847
178176,policy_loss,-0.013613924384117126
178176,approx_kl,0.004040026105940342
178176,clipfrac,0.0783203125
178176,explained_variance,0.9589903093874454
178176,sps,529.0
178177,episodic_return,41.29402771121532
178177,episodic_length,1000.0
179178,episodic_return,44.08643204648915
179178,episodic_length,1000.0
180179,episodic_return,41.234731951575235
180179,episodic_length,1000.0
180224,value_loss,0.0010813080007210374
180224,policy_loss,0.01640726625919342
180224,approx_kl,0.005682995542883873
180224,clipfrac,0.108544921875
180224,explained_variance,0.9496075175702572
180224,sps,529.0
181180,episodic_return,43.31364454450971
181180,episodic_length,1000.0
182181,episodic_return,43.12700233048803
182181,episodic_length,1000.0
182272,value_loss,0.0008029195596463978
182272,policy_loss,-0.0021457206457853317
182272,approx_kl,0.005255483090877533
182272,clipfrac,0.05966796875
182272,explained_variance,0.9558714888989925
182272,sps,529.0
183182,episodic_return,42.46845694006059
183182,episodic_length,1000.0
184183,episodic_return,37.58444253466487
184183,episodic_length,1000.0
184320,value_loss,0.002273831982165575
184320,policy_loss,-0.010220527648925781
184320,approx_kl,0.011147867888212204
184320,clipfrac,0.088720703125
184320,explained_variance,0.9520990513265133
184320,sps,530.0
185184,episodic_return,43.6661679484754
185184,episodic_length,1000.0
186185,episodic_return,44.95024354993327
186185,episodic_length,1000.0
186368,value_loss,0.0009727829601615667
186368,policy_loss,-0.03658175468444824
186368,approx_kl,0.010062923654913902
186368,clipfrac,0.102490234375
186368,explained_variance,0.9533107914030552
186368,sps,530.0
187186,episodic_return,43.25475541424328
187186,episodic_length,1000.0
188187,episodic_return,42.73462849824331
188187,episodic_length,1000.0
188416,value_loss,0.00044976669596508145
188416,policy_loss,-0.02195187471807003
188416,approx_kl,0.010782314464449883
188416,clipfrac,0.08349609375
188416,explained_variance,0.9604763090610504
188416,sps,530.0
189188,episodic_return,38.65540415924421
189188,episodic_length,1000.0
190189,episodic_return,41.274780055125746
190189,episodic_length,1000.0
190464,value_loss,0.0009363001445308328
190464,policy_loss,-0.005683861672878265
190464,approx_kl,0.009072787128388882
190464,clipfrac,0.080126953125
190464,explained_variance,0.9614647701382637
190464,sps,530.0
191190,episodic_return,38.94969408076767
191190,episodic_length,1000.0
192191,episodic_return,43.04311652651592
192191,episodic_length,1000.0
192512,value_loss,0.0031467624939978123
192512,policy_loss,-0.007435096427798271
192512,approx_kl,0.0052507184445858
192512,clipfrac,0.1076171875
192512,explained_variance,0.9526561386883259
192512,sps,530.0
193192,episodic_return,44.884078865628865
193192,episodic_length,1000.0
194193,episodic_return,47.02261665324053
194193,episodic_length,1000.0
194560,value_loss,0.0005472826305776834
194560,policy_loss,-0.026177510619163513
194560,approx_kl,0.003711697645485401
194560,clipfrac,0.063671875
194560,explained_variance,0.967245414853096
194560,sps,530.0
195194,episodic_return,43.09181091181597
195194,episodic_length,1000.0
196195,episodic_return,45.08990378754784
196195,episodic_length,1000.0
196608,value_loss,0.0004053305892739445
196608,policy_loss,-9.417533874511719e-06
196608,approx_kl,0.004474157467484474
196608,clipfrac,0.085205078125
196608,explained_variance,0.9552697464823723
196608,sps,530.0
197196,episodic_return,40.145973651029976
197196,episodic_length,1000.0
198197,episodic_return,42.04390671050841
198197,episodic_length,1000.0
198656,value_loss,0.0018697783816605806
198656,policy_loss,0.019259601831436157
198656,approx_kl,0.006764729507267475
198656,clipfrac,0.070751953125
198656,explained_variance,0.9542969726026058
198656,sps,530.0
199198,episodic_return,43.37982212411102
199198,episodic_length,1000.0
200199,episodic_return,41.96327515780239
200199,episodic_length,1000.0
200704,value_loss,0.001031903550028801
200704,policy_loss,-0.008686995133757591
200704,approx_kl,0.00937636662274599
200704,clipfrac,0.095849609375
200704,explained_variance,0.952544242143631
200704,sps,530.0
201200,episodic_return,39.661805934254396
201200,episodic_length,1000.0
202201,episodic_return,43.905881160153186
202201,episodic_length,1000.0
202752,value_loss,0.001104232738725841
202752,policy_loss,-0.013897761702537537
202752,approx_kl,0.009320821613073349
202752,clipfrac,0.0953125
202752,explained_variance,0.9552035927772522
202752,sps,530.0
203202,episodic_return,44.61164694399661
203202,episodic_length,1000.0
204203,episodic_return,42.74490462012665
204203,episodic_length,1000.0
204800,value_loss,0.0011746152304112911
204800,policy_loss,-0.02548249065876007
204800,approx_kl,0.01521341409534216
204800,clipfrac,0.087109375
204800,explained_variance,0.9667354561388493
204800,sps,529.0
205204,episodic_return,41.703916958203905
205204,episodic_length,1000.0
206205,episodic_return,41.680974677522684
206205,episodic_length,1000.0
206848,value_loss,0.0012386648450046778
206848,policy_loss,-0.025748172774910927
206848,approx_kl,0.011262922547757626
206848,clipfrac,0.079296875
206848,explained_variance,0.9561955854296684
206848,sps,529.0
207206,episodic_return,45.05385246988786
207206,episodic_length,1000.0
208207,episodic_return,43.05856035349452
208207,episodic_length,1000.0
208896,value_loss,0.0014848064165562391
208896,policy_loss,0.00584864616394043
208896,approx_kl,0.013654397800564766
208896,clipfrac,0.07578125
208896,explained_variance,0.9574611820280552
208896,sps,530.0
209208,episodic_return,45.9304869042394
209208,episodic_length,1000.0
210209,episodic_return,46.44218472290712
210209,episodic_length,1000.0
210944,value_loss,0.0003407748881727457
210944,policy_loss,-0.012278378009796143
210944,approx_kl,0.006620942614972591
210944,clipfrac,0.092724609375
210944,explained_variance,0.9549547396600246
210944,sps,530.0
211210,episodic_return,40.24264637629708
211210,episodic_length,1000.0
212211,episodic_return,45.37097378411198
212211,episodic_length,1000.0
212992,value_loss,0.0007872949354350567
212992,policy_loss,0.00875161588191986
212992,approx_kl,0.0051906416192650795
212992,clipfrac,0.058642578125
212992,explained_variance,0.949647881090641
212992,sps,530.0
213212,episodic_return,43.9827300146764
213212,episodic_length,1000.0
214213,episodic_return,45.70026653790841
214213,episodic_length,1000.0
215040,value_loss,0.00019368171342648566
215040,policy_loss,-0.003452613949775696
215040,approx_kl,0.01570431888103485
215040,clipfrac,0.08779296875
215040,explained_variance,0.9520691521465778
215040,sps,531.0
215214,episodic_return,46.39807005692145
215214,episodic_length,1000.0
216215,episodic_return,43.03574826247147
216215,episodic_length,1000.0
217088,value_loss,0.0008211031672544777
217088,policy_loss,0.01451711356639862
217088,approx_kl,0.004200764931738377
217088,clipfrac,0.073388671875
217088,explained_variance,0.9579174593091011
217088,sps,530.0
217216,episodic_return,47.84023545168537
217216,episodic_length,1000.0
218217,episodic_return,42.03572615663168
218217,episodic_length,1000.0
219136,value_loss,0.0012527934741228819
219136,policy_loss,-0.03547883778810501
219136,approx_kl,0.04056025296449661
219136,clipfrac,0.085595703125
219136,explained_variance,0.950334332883358
219136,sps,530.0
219218,episodic_return,45.48860343059428
219218,episodic_length,1000.0
220219,episodic_return,41.68242830910987
220219,episodic_length,1000.0
221184,value_loss,0.0009497915743850172
221184,policy_loss,-0.01583130657672882
221184,approx_kl,0.007581731304526329
221184,clipfrac,0.077392578125
221184,explained_variance,0.9611012525856495
221184,sps,531.0
221220,episodic_return,45.379021329318256
221220,episodic_length,1000.0
222221,episodic_return,44.41068816179639
222221,episodic_length,1000.0
223222,episodic_return,45.417839583376285
223222,episodic_length,1000.0
223232,value_loss,0.002124954015016556
223232,policy_loss,0.009173553436994553
223232,approx_kl,0.007815156131982803
223232,clipfrac,0.0865234375
223232,explained_variance,0.9468366429209709
223232,sps,530.0
224223,episodic_return,45.236779181804025
224223,episodic_length,1000.0
225224,episodic_return,46.40307944271112
225224,episodic_length,1000.0
225280,value_loss,0.0014097481034696102
225280,policy_loss,-0.001049637794494629
225280,approx_kl,0.008256117813289165
225280,clipfrac,0.076708984375
225280,explained_variance,0.9641851782798767
225280,sps,531.0
226225,episodic_return,44.74627012540545
226225,episodic_length,1000.0
227226,episodic_return,42.724650738660365
227226,episodic_length,1000.0
227328,value_loss,0.0012208041734993458
227328,policy_loss,0.0037303417921066284
227328,approx_kl,0.004283694550395012
227328,clipfrac,0.08017578125
227328,explained_variance,0.9641842506825924
227328,sps,531.0
228227,episodic_return,44.953717346749826
228227,episodic_length,1000.0
229228,episodic_return,47.05083915772619
229228,episodic_length,1000.0
229376,value_loss,0.001538310432806611
229376,policy_loss,-0.022105135023593903
229376,approx_kl,0.002286056987941265
229376,clipfrac,0.05791015625
229376,explained_variance,0.948421772569418
229376,sps,531.0
230229,episodic_return,47.98618545071702
230229,episodic_length,1000.0
231230,episodic_return,45.31454476684289
231230,episodic_length,1000.0
231424,value_loss,0.00030261592473834753
231424,policy_loss,-0.04557061195373535
231424,approx_kl,0.005286344327032566
231424,clipfrac,0.078662109375
231424,explained_variance,0.9526305086910725
231424,sps,532.0
232231,episodic_return,44.447523683282476
232231,episodic_length,1000.0
233232,episodic_return,45.33097673894654
233232,episodic_length,1000.0
233472,value_loss,0.000429003091994673
233472,policy_loss,-0.0015983954071998596
233472,approx_kl,0.008438791148364544
233472,clipfrac,0.1130859375
233472,explained_variance,0.9600401259958744
233472,sps,531.0
234233,episodic_return,48.26201270609554
234233,episodic_length,1000.0
235234,episodic_return,46.07146873529869
235234,episodic_length,1000.0
235520,value_loss,0.0005255917785689235
235520,policy_loss,-0.009430110454559326
235520,approx_kl,0.006467719562351704
235520,clipfrac,0.064453125
235520,explained_variance,0.9565828926861286
235520,sps,531.0
236235,episodic_return,44.06177435572011
236235,episodic_length,1000.0
237236,episodic_return,41.040797015684426
237236,episodic_length,1000.0
237568,value_loss,0.00030551449162885547
237568,policy_loss,-0.024293024092912674
237568,approx_kl,0.007065067999064922
237568,clipfrac,0.059521484375
237568,explained_variance,0.9530922807753086
237568,sps,531.0
238237,episodic_return,43.650152607527026
238237,episodic_length,1000.0
239238,episodic_return,46.314886867523676
239238,episodic_length,1000.0
239616,value_loss,0.16360189020633698
239616,policy_loss,-0.0036483407020568848
239616,approx_kl,0.00475225318223238
239616,clipfrac,0.0611328125
239616,explained_variance,0.9488652758300304
239616,sps,531.0
240239,episodic_return,40.21205485354826
240239,episodic_length,1000.0
241240,episodic_return,44.98810442509208
241240,episodic_length,1000.0
241664,value_loss,0.0009269890724681318
241664,policy_loss,-0.03262161463499069
241664,approx_kl,0.013441365212202072
241664,clipfrac,0.092138671875
241664,explained_variance,0.9572152458131313
241664,sps,531.0
242241,episodic_return,48.284196392438595
242241,episodic_length,1000.0
243242,episodic_return,45.677682170274345
243242,episodic_length,1000.0
243712,value_loss,0.00020812798175029457
243712,policy_loss,-0.0006619095802307129
243712,approx_kl,0.0055653974413871765
243712,clipfrac,0.063134765625
243712,explained_variance,0.9555909670889378
243712,sps,531.0
244243,episodic_return,44.601326839011385
244243,episodic_length,1000.0
245244,episodic_return,46.89658187975283
245244,episodic_length,1000.0
245760,value_loss,0.0015700466465204954
245760,policy_loss,-0.03506236895918846
245760,approx_kl,0.0045161861926317215
245760,clipfrac,0.077490234375
245760,explained_variance,0.9466231390833855
245760,sps,530.0
246245,episodic_return,40.31315901275112
246245,episodic_length,1000.0
247246,episodic_return,47.448983809780756
247246,episodic_length,1000.0
247808,value_loss,0.0006262875976972282
247808,policy_loss,-0.011226866394281387
247808,approx_kl,0.0055605387315154076
247808,clipfrac,0.057470703125
247808,explained_variance,0.9547989927232265
247808,sps,530.0
248247,episodic_return,47.90564037518062
248247,episodic_length,1000.0
249248,episodic_return,47.53278444264
249248,episodic_length,1000.0
249856,value_loss,0.0004040401545353234
249856,policy_loss,-0.0094267837703228
249856,approx_kl,0.008378036320209503
249856,clipfrac,0.075537109375
249856,explained_variance,0.9521192088723183
249856,sps,530.0
250249,episodic_return,48.11787044835404
250249,episodic_length,1000.0
251250,episodic_return,43.89989516130824
251250,episodic_length,1000.0
251904,value_loss,0.002010817639529705
251904,policy_loss,0.01139800250530243
251904,approx_kl,0.004340258426964283
251904,clipfrac,0.066162109375
251904,explained_variance,0.9558757804334164
251904,sps,530.0
252251,episodic_return,46.90821959785586
252251,episodic_length,1000.0
253252,episodic_return,46.41351627194464
253252,episodic_length,1000.0
253952,value_loss,0.0002106164611177519
253952,policy_loss,-0.014250978827476501
253952,approx_kl,0.005775907076895237
253952,clipfrac,0.073681640625
253952,explained_variance,0.9493718668818474
253952,sps,531.0
254253,episodic_return,44.93771576590745
254253,episodic_length,1000.0
255254,episodic_return,46.0382921192958
255254,episodic_length,1000.0
256000,value_loss,0.00028088229009881616
256000,policy_loss,0.0023147612810134888
256000,approx_kl,0.009918364696204662
256000,clipfrac,0.08232421875
256000,explained_variance,0.9519328586757183
256000,sps,531.0
256255,episodic_return,45.92468975502689
256255,episodic_length,1000.0
257256,episodic_return,46.31057845421123
257256,episodic_length,1000.0
258048,value_loss,0.000599540420807898
258048,policy_loss,-0.03215094283223152
258048,approx_kl,0.0038888640701770782
258048,clipfrac,0.10791015625
258048,explained_variance,0.9565772153437138
258048,sps,531.0
258257,episodic_return,46.28571072278841
258257,episodic_length,1000.0
259258,episodic_return,49.63309186650752
259258,episodic_length,1000.0
260096,value_loss,0.012412833981215954
260096,policy_loss,0.0017188414931297302
260096,approx_kl,0.009236334823071957
260096,clipfrac,0.08046875
260096,explained_variance,0.9497060440480709
260096,sps,531.0
260259,episodic_return,45.643045524817055
260259,episodic_length,1000.0
261260,episodic_return,50.38363706265951
261260,episodic_length,1000.0
262144,value_loss,0.0008670596871525049
262144,policy_loss,-0.029764696955680847
262144,approx_kl,0.004827188327908516
262144,clipfrac,0.071826171875
262144,explained_variance,0.9710711315274239
262144,sps,531.0
262261,episodic_return,45.56276767607169
262261,episodic_length,1000.0
263262,episodic_return,44.556142460813106
263262,episodic_length,1000.0
264192,value_loss,0.0005643260665237904
264192,policy_loss,-0.03131840378046036
264192,approx_kl,0.0064024957828223705
264192,clipfrac,0.082080078125
264192,explained_variance,0.9446772187948227
264192,sps,531.0
264263,episodic_return,49.10495186903058
264263,episodic_length,1000.0
265264,episodic_return,49.70302488919957
265264,episodic_length,1000.0
266240,value_loss,0.0007365539786405861
266240,policy_loss,-0.012740269303321838
266240,approx_kl,0.007034352049231529
266240,clipfrac,0.07080078125
266240,explained_variance,0.9520079009234905
266240,sps,531.0
266265,episodic_return,46.480127637722184
266265,episodic_length,1000.0
267266,episodic_return,47.70090109592604
267266,episodic_length,1000.0
268267,episodic_return,50.32347403417777
268267,episodic_length,1000.0
268288,value_loss,0.002623625099658966
268288,policy_loss,0.003161914646625519
268288,approx_kl,0.01797243393957615
268288,clipfrac,0.042822265625
268288,explained_variance,0.9439201690256596
268288,sps,531.0
269268,episodic_return,44.71480746121576
269268,episodic_length,1000.0
270269,episodic_return,48.88222828729995
270269,episodic_length,1000.0
270336,value_loss,0.0004209193284623325
270336,policy_loss,-0.011186351999640465
270336,approx_kl,0.005597208626568317
270336,clipfrac,0.073876953125
270336,explained_variance,0.9551487974822521
270336,sps,531.0
271270,episodic_return,47.90262208574962
271270,episodic_length,1000.0
272271,episodic_return,50.20868831290777
272271,episodic_length,1000.0
272384,value_loss,0.0022117712069302797
272384,policy_loss,-0.0069992393255233765
272384,approx_kl,0.006781916134059429
272384,clipfrac,0.081591796875
272384,explained_variance,0.9476141035556793
272384,sps,531.0
273272,episodic_return,48.52884338645602
273272,episodic_length,1000.0
274273,episodic_return,50.53055627147372
274273,episodic_length,1000.0
274432,value_loss,0.001521824044175446
274432,policy_loss,0.0156455896794796
274432,approx_kl,0.008784033358097076
274432,clipfrac,0.097998046875
274432,explained_variance,0.9509066827595234
274432,sps,531.0
275274,episodic_return,48.899120885083285
275274,episodic_length,1000.0
276275,episodic_return,50.7213126526686
276275,episodic_length,1000.0
276480,value_loss,0.0008851987076923251
276480,policy_loss,0.0009339451789855957
276480,approx_kl,0.00646954495459795
276480,clipfrac,0.07890625
276480,explained_variance,0.9479944370687008
276480,sps,531.0
277276,episodic_return,51.91773637035413
277276,episodic_length,1000.0
278277,episodic_return,48.603268623801036
278277,episodic_length,1000.0
278528,value_loss,0.001842130208387971
278528,policy_loss,-0.006263282150030136
278528,approx_kl,0.0074054524302482605
278528,clipfrac,0.099658203125
278528,explained_variance,0.9538677260279655
278528,sps,531.0
279278,episodic_return,50.56394477889715
279278,episodic_length,1000.0
280279,episodic_return,52.45016958284654
280279,episodic_length,1000.0
280576,value_loss,0.000704496749676764
280576,policy_loss,-0.0025297245010733604
280576,approx_kl,0.00643518753349781
280576,clipfrac,0.07177734375
280576,explained_variance,0.9477325938642025
280576,sps,531.0
281280,episodic_return,48.03522787862956
281280,episodic_length,1000.0
282281,episodic_return,51.610884007180225
282281,episodic_length,1000.0
282624,value_loss,0.0007075977046042681
282624,policy_loss,0.02576388418674469
282624,approx_kl,0.010255241766571999
282624,clipfrac,0.111376953125
282624,explained_variance,0.9515742547810078
282624,sps,531.0
283282,episodic_return,53.31055852688902
283282,episodic_length,1000.0
284283,episodic_return,52.4131893355799
284283,episodic_length,1000.0
284672,value_loss,0.0005881329416297376
284672,policy_loss,-0.0038536787033081055
284672,approx_kl,0.007392311934381723
284672,clipfrac,0.112158203125
284672,explained_variance,0.9471400193870068
284672,sps,531.0
285284,episodic_return,54.78180574503469
285284,episodic_length,1000.0
286285,episodic_return,54.62770151480039
286285,episodic_length,1000.0
286720,value_loss,0.0004371820541564375
286720,policy_loss,-0.012106221169233322
286720,approx_kl,0.007578718010336161
286720,clipfrac,0.0986328125
286720,explained_variance,0.941761638969183
286720,sps,531.0
287286,episodic_return,53.46653619728191
287286,episodic_length,1000.0
288287,episodic_return,50.72538314989297
288287,episodic_length,1000.0
288768,value_loss,0.0004331726231612265
288768,policy_loss,-0.016581252217292786
288768,approx_kl,0.010998694226145744
288768,clipfrac,0.087353515625
288768,explained_variance,0.9522371999919415
288768,sps,532.0
289288,episodic_return,53.472295484030745
289288,episodic_length,1000.0
290289,episodic_return,51.847557724812326
290289,episodic_length,1000.0
290816,value_loss,0.001630153856240213
290816,policy_loss,-0.029240526258945465
290816,approx_kl,0.00799195934087038
290816,clipfrac,0.108935546875
290816,explained_variance,0.9465231597423553
290816,sps,532.0
291290,episodic_return,49.90070570095244
291290,episodic_length,1000.0
292291,episodic_return,54.45158215038879
292291,episodic_length,1000.0
292864,value_loss,0.0006409462075680494
292864,policy_loss,0.010628525167703629
292864,approx_kl,0.005626155529171228
292864,clipfrac,0.086865234375
292864,explained_variance,0.9532374851405621
292864,sps,532.0
293292,episodic_return,50.22302493440685
293292,episodic_length,1000.0
294293,episodic_return,56.9278819650875
294293,episodic_length,1000.0
294912,value_loss,0.0007828807574696839
294912,policy_loss,-0.039299096912145615
294912,approx_kl,0.01283316221088171
294912,clipfrac,0.098583984375
294912,explained_variance,0.9497420229017735
294912,sps,532.0
295294,episodic_return,52.34926456843284
295294,episodic_length,1000.0
296295,episodic_return,53.12614622626922
296295,episodic_length,1000.0
296960,value_loss,0.002545515540987253
296960,policy_loss,0.0034173615276813507
296960,approx_kl,0.031016699969768524
296960,clipfrac,0.089599609375
296960,explained_variance,0.9454896673560143
296960,sps,532.0
297296,episodic_return,55.381492344515046
297296,episodic_length,1000.0
298297,episodic_return,54.6903764174454
298297,episodic_length,1000.0
299008,value_loss,0.000728042796254158
299008,policy_loss,-0.029493719339370728
299008,approx_kl,0.009860116988420486
299008,clipfrac,0.0919921875
299008,explained_variance,0.9488591365516186
299008,sps,532.0
299298,episodic_return,57.79696816604899
299298,episodic_length,1000.0
300299,episodic_return,57.49073684893606
300299,episodic_length,1000.0
301056,value_loss,0.0007676748791709542
301056,policy_loss,-0.0066701993346214294
301056,approx_kl,0.007416889537125826
301056,clipfrac,0.108203125
301056,explained_variance,0.948925107717514
301056,sps,532.0
301300,episodic_return,53.32677292936555
301300,episodic_length,1000.0
302301,episodic_return,53.80119015605044
302301,episodic_length,1000.0
303104,value_loss,0.0009013313101604581
303104,policy_loss,0.00042156875133514404
303104,approx_kl,0.00828881561756134
303104,clipfrac,0.074267578125
303104,explained_variance,0.9457132071256638
303104,sps,532.0
303302,episodic_return,57.9469263724068
303302,episodic_length,1000.0
304303,episodic_return,54.1355207405505
304303,episodic_length,1000.0
305152,value_loss,0.00027938804123550653
305152,policy_loss,0.015972565859556198
305152,approx_kl,0.0073553151451051235
305152,clipfrac,0.09951171875
305152,explained_variance,0.9536627531051636
305152,sps,532.0
305304,episodic_return,49.28741590325057
305304,episodic_length,1000.0
306305,episodic_return,56.230861432450666
306305,episodic_length,1000.0
307200,value_loss,0.0006873910315334797
307200,policy_loss,-0.019586946815252304
307200,approx_kl,0.007980233058333397
307200,clipfrac,0.10322265625
307200,explained_variance,0.9475579746067524
307200,sps,531.0
307306,episodic_return,53.943417419387835
307306,episodic_length,1000.0
308307,episodic_return,56.34711624822125
308307,episodic_length,1000.0
309248,value_loss,0.0004944881075061858
309248,policy_loss,-0.008213438093662262
309248,approx_kl,0.010618824511766434
309248,clipfrac,0.07958984375
309248,explained_variance,0.9465114660561085
309248,sps,532.0
309308,episodic_return,56.192973862866275
309308,episodic_length,1000.0
310309,episodic_return,54.55360079775864
310309,episodic_length,1000.0
311296,value_loss,0.0024341274984180927
311296,policy_loss,-0.020085930824279785
311296,approx_kl,0.006878608372062445
311296,clipfrac,0.116845703125
311296,explained_variance,0.9491162002086639
311296,sps,532.0
311310,episodic_return,56.1041939225856
311310,episodic_length,1000.0
312311,episodic_return,54.6114523217496
312311,episodic_length,1000.0
313312,episodic_return,51.78681792721912
313312,episodic_length,1000.0
313344,value_loss,0.0007110866717994213
313344,policy_loss,-0.022341802716255188
313344,approx_kl,0.006415467243641615
313344,clipfrac,0.0849609375
313344,explained_variance,0.9511412009596825
313344,sps,532.0
314313,episodic_return,54.15675640412058
314313,episodic_length,1000.0
315314,episodic_return,55.95972526826002
315314,episodic_length,1000.0
315392,value_loss,0.0005628832732327282
315392,policy_loss,-0.02940705046057701
315392,approx_kl,0.009425507858395576
315392,clipfrac,0.09326171875
315392,explained_variance,0.9494824633002281
315392,sps,532.0
316315,episodic_return,55.0307959530925
316315,episodic_length,1000.0
317316,episodic_return,55.50151922396973
317316,episodic_length,1000.0
317440,value_loss,0.0018754838965833187
317440,policy_loss,0.01316918432712555
317440,approx_kl,0.007866374216973782
317440,clipfrac,0.089599609375
317440,explained_variance,0.9424414411187172
317440,sps,532.0
318317,episodic_return,57.07564176127771
318317,episodic_length,1000.0
319318,episodic_return,55.86344806856855
319318,episodic_length,1000.0
319488,value_loss,0.0012660459615290165
319488,policy_loss,-0.030536994338035583
319488,approx_kl,0.019818797707557678
319488,clipfrac,0.091845703125
319488,explained_variance,0.9439405687153339
319488,sps,532.0
320319,episodic_return,54.73505669534548
320319,episodic_length,1000.0
321320,episodic_return,58.05440354091622
321320,episodic_length,1000.0
321536,value_loss,0.0013227725867182016
321536,policy_loss,-0.004827149212360382
321536,approx_kl,0.01195274293422699
321536,clipfrac,0.08291015625
321536,explained_variance,0.9504877142608166
321536,sps,532.0
322321,episodic_return,55.375810687180085
322321,episodic_length,1000.0
323322,episodic_return,53.44089325915677
323322,episodic_length,1000.0
323584,value_loss,0.17551782727241516
323584,policy_loss,0.0005682483315467834
323584,approx_kl,0.007680225186049938
323584,clipfrac,0.079248046875
323584,explained_variance,0.9455498419702053
323584,sps,532.0
324323,episodic_return,52.51104410681144
324323,episodic_length,1000.0
325324,episodic_return,56.09122700417154
325324,episodic_length,1000.0
325632,value_loss,0.0014197637792676687
325632,policy_loss,-0.02573106810450554
325632,approx_kl,0.007916190661489964
325632,clipfrac,0.10751953125
325632,explained_variance,0.9509847164154053
325632,sps,532.0
326325,episodic_return,55.60045413236955
326325,episodic_length,1000.0
327326,episodic_return,56.06885071189751
327326,episodic_length,1000.0
327680,value_loss,0.002074216026812792
327680,policy_loss,0.02138252556324005
327680,approx_kl,0.006011397112160921
327680,clipfrac,0.078369140625
327680,explained_variance,0.951360821723938
327680,sps,532.0
328327,episodic_return,54.42887243355541
328327,episodic_length,1000.0
329328,episodic_return,56.178382107812
329328,episodic_length,1000.0
329728,value_loss,0.0012848086189478636
329728,policy_loss,-0.008763536810874939
329728,approx_kl,0.007531558163464069
329728,clipfrac,0.064794921875
329728,explained_variance,0.9409909509122372
329728,sps,532.0
330329,episodic_return,49.4122608330027
330329,episodic_length,1000.0
331330,episodic_return,55.22693170552993
331330,episodic_length,1000.0
331776,value_loss,0.0005348378326743841
331776,policy_loss,0.00987045094370842
331776,approx_kl,0.007160665467381477
331776,clipfrac,0.101123046875
331776,explained_variance,0.9549558088183403
331776,sps,532.0
332331,episodic_return,53.38487494109433
332331,episodic_length,1000.0
333332,episodic_return,55.679772869333654
333332,episodic_length,1000.0
333824,value_loss,0.00039040582487359643
333824,policy_loss,-0.011532370001077652
333824,approx_kl,0.008164223283529282
333824,clipfrac,0.0935546875
333824,explained_variance,0.9439896456897259
333824,sps,532.0
334333,episodic_return,58.49168467168048
334333,episodic_length,1000.0
335334,episodic_return,55.545240570751595
335334,episodic_length,1000.0
335872,value_loss,0.0019306603353470564
335872,policy_loss,-0.014287684112787247
335872,approx_kl,0.011470059864223003
335872,clipfrac,0.1255859375
335872,explained_variance,0.9505617804825306
335872,sps,532.0
336335,episodic_return,55.07415646994581
336335,episodic_length,1000.0
337336,episodic_return,55.701830803909374
337336,episodic_length,1000.0
337920,value_loss,0.0002073254727292806
337920,policy_loss,0.014005309902131557
337920,approx_kl,0.004476167727261782
337920,clipfrac,0.084326171875
337920,explained_variance,0.9598126858472824
337920,sps,532.0
338337,episodic_return,52.02598548249297
338337,episodic_length,1000.0
339338,episodic_return,55.644904761022566
339338,episodic_length,1000.0
339968,value_loss,0.0007327742641791701
339968,policy_loss,-0.008877884596586227
339968,approx_kl,0.011366019025444984
339968,clipfrac,0.10341796875
339968,explained_variance,0.9542765691876411
339968,sps,532.0
340339,episodic_return,55.68394900574
340339,episodic_length,1000.0
341340,episodic_return,56.51573931276833
341340,episodic_length,1000.0
342016,value_loss,0.0004283039888832718
342016,policy_loss,0.005936235189437866
342016,approx_kl,0.0037569664418697357
342016,clipfrac,0.071826171875
342016,explained_variance,0.955417025834322
342016,sps,532.0
342341,episodic_return,56.53324009660802
342341,episodic_length,1000.0
343342,episodic_return,57.18668559130088
343342,episodic_length,1000.0
344064,value_loss,0.0007129584555514157
344064,policy_loss,-0.03468170762062073
344064,approx_kl,0.014468329958617687
344064,clipfrac,0.08623046875
344064,explained_variance,0.9494162797927856
344064,sps,532.0
344343,episodic_return,58.30668924323832
344343,episodic_length,1000.0
345344,episodic_return,56.098047380194465
345344,episodic_length,1000.0
346112,value_loss,0.0011979298433288932
346112,policy_loss,-0.03395954519510269
346112,approx_kl,0.006503679323941469
346112,clipfrac,0.081103515625
346112,explained_variance,0.9541769400238991
346112,sps,532.0
346345,episodic_return,54.60306436939315
346345,episodic_length,1000.0
347346,episodic_return,55.82465489799565
347346,episodic_length,1000.0
348160,value_loss,0.00037988301482982934
348160,policy_loss,-0.007372759282588959
348160,approx_kl,0.0074723586440086365
348160,clipfrac,0.097802734375
348160,explained_variance,0.9559099487960339
348160,sps,532.0
348347,episodic_return,54.80530689049985
348347,episodic_length,1000.0
349348,episodic_return,54.019268830365
349348,episodic_length,1000.0
350208,value_loss,0.18052063882350922
350208,policy_loss,0.01878640055656433
350208,approx_kl,0.009954428300261497
350208,clipfrac,0.091845703125
350208,explained_variance,0.9482192322611809
350208,sps,532.0
350349,episodic_return,56.81393877900844
350349,episodic_length,1000.0
351350,episodic_return,53.221943524449586
351350,episodic_length,1000.0
352256,value_loss,0.0018504881300032139
352256,policy_loss,-0.0002338811755180359
352256,approx_kl,0.005609755404293537
352256,clipfrac,0.052099609375
352256,explained_variance,0.9526281803846359
352256,sps,532.0
352351,episodic_return,54.687488826106694
352351,episodic_length,1000.0
353352,episodic_return,56.15997231031231
353352,episodic_length,1000.0
354304,value_loss,0.0007089488790370524
354304,policy_loss,-0.005888015031814575
354304,approx_kl,0.007470742799341679
354304,clipfrac,0.111181640625
354304,explained_variance,0.9547724798321724
354304,sps,532.0
354353,episodic_return,55.84393117215643
354353,episodic_length,1000.0
355354,episodic_return,54.386378378990635
355354,episodic_length,1000.0
356352,value_loss,0.0011729609686881304
356352,policy_loss,0.0025966092944145203
356352,approx_kl,0.009029255248606205
356352,clipfrac,0.074755859375
356352,explained_variance,0.9497064277529716
356352,sps,532.0
356355,episodic_return,52.81798962148028
356355,episodic_length,1000.0
357356,episodic_return,57.56416964003849
357356,episodic_length,1000.0
358357,episodic_return,51.45533012691427
358357,episodic_length,1000.0
358400,value_loss,0.003285234561190009
358400,policy_loss,-0.0250956192612648
358400,approx_kl,0.008450005203485489
358400,clipfrac,0.117529296875
358400,explained_variance,0.950675155967474
358400,sps,532.0
359358,episodic_return,56.98074037547355
359358,episodic_length,1000.0
360359,episodic_return,52.37773045759611
360359,episodic_length,1000.0
360448,value_loss,0.0012867131736129522
360448,policy_loss,-0.010113075375556946
360448,approx_kl,0.0045501310378313065
360448,clipfrac,0.068701171875
360448,explained_variance,0.9504317790269852
360448,sps,532.0
361360,episodic_return,56.80977637576586
361360,episodic_length,1000.0
362361,episodic_return,57.75884659691553
362361,episodic_length,1000.0
362496,value_loss,0.0004730713553726673
362496,policy_loss,-0.003444638103246689
362496,approx_kl,0.006242141127586365
362496,clipfrac,0.080419921875
362496,explained_variance,0.9466922841966152
362496,sps,532.0
363362,episodic_return,55.91481758297022
363362,episodic_length,1000.0
364363,episodic_return,55.59023545464808
364363,episodic_length,1000.0
364544,value_loss,0.000599837105255574
364544,policy_loss,-0.010596998035907745
364544,approx_kl,0.008272082544863224
364544,clipfrac,0.081494140625
364544,explained_variance,0.9536613896489143
364544,sps,532.0
365364,episodic_return,55.601916547809026
365364,episodic_length,1000.0
366365,episodic_return,52.996442316167595
366365,episodic_length,1000.0
366592,value_loss,0.0005834577023051679
366592,policy_loss,-0.0013089962303638458
366592,approx_kl,0.00821216031908989
366592,clipfrac,0.12216796875
366592,explained_variance,0.9464102275669575
366592,sps,532.0
367366,episodic_return,57.35223571831154
367366,episodic_length,1000.0
368367,episodic_return,56.616939310499106
368367,episodic_length,1000.0
368640,value_loss,0.0009719905210658908
368640,policy_loss,-0.010823160409927368
368640,approx_kl,0.0066863554529845715
368640,clipfrac,0.074169921875
368640,explained_variance,0.9498982056975365
368640,sps,531.0
369368,episodic_return,59.64919382776117
369368,episodic_length,1000.0
370369,episodic_return,57.91567370142539
370369,episodic_length,1000.0
370688,value_loss,0.0011057581286877394
370688,policy_loss,-0.0076378099620342255
370688,approx_kl,0.0072636790573596954
370688,clipfrac,0.081982421875
370688,explained_variance,0.9362747147679329
370688,sps,532.0
371370,episodic_return,54.31035500261406
371370,episodic_length,1000.0
372371,episodic_return,52.90841990434083
372371,episodic_length,1000.0
372736,value_loss,0.0005524837761186063
372736,policy_loss,-0.014090163633227348
372736,approx_kl,0.005113570019602776
372736,clipfrac,0.07333984375
372736,explained_variance,0.9424466602504253
372736,sps,532.0
373372,episodic_return,56.397887581742076
373372,episodic_length,1000.0
374373,episodic_return,57.73439754369304
374373,episodic_length,1000.0
374784,value_loss,0.0018479633145034313
374784,policy_loss,-0.019186075776815414
374784,approx_kl,0.015890466049313545
374784,clipfrac,0.0748046875
374784,explained_variance,0.9436412565410137
374784,sps,532.0
375374,episodic_return,58.181592318880654
375374,episodic_length,1000.0
376375,episodic_return,54.28060420793044
376375,episodic_length,1000.0
376832,value_loss,0.0024845022708177567
376832,policy_loss,0.0022031404078006744
376832,approx_kl,0.01240072213113308
376832,clipfrac,0.108935546875
376832,explained_variance,0.9535136930644512
376832,sps,532.0
377376,episodic_return,54.672734565399416
377376,episodic_length,1000.0
378377,episodic_return,56.83170098628544
378377,episodic_length,1000.0
378880,value_loss,0.00027246991521678865
378880,policy_loss,-0.010914869606494904
378880,approx_kl,0.005444575101137161
378880,clipfrac,0.070751953125
378880,explained_variance,0.9440749548375607
378880,sps,532.0
379378,episodic_return,56.18859060859759
379378,episodic_length,1000.0
380379,episodic_return,55.77750237807321
380379,episodic_length,1000.0
380928,value_loss,0.00347810797393322
380928,policy_loss,-0.01478574424982071
380928,approx_kl,0.006896746810525656
380928,clipfrac,0.067578125
380928,explained_variance,0.9501334726810455
380928,sps,532.0
381380,episodic_return,55.5481882370024
381380,episodic_length,1000.0
382381,episodic_return,58.43881373079678
382381,episodic_length,1000.0
382976,value_loss,0.0018291407031938434
382976,policy_loss,-0.005534674972295761
382976,approx_kl,0.010373936966061592
382976,clipfrac,0.099560546875
382976,explained_variance,0.9440586864948273
382976,sps,532.0
383382,episodic_return,58.619257267594186
383382,episodic_length,1000.0
384383,episodic_return,54.97106682969237
384383,episodic_length,1000.0
385024,value_loss,0.0013997908681631088
385024,policy_loss,-0.0012454390525817871
385024,approx_kl,0.00858374871313572
385024,clipfrac,0.1013671875
385024,explained_variance,0.9492767117917538
385024,sps,532.0
385384,episodic_return,57.26182775259932
385384,episodic_length,1000.0
386385,episodic_return,55.67166146708013
386385,episodic_length,1000.0
387072,value_loss,0.0007211411721073091
387072,policy_loss,-0.01239008828997612
387072,approx_kl,0.004485736135393381
387072,clipfrac,0.10234375
387072,explained_variance,0.9556361511349678
387072,sps,532.0
387386,episodic_return,53.40194321918094
387386,episodic_length,1000.0
388387,episodic_return,56.73333043761651
388387,episodic_length,1000.0
389120,value_loss,0.000493499101139605
389120,policy_loss,-0.0008805133402347565
389120,approx_kl,0.00835132971405983
389120,clipfrac,0.088671875
389120,explained_variance,0.9439184032380581
389120,sps,532.0
389388,episodic_return,57.724105141697166
389388,episodic_length,1000.0
390389,episodic_return,58.225144237089744
390389,episodic_length,1000.0
391168,value_loss,0.0004339720180723816
391168,policy_loss,-0.01819959282875061
391168,approx_kl,0.0063591268844902515
391168,clipfrac,0.0966796875
391168,explained_variance,0.946147795766592
391168,sps,532.0
391390,episodic_return,56.902963585426996
391390,episodic_length,1000.0
392391,episodic_return,57.403533589289054
392391,episodic_length,1000.0
393216,value_loss,0.002540559507906437
393216,policy_loss,-0.029857151210308075
393216,approx_kl,0.005631235893815756
393216,clipfrac,0.11005859375
393216,explained_variance,0.9459862895309925
393216,sps,532.0
393392,episodic_return,56.84287787334328
393392,episodic_length,1000.0
394393,episodic_return,57.10665051433459
394393,episodic_length,1000.0
395264,value_loss,0.001198875019326806
395264,policy_loss,0.021287724375724792
395264,approx_kl,0.005517208483070135
395264,clipfrac,0.06630859375
395264,explained_variance,0.9431846663355827
395264,sps,532.0
395394,episodic_return,61.128324907312034
395394,episodic_length,1000.0
396395,episodic_return,55.876447378005885
396395,episodic_length,1000.0
397312,value_loss,0.0007005883962847292
397312,policy_loss,-0.018129324540495872
397312,approx_kl,0.013984572142362595
397312,clipfrac,0.107373046875
397312,explained_variance,0.9543399140238762
397312,sps,532.0
397396,episodic_return,58.51496811532994
397396,episodic_length,1000.0
398397,episodic_return,52.72417026371857
398397,episodic_length,1000.0
399360,value_loss,0.0010889193508774042
399360,policy_loss,-0.003496500663459301
399360,approx_kl,0.015248368494212627
399360,clipfrac,0.07880859375
399360,explained_variance,0.944552592933178
399360,sps,532.0
399398,episodic_return,57.37456960960262
399398,episodic_length,1000.0
400399,episodic_return,52.96477480944493
400399,episodic_length,1000.0
401400,episodic_return,57.65040712038908
401400,episodic_length,1000.0
401408,value_loss,0.001577206188812852
401408,policy_loss,-0.0024604275822639465
401408,approx_kl,0.008558380417525768
401408,clipfrac,0.087841796875
401408,explained_variance,0.9326244220137596
401408,sps,533.0
402401,episodic_return,54.869162856392656
402401,episodic_length,1000.0
403402,episodic_return,56.861733677277186
403402,episodic_length,1000.0
403456,value_loss,0.000381786550860852
403456,policy_loss,-0.030519694089889526
403456,approx_kl,0.011660899966955185
403456,clipfrac,0.05986328125
403456,explained_variance,0.959378968924284
403456,sps,533.0
404403,episodic_return,58.27296827869571
404403,episodic_length,1000.0
405404,episodic_return,57.30266935922503
405404,episodic_length,1000.0
405504,value_loss,0.0009230277501046658
405504,policy_loss,0.011693388223648071
405504,approx_kl,0.006695076357573271
405504,clipfrac,0.081201171875
405504,explained_variance,0.9505921564996243
405504,sps,533.0
406405,episodic_return,56.311119585786784
406405,episodic_length,1000.0
407406,episodic_return,56.597542064936775
407406,episodic_length,1000.0
407552,value_loss,0.0014167637564241886
407552,policy_loss,-0.018319904804229736
407552,approx_kl,0.007595318369567394
407552,clipfrac,0.1158203125
407552,explained_variance,0.9479540139436722
407552,sps,532.0
408407,episodic_return,58.899653279710016
408407,episodic_length,1000.0
409408,episodic_return,58.69167416409834
409408,episodic_length,1000.0
409600,value_loss,0.000307002745103091
409600,policy_loss,-0.01091034896671772
409600,approx_kl,0.005088948644697666
409600,clipfrac,0.0806640625
409600,explained_variance,0.9351727291941643
409600,sps,532.0
410409,episodic_return,60.026422620092994
410409,episodic_length,1000.0
411410,episodic_return,53.909384806403146
411410,episodic_length,1000.0
411648,value_loss,0.0009480512817390263
411648,policy_loss,-0.011164680123329163
411648,approx_kl,0.006989507004618645
411648,clipfrac,0.099853515625
411648,explained_variance,0.9456149749457836
411648,sps,532.0
412411,episodic_return,58.5547644935159
412411,episodic_length,1000.0
413412,episodic_return,55.66044118874279
413412,episodic_length,1000.0
413696,value_loss,0.17737823724746704
413696,policy_loss,-0.020759932696819305
413696,approx_kl,0.005327963270246983
413696,clipfrac,0.070654296875
413696,explained_variance,0.9439851678907871
413696,sps,532.0
414413,episodic_return,56.82185827285332
414413,episodic_length,1000.0
415414,episodic_return,55.167132655282096
415414,episodic_length,1000.0
415744,value_loss,0.0007032559951767325
415744,policy_loss,-0.031464241445064545
415744,approx_kl,0.012791582383215427
415744,clipfrac,0.07275390625
415744,explained_variance,0.9527270197868347
415744,sps,532.0
416415,episodic_return,54.757253879429435
416415,episodic_length,1000.0
417416,episodic_return,56.01056701906028
417416,episodic_length,1000.0
417792,value_loss,0.000533497252035886
417792,policy_loss,-0.007332444190979004
417792,approx_kl,0.006903800182044506
417792,clipfrac,0.108837890625
417792,explained_variance,0.945568110793829
417792,sps,532.0
418417,episodic_return,57.04198252393045
418417,episodic_length,1000.0
419418,episodic_return,59.68187576800645
419418,episodic_length,1000.0
419840,value_loss,0.0005626274505630136
419840,policy_loss,-0.02084822952747345
419840,approx_kl,0.006076049990952015
419840,clipfrac,0.09833984375
419840,explained_variance,0.9406093321740627
419840,sps,532.0
420419,episodic_return,58.499611613667106
420419,episodic_length,1000.0
421420,episodic_return,54.42540398629151
421420,episodic_length,1000.0
421888,value_loss,0.0006211783038452268
421888,policy_loss,-0.011834770441055298
421888,approx_kl,0.011058177798986435
421888,clipfrac,0.117431640625
421888,explained_variance,0.9480170533061028
421888,sps,532.0
422421,episodic_return,57.789664373793045
422421,episodic_length,1000.0
423422,episodic_return,55.718704658291934
423422,episodic_length,1000.0
423936,value_loss,0.0004746612976305187
423936,policy_loss,-0.01830843836069107
423936,approx_kl,0.007519086357206106
423936,clipfrac,0.118505859375
423936,explained_variance,0.9465539008378983
423936,sps,532.0
424423,episodic_return,59.2556431001906
424423,episodic_length,1000.0
425424,episodic_return,57.82455472951551
425424,episodic_length,1000.0
425984,value_loss,0.0007263345178216696
425984,policy_loss,0.014048594981431961
425984,approx_kl,0.005610609892755747
425984,clipfrac,0.077734375
425984,explained_variance,0.9477734640240669
425984,sps,532.0
426425,episodic_return,59.191426315057676
426425,episodic_length,1000.0
427426,episodic_return,60.15700466439375
427426,episodic_length,1000.0
428032,value_loss,0.00037835462717339396
428032,policy_loss,-0.017253536731004715
428032,approx_kl,0.006886431481689215
428032,clipfrac,0.079833984375
428032,explained_variance,0.9481294974684715
428032,sps,532.0
428427,episodic_return,59.84582317520279
428427,episodic_length,1000.0
429428,episodic_return,58.42047750747322
429428,episodic_length,1000.0
430080,value_loss,0.0007910028216429055
430080,policy_loss,-0.016028068959712982
430080,approx_kl,0.006717318203300238
430080,clipfrac,0.06943359375
430080,explained_variance,0.954887792468071
430080,sps,532.0
430429,episodic_return,60.50171764446011
430429,episodic_length,1000.0
431430,episodic_return,58.68441010602178
431430,episodic_length,1000.0
432128,value_loss,0.175198495388031
432128,policy_loss,-0.0035302117466926575
432128,approx_kl,0.0071082995273172855
432128,clipfrac,0.0884765625
432128,explained_variance,0.9484657235443592
432128,sps,532.0
432431,episodic_return,57.745694681491464
432431,episodic_length,1000.0
433432,episodic_return,59.54432446891385
433432,episodic_length,1000.0
434176,value_loss,0.000762570183724165
434176,policy_loss,0.014653168618679047
434176,approx_kl,0.008215909823775291
434176,clipfrac,0.087158203125
434176,explained_variance,0.9522689767181873
434176,sps,532.0
434433,episodic_return,56.954552875368144
434433,episodic_length,1000.0
435434,episodic_return,58.05385964020104
435434,episodic_length,1000.0
436224,value_loss,0.0007621761178597808
436224,policy_loss,-0.006884049624204636
436224,approx_kl,0.009428290650248528
436224,clipfrac,0.1001953125
436224,explained_variance,0.9502127654850483
436224,sps,532.0
436435,episodic_return,57.12667125003679
436435,episodic_length,1000.0
437436,episodic_return,56.547620950694096
437436,episodic_length,1000.0
438272,value_loss,0.00021018722327426076
438272,policy_loss,-0.01634104549884796
438272,approx_kl,0.008325164206326008
438272,clipfrac,0.08994140625
438272,explained_variance,0.9407774992287159
438272,sps,532.0
438437,episodic_return,56.72252405448106
438437,episodic_length,1000.0
439438,episodic_return,61.827186384895455
439438,episodic_length,1000.0
440320,value_loss,0.0013969498686492443
440320,policy_loss,-0.007021330296993256
440320,approx_kl,0.006044864188879728
440320,clipfrac,0.089794921875
440320,explained_variance,0.9440433159470558
440320,sps,532.0
440439,episodic_return,60.92920142867298
440439,episodic_length,1000.0
441440,episodic_return,59.981152383541115
441440,episodic_length,1000.0
442368,value_loss,0.0008295103907585144
442368,policy_loss,-0.0024088583886623383
442368,approx_kl,0.003812477458268404
442368,clipfrac,0.10068359375
442368,explained_variance,0.9488250128924847
442368,sps,532.0
442441,episodic_return,58.265778208963766
442441,episodic_length,1000.0
443442,episodic_return,58.36819114224849
443442,episodic_length,1000.0
444416,value_loss,0.0003812621580436826
444416,policy_loss,-0.00969509407877922
444416,approx_kl,0.007678769063204527
444416,clipfrac,0.07880859375
444416,explained_variance,0.9502842910587788
444416,sps,532.0
444443,episodic_return,60.1080080724922
444443,episodic_length,1000.0
445444,episodic_return,54.294536596952184
445444,episodic_length,1000.0
446445,episodic_return,58.584509880142555
446445,episodic_length,1000.0
446464,value_loss,0.00595337338745594
446464,policy_loss,-0.02139461040496826
446464,approx_kl,0.011950910091400146
446464,clipfrac,0.086376953125
446464,explained_variance,0.9370169043540955
446464,sps,532.0
447446,episodic_return,58.1555824675561
447446,episodic_length,1000.0
448447,episodic_return,59.34251463762173
448447,episodic_length,1000.0
448512,value_loss,0.0020268624648451805
448512,policy_loss,-0.02068156935274601
448512,approx_kl,0.006800878327339888
448512,clipfrac,0.08681640625
448512,explained_variance,0.9540052749216557
448512,sps,532.0
449448,episodic_return,57.802375261909965
449448,episodic_length,1000.0
450449,episodic_return,61.34866453301421
450449,episodic_length,1000.0
450560,value_loss,0.00038262884481810033
450560,policy_loss,-0.016233384609222412
450560,approx_kl,0.005931265652179718
450560,clipfrac,0.103271484375
450560,explained_variance,0.9434841834008694
450560,sps,532.0
451450,episodic_return,57.97259664569538
451450,episodic_length,1000.0
452451,episodic_return,58.9141549592815
452451,episodic_length,1000.0
452608,value_loss,0.001308839418925345
452608,policy_loss,-0.0392913818359375
452608,approx_kl,0.010785561986267567
452608,clipfrac,0.1099609375
452608,explained_variance,0.9453853294253349
452608,sps,532.0
453452,episodic_return,58.14244996882781
453452,episodic_length,1000.0
454453,episodic_return,58.792612624915016
454453,episodic_length,1000.0
454656,value_loss,0.0017965196166187525
454656,policy_loss,0.010473378002643585
454656,approx_kl,0.009770819917321205
454656,clipfrac,0.0869140625
454656,explained_variance,0.9473070874810219
454656,sps,532.0
455454,episodic_return,61.88134235776177
455454,episodic_length,1000.0
456455,episodic_return,61.09398961634264
456455,episodic_length,1000.0
456704,value_loss,0.001007421757094562
456704,policy_loss,-0.007699392735958099
456704,approx_kl,0.011121801100671291
456704,clipfrac,0.098046875
456704,explained_variance,0.9474612139165401
456704,sps,532.0
457456,episodic_return,55.26340101588317
457456,episodic_length,1000.0
458457,episodic_return,59.00547422832882
458457,episodic_length,1000.0
458752,value_loss,0.00036149448715150356
458752,policy_loss,0.005434900522232056
458752,approx_kl,0.01312694326043129
458752,clipfrac,0.078271484375
458752,explained_variance,0.9540160708129406
458752,sps,532.0
459458,episodic_return,60.59811936954853
459458,episodic_length,1000.0
460459,episodic_return,60.47291614095229
460459,episodic_length,1000.0
460800,value_loss,0.17952047288417816
460800,policy_loss,0.024399444460868835
460800,approx_kl,0.00547008914873004
460800,clipfrac,0.08134765625
460800,explained_variance,0.9501082077622414
460800,sps,533.0
461460,episodic_return,58.79733670047433
461460,episodic_length,1000.0
462461,episodic_return,59.434191339353845
462461,episodic_length,1000.0
462848,value_loss,0.0007639200193807483
462848,policy_loss,-0.004149980843067169
462848,approx_kl,0.0064196051098406315
462848,clipfrac,0.100732421875
462848,explained_variance,0.9490924961864948
462848,sps,533.0
463462,episodic_return,59.0567935845499
463462,episodic_length,1000.0
464463,episodic_return,57.6549037596928
464463,episodic_length,1000.0
464896,value_loss,0.00028030708199366927
464896,policy_loss,-0.0004696343094110489
464896,approx_kl,0.007549128960818052
464896,clipfrac,0.069970703125
464896,explained_variance,0.9585557132959366
464896,sps,532.0
465464,episodic_return,59.28785216835755
465464,episodic_length,1000.0
466465,episodic_return,59.93354412216053
466465,episodic_length,1000.0
466944,value_loss,0.0006408520275726914
466944,policy_loss,-0.031396109610795975
466944,approx_kl,0.009440744295716286
466944,clipfrac,0.070751953125
466944,explained_variance,0.9511205293238163
466944,sps,532.0
467466,episodic_return,59.883773754675595
467466,episodic_length,1000.0
468467,episodic_return,58.45543951940968
468467,episodic_length,1000.0
468992,value_loss,0.0005417500506155193
468992,policy_loss,-0.009852185845375061
468992,approx_kl,0.004785009194165468
468992,clipfrac,0.08720703125
468992,explained_variance,0.9564436078071594
468992,sps,532.0
469468,episodic_return,59.44734879437784
469468,episodic_length,1000.0
470469,episodic_return,54.09604949884135
470469,episodic_length,1000.0
471040,value_loss,0.0005029410240240395
471040,policy_loss,0.01188204437494278
471040,approx_kl,0.011687726713716984
471040,clipfrac,0.07587890625
471040,explained_variance,0.9604218043386936
471040,sps,532.0
471470,episodic_return,54.76023976965484
471470,episodic_length,1000.0
472471,episodic_return,57.70194776558759
472471,episodic_length,1000.0
473088,value_loss,0.00026850224821828306
473088,policy_loss,-0.035681575536727905
473088,approx_kl,0.006376246456056833
473088,clipfrac,0.077880859375
473088,explained_variance,0.9644310846924782
473088,sps,532.0
473472,episodic_return,58.029478859152924
473472,episodic_length,1000.0
474473,episodic_return,59.5585204392543
474473,episodic_length,1000.0
475136,value_loss,0.0005551385693252087
475136,policy_loss,-0.006270349025726318
475136,approx_kl,0.005024998914450407
475136,clipfrac,0.07216796875
475136,explained_variance,0.9516136571764946
475136,sps,532.0
475474,episodic_return,59.478021100106595
475474,episodic_length,1000.0
476475,episodic_return,61.14688592550696
476475,episodic_length,1000.0
477184,value_loss,0.0009237482445314527
477184,policy_loss,-0.02942965179681778
477184,approx_kl,0.011162031441926956
477184,clipfrac,0.084423828125
477184,explained_variance,0.9575357288122177
477184,sps,532.0
477476,episodic_return,58.860925177870804
477476,episodic_length,1000.0
478477,episodic_return,56.83562914981985
478477,episodic_length,1000.0
479232,value_loss,0.001023552380502224
479232,policy_loss,0.043603599071502686
479232,approx_kl,0.02191658318042755
479232,clipfrac,0.111962890625
479232,explained_variance,0.9568472020328045
479232,sps,532.0
479478,episodic_return,59.85047064556546
479478,episodic_length,1000.0
480479,episodic_return,60.563003162582895
480479,episodic_length,1000.0
481280,value_loss,0.19827014207839966
481280,policy_loss,-0.00646798312664032
481280,approx_kl,0.010949753224849701
481280,clipfrac,0.071826171875
481280,explained_variance,0.9484149850904942
481280,sps,532.0
481480,episodic_return,60.73606474365634
481480,episodic_length,1000.0
482481,episodic_return,58.882867613386274
482481,episodic_length,1000.0
483328,value_loss,0.00029055739287286997
483328,policy_loss,-0.004885304719209671
483328,approx_kl,0.011539614759385586
483328,clipfrac,0.10361328125
483328,explained_variance,0.9548473879694939
483328,sps,533.0
483482,episodic_return,60.31013564807404
483482,episodic_length,1000.0
484483,episodic_return,59.11972789056692
484483,episodic_length,1000.0
485376,value_loss,0.0005064369179308414
485376,policy_loss,-0.01680133119225502
485376,approx_kl,0.007345541380345821
485376,clipfrac,0.063818359375
485376,explained_variance,0.9580995477735996
485376,sps,533.0
485484,episodic_return,60.079673413234985
485484,episodic_length,1000.0
486485,episodic_return,60.43368715237736
486485,episodic_length,1000.0
487424,value_loss,0.0010627226438373327
487424,policy_loss,-0.003940202295780182
487424,approx_kl,0.006146484054625034
487424,clipfrac,0.10478515625
487424,explained_variance,0.9537011161446571
487424,sps,533.0
487486,episodic_return,60.57910307982057
487486,episodic_length,1000.0
488487,episodic_return,59.9337418018064
488487,episodic_length,1000.0
489472,value_loss,0.0024034956004470587
489472,policy_loss,-0.007316030561923981
489472,approx_kl,0.0077865528874099255
489472,clipfrac,0.057666015625
489472,explained_variance,0.9515673406422138
489472,sps,533.0
489488,episodic_return,59.79463206802936
489488,episodic_length,1000.0
490489,episodic_return,61.15545114945325
490489,episodic_length,1000.0
491490,episodic_return,65.71113412555907
491490,episodic_length,1000.0
491520,value_loss,0.000970162742305547
491520,policy_loss,-0.013475611805915833
491520,approx_kl,0.006765281315892935
491520,clipfrac,0.072509765625
491520,explained_variance,0.9428828805685043
491520,sps,533.0
492491,episodic_return,57.6290044632583
492491,episodic_length,1000.0
493492,episodic_return,58.29234371412342
493492,episodic_length,1000.0
493568,value_loss,0.0004328565264586359
493568,policy_loss,-0.01822102628648281
493568,approx_kl,0.004838136024773121
493568,clipfrac,0.072119140625
493568,explained_variance,0.9547875858843327
493568,sps,533.0
494493,episodic_return,57.45522235041834
494493,episodic_length,1000.0
495494,episodic_return,61.565550250913454
495494,episodic_length,1000.0
495616,value_loss,0.0003970568359363824
495616,policy_loss,-0.023372069001197815
495616,approx_kl,0.009668877348303795
495616,clipfrac,0.095654296875
495616,explained_variance,0.955354955047369
495616,sps,533.0
496495,episodic_return,59.732931207881975
496495,episodic_length,1000.0
497496,episodic_return,55.91163901080036
497496,episodic_length,1000.0
497664,value_loss,0.00045298150507733226
497664,policy_loss,-0.005629505962133408
497664,approx_kl,0.004627404734492302
497664,clipfrac,0.05576171875
497664,explained_variance,0.9579200446605682
497664,sps,533.0
498497,episodic_return,57.48368498538088
498497,episodic_length,1000.0
499498,episodic_return,60.64392004314308
499498,episodic_length,1000.0
499712,value_loss,0.0005885709542781115
499712,policy_loss,-0.024750713258981705
499712,approx_kl,0.0033034193329513073
499712,clipfrac,0.0603515625
499712,explained_variance,0.9523312635719776
499712,sps,533.0
500499,episodic_return,60.55082705116106
500499,episodic_length,1000.0
501500,episodic_return,60.41451999998243
501500,episodic_length,1000.0
501760,value_loss,0.0005714339204132557
501760,policy_loss,-0.01802697777748108
501760,approx_kl,0.008085690438747406
501760,clipfrac,0.09150390625
501760,explained_variance,0.9507134072482586
501760,sps,533.0
502501,episodic_return,59.95087572058114
502501,episodic_length,1000.0
503502,episodic_return,61.68612486829199
503502,episodic_length,1000.0
503808,value_loss,0.0004488250124268234
503808,policy_loss,-0.0011813342571258545
503808,approx_kl,0.005277746822685003
503808,clipfrac,0.08916015625
503808,explained_variance,0.9560874253511429
503808,sps,533.0
504503,episodic_return,58.1099875285751
504503,episodic_length,1000.0
505504,episodic_return,60.95697140514124
505504,episodic_length,1000.0
505856,value_loss,0.0005266644293442369
505856,policy_loss,-0.03195478394627571
505856,approx_kl,0.004832131788134575
505856,clipfrac,0.06220703125
505856,explained_variance,0.9462181366980076
505856,sps,533.0
506505,episodic_return,59.278576892581185
506505,episodic_length,1000.0
507506,episodic_return,60.36598720188979
507506,episodic_length,1000.0
507904,value_loss,0.00025441759498789907
507904,policy_loss,-0.015835391357541084
507904,approx_kl,0.005815698765218258
507904,clipfrac,0.069482421875
507904,explained_variance,0.9545693956315517
507904,sps,533.0
508507,episodic_return,59.18503681781711
508507,episodic_length,1000.0
509508,episodic_return,60.48577639494506
509508,episodic_length,1000.0
509952,value_loss,0.0008748278487473726
509952,policy_loss,-0.020642131567001343
509952,approx_kl,0.005373360123485327
509952,clipfrac,0.053076171875
509952,explained_variance,0.9479127675294876
509952,sps,533.0
510509,episodic_return,61.69074886923812
510509,episodic_length,1000.0
511510,episodic_return,60.77007175753639
511510,episodic_length,1000.0
512000,value_loss,0.0010193258058279753
512000,policy_loss,-0.02039124071598053
512000,approx_kl,0.005609224550426006
512000,clipfrac,0.08056640625
512000,explained_variance,0.9518503658473492
512000,sps,533.0
512511,episodic_return,60.040916017675755
512511,episodic_length,1000.0
513512,episodic_return,58.736980344860726
513512,episodic_length,1000.0
514048,value_loss,0.0005275043076835573
514048,policy_loss,-0.020169850438833237
514048,approx_kl,0.010101141408085823
514048,clipfrac,0.07236328125
514048,explained_variance,0.9524646438658237
514048,sps,533.0
514513,episodic_return,62.54966792314964
514513,episodic_length,1000.0
515514,episodic_return,60.57105286436699
515514,episodic_length,1000.0
516096,value_loss,0.0007813372649252415
516096,policy_loss,-0.009334519505500793
516096,approx_kl,0.009326636791229248
516096,clipfrac,0.086376953125
516096,explained_variance,0.9472669363021851
516096,sps,533.0
516515,episodic_return,61.78920077055495
516515,episodic_length,1000.0
517516,episodic_return,59.64929145325203
517516,episodic_length,1000.0
518144,value_loss,0.0009157080785371363
518144,policy_loss,0.0023734495043754578
518144,approx_kl,0.007857219316065311
518144,clipfrac,0.087109375
518144,explained_variance,0.9537775740027428
518144,sps,533.0
518517,episodic_return,56.85120272440799
518517,episodic_length,1000.0
519518,episodic_return,61.97925309643039
519518,episodic_length,1000.0
520192,value_loss,0.001123460358940065
520192,policy_loss,0.0005695819854736328
520192,approx_kl,0.002364066429436207
520192,clipfrac,0.06943359375
520192,explained_variance,0.9524339288473129
520192,sps,533.0
520519,episodic_return,60.518511614962115
520519,episodic_length,1000.0
521520,episodic_return,60.401071792800266
521520,episodic_length,1000.0
522240,value_loss,0.0005747528630308807
522240,policy_loss,0.015013542026281357
522240,approx_kl,0.003724934533238411
522240,clipfrac,0.086083984375
522240,explained_variance,0.9557671584188938
522240,sps,533.0
522521,episodic_return,59.877057240990204
522521,episodic_length,1000.0
523522,episodic_return,59.54662307213532
523522,episodic_length,1000.0
524288,value_loss,0.0012601199559867382
524288,policy_loss,-0.008389607071876526
524288,approx_kl,0.0034158113412559032
524288,clipfrac,0.0576171875
524288,explained_variance,0.9538494646549225
524288,sps,533.0
524523,episodic_return,59.51497557701531
524523,episodic_length,1000.0
525524,episodic_return,62.37477256397279
525524,episodic_length,1000.0
526336,value_loss,0.0015736471395939589
526336,policy_loss,-0.012239426374435425
526336,approx_kl,0.008232489228248596
526336,clipfrac,0.097705078125
526336,explained_variance,0.9503869935870171
526336,sps,533.0
526525,episodic_return,57.780416694573894
526525,episodic_length,1000.0
527526,episodic_return,59.63630092547142
527526,episodic_length,1000.0
528384,value_loss,0.00046376310638152063
528384,policy_loss,-0.01697598211467266
528384,approx_kl,0.006161827128380537
528384,clipfrac,0.062744140625
528384,explained_variance,0.9482305310666561
528384,sps,533.0
528527,episodic_return,63.18293935687455
528527,episodic_length,1000.0
529528,episodic_return,60.90566651587295
529528,episodic_length,1000.0
530432,value_loss,0.0011036423966288567
530432,policy_loss,-0.03385402634739876
530432,approx_kl,0.01207469217479229
530432,clipfrac,0.103369140625
530432,explained_variance,0.9531176872551441
530432,sps,533.0
530529,episodic_return,59.60245816163306
530529,episodic_length,1000.0
531530,episodic_return,61.4879490069504
531530,episodic_length,1000.0
532480,value_loss,0.0011119036935269833
532480,policy_loss,-0.0004869326949119568
532480,approx_kl,0.005453446414321661
532480,clipfrac,0.06494140625
532480,explained_variance,0.9449096545577049
532480,sps,533.0
532531,episodic_return,63.86813427717212
532531,episodic_length,1000.0
533532,episodic_return,65.62756447727148
533532,episodic_length,1000.0
534528,value_loss,0.0007884998340159655
534528,policy_loss,-0.012305395677685738
534528,approx_kl,0.00779381487518549
534528,clipfrac,0.071923828125
534528,explained_variance,0.9476306475698948
534528,sps,533.0
534533,episodic_return,62.59028906338611
534533,episodic_length,1000.0
535534,episodic_return,60.65454021455291
535534,episodic_length,1000.0
536535,episodic_return,61.99977891462113
536535,episodic_length,1000.0
536576,value_loss,0.0019483761861920357
536576,policy_loss,-0.005793310701847076
536576,approx_kl,0.008813632652163506
536576,clipfrac,0.06015625
536576,explained_variance,0.945541899651289
536576,sps,533.0
537536,episodic_return,62.08487650288111
537536,episodic_length,1000.0
538537,episodic_return,61.936883693511604
538537,episodic_length,1000.0
538624,value_loss,0.0021017880644649267
538624,policy_loss,0.01082564890384674
538624,approx_kl,0.005072074476629496
538624,clipfrac,0.066162109375
538624,explained_variance,0.950837180018425
538624,sps,533.0
539538,episodic_return,59.79823747672987
539538,episodic_length,1000.0
540539,episodic_return,57.03244343907801
540539,episodic_length,1000.0
540672,value_loss,0.00020868575666099787
540672,policy_loss,-0.017989560961723328
540672,approx_kl,0.006024641916155815
540672,clipfrac,0.08955078125
540672,explained_variance,0.9482615664601326
540672,sps,533.0
541540,episodic_return,62.25779522770139
541540,episodic_length,1000.0
542541,episodic_return,61.31263796456454
542541,episodic_length,1000.0
542720,value_loss,0.0003749239258468151
542720,policy_loss,-0.0005666762590408325
542720,approx_kl,0.00960906594991684
542720,clipfrac,0.094287109375
542720,explained_variance,0.9458419904112816
542720,sps,532.0
543542,episodic_return,59.5356018950767
543542,episodic_length,1000.0
544543,episodic_return,61.54351088539429
544543,episodic_length,1000.0
544768,value_loss,0.000997343915514648
544768,policy_loss,-0.01752188429236412
544768,approx_kl,0.012024802155792713
544768,clipfrac,0.11669921875
544768,explained_variance,0.948853611946106
544768,sps,532.0
545544,episodic_return,61.448494376431555
545544,episodic_length,1000.0
546545,episodic_return,55.89252974668214
546545,episodic_length,1000.0
546816,value_loss,0.001644930336624384
546816,policy_loss,-0.01599980890750885
546816,approx_kl,0.012466506101191044
546816,clipfrac,0.1052734375
546816,explained_variance,0.9542592093348503
546816,sps,532.0
547546,episodic_return,59.82000098045912
547546,episodic_length,1000.0
548547,episodic_return,57.99506539895762
548547,episodic_length,1000.0
548864,value_loss,0.001974003156647086
548864,policy_loss,-0.02734547108411789
548864,approx_kl,0.006507296115159988
548864,clipfrac,0.068359375
548864,explained_variance,0.9462756402790546
548864,sps,532.0
549548,episodic_return,59.059723551675624
549548,episodic_length,1000.0
550549,episodic_return,61.255067776884545
550549,episodic_length,1000.0
550912,value_loss,0.0012187015963718295
550912,policy_loss,-0.02203066274523735
550912,approx_kl,0.008051732555031776
550912,clipfrac,0.1009765625
550912,explained_variance,0.9489127770066261
550912,sps,532.0
551550,episodic_return,59.338665107177256
551550,episodic_length,1000.0
552551,episodic_return,61.792285229668984
552551,episodic_length,1000.0
552960,value_loss,0.0009760462562553585
552960,policy_loss,-0.004951173439621925
552960,approx_kl,0.005235769785940647
552960,clipfrac,0.071826171875
552960,explained_variance,0.9472742490470409
552960,sps,532.0
553552,episodic_return,56.39942940914134
553552,episodic_length,1000.0
554553,episodic_return,59.74593678834758
554553,episodic_length,1000.0
555008,value_loss,0.14822648465633392
555008,policy_loss,-0.007294170558452606
555008,approx_kl,0.015229964628815651
555008,clipfrac,0.087841796875
555008,explained_variance,0.9494007043540478
555008,sps,532.0
555554,episodic_return,60.180032938772285
555554,episodic_length,1000.0
556555,episodic_return,64.04044544693315
556555,episodic_length,1000.0
557056,value_loss,0.0008250639075413346
557056,policy_loss,-0.011170879006385803
557056,approx_kl,0.007743207737803459
557056,clipfrac,0.098681640625
557056,explained_variance,0.9486973583698273
557056,sps,532.0
557556,episodic_return,58.02649111846934
557556,episodic_length,1000.0
558557,episodic_return,66.14098425051901
558557,episodic_length,1000.0
559104,value_loss,0.0006929498631507158
559104,policy_loss,0.02154344506561756
559104,approx_kl,0.003979776054620743
559104,clipfrac,0.084619140625
559104,explained_variance,0.9459384195506573
559104,sps,532.0
559558,episodic_return,60.37460913204111
559558,episodic_length,1000.0
560559,episodic_return,63.91722315130934
560559,episodic_length,1000.0
561152,value_loss,0.0013280385173857212
561152,policy_loss,-0.04691508412361145
561152,approx_kl,0.013333490118384361
561152,clipfrac,0.083203125
561152,explained_variance,0.9473336115479469
561152,sps,533.0
561560,episodic_return,60.73691901295352
561560,episodic_length,1000.0
562561,episodic_return,63.445096276633045
562561,episodic_length,1000.0
563200,value_loss,0.00084685068577528
563200,policy_loss,-0.009573383256793022
563200,approx_kl,0.006873523350805044
563200,clipfrac,0.09072265625
563200,explained_variance,0.9513491131365299
563200,sps,533.0
563562,episodic_return,59.47650574825849
563562,episodic_length,1000.0
564563,episodic_return,59.22489533639278
564563,episodic_length,1000.0
565248,value_loss,0.0008308031246997416
565248,policy_loss,-0.03160836547613144
565248,approx_kl,0.007051493506878614
565248,clipfrac,0.06259765625
565248,explained_variance,0.9430690854787827
565248,sps,533.0
565564,episodic_return,62.00102813890453
565564,episodic_length,1000.0
566565,episodic_return,59.97536502612583
566565,episodic_length,1000.0
567296,value_loss,0.0015414110384881496
567296,policy_loss,-0.028818894177675247
567296,approx_kl,0.006886926479637623
567296,clipfrac,0.0689453125
567296,explained_variance,0.9502001255750656
567296,sps,533.0
567566,episodic_return,58.6201671795189
567566,episodic_length,1000.0
568567,episodic_return,62.55828692375537
568567,episodic_length,1000.0
569344,value_loss,0.00015074049588292837
569344,policy_loss,-0.003955665975809097
569344,approx_kl,0.006912568584084511
569344,clipfrac,0.0701171875
569344,explained_variance,0.9518934823572636
569344,sps,533.0
569568,episodic_return,57.24125604835286
569568,episodic_length,1000.0
570569,episodic_return,57.466876397574055
570569,episodic_length,1000.0
571392,value_loss,0.00021014161757193506
571392,policy_loss,-0.02217145264148712
571392,approx_kl,0.005588838830590248
571392,clipfrac,0.07001953125
571392,explained_variance,0.9522289857268333
571392,sps,533.0
571570,episodic_return,62.35583166562741
571570,episodic_length,1000.0
572571,episodic_return,60.90212700715458
572571,episodic_length,1000.0
573440,value_loss,0.000995777896605432
573440,policy_loss,-0.02618641033768654
573440,approx_kl,0.003701430279761553
573440,clipfrac,0.071337890625
573440,explained_variance,0.9524324871599674
573440,sps,533.0
573572,episodic_return,55.95540448434107
573572,episodic_length,1000.0
574573,episodic_return,60.90067875758455
574573,episodic_length,1000.0
575488,value_loss,0.0015377143863588572
575488,policy_loss,-0.021464429795742035
575488,approx_kl,0.006663993466645479
575488,clipfrac,0.07490234375
575488,explained_variance,0.909583292901516
575488,sps,533.0
575574,episodic_return,41.36229600091144
575574,episodic_length,1000.0
576575,episodic_return,61.18684847575053
576575,episodic_length,1000.0
577536,value_loss,0.003983241505920887
577536,policy_loss,-0.0053925104439258575
577536,approx_kl,0.009592728689312935
577536,clipfrac,0.104052734375
577536,explained_variance,0.9437454603612423
577536,sps,533.0
577576,episodic_return,63.97707298268684
577576,episodic_length,1000.0
578577,episodic_return,61.41531879198955
578577,episodic_length,1000.0
579578,episodic_return,61.039055806850236
579578,episodic_length,1000.0
579584,value_loss,0.001453971373848617
579584,policy_loss,-0.019218670204281807
579584,approx_kl,0.003445741720497608
579584,clipfrac,0.05166015625
579584,explained_variance,0.9262431859970093
579584,sps,533.0
580579,episodic_return,58.63497674164897
580579,episodic_length,1000.0
581580,episodic_return,60.875403908559655
581580,episodic_length,1000.0
581632,value_loss,0.000925509026274085
581632,policy_loss,-0.008442319929599762
581632,approx_kl,0.00619333703070879
581632,clipfrac,0.07900390625
581632,explained_variance,0.9571159109473228
581632,sps,533.0
582581,episodic_return,58.82515723140729
582581,episodic_length,1000.0
583582,episodic_return,59.7359131561727
583582,episodic_length,1000.0
583680,value_loss,0.0017298224847763777
583680,policy_loss,-0.03621632233262062
583680,approx_kl,0.010407730005681515
583680,clipfrac,0.081884765625
583680,explained_variance,0.9424121677875519
583680,sps,533.0
584583,episodic_return,61.33951348732053
584583,episodic_length,1000.0
585584,episodic_return,63.82164287578821
585584,episodic_length,1000.0
585728,value_loss,0.0007325811893679202
585728,policy_loss,0.0027018561959266663
585728,approx_kl,0.005298239644616842
585728,clipfrac,0.11064453125
585728,explained_variance,0.937575101852417
585728,sps,533.0
586585,episodic_return,61.798595488306105
586585,episodic_length,1000.0
587586,episodic_return,64.09842217212166
587586,episodic_length,1000.0
587776,value_loss,0.0011615795083343983
587776,policy_loss,-0.0068945735692977905
587776,approx_kl,0.005955356173217297
587776,clipfrac,0.08623046875
587776,explained_variance,0.9394857548177242
587776,sps,533.0
588587,episodic_return,61.81223347245278
588587,episodic_length,1000.0
589588,episodic_return,63.1152227019725
589588,episodic_length,1000.0
589824,value_loss,0.0008843389805406332
589824,policy_loss,-0.002696065232157707
589824,approx_kl,0.0060042147524654865
589824,clipfrac,0.061962890625
589824,explained_variance,0.943382989615202
589824,sps,533.0
590589,episodic_return,63.77174320603568
590589,episodic_length,1000.0
591590,episodic_return,60.93502453871795
591590,episodic_length,1000.0
591872,value_loss,0.0006116790464147925
591872,policy_loss,0.005697827786207199
591872,approx_kl,0.008772967383265495
591872,clipfrac,0.05947265625
591872,explained_variance,0.9433585368096828
591872,sps,533.0
592591,episodic_return,61.56471340235496
592591,episodic_length,1000.0
593592,episodic_return,61.95892336448034
593592,episodic_length,1000.0
593920,value_loss,0.0008443589322268963
593920,policy_loss,0.008731290698051453
593920,approx_kl,0.006166021339595318
593920,clipfrac,0.096630859375
593920,explained_variance,0.9500315897166729
593920,sps,533.0
594593,episodic_return,61.643119739845204
594593,episodic_length,1000.0
595594,episodic_return,59.1929103536239
595594,episodic_length,1000.0
595968,value_loss,0.0006050382507964969
595968,policy_loss,-0.009226586669683456
595968,approx_kl,0.00438053160905838
595968,clipfrac,0.0708984375
595968,explained_variance,0.9433313384652138
595968,sps,533.0
596595,episodic_return,64.2157781351721
596595,episodic_length,1000.0
597596,episodic_return,62.90243607895706
597596,episodic_length,1000.0
598016,value_loss,0.0005623780307359993
598016,policy_loss,-0.011333201080560684
598016,approx_kl,0.011684861034154892
598016,clipfrac,0.1025390625
598016,explained_variance,0.9495182409882545
598016,sps,533.0
598597,episodic_return,63.64768300598742
598597,episodic_length,1000.0
599598,episodic_return,61.76747436759395
599598,episodic_length,1000.0
600064,value_loss,0.001791811315342784
600064,policy_loss,-0.0226917564868927
600064,approx_kl,0.004983545280992985
600064,clipfrac,0.047119140625
600064,explained_variance,0.9508747085928917
600064,sps,533.0
600599,episodic_return,63.31332773620763
600599,episodic_length,1000.0
601600,episodic_return,59.91956558303169
601600,episodic_length,1000.0
602112,value_loss,0.001117222709581256
602112,policy_loss,-0.0103473961353302
602112,approx_kl,0.00839884951710701
602112,clipfrac,0.109765625
602112,explained_variance,0.9531551785767078
602112,sps,533.0
602601,episodic_return,61.34227928807032
602601,episodic_length,1000.0
603602,episodic_return,60.628436192203274
603602,episodic_length,1000.0
604160,value_loss,0.00099845917429775
604160,policy_loss,-0.011306609958410263
604160,approx_kl,0.008824901655316353
604160,clipfrac,0.10107421875
604160,explained_variance,0.9504484124481678
604160,sps,533.0
604603,episodic_return,65.91281095981766
604603,episodic_length,1000.0
605604,episodic_return,65.32835880487067
605604,episodic_length,1000.0
606208,value_loss,0.002183375181630254
606208,policy_loss,-0.012174591422080994
606208,approx_kl,0.004096176940947771
606208,clipfrac,0.062158203125
606208,explained_variance,0.9369543045759201
606208,sps,533.0
606605,episodic_return,68.08361863373027
606605,episodic_length,1000.0
607606,episodic_return,60.059554255657545
607606,episodic_length,1000.0
608256,value_loss,0.0008518052054569125
608256,policy_loss,0.0145258828997612
608256,approx_kl,0.016654161736369133
608256,clipfrac,0.090625
608256,explained_variance,0.9463996589183807
608256,sps,533.0
608607,episodic_return,65.25547698026352
608607,episodic_length,1000.0
609608,episodic_return,64.44888634263884
609608,episodic_length,1000.0
610304,value_loss,0.16992370784282684
610304,policy_loss,-0.002041846513748169
610304,approx_kl,0.006745089776813984
610304,clipfrac,0.073291015625
610304,explained_variance,0.9484824500977993
610304,sps,533.0
610609,episodic_return,60.046470833117105
610609,episodic_length,1000.0
611610,episodic_return,65.56723988643137
611610,episodic_length,1000.0
612352,value_loss,0.0013966012047603726
612352,policy_loss,-0.004525423049926758
612352,approx_kl,0.0052367621101439
612352,clipfrac,0.07255859375
612352,explained_variance,0.9405780285596848
612352,sps,533.0
612611,episodic_return,66.95558256863501
612611,episodic_length,1000.0
613612,episodic_return,63.45607169258503
613612,episodic_length,1000.0
614400,value_loss,0.1590535193681717
614400,policy_loss,0.038926947861909866
614400,approx_kl,0.010088806971907616
614400,clipfrac,0.091552734375
614400,explained_variance,0.9454409815371037
614400,sps,534.0
614613,episodic_return,67.33741963369893
614613,episodic_length,1000.0
615614,episodic_return,65.51617939944155
615614,episodic_length,1000.0
616448,value_loss,0.0009216157486662269
616448,policy_loss,-0.021146085113286972
616448,approx_kl,0.007531975395977497
616448,clipfrac,0.09228515625
616448,explained_variance,0.9510172717273235
616448,sps,534.0
616615,episodic_return,60.64869278020318
616615,episodic_length,1000.0
617616,episodic_return,62.411607022319515
617616,episodic_length,1000.0
618496,value_loss,0.0008291833801195025
618496,policy_loss,-0.017185859382152557
618496,approx_kl,0.0046415431424975395
618496,clipfrac,0.087451171875
618496,explained_variance,0.9466251619160175
618496,sps,534.0
618617,episodic_return,63.345322708544764
618617,episodic_length,1000.0
619618,episodic_return,59.225102057315816
619618,episodic_length,1000.0
620544,value_loss,0.0007137339562177658
620544,policy_loss,0.01289956271648407
620544,approx_kl,0.013296656310558319
620544,clipfrac,0.105810546875
620544,explained_variance,0.9542689472436905
620544,sps,534.0
620619,episodic_return,57.77858058515015
620619,episodic_length,1000.0
621620,episodic_return,63.06549069125035
621620,episodic_length,1000.0
622592,value_loss,0.002633217955008149
622592,policy_loss,-0.011946633458137512
622592,approx_kl,0.006666768342256546
622592,clipfrac,0.08544921875
622592,explained_variance,0.9481366463005543
622592,sps,534.0
622621,episodic_return,59.861638498216486
622621,episodic_length,1000.0
623622,episodic_return,60.1656277623787
623622,episodic_length,1000.0
624623,episodic_return,59.18557832123906
624623,episodic_length,1000.0
624640,value_loss,0.0014464096166193485
624640,policy_loss,-0.012735739350318909
624640,approx_kl,0.0034019197337329388
624640,clipfrac,0.080859375
624640,explained_variance,0.9389407075941563
624640,sps,534.0
625624,episodic_return,63.725671985561824
625624,episodic_length,1000.0
626625,episodic_return,61.83688615917923
626625,episodic_length,1000.0
626688,value_loss,0.00035627122269943357
626688,policy_loss,0.007195718586444855
626688,approx_kl,0.009829651564359665
626688,clipfrac,0.063037109375
626688,explained_variance,0.9526774771511555
626688,sps,534.0
627626,episodic_return,62.46223681994685
627626,episodic_length,1000.0
628627,episodic_return,63.25604770655642
628627,episodic_length,1000.0
628736,value_loss,0.0008522040443494916
628736,policy_loss,-0.023078516125679016
628736,approx_kl,0.006084811873733997
628736,clipfrac,0.08349609375
628736,explained_variance,0.9479522965848446
628736,sps,534.0
629628,episodic_return,64.55111538125108
629628,episodic_length,1000.0
630629,episodic_return,65.34392280448282
630629,episodic_length,1000.0
630784,value_loss,0.0020776905585080385
630784,policy_loss,0.014261821284890175
630784,approx_kl,0.01007073000073433
630784,clipfrac,0.071728515625
630784,explained_variance,0.9545829705893993
630784,sps,534.0
631630,episodic_return,62.937099614855434
631630,episodic_length,1000.0
632631,episodic_return,61.08431228157453
632631,episodic_length,1000.0
632832,value_loss,0.0010765560436993837
632832,policy_loss,0.01220664381980896
632832,approx_kl,0.00633962731808424
632832,clipfrac,0.0580078125
632832,explained_variance,0.9473500810563564
632832,sps,534.0
633632,episodic_return,62.19553047168164
633632,episodic_length,1000.0
634633,episodic_return,61.76827873288145
634633,episodic_length,1000.0
634880,value_loss,0.002261324319988489
634880,policy_loss,-0.03268848732113838
634880,approx_kl,0.00865069217979908
634880,clipfrac,0.0634765625
634880,explained_variance,0.9495272599160671
634880,sps,534.0
635634,episodic_return,65.26250351707031
635634,episodic_length,1000.0
636635,episodic_return,67.04466081833588
636635,episodic_length,1000.0
636928,value_loss,0.002897875616326928
636928,policy_loss,-0.006884116679430008
636928,approx_kl,0.005994799081236124
636928,clipfrac,0.07841796875
636928,explained_variance,0.9499104060232639
636928,sps,534.0
637636,episodic_return,64.86570567865219
637636,episodic_length,1000.0
638637,episodic_return,66.42940364960116
638637,episodic_length,1000.0
638976,value_loss,0.0008191851666197181
638976,policy_loss,-0.016439054161310196
638976,approx_kl,0.0029250159859657288
638976,clipfrac,0.048681640625
638976,explained_variance,0.9464816674590111
638976,sps,534.0
639638,episodic_return,62.60703681994741
639638,episodic_length,1000.0
640639,episodic_return,64.65019000042724
640639,episodic_length,1000.0
641024,value_loss,0.004668720997869968
641024,policy_loss,-0.021458426490426064
641024,approx_kl,0.01160929910838604
641024,clipfrac,0.0787109375
641024,explained_variance,0.9484060890972614
641024,sps,534.0
641640,episodic_return,63.40067602299104
641640,episodic_length,1000.0
642641,episodic_return,69.62278934157973
642641,episodic_length,1000.0
643072,value_loss,0.0007064726669341326
643072,policy_loss,-0.02523285150527954
643072,approx_kl,0.009804979898035526
643072,clipfrac,0.065576171875
643072,explained_variance,0.9452913776040077
643072,sps,534.0
643642,episodic_return,65.55348806742902
643642,episodic_length,1000.0
644643,episodic_return,66.25066981569097
644643,episodic_length,1000.0
645120,value_loss,0.000363307713996619
645120,policy_loss,-0.03076675534248352
645120,approx_kl,0.009113186970353127
645120,clipfrac,0.07353515625
645120,explained_variance,0.941747147589922
645120,sps,534.0
645644,episodic_return,64.70404242860862
645644,episodic_length,1000.0
646645,episodic_return,66.37754696909671
646645,episodic_length,1000.0
647168,value_loss,0.0013574284967035055
647168,policy_loss,0.003208022564649582
647168,approx_kl,0.006992977578192949
647168,clipfrac,0.080908203125
647168,explained_variance,0.9517715238034725
647168,sps,535.0
647646,episodic_return,64.837250533624
647646,episodic_length,1000.0
648647,episodic_return,65.21357520117566
648647,episodic_length,1000.0
649216,value_loss,0.004046951420605183
649216,policy_loss,0.01852375641465187
649216,approx_kl,0.008809630759060383
649216,clipfrac,0.076953125
649216,explained_variance,0.9504821673035622
649216,sps,535.0
649648,episodic_return,60.48659734366351
649648,episodic_length,1000.0
650649,episodic_return,64.64537972522841
650649,episodic_length,1000.0
651264,value_loss,0.00045939526171423495
651264,policy_loss,0.004813700914382935
651264,approx_kl,0.01325620524585247
651264,clipfrac,0.079150390625
651264,explained_variance,0.9468499273061752
651264,sps,535.0
651650,episodic_return,70.08373725722163
651650,episodic_length,1000.0
652651,episodic_return,68.27671516908542
652651,episodic_length,1000.0
653312,value_loss,0.00113784521818161
653312,policy_loss,-0.02495425194501877
653312,approx_kl,0.006123526953160763
653312,clipfrac,0.072802734375
653312,explained_variance,0.9478828385472298
653312,sps,535.0
653652,episodic_return,71.59853865056037
653652,episodic_length,1000.0
654653,episodic_return,68.88030499786633
654653,episodic_length,1000.0
655360,value_loss,0.0006852089427411556
655360,policy_loss,-0.010064397007226944
655360,approx_kl,0.005865906830877066
655360,clipfrac,0.070947265625
655360,explained_variance,0.9520093835890293
655360,sps,534.0
655654,episodic_return,68.32861853995746
655654,episodic_length,1000.0
656655,episodic_return,69.50836498077476
656655,episodic_length,1000.0
657408,value_loss,0.0004660933627746999
657408,policy_loss,-0.022615201771259308
657408,approx_kl,0.00990203395485878
657408,clipfrac,0.0802734375
657408,explained_variance,0.9477392248809338
657408,sps,534.0
657656,episodic_return,66.4194552527183
657656,episodic_length,1000.0
658657,episodic_return,66.3259471039448
658657,episodic_length,1000.0
659456,value_loss,0.0005594113608822227
659456,policy_loss,-0.01567181758582592
659456,approx_kl,0.005916380789130926
659456,clipfrac,0.083544921875
659456,explained_variance,0.9436042383313179
659456,sps,534.0
659658,episodic_return,72.8190273874503
659658,episodic_length,1000.0
660659,episodic_return,68.63260804448393
660659,episodic_length,1000.0
661504,value_loss,0.0028594962786883116
661504,policy_loss,-0.02076190710067749
661504,approx_kl,0.008520839735865593
661504,clipfrac,0.08798828125
661504,explained_variance,0.9455602280795574
661504,sps,534.0
661660,episodic_return,67.55805542835827
661660,episodic_length,1000.0
662661,episodic_return,69.27175224340898
662661,episodic_length,1000.0
663552,value_loss,0.0003708215954247862
663552,policy_loss,-0.018696021288633347
663552,approx_kl,0.010972208343446255
663552,clipfrac,0.09697265625
663552,explained_variance,0.9505210444331169
663552,sps,534.0
663662,episodic_return,68.47432785256491
663662,episodic_length,1000.0
664663,episodic_return,69.64520855868716
664663,episodic_length,1000.0
665600,value_loss,0.0003994951257482171
665600,policy_loss,-0.020255297422409058
665600,approx_kl,0.006417423021048307
665600,clipfrac,0.06357421875
665600,explained_variance,0.9439490474760532
665600,sps,534.0
665664,episodic_return,73.93064411221786
665664,episodic_length,1000.0
666665,episodic_return,68.19940509374234
666665,episodic_length,1000.0
667648,value_loss,0.001351374201476574
667648,policy_loss,-0.0035764649510383606
667648,approx_kl,0.00425472017377615
667648,clipfrac,0.058642578125
667648,explained_variance,0.941247746348381
667648,sps,534.0
667666,episodic_return,71.55938979519298
667666,episodic_length,1000.0
668667,episodic_return,68.35080047886795
668667,episodic_length,1000.0
669668,episodic_return,74.02689627945495
669668,episodic_length,1000.0
669696,value_loss,0.003198879072442651
669696,policy_loss,-0.0197867751121521
669696,approx_kl,0.006633071694523096
669696,clipfrac,0.100537109375
669696,explained_variance,0.9454087540507317
669696,sps,534.0
670669,episodic_return,70.46491733221706
670669,episodic_length,1000.0
671670,episodic_return,67.46673531594098
671670,episodic_length,1000.0
671744,value_loss,0.004259375389665365
671744,policy_loss,-0.014957226812839508
671744,approx_kl,0.007511528208851814
671744,clipfrac,0.08125
671744,explained_variance,0.9463015757501125
671744,sps,534.0
672671,episodic_return,73.038489402548
672671,episodic_length,1000.0
673672,episodic_return,77.76801998363081
673672,episodic_length,1000.0
673792,value_loss,0.0005496494704857469
673792,policy_loss,-0.026782408356666565
673792,approx_kl,0.007986031472682953
673792,clipfrac,0.072021484375
673792,explained_variance,0.9438828006386757
673792,sps,534.0
674673,episodic_return,75.3334411711311
674673,episodic_length,1000.0
675674,episodic_return,68.96001071508684
675674,episodic_length,1000.0
675840,value_loss,0.0005957020330242813
675840,policy_loss,0.006993621587753296
675840,approx_kl,0.011141018941998482
675840,clipfrac,0.110791015625
675840,explained_variance,0.9488254748284817
675840,sps,534.0
676675,episodic_return,72.69238493691205
676675,episodic_length,1000.0
677676,episodic_return,70.66888348000415
677676,episodic_length,1000.0
677888,value_loss,0.001801066449843347
677888,policy_loss,-0.022988036274909973
677888,approx_kl,0.007841255515813828
677888,clipfrac,0.106005859375
677888,explained_variance,0.9422296844422817
677888,sps,534.0
678677,episodic_return,76.00252975125498
678677,episodic_length,1000.0
679678,episodic_return,70.67858610935234
679678,episodic_length,1000.0
679936,value_loss,0.003589377272874117
679936,policy_loss,0.004086736589670181
679936,approx_kl,0.00803860742598772
679936,clipfrac,0.04013671875
679936,explained_variance,0.944992370903492
679936,sps,534.0
680679,episodic_return,69.43341268631264
680679,episodic_length,1000.0
681680,episodic_return,75.27032265727588
681680,episodic_length,1000.0
681984,value_loss,0.0014461333630606532
681984,policy_loss,0.0518818199634552
681984,approx_kl,0.0095336539670825
681984,clipfrac,0.066162109375
681984,explained_variance,0.9359138235449791
681984,sps,534.0
682681,episodic_return,74.99998782086872
682681,episodic_length,1000.0
683682,episodic_return,73.80731224098159
683682,episodic_length,1000.0
684032,value_loss,0.003052770160138607
684032,policy_loss,-0.021266240626573563
684032,approx_kl,0.009009471163153648
684032,clipfrac,0.088232421875
684032,explained_variance,0.9433199726045132
684032,sps,534.0
684683,episodic_return,75.85876851294809
684683,episodic_length,1000.0
685684,episodic_return,72.39914082453575
685684,episodic_length,1000.0
686080,value_loss,0.0027013137005269527
686080,policy_loss,-0.012781694531440735
686080,approx_kl,0.004791901912540197
686080,clipfrac,0.050390625
686080,explained_variance,0.9441675618290901
686080,sps,534.0
686685,episodic_return,66.14794066561653
686685,episodic_length,1000.0
687686,episodic_return,70.50005239547686
687686,episodic_length,1000.0
688128,value_loss,0.0021642609499394894
688128,policy_loss,-0.010594483464956284
688128,approx_kl,0.0036471961066126823
688128,clipfrac,0.082763671875
688128,explained_variance,0.9430884309113026
688128,sps,534.0
688687,episodic_return,74.03093982656979
688687,episodic_length,1000.0
689688,episodic_return,74.43346052302351
689688,episodic_length,1000.0
690176,value_loss,0.0013846664223819971
690176,policy_loss,0.004522943869233131
690176,approx_kl,0.008021644316613674
690176,clipfrac,0.04150390625
690176,explained_variance,0.9370070993900299
690176,sps,534.0
690689,episodic_return,70.67571633043723
690689,episodic_length,1000.0
691690,episodic_return,77.34797660570312
691690,episodic_length,1000.0
692224,value_loss,0.0029843514785170555
692224,policy_loss,-0.015232637524604797
692224,approx_kl,0.008200815878808498
692224,clipfrac,0.098681640625
692224,explained_variance,0.9446108601987362
692224,sps,534.0
692691,episodic_return,75.27835782720302
692691,episodic_length,1000.0
693692,episodic_return,86.26949968435686
693692,episodic_length,1000.0
694272,value_loss,0.17750494182109833
694272,policy_loss,-0.004341505467891693
694272,approx_kl,0.0058219279162585735
694272,clipfrac,0.064501953125
694272,explained_variance,0.9298412799835205
694272,sps,534.0
694693,episodic_return,78.88135989081509
694693,episodic_length,1000.0
695694,episodic_return,77.58639498268944
695694,episodic_length,1000.0
696320,value_loss,0.0049334499053657055
696320,policy_loss,-0.019044239073991776
696320,approx_kl,0.006210728082805872
696320,clipfrac,0.05146484375
696320,explained_variance,0.9426118582487106
696320,sps,534.0
696695,episodic_return,77.10306460848746
696695,episodic_length,1000.0
697696,episodic_return,73.7050367677939
697696,episodic_length,1000.0
698368,value_loss,0.002520759357139468
698368,policy_loss,-0.02170923352241516
698368,approx_kl,0.006168086547404528
698368,clipfrac,0.069482421875
698368,explained_variance,0.9326356500387192
698368,sps,534.0
698697,episodic_return,80.79919739305278
698697,episodic_length,1000.0
699698,episodic_return,77.15901941617318
699698,episodic_length,1000.0
700416,value_loss,0.0012211001012474298
700416,policy_loss,-0.008522141724824905
700416,approx_kl,0.00488958740606904
700416,clipfrac,0.07626953125
700416,explained_variance,0.9349501803517342
700416,sps,534.0
700699,episodic_return,75.38591952460659
700699,episodic_length,1000.0
701700,episodic_return,81.591238689993
701700,episodic_length,1000.0
702464,value_loss,0.0020827059634029865
702464,policy_loss,0.009773477911949158
702464,approx_kl,0.008044147863984108
702464,clipfrac,0.058642578125
702464,explained_variance,0.9287217035889626
702464,sps,534.0
702701,episodic_return,75.30721272310801
702701,episodic_length,1000.0
703702,episodic_return,80.84785327491434
703702,episodic_length,1000.0
704512,value_loss,0.0006306120194494724
704512,policy_loss,-0.0015794970095157623
704512,approx_kl,0.010797719471156597
704512,clipfrac,0.091162109375
704512,explained_variance,0.9356104359030724
704512,sps,534.0
704703,episodic_return,77.2409998300264
704703,episodic_length,1000.0
705704,episodic_return,68.52371042989606
705704,episodic_length,1000.0
706560,value_loss,0.0009277532226406038
706560,policy_loss,-0.021980658173561096
706560,approx_kl,0.007825796492397785
706560,clipfrac,0.091552734375
706560,explained_variance,0.9369499310851097
706560,sps,534.0
706705,episodic_return,76.27288834776421
706705,episodic_length,1000.0
707706,episodic_return,81.7101402254779
707706,episodic_length,1000.0
708608,value_loss,0.0024436195380985737
708608,policy_loss,-0.010729316622018814
708608,approx_kl,0.006976990029215813
708608,clipfrac,0.05927734375
708608,explained_variance,0.9373873248696327
708608,sps,534.0
708707,episodic_return,79.29665816357061
708707,episodic_length,1000.0
709708,episodic_return,78.77780764981254
709708,episodic_length,1000.0
710656,value_loss,0.004604704678058624
710656,policy_loss,-0.001706153154373169
710656,approx_kl,0.003723477479070425
710656,clipfrac,0.044775390625
710656,explained_variance,0.9363684877753258
710656,sps,534.0
710709,episodic_return,83.61048931416425
710709,episodic_length,1000.0
711710,episodic_return,78.7769757095148
711710,episodic_length,1000.0
712704,value_loss,0.0018878721166402102
712704,policy_loss,-0.007317997515201569
712704,approx_kl,0.0027742842212319374
712704,clipfrac,0.053662109375
712704,explained_variance,0.9339935332536697
712704,sps,534.0
712711,episodic_return,80.8494281305621
712711,episodic_length,1000.0
713712,episodic_return,81.87738479583123
713712,episodic_length,1000.0
714713,episodic_return,83.84398930942481
714713,episodic_length,1000.0
714752,value_loss,0.0005922131240367889
714752,policy_loss,-0.024179555475711823
714752,approx_kl,0.0071091423742473125
714752,clipfrac,0.084375
714752,explained_variance,0.9315943047404289
714752,sps,534.0
715714,episodic_return,75.04322151364673
715714,episodic_length,1000.0
716715,episodic_return,79.3908958010152
716715,episodic_length,1000.0
716800,value_loss,0.0018234805902466178
716800,policy_loss,0.009228594601154327
716800,approx_kl,0.008443774655461311
716800,clipfrac,0.087060546875
716800,explained_variance,0.9379433244466782
716800,sps,534.0
717716,episodic_return,82.2071073803179
717716,episodic_length,1000.0
718717,episodic_return,81.50563870631382
718717,episodic_length,1000.0
718848,value_loss,0.00445625139400363
718848,policy_loss,-0.037694595754146576
718848,approx_kl,0.007283064071089029
718848,clipfrac,0.097802734375
718848,explained_variance,0.9410152398049831
718848,sps,534.0
719718,episodic_return,82.5797599924456
719718,episodic_length,1000.0
720719,episodic_return,79.03767164127771
720719,episodic_length,1000.0
720896,value_loss,0.0021092137321829796
720896,policy_loss,-0.030636809766292572
720896,approx_kl,0.006695692427456379
720896,clipfrac,0.088427734375
720896,explained_variance,0.9323047026991844
720896,sps,534.0
721720,episodic_return,78.14340500630024
721720,episodic_length,1000.0
722721,episodic_return,79.79179819805161
722721,episodic_length,1000.0
722944,value_loss,0.0005609522922895849
722944,policy_loss,0.01633736863732338
722944,approx_kl,0.005468663759529591
722944,clipfrac,0.05693359375
722944,explained_variance,0.9364985972642899
722944,sps,534.0
723722,episodic_return,79.5687067768995
723722,episodic_length,1000.0
724723,episodic_return,81.47193802140936
724723,episodic_length,1000.0
724992,value_loss,0.0010277335532009602
724992,policy_loss,-0.002968866378068924
724992,approx_kl,0.005974719300866127
724992,clipfrac,0.07724609375
724992,explained_variance,0.9367416277527809
724992,sps,534.0
725724,episodic_return,76.24297953910381
725724,episodic_length,1000.0
726725,episodic_return,83.36880457979925
726725,episodic_length,1000.0
727040,value_loss,0.0009991368278861046
727040,policy_loss,0.005560468882322311
727040,approx_kl,0.006630871444940567
727040,clipfrac,0.084423828125
727040,explained_variance,0.9338375777006149
727040,sps,534.0
727726,episodic_return,83.27601920430652
727726,episodic_length,1000.0
728727,episodic_return,81.57390935782061
728727,episodic_length,1000.0
729088,value_loss,0.0075813899748027325
729088,policy_loss,-0.0049905963242053986
729088,approx_kl,0.00970727764070034
729088,clipfrac,0.080126953125
729088,explained_variance,0.9348775371909142
729088,sps,534.0
729728,episodic_return,83.89489852370096
729728,episodic_length,1000.0
730729,episodic_return,75.69714509834988
730729,episodic_length,1000.0
731136,value_loss,0.0012030841317027807
731136,policy_loss,-0.010946467518806458
731136,approx_kl,0.006765903439372778
731136,clipfrac,0.070166015625
731136,explained_variance,0.9323160424828529
731136,sps,534.0
731730,episodic_return,84.49461415617772
731730,episodic_length,1000.0
732731,episodic_return,76.0716272709982
732731,episodic_length,1000.0
733184,value_loss,0.0012905311305075884
733184,policy_loss,-0.016698390245437622
733184,approx_kl,0.004641706123948097
733184,clipfrac,0.076220703125
733184,explained_variance,0.9417584761977196
733184,sps,534.0
733732,episodic_return,74.7124121666428
733732,episodic_length,1000.0
734733,episodic_return,82.25643903864253
734733,episodic_length,1000.0
735232,value_loss,0.009980333968997002
735232,policy_loss,-0.008968517184257507
735232,approx_kl,0.004543325863778591
735232,clipfrac,0.07939453125
735232,explained_variance,0.9379160851240158
735232,sps,534.0
735734,episodic_return,80.3478626042403
735734,episodic_length,1000.0
736735,episodic_return,79.12667061985536
736735,episodic_length,1000.0
737280,value_loss,0.0066055841743946075
737280,policy_loss,-0.015899471938610077
737280,approx_kl,0.008196592330932617
737280,clipfrac,0.10302734375
737280,explained_variance,0.9391371496021748
737280,sps,534.0
737736,episodic_return,83.67212940320651
737736,episodic_length,1000.0
738737,episodic_return,80.93832543640275
738737,episodic_length,1000.0
739328,value_loss,0.002586889546364546
739328,policy_loss,0.0011771321296691895
739328,approx_kl,0.007544917985796928
739328,clipfrac,0.057568359375
739328,explained_variance,0.9377812743186951
739328,sps,534.0
739738,episodic_return,81.21958403013485
739738,episodic_length,1000.0
740739,episodic_return,80.10158628118262
740739,episodic_length,1000.0
741376,value_loss,0.001442731125280261
741376,policy_loss,-0.004682630300521851
741376,approx_kl,0.008876340463757515
741376,clipfrac,0.080517578125
741376,explained_variance,0.9385920986533165
741376,sps,534.0
741740,episodic_return,80.84277883446082
741740,episodic_length,1000.0
742741,episodic_return,83.76714107817614
742741,episodic_length,1000.0
743424,value_loss,0.001276790746487677
743424,policy_loss,-0.01294775865972042
743424,approx_kl,0.0033309608697891235
743424,clipfrac,0.03837890625
743424,explained_variance,0.9189552366733551
743424,sps,534.0
743742,episodic_return,85.07831515953549
743742,episodic_length,1000.0
744743,episodic_return,80.69450802517628
744743,episodic_length,1000.0
745472,value_loss,0.0019495142623782158
745472,policy_loss,0.009871035814285278
745472,approx_kl,0.011129533872008324
745472,clipfrac,0.09072265625
745472,explained_variance,0.934295192360878
745472,sps,534.0
745744,episodic_return,81.50015547685553
745744,episodic_length,1000.0
746745,episodic_return,80.62583399392062
746745,episodic_length,1000.0
747520,value_loss,0.0016388223739340901
747520,policy_loss,-0.014018792659044266
747520,approx_kl,0.004949703812599182
747520,clipfrac,0.065234375
747520,explained_variance,0.9333511516451836
747520,sps,534.0
747746,episodic_return,83.55235178778902
747746,episodic_length,1000.0
748747,episodic_return,83.99771873537054
748747,episodic_length,1000.0
749568,value_loss,0.0005193557008169591
749568,policy_loss,-0.0051558781415224075
749568,approx_kl,0.013067439198493958
749568,clipfrac,0.1076171875
749568,explained_variance,0.9404703862965107
749568,sps,533.0
749748,episodic_return,85.05667910357191
749748,episodic_length,1000.0
750749,episodic_return,78.9981530442528
750749,episodic_length,1000.0
751616,value_loss,0.0005388701101765037
751616,policy_loss,-0.00838597770780325
751616,approx_kl,0.00470492010936141
751616,clipfrac,0.0564453125
751616,explained_variance,0.9222229719161987
751616,sps,533.0
751750,episodic_return,83.93155689351666
751750,episodic_length,1000.0
752751,episodic_return,83.24514954373105
752751,episodic_length,1000.0
753664,value_loss,0.0006139278411865234
753664,policy_loss,-0.022953443229198456
753664,approx_kl,0.006137643940746784
753664,clipfrac,0.069482421875
753664,explained_variance,0.936540275812149
753664,sps,533.0
753752,episodic_return,82.57766355441751
753752,episodic_length,1000.0
754753,episodic_return,81.20662255961076
754753,episodic_length,1000.0
755712,value_loss,0.0007575638592243195
755712,policy_loss,0.00870901346206665
755712,approx_kl,0.008462715893983841
755712,clipfrac,0.1130859375
755712,explained_variance,0.9425431229174137
755712,sps,534.0
755754,episodic_return,82.85375728213972
755754,episodic_length,1000.0
756755,episodic_return,85.90978495206039
756755,episodic_length,1000.0
757756,episodic_return,87.11817094012058
757756,episodic_length,1000.0
757760,value_loss,0.0028880166355520487
757760,policy_loss,-0.019809067249298096
757760,approx_kl,0.005676466040313244
757760,clipfrac,0.089892578125
757760,explained_variance,0.9133776351809502
757760,sps,534.0
758757,episodic_return,82.53226318225833
758757,episodic_length,1000.0
759758,episodic_return,84.07221874103016
759758,episodic_length,1000.0
759808,value_loss,0.004516861401498318
759808,policy_loss,-0.0035183727741241455
759808,approx_kl,0.007948698475956917
759808,clipfrac,0.072802734375
759808,explained_variance,0.9509880542755127
759808,sps,534.0
760759,episodic_return,90.12450657256817
760759,episodic_length,1000.0
761760,episodic_return,86.59313740733839
761760,episodic_length,1000.0
761856,value_loss,0.007718577980995178
761856,policy_loss,-0.0013499371707439423
761856,approx_kl,0.005568759050220251
761856,clipfrac,0.050927734375
761856,explained_variance,0.9409880191087723
761856,sps,534.0
762761,episodic_return,83.16127781433539
762761,episodic_length,1000.0
763762,episodic_return,86.22872543476447
763762,episodic_length,1000.0
763904,value_loss,0.0021927307825535536
763904,policy_loss,-0.0043928176164627075
763904,approx_kl,0.0066747828386723995
763904,clipfrac,0.063720703125
763904,explained_variance,0.9339885786175728
763904,sps,534.0
764763,episodic_return,82.04762599857095
764763,episodic_length,1000.0
765764,episodic_return,87.70783857607942
765764,episodic_length,1000.0
765952,value_loss,0.0021505788899958134
765952,policy_loss,-0.0071187615394592285
765952,approx_kl,0.0038557215593755245
765952,clipfrac,0.03515625
765952,explained_variance,0.9386035352945328
765952,sps,534.0
766765,episodic_return,78.00211486383917
766765,episodic_length,1000.0
767766,episodic_return,86.4351149565553
767766,episodic_length,1000.0
768000,value_loss,0.13967987895011902
768000,policy_loss,-0.005617715418338776
768000,approx_kl,0.0025090635754168034
768000,clipfrac,0.047021484375
768000,explained_variance,0.9319602400064468
768000,sps,534.0
768767,episodic_return,86.32502499975817
768767,episodic_length,1000.0
769768,episodic_return,83.18092848816394
769768,episodic_length,1000.0
770048,value_loss,0.0007206677692010999
770048,policy_loss,-0.04065193235874176
770048,approx_kl,0.008383987471461296
770048,clipfrac,0.07568359375
770048,explained_variance,0.935211531817913
770048,sps,534.0
770769,episodic_return,88.8883983304323
770769,episodic_length,1000.0
771770,episodic_return,83.29450376307604
771770,episodic_length,1000.0
772096,value_loss,0.158002570271492
772096,policy_loss,-0.021382994949817657
772096,approx_kl,0.005015934351831675
772096,clipfrac,0.0697265625
772096,explained_variance,0.9213374331593513
772096,sps,534.0
772771,episodic_return,87.35407198242987
772771,episodic_length,1000.0
773772,episodic_return,88.1854598948146
773772,episodic_length,1000.0
774144,value_loss,0.0027992466930299997
774144,policy_loss,-0.030267665162682533
774144,approx_kl,0.007882405072450638
774144,clipfrac,0.11435546875
774144,explained_variance,0.9206548184156418
774144,sps,534.0
774773,episodic_return,89.58455799449791
774773,episodic_length,1000.0
775774,episodic_return,87.15575286406529
775774,episodic_length,1000.0
776192,value_loss,0.000473692110972479
776192,policy_loss,-0.00607629120349884
776192,approx_kl,0.008032483980059624
776192,clipfrac,0.050830078125
776192,explained_variance,0.9269969612360001
776192,sps,534.0
776775,episodic_return,84.91303902488089
776775,episodic_length,1000.0
777776,episodic_return,86.73569896011408
777776,episodic_length,1000.0
778240,value_loss,0.000941113627050072
778240,policy_loss,-0.01231258362531662
778240,approx_kl,0.00216821301728487
778240,clipfrac,0.032958984375
778240,explained_variance,0.9277307838201523
778240,sps,534.0
778777,episodic_return,83.10194922175504
778777,episodic_length,1000.0
779778,episodic_return,84.63941087764321
779778,episodic_length,1000.0
780288,value_loss,0.006197639275342226
780288,policy_loss,-0.036202795803546906
780288,approx_kl,0.011369000189006329
780288,clipfrac,0.105615234375
780288,explained_variance,0.9284863024950027
780288,sps,534.0
780779,episodic_return,87.26699967673613
780779,episodic_length,1000.0
781780,episodic_return,85.22361307768142
781780,episodic_length,1000.0
782336,value_loss,0.0016861807089298964
782336,policy_loss,0.004234038293361664
782336,approx_kl,0.0057809604331851006
782336,clipfrac,0.0591796875
782336,explained_variance,0.9368723854422569
782336,sps,534.0
782781,episodic_return,87.56025123795409
782781,episodic_length,1000.0
783782,episodic_return,86.59065775767772
783782,episodic_length,1000.0
784384,value_loss,0.0036782831884920597
784384,policy_loss,-0.026077821850776672
784384,approx_kl,0.00816539116203785
784384,clipfrac,0.096435546875
784384,explained_variance,0.9306993633508682
784384,sps,534.0
784783,episodic_return,81.35048792569714
784783,episodic_length,1000.0
785784,episodic_return,85.45272626590892
785784,episodic_length,1000.0
786432,value_loss,0.01358941663056612
786432,policy_loss,0.004092428833246231
786432,approx_kl,0.007133095059543848
786432,clipfrac,0.048388671875
786432,explained_variance,0.919480562210083
786432,sps,534.0
786785,episodic_return,88.42399734689141
786785,episodic_length,1000.0
787786,episodic_return,84.51264807653045
787786,episodic_length,1000.0
788480,value_loss,0.00345636997371912
788480,policy_loss,-0.015887558460235596
788480,approx_kl,0.004418752156198025
788480,clipfrac,0.04345703125
788480,explained_variance,0.938810158520937
788480,sps,534.0
788787,episodic_return,84.02048872899572
788787,episodic_length,1000.0
789788,episodic_return,84.20954198634466
789788,episodic_length,1000.0
790528,value_loss,0.0018947571516036987
790528,policy_loss,-0.016659237444400787
790528,approx_kl,0.0055959224700927734
790528,clipfrac,0.092333984375
790528,explained_variance,0.9378560706973076
790528,sps,534.0
790789,episodic_return,85.67107824425283
790789,episodic_length,1000.0
791790,episodic_return,88.69802253177774
791790,episodic_length,1000.0
792576,value_loss,0.0003790129558183253
792576,policy_loss,0.01687772572040558
792576,approx_kl,0.004904226865619421
792576,clipfrac,0.067041015625
792576,explained_variance,0.9293519556522369
792576,sps,534.0
792791,episodic_return,85.78440588831762
792791,episodic_length,1000.0
793792,episodic_return,85.64690061244238
793792,episodic_length,1000.0
794624,value_loss,0.14081016182899475
794624,policy_loss,-0.009734343737363815
794624,approx_kl,0.006312997080385685
794624,clipfrac,0.10771484375
794624,explained_variance,0.9299183115363121
794624,sps,534.0
794793,episodic_return,82.62142282913615
794793,episodic_length,1000.0
795794,episodic_return,88.71736165890493
795794,episodic_length,1000.0
796672,value_loss,0.000375459436327219
796672,policy_loss,-0.003927944228053093
796672,approx_kl,0.008913892321288586
796672,clipfrac,0.0888671875
796672,explained_variance,0.9163218289613724
796672,sps,534.0
796795,episodic_return,93.92226027534748
796795,episodic_length,1000.0
797796,episodic_return,87.70993787827886
797796,episodic_length,1000.0
798720,value_loss,0.0005006379215046763
798720,policy_loss,0.00890829786658287
798720,approx_kl,0.00785480160266161
798720,clipfrac,0.0466796875
798720,explained_variance,0.9315673932433128
798720,sps,534.0
798797,episodic_return,86.50703018661214
798797,episodic_length,1000.0
799798,episodic_return,87.93300001904718
799798,episodic_length,1000.0
800768,value_loss,0.005201041232794523
800768,policy_loss,-0.017115913331508636
800768,approx_kl,0.006892142817378044
800768,clipfrac,0.059375
800768,explained_variance,0.9338386356830597
800768,sps,534.0
800799,episodic_return,81.15197637581348
800799,episodic_length,1000.0
801800,episodic_return,87.76785336708483
801800,episodic_length,1000.0
802801,episodic_return,83.88356415495599
802801,episodic_length,1000.0
802816,value_loss,0.00637392420321703
802816,policy_loss,0.009671896696090698
802816,approx_kl,0.00676706014201045
802816,clipfrac,0.054248046875
802816,explained_variance,0.9118034914135933
802816,sps,534.0
803802,episodic_return,88.93990100826342
803802,episodic_length,1000.0
804803,episodic_return,87.08671419796788
804803,episodic_length,1000.0
804864,value_loss,0.0022147842682898045
804864,policy_loss,0.01697114109992981
804864,approx_kl,0.013515878468751907
804864,clipfrac,0.0720703125
804864,explained_variance,0.9296838641166687
804864,sps,534.0
805804,episodic_return,88.55411638678297
805804,episodic_length,1000.0
806805,episodic_return,86.92696369727238
806805,episodic_length,1000.0
806912,value_loss,0.004551915917545557
806912,policy_loss,-0.0015500932931900024
806912,approx_kl,0.010518974624574184
806912,clipfrac,0.08623046875
806912,explained_variance,0.9268408790230751
806912,sps,534.0
807806,episodic_return,84.31296605853977
807806,episodic_length,1000.0
808807,episodic_return,91.35084293814735
808807,episodic_length,1000.0
808960,value_loss,0.004304291680455208
808960,policy_loss,-0.009116306900978088
808960,approx_kl,0.004552742000669241
808960,clipfrac,0.079638671875
808960,explained_variance,0.9277824684977531
808960,sps,534.0
809808,episodic_return,85.12673305869689
809808,episodic_length,1000.0
810809,episodic_return,88.97829774684283
810809,episodic_length,1000.0
811008,value_loss,0.139684796333313
811008,policy_loss,0.005820874124765396
811008,approx_kl,0.0036819283850491047
811008,clipfrac,0.051416015625
811008,explained_variance,0.929329939186573
811008,sps,534.0
811810,episodic_return,88.77441042598754
811810,episodic_length,1000.0
812811,episodic_return,90.85197841705481
812811,episodic_length,1000.0
813056,value_loss,0.00893731601536274
813056,policy_loss,-0.01975114271044731
813056,approx_kl,0.008839198388159275
813056,clipfrac,0.096728515625
813056,explained_variance,0.9235248193144798
813056,sps,534.0
813812,episodic_return,87.10967136363932
813812,episodic_length,1000.0
814813,episodic_return,85.4561918518171
814813,episodic_length,1000.0
815104,value_loss,0.004743973258882761
815104,policy_loss,-0.011557862162590027
815104,approx_kl,0.006918121594935656
815104,clipfrac,0.067236328125
815104,explained_variance,0.9337572753429413
815104,sps,534.0
815814,episodic_return,83.40651219590242
815814,episodic_length,1000.0
816815,episodic_return,88.38735688507201
816815,episodic_length,1000.0
817152,value_loss,0.13923844695091248
817152,policy_loss,-0.02634567767381668
817152,approx_kl,0.004792920779436827
817152,clipfrac,0.08955078125
817152,explained_variance,0.9395611137151718
817152,sps,534.0
817816,episodic_return,90.19660350056691
817816,episodic_length,1000.0
818817,episodic_return,90.52840392857459
818817,episodic_length,1000.0
819200,value_loss,0.0010538806673139334
819200,policy_loss,-0.0026732347905635834
819200,approx_kl,0.007117392960935831
819200,clipfrac,0.0521484375
819200,explained_variance,0.929658517241478
819200,sps,534.0
819818,episodic_return,90.81973806183551
819818,episodic_length,1000.0
820819,episodic_return,91.36366657338667
820819,episodic_length,1000.0
821248,value_loss,0.0017055212520062923
821248,policy_loss,-0.020965076982975006
821248,approx_kl,0.00685848155990243
821248,clipfrac,0.074609375
821248,explained_variance,0.9249542504549026
821248,sps,534.0
821820,episodic_return,85.93267925248449
821820,episodic_length,1000.0
822821,episodic_return,87.2259425636064
822821,episodic_length,1000.0
823296,value_loss,0.006257188506424427
823296,policy_loss,-0.027503550052642822
823296,approx_kl,0.006715021096169949
823296,clipfrac,0.08212890625
823296,explained_variance,0.93059191852808
823296,sps,534.0
823822,episodic_return,89.53574439822796
823822,episodic_length,1000.0
824823,episodic_return,89.41805065259642
824823,episodic_length,1000.0
825344,value_loss,0.003208434209227562
825344,policy_loss,0.024086154997348785
825344,approx_kl,0.011077653616666794
825344,clipfrac,0.082666015625
825344,explained_variance,0.9197695627808571
825344,sps,534.0
825824,episodic_return,86.60652881079702
825824,episodic_length,1000.0
826825,episodic_return,83.61557111985121
826825,episodic_length,1000.0
827392,value_loss,0.00025449611712247133
827392,policy_loss,-0.004227465018630028
827392,approx_kl,0.0047147697769105434
827392,clipfrac,0.05712890625
827392,explained_variance,0.9359183758497238
827392,sps,534.0
827826,episodic_return,84.48744666968885
827826,episodic_length,1000.0
828827,episodic_return,88.81457741121712
828827,episodic_length,1000.0
829440,value_loss,0.0011733246501535177
829440,policy_loss,-0.009199559688568115
829440,approx_kl,0.006566285155713558
829440,clipfrac,0.05205078125
829440,explained_variance,0.9296359941363335
829440,sps,534.0
829828,episodic_return,87.61647137171865
829828,episodic_length,1000.0
830829,episodic_return,89.38330687300395
830829,episodic_length,1000.0
831488,value_loss,0.007382525131106377
831488,policy_loss,-0.0004948675632476807
831488,approx_kl,0.003006760962307453
831488,clipfrac,0.019140625
831488,explained_variance,0.9300727024674416
831488,sps,534.0
831830,episodic_return,92.82311601052032
831830,episodic_length,1000.0
832831,episodic_return,86.06139551069113
832831,episodic_length,1000.0
833536,value_loss,0.001313482061959803
833536,policy_loss,-0.006278488785028458
833536,approx_kl,0.010984380729496479
833536,clipfrac,0.062158203125
833536,explained_variance,0.9317562654614449
833536,sps,534.0
833832,episodic_return,91.10114536112957
833832,episodic_length,1000.0
834833,episodic_return,91.68449046068805
834833,episodic_length,1000.0
835584,value_loss,0.008116847835481167
835584,policy_loss,0.0027878843247890472
835584,approx_kl,0.005034710746258497
835584,clipfrac,0.04052734375
835584,explained_variance,0.9350881427526474
835584,sps,535.0
835834,episodic_return,89.85460436240638
835834,episodic_length,1000.0
836835,episodic_return,89.57233209279038
836835,episodic_length,1000.0
837632,value_loss,0.0035410530399531126
837632,policy_loss,-0.012309405952692032
837632,approx_kl,0.00781612191349268
837632,clipfrac,0.06943359375
837632,explained_variance,0.9326146394014359
837632,sps,535.0
837836,episodic_return,87.92815345936378
837836,episodic_length,1000.0
838837,episodic_return,88.79672386888744
838837,episodic_length,1000.0
839680,value_loss,0.0025991923175752163
839680,policy_loss,-0.02267928048968315
839680,approx_kl,0.006846108473837376
839680,clipfrac,0.05693359375
839680,explained_variance,0.9361003041267395
839680,sps,535.0
839838,episodic_return,86.12729359275727
839838,episodic_length,1000.0
840839,episodic_return,87.724111817043
840839,episodic_length,1000.0
841728,value_loss,0.0034157896880060434
841728,policy_loss,0.002446308732032776
841728,approx_kl,0.007273565977811813
841728,clipfrac,0.1005859375
841728,explained_variance,0.9248104766011238
841728,sps,534.0
841840,episodic_return,85.28340842436313
841840,episodic_length,1000.0
842841,episodic_return,89.1022158363964
842841,episodic_length,1000.0
843776,value_loss,0.0002887278678826988
843776,policy_loss,0.010761991143226624
843776,approx_kl,0.009300924837589264
843776,clipfrac,0.096728515625
843776,explained_variance,0.9236987382173538
843776,sps,534.0
843842,episodic_return,85.9723802144467
843842,episodic_length,1000.0
844843,episodic_return,81.531422825087
844843,episodic_length,1000.0
845824,value_loss,0.0014332359423860908
845824,policy_loss,-0.020812951028347015
845824,approx_kl,0.005315563641488552
845824,clipfrac,0.052099609375
845824,explained_variance,0.9259764328598976
845824,sps,534.0
845844,episodic_return,90.03765501116924
845844,episodic_length,1000.0
846845,episodic_return,87.66014547421108
846845,episodic_length,1000.0
847846,episodic_return,86.8402340927443
847846,episodic_length,1000.0
847872,value_loss,0.0009337863302789629
847872,policy_loss,0.006877116858959198
847872,approx_kl,0.005799394100904465
847872,clipfrac,0.0517578125
847872,explained_variance,0.9279462099075317
847872,sps,534.0
848847,episodic_return,87.39935424292538
848847,episodic_length,1000.0
849848,episodic_return,90.64652247925409
849848,episodic_length,1000.0
849920,value_loss,0.00045471638441085815
849920,policy_loss,0.0022066831588745117
849920,approx_kl,0.006454676855355501
849920,clipfrac,0.05166015625
849920,explained_variance,0.930250734090805
849920,sps,534.0
850849,episodic_return,87.21567483594283
850849,episodic_length,1000.0
851850,episodic_return,82.74514713978336
851850,episodic_length,1000.0
851968,value_loss,0.004765080288052559
851968,policy_loss,0.004560895264148712
851968,approx_kl,0.0056235953234136105
851968,clipfrac,0.091650390625
851968,explained_variance,0.9287890195846558
851968,sps,534.0
852851,episodic_return,93.11092033178345
852851,episodic_length,1000.0
853852,episodic_return,91.37894134751751
853852,episodic_length,1000.0
854016,value_loss,0.001604235265403986
854016,policy_loss,0.004394806921482086
854016,approx_kl,0.006265569012612104
854016,clipfrac,0.034130859375
854016,explained_variance,0.9339434579014778
854016,sps,534.0
854853,episodic_return,88.85071454908407
854853,episodic_length,1000.0
855854,episodic_return,91.62636080300533
855854,episodic_length,1000.0
856064,value_loss,0.009749026969075203
856064,policy_loss,0.0025975555181503296
856064,approx_kl,0.009682601317763329
856064,clipfrac,0.06875
856064,explained_variance,0.9248876720666885
856064,sps,534.0
856855,episodic_return,88.24091426516311
856855,episodic_length,1000.0
857856,episodic_return,89.89494901624059
857856,episodic_length,1000.0
858112,value_loss,0.11875560134649277
858112,policy_loss,0.00014969706535339355
858112,approx_kl,0.0056815557181835175
858112,clipfrac,0.059228515625
858112,explained_variance,0.9244803190231323
858112,sps,535.0
858857,episodic_return,84.63522316558957
858857,episodic_length,1000.0
859858,episodic_return,86.76718886740774
859858,episodic_length,1000.0
860160,value_loss,0.0011643688194453716
860160,policy_loss,0.01804746687412262
860160,approx_kl,0.011602237820625305
860160,clipfrac,0.06943359375
860160,explained_variance,0.926882840692997
860160,sps,535.0
860859,episodic_return,90.06285680528134
860859,episodic_length,1000.0
861860,episodic_return,89.31021467836223
861860,episodic_length,1000.0
862208,value_loss,0.0010497365146875381
862208,policy_loss,0.01671050861477852
862208,approx_kl,0.0038207760080695152
862208,clipfrac,0.06064453125
862208,explained_variance,0.9301940575242043
862208,sps,534.0
862861,episodic_return,89.38595590024762
862861,episodic_length,1000.0
863862,episodic_return,88.164629571067
863862,episodic_length,1000.0
864256,value_loss,0.0008204923942685127
864256,policy_loss,-0.003432709723711014
864256,approx_kl,0.010825836099684238
864256,clipfrac,0.069384765625
864256,explained_variance,0.9293643310666084
864256,sps,534.0
864863,episodic_return,89.15708950345454
864863,episodic_length,1000.0
865864,episodic_return,88.1143356971447
865864,episodic_length,1000.0
866304,value_loss,0.004788978490978479
866304,policy_loss,-0.002626866102218628
866304,approx_kl,0.007947003468871117
866304,clipfrac,0.050390625
866304,explained_variance,0.9307492226362228
866304,sps,534.0
866865,episodic_return,91.06982779324197
866865,episodic_length,1000.0
867866,episodic_return,90.93529582083764
867866,episodic_length,1000.0
868352,value_loss,0.0008642106549814343
868352,policy_loss,-0.0004973337054252625
868352,approx_kl,0.004796224646270275
868352,clipfrac,0.037646484375
868352,explained_variance,0.9308071061968803
868352,sps,534.0
868867,episodic_return,88.83901311143455
868867,episodic_length,1000.0
869868,episodic_return,88.38117510549793
869868,episodic_length,1000.0
870400,value_loss,0.0016597035573795438
870400,policy_loss,-0.0025639235973358154
870400,approx_kl,0.006925471127033234
870400,clipfrac,0.05791015625
870400,explained_variance,0.9310462847352028
870400,sps,534.0
870869,episodic_return,91.27407916711633
870869,episodic_length,1000.0
871870,episodic_return,86.16390679537376
871870,episodic_length,1000.0
872448,value_loss,0.0010773767717182636
872448,policy_loss,-0.016401231288909912
872448,approx_kl,0.0063633848913013935
872448,clipfrac,0.07978515625
872448,explained_variance,0.9365484863519669
872448,sps,534.0
872871,episodic_return,87.79848348103945
872871,episodic_length,1000.0
873872,episodic_return,91.95748485215233
873872,episodic_length,1000.0
874496,value_loss,0.00025314465165138245
874496,policy_loss,0.009806996211409569
874496,approx_kl,0.006289808079600334
874496,clipfrac,0.07265625
874496,explained_variance,0.9360881671309471
874496,sps,534.0
874873,episodic_return,83.86727122883234
874873,episodic_length,1000.0
875874,episodic_return,90.32923128432128
875874,episodic_length,1000.0
876544,value_loss,0.0017034558113664389
876544,policy_loss,-0.024718113243579865
876544,approx_kl,0.005629475228488445
876544,clipfrac,0.04326171875
876544,explained_variance,0.920962005853653
876544,sps,534.0
876875,episodic_return,90.0071958920699
876875,episodic_length,1000.0
877876,episodic_return,94.99420261151236
877876,episodic_length,1000.0
878592,value_loss,0.0052515300922095776
878592,policy_loss,-0.009596914052963257
878592,approx_kl,0.005308859515935183
878592,clipfrac,0.05166015625
878592,explained_variance,0.9274727404117584
878592,sps,534.0
878877,episodic_return,90.41215875787837
878877,episodic_length,1000.0
879878,episodic_return,91.38570166286058
879878,episodic_length,1000.0
880640,value_loss,0.000325357133988291
880640,policy_loss,-0.004170555621385574
880640,approx_kl,0.005098911467939615
880640,clipfrac,0.058984375
880640,explained_variance,0.9284621849656105
880640,sps,534.0
880879,episodic_return,90.5038223232169
880879,episodic_length,1000.0
881880,episodic_return,91.59533691835055
881880,episodic_length,1000.0
882688,value_loss,0.004705905914306641
882688,policy_loss,-0.000712227076292038
882688,approx_kl,0.007445956580340862
882688,clipfrac,0.061279296875
882688,explained_variance,0.92299634963274
882688,sps,534.0
882881,episodic_return,90.63012755209394
882881,episodic_length,1000.0
883882,episodic_return,90.96189819587615
883882,episodic_length,1000.0
884736,value_loss,0.002066123764961958
884736,policy_loss,0.004285544157028198
884736,approx_kl,0.010505633428692818
884736,clipfrac,0.063623046875
884736,explained_variance,0.9198031574487686
884736,sps,534.0
884883,episodic_return,89.3165826235512
884883,episodic_length,1000.0
885884,episodic_return,90.83238254462157
885884,episodic_length,1000.0
886784,value_loss,0.00233055604621768
886784,policy_loss,-0.018898822367191315
886784,approx_kl,0.008585444651544094
886784,clipfrac,0.08720703125
886784,explained_variance,0.9309788718819618
886784,sps,534.0
886885,episodic_return,92.68148649658379
886885,episodic_length,1000.0
887886,episodic_return,92.95019136285117
887886,episodic_length,1000.0
888832,value_loss,0.0010331678204238415
888832,policy_loss,-0.00916280597448349
888832,approx_kl,0.006224396172910929
888832,clipfrac,0.065966796875
888832,explained_variance,0.9319147393107414
888832,sps,534.0
888887,episodic_return,87.12769608213581
888887,episodic_length,1000.0
889888,episodic_return,93.580932389505
889888,episodic_length,1000.0
890880,value_loss,0.001978909829631448
890880,policy_loss,0.008289694786071777
890880,approx_kl,0.009357936680316925
890880,clipfrac,0.04775390625
890880,explained_variance,0.9175883680582047
890880,sps,534.0
890889,episodic_return,91.24654289011502
890889,episodic_length,1000.0
891890,episodic_return,91.97506751907147
891890,episodic_length,1000.0
892891,episodic_return,87.35425831241848
892891,episodic_length,1000.0
892928,value_loss,0.004982839338481426
892928,policy_loss,-0.01927243545651436
892928,approx_kl,0.009184673428535461
892928,clipfrac,0.09111328125
892928,explained_variance,0.9301256313920021
892928,sps,534.0
893892,episodic_return,90.33827955635287
893892,episodic_length,1000.0
894893,episodic_return,90.72447377094082
894893,episodic_length,1000.0
894976,value_loss,0.0013469140976667404
894976,policy_loss,-0.00040266290307044983
894976,approx_kl,0.0037196828052401543
894976,clipfrac,0.054296875
894976,explained_variance,0.9238957762718201
894976,sps,534.0
895894,episodic_return,88.36423439345282
895894,episodic_length,1000.0
896895,episodic_return,96.82869960720502
896895,episodic_length,1000.0
897024,value_loss,0.007128793280571699
897024,policy_loss,-0.01647978276014328
897024,approx_kl,0.0018566744402050972
897024,clipfrac,0.010498046875
897024,explained_variance,0.9247325360774994
897024,sps,534.0
897896,episodic_return,85.94933812736802
897896,episodic_length,1000.0
898897,episodic_return,91.82829763168964
898897,episodic_length,1000.0
899072,value_loss,0.000442110380390659
899072,policy_loss,0.0045586153864860535
899072,approx_kl,0.007778240367770195
899072,clipfrac,0.0283203125
899072,explained_variance,0.9164647832512856
899072,sps,535.0
899898,episodic_return,87.79010871982247
899898,episodic_length,1000.0
900899,episodic_return,88.28513082645753
900899,episodic_length,1000.0
901120,value_loss,0.0024707564152777195
901120,policy_loss,-0.00990605354309082
901120,approx_kl,0.003911001142114401
901120,clipfrac,0.016748046875
901120,explained_variance,0.9269352480769157
901120,sps,535.0
901900,episodic_return,95.4852661583068
901900,episodic_length,1000.0
902901,episodic_return,93.31690790722499
902901,episodic_length,1000.0
903168,value_loss,0.005123350769281387
903168,policy_loss,0.004519715905189514
903168,approx_kl,0.0058806161396205425
903168,clipfrac,0.024658203125
903168,explained_variance,0.9298854917287827
903168,sps,535.0
903902,episodic_return,87.75108547938032
903902,episodic_length,1000.0
904903,episodic_return,91.24708120499226
904903,episodic_length,1000.0
905216,value_loss,0.0054007358849048615
905216,policy_loss,0.02364256978034973
905216,approx_kl,0.009955434128642082
905216,clipfrac,0.062451171875
905216,explained_variance,0.9240397065877914
905216,sps,535.0
905904,episodic_return,90.29417902890334
905904,episodic_length,1000.0
906905,episodic_return,90.4705395061933
906905,episodic_length,1000.0
907264,value_loss,0.003644386539235711
907264,policy_loss,0.000764891505241394
907264,approx_kl,0.004558003973215818
907264,clipfrac,0.03359375
907264,explained_variance,0.9216932579874992
907264,sps,535.0
907906,episodic_return,89.21112092180275
907906,episodic_length,1000.0
908907,episodic_return,87.81345136255241
908907,episodic_length,1000.0
909312,value_loss,0.0033340617083013058
909312,policy_loss,0.0017651841044425964
909312,approx_kl,0.005068842321634293
909312,clipfrac,0.037451171875
909312,explained_variance,0.9254358485341072
909312,sps,534.0
909908,episodic_return,91.54947090211839
909908,episodic_length,1000.0
910909,episodic_return,90.19724436741811
910909,episodic_length,1000.0
911360,value_loss,0.006124228239059448
911360,policy_loss,-0.018408246338367462
911360,approx_kl,0.004678321070969105
911360,clipfrac,0.029150390625
911360,explained_variance,0.924757793545723
911360,sps,535.0
911910,episodic_return,93.77751104811433
911910,episodic_length,1000.0
912911,episodic_return,96.06441270731307
912911,episodic_length,1000.0
913408,value_loss,0.001627129502594471
913408,policy_loss,0.004251696169376373
913408,approx_kl,0.0042139580473303795
913408,clipfrac,0.026708984375
913408,explained_variance,0.9197408556938171
913408,sps,535.0
913912,episodic_return,94.20886792835458
913912,episodic_length,1000.0
914913,episodic_return,92.13696585956947
914913,episodic_length,1000.0
915456,value_loss,0.0005015161004848778
915456,policy_loss,-0.022126685827970505
915456,approx_kl,0.007122277747839689
915456,clipfrac,0.063916015625
915456,explained_variance,0.9204348102211952
915456,sps,535.0
915914,episodic_return,92.3734904939215
915914,episodic_length,1000.0
916915,episodic_return,91.35735373932674
916915,episodic_length,1000.0
917504,value_loss,0.007573742885142565
917504,policy_loss,0.0011622533202171326
917504,approx_kl,0.0044134873896837234
917504,clipfrac,0.036279296875
917504,explained_variance,0.9195883423089981
917504,sps,535.0
917916,episodic_return,96.05538147169125
917916,episodic_length,1000.0
918917,episodic_return,91.54330009504018
918917,episodic_length,1000.0
919552,value_loss,0.0015814460348337889
919552,policy_loss,-0.009955648332834244
919552,approx_kl,0.007608343381434679
919552,clipfrac,0.051123046875
919552,explained_variance,0.9265088364481926
919552,sps,534.0
919918,episodic_return,89.52608857233524
919918,episodic_length,1000.0
920919,episodic_return,91.9356391320102
920919,episodic_length,1000.0
921600,value_loss,0.0031756008975207806
921600,policy_loss,-0.0005458593368530273
921600,approx_kl,0.004074518568813801
921600,clipfrac,0.019677734375
921600,explained_variance,0.9197186082601547
921600,sps,535.0
921920,episodic_return,89.56717114596852
921920,episodic_length,1000.0
922921,episodic_return,94.6758828983889
922921,episodic_length,1000.0
923648,value_loss,0.0013742916053161025
923648,policy_loss,-0.00409805029630661
923648,approx_kl,0.004039108753204346
923648,clipfrac,0.04765625
923648,explained_variance,0.9206079244613647
923648,sps,535.0
923922,episodic_return,95.41707606715707
923922,episodic_length,1000.0
924923,episodic_return,91.37581365967819
924923,episodic_length,1000.0
925696,value_loss,0.000402770092478022
925696,policy_loss,0.010449986904859543
925696,approx_kl,0.004835691303014755
925696,clipfrac,0.044921875
925696,explained_variance,0.9265033453702927
925696,sps,534.0
925924,episodic_return,91.29371992887869
925924,episodic_length,1000.0
926925,episodic_return,93.00312420665867
926925,episodic_length,1000.0
927744,value_loss,0.006319291424006224
927744,policy_loss,0.015064742416143417
927744,approx_kl,0.006353612989187241
927744,clipfrac,0.01748046875
927744,explained_variance,0.9112071767449379
927744,sps,534.0
927926,episodic_return,93.61274475456405
927926,episodic_length,1000.0
928927,episodic_return,94.89773508222466
928927,episodic_length,1000.0
929792,value_loss,0.0023889965377748013
929792,policy_loss,0.0012479424476623535
929792,approx_kl,0.007127847988158464
929792,clipfrac,0.046240234375
929792,explained_variance,0.9225192368030548
929792,sps,534.0
929928,episodic_return,96.75711800340147
929928,episodic_length,1000.0
930929,episodic_return,91.37619787978146
930929,episodic_length,1000.0
931840,value_loss,0.0006684699328616261
931840,policy_loss,-0.005804665386676788
931840,approx_kl,0.006205799523741007
931840,clipfrac,0.02041015625
931840,explained_variance,0.9275698363780975
931840,sps,534.0
931930,episodic_return,89.99727291220935
931930,episodic_length,1000.0
932931,episodic_return,90.60979127804579
932931,episodic_length,1000.0
933888,value_loss,0.0031058324966579676
933888,policy_loss,-0.016587894409894943
933888,approx_kl,0.0036250175908207893
933888,clipfrac,0.0279296875
933888,explained_variance,0.9265014305710793
933888,sps,534.0
933932,episodic_return,87.87046489302469
933932,episodic_length,1000.0
934933,episodic_return,93.84569374256634
934933,episodic_length,1000.0
935934,episodic_return,93.40804455104858
935934,episodic_length,1000.0
935936,value_loss,0.007167932577431202
935936,policy_loss,0.010636702179908752
935936,approx_kl,0.006016683764755726
935936,clipfrac,0.02412109375
935936,explained_variance,0.8759607449173927
935936,sps,534.0
936935,episodic_return,93.3488149611282
936935,episodic_length,1000.0
937936,episodic_return,93.92087100766088
937936,episodic_length,1000.0
937984,value_loss,0.0011613434180617332
937984,policy_loss,-0.00043510645627975464
937984,approx_kl,0.0017165346071124077
937984,clipfrac,0.007568359375
937984,explained_variance,0.9445267803966999
937984,sps,534.0
938937,episodic_return,92.39446103656243
938937,episodic_length,1000.0
939938,episodic_return,91.26486490928498
939938,episodic_length,1000.0
940032,value_loss,0.007770832162350416
940032,policy_loss,-0.015278708189725876
940032,approx_kl,0.008885951712727547
940032,clipfrac,0.042626953125
940032,explained_variance,0.9187884628772736
940032,sps,534.0
940939,episodic_return,93.29074196057361
940939,episodic_length,1000.0
941940,episodic_return,92.4738575065124
941940,episodic_length,1000.0
942080,value_loss,0.00041879573836922646
942080,policy_loss,0.0009294971823692322
942080,approx_kl,0.004023792687803507
942080,clipfrac,0.0416015625
942080,explained_variance,0.9290737137198448
942080,sps,534.0
942941,episodic_return,86.76760367995271
942941,episodic_length,1000.0
943942,episodic_return,89.12540192791904
943942,episodic_length,1000.0
944128,value_loss,0.011439112015068531
944128,policy_loss,-0.021646950393915176
944128,approx_kl,0.006673053838312626
944128,clipfrac,0.02197265625
944128,explained_variance,0.9102615416049957
944128,sps,534.0
944943,episodic_return,93.09507390581958
944943,episodic_length,1000.0
945944,episodic_return,98.83769800559138
945944,episodic_length,1000.0
946176,value_loss,0.005440284498035908
946176,policy_loss,0.012296736240386963
946176,approx_kl,0.005854920018464327
946176,clipfrac,0.035302734375
946176,explained_variance,0.9185583740472794
946176,sps,534.0
946945,episodic_return,91.417131590962
946945,episodic_length,1000.0
947946,episodic_return,95.60951380149098
947946,episodic_length,1000.0
948224,value_loss,0.0005786550464108586
948224,policy_loss,-0.009918197989463806
948224,approx_kl,0.002475827932357788
948224,clipfrac,0.01572265625
948224,explained_variance,0.922121986746788
948224,sps,534.0
948947,episodic_return,92.02676232779726
948947,episodic_length,1000.0
949948,episodic_return,89.54556165470375
949948,episodic_length,1000.0
950272,value_loss,0.0009351599146611989
950272,policy_loss,0.005846358835697174
950272,approx_kl,0.004970086272805929
950272,clipfrac,0.0248046875
950272,explained_variance,0.9162689968943596
950272,sps,534.0
950949,episodic_return,91.76492779911239
950949,episodic_length,1000.0
951950,episodic_return,94.62226967391071
951950,episodic_length,1000.0
952320,value_loss,0.00046754779759794474
952320,policy_loss,-0.012311749160289764
952320,approx_kl,0.006194622255861759
952320,clipfrac,0.02685546875
952320,explained_variance,0.9250626713037491
952320,sps,534.0
952951,episodic_return,94.13747390912042
952951,episodic_length,1000.0
953952,episodic_return,91.79464776772065
953952,episodic_length,1000.0
954368,value_loss,0.0046615139581263065
954368,policy_loss,-0.011291022412478924
954368,approx_kl,0.004868103191256523
954368,clipfrac,0.025634765625
954368,explained_variance,0.9275553002953529
954368,sps,534.0
954953,episodic_return,91.38007038206406
954953,episodic_length,1000.0
955954,episodic_return,90.71977081057713
955954,episodic_length,1000.0
956416,value_loss,0.005902302451431751
956416,policy_loss,-0.011696845293045044
956416,approx_kl,0.002653995994478464
956416,clipfrac,0.01025390625
956416,explained_variance,0.9262120425701141
956416,sps,534.0
956955,episodic_return,95.5130006138119
956955,episodic_length,1000.0
957956,episodic_return,95.6581881314067
957956,episodic_length,1000.0
958464,value_loss,0.0014728764072060585
958464,policy_loss,-0.004662513732910156
958464,approx_kl,0.007734215818345547
958464,clipfrac,0.035205078125
958464,explained_variance,0.9218573346734047
958464,sps,534.0
958957,episodic_return,91.33036777807443
958957,episodic_length,1000.0
959958,episodic_return,95.67251535997217
959958,episodic_length,1000.0
960512,value_loss,0.000531890313141048
960512,policy_loss,-0.01752232387661934
960512,approx_kl,0.004765207879245281
960512,clipfrac,0.013037109375
960512,explained_variance,0.9213546216487885
960512,sps,534.0
960959,episodic_return,96.43702028814853
960959,episodic_length,1000.0
961960,episodic_return,94.38640101817967
961960,episodic_length,1000.0
962560,value_loss,0.008206922560930252
962560,policy_loss,0.017275288701057434
962560,approx_kl,0.010705195367336273
962560,clipfrac,0.0193359375
962560,explained_variance,0.9205125942826271
962560,sps,534.0
962961,episodic_return,91.4812562951269
962961,episodic_length,1000.0
963962,episodic_return,94.60470198529642
963962,episodic_length,1000.0
964608,value_loss,0.003349865321069956
964608,policy_loss,-0.006140515208244324
964608,approx_kl,0.00574273569509387
964608,clipfrac,0.014697265625
964608,explained_variance,0.9222898781299591
964608,sps,534.0
964963,episodic_return,95.84263052379809
964963,episodic_length,1000.0
965964,episodic_return,93.83214388686388
965964,episodic_length,1000.0
966656,value_loss,0.006741485558450222
966656,policy_loss,-0.0006092265248298645
966656,approx_kl,0.0020423983223736286
966656,clipfrac,0.0037109375
966656,explained_variance,0.9329748675227165
966656,sps,534.0
966965,episodic_return,93.14466430447841
966965,episodic_length,1000.0
967966,episodic_return,95.30966428247346
967966,episodic_length,1000.0
968704,value_loss,0.0005704614450223744
968704,policy_loss,-0.0078051090240478516
968704,approx_kl,0.0031752120703458786
968704,clipfrac,0.003125
968704,explained_variance,0.9212063923478127
968704,sps,535.0
968967,episodic_return,90.08843718209783
968967,episodic_length,1000.0
969968,episodic_return,93.90593945157306
969968,episodic_length,1000.0
970752,value_loss,0.0010186280123889446
970752,policy_loss,-0.006412923336029053
970752,approx_kl,0.0014980314299464226
970752,clipfrac,0.008642578125
970752,explained_variance,0.9144638553261757
970752,sps,535.0
970969,episodic_return,96.63007653800219
970969,episodic_length,1000.0
971970,episodic_return,94.82249559279012
971970,episodic_length,1000.0
972800,value_loss,0.0018822647398337722
972800,policy_loss,-0.014808565378189087
972800,approx_kl,0.004934018012136221
972800,clipfrac,0.0138671875
972800,explained_variance,0.9183364361524582
972800,sps,535.0
972971,episodic_return,94.53243949874405
972971,episodic_length,1000.0
973972,episodic_return,94.23264352957031
973972,episodic_length,1000.0
974848,value_loss,0.13094903528690338
974848,policy_loss,0.001332949846982956
974848,approx_kl,0.0032737283036112785
974848,clipfrac,0.01064453125
974848,explained_variance,0.9237147122621536
974848,sps,535.0
974973,episodic_return,92.23898154875887
974973,episodic_length,1000.0
975974,episodic_return,93.51389377643972
975974,episodic_length,1000.0
976896,value_loss,0.003146953182294965
976896,policy_loss,-0.00030514225363731384
976896,approx_kl,0.0028855837881565094
976896,clipfrac,0.01103515625
976896,explained_variance,0.9221481531858444
976896,sps,535.0
976975,episodic_return,93.71727653367905
976975,episodic_length,1000.0
977976,episodic_return,91.86400518998505
977976,episodic_length,1000.0
978944,value_loss,0.01602858491241932
978944,policy_loss,-0.011146485805511475
978944,approx_kl,0.0037192068994045258
978944,clipfrac,0.00302734375
978944,explained_variance,0.9247412085533142
978944,sps,535.0
978977,episodic_return,93.48595662643484
978977,episodic_length,1000.0
979978,episodic_return,93.5326074123764
979978,episodic_length,1000.0
980979,episodic_return,89.70762458686777
980979,episodic_length,1000.0
980992,value_loss,0.0071768746711313725
980992,policy_loss,-0.013359840959310532
980992,approx_kl,0.0023008896969258785
980992,clipfrac,0.002783203125
980992,explained_variance,0.9042517989873886
980992,sps,535.0
981980,episodic_return,95.39220270031402
981980,episodic_length,1000.0
982981,episodic_return,93.96028492938323
982981,episodic_length,1000.0
983040,value_loss,0.006766027770936489
983040,policy_loss,-0.0002464689314365387
983040,approx_kl,0.0014148117043077946
983040,clipfrac,0.00400390625
983040,explained_variance,0.9298391789197922
983040,sps,535.0
983982,episodic_return,98.17126561687253
983982,episodic_length,1000.0
984983,episodic_return,92.17209348985885
984983,episodic_length,1000.0
985088,value_loss,0.0028233949560672045
985088,policy_loss,-0.0210396870970726
985088,approx_kl,0.0052406322211027145
985088,clipfrac,0.00751953125
985088,explained_variance,0.9266359955072403
985088,sps,535.0
985984,episodic_return,95.74818830396516
985984,episodic_length,1000.0
986985,episodic_return,92.11940055740659
986985,episodic_length,1000.0
987136,value_loss,0.003551310859620571
987136,policy_loss,-1.6916543245315552e-05
987136,approx_kl,0.0006218273192644119
987136,clipfrac,4.8828125e-05
987136,explained_variance,0.9192832186818123
987136,sps,535.0
987986,episodic_return,89.82946174256962
987986,episodic_length,1000.0
988987,episodic_return,96.16553155660965
988987,episodic_length,1000.0
989184,value_loss,0.0005962530267424881
989184,policy_loss,0.0014001429080963135
989184,approx_kl,0.0012408317998051643
989184,clipfrac,0.00068359375
989184,explained_variance,0.9086722508072853
989184,sps,535.0
989988,episodic_return,93.13631980187743
989988,episodic_length,1000.0
990989,episodic_return,92.45022946445575
990989,episodic_length,1000.0
991232,value_loss,0.0003003887250088155
991232,policy_loss,-0.004007026553153992
991232,approx_kl,0.0002535926178097725
991232,clipfrac,0.0
991232,explained_variance,0.9196982756257057
991232,sps,535.0
991990,episodic_return,94.58699233020891
991990,episodic_length,1000.0
992991,episodic_return,96.97810594165591
992991,episodic_length,1000.0
993280,value_loss,0.011504247784614563
993280,policy_loss,-0.0036585964262485504
993280,approx_kl,0.0005203941836953163
993280,clipfrac,0.0
993280,explained_variance,0.9206622615456581
993280,sps,535.0
993992,episodic_return,94.51110779261927
993992,episodic_length,1000.0
994993,episodic_return,94.77080541941984
994993,episodic_length,1000.0
995328,value_loss,0.006328114308416843
995328,policy_loss,0.0012446269392967224
995328,approx_kl,0.00031845783814787865
995328,clipfrac,0.0
995328,explained_variance,0.916038379073143
995328,sps,535.0
995994,episodic_return,95.11624610718079
995994,episodic_length,1000.0
996995,episodic_return,95.15260620298815
996995,episodic_length,1000.0
997376,value_loss,0.001805145526304841
997376,policy_loss,-0.0016950368881225586
997376,approx_kl,4.779640585184097e-05
997376,clipfrac,0.0
997376,explained_variance,0.9264655336737633
997376,sps,535.0
997996,episodic_return,92.5110903006755
997996,episodic_length,1000.0
998997,episodic_return,94.76088090093552
998997,episodic_length,1000.0
999424,value_loss,0.1332940310239792
999424,policy_loss,-4.7422945499420166e-05
999424,approx_kl,2.184975892305374e-05
999424,clipfrac,0.0
999424,explained_variance,0.9218621477484703
999424,sps,535.0
