global_step,metric,value
21,episodic_return,21.87003716149216
21,episodic_length,21.0
50,episodic_return,31.954836523895718
50,episodic_length,28.0
72,episodic_return,23.003186981657446
72,episodic_length,21.0
82,episodic_return,2.924855410320595
82,episodic_length,9.0
101,episodic_return,12.829187140102214
101,episodic_length,18.0
115,episodic_return,8.424722469785936
115,episodic_length,13.0
125,episodic_return,5.964409294738129
125,episodic_length,9.0
135,episodic_return,6.4719265840903715
135,episodic_length,9.0
155,episodic_return,20.4427184258022
155,episodic_length,19.0
175,episodic_return,11.196248954452106
175,episodic_length,19.0
194,episodic_return,11.128604231027811
194,episodic_length,18.0
241,episodic_return,47.28337836690845
241,episodic_length,46.0
256,episodic_return,7.551998237188354
256,episodic_length,14.0
265,episodic_return,5.432621829411368
265,episodic_length,8.0
282,episodic_return,9.051835991492835
282,episodic_length,16.0
308,episodic_return,8.877889054827945
308,episodic_length,25.0
323,episodic_return,5.869513068271509
323,episodic_length,14.0
344,episodic_return,15.693280366832198
344,episodic_length,20.0
358,episodic_return,7.6329678690038225
358,episodic_length,13.0
374,episodic_return,11.697124275717899
374,episodic_length,15.0
386,episodic_return,6.379499794765728
386,episodic_length,11.0
434,episodic_return,73.08724483786492
434,episodic_length,47.0
444,episodic_return,5.105163628975145
444,episodic_length,9.0
457,episodic_return,7.349443517656553
457,episodic_length,12.0
478,episodic_return,20.55928309015544
478,episodic_length,20.0
494,episodic_return,12.074116083951878
494,episodic_length,15.0
511,episodic_return,16.089327908742654
511,episodic_length,16.0
526,episodic_return,4.054444517563494
526,episodic_length,14.0
540,episodic_return,10.906997788141185
540,episodic_length,13.0
566,episodic_return,14.044744598051388
566,episodic_length,25.0
581,episodic_return,8.458659293500478
581,episodic_length,14.0
601,episodic_return,19.63310603912617
601,episodic_length,19.0
677,episodic_return,115.02132550999548
677,episodic_length,75.0
691,episodic_return,11.737214154868019
691,episodic_length,13.0
705,episodic_return,9.938967429532537
705,episodic_length,13.0
726,episodic_return,9.385948950672026
726,episodic_length,20.0
745,episodic_return,17.627298808609577
745,episodic_length,18.0
778,episodic_return,27.732294997447553
778,episodic_length,32.0
820,episodic_return,31.228742767917378
820,episodic_length,41.0
848,episodic_return,14.192584166537038
848,episodic_length,27.0
868,episodic_return,9.482313201187042
868,episodic_length,19.0
890,episodic_return,22.814883440170192
890,episodic_length,21.0
906,episodic_return,13.335108004382278
906,episodic_length,15.0
921,episodic_return,8.861741570429974
921,episodic_length,14.0
968,episodic_return,76.58709394058613
968,episodic_length,46.0
985,episodic_return,10.406630712830225
985,episodic_length,16.0
998,episodic_return,8.21390678986459
998,episodic_length,12.0
1016,episodic_return,7.810063113306899
1016,episodic_length,17.0
1036,episodic_return,11.983773317803411
1036,episodic_length,19.0
1061,episodic_return,16.0253196495283
1061,episodic_length,24.0
1076,episodic_return,11.744322330239706
1076,episodic_length,14.0
1096,episodic_return,16.762099177735312
1096,episodic_length,19.0
1107,episodic_return,7.076927584742222
1107,episodic_length,10.0
1116,episodic_return,5.031434955606452
1116,episodic_length,8.0
1131,episodic_return,11.382591727812441
1131,episodic_length,14.0
1145,episodic_return,8.613346206618681
1145,episodic_length,13.0
1161,episodic_return,8.569457662307629
1161,episodic_length,15.0
1195,episodic_return,20.806336615929347
1195,episodic_length,33.0
1213,episodic_return,12.117073393407559
1213,episodic_length,17.0
1233,episodic_return,17.246548695943357
1233,episodic_length,19.0
1248,episodic_return,7.00412548791113
1248,episodic_length,14.0
1266,episodic_return,11.822636087354772
1266,episodic_length,17.0
1281,episodic_return,11.713534436258813
1281,episodic_length,14.0
1305,episodic_return,12.87073534384825
1305,episodic_length,23.0
1316,episodic_return,5.622203912267198
1316,episodic_length,10.0
1332,episodic_return,7.159409375710836
1332,episodic_length,15.0
1358,episodic_return,24.15397385702755
1358,episodic_length,25.0
1371,episodic_return,9.726916823808025
1371,episodic_length,12.0
1396,episodic_return,14.254755105337722
1396,episodic_length,24.0
1418,episodic_return,8.215765176380774
1418,episodic_length,21.0
1438,episodic_return,16.35077114110657
1438,episodic_length,19.0
1468,episodic_return,22.208635088462515
1468,episodic_length,29.0
1481,episodic_return,8.97598659796178
1481,episodic_length,12.0
1500,episodic_return,12.566361702764832
1500,episodic_length,18.0
1522,episodic_return,15.76820245523235
1522,episodic_length,21.0
1538,episodic_return,9.487991704585793
1538,episodic_length,15.0
1548,episodic_return,4.499157768939808
1548,episodic_length,9.0
1573,episodic_return,20.836191025350697
1573,episodic_length,24.0
1588,episodic_return,7.67181325564079
1588,episodic_length,14.0
1599,episodic_return,5.582789489348452
1599,episodic_length,10.0
1624,episodic_return,28.487443667775693
1624,episodic_length,24.0
1641,episodic_return,11.700826572787502
1641,episodic_length,16.0
1661,episodic_return,9.244805867553533
1661,episodic_length,19.0
1699,episodic_return,38.605840346238004
1699,episodic_length,37.0
1713,episodic_return,5.650578342915997
1713,episodic_length,13.0
1735,episodic_return,10.890557983341404
1735,episodic_length,21.0
1746,episodic_return,7.63133742469727
1746,episodic_length,10.0
1775,episodic_return,14.065953011579749
1775,episodic_length,28.0
1797,episodic_return,12.550493357070687
1797,episodic_length,21.0
1822,episodic_return,24.15365303288331
1822,episodic_length,24.0
1833,episodic_return,5.676029728684331
1833,episodic_length,10.0
1845,episodic_return,7.9217062735355865
1845,episodic_length,11.0
1865,episodic_return,9.309487075260645
1865,episodic_length,19.0
1881,episodic_return,7.095569259498594
1881,episodic_length,15.0
1895,episodic_return,6.444991348415193
1895,episodic_length,13.0
1916,episodic_return,10.729849938256272
1916,episodic_length,20.0
1935,episodic_return,8.363826237476731
1935,episodic_length,18.0
1961,episodic_return,27.60238623666426
1961,episodic_length,25.0
2002,episodic_return,29.692374634655447
2002,episodic_length,40.0
2016,episodic_return,7.525670182662816
2016,episodic_length,13.0
2029,episodic_return,8.548871193984544
2029,episodic_length,12.0
2048,value_loss,0.2580011188983917
2048,policy_loss,-0.1506228744983673
2048,approx_kl,0.22723388671875
2048,clipfrac,0.422607421875
2048,explained_variance,-0.04906129837036133
2048,sps,495.0
2055,episodic_return,7.946321140826644
2055,episodic_length,25.0
2101,episodic_return,76.62976346055906
2101,episodic_length,45.0
2132,episodic_return,28.242365511918866
2132,episodic_length,30.0
2169,episodic_return,43.43363545969417
2169,episodic_length,36.0
2202,episodic_return,43.1766654348707
2202,episodic_length,32.0
2229,episodic_return,26.675535102436466
2229,episodic_length,26.0
2258,episodic_return,34.670979846223666
2258,episodic_length,28.0
2282,episodic_return,24.24354295653966
2282,episodic_length,23.0
2298,episodic_return,15.214264204782198
2298,episodic_length,15.0
2322,episodic_return,19.429667817404724
2322,episodic_length,23.0
2342,episodic_return,12.612218807829802
2342,episodic_length,19.0
2388,episodic_return,66.48616886982613
2388,episodic_length,45.0
2417,episodic_return,33.85456779315354
2417,episodic_length,28.0
2458,episodic_return,61.94757369541718
2458,episodic_length,40.0
2479,episodic_return,20.844061147702025
2479,episodic_length,20.0
2509,episodic_return,38.01081193782538
2509,episodic_length,29.0
2527,episodic_return,15.471953517669899
2527,episodic_length,17.0
2584,episodic_return,101.72651913872151
2584,episodic_length,56.0
2611,episodic_return,31.297333918145515
2611,episodic_length,26.0
2637,episodic_return,31.68872434116973
2637,episodic_length,25.0
2657,episodic_return,20.925685608727473
2657,episodic_length,19.0
2702,episodic_return,63.356946332817735
2702,episodic_length,44.0
2737,episodic_return,55.32315342565884
2737,episodic_length,34.0
2770,episodic_return,43.66127894729346
2770,episodic_length,32.0
2835,episodic_return,123.33920130379673
2835,episodic_length,64.0
2865,episodic_return,36.92250460615517
2865,episodic_length,29.0
2898,episodic_return,18.429972923966925
2898,episodic_length,32.0
2923,episodic_return,27.983572506008727
2923,episodic_length,24.0
2942,episodic_return,19.94550898797758
2942,episodic_length,18.0
2953,episodic_return,6.147390227597731
2953,episodic_length,10.0
3000,episodic_return,69.70556136381927
3000,episodic_length,46.0
3025,episodic_return,26.060321699510766
3025,episodic_length,24.0
3092,episodic_return,93.57467846999992
3092,episodic_length,66.0
3143,episodic_return,78.0448073133451
3143,episodic_length,50.0
3210,episodic_return,123.42844960960127
3210,episodic_length,66.0
3256,episodic_return,70.88428763930528
3256,episodic_length,45.0
3287,episodic_return,36.89655412329463
3287,episodic_length,30.0
3314,episodic_return,30.749968164962823
3314,episodic_length,26.0
3340,episodic_return,31.34888571195106
3340,episodic_length,25.0
3355,episodic_return,9.71463951624417
3355,episodic_length,14.0
3436,episodic_return,162.50555011544088
3436,episodic_length,80.0
3487,episodic_return,75.15290986407233
3487,episodic_length,50.0
3511,episodic_return,22.583603562065395
3511,episodic_length,23.0
3532,episodic_return,21.317007152830733
3532,episodic_length,20.0
3553,episodic_return,20.773852403325485
3553,episodic_length,20.0
3576,episodic_return,24.99176825434446
3576,episodic_length,22.0
3613,episodic_return,57.83683160859709
3613,episodic_length,36.0
3645,episodic_return,42.198688860749186
3645,episodic_length,31.0
3699,episodic_return,87.08583134373178
3699,episodic_length,53.0
3739,episodic_return,49.0140334938474
3739,episodic_length,39.0
3763,episodic_return,24.99093726480343
3763,episodic_length,23.0
3781,episodic_return,14.846808739433092
3781,episodic_length,17.0
3812,episodic_return,43.03100035739948
3812,episodic_length,30.0
3864,episodic_return,82.26943015934657
3864,episodic_length,51.0
3905,episodic_return,64.96719518773313
3905,episodic_length,40.0
3927,episodic_return,23.425051446248638
3927,episodic_length,21.0
3943,episodic_return,13.3964922677077
3943,episodic_length,15.0
3983,episodic_return,62.972311181997405
3983,episodic_length,39.0
3999,episodic_return,14.03189550290664
3999,episodic_length,15.0
4038,episodic_return,49.428491774645344
4038,episodic_length,38.0
4071,episodic_return,51.792877428308074
4071,episodic_length,32.0
4080,episodic_return,3.83164004263693
4080,episodic_length,8.0
4096,value_loss,0.3565051257610321
4096,policy_loss,-0.13531494140625
4096,approx_kl,0.5257856249809265
4096,clipfrac,0.56494140625
4096,explained_variance,0.18412137031555176
4096,sps,523.0
4118,episodic_return,61.09906652126021
4118,episodic_length,37.0
4153,episodic_return,54.68343123314727
4153,episodic_length,34.0
4190,episodic_return,57.28109939609021
4190,episodic_length,36.0
4242,episodic_return,89.69590020269733
4242,episodic_length,51.0
4283,episodic_return,64.83856218848965
4283,episodic_length,40.0
4329,episodic_return,77.48228531548573
4329,episodic_length,45.0
4386,episodic_return,103.18956728297836
4386,episodic_length,56.0
4430,episodic_return,71.29494815825123
4430,episodic_length,43.0
4471,episodic_return,64.29034657773788
4471,episodic_length,40.0
4516,episodic_return,73.88035039449589
4516,episodic_length,44.0
4567,episodic_return,87.06422018012996
4567,episodic_length,50.0
4605,episodic_return,60.04012899879466
4605,episodic_length,37.0
4646,episodic_return,64.02001672001711
4646,episodic_length,40.0
4694,episodic_return,81.80702251385371
4694,episodic_length,47.0
4732,episodic_return,59.23672228058869
4732,episodic_length,37.0
4778,episodic_return,76.50232970632536
4778,episodic_length,45.0
4827,episodic_return,82.68566556991651
4827,episodic_length,48.0
4868,episodic_return,66.2014225822655
4868,episodic_length,40.0
4916,episodic_return,80.95080493475331
4916,episodic_length,47.0
4955,episodic_return,61.90403107968755
4955,episodic_length,38.0
4993,episodic_return,60.69460434874151
4993,episodic_length,37.0
5026,episodic_return,52.3651323361032
5026,episodic_length,32.0
5067,episodic_return,65.50342107096071
5067,episodic_length,40.0
5104,episodic_return,58.43131880273554
5104,episodic_length,36.0
5141,episodic_return,58.720400153372715
5141,episodic_length,36.0
5176,episodic_return,55.04451285266224
5176,episodic_length,34.0
5214,episodic_return,60.19161027381245
5214,episodic_length,37.0
5250,episodic_return,56.37222886095964
5250,episodic_length,35.0
5297,episodic_return,78.96208782652124
5297,episodic_length,46.0
5334,episodic_return,58.15230600948017
5334,episodic_length,36.0
5377,episodic_return,71.63685719003723
5377,episodic_length,42.0
5427,episodic_return,85.57110446872599
5427,episodic_length,49.0
5464,episodic_return,57.88043194635751
5464,episodic_length,36.0
5511,episodic_return,79.35874572924058
5511,episodic_length,46.0
5550,episodic_return,62.78826775286801
5550,episodic_length,38.0
5594,episodic_return,72.00443707650268
5594,episodic_length,43.0
5631,episodic_return,59.222522492503145
5631,episodic_length,36.0
5673,episodic_return,68.19834265623432
5673,episodic_length,41.0
5721,episodic_return,75.8680348176512
5721,episodic_length,47.0
5757,episodic_return,56.315846350050414
5757,episodic_length,35.0
5799,episodic_return,65.72944731681334
5799,episodic_length,41.0
5838,episodic_return,62.863370302437076
5838,episodic_length,38.0
5885,episodic_return,77.54616009959184
5885,episodic_length,46.0
5924,episodic_return,62.01230665078854
5924,episodic_length,38.0
5971,episodic_return,73.76751528591792
5971,episodic_length,46.0
6013,episodic_return,68.44384696991128
6013,episodic_length,41.0
6051,episodic_return,58.77940347140752
6051,episodic_length,37.0
6088,episodic_return,57.021021383059484
6088,episodic_length,36.0
6130,episodic_return,67.3967533778468
6130,episodic_length,41.0
6144,value_loss,0.2806682884693146
6144,policy_loss,-0.3312270939350128
6144,approx_kl,1.055174469947815
6144,clipfrac,0.639892578125
6144,explained_variance,-0.17294085025787354
6144,sps,536.0
6205,episodic_return,148.65736614064517
6205,episodic_length,74.0
6261,episodic_return,92.51609317587277
6261,episodic_length,55.0
6341,episodic_return,150.98440031034875
6341,episodic_length,79.0
6413,episodic_return,134.27339011559997
6413,episodic_length,71.0
6491,episodic_return,153.00590506030593
6491,episodic_length,77.0
6560,episodic_return,130.43411005945907
6560,episodic_length,68.0
6647,episodic_return,147.99764798111934
6647,episodic_length,86.0
6699,episodic_return,80.58276634260491
6699,episodic_length,51.0
6770,episodic_return,124.74938140589921
6770,episodic_length,70.0
6853,episodic_return,175.45836494661313
6853,episodic_length,82.0
6905,episodic_return,80.66586848052785
6905,episodic_length,51.0
6950,episodic_return,64.25937021207926
6950,episodic_length,44.0
7027,episodic_return,135.4499576391332
7027,episodic_length,76.0
7112,episodic_return,166.41701403108095
7112,episodic_length,84.0
7162,episodic_return,73.95849276896821
7162,episodic_length,49.0
7238,episodic_return,140.43375487851978
7238,episodic_length,75.0
7310,episodic_return,127.52344698342033
7310,episodic_length,71.0
7397,episodic_return,179.28689994615297
7397,episodic_length,86.0
7478,episodic_return,155.57589230997556
7478,episodic_length,80.0
7527,episodic_return,70.95559340041085
7527,episodic_length,48.0
7577,episodic_return,76.62498639741759
7577,episodic_length,49.0
7676,episodic_return,198.70488434056858
7676,episodic_length,98.0
7727,episodic_return,79.2629705818899
7727,episodic_length,50.0
7803,episodic_return,144.7024705678243
7803,episodic_length,75.0
7894,episodic_return,190.28615853609284
7894,episodic_length,90.0
7986,episodic_return,180.8923778967702
7986,episodic_length,91.0
8037,episodic_return,82.05624038628007
8037,episodic_length,50.0
8105,episodic_return,122.84235251187287
8105,episodic_length,67.0
8149,episodic_return,62.13958630785597
8149,episodic_length,43.0
8192,value_loss,0.24508318305015564
8192,policy_loss,-0.3872253894805908
8192,approx_kl,1.010279893875122
8192,clipfrac,0.701123046875
8192,explained_variance,0.38025766611099243
8192,sps,550.0
8241,episodic_return,205.1775232633765
8241,episodic_length,91.0
8333,episodic_return,204.69005302734675
8333,episodic_length,91.0
8425,episodic_return,204.71294465803336
8425,episodic_length,91.0
8514,episodic_return,195.37194784655784
8514,episodic_length,88.0
8604,episodic_return,202.44047520343128
8604,episodic_length,89.0
8693,episodic_return,195.97349972323346
8693,episodic_length,88.0
8780,episodic_return,192.26469184366277
8780,episodic_length,86.0
8870,episodic_return,200.02200805740858
8870,episodic_length,89.0
8963,episodic_return,203.8176617374317
8963,episodic_length,92.0
9052,episodic_return,195.7497585227187
9052,episodic_length,88.0
9147,episodic_return,212.90050529255026
9147,episodic_length,94.0
9234,episodic_return,185.18854369912228
9234,episodic_length,86.0
9324,episodic_return,199.64213001439103
9324,episodic_length,89.0
9418,episodic_return,210.49111849388288
9418,episodic_length,93.0
9507,episodic_return,196.39793998432415
9507,episodic_length,88.0
9600,episodic_return,207.78225780047768
9600,episodic_length,92.0
9693,episodic_return,207.27113316085894
9693,episodic_length,92.0
9783,episodic_return,202.75453073788233
9783,episodic_length,89.0
9875,episodic_return,205.956198971611
9875,episodic_length,91.0
9965,episodic_return,199.53594024923302
9965,episodic_length,89.0
10059,episodic_return,211.1737571698124
10059,episodic_length,93.0
10146,episodic_return,189.6473752354864
10146,episodic_length,86.0
10239,episodic_return,205.76369433418253
10239,episodic_length,92.0
10240,value_loss,0.1739347130060196
10240,policy_loss,-0.5110101699829102
10240,approx_kl,1.3008824586868286
10240,clipfrac,0.685986328125
10240,explained_variance,0.47287261486053467
10240,sps,553.0
10316,episodic_return,157.7224769541167
10316,episodic_length,76.0
10404,episodic_return,191.53583748179537
10404,episodic_length,87.0
10425,episodic_return,20.149999383761976
10425,episodic_length,20.0
10512,episodic_return,190.39787212785652
10512,episodic_length,86.0
10597,episodic_return,177.6194289484705
10597,episodic_length,84.0
10679,episodic_return,176.60226913575298
10679,episodic_length,81.0
10778,episodic_return,232.01378882650906
10778,episodic_length,98.0
10851,episodic_return,146.10353825886062
10851,episodic_length,72.0
10874,episodic_return,23.28988698245772
10874,episodic_length,22.0
10961,episodic_return,191.2767261494282
10961,episodic_length,86.0
11048,episodic_return,192.18934535070505
11048,episodic_length,86.0
11122,episodic_return,148.72195235009238
11122,episodic_length,73.0
11151,episodic_return,33.81639961188281
11151,episodic_length,28.0
11242,episodic_return,188.8480072077278
11242,episodic_length,90.0
11262,episodic_return,16.700526051440132
11262,episodic_length,19.0
11357,episodic_return,217.57448113662042
11357,episodic_length,94.0
11432,episodic_return,150.47659588003384
11432,episodic_length,74.0
11524,episodic_return,209.51144918213
11524,episodic_length,91.0
11551,episodic_return,30.892889661895065
11551,episodic_length,26.0
11641,episodic_return,191.4555944170397
11641,episodic_length,89.0
11736,episodic_return,211.0499463434446
11736,episodic_length,94.0
11812,episodic_return,156.24862974809255
11812,episodic_length,75.0
11910,episodic_return,225.94065698408446
11910,episodic_length,97.0
11988,episodic_return,162.35583426478686
11988,episodic_length,77.0
12061,episodic_return,143.2521106404677
12061,episodic_length,72.0
12140,episodic_return,160.03719395406316
12140,episodic_length,78.0
12162,episodic_return,21.731831563632255
12162,episodic_length,21.0
12184,episodic_return,21.471301209087418
12184,episodic_length,21.0
12271,episodic_return,195.8060201243685
12271,episodic_length,86.0
12288,value_loss,0.1305495798587799
12288,policy_loss,-0.2553628981113434
12288,approx_kl,2.3773579597473145
12288,clipfrac,0.7400390625
12288,explained_variance,0.4772304892539978
12288,sps,554.0
12341,episodic_return,126.55426524835104
12341,episodic_length,69.0
12413,episodic_return,128.2111300317254
12413,episodic_length,71.0
12485,episodic_return,120.182738374574
12485,episodic_length,71.0
12563,episodic_return,137.06555776974486
12563,episodic_length,77.0
12653,episodic_return,160.14016717796636
12653,episodic_length,89.0
12724,episodic_return,127.80785365253271
12724,episodic_length,70.0
12809,episodic_return,155.9167666657398
12809,episodic_length,84.0
12876,episodic_return,116.6696606089431
12876,episodic_length,66.0
12951,episodic_return,133.53375578858643
12951,episodic_length,74.0
13024,episodic_return,126.00176432840207
13024,episodic_length,72.0
13102,episodic_return,135.2782240640304
13102,episodic_length,77.0
13171,episodic_return,123.99447105311451
13171,episodic_length,68.0
13243,episodic_return,126.58627096747352
13243,episodic_length,71.0
13316,episodic_return,121.65176141899292
13316,episodic_length,72.0
13390,episodic_return,135.84217821999442
13390,episodic_length,73.0
13483,episodic_return,165.0733748051963
13483,episodic_length,92.0
13556,episodic_return,131.94165158555
13556,episodic_length,72.0
13619,episodic_return,109.40312603955
13619,episodic_length,62.0
13695,episodic_return,138.08937449466413
13695,episodic_length,75.0
13762,episodic_return,116.55972600961081
13762,episodic_length,66.0
13829,episodic_return,118.21235632253116
13829,episodic_length,66.0
13904,episodic_return,134.52223320616608
13904,episodic_length,74.0
13972,episodic_return,121.76259974629285
13972,episodic_length,67.0
14049,episodic_return,143.71729808105135
14049,episodic_length,76.0
14126,episodic_return,137.89510635694626
14126,episodic_length,76.0
14194,episodic_return,119.71181983997154
14194,episodic_length,67.0
14279,episodic_return,155.35786150133166
14279,episodic_length,84.0
14336,value_loss,0.273775577545166
14336,policy_loss,-0.4379098415374756
14336,approx_kl,3.223302125930786
14336,clipfrac,0.68798828125
14336,explained_variance,0.5649127960205078
14336,sps,555.0
14385,episodic_return,249.65730550882012
14385,episodic_length,105.0
14486,episodic_return,241.3245560397411
14486,episodic_length,100.0
14594,episodic_return,260.5311922547169
14594,episodic_length,107.0
14704,episodic_return,268.09843293374934
14704,episodic_length,109.0
14806,episodic_return,245.76901197778676
14806,episodic_length,101.0
14900,episodic_return,214.7693488825325
14900,episodic_length,93.0
14996,episodic_return,220.07417531302846
14996,episodic_length,95.0
15087,episodic_return,204.8459349005949
15087,episodic_length,90.0
15176,episodic_return,195.9729193900786
15176,episodic_length,88.0
15275,episodic_return,233.90793158877008
15275,episodic_length,98.0
15370,episodic_return,218.19623827242643
15370,episodic_length,94.0
15467,episodic_return,223.82654440148744
15467,episodic_length,96.0
15558,episodic_return,204.90060926403174
15558,episodic_length,90.0
15655,episodic_return,221.60960863596577
15655,episodic_length,96.0
15748,episodic_return,214.98598427164305
15748,episodic_length,92.0
15840,episodic_return,208.60126281634078
15840,episodic_length,91.0
15932,episodic_return,207.7599480198671
15932,episodic_length,91.0
16028,episodic_return,225.1356687809495
16028,episodic_length,95.0
16124,episodic_return,227.20311379919343
16124,episodic_length,95.0
16217,episodic_return,212.4041735270079
16217,episodic_length,92.0
16307,episodic_return,203.0440309196141
16307,episodic_length,89.0
16384,value_loss,0.03814174234867096
16384,policy_loss,-0.1731407642364502
16384,approx_kl,1.7340717315673828
16384,clipfrac,0.621337890625
16384,explained_variance,0.7662081271409988
16384,sps,559.0
16399,episodic_return,208.91808959602463
16399,episodic_length,91.0
16496,episodic_return,227.2007127154544
16496,episodic_length,96.0
16591,episodic_return,215.88756610136653
16591,episodic_length,94.0
16683,episodic_return,209.57182456078777
16683,episodic_length,91.0
16788,episodic_return,258.8439409940347
16788,episodic_length,104.0
16888,episodic_return,235.81027857245365
16888,episodic_length,99.0
16988,episodic_return,239.83210663874584
16988,episodic_length,99.0
17079,episodic_return,210.75639468400175
17079,episodic_length,90.0
17181,episodic_return,236.44286396864183
17181,episodic_length,101.0
17280,episodic_return,233.84056512978646
17280,episodic_length,98.0
17380,episodic_return,239.3867104820843
17380,episodic_length,99.0
17472,episodic_return,212.43055316404204
17472,episodic_length,91.0
17567,episodic_return,217.78511055931966
17567,episodic_length,94.0
17664,episodic_return,229.76879634301346
17664,episodic_length,96.0
17760,episodic_return,223.5852428776155
17760,episodic_length,95.0
17855,episodic_return,216.81572386028287
17855,episodic_length,94.0
17948,episodic_return,209.3374302226223
17948,episodic_length,92.0
18049,episodic_return,245.82201150692427
18049,episodic_length,100.0
18142,episodic_return,208.95742009596464
18142,episodic_length,92.0
18243,episodic_return,237.00241558866955
18243,episodic_length,100.0
18337,episodic_return,215.03454565291747
18337,episodic_length,93.0
18432,value_loss,0.025581803172826767
18432,policy_loss,0.038435012102127075
18432,approx_kl,0.6735633611679077
18432,clipfrac,0.736572265625
18432,explained_variance,0.8125802576541901
18432,sps,559.0
18435,episodic_return,227.47956494169597
18435,episodic_length,97.0
18532,episodic_return,229.1930090067093
18532,episodic_length,96.0
18637,episodic_return,262.77480528092184
18637,episodic_length,104.0
18739,episodic_return,240.39933124425863
18739,episodic_length,101.0
18843,episodic_return,251.2732496910795
18843,episodic_length,103.0
18942,episodic_return,236.58591087655185
18942,episodic_length,98.0
19051,episodic_return,268.3548392085251
19051,episodic_length,108.0
19145,episodic_return,209.8794527071489
19145,episodic_length,93.0
19247,episodic_return,244.70487885568792
19247,episodic_length,101.0
19339,episodic_return,209.1847350331524
19339,episodic_length,91.0
19430,episodic_return,206.93978915014543
19430,episodic_length,90.0
19532,episodic_return,241.46587075674165
19532,episodic_length,101.0
19623,episodic_return,196.00817667280424
19623,episodic_length,90.0
19720,episodic_return,226.42888306469126
19720,episodic_length,96.0
19822,episodic_return,240.18440941784863
19822,episodic_length,101.0
19919,episodic_return,228.7488608087013
19919,episodic_length,96.0
20017,episodic_return,226.53653693536035
20017,episodic_length,97.0
20124,episodic_return,263.5974666960611
20124,episodic_length,106.0
20226,episodic_return,241.1303164135075
20226,episodic_length,101.0
20332,episodic_return,250.38611747819775
20332,episodic_length,105.0
20427,episodic_return,222.36097495320357
20427,episodic_length,94.0
20480,value_loss,0.045514047145843506
20480,policy_loss,-0.42786842584609985
20480,approx_kl,0.5065538287162781
20480,clipfrac,0.611962890625
20480,explained_variance,0.8423661291599274
20480,sps,560.0
20534,episodic_return,254.86293983517206
20534,episodic_length,106.0
20647,episodic_return,271.8706208643179
20647,episodic_length,112.0
20760,episodic_return,276.0495934763554
20760,episodic_length,112.0
20868,episodic_return,259.5574944206598
20868,episodic_length,107.0
20980,episodic_return,278.80372920261544
20980,episodic_length,111.0
21089,episodic_return,263.5161957847416
21089,episodic_length,108.0
21203,episodic_return,271.0991312227324
21203,episodic_length,113.0
21310,episodic_return,256.0442264368606
21310,episodic_length,106.0
21419,episodic_return,262.5902126755787
21419,episodic_length,108.0
21534,episodic_return,279.6994189151772
21534,episodic_length,114.0
21647,episodic_return,270.38208919504217
21647,episodic_length,112.0
21753,episodic_return,255.0028583169816
21753,episodic_length,105.0
21862,episodic_return,265.25492032117796
21862,episodic_length,108.0
21972,episodic_return,260.6244984220355
21972,episodic_length,109.0
22082,episodic_return,266.9133733872003
22082,episodic_length,109.0
22196,episodic_return,276.98252520284024
22196,episodic_length,113.0
22304,episodic_return,252.25586496111345
22304,episodic_length,107.0
22413,episodic_return,262.83357464347046
22413,episodic_length,108.0
22525,episodic_return,269.66436500300244
22525,episodic_length,111.0
22528,value_loss,0.05238833278417587
22528,policy_loss,-0.18048113584518433
22528,approx_kl,2.0032691955566406
22528,clipfrac,0.607470703125
22528,explained_variance,0.8024335652589798
22528,sps,558.0
22641,episodic_return,272.8206278347478
22641,episodic_length,115.0
22762,episodic_return,297.26398340813404
22762,episodic_length,120.0
22884,episodic_return,292.97579595137756
22884,episodic_length,121.0
23008,episodic_return,298.6940237970726
23008,episodic_length,123.0
23127,episodic_return,286.7714418799004
23127,episodic_length,118.0
23245,episodic_return,288.5472364696808
23245,episodic_length,117.0
23365,episodic_return,290.0323707589639
23365,episodic_length,119.0
23482,episodic_return,291.394393485741
23482,episodic_length,116.0
23602,episodic_return,288.87071072305133
23602,episodic_length,119.0
23723,episodic_return,292.37704362190357
23723,episodic_length,120.0
23843,episodic_return,290.2567304348363
23843,episodic_length,119.0
23961,episodic_return,284.98262575552934
23961,episodic_length,117.0
24081,episodic_return,286.6204795995252
24081,episodic_length,119.0
24201,episodic_return,288.2970937803493
24201,episodic_length,119.0
24323,episodic_return,292.26008662944946
24323,episodic_length,121.0
24439,episodic_return,280.1873899895935
24439,episodic_length,115.0
24560,episodic_return,288.89204345856217
24560,episodic_length,120.0
24576,value_loss,0.042711615562438965
24576,policy_loss,-0.025164004415273666
24576,approx_kl,2.282439708709717
24576,clipfrac,0.652734375
24576,explained_variance,0.9162331074476242
24576,sps,555.0
24678,episodic_return,290.7779737126259
24678,episodic_length,117.0
24794,episodic_return,286.53676708313725
24794,episodic_length,115.0
24916,episodic_return,325.6647646072294
24916,episodic_length,121.0
25038,episodic_return,323.5955322822556
25038,episodic_length,121.0
25152,episodic_return,277.49845297231406
25152,episodic_length,113.0
25266,episodic_return,279.53909804496965
25266,episodic_length,113.0
25385,episodic_return,299.26780825030295
25385,episodic_length,118.0
25499,episodic_return,272.44215036094096
25499,episodic_length,113.0
25620,episodic_return,310.3723203637372
25620,episodic_length,120.0
25738,episodic_return,299.68837712417576
25738,episodic_length,117.0
25858,episodic_return,301.377537134904
25858,episodic_length,119.0
25979,episodic_return,304.2649793564548
25979,episodic_length,120.0
26097,episodic_return,292.1194273664295
26097,episodic_length,117.0
26216,episodic_return,302.8174199759045
26216,episodic_length,118.0
26333,episodic_return,281.2456279359321
26333,episodic_length,116.0
26453,episodic_return,307.5968978129404
26453,episodic_length,119.0
26569,episodic_return,278.36904096987564
26569,episodic_length,115.0
26624,value_loss,0.021704237908124924
26624,policy_loss,-0.39568018913269043
26624,approx_kl,3.167623996734619
26624,clipfrac,0.718359375
26624,explained_variance,0.8775650188326836
26624,sps,556.0
26649,episodic_return,169.4424530780099
26649,episodic_length,79.0
26757,episodic_return,258.1946699689682
26757,episodic_length,107.0
26862,episodic_return,254.80991204008234
26862,episodic_length,104.0
26968,episodic_return,254.70969799850002
26968,episodic_length,105.0
27074,episodic_return,267.233162809498
27074,episodic_length,105.0
27182,episodic_return,270.75425423632095
27182,episodic_length,107.0
27288,episodic_return,264.9878442850289
27288,episodic_length,105.0
27398,episodic_return,274.5537743944756
27398,episodic_length,109.0
27501,episodic_return,249.9071164657738
27501,episodic_length,102.0
27611,episodic_return,275.11505854715875
27611,episodic_length,109.0
27719,episodic_return,263.07183804820414
27719,episodic_length,107.0
27796,episodic_return,160.77558850672997
27796,episodic_length,76.0
27906,episodic_return,265.3993424653983
27906,episodic_length,109.0
28019,episodic_return,273.2344320433625
28019,episodic_length,112.0
28126,episodic_return,271.5158700885536
28126,episodic_length,106.0
28231,episodic_return,263.62572906158675
28231,episodic_length,104.0
28339,episodic_return,263.4370021032133
28339,episodic_length,107.0
28413,episodic_return,148.31422034801335
28413,episodic_length,73.0
28492,episodic_return,166.10245769188268
28492,episodic_length,78.0
28601,episodic_return,266.92946584452557
28601,episodic_length,108.0
28672,value_loss,0.10671520233154297
28672,policy_loss,-0.2954666018486023
28672,approx_kl,2.9231679439544678
28672,clipfrac,0.740283203125
28672,explained_variance,0.7089951932430267
28672,sps,558.0
28698,episodic_return,224.70702002121556
28698,episodic_length,96.0
28804,episodic_return,253.44002820531543
28804,episodic_length,105.0
28826,episodic_return,24.36561438691767
28826,episodic_length,21.0
28932,episodic_return,261.41846664028526
28932,episodic_length,105.0
29035,episodic_return,252.06052590037413
29035,episodic_length,102.0
29135,episodic_return,239.31872434295212
29135,episodic_length,99.0
29238,episodic_return,246.20524274960326
29238,episodic_length,102.0
29344,episodic_return,257.69565878622916
29344,episodic_length,105.0
29449,episodic_return,258.6992927863968
29449,episodic_length,104.0
29547,episodic_return,231.95369942307488
29547,episodic_length,97.0
29649,episodic_return,245.2557494898857
29649,episodic_length,101.0
29756,episodic_return,257.29099448984437
29756,episodic_length,106.0
29858,episodic_return,245.74927417422492
29858,episodic_length,101.0
29957,episodic_return,231.03022381499235
29957,episodic_length,98.0
30056,episodic_return,233.00078573221379
30056,episodic_length,98.0
30158,episodic_return,246.18344016227036
30158,episodic_length,101.0
30179,episodic_return,24.10594985712982
30179,episodic_length,20.0
30277,episodic_return,234.4991332466617
30277,episodic_length,97.0
30376,episodic_return,234.0174176647187
30376,episodic_length,98.0
30397,episodic_return,24.113345732168728
30397,episodic_length,20.0
30427,episodic_return,40.246696033130576
30427,episodic_length,29.0
30533,episodic_return,265.54706652097684
30533,episodic_length,105.0
30641,episodic_return,269.40745371872566
30641,episodic_length,107.0
30720,value_loss,0.033252738416194916
30720,policy_loss,-0.2466810643672943
30720,approx_kl,4.4493560791015625
30720,clipfrac,0.743896484375
30720,explained_variance,0.7595620304346085
30720,sps,560.0
30747,episodic_return,256.8846590856442
30747,episodic_length,105.0
30854,episodic_return,252.39932258628494
30854,episodic_length,106.0
30962,episodic_return,256.61178506854753
30962,episodic_length,107.0
31071,episodic_return,259.4584943042504
31071,episodic_length,108.0
31179,episodic_return,253.32078931428623
31179,episodic_length,107.0
31289,episodic_return,263.073111312101
31289,episodic_length,109.0
31397,episodic_return,254.59111156735526
31397,episodic_length,107.0
31505,episodic_return,254.07265509522622
31505,episodic_length,107.0
31613,episodic_return,255.77680898925658
31613,episodic_length,107.0
31720,episodic_return,255.72330897618144
31720,episodic_length,106.0
31828,episodic_return,255.4571627987394
31828,episodic_length,107.0
31937,episodic_return,257.8291727843707
31937,episodic_length,108.0
32045,episodic_return,257.5877314659839
32045,episodic_length,107.0
32153,episodic_return,258.3349952326321
32153,episodic_length,107.0
32261,episodic_return,255.78210949898164
32261,episodic_length,107.0
32368,episodic_return,254.53646433237358
32368,episodic_length,106.0
32472,episodic_return,243.9041796426874
32472,episodic_length,103.0
32581,episodic_return,256.21969611653276
32581,episodic_length,108.0
32689,episodic_return,259.8915601988054
32689,episodic_length,107.0
32768,value_loss,0.04862305149435997
32768,policy_loss,-0.09570849686861038
32768,approx_kl,1.8587110042572021
32768,clipfrac,0.698193359375
32768,explained_variance,0.9014841467142105
32768,sps,561.0
32805,episodic_return,281.8960213699591
32805,episodic_length,115.0
32927,episodic_return,293.7596673817555
32927,episodic_length,121.0
33053,episodic_return,300.6356820231422
33053,episodic_length,125.0
33177,episodic_return,295.86130367555154
33177,episodic_length,123.0
33298,episodic_return,292.68338108454134
33298,episodic_length,120.0
33422,episodic_return,299.89372353933294
33422,episodic_length,123.0
33543,episodic_return,294.73310688326694
33543,episodic_length,120.0
33667,episodic_return,300.0897123029348
33667,episodic_length,123.0
33787,episodic_return,287.1791809473826
33787,episodic_length,119.0
33909,episodic_return,296.79242840981385
33909,episodic_length,121.0
34032,episodic_return,299.86168118991054
34032,episodic_length,122.0
34152,episodic_return,290.7108677553394
34152,episodic_length,119.0
34275,episodic_return,298.2795288419431
34275,episodic_length,122.0
34397,episodic_return,295.35458348095017
34397,episodic_length,121.0
34518,episodic_return,294.65815268547493
34518,episodic_length,120.0
34638,episodic_return,291.972009142748
34638,episodic_length,119.0
34762,episodic_return,295.47322848589164
34762,episodic_length,123.0
34816,value_loss,0.002125147730112076
34816,policy_loss,-0.19745740294456482
34816,approx_kl,0.9078490734100342
34816,clipfrac,0.613525390625
34816,explained_variance,0.9325773268938065
34816,sps,559.0
34887,episodic_return,301.5109507616402
34887,episodic_length,124.0
35014,episodic_return,301.2443620937574
35014,episodic_length,126.0
35144,episodic_return,311.289301547715
35144,episodic_length,129.0
35272,episodic_return,305.18996145105154
35272,episodic_length,127.0
35395,episodic_return,290.004209660147
35395,episodic_length,122.0
35520,episodic_return,301.7434397689106
35520,episodic_length,124.0
35645,episodic_return,298.4820200460958
35645,episodic_length,124.0
35767,episodic_return,292.1019778723621
35767,episodic_length,121.0
35890,episodic_return,299.7822915115208
35890,episodic_length,122.0
36019,episodic_return,304.6167282054662
36019,episodic_length,128.0
36143,episodic_return,301.09174265841136
36143,episodic_length,123.0
36269,episodic_return,300.2954743497895
36269,episodic_length,125.0
36390,episodic_return,291.67867237706525
36390,episodic_length,120.0
36515,episodic_return,299.2002550481117
36515,episodic_length,124.0
36641,episodic_return,303.6379151188802
36641,episodic_length,125.0
36766,episodic_return,301.91149814404224
36766,episodic_length,124.0
36864,value_loss,0.03167256340384483
36864,policy_loss,-0.15103787183761597
36864,approx_kl,1.1109609603881836
36864,clipfrac,0.696240234375
36864,explained_variance,0.9228988736867905
36864,sps,559.0
36888,episodic_return,292.1364336934885
36888,episodic_length,121.0
37015,episodic_return,304.03476715337365
37015,episodic_length,126.0
37146,episodic_return,310.63970309692996
37146,episodic_length,130.0
37273,episodic_return,304.0904176226751
37273,episodic_length,126.0
37398,episodic_return,296.548220502566
37398,episodic_length,124.0
37525,episodic_return,302.1406180715205
37525,episodic_length,126.0
37651,episodic_return,304.0806382787374
37651,episodic_length,125.0
37779,episodic_return,308.01649415470627
37779,episodic_length,127.0
37906,episodic_return,301.34498395155384
37906,episodic_length,126.0
38030,episodic_return,297.4058213957167
38030,episodic_length,123.0
38157,episodic_return,300.3800950600996
38157,episodic_length,126.0
38281,episodic_return,300.86815341027335
38281,episodic_length,123.0
38406,episodic_return,300.3463932734424
38406,episodic_length,124.0
38531,episodic_return,299.5292035325485
38531,episodic_length,124.0
38657,episodic_return,304.6050409695663
38657,episodic_length,125.0
38782,episodic_return,298.0867447014914
38782,episodic_length,124.0
38907,episodic_return,299.1370948675058
38907,episodic_length,124.0
38912,value_loss,0.03176729753613472
38912,policy_loss,-0.260151743888855
38912,approx_kl,3.0092613697052
38912,clipfrac,0.717626953125
38912,explained_variance,0.941725566983223
38912,sps,559.0
39036,episodic_return,304.6688535617414
39036,episodic_length,128.0
39167,episodic_return,310.194644510008
39167,episodic_length,130.0
39299,episodic_return,314.76670693310655
39299,episodic_length,131.0
39428,episodic_return,307.5948814295403
39428,episodic_length,128.0
39560,episodic_return,313.83351646715334
39560,episodic_length,131.0
39688,episodic_return,306.4110064102551
39688,episodic_length,127.0
39819,episodic_return,316.5210699458628
39819,episodic_length,130.0
39950,episodic_return,315.0711787976855
39950,episodic_length,130.0
40081,episodic_return,313.6953847398216
40081,episodic_length,130.0
40212,episodic_return,310.1960110117071
40212,episodic_length,130.0
40343,episodic_return,313.3140565721612
40343,episodic_length,130.0
40475,episodic_return,312.50623680015934
40475,episodic_length,131.0
40604,episodic_return,306.5839942979218
40604,episodic_length,128.0
40735,episodic_return,313.62230262795555
40735,episodic_length,130.0
40864,episodic_return,306.21368514239964
40864,episodic_length,128.0
40960,value_loss,0.011880956590175629
40960,policy_loss,-0.07691492885351181
40960,approx_kl,2.6917338371276855
40960,clipfrac,0.739306640625
40960,explained_variance,0.9454641491174698
40960,sps,560.0
40992,episodic_return,305.65548875552355
40992,episodic_length,127.0
41125,episodic_return,312.3044695821189
41125,episodic_length,132.0
41264,episodic_return,324.2083094304239
41264,episodic_length,138.0
41396,episodic_return,314.32648599521224
41396,episodic_length,131.0
41533,episodic_return,318.66487260536894
41533,episodic_length,136.0
41667,episodic_return,313.43806147221784
41667,episodic_length,133.0
41805,episodic_return,319.94390346597186
41805,episodic_length,137.0
41943,episodic_return,321.34758952938506
41943,episodic_length,137.0
42081,episodic_return,321.8433965250312
42081,episodic_length,137.0
42216,episodic_return,317.9982010087562
42216,episodic_length,134.0
42353,episodic_return,322.76634116671573
42353,episodic_length,136.0
42487,episodic_return,313.9243242801778
42487,episodic_length,133.0
42624,episodic_return,319.0633269315355
42624,episodic_length,136.0
42762,episodic_return,321.67733366930753
42762,episodic_length,137.0
42895,episodic_return,311.1213973378122
42895,episodic_length,132.0
43008,value_loss,0.0014382762601599097
43008,policy_loss,-0.5295596122741699
43008,approx_kl,1.298548698425293
43008,clipfrac,0.715673828125
43008,explained_variance,0.9615353643894196
43008,sps,559.0
43027,episodic_return,310.5812288242109
43027,episodic_length,131.0
43161,episodic_return,313.3883116752852
43161,episodic_length,133.0
43298,episodic_return,316.2202733478311
43298,episodic_length,136.0
43434,episodic_return,317.0944783214353
43434,episodic_length,135.0
43569,episodic_return,313.332834521485
43569,episodic_length,134.0
43704,episodic_return,313.7899198317887
43704,episodic_length,134.0
43840,episodic_return,313.1741472127469
43840,episodic_length,135.0
43976,episodic_return,312.60731267929583
43976,episodic_length,135.0
44113,episodic_return,316.41929688577443
44113,episodic_length,136.0
44248,episodic_return,311.1554350369524
44248,episodic_length,134.0
44383,episodic_return,312.7892935124841
44383,episodic_length,134.0
44522,episodic_return,319.74640661044475
44522,episodic_length,138.0
44659,episodic_return,314.44733985499613
44659,episodic_length,136.0
44793,episodic_return,309.1783880883616
44793,episodic_length,133.0
44930,episodic_return,316.4097509010215
44930,episodic_length,136.0
45056,value_loss,0.004724858794361353
45056,policy_loss,-0.09641189873218536
45056,approx_kl,2.844970703125
45056,clipfrac,0.7859375
45056,explained_variance,0.9533931538462639
45056,sps,559.0
45070,episodic_return,323.19471341284486
45070,episodic_length,139.0
45209,episodic_return,326.1557298421615
45209,episodic_length,138.0
45347,episodic_return,325.1209510976554
45347,episodic_length,137.0
45485,episodic_return,323.2611143761594
45485,episodic_length,137.0
45623,episodic_return,322.04272156321804
45623,episodic_length,137.0
45762,episodic_return,322.6650666521429
45762,episodic_length,138.0
45900,episodic_return,320.06541270568823
45900,episodic_length,137.0
46038,episodic_return,323.867973218319
46038,episodic_length,137.0
46177,episodic_return,325.6972855658862
46177,episodic_length,138.0
46318,episodic_return,328.24310121501554
46318,episodic_length,140.0
46458,episodic_return,327.91956779193373
46458,episodic_length,139.0
46596,episodic_return,319.67815720263815
46596,episodic_length,137.0
46737,episodic_return,328.55787135236267
46737,episodic_length,140.0
46876,episodic_return,324.63909674857604
46876,episodic_length,138.0
47015,episodic_return,324.05637424651934
47015,episodic_length,138.0
47104,value_loss,0.006406957283616066
47104,policy_loss,-0.23819395899772644
47104,approx_kl,1.1565033197402954
47104,clipfrac,0.658740234375
47104,explained_variance,0.9582400545477867
47104,sps,558.0
47149,episodic_return,317.94948892322924
47149,episodic_length,133.0
47294,episodic_return,327.4970548332771
47294,episodic_length,144.0
47440,episodic_return,327.6283695072853
47440,episodic_length,145.0
47584,episodic_return,324.39927096548644
47584,episodic_length,143.0
47733,episodic_return,329.7204925967341
47733,episodic_length,148.0
47878,episodic_return,323.93221409701135
47878,episodic_length,144.0
48022,episodic_return,322.5574727824867
48022,episodic_length,143.0
48170,episodic_return,331.18890257958964
48170,episodic_length,147.0
48321,episodic_return,332.1784019876682
48321,episodic_length,150.0
48467,episodic_return,324.37175569870345
48467,episodic_length,145.0
48611,episodic_return,324.4407903788689
48611,episodic_length,143.0
48759,episodic_return,328.50310354250166
48759,episodic_length,147.0
48905,episodic_return,328.2789093696864
48905,episodic_length,145.0
49060,episodic_return,334.91813166162507
49060,episodic_length,154.0
49152,value_loss,0.0013406130019575357
49152,policy_loss,-0.05999802052974701
49152,approx_kl,2.384392261505127
49152,clipfrac,0.70205078125
49152,explained_variance,0.964777022600174
49152,sps,558.0
49193,episodic_return,291.25392701658404
49193,episodic_length,132.0
49333,episodic_return,305.7531257326054
49333,episodic_length,139.0
49483,episodic_return,317.59598996831124
49483,episodic_length,149.0
49624,episodic_return,306.9263026584045
49624,episodic_length,140.0
49770,episodic_return,313.5604036982902
49770,episodic_length,145.0
49913,episodic_return,310.52581571388225
49913,episodic_length,142.0
50058,episodic_return,314.56839078084215
50058,episodic_length,144.0
50195,episodic_return,303.07799124553196
50195,episodic_length,136.0
50335,episodic_return,305.51419413690724
50335,episodic_length,139.0
50483,episodic_return,316.6468362401559
50483,episodic_length,147.0
50623,episodic_return,309.61700462140345
50623,episodic_length,139.0
50760,episodic_return,296.78198364083534
50760,episodic_length,136.0
50905,episodic_return,311.66903069178215
50905,episodic_length,144.0
51038,episodic_return,278.0111690104037
51038,episodic_length,132.0
51165,episodic_return,271.9204283446831
51165,episodic_length,126.0
51200,value_loss,0.03534228727221489
51200,policy_loss,-0.10333138704299927
51200,approx_kl,3.6319212913513184
51200,clipfrac,0.817431640625
51200,explained_variance,0.8935227915644646
51200,sps,559.0
51313,episodic_return,333.20506671553125
51313,episodic_length,147.0
51467,episodic_return,338.47568826887976
51467,episodic_length,153.0
51619,episodic_return,336.2461606531852
51619,episodic_length,151.0
51768,episodic_return,334.2835359646659
51768,episodic_length,148.0
51918,episodic_return,333.4383981850002
51918,episodic_length,149.0
52070,episodic_return,339.1986505275735
52070,episodic_length,151.0
52220,episodic_return,336.22077245236807
52220,episodic_length,149.0
52371,episodic_return,336.6370202396833
52371,episodic_length,150.0
52520,episodic_return,337.4035180909661
52520,episodic_length,148.0
52666,episodic_return,331.668304733588
52666,episodic_length,145.0
52823,episodic_return,345.12383747484677
52823,episodic_length,156.0
52972,episodic_return,332.4128885961318
52972,episodic_length,148.0
53127,episodic_return,338.5803373081245
53127,episodic_length,154.0
53248,value_loss,0.0005354486056603491
53248,policy_loss,-0.07153242826461792
53248,approx_kl,0.9400113821029663
53248,clipfrac,0.723681640625
53248,explained_variance,0.9496453292667866
53248,sps,559.0
53277,episodic_return,335.14306819516264
53277,episodic_length,149.0
53423,episodic_return,332.5956223052412
53423,episodic_length,145.0
53572,episodic_return,335.7951021235958
53572,episodic_length,148.0
53731,episodic_return,345.0080576716706
53731,episodic_length,158.0
53884,episodic_return,337.2354162827301
53884,episodic_length,152.0
54038,episodic_return,340.23541033174735
54038,episodic_length,153.0
54200,episodic_return,346.8824480897258
54200,episodic_length,161.0
54344,episodic_return,329.8834337963755
54344,episodic_length,143.0
54495,episodic_return,336.82471300087224
54495,episodic_length,150.0
54649,episodic_return,340.5855442874596
54649,episodic_length,153.0
54813,episodic_return,348.36866672011627
54813,episodic_length,163.0
54971,episodic_return,342.4586665813654
54971,episodic_length,157.0
55124,episodic_return,338.08693537122866
55124,episodic_length,152.0
55274,episodic_return,335.0368368216072
55274,episodic_length,149.0
55296,value_loss,0.005404275842010975
55296,policy_loss,-0.22826768457889557
55296,approx_kl,1.9467030763626099
55296,clipfrac,0.7279296875
55296,explained_variance,0.9343033134937286
55296,sps,561.0
55425,episodic_return,336.9761080433657
55425,episodic_length,150.0
55569,episodic_return,331.4661952581349
55569,episodic_length,143.0
55717,episodic_return,334.73994399861294
55717,episodic_length,147.0
55864,episodic_return,334.40365568436
55864,episodic_length,146.0
56008,episodic_return,328.09434171398993
56008,episodic_length,143.0
56155,episodic_return,335.84951068197347
56155,episodic_length,146.0
56307,episodic_return,338.6922709506893
56307,episodic_length,151.0
56460,episodic_return,339.4327873215555
56460,episodic_length,152.0
56606,episodic_return,334.54309021381454
56606,episodic_length,145.0
56756,episodic_return,334.4010009033654
56756,episodic_length,149.0
56903,episodic_return,333.97488817120643
56903,episodic_length,146.0
57049,episodic_return,332.90478744479765
57049,episodic_length,145.0
57197,episodic_return,332.44269409765275
57197,episodic_length,147.0
57342,episodic_return,330.24879678552423
57342,episodic_length,144.0
57344,value_loss,0.02296264097094536
57344,policy_loss,-0.0762205645442009
57344,approx_kl,0.886031448841095
57344,clipfrac,0.644775390625
57344,explained_variance,0.9555633924901485
57344,sps,562.0
57485,episodic_return,329.1861992715192
57485,episodic_length,142.0
57631,episodic_return,330.67029822181405
57631,episodic_length,145.0
57781,episodic_return,336.3948447051175
57781,episodic_length,149.0
57928,episodic_return,333.829146794585
57928,episodic_length,146.0
58072,episodic_return,327.1388075901259
58072,episodic_length,143.0
58215,episodic_return,328.94429343753353
58215,episodic_length,142.0
58363,episodic_return,331.6988381771844
58363,episodic_length,147.0
58511,episodic_return,334.81948136414144
58511,episodic_length,147.0
58655,episodic_return,329.0057646403004
58655,episodic_length,143.0
58796,episodic_return,327.0079684523879
58796,episodic_length,140.0
58943,episodic_return,333.9289102349165
58943,episodic_length,146.0
59093,episodic_return,336.42835962534673
59093,episodic_length,149.0
59234,episodic_return,326.34509484846416
59234,episodic_length,140.0
59380,episodic_return,329.36002909728074
59380,episodic_length,145.0
59392,value_loss,0.001746848225593567
59392,policy_loss,-0.3527028560638428
59392,approx_kl,1.6394367218017578
59392,clipfrac,0.7134765625
59392,explained_variance,0.9574836306273937
59392,sps,563.0
59520,episodic_return,325.20846468302994
59520,episodic_length,139.0
59658,episodic_return,317.75542890866325
59658,episodic_length,137.0
59799,episodic_return,322.1729799197487
59799,episodic_length,140.0
59940,episodic_return,321.14107548743493
59940,episodic_length,140.0
60080,episodic_return,324.4181173190701
60080,episodic_length,139.0
60221,episodic_return,323.70253756076016
60221,episodic_length,140.0
60360,episodic_return,319.64601379659933
60360,episodic_length,138.0
60502,episodic_return,324.39163631250443
60502,episodic_length,141.0
60637,episodic_return,313.3925309157112
60637,episodic_length,134.0
60774,episodic_return,315.5862851451151
60774,episodic_length,136.0
60912,episodic_return,318.5246695546036
60912,episodic_length,137.0
61051,episodic_return,321.99773310823645
61051,episodic_length,138.0
61191,episodic_return,320.1541597241241
61191,episodic_length,139.0
61331,episodic_return,320.97301857147403
61331,episodic_length,139.0
61440,value_loss,0.05363474786281586
61440,policy_loss,0.02107623778283596
61440,approx_kl,2.418694019317627
61440,clipfrac,0.797509765625
61440,explained_variance,0.9208761155605316
61440,sps,563.0
61456,episodic_return,275.983650008737
61456,episodic_length,124.0
61588,episodic_return,278.36803388240014
61588,episodic_length,131.0
61709,episodic_return,244.202070188788
61709,episodic_length,120.0
61834,episodic_return,260.5889093340951
61834,episodic_length,124.0
61958,episodic_return,265.2348033077071
61958,episodic_length,123.0
62087,episodic_return,269.7848052564045
62087,episodic_length,128.0
62205,episodic_return,251.6238719810518
62205,episodic_length,117.0
62332,episodic_return,269.6853843393019
62332,episodic_length,126.0
62471,episodic_return,307.0857203145275
62471,episodic_length,138.0
62595,episodic_return,267.7165639379541
62595,episodic_length,123.0
62741,episodic_return,317.54751161865653
62741,episodic_length,145.0
62878,episodic_return,279.2422361490423
62878,episodic_length,136.0
63015,episodic_return,275.52716878755604
63015,episodic_length,136.0
63142,episodic_return,275.4360900422901
63142,episodic_length,126.0
63272,episodic_return,272.03944939281183
63272,episodic_length,129.0
63390,episodic_return,255.68684074955658
63390,episodic_length,117.0
63488,value_loss,0.0521199107170105
63488,policy_loss,-0.1576467752456665
63488,approx_kl,2.6671152114868164
63488,clipfrac,0.8396484375
63488,explained_variance,0.777347207069397
63488,sps,564.0
63524,episodic_return,295.75423916235775
63524,episodic_length,133.0
63669,episodic_return,303.8647543992166
63669,episodic_length,144.0
63813,episodic_return,303.1002472822348
63813,episodic_length,143.0
63976,episodic_return,321.9882927843572
63976,episodic_length,162.0
64110,episodic_return,294.08395269743085
64110,episodic_length,133.0
64256,episodic_return,308.2736657565859
64256,episodic_length,145.0
64406,episodic_return,311.02951908914156
64406,episodic_length,149.0
64561,episodic_return,318.5846730591829
64561,episodic_length,154.0
64708,episodic_return,310.9554573834611
64708,episodic_length,146.0
64851,episodic_return,304.4795833782913
64851,episodic_length,142.0
64992,episodic_return,302.41070162386177
64992,episodic_length,140.0
65137,episodic_return,303.16846810186524
65137,episodic_length,144.0
65293,episodic_return,318.18768190448486
65293,episodic_length,155.0
65438,episodic_return,304.163285746536
65438,episodic_length,144.0
65536,value_loss,0.018354684114456177
65536,policy_loss,-0.35669684410095215
65536,approx_kl,1.9030177593231201
65536,clipfrac,0.7857421875
65536,explained_variance,0.9052952602505684
65536,sps,564.0
65586,episodic_return,304.4092671979405
65586,episodic_length,147.0
65726,episodic_return,296.3459295730249
65726,episodic_length,139.0
65867,episodic_return,297.78504049453625
65867,episodic_length,140.0
66003,episodic_return,293.6793908969494
66003,episodic_length,135.0
66144,episodic_return,293.81113042871414
66144,episodic_length,140.0
66277,episodic_return,286.16768212411057
66277,episodic_length,132.0
66416,episodic_return,294.5054668957084
66416,episodic_length,138.0
66556,episodic_return,295.95823773479265
66556,episodic_length,139.0
66709,episodic_return,308.02801348181896
66709,episodic_length,152.0
66846,episodic_return,294.2506122477736
66846,episodic_length,136.0
66988,episodic_return,301.49847049139345
66988,episodic_length,141.0
67130,episodic_return,296.4049910835586
67130,episodic_length,141.0
67271,episodic_return,296.43410981017826
67271,episodic_length,140.0
67417,episodic_return,302.8537644770411
67417,episodic_length,145.0
67553,episodic_return,294.260667766087
67553,episodic_length,135.0
67584,value_loss,0.032623980194330215
67584,policy_loss,0.007230644579976797
67584,approx_kl,2.952505588531494
67584,clipfrac,0.78173828125
67584,explained_variance,0.9191459864377975
67584,sps,564.0
67701,episodic_return,316.1225910209907
67701,episodic_length,147.0
67849,episodic_return,312.5632399297782
67849,episodic_length,147.0
68001,episodic_return,321.40066025868197
68001,episodic_length,151.0
68152,episodic_return,321.01110257083525
68152,episodic_length,150.0
68297,episodic_return,311.0945941497788
68297,episodic_length,144.0
68452,episodic_return,325.82207902190174
68452,episodic_length,154.0
68601,episodic_return,316.9814917128625
68601,episodic_length,148.0
68748,episodic_return,312.06827110818693
68748,episodic_length,146.0
68896,episodic_return,314.23667850830554
68896,episodic_length,147.0
69047,episodic_return,319.08432917392514
69047,episodic_length,150.0
69186,episodic_return,305.8027400842002
69186,episodic_length,138.0
69335,episodic_return,315.5687266286891
69335,episodic_length,148.0
69501,episodic_return,334.92458312186005
69501,episodic_length,165.0
69632,value_loss,0.0063490173779428005
69632,policy_loss,-0.31683915853500366
69632,approx_kl,1.9602863788604736
69632,clipfrac,0.7685546875
69632,explained_variance,0.9368560686707497
69632,sps,564.0
69654,episodic_return,315.9075759256138
69654,episodic_length,152.0
69795,episodic_return,306.30154514646165
69795,episodic_length,140.0
69950,episodic_return,318.28379135031076
69950,episodic_length,154.0
70105,episodic_return,317.9182582230836
70105,episodic_length,154.0
70270,episodic_return,329.0637928823412
70270,episodic_length,164.0
70433,episodic_return,326.4930875258331
70433,episodic_length,162.0
70589,episodic_return,319.33386525641674
70589,episodic_length,155.0
70755,episodic_return,329.6465910149668
70755,episodic_length,165.0
70908,episodic_return,316.8808625872923
70908,episodic_length,152.0
71061,episodic_return,315.43019966158846
71061,episodic_length,152.0
71215,episodic_return,319.0535858191834
71215,episodic_length,153.0
71359,episodic_return,307.61401885169977
71359,episodic_length,143.0
71516,episodic_return,322.17655958303294
71516,episodic_length,156.0
71669,episodic_return,314.1576168358612
71669,episodic_length,152.0
71680,value_loss,0.0027238880284130573
71680,policy_loss,-0.12971577048301697
71680,approx_kl,2.943474054336548
71680,clipfrac,0.7431640625
71680,explained_variance,0.9387304224073887
71680,sps,565.0
71816,episodic_return,312.9294200064284
71816,episodic_length,146.0
71979,episodic_return,327.0054198094626
71979,episodic_length,162.0
72129,episodic_return,312.3043424084673
72129,episodic_length,149.0
72287,episodic_return,320.2501971927679
72287,episodic_length,157.0
72432,episodic_return,304.1563857534482
72432,episodic_length,144.0
72578,episodic_return,307.92217100260945
72578,episodic_length,145.0
72725,episodic_return,305.1059550027787
72725,episodic_length,146.0
72876,episodic_return,307.6858248263737
72876,episodic_length,150.0
73044,episodic_return,331.03080317602627
73044,episodic_length,167.0
73192,episodic_return,310.9061889311025
73192,episodic_length,147.0
73341,episodic_return,310.81653721602135
73341,episodic_length,148.0
73488,episodic_return,310.6419179641234
73488,episodic_length,146.0
73645,episodic_return,317.39327090969806
73645,episodic_length,156.0
73728,value_loss,0.00367897585965693
73728,policy_loss,0.5482553243637085
73728,approx_kl,1.5373458862304688
73728,clipfrac,0.698583984375
73728,explained_variance,0.9369995892047882
73728,sps,565.0
73803,episodic_return,322.0121275674758
73803,episodic_length,157.0
73949,episodic_return,304.15359466679627
73949,episodic_length,145.0
74102,episodic_return,312.9754926023665
74102,episodic_length,152.0
74241,episodic_return,299.90822308758175
74241,episodic_length,138.0
74376,episodic_return,297.8575173734572
74376,episodic_length,134.0
74512,episodic_return,296.021962706137
74512,episodic_length,135.0
74617,episodic_return,205.26525049651278
74617,episodic_length,104.0
74763,episodic_return,307.870850278075
74763,episodic_length,145.0
74906,episodic_return,305.99935311245645
74906,episodic_length,142.0
75052,episodic_return,308.55630769248523
75052,episodic_length,145.0
75188,episodic_return,296.29060008232034
75188,episodic_length,135.0
75328,episodic_return,301.227993273646
75328,episodic_length,139.0
75475,episodic_return,306.57000127016846
75475,episodic_length,146.0
75617,episodic_return,295.2713828026476
75617,episodic_length,141.0
75757,episodic_return,297.48404940536807
75757,episodic_length,139.0
75776,value_loss,0.06676840782165527
75776,policy_loss,-0.0050726719200611115
75776,approx_kl,2.7572035789489746
75776,clipfrac,0.819873046875
75776,explained_variance,0.9228305071592331
75776,sps,565.0
75845,episodic_return,167.04553960461843
75845,episodic_length,87.0
75959,episodic_return,225.61896484503205
75959,episodic_length,113.0
76089,episodic_return,296.9054435973343
76089,episodic_length,129.0
76193,episodic_return,202.93524480160465
76193,episodic_length,103.0
76330,episodic_return,300.59784051054885
76330,episodic_length,136.0
76473,episodic_return,307.0897734524141
76473,episodic_length,142.0
76554,episodic_return,154.3838818184718
76554,episodic_length,80.0
76666,episodic_return,217.2056984393425
76666,episodic_length,111.0
76813,episodic_return,315.72046073422996
76813,episodic_length,146.0
76956,episodic_return,305.84484761650776
76956,episodic_length,142.0
77111,episodic_return,321.1651263277687
77111,episodic_length,154.0
77253,episodic_return,304.34153938602356
77253,episodic_length,141.0
77340,episodic_return,165.36124657275505
77340,episodic_length,86.0
77423,episodic_return,158.50974934564843
77423,episodic_length,82.0
77522,episodic_return,195.73453965006004
77522,episodic_length,98.0
77645,episodic_return,252.0155281009672
77645,episodic_length,122.0
77788,episodic_return,305.6851249859657
77788,episodic_length,142.0
77824,value_loss,0.041514113545417786
77824,policy_loss,-9.57477855682373
77824,approx_kl,14.730637550354004
77824,clipfrac,0.785302734375
77824,explained_variance,0.811426967382431
77824,sps,565.0
77935,episodic_return,316.6434783685271
77935,episodic_length,146.0
78077,episodic_return,313.051144543598
78077,episodic_length,141.0
78244,episodic_return,337.04520880652115
78244,episodic_length,166.0
78383,episodic_return,309.97627808058684
78383,episodic_length,138.0
78535,episodic_return,323.89318964798673
78535,episodic_length,151.0
78675,episodic_return,306.0145096219825
78675,episodic_length,139.0
78811,episodic_return,306.98351924610256
78811,episodic_length,135.0
78957,episodic_return,316.6599131982461
78957,episodic_length,145.0
79096,episodic_return,312.50949556088966
79096,episodic_length,138.0
79245,episodic_return,317.2142254891405
79245,episodic_length,148.0
79397,episodic_return,319.31620604462506
79397,episodic_length,151.0
79542,episodic_return,313.37819137548377
79542,episodic_length,144.0
79692,episodic_return,321.7571095678678
79692,episodic_length,149.0
79832,episodic_return,311.3464721632043
79832,episodic_length,139.0
79872,value_loss,0.036037273705005646
79872,policy_loss,-0.33463647961616516
79872,approx_kl,1.5579594373703003
79872,clipfrac,0.695556640625
79872,explained_variance,0.9272615760564804
79872,sps,566.0
80011,episodic_return,347.1940160808149
80011,episodic_length,178.0
80180,episodic_return,338.6737409128115
80180,episodic_length,168.0
80326,episodic_return,316.1510795573153
80326,episodic_length,145.0
80484,episodic_return,325.36449738795665
80484,episodic_length,157.0
80645,episodic_return,332.01966323889155
80645,episodic_length,160.0
80815,episodic_return,338.321564243229
80815,episodic_length,169.0
80962,episodic_return,315.26975667435846
80962,episodic_length,146.0
81125,episodic_return,328.02672548012794
81125,episodic_length,162.0
81274,episodic_return,319.07114503253666
81274,episodic_length,148.0
81425,episodic_return,318.97611493315935
81425,episodic_length,150.0
81580,episodic_return,324.0106235624827
81580,episodic_length,154.0
81723,episodic_return,308.76290773119973
81723,episodic_length,142.0
81872,episodic_return,318.84095521520385
81872,episodic_length,148.0
81920,value_loss,0.060933563858270645
81920,policy_loss,0.06464448571205139
81920,approx_kl,1.988768458366394
81920,clipfrac,0.7189453125
81920,explained_variance,0.9355998858809471
81920,sps,566.0
82022,episodic_return,315.9547127790115
82022,episodic_length,149.0
82171,episodic_return,318.8365674531694
82171,episodic_length,148.0
82318,episodic_return,314.2009022121882
82318,episodic_length,146.0
82460,episodic_return,307.22129041370954
82460,episodic_length,141.0
82609,episodic_return,311.73591549887055
82609,episodic_length,148.0
82778,episodic_return,334.5644406029203
82778,episodic_length,168.0
82929,episodic_return,319.2389737191083
82929,episodic_length,150.0
83083,episodic_return,317.3167925089842
83083,episodic_length,153.0
83240,episodic_return,319.26692004213214
83240,episodic_length,156.0
83393,episodic_return,320.9686542966403
83393,episodic_length,152.0
83544,episodic_return,312.7799776881032
83544,episodic_length,150.0
83692,episodic_return,315.46967976485377
83692,episodic_length,147.0
83851,episodic_return,327.0155071783197
83851,episodic_length,158.0
83968,value_loss,0.001486297114752233
83968,policy_loss,-0.29644423723220825
83968,approx_kl,0.9706578254699707
83968,clipfrac,0.7056640625
83968,explained_variance,0.9303480237722397
83968,sps,566.0
84004,episodic_return,316.55406090034046
84004,episodic_length,152.0
84158,episodic_return,320.050230456755
84158,episodic_length,153.0
84312,episodic_return,319.5531225497846
84312,episodic_length,153.0
84456,episodic_return,315.67466505587066
84456,episodic_length,143.0
84619,episodic_return,335.5016558160784
84619,episodic_length,162.0
84759,episodic_return,303.17098139606753
84759,episodic_length,139.0
84910,episodic_return,318.88758659342284
84910,episodic_length,150.0
85056,episodic_return,312.05789140311157
85056,episodic_length,145.0
85192,episodic_return,307.90789518696477
85192,episodic_length,135.0
85341,episodic_return,317.814330025003
85341,episodic_length,148.0
85500,episodic_return,325.494335894388
85500,episodic_length,158.0
85657,episodic_return,321.6112364903424
85657,episodic_length,156.0
85802,episodic_return,309.58090261667394
85802,episodic_length,144.0
85961,episodic_return,321.2214987673759
85961,episodic_length,158.0
86016,value_loss,0.037888769060373306
86016,policy_loss,0.017443198710680008
86016,approx_kl,2.7840805053710938
86016,clipfrac,0.773583984375
86016,explained_variance,0.9410145953297615
86016,sps,567.0
86109,episodic_return,307.9434269773834
86109,episodic_length,147.0
86260,episodic_return,312.1046439543648
86260,episodic_length,150.0
86418,episodic_return,323.9133641624094
86418,episodic_length,157.0
86563,episodic_return,301.5172645028599
86563,episodic_length,144.0
86725,episodic_return,329.4756895310076
86725,episodic_length,161.0
86873,episodic_return,311.5249653136293
86873,episodic_length,147.0
87013,episodic_return,305.82266086291594
87013,episodic_length,139.0
87164,episodic_return,306.47121070690895
87164,episodic_length,150.0
87312,episodic_return,310.80800005373993
87312,episodic_length,147.0
87463,episodic_return,313.66749717701555
87463,episodic_length,150.0
87608,episodic_return,306.6679921956572
87608,episodic_length,144.0
87773,episodic_return,322.8596031748237
87773,episodic_length,164.0
87923,episodic_return,311.2751769989762
87923,episodic_length,149.0
88064,value_loss,0.011556364595890045
88064,policy_loss,-0.13099175691604614
88064,approx_kl,3.4390687942504883
88064,clipfrac,0.76279296875
88064,explained_variance,0.9335058256983757
88064,sps,566.0
88067,episodic_return,308.80998689578195
88067,episodic_length,143.0
88213,episodic_return,310.2241979012175
88213,episodic_length,145.0
88348,episodic_return,304.0386518388785
88348,episodic_length,134.0
88497,episodic_return,317.7067053688404
88497,episodic_length,148.0
88633,episodic_return,300.04117107246566
88633,episodic_length,135.0
88784,episodic_return,315.6919573488418
88784,episodic_length,150.0
88932,episodic_return,321.3652201822385
88932,episodic_length,147.0
89083,episodic_return,321.47415554636854
89083,episodic_length,150.0
89222,episodic_return,303.6947461966738
89222,episodic_length,138.0
89368,episodic_return,313.0919167549254
89368,episodic_length,145.0
89505,episodic_return,300.6766733198372
89505,episodic_length,136.0
89648,episodic_return,307.13646990163267
89648,episodic_length,142.0
89792,episodic_return,312.45232970985734
89792,episodic_length,143.0
89937,episodic_return,314.92827867041575
89937,episodic_length,144.0
90081,episodic_return,316.5642138758167
90081,episodic_length,143.0
90112,value_loss,0.003976812120527029
90112,policy_loss,-0.30271458625793457
90112,approx_kl,1.1553645133972168
90112,clipfrac,0.7578125
90112,explained_variance,0.9391142502427101
90112,sps,566.0
90213,episodic_return,278.78694369176304
90213,episodic_length,131.0
90361,episodic_return,315.03409845755397
90361,episodic_length,147.0
90494,episodic_return,272.1900483104009
90494,episodic_length,132.0
90645,episodic_return,310.3495687704396
90645,episodic_length,150.0
90796,episodic_return,317.64125147110076
90796,episodic_length,150.0
90927,episodic_return,272.6803669049266
90927,episodic_length,130.0
91071,episodic_return,313.1272036577421
91071,episodic_length,143.0
91210,episodic_return,290.5108061326758
91210,episodic_length,138.0
91355,episodic_return,303.93161659394184
91355,episodic_length,144.0
91490,episodic_return,299.00242471155394
91490,episodic_length,134.0
91627,episodic_return,261.2933116827315
91627,episodic_length,136.0
91754,episodic_return,257.43977326406093
91754,episodic_length,126.0
91864,episodic_return,213.39286341333528
91864,episodic_length,109.0
92007,episodic_return,302.99584168400446
92007,episodic_length,142.0
92148,episodic_return,300.08730531546877
92148,episodic_length,140.0
92160,value_loss,0.012007210403680801
92160,policy_loss,-0.1568869650363922
92160,approx_kl,1.6294183731079102
92160,clipfrac,0.81748046875
92160,explained_variance,0.9070524126291275
92160,sps,566.0
92299,episodic_return,325.0665281711152
92299,episodic_length,150.0
92444,episodic_return,310.8707602630633
92444,episodic_length,144.0
92583,episodic_return,307.74673138515806
92583,episodic_length,138.0
92749,episodic_return,332.3486963302919
92749,episodic_length,165.0
92892,episodic_return,311.68514464866223
92892,episodic_length,142.0
93037,episodic_return,311.64825870484617
93037,episodic_length,144.0
93179,episodic_return,306.4085653258801
93179,episodic_length,141.0
93320,episodic_return,302.1111755041368
93320,episodic_length,140.0
93461,episodic_return,303.60179426618885
93461,episodic_length,140.0
93607,episodic_return,310.6741357653911
93607,episodic_length,145.0
93753,episodic_return,312.30583944713345
93753,episodic_length,145.0
93896,episodic_return,307.61701292616294
93896,episodic_length,142.0
94037,episodic_return,309.3378736649194
94037,episodic_length,140.0
94180,episodic_return,305.8414003293038
94180,episodic_length,142.0
94208,value_loss,0.008832026273012161
94208,policy_loss,0.10021758079528809
94208,approx_kl,1.2962230443954468
94208,clipfrac,0.726611328125
94208,explained_variance,0.9425800144672394
94208,sps,566.0
94333,episodic_return,332.7699199637932
94333,episodic_length,152.0
94472,episodic_return,311.4621774031445
94472,episodic_length,138.0
94615,episodic_return,314.9214576847111
94615,episodic_length,142.0
94753,episodic_return,311.2363564034364
94753,episodic_length,137.0
94892,episodic_return,314.71587474142666
94892,episodic_length,138.0
95036,episodic_return,319.2168059306069
95036,episodic_length,143.0
95172,episodic_return,307.1812769923472
95172,episodic_length,135.0
95313,episodic_return,309.8253235181836
95313,episodic_length,140.0
95447,episodic_return,302.18017970078324
95447,episodic_length,133.0
95586,episodic_return,313.65280034021146
95586,episodic_length,138.0
95728,episodic_return,313.2939175271121
95728,episodic_length,141.0
95864,episodic_return,309.0448911444511
95864,episodic_length,135.0
96001,episodic_return,312.12475629645763
96001,episodic_length,136.0
96139,episodic_return,307.42423630237363
96139,episodic_length,137.0
96256,value_loss,0.0033342642709612846
96256,policy_loss,-0.2839873135089874
96256,approx_kl,0.9278720021247864
96256,clipfrac,0.664794921875
96256,explained_variance,0.9352985620498657
96256,sps,566.0
96272,episodic_return,303.7005295576628
96272,episodic_length,132.0
96417,episodic_return,316.0262170767796
96417,episodic_length,144.0
96571,episodic_return,331.8937067531134
96571,episodic_length,153.0
96719,episodic_return,325.5733338634288
96719,episodic_length,147.0
96861,episodic_return,316.80187012395055
96861,episodic_length,141.0
97002,episodic_return,307.73652854871216
97002,episodic_length,140.0
97142,episodic_return,311.9015368619931
97142,episodic_length,139.0
97287,episodic_return,320.13530766232316
97287,episodic_length,144.0
97431,episodic_return,318.4825812195818
97431,episodic_length,143.0
97576,episodic_return,314.24644792096706
97576,episodic_length,144.0
97724,episodic_return,321.89403722937334
97724,episodic_length,147.0
97868,episodic_return,312.3474377801368
97868,episodic_length,143.0
98018,episodic_return,321.98952684995623
98018,episodic_length,149.0
98159,episodic_return,312.26025750216957
98159,episodic_length,140.0
98304,value_loss,0.0033136247657239437
98304,policy_loss,-0.0003361813724040985
98304,approx_kl,0.8170679807662964
98304,clipfrac,0.639990234375
98304,explained_variance,0.9367670789361
98304,sps,565.0
98306,episodic_return,318.6305737194686
98306,episodic_length,146.0
98447,episodic_return,309.9192833152679
98447,episodic_length,140.0
98608,episodic_return,339.00122036968617
98608,episodic_length,160.0
98760,episodic_return,321.56023674042734
98760,episodic_length,151.0
98915,episodic_return,333.75277977336356
98915,episodic_length,154.0
99074,episodic_return,333.2406443991223
99074,episodic_length,158.0
99220,episodic_return,318.52244939306166
99220,episodic_length,145.0
99372,episodic_return,329.64460076122236
99372,episodic_length,151.0
99528,episodic_return,328.65530977511764
99528,episodic_length,155.0
99671,episodic_return,316.29206210242415
99671,episodic_length,142.0
99810,episodic_return,309.6242187669852
99810,episodic_length,138.0
99961,episodic_return,323.3325354871392
99961,episodic_length,150.0
100099,episodic_return,308.0262454200393
100099,episodic_length,137.0
100248,episodic_return,321.2371462685872
100248,episodic_length,148.0
100352,value_loss,0.04689905792474747
100352,policy_loss,-1.2383049726486206
100352,approx_kl,3.3658275604248047
100352,clipfrac,0.71484375
100352,explained_variance,0.9395198076963425
100352,sps,566.0
100398,episodic_return,320.0904275333545
100398,episodic_length,149.0
100588,episodic_return,364.4824946881794
100588,episodic_length,189.0
100771,episodic_return,356.6867626638769
100771,episodic_length,182.0
101194,episodic_return,602.1288615101954
101194,episodic_length,422.0
101368,episodic_return,344.82798112838816
101368,episodic_length,173.0
101546,episodic_return,352.02918104347395
101546,episodic_length,177.0
101700,episodic_return,327.2654190300777
101700,episodic_length,153.0
101876,episodic_return,346.1112416747716
101876,episodic_length,175.0
102038,episodic_return,336.1967132764808
102038,episodic_length,161.0
102259,episodic_return,398.02114679732006
102259,episodic_length,220.0
102400,value_loss,0.03213176876306534
102400,policy_loss,-0.35817965865135193
102400,approx_kl,5.314100742340088
102400,clipfrac,0.838818359375
102400,explained_variance,0.9394980743527412
102400,sps,566.0
102420,episodic_return,327.1806070825623
102420,episodic_length,160.0
102574,episodic_return,321.4302612666493
102574,episodic_length,153.0
102734,episodic_return,327.3896004942475
102734,episodic_length,159.0
102913,episodic_return,349.4050339081931
102913,episodic_length,178.0
103078,episodic_return,333.2665899750235
103078,episodic_length,164.0
103269,episodic_return,363.99598440490126
103269,episodic_length,190.0
103642,episodic_return,554.1797184016594
103642,episodic_length,372.0
103796,episodic_return,326.78944885808465
103796,episodic_length,153.0
103945,episodic_return,315.2191122513909
103945,episodic_length,148.0
104115,episodic_return,338.773926238597
104115,episodic_length,169.0
104286,episodic_return,336.32392311637716
104286,episodic_length,170.0
104444,episodic_return,323.77907229435607
104444,episodic_length,157.0
104448,value_loss,0.028776749968528748
104448,policy_loss,-0.039286889135837555
104448,approx_kl,2.2033700942993164
104448,clipfrac,0.83515625
104448,explained_variance,0.9362090900540352
104448,sps,565.0
105390,episodic_return,1122.9742064820332
105390,episodic_length,945.0
105585,episodic_return,355.26885481669194
105585,episodic_length,194.0
106496,value_loss,0.0033906700555235147
106496,policy_loss,-0.3710487484931946
106496,approx_kl,0.7716752290725708
106496,clipfrac,0.770947265625
106496,explained_variance,0.9006032943725586
106496,sps,565.0
106586,episodic_return,1062.8171576480606
106586,episodic_length,1000.0
106978,episodic_return,548.3430295680079
106978,episodic_length,391.0
107398,episodic_return,573.5543646924424
107398,episodic_length,419.0
107587,episodic_return,342.40369428020966
107587,episodic_length,188.0
108544,value_loss,0.0413944236934185
108544,policy_loss,-0.058452948927879333
108544,approx_kl,2.0437188148498535
108544,clipfrac,0.840673828125
108544,explained_variance,0.7755010277032852
108544,sps,565.0
108588,episodic_return,1072.5193923507031
108588,episodic_length,1000.0
108879,episodic_return,454.32416340955973
108879,episodic_length,290.0
109880,episodic_return,1072.8599216928558
109880,episodic_length,1000.0
110592,value_loss,0.06293181329965591
110592,policy_loss,-0.18300294876098633
110592,approx_kl,3.3213133811950684
110592,clipfrac,0.88583984375
110592,explained_variance,0.5673507750034332
110592,sps,565.0
110756,episodic_return,979.1645126650446
110756,episodic_length,875.0
110932,episodic_return,290.714177618499
110932,episodic_length,175.0
111127,episodic_return,302.71540763716513
111127,episodic_length,194.0
111228,episodic_return,177.82885858012028
111228,episodic_length,100.0
111389,episodic_return,256.0501499629895
111389,episodic_length,160.0
111499,episodic_return,182.61453846769442
111499,episodic_length,109.0
111615,episodic_return,164.06048427719483
111615,episodic_length,115.0
111800,episodic_return,263.3382288607443
111800,episodic_length,184.0
112020,episodic_return,339.9889413990634
112020,episodic_length,219.0
112152,episodic_return,203.88545007107186
112152,episodic_length,131.0
112275,episodic_return,199.95372095186178
112275,episodic_length,122.0
112369,episodic_return,165.25994669098063
112369,episodic_length,93.0
112483,episodic_return,182.73562362542683
112483,episodic_length,113.0
112613,episodic_return,243.09131965026575
112613,episodic_length,129.0
112640,value_loss,0.10623276978731155
112640,policy_loss,-0.11503662168979645
112640,approx_kl,3.126234531402588
112640,clipfrac,0.860205078125
112640,explained_variance,0.5197145938873291
112640,sps,565.0
112843,episodic_return,357.4071010869051
112843,episodic_length,229.0
113025,episodic_return,300.3499968882142
113025,episodic_length,181.0
113147,episodic_return,224.80766573882016
113147,episodic_length,121.0
113309,episodic_return,300.17087877117336
113309,episodic_length,161.0
113450,episodic_return,268.40943884868676
113450,episodic_length,140.0
113588,episodic_return,255.91066296754354
113588,episodic_length,137.0
113715,episodic_return,242.20587479042348
113715,episodic_length,126.0
113888,episodic_return,289.96014209292093
113888,episodic_length,172.0
114014,episodic_return,254.47998353447414
114014,episodic_length,125.0
114138,episodic_return,207.13987003053128
114138,episodic_length,123.0
114323,episodic_return,334.28082336533834
114323,episodic_length,184.0
114482,episodic_return,311.8451622861076
114482,episodic_length,158.0
114657,episodic_return,305.1235726593475
114657,episodic_length,174.0
114688,value_loss,0.03300485759973526
114688,policy_loss,-0.0695883259177208
114688,approx_kl,1.4369733333587646
114688,clipfrac,0.824267578125
114688,explained_variance,0.841423973441124
114688,sps,565.0
114839,episodic_return,342.10804142010704
114839,episodic_length,181.0
115031,episodic_return,353.65359483197057
115031,episodic_length,191.0
115209,episodic_return,339.9580258000956
115209,episodic_length,177.0
115348,episodic_return,295.9551174178576
115348,episodic_length,138.0
115510,episodic_return,317.07956033286484
115510,episodic_length,161.0
115649,episodic_return,289.21486327069624
115649,episodic_length,138.0
115827,episodic_return,339.1178977397541
115827,episodic_length,177.0
116036,episodic_return,368.32685389506247
116036,episodic_length,208.0
116201,episodic_return,329.59495328486514
116201,episodic_length,164.0
116364,episodic_return,330.1550059662499
116364,episodic_length,162.0
116505,episodic_return,301.01546896166246
116505,episodic_length,140.0
116680,episodic_return,334.24953175551593
116680,episodic_length,174.0
116736,value_loss,0.0008113642688840628
116736,policy_loss,-0.2827294170856476
116736,approx_kl,1.3770644664764404
116736,clipfrac,0.762060546875
116736,explained_variance,0.9376643858850002
116736,sps,565.0
116842,episodic_return,326.9263606119406
116842,episodic_length,161.0
117843,episodic_return,1054.6749603191154
117843,episodic_length,1000.0
118784,value_loss,0.008705698885023594
118784,policy_loss,-0.6673082113265991
118784,approx_kl,4.294869422912598
118784,clipfrac,0.85654296875
118784,explained_variance,0.6346369683742523
118784,sps,565.0
118844,episodic_return,1076.647521122437
118844,episodic_length,1000.0
119020,episodic_return,342.40805917132576
119020,episodic_length,175.0
119188,episodic_return,328.491245449084
119188,episodic_length,167.0
119498,episodic_return,479.77595063388753
119498,episodic_length,309.0
119714,episodic_return,378.40730250246463
119714,episodic_length,215.0
119882,episodic_return,331.4982401283973
119882,episodic_length,167.0
120057,episodic_return,336.8368998300924
120057,episodic_length,174.0
120285,episodic_return,391.45413908171054
120285,episodic_length,227.0
120446,episodic_return,319.85581962542363
120446,episodic_length,160.0
120651,episodic_return,370.46194522320354
120651,episodic_length,204.0
120832,value_loss,0.0036338758654892445
120832,policy_loss,-0.09860803186893463
120832,approx_kl,1.8672699928283691
120832,clipfrac,0.85859375
120832,explained_variance,0.8777329325675964
120832,sps,565.0
120863,episodic_return,376.6072170677469
120863,episodic_length,211.0
121041,episodic_return,335.5801103646698
121041,episodic_length,177.0
121351,episodic_return,473.6602058260049
121351,episodic_length,309.0
121529,episodic_return,339.95381260431736
121529,episodic_length,177.0
121772,episodic_return,404.05723587708076
121772,episodic_length,242.0
121940,episodic_return,327.1251736471413
121940,episodic_length,167.0
122154,episodic_return,371.3608707224203
122154,episodic_length,213.0
122880,value_loss,0.025116272270679474
122880,policy_loss,0.1040390357375145
122880,approx_kl,3.0312862396240234
122880,clipfrac,0.84990234375
122880,explained_variance,0.9352391883730888
122880,sps,565.0
123155,episodic_return,1093.4697931835346
123155,episodic_length,1000.0
123340,episodic_return,345.56005866205123
123340,episodic_length,184.0
123499,episodic_return,324.58114606667675
123499,episodic_length,158.0
123660,episodic_return,326.3729059628981
123660,episodic_length,160.0
123836,episodic_return,345.7130355243735
123836,episodic_length,175.0
123996,episodic_return,318.2879919639402
123996,episodic_length,159.0
124178,episodic_return,350.8405056409887
124178,episodic_length,181.0
124347,episodic_return,336.3510165123437
124347,episodic_length,168.0
124578,episodic_return,404.42144614104
124578,episodic_length,230.0
124772,episodic_return,362.21577585917095
124772,episodic_length,193.0
124925,episodic_return,313.09581119987513
124925,episodic_length,152.0
124928,value_loss,0.014296320267021656
124928,policy_loss,-0.11452680826187134
124928,approx_kl,1.9698894023895264
124928,clipfrac,0.855908203125
124928,explained_variance,0.8986795544624329
124928,sps,565.0
125092,episodic_return,335.91958184820083
125092,episodic_length,166.0
125263,episodic_return,342.52404038208607
125263,episodic_length,170.0
125441,episodic_return,350.46709776401264
125441,episodic_length,177.0
125610,episodic_return,343.6032767252236
125610,episodic_length,168.0
125830,episodic_return,391.50497846430113
125830,episodic_length,219.0
126055,episodic_return,396.981001820276
126055,episodic_length,224.0
126266,episodic_return,381.10654765225695
126266,episodic_length,210.0
126437,episodic_return,338.6899925463405
126437,episodic_length,170.0
126621,episodic_return,356.62732308223707
126621,episodic_length,183.0
126782,episodic_return,329.74125782041824
126782,episodic_length,160.0
126976,value_loss,0.01858413591980934
126976,policy_loss,-0.5123393535614014
126976,approx_kl,2.770045757293701
126976,clipfrac,0.75712890625
126976,explained_variance,0.9455732367932796
126976,sps,565.0
126997,episodic_return,389.9176112070923
126997,episodic_length,214.0
127183,episodic_return,371.0241983414762
127183,episodic_length,185.0
127374,episodic_return,375.07642104178456
127374,episodic_length,190.0
127537,episodic_return,332.366000086546
127537,episodic_length,162.0
127713,episodic_return,357.6957366733529
127713,episodic_length,175.0
127875,episodic_return,336.29241082972726
127875,episodic_length,161.0
128050,episodic_return,352.1796838585294
128050,episodic_length,174.0
128271,episodic_return,400.2776980440658
128271,episodic_length,220.0
128503,episodic_return,413.2087100739117
128503,episodic_length,231.0
128681,episodic_return,355.7674829163335
128681,episodic_length,177.0
128883,episodic_return,386.1761802923773
128883,episodic_length,201.0
129024,value_loss,0.0025159178767353296
129024,policy_loss,0.026317507028579712
129024,approx_kl,1.0651941299438477
129024,clipfrac,0.76572265625
129024,explained_variance,0.9406653568148613
129024,sps,565.0
129055,episodic_return,347.31029698080783
129055,episodic_length,171.0
130056,episodic_return,1062.3552577033015
130056,episodic_length,1000.0
131057,episodic_return,1057.2263171419506
131057,episodic_length,1000.0
131072,value_loss,0.04691048711538315
131072,policy_loss,-0.06637388467788696
131072,approx_kl,3.1710667610168457
131072,clipfrac,0.886279296875
131072,explained_variance,0.5449022352695465
131072,sps,565.0
132058,episodic_return,1081.3447646524423
132058,episodic_length,1000.0
132331,episodic_return,446.22095985396413
132331,episodic_length,272.0
132586,episodic_return,433.6326608599842
132586,episodic_length,254.0
133120,value_loss,0.007163310423493385
133120,policy_loss,-0.16410207748413086
133120,approx_kl,2.5520477294921875
133120,clipfrac,0.88876953125
133120,explained_variance,0.8156676441431046
133120,sps,565.0
133282,episodic_return,888.167765614246
133282,episodic_length,695.0
133431,episodic_return,325.03246722313764
133431,episodic_length,148.0
133583,episodic_return,321.260668462747
133583,episodic_length,151.0
133729,episodic_return,311.4216193415952
133729,episodic_length,145.0
133882,episodic_return,327.59520269158827
133882,episodic_length,152.0
134031,episodic_return,323.43350056083216
134031,episodic_length,148.0
134189,episodic_return,327.2656110154543
134189,episodic_length,157.0
134336,episodic_return,314.3182958000219
134336,episodic_length,146.0
134476,episodic_return,311.2476370842294
134476,episodic_length,139.0
134613,episodic_return,300.5385161341474
134613,episodic_length,136.0
134758,episodic_return,317.84391196796713
134758,episodic_length,144.0
134902,episodic_return,316.98020442937866
134902,episodic_length,143.0
135053,episodic_return,327.15417949902957
135053,episodic_length,150.0
135168,value_loss,0.026676151901483536
135168,policy_loss,-0.04759550094604492
135168,approx_kl,5.525058746337891
135168,clipfrac,0.836181640625
135168,explained_variance,0.9313610568642616
135168,sps,565.0
135200,episodic_return,305.58918267763
135200,episodic_length,146.0
135332,episodic_return,294.6209987071738
135332,episodic_length,131.0
135467,episodic_return,293.96148023306495
135467,episodic_length,134.0
135620,episodic_return,315.35495068215664
135620,episodic_length,152.0
135754,episodic_return,297.725795486998
135754,episodic_length,133.0
135893,episodic_return,295.33406898084064
135893,episodic_length,138.0
136031,episodic_return,297.12857289384
136031,episodic_length,137.0
136172,episodic_return,301.78572472588695
136172,episodic_length,140.0
136318,episodic_return,304.73652972172755
136318,episodic_length,145.0
136467,episodic_return,306.6434298141357
136467,episodic_length,148.0
136599,episodic_return,287.83447530306324
136599,episodic_length,131.0
136741,episodic_return,299.163668905205
136741,episodic_length,141.0
136891,episodic_return,307.65687529039536
136891,episodic_length,149.0
137032,episodic_return,297.3141995330237
137032,episodic_length,140.0
137178,episodic_return,309.1956899292478
137178,episodic_length,145.0
137216,value_loss,0.008043132722377777
137216,policy_loss,-0.3380282521247864
137216,approx_kl,3.7343626022338867
137216,clipfrac,0.842919921875
137216,explained_variance,0.9261690154671669
137216,sps,565.0
137311,episodic_return,299.8529481535331
137311,episodic_length,132.0
137450,episodic_return,302.553478061417
137450,episodic_length,138.0
137592,episodic_return,305.70103168147443
137592,episodic_length,141.0
137727,episodic_return,298.7594570563565
137727,episodic_length,134.0
137870,episodic_return,304.71371279197547
137870,episodic_length,142.0
138008,episodic_return,299.5041195504641
138008,episodic_length,137.0
138145,episodic_return,298.40527020635693
138145,episodic_length,136.0
138285,episodic_return,300.3300891715704
138285,episodic_length,139.0
138429,episodic_return,306.4892164948202
138429,episodic_length,143.0
138567,episodic_return,298.7210595683603
138567,episodic_length,137.0
138710,episodic_return,303.49565746986906
138710,episodic_length,142.0
138845,episodic_return,300.7685766667573
138845,episodic_length,134.0
138989,episodic_return,306.8099913585951
138989,episodic_length,143.0
139132,episodic_return,307.71825328261446
139132,episodic_length,142.0
139264,value_loss,0.004083570092916489
139264,policy_loss,-0.5054190754890442
139264,approx_kl,2.968005657196045
139264,clipfrac,0.81435546875
139264,explained_variance,0.9459288120269775
139264,sps,565.0
139273,episodic_return,307.5594300122866
139273,episodic_length,140.0
139415,episodic_return,303.37980998897064
139415,episodic_length,141.0
139566,episodic_return,316.1892324796129
139566,episodic_length,150.0
139709,episodic_return,308.2214540506702
139709,episodic_length,142.0
139871,episodic_return,327.24971130909313
139871,episodic_length,161.0
140018,episodic_return,309.20559059096024
140018,episodic_length,146.0
140170,episodic_return,315.6626297454403
140170,episodic_length,151.0
140317,episodic_return,313.2031593439338
140317,episodic_length,146.0
140467,episodic_return,314.02784848229896
140467,episodic_length,149.0
140608,episodic_return,303.63581731536675
140608,episodic_length,140.0
140753,episodic_return,307.5987651492356
140753,episodic_length,144.0
140895,episodic_return,309.22833266772625
140895,episodic_length,141.0
141048,episodic_return,316.743137944313
141048,episodic_length,152.0
141191,episodic_return,306.2939589141865
141191,episodic_length,142.0
141312,value_loss,0.005772748962044716
141312,policy_loss,-0.3465595841407776
141312,approx_kl,3.3628013134002686
141312,clipfrac,0.74755859375
141312,explained_variance,0.9470150582492352
141312,sps,565.0
141341,episodic_return,315.03188599306264
141341,episodic_length,149.0
141508,episodic_return,329.0984829844046
141508,episodic_length,166.0
141663,episodic_return,315.6461126070809
141663,episodic_length,154.0
141819,episodic_return,316.6648554042948
141819,episodic_length,155.0
141981,episodic_return,321.9218971279405
141981,episodic_length,161.0
142172,episodic_return,355.8296695024842
142172,episodic_length,190.0
142321,episodic_return,309.8606683531934
142321,episodic_length,148.0
142478,episodic_return,319.3108459262208
142478,episodic_length,156.0
142629,episodic_return,311.11303614937566
142629,episodic_length,150.0
142780,episodic_return,309.11602836648876
142780,episodic_length,150.0
142940,episodic_return,322.9998498546927
142940,episodic_length,159.0
143093,episodic_return,315.7805768881203
143093,episodic_length,152.0
143254,episodic_return,321.3889383779291
143254,episodic_length,160.0
143360,value_loss,0.0041950298473238945
143360,policy_loss,-0.0722481906414032
143360,approx_kl,1.4800691604614258
143360,clipfrac,0.78828125
143360,explained_variance,0.9495543874800205
143360,sps,565.0
143419,episodic_return,322.6285249224516
143419,episodic_length,164.0
143589,episodic_return,334.9004867841024
143589,episodic_length,169.0
143762,episodic_return,333.7108431864998
143762,episodic_length,172.0
143918,episodic_return,320.30425625459435
143918,episodic_length,155.0
144073,episodic_return,316.8071045111149
144073,episodic_length,154.0
144231,episodic_return,317.7994195408236
144231,episodic_length,157.0
144384,episodic_return,313.9112413889222
144384,episodic_length,152.0
144533,episodic_return,308.7933239915212
144533,episodic_length,148.0
144681,episodic_return,307.18739339349804
144681,episodic_length,147.0
144842,episodic_return,323.91999869391236
144842,episodic_length,160.0
145014,episodic_return,337.4184848214975
145014,episodic_length,171.0
145167,episodic_return,313.99552594745796
145167,episodic_length,152.0
145327,episodic_return,321.10377785175746
145327,episodic_length,159.0
145408,value_loss,0.004024708177894354
145408,policy_loss,-0.04146333783864975
145408,approx_kl,3.2924864292144775
145408,clipfrac,0.824853515625
145408,explained_variance,0.947724249213934
145408,sps,564.0
145485,episodic_return,313.3900600783183
145485,episodic_length,157.0
145629,episodic_return,301.3744264083171
145629,episodic_length,143.0
145778,episodic_return,305.3254237211919
145778,episodic_length,148.0
145920,episodic_return,298.65172731707025
145920,episodic_length,141.0
146068,episodic_return,303.81154382270927
146068,episodic_length,147.0
146211,episodic_return,300.948443521174
146211,episodic_length,142.0
146372,episodic_return,327.0718080146214
146372,episodic_length,160.0
146515,episodic_return,299.9670540509873
146515,episodic_length,142.0
146679,episodic_return,321.5212393536851
146679,episodic_length,163.0
146831,episodic_return,308.87945003826536
146831,episodic_length,151.0
146974,episodic_return,301.8241269511503
146974,episodic_length,142.0
147125,episodic_return,307.72193090780615
147125,episodic_length,150.0
147264,episodic_return,289.8935675015709
147264,episodic_length,138.0
147406,episodic_return,297.82795784667695
147406,episodic_length,141.0
147456,value_loss,0.016158821061253548
147456,policy_loss,-0.15955469012260437
147456,approx_kl,2.8175559043884277
147456,clipfrac,0.83291015625
147456,explained_variance,0.9452635161578655
147456,sps,564.0
147561,episodic_return,310.72357133244685
147561,episodic_length,154.0
147710,episodic_return,308.55764819596044
147710,episodic_length,148.0
147850,episodic_return,294.0572259074263
147850,episodic_length,139.0
147983,episodic_return,279.82298403835273
147983,episodic_length,132.0
148129,episodic_return,306.5666132641312
148129,episodic_length,145.0
148270,episodic_return,292.78782393801396
148270,episodic_length,140.0
148425,episodic_return,310.19093991661885
148425,episodic_length,154.0
148572,episodic_return,304.00367770195726
148572,episodic_length,146.0
148713,episodic_return,293.4416521549296
148713,episodic_length,140.0
148850,episodic_return,286.1597961330115
148850,episodic_length,136.0
149007,episodic_return,310.0840827105784
149007,episodic_length,156.0
149155,episodic_return,301.4609420283216
149155,episodic_length,147.0
149297,episodic_return,296.6373963653184
149297,episodic_length,141.0
149440,episodic_return,299.40074514399464
149440,episodic_length,142.0
149504,value_loss,0.0037024198099970818
149504,policy_loss,-0.127254456281662
149504,approx_kl,1.0460772514343262
149504,clipfrac,0.79091796875
149504,explained_variance,0.9379437863826752
149504,sps,564.0
149585,episodic_return,304.2850353874362
149585,episodic_length,144.0
149741,episodic_return,320.2572937955321
149741,episodic_length,155.0
149890,episodic_return,311.1253014693831
149890,episodic_length,148.0
150040,episodic_return,312.7683659480145
150040,episodic_length,149.0
150192,episodic_return,314.4649418248127
150192,episodic_length,151.0
150338,episodic_return,311.27827789283646
150338,episodic_length,145.0
150494,episodic_return,317.0644383556444
150494,episodic_length,155.0
150635,episodic_return,298.8735809412839
150635,episodic_length,140.0
150779,episodic_return,305.2490641541102
150779,episodic_length,143.0
150927,episodic_return,308.2811939569817
150927,episodic_length,147.0
151080,episodic_return,314.4734235601636
151080,episodic_length,152.0
151234,episodic_return,313.2073554233667
151234,episodic_length,153.0
151388,episodic_return,312.24267926615926
151388,episodic_length,153.0
151538,episodic_return,309.58177228154295
151538,episodic_length,149.0
151552,value_loss,0.0006562645430676639
151552,policy_loss,0.006124123930931091
151552,approx_kl,1.4507019519805908
151552,clipfrac,0.803173828125
151552,explained_variance,0.9476832151412964
151552,sps,564.0
151676,episodic_return,301.2444419578599
151676,episodic_length,137.0
151830,episodic_return,319.62971294981764
151830,episodic_length,153.0
151973,episodic_return,307.6909685347802
151973,episodic_length,142.0
152118,episodic_return,310.2144101106286
152118,episodic_length,144.0
152263,episodic_return,309.8742529278825
152263,episodic_length,144.0
152411,episodic_return,310.3497471836266
152411,episodic_length,147.0
152564,episodic_return,315.24915885641985
152564,episodic_length,152.0
152706,episodic_return,304.5906355167377
152706,episodic_length,141.0
152863,episodic_return,323.14855007201027
152863,episodic_length,156.0
153007,episodic_return,308.4657503364604
153007,episodic_length,143.0
153157,episodic_return,311.2512995020563
153157,episodic_length,149.0
153305,episodic_return,311.0139047681968
153305,episodic_length,147.0
153449,episodic_return,311.83467437909167
153449,episodic_length,143.0
153598,episodic_return,314.89268876942054
153598,episodic_length,148.0
153600,value_loss,0.01306463684886694
153600,policy_loss,-0.1437234729528427
153600,approx_kl,5.561125755310059
153600,clipfrac,0.83623046875
153600,explained_variance,0.9452424794435501
153600,sps,564.0
153746,episodic_return,317.85236131673804
153746,episodic_length,147.0
153882,episodic_return,302.43727471440695
153882,episodic_length,135.0
154023,episodic_return,309.6130188804856
154023,episodic_length,140.0
154164,episodic_return,309.3159358649376
154164,episodic_length,140.0
154311,episodic_return,315.45687090852556
154311,episodic_length,146.0
154446,episodic_return,299.5455105674921
154446,episodic_length,134.0
154585,episodic_return,308.8403489589661
154585,episodic_length,138.0
154727,episodic_return,308.9251457455064
154727,episodic_length,141.0
154871,episodic_return,308.7534673907283
154871,episodic_length,143.0
155017,episodic_return,312.38145422278063
155017,episodic_length,145.0
155156,episodic_return,307.5855632579248
155156,episodic_length,138.0
155300,episodic_return,312.3231228720003
155300,episodic_length,143.0
155439,episodic_return,305.65627347981604
155439,episodic_length,138.0
155581,episodic_return,308.26039106486485
155581,episodic_length,141.0
155648,value_loss,0.04317206144332886
155648,policy_loss,-0.49090254306793213
155648,approx_kl,5.1717939376831055
155648,clipfrac,0.843701171875
155648,explained_variance,0.9448308274149895
155648,sps,564.0
155729,episodic_return,318.14191230309643
155729,episodic_length,147.0
155869,episodic_return,308.3504698193189
155869,episodic_length,139.0
156015,episodic_return,312.7196773196131
156015,episodic_length,145.0
156158,episodic_return,310.9962034219332
156158,episodic_length,142.0
156304,episodic_return,313.1831151082778
156304,episodic_length,145.0
156449,episodic_return,314.4681020195835
156449,episodic_length,144.0
156596,episodic_return,315.8063725703531
156596,episodic_length,146.0
156742,episodic_return,315.4699525928366
156742,episodic_length,145.0
156884,episodic_return,310.129867576553
156884,episodic_length,141.0
157028,episodic_return,313.3832440944059
157028,episodic_length,143.0
157169,episodic_return,309.64259036834153
157169,episodic_length,140.0
157308,episodic_return,304.6348618835498
157308,episodic_length,138.0
157452,episodic_return,312.0825845106305
157452,episodic_length,143.0
157595,episodic_return,311.1434207623871
157595,episodic_length,142.0
157696,value_loss,0.007706225849688053
157696,policy_loss,-0.18322384357452393
157696,approx_kl,9.199483871459961
157696,clipfrac,0.812939453125
157696,explained_variance,0.9421833530068398
157696,sps,564.0
157748,episodic_return,329.1526023627478
157748,episodic_length,152.0
157899,episodic_return,327.4423657185229
157899,episodic_length,150.0
158046,episodic_return,323.6564679841026
158046,episodic_length,146.0
158191,episodic_return,318.6608188906535
158191,episodic_length,144.0
158340,episodic_return,324.42084474746326
158340,episodic_length,148.0
158501,episodic_return,340.189386334034
158501,episodic_length,160.0
158648,episodic_return,319.78978081609813
158648,episodic_length,146.0
158804,episodic_return,331.140496537914
158804,episodic_length,155.0
158955,episodic_return,326.99175232497794
158955,episodic_length,150.0
159125,episodic_return,348.5058275834529
159125,episodic_length,169.0
159279,episodic_return,330.85294472297693
159279,episodic_length,153.0
159436,episodic_return,335.1323944340636
159436,episodic_length,156.0
159588,episodic_return,328.0707772816979
159588,episodic_length,151.0
159730,episodic_return,315.894746700047
159730,episodic_length,141.0
159744,value_loss,0.009361790493130684
159744,policy_loss,-0.2636098563671112
159744,approx_kl,4.3556108474731445
159744,clipfrac,0.868994140625
159744,explained_variance,0.9465359635651112
159744,sps,564.0
159878,episodic_return,317.01461063640164
159878,episodic_length,147.0
160021,episodic_return,312.9161400141842
160021,episodic_length,142.0
160160,episodic_return,308.2629282899285
160160,episodic_length,138.0
160311,episodic_return,324.46694895279984
160311,episodic_length,150.0
160462,episodic_return,320.94120996033877
160462,episodic_length,150.0
160602,episodic_return,311.80733069763545
160602,episodic_length,139.0
160744,episodic_return,307.7516562875929
160744,episodic_length,141.0
160887,episodic_return,311.2121585442366
160887,episodic_length,142.0
161029,episodic_return,312.8090242893883
161029,episodic_length,141.0
161179,episodic_return,321.0527810424677
161179,episodic_length,149.0
161319,episodic_return,307.6935618307768
161319,episodic_length,139.0
161463,episodic_return,314.5305029665341
161463,episodic_length,143.0
161605,episodic_return,312.50083023999383
161605,episodic_length,141.0
161751,episodic_return,319.29244035319454
161751,episodic_length,145.0
161792,value_loss,0.0017898287624120712
161792,policy_loss,-0.15937191247940063
161792,approx_kl,5.390920639038086
161792,clipfrac,0.852392578125
161792,explained_variance,0.945773147046566
161792,sps,564.0
161890,episodic_return,308.0007417250665
161890,episodic_length,138.0
162051,episodic_return,331.08690308467425
162051,episodic_length,160.0
162215,episodic_return,333.1525202975166
162215,episodic_length,163.0
162381,episodic_return,337.8690012037728
162381,episodic_length,165.0
162556,episodic_return,346.5268619236227
162556,episodic_length,174.0
162709,episodic_return,323.3060316372663
162709,episodic_length,152.0
162913,episodic_return,376.39190400788175
162913,episodic_length,203.0
163078,episodic_return,332.8132677944498
163078,episodic_length,164.0
163254,episodic_return,345.18074753979016
163254,episodic_length,175.0
163416,episodic_return,335.95050293302313
163416,episodic_length,161.0
163601,episodic_return,356.5690212590165
163601,episodic_length,184.0
163760,episodic_return,330.0595887011772
163760,episodic_length,158.0
163840,value_loss,0.02007458731532097
163840,policy_loss,-0.08979372680187225
163840,approx_kl,9.482006072998047
163840,clipfrac,0.84560546875
163840,explained_variance,0.9446549899876118
163840,sps,564.0
163918,episodic_return,324.2551581828367
163918,episodic_length,157.0
164094,episodic_return,348.70025753737724
164094,episodic_length,175.0
164270,episodic_return,344.6216995941664
164270,episodic_length,175.0
164463,episodic_return,360.98905386958427
164463,episodic_length,192.0
164640,episodic_return,348.257489750137
164640,episodic_length,176.0
164804,episodic_return,332.39772077744874
164804,episodic_length,163.0
164974,episodic_return,336.9920993129104
164974,episodic_length,169.0
165131,episodic_return,328.64403750760323
165131,episodic_length,156.0
165303,episodic_return,343.5859473816219
165303,episodic_length,171.0
165468,episodic_return,334.40920238872104
165468,episodic_length,164.0
165682,episodic_return,387.79894303847556
165682,episodic_length,213.0
165832,episodic_return,320.8448943055399
165832,episodic_length,149.0
165888,value_loss,0.027243923395872116
165888,policy_loss,0.07889619469642639
165888,approx_kl,3.606776475906372
165888,clipfrac,0.839501953125
165888,explained_variance,0.9496225044131279
165888,sps,564.0
166010,episodic_return,348.6236941516887
166010,episodic_length,177.0
166198,episodic_return,359.21783861154216
166198,episodic_length,187.0
166368,episodic_return,345.64358639654284
166368,episodic_length,169.0
166546,episodic_return,348.90581393448946
166546,episodic_length,177.0
166721,episodic_return,347.809417204579
166721,episodic_length,174.0
166917,episodic_return,365.6932939369599
166917,episodic_length,195.0
167101,episodic_return,355.11368071008513
167101,episodic_length,183.0
167293,episodic_return,361.586409066759
167293,episodic_length,191.0
167437,episodic_return,312.3059518059115
167437,episodic_length,143.0
167625,episodic_return,358.53451146445144
167625,episodic_length,187.0
167810,episodic_return,355.9287234019943
167810,episodic_length,184.0
167936,value_loss,0.0018144629430025816
167936,policy_loss,-0.184145987033844
167936,approx_kl,5.980674743652344
167936,clipfrac,0.813916015625
167936,explained_variance,0.9481891095638275
167936,sps,564.0
167962,episodic_return,319.36442580625584
167962,episodic_length,151.0
168125,episodic_return,336.051609580517
168125,episodic_length,162.0
168317,episodic_return,366.9150284334978
168317,episodic_length,191.0
168481,episodic_return,336.1036615956868
168481,episodic_length,163.0
168645,episodic_return,337.65772494949954
168645,episodic_length,163.0
168799,episodic_return,330.0424920901366
168799,episodic_length,153.0
168973,episodic_return,350.4607974461238
168973,episodic_length,173.0
169134,episodic_return,333.32328083524504
169134,episodic_length,160.0
169288,episodic_return,329.7142624132354
169288,episodic_length,153.0
169450,episodic_return,337.5274802738887
169450,episodic_length,161.0
169622,episodic_return,345.03595715817204
169622,episodic_length,171.0
169842,episodic_return,395.8635246522416
169842,episodic_length,219.0
169984,value_loss,0.01534830592572689
169984,policy_loss,-0.13856875896453857
169984,approx_kl,16.699159622192383
169984,clipfrac,0.839892578125
169984,explained_variance,0.9512137621641159
169984,sps,563.0
169996,episodic_return,331.50818387310284
169996,episodic_length,153.0
170220,episodic_return,402.0269827138753
170220,episodic_length,223.0
170374,episodic_return,333.5122942498178
170374,episodic_length,153.0
170565,episodic_return,370.9919843958665
170565,episodic_length,190.0
170737,episodic_return,354.33094983997904
170737,episodic_length,171.0
170881,episodic_return,320.9459312298212
170881,episodic_length,143.0
171048,episodic_return,349.89553725024655
171048,episodic_length,166.0
171214,episodic_return,344.443253186548
171214,episodic_length,165.0
171358,episodic_return,320.30884341489343
171358,episodic_length,143.0
171515,episodic_return,333.7822783584877
171515,episodic_length,156.0
171684,episodic_return,345.8548159855696
171684,episodic_length,168.0
171849,episodic_return,345.82990633799704
171849,episodic_length,164.0
172023,episodic_return,354.7255808997743
172023,episodic_length,173.0
172032,value_loss,0.032064661383628845
172032,policy_loss,-0.008961189538240433
172032,approx_kl,2.104623317718506
172032,clipfrac,0.8013671875
172032,explained_variance,0.9516374543309212
172032,sps,563.0
172177,episodic_return,327.0565609278245
172177,episodic_length,153.0
172375,episodic_return,375.8684598940012
172375,episodic_length,197.0
172543,episodic_return,348.83593909673414
172543,episodic_length,167.0
172780,episodic_return,409.90751501546964
172780,episodic_length,236.0
172961,episodic_return,359.1428895530955
172961,episodic_length,180.0
173168,episodic_return,381.99807303352566
173168,episodic_length,206.0
173365,episodic_return,370.6575331131927
173365,episodic_length,196.0
173956,episodic_return,776.4977473903718
173956,episodic_length,590.0
174080,value_loss,0.0020414411555975676
174080,policy_loss,-0.679334282875061
174080,approx_kl,3.1007118225097656
174080,clipfrac,0.861376953125
174080,explained_variance,0.9492964223027229
174080,sps,563.0
174141,episodic_return,357.72690956837744
174141,episodic_length,184.0
174298,episodic_return,322.8458829505489
174298,episodic_length,156.0
174443,episodic_return,313.42178256067035
174443,episodic_length,144.0
174596,episodic_return,320.1973101340376
174596,episodic_length,152.0
174735,episodic_return,304.42383287733753
174735,episodic_length,138.0
174895,episodic_return,328.95971971386194
174895,episodic_length,159.0
175039,episodic_return,312.3501361812708
175039,episodic_length,143.0
175192,episodic_return,323.05903056633167
175192,episodic_length,152.0
175353,episodic_return,332.929141367453
175353,episodic_length,160.0
175508,episodic_return,323.36016341433293
175508,episodic_length,154.0
175661,episodic_return,322.3712151166125
175661,episodic_length,152.0
175810,episodic_return,318.8946482533928
175810,episodic_length,148.0
175956,episodic_return,316.25703355802295
175956,episodic_length,145.0
176108,episodic_return,320.3846278954792
176108,episodic_length,151.0
176128,value_loss,0.03988876938819885
176128,policy_loss,-0.048395805060863495
176128,approx_kl,6.8722429275512695
176128,clipfrac,0.854443359375
176128,explained_variance,0.9482711441814899
176128,sps,563.0
176272,episodic_return,329.6777668043215
176272,episodic_length,163.0
176455,episodic_return,348.5098842300232
176455,episodic_length,182.0
176593,episodic_return,294.9217753343143
176593,episodic_length,137.0
176731,episodic_return,299.992848023783
176731,episodic_length,137.0
176871,episodic_return,300.76347421769736
176871,episodic_length,139.0
177008,episodic_return,298.8614239647449
177008,episodic_length,136.0
177154,episodic_return,303.8110924768859
177154,episodic_length,145.0
177299,episodic_return,306.16492430137725
177299,episodic_length,144.0
177457,episodic_return,317.9826394716631
177457,episodic_length,157.0
177609,episodic_return,315.48310435933234
177609,episodic_length,151.0
177763,episodic_return,314.7256326009748
177763,episodic_length,153.0
177917,episodic_return,311.6957484171911
177917,episodic_length,153.0
178070,episodic_return,320.69890675151515
178070,episodic_length,152.0
178176,value_loss,0.0024021149147301912
178176,policy_loss,-0.2641405463218689
178176,approx_kl,6.775974273681641
178176,clipfrac,0.858251953125
178176,explained_variance,0.9477138817310333
178176,sps,563.0
178207,episodic_return,291.30599261106795
178207,episodic_length,136.0
178342,episodic_return,297.8743709975292
178342,episodic_length,134.0
178512,episodic_return,331.8124230001525
178512,episodic_length,169.0
178651,episodic_return,299.521343753883
178651,episodic_length,138.0
178793,episodic_return,295.7222951260254
178793,episodic_length,141.0
178941,episodic_return,307.03160096302753
178941,episodic_length,147.0
179093,episodic_return,313.28128863172554
179093,episodic_length,151.0
179233,episodic_return,287.82848770464375
179233,episodic_length,139.0
179373,episodic_return,291.1998073100777
179373,episodic_length,139.0
179516,episodic_return,300.7133885527482
179516,episodic_length,142.0
179664,episodic_return,307.05544169491867
179664,episodic_length,147.0
179822,episodic_return,319.08818860913016
179822,episodic_length,157.0
179964,episodic_return,295.8775753909028
179964,episodic_length,141.0
180089,episodic_return,276.37123917311334
180089,episodic_length,124.0
180224,episodic_return,295.97717171822006
180224,episodic_length,134.0
180224,value_loss,0.00667421193793416
180224,policy_loss,-0.11906863003969193
180224,approx_kl,13.399839401245117
180224,clipfrac,0.86142578125
180224,explained_variance,0.9488161168992519
180224,sps,563.0
180358,episodic_return,298.58570709432695
180358,episodic_length,133.0
180488,episodic_return,292.91019473516775
180488,episodic_length,129.0
180625,episodic_return,301.4216469229328
180625,episodic_length,136.0
180764,episodic_return,304.85399886889036
180764,episodic_length,138.0
180899,episodic_return,295.9991105657353
180899,episodic_length,134.0
181024,episodic_return,285.3835239387711
181024,episodic_length,124.0
181145,episodic_return,273.66143648026616
181145,episodic_length,120.0
181276,episodic_return,288.36224128407537
181276,episodic_length,130.0
181415,episodic_return,301.41720035848004
181415,episodic_length,138.0
181566,episodic_return,314.7812535315585
181566,episodic_length,150.0
181699,episodic_return,292.21948761824126
181699,episodic_length,132.0
181827,episodic_return,287.1916468203802
181827,episodic_length,127.0
181958,episodic_return,293.48231644039197
181958,episodic_length,130.0
182095,episodic_return,294.2112120725605
182095,episodic_length,136.0
182224,episodic_return,288.3649486685781
182224,episodic_length,128.0
182272,value_loss,0.0046189636923372746
182272,policy_loss,-0.06871627271175385
182272,approx_kl,5.290167808532715
182272,clipfrac,0.813916015625
182272,explained_variance,0.9465932734310627
182272,sps,563.0
182375,episodic_return,324.23653079185175
182375,episodic_length,150.0
182524,episodic_return,322.38445830751715
182524,episodic_length,148.0
182666,episodic_return,316.51489145672053
182666,episodic_length,141.0
182820,episodic_return,327.9402975398968
182820,episodic_length,153.0
182956,episodic_return,306.50170995029237
182956,episodic_length,135.0
183112,episodic_return,333.3015070739238
183112,episodic_length,155.0
183251,episodic_return,311.65584743987733
183251,episodic_length,138.0
183400,episodic_return,323.3346312066696
183400,episodic_length,148.0
183551,episodic_return,323.80040197462
183551,episodic_length,150.0
183712,episodic_return,339.22607302735133
183712,episodic_length,160.0
183864,episodic_return,325.67412420687975
183864,episodic_length,151.0
184002,episodic_return,313.1944913656546
184002,episodic_length,137.0
184147,episodic_return,319.5835914609736
184147,episodic_length,144.0
184298,episodic_return,327.60790060035055
184298,episodic_length,150.0
184320,value_loss,0.002216894645243883
184320,policy_loss,0.020449981093406677
184320,approx_kl,5.84176778793335
184320,clipfrac,0.873779296875
184320,explained_variance,0.9501998610794544
184320,sps,563.0
184453,episodic_return,333.75443117779037
184453,episodic_length,154.0
184634,episodic_return,356.14676604085724
184634,episodic_length,180.0
184792,episodic_return,334.063067437781
184792,episodic_length,157.0
184991,episodic_return,378.37403574927407
184991,episodic_length,198.0
185160,episodic_return,347.4166359832243
185160,episodic_length,168.0
185323,episodic_return,339.20037545642094
185323,episodic_length,162.0
185494,episodic_return,349.3761263720481
185494,episodic_length,170.0
185654,episodic_return,334.6427063441036
185654,episodic_length,159.0
185816,episodic_return,333.4560933462669
185816,episodic_length,161.0
185974,episodic_return,334.3298855953346
185974,episodic_length,157.0
186143,episodic_return,352.83564047514835
186143,episodic_length,168.0
186324,episodic_return,360.90951188508774
186324,episodic_length,180.0
186368,value_loss,0.0007127887802198529
186368,policy_loss,-0.5625369548797607
186368,approx_kl,10.449256896972656
186368,clipfrac,0.864599609375
186368,explained_variance,0.9533816054463387
186368,sps,563.0
186483,episodic_return,332.6782056715332
186483,episodic_length,158.0
186651,episodic_return,345.008205339347
186651,episodic_length,167.0
186788,episodic_return,311.70270590453634
186788,episodic_length,136.0
186960,episodic_return,348.5891100869261
186960,episodic_length,171.0
187109,episodic_return,317.096125935443
187109,episodic_length,148.0
187249,episodic_return,312.82919350505966
187249,episodic_length,139.0
187402,episodic_return,333.67580478058693
187402,episodic_length,152.0
187554,episodic_return,320.42370302246
187554,episodic_length,151.0
187719,episodic_return,343.99272238907406
187719,episodic_length,164.0
187904,episodic_return,363.2888688263452
187904,episodic_length,184.0
188110,episodic_return,384.24351650492787
188110,episodic_length,205.0
188264,episodic_return,329.8859066416145
188264,episodic_length,153.0
188416,value_loss,0.034895021468400955
188416,policy_loss,-0.14048749208450317
188416,approx_kl,4.8626909255981445
188416,clipfrac,0.8529296875
188416,explained_variance,0.953431498259306
188416,sps,563.0
188419,episodic_return,328.5785163040533
188419,episodic_length,154.0
188567,episodic_return,321.48892204274546
188567,episodic_length,147.0
188717,episodic_return,327.4854746832364
188717,episodic_length,149.0
188849,episodic_return,307.3966984906735
188849,episodic_length,131.0
188995,episodic_return,318.3842322483321
188995,episodic_length,145.0
189131,episodic_return,312.72145293127204
189131,episodic_length,135.0
189275,episodic_return,317.1534780687771
189275,episodic_length,143.0
189420,episodic_return,318.96521962949305
189420,episodic_length,144.0
189563,episodic_return,320.1436989640199
189563,episodic_length,142.0
189692,episodic_return,300.3342339350239
189692,episodic_length,128.0
189830,episodic_return,309.36619894487
189830,episodic_length,137.0
189970,episodic_return,316.39745229993235
189970,episodic_length,139.0
190120,episodic_return,328.97451117586473
190120,episodic_length,149.0
190264,episodic_return,321.6869463566897
190264,episodic_length,143.0
190404,episodic_return,310.67561773433107
190404,episodic_length,139.0
190464,value_loss,0.0042550768703222275
190464,policy_loss,-0.0828850194811821
190464,approx_kl,2.498762607574463
190464,clipfrac,0.85390625
190464,explained_variance,0.9479479938745499
190464,sps,563.0
190553,episodic_return,331.95532747842714
190553,episodic_length,148.0
190691,episodic_return,315.605669922428
190691,episodic_length,137.0
190830,episodic_return,321.3516691318447
190830,episodic_length,138.0
190969,episodic_return,315.7968825269561
190969,episodic_length,138.0
191110,episodic_return,320.3864479355424
191110,episodic_length,140.0
191260,episodic_return,333.56741498976163
191260,episodic_length,149.0
191400,episodic_return,320.5994307933224
191400,episodic_length,139.0
191541,episodic_return,320.45370244015146
191541,episodic_length,140.0
191679,episodic_return,316.2170739514669
191679,episodic_length,137.0
191819,episodic_return,317.7355989602571
191819,episodic_length,139.0
191956,episodic_return,312.60147190263615
191956,episodic_length,136.0
192095,episodic_return,316.2958460355302
192095,episodic_length,138.0
192236,episodic_return,321.3472280353631
192236,episodic_length,140.0
192374,episodic_return,315.99503868212423
192374,episodic_length,137.0
192512,value_loss,0.0015114527195692062
192512,policy_loss,-0.29399216175079346
192512,approx_kl,3.0229620933532715
192512,clipfrac,0.868701171875
192512,explained_variance,0.9426629319787025
192512,sps,563.0
192517,episodic_return,320.3184986830708
192517,episodic_length,142.0
192662,episodic_return,328.1539479464724
192662,episodic_length,144.0
192809,episodic_return,330.5681993792492
192809,episodic_length,146.0
192951,episodic_return,325.3117621362085
192951,episodic_length,141.0
193102,episodic_return,333.52761050948305
193102,episodic_length,150.0
193249,episodic_return,328.18874072090796
193249,episodic_length,146.0
193388,episodic_return,325.64742356898336
193388,episodic_length,138.0
193528,episodic_return,322.35438265763435
193528,episodic_length,139.0
193670,episodic_return,326.88589954914977
193670,episodic_length,141.0
193807,episodic_return,316.33120003772706
193807,episodic_length,136.0
193949,episodic_return,323.1084079370427
193949,episodic_length,141.0
194089,episodic_return,329.1015149642571
194089,episodic_length,139.0
194228,episodic_return,320.0977634482866
194228,episodic_length,138.0
194375,episodic_return,330.21844002669803
194375,episodic_length,146.0
194514,episodic_return,323.910243560018
194514,episodic_length,138.0
194560,value_loss,0.0009145655203610659
194560,policy_loss,-3.5977184772491455
194560,approx_kl,5.290740013122559
194560,clipfrac,0.832275390625
194560,explained_variance,0.9506433978676796
194560,sps,563.0
194653,episodic_return,322.9516683821983
194653,episodic_length,138.0
194797,episodic_return,324.7823631666888
194797,episodic_length,143.0
194951,episodic_return,338.1815737867044
194951,episodic_length,153.0
195094,episodic_return,323.09993934199673
195094,episodic_length,142.0
195239,episodic_return,329.6974346572801
195239,episodic_length,144.0
195383,episodic_return,330.9133596006713
195383,episodic_length,143.0
195524,episodic_return,325.71208429163823
195524,episodic_length,140.0
195664,episodic_return,325.05745583775627
195664,episodic_length,139.0
195808,episodic_return,329.1790768059396
195808,episodic_length,143.0
195949,episodic_return,326.3431975549634
195949,episodic_length,140.0
196097,episodic_return,329.2068273188919
196097,episodic_length,147.0
196245,episodic_return,326.3655353342681
196245,episodic_length,147.0
196392,episodic_return,332.02883078403175
196392,episodic_length,146.0
196535,episodic_return,329.5458536059136
196535,episodic_length,142.0
196608,value_loss,0.023082071915268898
196608,policy_loss,0.05389350280165672
196608,approx_kl,3.7244675159454346
196608,clipfrac,0.85654296875
196608,explained_variance,0.9594159163534641
196608,sps,563.0
196681,episodic_return,332.86953041388534
196681,episodic_length,145.0
196824,episodic_return,330.0675805930228
196824,episodic_length,142.0
196964,episodic_return,322.11121829365146
196964,episodic_length,139.0
197112,episodic_return,336.0984123939617
197112,episodic_length,147.0
197249,episodic_return,320.26568532475017
197249,episodic_length,136.0
197389,episodic_return,325.02395636867044
197389,episodic_length,139.0
197535,episodic_return,329.78810863207025
197535,episodic_length,145.0
197677,episodic_return,322.95999501093246
197677,episodic_length,141.0
197826,episodic_return,332.3101957129574
197826,episodic_length,148.0
197973,episodic_return,332.46480842297734
197973,episodic_length,146.0
198113,episodic_return,325.8361107438528
198113,episodic_length,139.0
198253,episodic_return,324.3366890866303
198253,episodic_length,139.0
198399,episodic_return,333.26898005109194
198399,episodic_length,145.0
198543,episodic_return,326.31784172953485
198543,episodic_length,143.0
198656,value_loss,0.020463785156607628
198656,policy_loss,-0.03124573826789856
198656,approx_kl,4.495889663696289
198656,clipfrac,0.84833984375
198656,explained_variance,0.9635435342788696
198656,sps,563.0
198684,episodic_return,326.91809176020513
198684,episodic_length,140.0
198822,episodic_return,325.5565331820626
198822,episodic_length,137.0
198961,episodic_return,321.8896523757512
198961,episodic_length,138.0
199100,episodic_return,325.3545156652639
199100,episodic_length,138.0
199237,episodic_return,318.4304520314106
199237,episodic_length,136.0
199378,episodic_return,319.58661122933864
199378,episodic_length,140.0
199514,episodic_return,319.099160726353
199514,episodic_length,135.0
199652,episodic_return,321.9468444645553
199652,episodic_length,137.0
199792,episodic_return,322.84830020271113
199792,episodic_length,139.0
199934,episodic_return,325.34011726251714
199934,episodic_length,141.0
200074,episodic_return,322.9840673621013
200074,episodic_length,139.0
200210,episodic_return,319.25477327086463
200210,episodic_length,135.0
200347,episodic_return,318.77817351596116
200347,episodic_length,136.0
200485,episodic_return,321.4771342636966
200485,episodic_length,137.0
200624,episodic_return,326.94956617776757
200624,episodic_length,138.0
200704,value_loss,0.0011908452725037932
200704,policy_loss,-0.17994627356529236
200704,approx_kl,2.9358434677124023
200704,clipfrac,0.85712890625
200704,explained_variance,0.9633457474410534
200704,sps,563.0
200770,episodic_return,330.198842716965
200770,episodic_length,145.0
200903,episodic_return,315.08656930899053
200903,episodic_length,132.0
201042,episodic_return,324.4221955727177
201042,episodic_length,138.0
201175,episodic_return,314.966554336143
201175,episodic_length,132.0
201312,episodic_return,318.79532925187357
201312,episodic_length,136.0
201446,episodic_return,311.46997776403225
201446,episodic_length,133.0
201581,episodic_return,314.7788370695886
201581,episodic_length,134.0
201717,episodic_return,321.5462143700017
201717,episodic_length,135.0
201852,episodic_return,319.6133536534637
201852,episodic_length,134.0
201984,episodic_return,314.6786185214137
201984,episodic_length,131.0
202120,episodic_return,319.2271865390291
202120,episodic_length,135.0
202253,episodic_return,313.0809255163832
202253,episodic_length,132.0
202383,episodic_return,312.4686152614491
202383,episodic_length,129.0
202521,episodic_return,321.9332196322562
202521,episodic_length,137.0
202654,episodic_return,314.4396177083741
202654,episodic_length,132.0
202752,value_loss,0.035479310899972916
202752,policy_loss,0.021215975284576416
202752,approx_kl,2.2159881591796875
202752,clipfrac,0.88125
202752,explained_variance,0.9686638005077839
202752,sps,562.0
202786,episodic_return,315.5122813674082
202786,episodic_length,131.0
202923,episodic_return,317.94204202822374
202923,episodic_length,136.0
203060,episodic_return,320.11966347514107
203060,episodic_length,136.0
203193,episodic_return,313.0494490631202
203193,episodic_length,132.0
203324,episodic_return,311.0744588105767
203324,episodic_length,130.0
203464,episodic_return,324.6031103806103
203464,episodic_length,139.0
203603,episodic_return,323.80584915215957
203603,episodic_length,138.0
203746,episodic_return,329.6055672852319
203746,episodic_length,142.0
203883,episodic_return,316.5313605881153
203883,episodic_length,136.0
204018,episodic_return,313.72134301107883
204018,episodic_length,134.0
204158,episodic_return,323.3928137225628
204158,episodic_length,139.0
204295,episodic_return,316.9182713289997
204295,episodic_length,136.0
204435,episodic_return,323.8493289083043
204435,episodic_length,139.0
204575,episodic_return,320.42338912306064
204575,episodic_length,139.0
204714,episodic_return,322.06649078061776
204714,episodic_length,138.0
204800,value_loss,0.01362835057079792
204800,policy_loss,-0.029170384630560875
204800,approx_kl,2.5384521484375
204800,clipfrac,0.83564453125
204800,explained_variance,0.9740713145583868
204800,sps,563.0
204853,episodic_return,323.81123797347374
204853,episodic_length,138.0
204997,episodic_return,327.3877214018119
204997,episodic_length,143.0
205135,episodic_return,321.62865430323365
205135,episodic_length,137.0
205281,episodic_return,331.54095238918865
205281,episodic_length,145.0
205426,episodic_return,330.14975743825045
205426,episodic_length,144.0
205566,episodic_return,320.7566075748185
205566,episodic_length,139.0
205710,episodic_return,325.3771058059281
205710,episodic_length,143.0
205851,episodic_return,322.79827133177895
205851,episodic_length,140.0
205990,episodic_return,321.2640034998023
205990,episodic_length,138.0
206126,episodic_return,314.6156222590397
206126,episodic_length,135.0
206269,episodic_return,323.7225648287724
206269,episodic_length,142.0
206407,episodic_return,316.9421987250815
206407,episodic_length,137.0
206551,episodic_return,329.83780344734447
206551,episodic_length,143.0
206691,episodic_return,324.5859792594832
206691,episodic_length,139.0
206829,episodic_return,321.8201644716091
206829,episodic_length,137.0
206848,value_loss,0.00250743655487895
206848,policy_loss,-0.3159840404987335
206848,approx_kl,6.802611351013184
206848,clipfrac,0.8890625
206848,explained_variance,0.9661095105111599
206848,sps,563.0
206969,episodic_return,323.23508358013834
206969,episodic_length,139.0
207106,episodic_return,315.3475522962684
207106,episodic_length,136.0
207250,episodic_return,326.23534721054284
207250,episodic_length,143.0
207393,episodic_return,328.4541312496518
207393,episodic_length,142.0
207527,episodic_return,312.9174120920473
207527,episodic_length,133.0
207669,episodic_return,321.36066661887094
207669,episodic_length,141.0
207810,episodic_return,320.57662375173885
207810,episodic_length,140.0
207948,episodic_return,319.70824560199827
207948,episodic_length,137.0
208087,episodic_return,318.5418028599617
208087,episodic_length,138.0
208223,episodic_return,316.8799060636683
208223,episodic_length,135.0
208356,episodic_return,309.97185204274655
208356,episodic_length,132.0
208499,episodic_return,326.6298991432502
208499,episodic_length,142.0
208648,episodic_return,330.75384905994275
208648,episodic_length,148.0
208785,episodic_return,319.2127352565781
208785,episodic_length,136.0
208896,value_loss,0.0032763227354735136
208896,policy_loss,-111.90304565429688
208896,approx_kl,360.54693603515625
208896,clipfrac,0.86103515625
208896,explained_variance,0.9561513178050518
208896,sps,563.0
208919,episodic_return,313.20490457551654
208919,episodic_length,133.0
209050,episodic_return,309.27113166968974
209050,episodic_length,130.0
209181,episodic_return,307.43299663684604
209181,episodic_length,130.0
209318,episodic_return,318.68308188486947
209318,episodic_length,136.0
209454,episodic_return,318.0278993984789
209454,episodic_length,135.0
209589,episodic_return,315.2101512971629
209589,episodic_length,134.0
209726,episodic_return,315.88984312065264
209726,episodic_length,136.0
209858,episodic_return,310.67386570894894
209858,episodic_length,131.0
209989,episodic_return,310.68658261385286
209989,episodic_length,130.0
210125,episodic_return,318.9963545356948
210125,episodic_length,135.0
210258,episodic_return,315.17661059405157
210258,episodic_length,132.0
210388,episodic_return,308.6468839049539
210388,episodic_length,129.0
210524,episodic_return,319.5690247098976
210524,episodic_length,135.0
210660,episodic_return,316.8510711578827
210660,episodic_length,135.0
210793,episodic_return,310.5592641987454
210793,episodic_length,132.0
210926,episodic_return,313.3709399644
210926,episodic_length,132.0
210944,value_loss,0.0010414377320557833
210944,policy_loss,-0.42326751351356506
210944,approx_kl,6.268551826477051
210944,clipfrac,0.88095703125
210944,explained_variance,0.9638900570571423
210944,sps,564.0
211061,episodic_return,316.4514899797946
211061,episodic_length,134.0
211197,episodic_return,313.68840832675926
211197,episodic_length,135.0
211329,episodic_return,309.74447524686855
211329,episodic_length,131.0
211466,episodic_return,320.95553161526504
211466,episodic_length,136.0
211600,episodic_return,315.2991320328698
211600,episodic_length,133.0
211733,episodic_return,315.73948736074163
211733,episodic_length,132.0
211868,episodic_return,316.69775919527393
211868,episodic_length,134.0
212001,episodic_return,313.10548407273023
212001,episodic_length,132.0
212135,episodic_return,313.96303883016355
212135,episodic_length,133.0
212266,episodic_return,309.00942732036765
212266,episodic_length,130.0
212398,episodic_return,309.82525811854146
212398,episodic_length,131.0
212529,episodic_return,307.11689958173395
212529,episodic_length,130.0
212666,episodic_return,318.9154567290357
212666,episodic_length,136.0
212800,episodic_return,310.9800148923741
212800,episodic_length,133.0
212933,episodic_return,313.2709729690658
212933,episodic_length,132.0
212992,value_loss,0.0454217866063118
212992,policy_loss,-0.14016449451446533
212992,approx_kl,4.932101726531982
212992,clipfrac,0.900341796875
212992,explained_variance,0.9673771671950817
212992,sps,564.0
213064,episodic_return,308.0300448036462
213064,episodic_length,130.0
213194,episodic_return,305.5208672676697
213194,episodic_length,129.0
213323,episodic_return,306.9629735444345
213323,episodic_length,128.0
213456,episodic_return,315.0355109462569
213456,episodic_length,132.0
213585,episodic_return,308.441076841676
213585,episodic_length,128.0
213713,episodic_return,304.6253911607922
213713,episodic_length,127.0
213844,episodic_return,308.98975338877216
213844,episodic_length,130.0
213973,episodic_return,308.4375376200465
213973,episodic_length,128.0
214103,episodic_return,310.44248331187424
214103,episodic_length,129.0
214231,episodic_return,300.23133043689654
214231,episodic_length,127.0
214360,episodic_return,305.5779893008412
214360,episodic_length,128.0
214488,episodic_return,305.2198145594963
214488,episodic_length,127.0
214619,episodic_return,312.09787275689064
214619,episodic_length,130.0
214750,episodic_return,310.9697937773766
214750,episodic_length,130.0
214881,episodic_return,309.3201620394049
214881,episodic_length,130.0
215010,episodic_return,306.50541585796367
215010,episodic_length,128.0
215040,value_loss,0.004152378998696804
215040,policy_loss,-0.3554627299308777
215040,approx_kl,4.3025407791137695
215040,clipfrac,0.8759765625
215040,explained_variance,0.9565234072506428
215040,sps,564.0
215136,episodic_return,298.69839496105527
215136,episodic_length,125.0
215262,episodic_return,300.0531072572277
215262,episodic_length,125.0
215388,episodic_return,297.95830003678
215388,episodic_length,125.0
215518,episodic_return,307.57069497525663
215518,episodic_length,129.0
215645,episodic_return,301.4866369142397
215645,episodic_length,126.0
215771,episodic_return,300.6262265814028
215771,episodic_length,125.0
215898,episodic_return,300.14780604894463
215898,episodic_length,126.0
216022,episodic_return,296.65351359024385
216022,episodic_length,123.0
216150,episodic_return,303.9092493470121
216150,episodic_length,127.0
216274,episodic_return,295.5368878271153
216274,episodic_length,123.0
216401,episodic_return,302.45734067888486
216401,episodic_length,126.0
216526,episodic_return,297.11764682260093
216526,episodic_length,124.0
216652,episodic_return,300.6670001595318
216652,episodic_length,125.0
216777,episodic_return,301.22619229756435
216777,episodic_length,124.0
216903,episodic_return,304.44128037872326
216903,episodic_length,125.0
217030,episodic_return,301.82440037017125
217030,episodic_length,126.0
217088,value_loss,0.016539858654141426
217088,policy_loss,-0.06791610270738602
217088,approx_kl,10.157756805419922
217088,clipfrac,0.878515625
217088,explained_variance,0.9511851668357849
217088,sps,564.0
217159,episodic_return,305.290215605884
217159,episodic_length,128.0
217284,episodic_return,297.0300049851518
217284,episodic_length,124.0
217411,episodic_return,303.77326157954974
217411,episodic_length,126.0
217537,episodic_return,297.7899062662931
217537,episodic_length,125.0
217668,episodic_return,308.1198942472078
217668,episodic_length,130.0
217794,episodic_return,297.38213923430476
217794,episodic_length,125.0
217922,episodic_return,302.9963258657943
217922,episodic_length,127.0
218051,episodic_return,305.8013829124604
218051,episodic_length,128.0
218178,episodic_return,301.59607087638153
218178,episodic_length,126.0
218307,episodic_return,302.05259527427205
218307,episodic_length,128.0
218435,episodic_return,302.5496527150204
218435,episodic_length,127.0
218561,episodic_return,296.32505435442994
218561,episodic_length,125.0
218688,episodic_return,298.71612329692823
218688,episodic_length,126.0
218817,episodic_return,306.0479815431339
218817,episodic_length,128.0
218943,episodic_return,300.2449274444426
218943,episodic_length,125.0
219073,episodic_return,306.8669640856221
219073,episodic_length,129.0
219136,value_loss,0.004547479562461376
219136,policy_loss,-0.4007408916950226
219136,approx_kl,9.417949676513672
219136,clipfrac,0.90322265625
219136,explained_variance,0.9520709961652756
219136,sps,564.0
219203,episodic_return,306.50612767856876
219203,episodic_length,129.0
219335,episodic_return,315.3827766577183
219335,episodic_length,131.0
219465,episodic_return,308.21621554324514
219465,episodic_length,129.0
219602,episodic_return,320.191158282175
219602,episodic_length,136.0
219736,episodic_return,316.0916618005095
219736,episodic_length,133.0
219868,episodic_return,312.5446819997417
219868,episodic_length,131.0
220000,episodic_return,311.11984076408237
220000,episodic_length,131.0
220129,episodic_return,307.2346285624094
220129,episodic_length,128.0
220262,episodic_return,316.10452371510416
220262,episodic_length,132.0
220396,episodic_return,316.4143038963396
220396,episodic_length,133.0
220527,episodic_return,310.0130092102553
220527,episodic_length,130.0
220658,episodic_return,308.1249301982487
220658,episodic_length,130.0
220790,episodic_return,310.6595649577123
220790,episodic_length,131.0
220922,episodic_return,312.12258418185434
220922,episodic_length,131.0
221053,episodic_return,306.74694947308745
221053,episodic_length,130.0
221184,episodic_return,308.26776226188144
221184,episodic_length,130.0
221184,value_loss,0.005041603464633226
221184,policy_loss,-0.04560704529285431
221184,approx_kl,5.124601364135742
221184,clipfrac,0.884326171875
221184,explained_variance,0.9594939760863781
221184,sps,564.0
221315,episodic_return,308.4120561046665
221315,episodic_length,130.0
221446,episodic_return,310.42192980920936
221446,episodic_length,130.0
221576,episodic_return,310.54135954579266
221576,episodic_length,129.0
221707,episodic_return,310.78444038141276
221707,episodic_length,130.0
221839,episodic_return,309.3869499907038
221839,episodic_length,131.0
221971,episodic_return,313.3187583482599
221971,episodic_length,131.0
222100,episodic_return,303.5221594873109
222100,episodic_length,128.0
222231,episodic_return,311.07046836896484
222231,episodic_length,130.0
222361,episodic_return,306.1881781464434
222361,episodic_length,129.0
222493,episodic_return,310.79937820992984
222493,episodic_length,131.0
222626,episodic_return,314.96494857015654
222626,episodic_length,132.0
222760,episodic_return,314.69248569580407
222760,episodic_length,133.0
222889,episodic_return,307.73414471968783
222889,episodic_length,128.0
223022,episodic_return,313.91965435305343
223022,episodic_length,132.0
223154,episodic_return,312.61572339515664
223154,episodic_length,131.0
223232,value_loss,0.005743967369198799
223232,policy_loss,-0.27875781059265137
223232,approx_kl,3.58716082572937
223232,clipfrac,0.880126953125
223232,explained_variance,0.9666732363402843
223232,sps,564.0
223285,episodic_return,310.7126056406889
223285,episodic_length,130.0
223418,episodic_return,317.30967849529236
223418,episodic_length,132.0
223551,episodic_return,312.8420720705949
223551,episodic_length,132.0
223681,episodic_return,307.3488622929256
223681,episodic_length,129.0
223814,episodic_return,313.3993925405895
223814,episodic_length,132.0
223946,episodic_return,308.2599582635925
223946,episodic_length,131.0
224077,episodic_return,311.7377600018812
224077,episodic_length,130.0
224208,episodic_return,311.55813749539004
224208,episodic_length,130.0
224339,episodic_return,308.13069480708725
224339,episodic_length,130.0
224473,episodic_return,311.6054062225879
224473,episodic_length,133.0
224605,episodic_return,308.56886233118854
224605,episodic_length,131.0
224735,episodic_return,311.0309687411087
224735,episodic_length,129.0
224866,episodic_return,314.2346524336405
224866,episodic_length,130.0
224997,episodic_return,312.2424221810178
224997,episodic_length,130.0
225127,episodic_return,304.6721288916473
225127,episodic_length,129.0
225259,episodic_return,311.03298169363256
225259,episodic_length,131.0
225280,value_loss,0.0016175067285075784
225280,policy_loss,-0.21937599778175354
225280,approx_kl,4.801224708557129
225280,clipfrac,0.87431640625
225280,explained_variance,0.9617151208221912
225280,sps,564.0
225387,episodic_return,300.14424190495856
225387,episodic_length,127.0
225518,episodic_return,305.10910067373504
225518,episodic_length,130.0
225649,episodic_return,310.08575577426376
225649,episodic_length,130.0
225782,episodic_return,309.6027078090118
225782,episodic_length,132.0
225910,episodic_return,300.9786855299472
225910,episodic_length,127.0
226041,episodic_return,307.6019201014733
226041,episodic_length,130.0
226168,episodic_return,302.5658703914991
226168,episodic_length,126.0
226294,episodic_return,299.07435682607405
226294,episodic_length,125.0
226423,episodic_return,305.1385654251796
226423,episodic_length,128.0
226552,episodic_return,306.40814455949845
226552,episodic_length,128.0
226683,episodic_return,310.55682260088525
226683,episodic_length,130.0
226816,episodic_return,308.1527441158843
226816,episodic_length,132.0
226949,episodic_return,309.6813793120946
226949,episodic_length,132.0
227083,episodic_return,308.9290694168007
227083,episodic_length,133.0
227218,episodic_return,312.35987519926834
227218,episodic_length,134.0
227328,value_loss,0.0017387218540534377
227328,policy_loss,-0.531926691532135
227328,approx_kl,14.132879257202148
227328,clipfrac,0.922802734375
227328,explained_variance,0.9492079690098763
227328,sps,564.0
227348,episodic_return,310.02187600551423
227348,episodic_length,129.0
227478,episodic_return,307.29653956483554
227478,episodic_length,129.0
227611,episodic_return,312.59372006719104
227611,episodic_length,132.0
227739,episodic_return,301.9656963490301
227739,episodic_length,127.0
227869,episodic_return,306.0592592261366
227869,episodic_length,129.0
228000,episodic_return,312.4296218617276
228000,episodic_length,130.0
228129,episodic_return,308.4125581749872
228129,episodic_length,128.0
228267,episodic_return,317.13149247141126
228267,episodic_length,137.0
228397,episodic_return,302.95332685113283
228397,episodic_length,129.0
228534,episodic_return,316.49939343952906
228534,episodic_length,136.0
228668,episodic_return,312.66487589895365
228668,episodic_length,133.0
228796,episodic_return,300.2325056571782
228796,episodic_length,127.0
228929,episodic_return,313.0848432966794
228929,episodic_length,132.0
229057,episodic_return,305.4499624874159
229057,episodic_length,127.0
229192,episodic_return,311.68307695459134
229192,episodic_length,134.0
229322,episodic_return,305.6890924456496
229322,episodic_length,129.0
229376,value_loss,0.016231294721364975
229376,policy_loss,-0.30601534247398376
229376,approx_kl,5.045233726501465
229376,clipfrac,0.900927734375
229376,explained_variance,0.9579680748283863
229376,sps,564.0
229455,episodic_return,308.7313981789483
229455,episodic_length,132.0
229592,episodic_return,315.56043029701397
229592,episodic_length,136.0
229719,episodic_return,304.68226726710697
229719,episodic_length,126.0
229848,episodic_return,306.4421625732893
229848,episodic_length,128.0
229976,episodic_return,303.38395776100555
229976,episodic_length,127.0
230103,episodic_return,305.23051094570826
230103,episodic_length,126.0
230232,episodic_return,314.2236319541595
230232,episodic_length,128.0
230357,episodic_return,299.02163843303464
230357,episodic_length,124.0
230487,episodic_return,306.0833316201403
230487,episodic_length,129.0
230618,episodic_return,305.4391873823106
230618,episodic_length,130.0
230744,episodic_return,301.0785977457544
230744,episodic_length,125.0
230876,episodic_return,311.68795569215763
230876,episodic_length,131.0
231008,episodic_return,314.9997204176123
231008,episodic_length,131.0
231137,episodic_return,304.2583821190898
231137,episodic_length,128.0
231266,episodic_return,304.15543364057527
231266,episodic_length,128.0
231391,episodic_return,301.685234174711
231391,episodic_length,124.0
231424,value_loss,0.010757704265415668
231424,policy_loss,-0.0038925521075725555
231424,approx_kl,2.0684714317321777
231424,clipfrac,0.87734375
231424,explained_variance,0.9552450254559517
231424,sps,564.0
231522,episodic_return,313.1530387423995
231522,episodic_length,130.0
231652,episodic_return,307.34225470830773
231652,episodic_length,129.0
231778,episodic_return,299.5049788044818
231778,episodic_length,125.0
231909,episodic_return,309.4602384269385
231909,episodic_length,130.0
232039,episodic_return,309.8189027396712
232039,episodic_length,129.0
232168,episodic_return,306.55913347018026
232168,episodic_length,128.0
232299,episodic_return,312.48698841477744
232299,episodic_length,130.0
232428,episodic_return,305.20388695646494
232428,episodic_length,128.0
232560,episodic_return,307.3843788250186
232560,episodic_length,131.0
232687,episodic_return,302.0020439434829
232687,episodic_length,126.0
232818,episodic_return,306.5957143068277
232818,episodic_length,130.0
232946,episodic_return,305.97939729106605
232946,episodic_length,127.0
233076,episodic_return,309.81533329762146
233076,episodic_length,129.0
233210,episodic_return,315.44373493448495
233210,episodic_length,133.0
233338,episodic_return,299.0046486360043
233338,episodic_length,127.0
233467,episodic_return,303.0626909720892
233467,episodic_length,128.0
233472,value_loss,0.027242885902523994
233472,policy_loss,-0.019107304513454437
233472,approx_kl,1.7097465991973877
233472,clipfrac,0.87138671875
233472,explained_variance,0.9618522301316261
233472,sps,564.0
233596,episodic_return,307.42011836569145
233596,episodic_length,128.0
233724,episodic_return,303.41293776617675
233724,episodic_length,127.0
233848,episodic_return,297.4920972614316
233848,episodic_length,123.0
233977,episodic_return,308.61203662318053
233977,episodic_length,128.0
234108,episodic_return,306.2400738415977
234108,episodic_length,130.0
234239,episodic_return,309.1583901004493
234239,episodic_length,130.0
234369,episodic_return,305.69315887181347
234369,episodic_length,129.0
234500,episodic_return,310.5685650995187
234500,episodic_length,130.0
234628,episodic_return,303.8584009611625
234628,episodic_length,127.0
234758,episodic_return,307.77553116783736
234758,episodic_length,129.0
234885,episodic_return,304.86572161227656
234885,episodic_length,126.0
235016,episodic_return,306.2990508768929
235016,episodic_length,130.0
235146,episodic_return,307.1511920606682
235146,episodic_length,129.0
235274,episodic_return,304.7975226883499
235274,episodic_length,127.0
235402,episodic_return,300.89693159555594
235402,episodic_length,127.0
235520,value_loss,0.016217345371842384
235520,policy_loss,-0.13606147468090057
235520,approx_kl,3.4015190601348877
235520,clipfrac,0.871875
235520,explained_variance,0.9541603438556194
235520,sps,564.0
235531,episodic_return,308.37595481439354
235531,episodic_length,128.0
235658,episodic_return,304.8291117920397
235658,episodic_length,126.0
235780,episodic_return,293.05860303142725
235780,episodic_length,121.0
235909,episodic_return,301.62490838789654
235909,episodic_length,128.0
236032,episodic_return,292.7630637918071
236032,episodic_length,122.0
236157,episodic_return,297.21992771423277
236157,episodic_length,124.0
236280,episodic_return,294.37202650722054
236280,episodic_length,122.0
236403,episodic_return,294.2753515018115
236403,episodic_length,122.0
236530,episodic_return,299.1842902055648
236530,episodic_length,126.0
236654,episodic_return,296.24475056108014
236654,episodic_length,123.0
236778,episodic_return,292.73137533590807
236778,episodic_length,123.0
236904,episodic_return,298.9783461756083
236904,episodic_length,125.0
237029,episodic_return,298.2746255307385
237029,episodic_length,124.0
237154,episodic_return,299.4610384393599
237154,episodic_length,124.0
237281,episodic_return,302.02832036131986
237281,episodic_length,126.0
237407,episodic_return,299.6156842958434
237407,episodic_length,125.0
237533,episodic_return,298.88327849936076
237533,episodic_length,125.0
237568,value_loss,0.017764344811439514
237568,policy_loss,-0.4004993736743927
237568,approx_kl,7.978885650634766
237568,clipfrac,0.907421875
237568,explained_variance,0.9502149485051632
237568,sps,564.0
237661,episodic_return,303.47255081549713
237661,episodic_length,127.0
237788,episodic_return,299.9269571721662
237788,episodic_length,126.0
237913,episodic_return,295.8218419963179
237913,episodic_length,124.0
238039,episodic_return,297.77195234260347
238039,episodic_length,125.0
238165,episodic_return,299.30676389533477
238165,episodic_length,125.0
238290,episodic_return,298.10739222411775
238290,episodic_length,124.0
238419,episodic_return,304.4064556178359
238419,episodic_length,128.0
238547,episodic_return,308.1596469119413
238547,episodic_length,127.0
238626,episodic_return,158.3549362402924
238626,episodic_length,78.0
238748,episodic_return,292.3329076337358
238748,episodic_length,121.0
238876,episodic_return,303.8721134283383
238876,episodic_length,127.0
239002,episodic_return,302.31907507481543
239002,episodic_length,125.0
239089,episodic_return,183.93765970181775
239089,episodic_length,86.0
239218,episodic_return,301.74279731889794
239218,episodic_length,128.0
239345,episodic_return,303.2417052870937
239345,episodic_length,126.0
239470,episodic_return,300.76639278072304
239470,episodic_length,124.0
239597,episodic_return,302.41951602621015
239597,episodic_length,126.0
239616,value_loss,0.030235696583986282
239616,policy_loss,-0.10389621555805206
239616,approx_kl,4.921069145202637
239616,clipfrac,0.880078125
239616,explained_variance,0.9058866873383522
239616,sps,564.0
239722,episodic_return,298.67178255693386
239722,episodic_length,124.0
239797,episodic_return,145.80694190973261
239797,episodic_length,74.0
239925,episodic_return,298.8355922790998
239925,episodic_length,127.0
240051,episodic_return,302.1798288333787
240051,episodic_length,125.0
240182,episodic_return,307.3340332175175
240182,episodic_length,130.0
240305,episodic_return,294.6806713815945
240305,episodic_length,122.0
240431,episodic_return,299.67484110128873
240431,episodic_length,125.0
240518,episodic_return,186.00796565574
240518,episodic_length,86.0
240644,episodic_return,300.55167640860384
240644,episodic_length,125.0
240770,episodic_return,303.9645625074346
240770,episodic_length,125.0
240894,episodic_return,296.45288718607196
240894,episodic_length,123.0
241020,episodic_return,300.22221807306425
241020,episodic_length,125.0
241149,episodic_return,304.418286968596
241149,episodic_length,128.0
241277,episodic_return,304.01632730595514
241277,episodic_length,127.0
241406,episodic_return,299.9510073005138
241406,episodic_length,128.0
241530,episodic_return,296.9212263571832
241530,episodic_length,123.0
241657,episodic_return,298.96785756564583
241657,episodic_length,126.0
241664,value_loss,0.03149670735001564
241664,policy_loss,-0.004699944518506527
241664,approx_kl,6.548518180847168
241664,clipfrac,0.911376953125
241664,explained_variance,0.9147276803851128
241664,sps,564.0
241789,episodic_return,309.6103302952931
241789,episodic_length,131.0
241916,episodic_return,301.86176429401706
241916,episodic_length,126.0
242045,episodic_return,305.6513071017684
242045,episodic_length,128.0
242174,episodic_return,308.8517953007617
242174,episodic_length,128.0
242305,episodic_return,305.86847855554896
242305,episodic_length,130.0
242434,episodic_return,304.19743410142934
242434,episodic_length,128.0
242569,episodic_return,310.3588498061976
242569,episodic_length,134.0
242700,episodic_return,308.8781311891433
242700,episodic_length,130.0
242827,episodic_return,299.0222856482096
242827,episodic_length,126.0
242954,episodic_return,300.3416763435156
242954,episodic_length,126.0
243083,episodic_return,304.25374401794033
243083,episodic_length,128.0
243208,episodic_return,300.8050958601449
243208,episodic_length,124.0
243335,episodic_return,302.8978585502643
243335,episodic_length,126.0
243468,episodic_return,306.8280790333975
243468,episodic_length,132.0
243595,episodic_return,305.20367220287807
243595,episodic_length,126.0
243712,value_loss,0.0015743576223030686
243712,policy_loss,-0.1709512174129486
243712,approx_kl,9.158102035522461
243712,clipfrac,0.892724609375
243712,explained_variance,0.9447856359183788
243712,sps,564.0
243726,episodic_return,307.4068595541325
243726,episodic_length,130.0
243851,episodic_return,296.38708209974567
243851,episodic_length,124.0
243975,episodic_return,290.4249373934399
243975,episodic_length,123.0
244108,episodic_return,311.90396234317956
244108,episodic_length,132.0
244236,episodic_return,307.24818232520397
244236,episodic_length,127.0
244364,episodic_return,305.7533904413076
244364,episodic_length,127.0
244492,episodic_return,301.8151990808882
244492,episodic_length,127.0
244624,episodic_return,312.90260971495456
244624,episodic_length,131.0
244756,episodic_return,313.87175853792667
244756,episodic_length,131.0
244885,episodic_return,306.5714701762891
244885,episodic_length,128.0
245010,episodic_return,295.2563750923327
245010,episodic_length,124.0
245134,episodic_return,291.37577584628025
245134,episodic_length,123.0
245263,episodic_return,308.133198110428
245263,episodic_length,128.0
245396,episodic_return,314.98325213784256
245396,episodic_length,132.0
245526,episodic_return,305.61271341182015
245526,episodic_length,129.0
245657,episodic_return,308.2806346756917
245657,episodic_length,130.0
245760,value_loss,0.0006571181584149599
245760,policy_loss,-0.2740165889263153
245760,approx_kl,4.288021087646484
245760,clipfrac,0.90244140625
245760,explained_variance,0.9533396102488041
245760,sps,564.0
245787,episodic_return,309.2934500606807
245787,episodic_length,129.0
245917,episodic_return,311.84080995749554
245917,episodic_length,129.0
246046,episodic_return,301.52256662001594
246046,episodic_length,128.0
246176,episodic_return,311.5603311510081
246176,episodic_length,129.0
246308,episodic_return,314.59704755105327
246308,episodic_length,131.0
246440,episodic_return,315.80497674612263
246440,episodic_length,131.0
246569,episodic_return,303.03973891401165
246569,episodic_length,128.0
246702,episodic_return,323.2105969890069
246702,episodic_length,132.0
246835,episodic_return,317.57643895415873
246835,episodic_length,132.0
246964,episodic_return,308.41468380571905
246964,episodic_length,128.0
247095,episodic_return,311.26748589713367
247095,episodic_length,130.0
247232,episodic_return,316.1199240555874
247232,episodic_length,136.0
247362,episodic_return,318.59094277827086
247362,episodic_length,129.0
247492,episodic_return,308.7595825723126
247492,episodic_length,129.0
247622,episodic_return,307.9610285272383
247622,episodic_length,129.0
247755,episodic_return,309.08234362841927
247755,episodic_length,132.0
247808,value_loss,0.02363404631614685
247808,policy_loss,-0.14782054722309113
247808,approx_kl,4.834630489349365
247808,clipfrac,0.901220703125
247808,explained_variance,0.9526775404810905
247808,sps,564.0
247886,episodic_return,316.7477498468789
247886,episodic_length,130.0
248013,episodic_return,303.5737016072145
248013,episodic_length,126.0
248144,episodic_return,316.7092648521037
248144,episodic_length,130.0
248279,episodic_return,323.65215697647284
248279,episodic_length,134.0
248409,episodic_return,315.82055586867347
248409,episodic_length,129.0
248544,episodic_return,318.6771767058997
248544,episodic_length,134.0
248676,episodic_return,311.1335044332333
248676,episodic_length,131.0
248803,episodic_return,303.6415210096349
248803,episodic_length,126.0
248936,episodic_return,314.5509532326991
248936,episodic_length,132.0
249069,episodic_return,313.6598842226783
249069,episodic_length,132.0
249200,episodic_return,316.08662808606203
249200,episodic_length,130.0
249327,episodic_return,305.5249743998023
249327,episodic_length,126.0
249456,episodic_return,300.69303284881414
249456,episodic_length,128.0
249589,episodic_return,311.3134272707923
249589,episodic_length,132.0
249740,episodic_return,320.93706521216706
249740,episodic_length,150.0
249856,value_loss,0.0012436507968232036
249856,policy_loss,-0.15573690831661224
249856,approx_kl,4.374477386474609
249856,clipfrac,0.898486328125
249856,explained_variance,0.9546650759875774
249856,sps,564.0
249874,episodic_return,317.95686494667876
249874,episodic_length,133.0
250002,episodic_return,305.73091922410424
250002,episodic_length,127.0
250128,episodic_return,297.44411441540825
250128,episodic_length,125.0
250253,episodic_return,295.57605598798233
250253,episodic_length,124.0
250382,episodic_return,306.8421721898002
250382,episodic_length,128.0
250511,episodic_return,304.46578410478145
250511,episodic_length,128.0
250635,episodic_return,296.3172190446763
250635,episodic_length,123.0
250764,episodic_return,306.5709203132991
250764,episodic_length,128.0
250894,episodic_return,306.5156785199873
250894,episodic_length,129.0
251021,episodic_return,299.543374118301
251021,episodic_length,126.0
251147,episodic_return,300.2448519985339
251147,episodic_length,125.0
251278,episodic_return,308.02762867050416
251278,episodic_length,130.0
251404,episodic_return,300.6434092945693
251404,episodic_length,125.0
251534,episodic_return,305.6007844853237
251534,episodic_length,129.0
251663,episodic_return,310.48851943077165
251663,episodic_length,128.0
251788,episodic_return,302.70441266233985
251788,episodic_length,124.0
251904,value_loss,0.0011158579727634788
251904,policy_loss,-0.32987862825393677
251904,approx_kl,8.50334644317627
251904,clipfrac,0.9236328125
251904,explained_variance,0.9540141634643078
251904,sps,564.0
251913,episodic_return,294.69112458482215
251913,episodic_length,124.0
252041,episodic_return,305.5134851394173
252041,episodic_length,127.0
252184,episodic_return,311.36288473102104
252184,episodic_length,142.0
252306,episodic_return,287.7877046089375
252306,episodic_length,121.0
252432,episodic_return,298.553710141447
252432,episodic_length,125.0
252559,episodic_return,303.9589069603759
252559,episodic_length,126.0
252686,episodic_return,300.2611529907005
252686,episodic_length,126.0
252814,episodic_return,306.9263752345028
252814,episodic_length,127.0
252939,episodic_return,295.0425682548539
252939,episodic_length,124.0
253065,episodic_return,296.61237946524926
253065,episodic_length,125.0
253194,episodic_return,307.64817899614684
253194,episodic_length,128.0
253321,episodic_return,301.0788841913632
253321,episodic_length,126.0
253478,episodic_return,325.67827560396256
253478,episodic_length,156.0
253608,episodic_return,304.6425696517693
253608,episodic_length,129.0
253733,episodic_return,297.0779398316443
253733,episodic_length,124.0
253857,episodic_return,294.71355785579004
253857,episodic_length,123.0
253952,value_loss,0.07841198891401291
253952,policy_loss,-0.00955839455127716
253952,approx_kl,6.413429260253906
253952,clipfrac,0.91240234375
253952,explained_variance,0.9537911005318165
253952,sps,564.0
253986,episodic_return,306.2842766590605
253986,episodic_length,128.0
254113,episodic_return,303.80910681229904
254113,episodic_length,126.0
254239,episodic_return,299.5797325084857
254239,episodic_length,125.0
254365,episodic_return,298.9882709564887
254365,episodic_length,125.0
254493,episodic_return,307.6311246961706
254493,episodic_length,127.0
254620,episodic_return,305.7690760637422
254620,episodic_length,126.0
254746,episodic_return,298.3258402862718
254746,episodic_length,125.0
254873,episodic_return,302.8023757886177
254873,episodic_length,126.0
254998,episodic_return,293.83182376476424
254998,episodic_length,124.0
255125,episodic_return,306.43516150477564
255125,episodic_length,126.0
255253,episodic_return,303.75421734564634
255253,episodic_length,127.0
255380,episodic_return,303.0712373461899
255380,episodic_length,126.0
255507,episodic_return,302.7167610900387
255507,episodic_length,126.0
255633,episodic_return,300.5449386651571
255633,episodic_length,125.0
255762,episodic_return,309.4096150697919
255762,episodic_length,128.0
255890,episodic_return,300.96523764913815
255890,episodic_length,127.0
256000,value_loss,0.028758525848388672
256000,policy_loss,-0.006693582516163588
256000,approx_kl,4.803291320800781
256000,clipfrac,0.91318359375
256000,explained_variance,0.9571007005870342
256000,sps,564.0
256019,episodic_return,301.0181358698543
256019,episodic_length,128.0
256148,episodic_return,302.9511521111685
256148,episodic_length,128.0
256272,episodic_return,293.7633912759228
256272,episodic_length,123.0
256400,episodic_return,300.6714188823486
256400,episodic_length,127.0
256524,episodic_return,293.87765080261465
256524,episodic_length,123.0
256650,episodic_return,299.42530272966275
256650,episodic_length,125.0
256777,episodic_return,305.8612156742784
256777,episodic_length,126.0
256902,episodic_return,296.3621574032465
256902,episodic_length,124.0
257028,episodic_return,299.946253309287
257028,episodic_length,125.0
257153,episodic_return,301.80691270665596
257153,episodic_length,124.0
257277,episodic_return,299.12828304791805
257277,episodic_length,123.0
257403,episodic_return,297.64481318786744
257403,episodic_length,125.0
257526,episodic_return,290.8661464556647
257526,episodic_length,122.0
257651,episodic_return,297.3279990630255
257651,episodic_length,124.0
257772,episodic_return,288.8723144727343
257772,episodic_length,120.0
257894,episodic_return,288.99393151042636
257894,episodic_length,121.0
258021,episodic_return,296.1843627829256
258021,episodic_length,126.0
258048,value_loss,0.025951817631721497
258048,policy_loss,-0.0008525624871253967
258048,approx_kl,1.5889519453048706
258048,clipfrac,0.867578125
258048,explained_variance,0.9462780319154263
258048,sps,565.0
258149,episodic_return,301.45502376298765
258149,episodic_length,127.0
258275,episodic_return,297.84340740198786
258275,episodic_length,125.0
258405,episodic_return,303.24889505247404
258405,episodic_length,129.0
258534,episodic_return,304.78737639735766
258534,episodic_length,128.0
258663,episodic_return,304.824681447006
258663,episodic_length,128.0
258791,episodic_return,305.8471387359904
258791,episodic_length,127.0
258921,episodic_return,313.9442265105933
258921,episodic_length,129.0
259050,episodic_return,312.35860694233395
259050,episodic_length,128.0
259137,episodic_return,183.85945155644484
259137,episodic_length,86.0
259264,episodic_return,302.4158437589886
259264,episodic_length,126.0
259390,episodic_return,300.1517298643466
259390,episodic_length,125.0
259517,episodic_return,301.0194163993717
259517,episodic_length,126.0
259647,episodic_return,305.3496077621824
259647,episodic_length,129.0
259773,episodic_return,299.4162950109177
259773,episodic_length,125.0
259901,episodic_return,305.2256140510087
259901,episodic_length,127.0
260030,episodic_return,303.7584904583401
260030,episodic_length,128.0
260096,value_loss,0.009477739222347736
260096,policy_loss,-0.031279079616069794
260096,approx_kl,7.13612174987793
260096,clipfrac,0.9271484375
260096,explained_variance,0.9395973235368729
260096,sps,565.0
260155,episodic_return,293.0643856510465
260155,episodic_length,124.0
260279,episodic_return,295.4984792811393
260279,episodic_length,123.0
260407,episodic_return,304.7912725028611
260407,episodic_length,127.0
260531,episodic_return,293.6495713952523
260531,episodic_length,123.0
260658,episodic_return,299.6856194538882
260658,episodic_length,126.0
260788,episodic_return,304.89262321626103
260788,episodic_length,129.0
260917,episodic_return,307.51236589753165
260917,episodic_length,128.0
261043,episodic_return,299.86655264923354
261043,episodic_length,125.0
261169,episodic_return,302.91539363095103
261169,episodic_length,125.0
261293,episodic_return,294.8797351744375
261293,episodic_length,123.0
261416,episodic_return,291.3911855926183
261416,episodic_length,122.0
261545,episodic_return,311.2706725504256
261545,episodic_length,128.0
261683,episodic_return,313.2729374427126
261683,episodic_length,137.0
261812,episodic_return,300.45880085173394
261812,episodic_length,128.0
261942,episodic_return,303.26057851758827
261942,episodic_length,129.0
262073,episodic_return,304.9980670473599
262073,episodic_length,130.0
262144,value_loss,0.0023617614060640335
262144,policy_loss,-0.09374628216028214
262144,approx_kl,10.26901626586914
262144,clipfrac,0.917919921875
262144,explained_variance,0.9544683955609798
262144,sps,565.0
262199,episodic_return,294.96587200312797
262199,episodic_length,125.0
262321,episodic_return,293.82249501339504
262321,episodic_length,121.0
262447,episodic_return,298.88444346445743
262447,episodic_length,125.0
262573,episodic_return,295.7198499550447
262573,episodic_length,125.0
262699,episodic_return,299.7716148149888
262699,episodic_length,125.0
262825,episodic_return,303.46741500928783
262825,episodic_length,125.0
262950,episodic_return,296.2029368100526
262950,episodic_length,124.0
263076,episodic_return,300.2877544036316
263076,episodic_length,125.0
263202,episodic_return,296.4329383866938
263202,episodic_length,125.0
263330,episodic_return,306.5277793928566
263330,episodic_length,127.0
263459,episodic_return,302.73371117621053
263459,episodic_length,128.0
263585,episodic_return,303.15130196197055
263585,episodic_length,125.0
263708,episodic_return,293.6846683740999
263708,episodic_length,122.0
263836,episodic_return,307.3152102254402
263836,episodic_length,127.0
263958,episodic_return,286.467855699266
263958,episodic_length,121.0
264081,episodic_return,293.38566330918627
264081,episodic_length,122.0
264192,value_loss,0.008468694984912872
264192,policy_loss,-0.4158359169960022
264192,approx_kl,4.052787780761719
264192,clipfrac,0.88740234375
264192,explained_variance,0.9589559398591518
264192,sps,565.0
264205,episodic_return,294.3533720996944
264205,episodic_length,123.0
264332,episodic_return,297.21531521059615
264332,episodic_length,126.0
264458,episodic_return,302.0500829519167
264458,episodic_length,125.0
264584,episodic_return,293.5828131788271
264584,episodic_length,125.0
264710,episodic_return,299.8639071260271
264710,episodic_length,125.0
264833,episodic_return,290.54840503124433
264833,episodic_length,122.0
264960,episodic_return,298.8928678739627
264960,episodic_length,126.0
265086,episodic_return,301.88733521834115
265086,episodic_length,125.0
265208,episodic_return,291.2335123500113
265208,episodic_length,121.0
265334,episodic_return,297.17668114684346
265334,episodic_length,125.0
265460,episodic_return,296.1734169900612
265460,episodic_length,125.0
265586,episodic_return,298.71631551735857
265586,episodic_length,125.0
265713,episodic_return,306.5337403386964
265713,episodic_length,126.0
265839,episodic_return,296.1454447018861
265839,episodic_length,125.0
265966,episodic_return,305.2287686909689
265966,episodic_length,126.0
266091,episodic_return,296.3285097458288
266091,episodic_length,124.0
266214,episodic_return,293.5498509530443
266214,episodic_length,122.0
266240,value_loss,0.013419668190181255
266240,policy_loss,0.04261266440153122
266240,approx_kl,5.366647720336914
266240,clipfrac,0.903076171875
266240,explained_variance,0.9571570754051208
266240,sps,565.0
266337,episodic_return,291.57442845014504
266337,episodic_length,122.0
266461,episodic_return,294.54936579482535
266461,episodic_length,123.0
266587,episodic_return,301.40674553675143
266587,episodic_length,125.0
266711,episodic_return,297.4092768744223
266711,episodic_length,123.0
266834,episodic_return,292.26009083657544
266834,episodic_length,122.0
266960,episodic_return,300.54978524906136
266960,episodic_length,125.0
267087,episodic_return,296.7453264734518
267087,episodic_length,126.0
267210,episodic_return,291.65812718651017
267210,episodic_length,122.0
267336,episodic_return,299.0704571482624
267336,episodic_length,125.0
267461,episodic_return,296.0372274738043
267461,episodic_length,124.0
267587,episodic_return,303.10384895650617
267587,episodic_length,125.0
267713,episodic_return,302.9255978483778
267713,episodic_length,125.0
267839,episodic_return,298.78473242775544
267839,episodic_length,125.0
267963,episodic_return,297.08112366014086
267963,episodic_length,123.0
268089,episodic_return,300.7799485180645
268089,episodic_length,125.0
268185,episodic_return,210.01390551363326
268185,episodic_length,95.0
268288,value_loss,0.01317762304097414
268288,policy_loss,-4.989374428987503e-05
268288,approx_kl,7.35903263092041
268288,clipfrac,0.92900390625
268288,explained_variance,0.94728122651577
268288,sps,565.0
268311,episodic_return,299.5291695400951
268311,episodic_length,125.0
268438,episodic_return,300.8425475574377
268438,episodic_length,126.0
268563,episodic_return,300.85243044879155
268563,episodic_length,124.0
268686,episodic_return,296.17357059750213
268686,episodic_length,122.0
268814,episodic_return,303.0329806559006
268814,episodic_length,127.0
268938,episodic_return,295.53346291350675
268938,episodic_length,123.0
269063,episodic_return,298.1643105607901
269063,episodic_length,124.0
269187,episodic_return,296.75064261753135
269187,episodic_length,123.0
269313,episodic_return,299.8404847015447
269313,episodic_length,125.0
269434,episodic_return,284.45538738521867
269434,episodic_length,120.0
269557,episodic_return,292.56623459347685
269557,episodic_length,122.0
269683,episodic_return,300.4489522525614
269683,episodic_length,125.0
269805,episodic_return,293.6318821728409
269805,episodic_length,121.0
269926,episodic_return,289.5673836876739
269926,episodic_length,120.0
270049,episodic_return,297.0704995244585
270049,episodic_length,122.0
270172,episodic_return,294.5710748708838
270172,episodic_length,122.0
270294,episodic_return,289.65392788549326
270294,episodic_length,121.0
270336,value_loss,0.0498916357755661
270336,policy_loss,-0.047371312975883484
270336,approx_kl,8.63367748260498
270336,clipfrac,0.8994140625
270336,explained_variance,0.9552682787179947
270336,sps,565.0
270421,episodic_return,300.809066650946
270421,episodic_length,126.0
270546,episodic_return,298.41331300187585
270546,episodic_length,124.0
270670,episodic_return,290.7877554936652
270670,episodic_length,123.0
270795,episodic_return,300.46431445000377
270795,episodic_length,124.0
270921,episodic_return,301.98345966357255
270921,episodic_length,125.0
271046,episodic_return,301.27191066760247
271046,episodic_length,124.0
271173,episodic_return,303.9020218851247
271173,episodic_length,126.0
271298,episodic_return,297.0673226416061
271298,episodic_length,124.0
271421,episodic_return,294.054594364405
271421,episodic_length,122.0
271546,episodic_return,301.8527428139495
271546,episodic_length,124.0
271672,episodic_return,302.4377603853746
271672,episodic_length,125.0
271794,episodic_return,290.8332473768624
271794,episodic_length,121.0
271918,episodic_return,299.856399024839
271918,episodic_length,123.0
272043,episodic_return,298.6334610272635
272043,episodic_length,124.0
272170,episodic_return,303.0839806690549
272170,episodic_length,126.0
272296,episodic_return,303.793166418322
272296,episodic_length,125.0
272384,value_loss,0.003886388149112463
272384,policy_loss,-0.018717948347330093
272384,approx_kl,4.497534275054932
272384,clipfrac,0.91494140625
272384,explained_variance,0.9620257280766964
272384,sps,565.0
272423,episodic_return,309.00499473714626
272423,episodic_length,126.0
272549,episodic_return,301.3585400662053
272549,episodic_length,125.0
272678,episodic_return,312.3155680657897
272678,episodic_length,128.0
272804,episodic_return,301.11897214458884
272804,episodic_length,125.0
272930,episodic_return,298.83753462536396
272930,episodic_length,125.0
273054,episodic_return,294.5632010053603
273054,episodic_length,123.0
273182,episodic_return,303.3374071006459
273182,episodic_length,127.0
273307,episodic_return,297.8038444915863
273307,episodic_length,124.0
273434,episodic_return,303.1472332401446
273434,episodic_length,126.0
273560,episodic_return,301.83060766965787
273560,episodic_length,125.0
273685,episodic_return,297.77696802429796
273685,episodic_length,124.0
273811,episodic_return,302.45790602839423
273811,episodic_length,125.0
273939,episodic_return,304.9498664943366
273939,episodic_length,127.0
274065,episodic_return,297.774339743968
274065,episodic_length,125.0
274193,episodic_return,304.0010188307583
274193,episodic_length,127.0
274319,episodic_return,295.08671694186603
274319,episodic_length,125.0
274432,value_loss,0.004036490805447102
274432,policy_loss,-1.4745749235153198
274432,approx_kl,23.958681106567383
274432,clipfrac,0.94873046875
274432,explained_variance,0.9605341404676437
274432,sps,565.0
274445,episodic_return,299.96250066498953
274445,episodic_length,125.0
274573,episodic_return,305.3898912239663
274573,episodic_length,127.0
274698,episodic_return,297.47867393869365
274698,episodic_length,124.0
274823,episodic_return,301.59722926424445
274823,episodic_length,124.0
274948,episodic_return,298.2572221706424
274948,episodic_length,124.0
275072,episodic_return,296.3485854068871
275072,episodic_length,123.0
275196,episodic_return,292.40796082099257
275196,episodic_length,123.0
275320,episodic_return,294.8388598687323
275320,episodic_length,123.0
275442,episodic_return,287.1825229334204
275442,episodic_length,121.0
275568,episodic_return,301.4063013972608
275568,episodic_length,125.0
275694,episodic_return,302.3916232429332
275694,episodic_length,125.0
275818,episodic_return,299.2706023309746
275818,episodic_length,123.0
275941,episodic_return,293.41499545941014
275941,episodic_length,122.0
276064,episodic_return,294.7018855348704
276064,episodic_length,122.0
276191,episodic_return,302.46423867861193
276191,episodic_length,126.0
276318,episodic_return,298.28416052047777
276318,episodic_length,126.0
276443,episodic_return,299.10141147720236
276443,episodic_length,124.0
276480,value_loss,0.022242402657866478
276480,policy_loss,-0.020112376660108566
276480,approx_kl,14.982215881347656
276480,clipfrac,0.93330078125
276480,explained_variance,0.9563677236437798
276480,sps,565.0
276565,episodic_return,292.0648408481177
276565,episodic_length,121.0
276689,episodic_return,297.4178476736543
276689,episodic_length,123.0
276811,episodic_return,290.11053197784554
276811,episodic_length,121.0
276936,episodic_return,301.01836027384553
276936,episodic_length,124.0
277056,episodic_return,284.6344743337262
277056,episodic_length,119.0
277181,episodic_return,302.0369619883105
277181,episodic_length,124.0
277303,episodic_return,289.1928035050925
277303,episodic_length,121.0
277425,episodic_return,287.01967689708766
277425,episodic_length,121.0
277549,episodic_return,291.00356931323716
277549,episodic_length,123.0
277672,episodic_return,289.3315022476743
277672,episodic_length,122.0
277795,episodic_return,291.0352974150156
277795,episodic_length,122.0
277916,episodic_return,287.5842708102328
277916,episodic_length,120.0
278039,episodic_return,291.8367255502274
278039,episodic_length,122.0
278162,episodic_return,295.09611743709735
278162,episodic_length,122.0
278281,episodic_return,281.11431164075066
278281,episodic_length,118.0
278404,episodic_return,294.74072431425486
278404,episodic_length,122.0
278527,episodic_return,293.9981058964257
278527,episodic_length,122.0
278528,value_loss,0.045227259397506714
278528,policy_loss,-0.21695341169834137
278528,approx_kl,7.129064559936523
278528,clipfrac,0.88251953125
278528,explained_variance,0.9566434323787689
278528,sps,565.0
278652,episodic_return,301.4101520125583
278652,episodic_length,124.0
278773,episodic_return,287.9379773915035
278773,episodic_length,120.0
278897,episodic_return,295.9720512261522
278897,episodic_length,123.0
279022,episodic_return,299.79376570566393
279022,episodic_length,124.0
279151,episodic_return,305.79958862275936
279151,episodic_length,128.0
279274,episodic_return,294.69346099871103
279274,episodic_length,122.0
279399,episodic_return,300.5819190705797
279399,episodic_length,124.0
279523,episodic_return,295.41899760593344
279523,episodic_length,123.0
279644,episodic_return,285.0445634070228
279644,episodic_length,120.0
279769,episodic_return,302.9074006722255
279769,episodic_length,124.0
279892,episodic_return,292.8540701680782
279892,episodic_length,122.0
280014,episodic_return,289.9593926739775
280014,episodic_length,121.0
280137,episodic_return,297.14467475061434
280137,episodic_length,122.0
280261,episodic_return,296.22059198507606
280261,episodic_length,123.0
280384,episodic_return,296.0627144809726
280384,episodic_length,122.0
280509,episodic_return,294.9241079704907
280509,episodic_length,124.0
280576,value_loss,0.006951522082090378
280576,policy_loss,-0.001974300481379032
280576,approx_kl,5.765173435211182
280576,clipfrac,0.919091796875
280576,explained_variance,0.9608589224517345
280576,sps,565.0
280634,episodic_return,297.8703342137987
280634,episodic_length,124.0
280755,episodic_return,287.7699359144082
280755,episodic_length,120.0
280877,episodic_return,292.0080402547569
280877,episodic_length,121.0
280999,episodic_return,293.8597426467829
280999,episodic_length,121.0
281122,episodic_return,294.9543285796022
281122,episodic_length,122.0
281246,episodic_return,299.31868325164373
281246,episodic_length,123.0
281369,episodic_return,294.25365343384885
281369,episodic_length,122.0
281490,episodic_return,292.792673693795
281490,episodic_length,120.0
281614,episodic_return,296.38443180962145
281614,episodic_length,123.0
281737,episodic_return,292.66650490406664
281737,episodic_length,122.0
281858,episodic_return,287.9516126481402
281858,episodic_length,120.0
281983,episodic_return,301.22182713976895
281983,episodic_length,124.0
282106,episodic_return,293.6865896055993
282106,episodic_length,122.0
282228,episodic_return,289.0187892626311
282228,episodic_length,121.0
282350,episodic_return,292.66751086748394
282350,episodic_length,121.0
282472,episodic_return,292.22145696572403
282472,episodic_length,121.0
282596,episodic_return,300.6058207294632
282596,episodic_length,123.0
282624,value_loss,0.0006068801740184426
282624,policy_loss,-0.30651095509529114
282624,approx_kl,3.9791035652160645
282624,clipfrac,0.908203125
282624,explained_variance,0.9618448987603188
282624,sps,565.0
282721,episodic_return,300.0651945889702
282721,episodic_length,124.0
282846,episodic_return,295.9915097364003
282846,episodic_length,124.0
282970,episodic_return,296.81218323041946
282970,episodic_length,123.0
283096,episodic_return,297.4100556182775
283096,episodic_length,125.0
283221,episodic_return,297.7506232277329
283221,episodic_length,124.0
283347,episodic_return,300.49649146069555
283347,episodic_length,125.0
283471,episodic_return,296.2861618496459
283471,episodic_length,123.0
283595,episodic_return,297.27961318022767
283595,episodic_length,123.0
283721,episodic_return,299.95869578691475
283721,episodic_length,125.0
283849,episodic_return,305.9172821005381
283849,episodic_length,127.0
283976,episodic_return,303.0623201705361
283976,episodic_length,126.0
284101,episodic_return,300.2225956421178
284101,episodic_length,124.0
284225,episodic_return,292.17902041178706
284225,episodic_length,123.0
284352,episodic_return,303.3689845060548
284352,episodic_length,126.0
284478,episodic_return,298.57591730101194
284478,episodic_length,125.0
284605,episodic_return,300.7648684946125
284605,episodic_length,126.0
284672,value_loss,0.010304402559995651
284672,policy_loss,-0.09978581964969635
284672,approx_kl,3.3983993530273438
284672,clipfrac,0.889111328125
284672,explained_variance,0.9618559069931507
284672,sps,565.0
284731,episodic_return,301.21294371504763
284731,episodic_length,125.0
284857,episodic_return,297.9904387347955
284857,episodic_length,125.0
284981,episodic_return,296.2865201771103
284981,episodic_length,123.0
285104,episodic_return,289.8172423826557
285104,episodic_length,122.0
285228,episodic_return,296.6610711837056
285228,episodic_length,123.0
285354,episodic_return,302.67889727324547
285354,episodic_length,125.0
285476,episodic_return,287.6458924556161
285476,episodic_length,121.0
285603,episodic_return,306.65134626241394
285603,episodic_length,126.0
285725,episodic_return,287.27715467922013
285725,episodic_length,121.0
285850,episodic_return,296.73304179438867
285850,episodic_length,124.0
285975,episodic_return,297.43282391467926
285975,episodic_length,124.0
286098,episodic_return,293.9030039820554
286098,episodic_length,122.0
286221,episodic_return,295.03303578469587
286221,episodic_length,122.0
286347,episodic_return,302.22841087944295
286347,episodic_length,125.0
286473,episodic_return,303.2187314512555
286473,episodic_length,125.0
286599,episodic_return,298.1539275042362
286599,episodic_length,125.0
286720,value_loss,0.0011026208521798253
286720,policy_loss,0.0023396313190460205
286720,approx_kl,12.246126174926758
286720,clipfrac,0.932275390625
286720,explained_variance,0.9626690670847893
286720,sps,565.0
286725,episodic_return,301.69300342374373
286725,episodic_length,125.0
286847,episodic_return,287.6016824008225
286847,episodic_length,121.0
286971,episodic_return,296.80160728090567
286971,episodic_length,123.0
287095,episodic_return,293.9131042972405
287095,episodic_length,123.0
287217,episodic_return,290.5876207918593
287217,episodic_length,121.0
287340,episodic_return,296.05683431209644
287340,episodic_length,122.0
287464,episodic_return,298.81260185994495
287464,episodic_length,123.0
287587,episodic_return,293.5293324202152
287587,episodic_length,122.0
287712,episodic_return,301.6068348322778
287712,episodic_length,124.0
287835,episodic_return,293.2338597605548
287835,episodic_length,122.0
287960,episodic_return,296.7536227699619
287960,episodic_length,124.0
288084,episodic_return,294.53130401238366
288084,episodic_length,123.0
288206,episodic_return,290.62501086404154
288206,episodic_length,121.0
288329,episodic_return,293.0767644052974
288329,episodic_length,122.0
288452,episodic_return,291.7697082218606
288452,episodic_length,122.0
288577,episodic_return,299.7714071784771
288577,episodic_length,124.0
288700,episodic_return,290.541687660558
288700,episodic_length,122.0
288768,value_loss,0.03675852715969086
288768,policy_loss,0.10170252621173859
288768,approx_kl,2.68428373336792
288768,clipfrac,0.892333984375
288768,explained_variance,0.9585437923669815
288768,sps,565.0
288824,episodic_return,295.8593941638045
288824,episodic_length,123.0
288944,episodic_return,282.8960526650239
288944,episodic_length,119.0
289065,episodic_return,288.36543986596166
289065,episodic_length,120.0
289189,episodic_return,296.8464775389352
289189,episodic_length,123.0
289313,episodic_return,299.0106936405701
289313,episodic_length,123.0
289437,episodic_return,300.515104525094
289437,episodic_length,123.0
289564,episodic_return,303.89488902477444
289564,episodic_length,126.0
289687,episodic_return,292.3937948731232
289687,episodic_length,122.0
289809,episodic_return,291.37039503092404
289809,episodic_length,121.0
289932,episodic_return,295.60279939892536
289932,episodic_length,122.0
290058,episodic_return,301.77388578738055
290058,episodic_length,125.0
290179,episodic_return,288.27667592704154
290179,episodic_length,120.0
290303,episodic_return,299.2294154086703
290303,episodic_length,123.0
290427,episodic_return,297.5916337233621
290427,episodic_length,123.0
290549,episodic_return,290.67979953433667
290549,episodic_length,121.0
290672,episodic_return,295.1305400144135
290672,episodic_length,122.0
290797,episodic_return,300.1798346344327
290797,episodic_length,124.0
290816,value_loss,0.03424485772848129
290816,policy_loss,-0.1441316306591034
290816,approx_kl,20.303050994873047
290816,clipfrac,0.9134765625
290816,explained_variance,0.9566208384931087
290816,sps,565.0
290922,episodic_return,297.90468865850113
290922,episodic_length,124.0
291049,episodic_return,299.6319701604252
291049,episodic_length,126.0
291173,episodic_return,296.80374416319586
291173,episodic_length,123.0
291298,episodic_return,298.92919467396933
291298,episodic_length,124.0
291422,episodic_return,294.29565491528973
291422,episodic_length,123.0
291546,episodic_return,296.8684228699156
291546,episodic_length,123.0
291671,episodic_return,299.6361136920907
291671,episodic_length,124.0
291798,episodic_return,303.7149567616543
291798,episodic_length,126.0
291922,episodic_return,297.31024501507505
291922,episodic_length,123.0
292044,episodic_return,291.99857129974487
292044,episodic_length,121.0
292169,episodic_return,298.2818602588259
292169,episodic_length,124.0
292293,episodic_return,294.9685671411692
292293,episodic_length,123.0
292418,episodic_return,298.2817367252102
292418,episodic_length,124.0
292542,episodic_return,297.8692455051175
292542,episodic_length,123.0
292667,episodic_return,299.68727457648004
292667,episodic_length,124.0
292792,episodic_return,303.72866455766945
292792,episodic_length,124.0
292864,value_loss,0.0005364178214222193
292864,policy_loss,-0.3453562557697296
292864,approx_kl,13.505000114440918
292864,clipfrac,0.91064453125
292864,explained_variance,0.9632383994758129
292864,sps,565.0
292918,episodic_return,302.03800936497356
292918,episodic_length,125.0
293041,episodic_return,296.0120161916426
293041,episodic_length,122.0
293165,episodic_return,295.65078200981674
293165,episodic_length,123.0
293290,episodic_return,301.98799785966224
293290,episodic_length,124.0
293413,episodic_return,294.2585379990816
293413,episodic_length,122.0
293537,episodic_return,298.6090222906105
293537,episodic_length,123.0
293661,episodic_return,297.7818913325636
293661,episodic_length,123.0
293784,episodic_return,295.27504822876824
293784,episodic_length,122.0
293906,episodic_return,292.42030431969283
293906,episodic_length,121.0
294031,episodic_return,299.85653283959107
294031,episodic_length,124.0
294154,episodic_return,295.15117760821244
294154,episodic_length,122.0
294276,episodic_return,293.40381164820485
294276,episodic_length,121.0
294398,episodic_return,288.4143220199825
294398,episodic_length,121.0
294522,episodic_return,297.80770056565046
294522,episodic_length,123.0
294647,episodic_return,300.5479458316833
294647,episodic_length,124.0
294773,episodic_return,306.49862343382085
294773,episodic_length,125.0
294897,episodic_return,299.49712497415106
294897,episodic_length,123.0
294912,value_loss,0.0060819415375590324
294912,policy_loss,0.029011309146881104
294912,approx_kl,4.040841102600098
294912,clipfrac,0.921142578125
294912,explained_variance,0.9588457457721233
294912,sps,565.0
295021,episodic_return,298.8738390428713
295021,episodic_length,123.0
295147,episodic_return,299.4840828500817
295147,episodic_length,125.0
295271,episodic_return,299.49012378656
295271,episodic_length,123.0
295395,episodic_return,300.3687050955027
295395,episodic_length,123.0
295518,episodic_return,295.67279033521396
295518,episodic_length,122.0
295643,episodic_return,301.46923107619136
295643,episodic_length,124.0
295766,episodic_return,292.75368873261704
295766,episodic_length,122.0
295889,episodic_return,295.5744264662943
295889,episodic_length,122.0
296012,episodic_return,296.69607801471125
296012,episodic_length,122.0
296135,episodic_return,294.74262545922505
296135,episodic_length,122.0
296257,episodic_return,289.32547113199223
296257,episodic_length,121.0
296380,episodic_return,295.7803783105066
296380,episodic_length,122.0
296502,episodic_return,293.7897184073894
296502,episodic_length,121.0
296626,episodic_return,300.25979440645926
296626,episodic_length,123.0
296750,episodic_return,297.13607150694287
296750,episodic_length,123.0
296871,episodic_return,288.9899974200183
296871,episodic_length,120.0
296960,value_loss,0.00976353045552969
296960,policy_loss,0.071169413626194
296960,approx_kl,5.883951663970947
296960,clipfrac,0.909228515625
296960,explained_variance,0.9614616073668003
296960,sps,565.0
296995,episodic_return,299.6095904487969
296995,episodic_length,123.0
297119,episodic_return,297.86244292858333
297119,episodic_length,123.0
297244,episodic_return,295.28381331430694
297244,episodic_length,124.0
297367,episodic_return,294.90832910194564
297367,episodic_length,122.0
297491,episodic_return,296.7721606851396
297491,episodic_length,123.0
297614,episodic_return,294.8920766455181
297614,episodic_length,122.0
297737,episodic_return,295.6424714863288
297737,episodic_length,122.0
297861,episodic_return,298.31477359568794
297861,episodic_length,123.0
297985,episodic_return,296.9131941652879
297985,episodic_length,123.0
298109,episodic_return,299.1141219298856
298109,episodic_length,123.0
298231,episodic_return,288.4296490258667
298231,episodic_length,121.0
298356,episodic_return,301.18334585329944
298356,episodic_length,124.0
298479,episodic_return,297.5580176259549
298479,episodic_length,122.0
298603,episodic_return,295.9760250300559
298603,episodic_length,123.0
298726,episodic_return,295.73364260371113
298726,episodic_length,122.0
298851,episodic_return,301.6285852223488
298851,episodic_length,124.0
298977,episodic_return,296.4333114539589
298977,episodic_length,125.0
299008,value_loss,0.0686713457107544
299008,policy_loss,0.011142801493406296
299008,approx_kl,12.251913070678711
299008,clipfrac,0.911328125
299008,explained_variance,0.9635688178241253
299008,sps,565.0
299102,episodic_return,298.66422126612
299102,episodic_length,124.0
299226,episodic_return,297.00995081026406
299226,episodic_length,123.0
299351,episodic_return,294.1208320399355
299351,episodic_length,124.0
299474,episodic_return,292.1074487143212
299474,episodic_length,122.0
299598,episodic_return,296.6655262782353
299598,episodic_length,123.0
299721,episodic_return,293.5102874349268
299721,episodic_length,122.0
299843,episodic_return,292.7970149493622
299843,episodic_length,121.0
299968,episodic_return,297.8212971317628
299968,episodic_length,124.0
300090,episodic_return,289.0896346475008
300090,episodic_length,121.0
300213,episodic_return,292.7563740582477
300213,episodic_length,122.0
300338,episodic_return,297.1586894446302
300338,episodic_length,124.0
300459,episodic_return,288.7201661681225
300459,episodic_length,120.0
300581,episodic_return,290.4361024645849
300581,episodic_length,121.0
300703,episodic_return,295.3420169064265
300703,episodic_length,121.0
300828,episodic_return,292.5529971962014
300828,episodic_length,124.0
300952,episodic_return,295.35731931654425
300952,episodic_length,123.0
301056,value_loss,0.01760406792163849
301056,policy_loss,0.020428724586963654
301056,approx_kl,17.987319946289062
301056,clipfrac,0.910302734375
301056,explained_variance,0.9647928923368454
301056,sps,566.0
301075,episodic_return,293.86863183576065
301075,episodic_length,122.0
301196,episodic_return,290.71262722914685
301196,episodic_length,120.0
301320,episodic_return,296.27298927904644
301320,episodic_length,123.0
301442,episodic_return,292.26090120814786
301442,episodic_length,121.0
301567,episodic_return,299.9352500648269
301567,episodic_length,124.0
301687,episodic_return,286.2138259753722
301687,episodic_length,119.0
301808,episodic_return,290.95317728470553
301808,episodic_length,120.0
301933,episodic_return,300.3352680005655
301933,episodic_length,124.0
302056,episodic_return,296.40238179921016
302056,episodic_length,122.0
302178,episodic_return,294.58607743793124
302178,episodic_length,121.0
302302,episodic_return,292.7599001709949
302302,episodic_length,123.0
302427,episodic_return,293.7709223291908
302427,episodic_length,124.0
302550,episodic_return,294.0665999901488
302550,episodic_length,122.0
302672,episodic_return,291.1810277273435
302672,episodic_length,121.0
302795,episodic_return,293.24188587232084
302795,episodic_length,122.0
302919,episodic_return,296.8009888607587
302919,episodic_length,123.0
303040,episodic_return,287.76173156083
303040,episodic_length,120.0
303104,value_loss,0.047071781009435654
303104,policy_loss,0.033620741218328476
303104,approx_kl,20.342247009277344
303104,clipfrac,0.929736328125
303104,explained_variance,0.9678791165351868
303104,sps,566.0
303165,episodic_return,301.7540723501675
303165,episodic_length,124.0
303292,episodic_return,302.6193364591486
303292,episodic_length,126.0
303419,episodic_return,301.9380047214863
303419,episodic_length,126.0
303544,episodic_return,298.40027711301
303544,episodic_length,124.0
303670,episodic_return,297.7382476093673
303670,episodic_length,125.0
303795,episodic_return,298.9571262113433
303795,episodic_length,124.0
303923,episodic_return,301.4773270293288
303923,episodic_length,127.0
304048,episodic_return,297.86639974114524
304048,episodic_length,124.0
304174,episodic_return,301.39851284645084
304174,episodic_length,125.0
304300,episodic_return,299.88424505462086
304300,episodic_length,125.0
304427,episodic_return,302.3379203268371
304427,episodic_length,126.0
304552,episodic_return,298.8940619486313
304552,episodic_length,124.0
304677,episodic_return,298.1870515746488
304677,episodic_length,124.0
304802,episodic_return,298.80567128064143
304802,episodic_length,124.0
304925,episodic_return,291.8228493774513
304925,episodic_length,122.0
305051,episodic_return,303.85846270692633
305051,episodic_length,125.0
305152,value_loss,0.00486735487356782
305152,policy_loss,-0.12573951482772827
305152,approx_kl,8.380309104919434
305152,clipfrac,0.90654296875
305152,explained_variance,0.9711044989526272
305152,sps,566.0
305180,episodic_return,305.1595433006899
305180,episodic_length,128.0
305306,episodic_return,302.95289471785924
305306,episodic_length,125.0
305429,episodic_return,295.33273694280143
305429,episodic_length,122.0
305553,episodic_return,295.2705851469681
305553,episodic_length,123.0
305678,episodic_return,302.03486448694696
305678,episodic_length,124.0
305803,episodic_return,301.3842658782304
305803,episodic_length,124.0
305928,episodic_return,300.6752118115073
305928,episodic_length,124.0
306052,episodic_return,296.9676086698812
306052,episodic_length,123.0
306176,episodic_return,295.6953686453317
306176,episodic_length,123.0
306300,episodic_return,295.86439154626385
306300,episodic_length,123.0
306426,episodic_return,303.31791058721564
306426,episodic_length,125.0
306551,episodic_return,302.1765759413096
306551,episodic_length,124.0
306677,episodic_return,304.2586766896584
306677,episodic_length,125.0
306802,episodic_return,299.237730688272
306802,episodic_length,124.0
306928,episodic_return,302.8458700787078
306928,episodic_length,125.0
307055,episodic_return,302.77094143840065
307055,episodic_length,126.0
307180,episodic_return,297.88431516625616
307180,episodic_length,124.0
307200,value_loss,0.0019294728990644217
307200,policy_loss,-0.8038698434829712
307200,approx_kl,20.597434997558594
307200,clipfrac,0.943798828125
307200,explained_variance,0.9684109799563885
307200,sps,566.0
307307,episodic_return,303.89931486896035
307307,episodic_length,126.0
307433,episodic_return,299.72288964263555
307433,episodic_length,125.0
307559,episodic_return,301.2878148383543
307559,episodic_length,125.0
307686,episodic_return,301.86465886769736
307686,episodic_length,126.0
307814,episodic_return,301.5133073320467
307814,episodic_length,127.0
307940,episodic_return,301.8811015621364
307940,episodic_length,125.0
308065,episodic_return,300.4694912266057
308065,episodic_length,124.0
308190,episodic_return,297.35091367226596
308190,episodic_length,124.0
308315,episodic_return,298.634530842399
308315,episodic_length,124.0
308438,episodic_return,295.75870632820863
308438,episodic_length,122.0
308564,episodic_return,300.0772751947779
308564,episodic_length,125.0
308687,episodic_return,294.34692823723833
308687,episodic_length,122.0
308813,episodic_return,304.1229081791825
308813,episodic_length,125.0
308938,episodic_return,301.9979664282963
308938,episodic_length,124.0
309063,episodic_return,299.98871543460314
309063,episodic_length,124.0
309190,episodic_return,300.88273883966923
309190,episodic_length,126.0
309248,value_loss,0.00036327936686575413
309248,policy_loss,-0.009410140104591846
309248,approx_kl,16.021835327148438
309248,clipfrac,0.955419921875
309248,explained_variance,0.9669116288423538
309248,sps,566.0
309317,episodic_return,302.9403932885191
309317,episodic_length,126.0
309445,episodic_return,304.02397741354616
309445,episodic_length,127.0
309577,episodic_return,313.4769608928864
309577,episodic_length,131.0
309707,episodic_return,311.00466052801164
309707,episodic_length,129.0
309834,episodic_return,302.4860268986441
309834,episodic_length,126.0
309961,episodic_return,303.9511436629669
309961,episodic_length,126.0
310089,episodic_return,308.64150005618944
310089,episodic_length,127.0
310218,episodic_return,309.8532719997141
310218,episodic_length,128.0
310344,episodic_return,300.3621911909299
310344,episodic_length,125.0
310471,episodic_return,302.8816888143253
310471,episodic_length,126.0
310600,episodic_return,308.1083401371213
310600,episodic_length,128.0
310729,episodic_return,308.11492513290585
310729,episodic_length,128.0
310858,episodic_return,303.77914614733976
310858,episodic_length,128.0
310985,episodic_return,302.9200512904905
310985,episodic_length,126.0
311114,episodic_return,309.2036618196194
311114,episodic_length,128.0
311242,episodic_return,304.8646279166556
311242,episodic_length,127.0
311296,value_loss,0.024627909064292908
311296,policy_loss,-0.4521837830543518
311296,approx_kl,8.962007522583008
311296,clipfrac,0.90908203125
311296,explained_variance,0.9648099653422832
311296,sps,566.0
311371,episodic_return,304.61112137960333
311371,episodic_length,128.0
311497,episodic_return,297.85844019908524
311497,episodic_length,125.0
311625,episodic_return,304.3408404670721
311625,episodic_length,127.0
311756,episodic_return,311.12417621358486
311756,episodic_length,130.0
311885,episodic_return,308.41459478281433
311885,episodic_length,128.0
312013,episodic_return,303.22106872269495
312013,episodic_length,127.0
312141,episodic_return,304.3005687023423
312141,episodic_length,127.0
312269,episodic_return,303.149355663833
312269,episodic_length,127.0
312396,episodic_return,301.16813882684454
312396,episodic_length,126.0
312525,episodic_return,307.57448532483846
312525,episodic_length,128.0
312655,episodic_return,309.66732273605
312655,episodic_length,129.0
312783,episodic_return,303.2688631219319
312783,episodic_length,127.0
312911,episodic_return,304.7944571239794
312911,episodic_length,127.0
313043,episodic_return,310.1000546310675
313043,episodic_length,131.0
313171,episodic_return,306.7390959285521
313171,episodic_length,127.0
313299,episodic_return,304.8488312731832
313299,episodic_length,127.0
313344,value_loss,0.0004878210893366486
313344,policy_loss,-0.17355361580848694
313344,approx_kl,9.116023063659668
313344,clipfrac,0.927099609375
313344,explained_variance,0.9642008058726788
313344,sps,566.0
313430,episodic_return,304.8235938935683
313430,episodic_length,130.0
313558,episodic_return,301.8833848183541
313558,episodic_length,127.0
313687,episodic_return,306.13983527481844
313687,episodic_length,128.0
313819,episodic_return,307.33878878973997
313819,episodic_length,131.0
313948,episodic_return,304.52194624297226
313948,episodic_length,128.0
314078,episodic_return,308.91855409443986
314078,episodic_length,129.0
314207,episodic_return,308.5674019358116
314207,episodic_length,128.0
314338,episodic_return,312.00394544138624
314338,episodic_length,130.0
314466,episodic_return,304.7677797004205
314466,episodic_length,127.0
314595,episodic_return,308.21840114594346
314595,episodic_length,128.0
314725,episodic_return,308.38325089540336
314725,episodic_length,129.0
314857,episodic_return,311.7591091099028
314857,episodic_length,131.0
314988,episodic_return,309.16255124301284
314988,episodic_length,130.0
315118,episodic_return,310.6265593595596
315118,episodic_length,129.0
315246,episodic_return,299.5913814136088
315246,episodic_length,127.0
315373,episodic_return,300.9332659168934
315373,episodic_length,126.0
315392,value_loss,0.03983747586607933
315392,policy_loss,-0.11853902041912079
315392,approx_kl,4.463611602783203
315392,clipfrac,0.905908203125
315392,explained_variance,0.9599497690796852
315392,sps,566.0
315502,episodic_return,307.1842767893816
315502,episodic_length,128.0
315633,episodic_return,309.97432481378246
315633,episodic_length,130.0
315761,episodic_return,306.0054321956368
315761,episodic_length,127.0
315891,episodic_return,309.509519203859
315891,episodic_length,129.0
316021,episodic_return,307.67697337443764
316021,episodic_length,129.0
316150,episodic_return,306.6552838483379
316150,episodic_length,128.0
316279,episodic_return,306.49187640104265
316279,episodic_length,128.0
316407,episodic_return,305.77595799181046
316407,episodic_length,127.0
316537,episodic_return,306.9478023213818
316537,episodic_length,129.0
316669,episodic_return,314.6837089748224
316669,episodic_length,131.0
316797,episodic_return,300.6235067673528
316797,episodic_length,127.0
316925,episodic_return,304.48500918273436
316925,episodic_length,127.0
317054,episodic_return,306.8932803356779
317054,episodic_length,128.0
317185,episodic_return,312.9689355678796
317185,episodic_length,130.0
317316,episodic_return,310.2431887356366
317316,episodic_length,130.0
317440,value_loss,0.0017399862408638
317440,policy_loss,-0.070494644343853
317440,approx_kl,11.656132698059082
317440,clipfrac,0.9322265625
317440,explained_variance,0.9684160575270653
317440,sps,566.0
317448,episodic_return,313.16148141488316
317448,episodic_length,131.0
317580,episodic_return,315.2308965407024
317580,episodic_length,131.0
317713,episodic_return,313.6952365165961
317713,episodic_length,132.0
317843,episodic_return,307.7382130171555
317843,episodic_length,129.0
317974,episodic_return,312.1526033402411
317974,episodic_length,130.0
318105,episodic_return,311.60661256005005
318105,episodic_length,130.0
318236,episodic_return,309.30118404202494
318236,episodic_length,130.0
318366,episodic_return,309.9800274452527
318366,episodic_length,129.0
318496,episodic_return,309.43382810799704
318496,episodic_length,129.0
318627,episodic_return,312.9004721579476
318627,episodic_length,130.0
318761,episodic_return,318.5502266866293
318761,episodic_length,133.0
318893,episodic_return,312.03357014539824
318893,episodic_length,131.0
319025,episodic_return,312.55361001086834
319025,episodic_length,131.0
319157,episodic_return,312.9949841010431
319157,episodic_length,131.0
319289,episodic_return,308.90328669979317
319289,episodic_length,131.0
319421,episodic_return,311.53191376193405
319421,episodic_length,131.0
319488,value_loss,0.03655669093132019
319488,policy_loss,-0.14171269536018372
319488,approx_kl,4.428581714630127
319488,clipfrac,0.930615234375
319488,explained_variance,0.9714790489524603
319488,sps,566.0
319552,episodic_return,310.00879382751316
319552,episodic_length,130.0
319685,episodic_return,312.00346849989353
319685,episodic_length,132.0
319817,episodic_return,312.89383232479804
319817,episodic_length,131.0
319949,episodic_return,311.5208188811087
319949,episodic_length,131.0
320081,episodic_return,313.53270791266607
320081,episodic_length,131.0
320212,episodic_return,311.38780909932234
320212,episodic_length,130.0
320343,episodic_return,311.76492796387794
320343,episodic_length,130.0
320473,episodic_return,309.43244359729096
320473,episodic_length,129.0
320604,episodic_return,310.22477023095223
320604,episodic_length,130.0
320736,episodic_return,314.0550017614141
320736,episodic_length,131.0
320868,episodic_return,314.608760294656
320868,episodic_length,131.0
321000,episodic_return,313.6924735815319
321000,episodic_length,131.0
321131,episodic_return,311.4752777151741
321131,episodic_length,130.0
321265,episodic_return,313.62089661584326
321265,episodic_length,133.0
321398,episodic_return,315.39079608570773
321398,episodic_length,132.0
321530,episodic_return,313.42036603913266
321530,episodic_length,131.0
321536,value_loss,0.007545850705355406
321536,policy_loss,-0.06275397539138794
321536,approx_kl,10.639067649841309
321536,clipfrac,0.905322265625
321536,explained_variance,0.9786803107708693
321536,sps,566.0
321662,episodic_return,315.0549838472876
321662,episodic_length,131.0
321792,episodic_return,310.96729540353954
321792,episodic_length,129.0
321923,episodic_return,311.75705497596914
321923,episodic_length,130.0
322055,episodic_return,314.36959314775766
322055,episodic_length,131.0
322183,episodic_return,302.91993756007173
322183,episodic_length,127.0
322314,episodic_return,314.45257170985883
322314,episodic_length,130.0
322445,episodic_return,311.1982305146171
322445,episodic_length,130.0
322576,episodic_return,310.558973253529
322576,episodic_length,130.0
322709,episodic_return,315.3487265180199
322709,episodic_length,132.0
322839,episodic_return,306.63777242415244
322839,episodic_length,129.0
322972,episodic_return,315.44681285447933
322972,episodic_length,132.0
323104,episodic_return,314.29251050199457
323104,episodic_length,131.0
323238,episodic_return,316.77888581194503
323238,episodic_length,133.0
323372,episodic_return,317.8610172500741
323372,episodic_length,133.0
323503,episodic_return,311.8320751509646
323503,episodic_length,130.0
323584,value_loss,0.004206870216876268
323584,policy_loss,-0.05885719507932663
323584,approx_kl,9.992721557617188
323584,clipfrac,0.9478515625
323584,explained_variance,0.9709826894104481
323584,sps,566.0
323634,episodic_return,315.91480486296
323634,episodic_length,130.0
323764,episodic_return,307.5852962366488
323764,episodic_length,129.0
323895,episodic_return,310.26871272360546
323895,episodic_length,130.0
324026,episodic_return,311.84770019378794
324026,episodic_length,130.0
324158,episodic_return,313.1120447842086
324158,episodic_length,131.0
324293,episodic_return,319.7738315568524
324293,episodic_length,134.0
324427,episodic_return,317.57596838935217
324427,episodic_length,133.0
324560,episodic_return,315.93216488271975
324560,episodic_length,132.0
324691,episodic_return,311.1161731105388
324691,episodic_length,130.0
324824,episodic_return,315.1042941670998
324824,episodic_length,132.0
324956,episodic_return,315.06681940340536
324956,episodic_length,131.0
325088,episodic_return,314.4065716677096
325088,episodic_length,131.0
325221,episodic_return,317.0642356911783
325221,episodic_length,132.0
325355,episodic_return,317.17445691167427
325355,episodic_length,133.0
325487,episodic_return,316.20708762297573
325487,episodic_length,131.0
325620,episodic_return,314.1962078617889
325620,episodic_length,132.0
325632,value_loss,0.001681571826338768
325632,policy_loss,-0.00032016634941101074
325632,approx_kl,5.046823501586914
325632,clipfrac,0.92744140625
325632,explained_variance,0.9706185329705477
325632,sps,566.0
325756,episodic_return,322.0382054116873
325756,episodic_length,135.0
325891,episodic_return,318.32259734969966
325891,episodic_length,134.0
326023,episodic_return,314.5956079658009
326023,episodic_length,131.0
326157,episodic_return,320.25828469718493
326157,episodic_length,133.0
326290,episodic_return,314.3782124530188
326290,episodic_length,132.0
326422,episodic_return,313.7420104683819
326422,episodic_length,131.0
326556,episodic_return,314.1632223009703
326556,episodic_length,133.0
326689,episodic_return,315.24407302892564
326689,episodic_length,132.0
326823,episodic_return,316.23014495474945
326823,episodic_length,133.0
326957,episodic_return,319.0464619526572
326957,episodic_length,133.0
327090,episodic_return,314.69493348003476
327090,episodic_length,132.0
327223,episodic_return,316.97446608168855
327223,episodic_length,132.0
327357,episodic_return,316.40094942073193
327357,episodic_length,133.0
327490,episodic_return,317.1320907112411
327490,episodic_length,132.0
327622,episodic_return,312.91152197264563
327622,episodic_length,131.0
327680,value_loss,0.023146823048591614
327680,policy_loss,-0.0778108611702919
327680,approx_kl,8.379711151123047
327680,clipfrac,0.928466796875
327680,explained_variance,0.9789127465337515
327680,sps,566.0
327757,episodic_return,315.98502410934265
327757,episodic_length,134.0
327892,episodic_return,320.64620007830337
327892,episodic_length,134.0
328025,episodic_return,317.42465718701305
328025,episodic_length,132.0
328161,episodic_return,322.76504915914916
328161,episodic_length,135.0
328296,episodic_return,321.08333059623317
328296,episodic_length,134.0
328434,episodic_return,319.9289507586602
328434,episodic_length,137.0
328570,episodic_return,318.13781695231376
328570,episodic_length,135.0
328705,episodic_return,317.7951980741845
328705,episodic_length,134.0
328839,episodic_return,318.6844746301273
328839,episodic_length,133.0
328975,episodic_return,321.7067148513168
328975,episodic_length,135.0
329110,episodic_return,319.7362898953355
329110,episodic_length,134.0
329244,episodic_return,318.2363628886924
329244,episodic_length,133.0
329378,episodic_return,318.04939825045915
329378,episodic_length,133.0
329511,episodic_return,316.09896887201387
329511,episodic_length,132.0
329647,episodic_return,321.2280244012181
329647,episodic_length,135.0
329728,value_loss,0.04125366732478142
329728,policy_loss,0.09407119452953339
329728,approx_kl,2.4199671745300293
329728,clipfrac,0.904296875
329728,explained_variance,0.9543919563293457
329728,sps,566.0
329781,episodic_return,317.28824556850014
329781,episodic_length,133.0
329916,episodic_return,319.0138409637862
329916,episodic_length,134.0
330048,episodic_return,315.19732388019975
330048,episodic_length,131.0
330181,episodic_return,317.0636097963576
330181,episodic_length,132.0
330315,episodic_return,318.8785684636188
330315,episodic_length,133.0
330449,episodic_return,318.801415061385
330449,episodic_length,133.0
330584,episodic_return,320.3564346756172
330584,episodic_length,134.0
330718,episodic_return,316.4695587840248
330718,episodic_length,133.0
330853,episodic_return,319.4388059923181
330853,episodic_length,134.0
330988,episodic_return,321.83191321489363
330988,episodic_length,134.0
331123,episodic_return,319.95495405538793
331123,episodic_length,134.0
331256,episodic_return,315.2937174910201
331256,episodic_length,132.0
331391,episodic_return,319.00586737199495
331391,episodic_length,134.0
331527,episodic_return,321.2140876127831
331527,episodic_length,135.0
331662,episodic_return,320.62852972937543
331662,episodic_length,134.0
331776,value_loss,0.0047295233234763145
331776,policy_loss,-0.05199506878852844
331776,approx_kl,11.202007293701172
331776,clipfrac,0.928271484375
331776,explained_variance,0.9715560059994459
331776,sps,566.0
331795,episodic_return,314.435947993577
331795,episodic_length,132.0
331928,episodic_return,315.7155905674753
331928,episodic_length,132.0
332062,episodic_return,316.04799495071524
332062,episodic_length,133.0
332196,episodic_return,316.2978055100073
332196,episodic_length,133.0
332328,episodic_return,313.5527312781764
332328,episodic_length,131.0
332466,episodic_return,324.9468560562589
332466,episodic_length,137.0
332601,episodic_return,319.49437149093137
332601,episodic_length,134.0
332737,episodic_return,321.45814377389803
332737,episodic_length,135.0
332873,episodic_return,321.2520877399041
332873,episodic_length,135.0
333007,episodic_return,318.4299769808072
333007,episodic_length,133.0
333142,episodic_return,318.4291061289593
333142,episodic_length,134.0
333278,episodic_return,319.68627241979164
333278,episodic_length,135.0
333411,episodic_return,316.51689251771097
333411,episodic_length,132.0
333545,episodic_return,317.7591495798699
333545,episodic_length,133.0
333682,episodic_return,322.5862189811353
333682,episodic_length,136.0
333816,episodic_return,318.8663070754913
333816,episodic_length,133.0
333824,value_loss,0.02535833977162838
333824,policy_loss,-0.2013970911502838
333824,approx_kl,7.581240177154541
333824,clipfrac,0.909619140625
333824,explained_variance,0.965364620089531
333824,sps,566.0
333953,episodic_return,322.22250119846564
333953,episodic_length,136.0
334091,episodic_return,324.328004127782
334091,episodic_length,137.0
334229,episodic_return,323.4385894082338
334229,episodic_length,137.0
334364,episodic_return,317.3668309799307
334364,episodic_length,134.0
334498,episodic_return,316.9964837072833
334498,episodic_length,133.0
334633,episodic_return,318.4432873267444
334633,episodic_length,134.0
334768,episodic_return,321.18241482335185
334768,episodic_length,134.0
334904,episodic_return,319.64771680415987
334904,episodic_length,135.0
335040,episodic_return,321.03975772900407
335040,episodic_length,135.0
335176,episodic_return,318.5519245950612
335176,episodic_length,135.0
335313,episodic_return,322.62192748488303
335313,episodic_length,136.0
335450,episodic_return,323.68432127579666
335450,episodic_length,136.0
335586,episodic_return,320.68042708888476
335586,episodic_length,135.0
335727,episodic_return,325.57910026792985
335727,episodic_length,140.0
335864,episodic_return,323.932577566756
335864,episodic_length,136.0
335872,value_loss,0.03508443757891655
335872,policy_loss,-0.055328093469142914
335872,approx_kl,3.317086696624756
335872,clipfrac,0.904931640625
335872,explained_variance,0.9700621385127306
335872,sps,566.0
336005,episodic_return,330.03406619163485
336005,episodic_length,140.0
336142,episodic_return,321.96111379920177
336142,episodic_length,136.0
336283,episodic_return,327.8500891201717
336283,episodic_length,140.0
336421,episodic_return,323.8759695326942
336421,episodic_length,137.0
336561,episodic_return,323.83725362640354
336561,episodic_length,139.0
336698,episodic_return,322.8294562810549
336698,episodic_length,136.0
336837,episodic_return,325.87066704953776
336837,episodic_length,138.0
336978,episodic_return,328.0118219414231
336978,episodic_length,140.0
337121,episodic_return,329.1689263826829
337121,episodic_length,142.0
337259,episodic_return,324.07392059150686
337259,episodic_length,137.0
337403,episodic_return,331.0967423404122
337403,episodic_length,143.0
337542,episodic_return,325.1294596585446
337542,episodic_length,138.0
337682,episodic_return,326.8504855513943
337682,episodic_length,139.0
337819,episodic_return,324.37831012905474
337819,episodic_length,136.0
337920,value_loss,0.010284393094480038
337920,policy_loss,-0.02526131644845009
337920,approx_kl,5.659419059753418
337920,clipfrac,0.92548828125
337920,explained_variance,0.9711287617683411
337920,sps,566.0
337956,episodic_return,322.9996206121835
337956,episodic_length,136.0
338094,episodic_return,323.63303741521946
338094,episodic_length,137.0
338231,episodic_return,320.2167469046603
338231,episodic_length,136.0
338369,episodic_return,324.9833881063645
338369,episodic_length,137.0
338508,episodic_return,325.99795590867046
338508,episodic_length,138.0
338647,episodic_return,324.85496332447184
338647,episodic_length,138.0
338790,episodic_return,331.3361096838897
338790,episodic_length,142.0
338929,episodic_return,323.4795031645818
338929,episodic_length,138.0
339070,episodic_return,327.03600835690577
339070,episodic_length,140.0
339210,episodic_return,327.22273204022423
339210,episodic_length,139.0
339348,episodic_return,326.1414518606027
339348,episodic_length,137.0
339485,episodic_return,320.3984856480685
339485,episodic_length,136.0
339623,episodic_return,323.38183129718675
339623,episodic_length,137.0
339761,episodic_return,322.4050012822456
339761,episodic_length,137.0
339901,episodic_return,327.82892968269505
339901,episodic_length,139.0
339968,value_loss,0.0055185407400131226
339968,policy_loss,0.11873576790094376
339968,approx_kl,2.3422348499298096
339968,clipfrac,0.8984375
339968,explained_variance,0.9651000685989857
339968,sps,566.0
340040,episodic_return,326.1988397215541
340040,episodic_length,138.0
340177,episodic_return,323.85529617048803
340177,episodic_length,136.0
340314,episodic_return,325.5140621157553
340314,episodic_length,136.0
340450,episodic_return,321.16568153333674
340450,episodic_length,135.0
340588,episodic_return,322.67007385272433
340588,episodic_length,137.0
340724,episodic_return,321.6919825693909
340724,episodic_length,135.0
340861,episodic_return,322.08001902860946
340861,episodic_length,136.0
340997,episodic_return,319.3248337936583
340997,episodic_length,135.0
341138,episodic_return,328.08594454215006
341138,episodic_length,140.0
341279,episodic_return,328.28552183110986
341279,episodic_length,140.0
341415,episodic_return,322.6110011872502
341415,episodic_length,135.0
341552,episodic_return,324.00089463377805
341552,episodic_length,136.0
341688,episodic_return,322.62279681973195
341688,episodic_length,135.0
341824,episodic_return,321.088938302593
341824,episodic_length,135.0
341963,episodic_return,321.8094984446487
341963,episodic_length,138.0
342016,value_loss,0.009479711763560772
342016,policy_loss,-0.07170280814170837
342016,approx_kl,21.794540405273438
342016,clipfrac,0.9365234375
342016,explained_variance,0.9764364920556545
342016,sps,567.0
342098,episodic_return,318.43283424764036
342098,episodic_length,134.0
342234,episodic_return,320.9176611815658
342234,episodic_length,135.0
342369,episodic_return,320.7928752585495
342369,episodic_length,134.0
342506,episodic_return,324.28400366189646
342506,episodic_length,136.0
342641,episodic_return,320.06266268917904
342641,episodic_length,134.0
342779,episodic_return,323.9429058821665
342779,episodic_length,137.0
342914,episodic_return,321.88628135951944
342914,episodic_length,134.0
343050,episodic_return,323.5420442085859
343050,episodic_length,135.0
343188,episodic_return,325.07733856490415
343188,episodic_length,137.0
343324,episodic_return,319.0763334256569
343324,episodic_length,135.0
343461,episodic_return,324.7098377237349
343461,episodic_length,136.0
343599,episodic_return,323.3028486481888
343599,episodic_length,137.0
343737,episodic_return,320.0343196719493
343737,episodic_length,137.0
343873,episodic_return,321.96945688638374
343873,episodic_length,135.0
344008,episodic_return,320.65486504506464
344008,episodic_length,134.0
344064,value_loss,0.000373753544408828
344064,policy_loss,-0.029116258025169373
344064,approx_kl,17.28609848022461
344064,clipfrac,0.954248046875
344064,explained_variance,0.9788676556199789
344064,sps,567.0
344142,episodic_return,319.27217832737057
344142,episodic_length,133.0
344277,episodic_return,319.7513318097062
344277,episodic_length,134.0
344411,episodic_return,317.2532389740414
344411,episodic_length,133.0
344546,episodic_return,320.1946786718363
344546,episodic_length,134.0
344683,episodic_return,320.8935341990867
344683,episodic_length,136.0
344818,episodic_return,319.76546922606383
344818,episodic_length,134.0
344955,episodic_return,323.1552357568003
344955,episodic_length,136.0
345091,episodic_return,321.4990045115668
345091,episodic_length,135.0
345229,episodic_return,324.40314437639773
345229,episodic_length,137.0
345367,episodic_return,324.94057923255485
345367,episodic_length,137.0
345505,episodic_return,324.55199529017716
345505,episodic_length,137.0
345642,episodic_return,323.38852323225456
345642,episodic_length,136.0
345778,episodic_return,322.28538991627266
345778,episodic_length,135.0
345917,episodic_return,323.6977695372213
345917,episodic_length,138.0
346055,episodic_return,324.0918877970866
346055,episodic_length,137.0
346112,value_loss,0.0018490898655727506
346112,policy_loss,-0.01786387898027897
346112,approx_kl,9.274617195129395
346112,clipfrac,0.935546875
346112,explained_variance,0.9790049996227026
346112,sps,567.0
346190,episodic_return,319.5262280853269
346190,episodic_length,134.0
346326,episodic_return,320.64445765470697
346326,episodic_length,135.0
346465,episodic_return,325.42519788647974
346465,episodic_length,138.0
346601,episodic_return,320.8105378094008
346601,episodic_length,135.0
346737,episodic_return,321.8260645571396
346737,episodic_length,135.0
346874,episodic_return,324.3796085449146
346874,episodic_length,136.0
347011,episodic_return,322.29359199003636
347011,episodic_length,136.0
347151,episodic_return,325.98587904748354
347151,episodic_length,139.0
347291,episodic_return,326.9980201396703
347291,episodic_length,139.0
347429,episodic_return,323.81061264402007
347429,episodic_length,137.0
347564,episodic_return,320.08124719248855
347564,episodic_length,134.0
347699,episodic_return,319.91986946413556
347699,episodic_length,134.0
347842,episodic_return,329.5701702325931
347842,episodic_length,142.0
347979,episodic_return,322.56567841194715
347979,episodic_length,136.0
348116,episodic_return,322.18838404742235
348116,episodic_length,136.0
348160,value_loss,0.011214720085263252
348160,policy_loss,0.024950630962848663
348160,approx_kl,10.346833229064941
348160,clipfrac,0.92890625
348160,explained_variance,0.979178948327899
348160,sps,567.0
348253,episodic_return,323.47553409962455
348253,episodic_length,136.0
348390,episodic_return,323.71447522241647
348390,episodic_length,136.0
348528,episodic_return,324.56780537346106
348528,episodic_length,137.0
348666,episodic_return,322.02828212461355
348666,episodic_length,137.0
348804,episodic_return,325.1266301707741
348804,episodic_length,137.0
348941,episodic_return,322.1399782739947
348941,episodic_length,136.0
349076,episodic_return,321.11613252720593
349076,episodic_length,134.0
349210,episodic_return,318.98327455778167
349210,episodic_length,133.0
349347,episodic_return,322.70092115930794
349347,episodic_length,136.0
349481,episodic_return,318.510431981886
349481,episodic_length,133.0
349617,episodic_return,320.51026555706477
349617,episodic_length,135.0
349754,episodic_return,325.56884784437926
349754,episodic_length,136.0
349890,episodic_return,322.03065879075217
349890,episodic_length,135.0
350024,episodic_return,318.4252655968591
350024,episodic_length,133.0
350165,episodic_return,327.0882040208412
350165,episodic_length,140.0
350208,value_loss,0.003983641508966684
350208,policy_loss,-0.3550266623497009
350208,approx_kl,12.454154968261719
350208,clipfrac,0.939208984375
350208,explained_variance,0.9818210080265999
350208,sps,567.0
350300,episodic_return,321.3221262249927
350300,episodic_length,134.0
350431,episodic_return,309.0730534657258
350431,episodic_length,130.0
350564,episodic_return,312.92268534931674
350564,episodic_length,132.0
350698,episodic_return,316.41256826926093
350698,episodic_length,133.0
350836,episodic_return,324.96396546662584
350836,episodic_length,137.0
350974,episodic_return,325.143702270831
350974,episodic_length,137.0
351112,episodic_return,325.7771838179045
351112,episodic_length,137.0
351247,episodic_return,319.1083536517452
351247,episodic_length,134.0
351382,episodic_return,320.22643491375493
351382,episodic_length,134.0
351518,episodic_return,320.8413069958297
351518,episodic_length,135.0
351654,episodic_return,322.1589408835086
351654,episodic_length,135.0
351792,episodic_return,324.8693407465696
351792,episodic_length,137.0
351928,episodic_return,322.28601505534147
351928,episodic_length,135.0
352068,episodic_return,325.20517032851836
352068,episodic_length,139.0
352207,episodic_return,326.25409252508683
352207,episodic_length,138.0
352256,value_loss,0.0007606264553032815
352256,policy_loss,-0.04587770625948906
352256,approx_kl,8.35452651977539
352256,clipfrac,0.94794921875
352256,explained_variance,0.9812379013746977
352256,sps,567.0
352342,episodic_return,320.59192820316713
352342,episodic_length,134.0
352475,episodic_return,315.0846914345544
352475,episodic_length,132.0
352615,episodic_return,324.4923463809196
352615,episodic_length,139.0
352754,episodic_return,324.7800078306473
352754,episodic_length,138.0
352895,episodic_return,326.3269730848446
352895,episodic_length,140.0
353032,episodic_return,320.75769252094886
353032,episodic_length,136.0
353168,episodic_return,321.23632250061394
353168,episodic_length,135.0
353307,episodic_return,323.24341906966424
353307,episodic_length,138.0
353454,episodic_return,333.6246981627773
353454,episodic_length,146.0
353591,episodic_return,323.84083040919137
353591,episodic_length,136.0
353730,episodic_return,326.2687403349387
353730,episodic_length,138.0
353865,episodic_return,319.5838166197577
353865,episodic_length,134.0
354001,episodic_return,319.92317648251344
354001,episodic_length,135.0
354136,episodic_return,320.7929999682937
354136,episodic_length,134.0
354273,episodic_return,322.3180608030455
354273,episodic_length,136.0
354304,value_loss,0.00034495850559324026
354304,policy_loss,-1.3265254497528076
354304,approx_kl,8.836518287658691
354304,clipfrac,0.901025390625
354304,explained_variance,0.9796528853476048
354304,sps,567.0
354406,episodic_return,316.7872458125634
354406,episodic_length,132.0
354541,episodic_return,318.6276617385403
354541,episodic_length,134.0
354678,episodic_return,322.0836941758758
354678,episodic_length,136.0
354811,episodic_return,316.53170523577205
354811,episodic_length,132.0
354948,episodic_return,323.2616252181351
354948,episodic_length,136.0
355077,episodic_return,304.4888488996218
355077,episodic_length,128.0
355210,episodic_return,310.5476590261922
355210,episodic_length,132.0
355341,episodic_return,311.0366682926756
355341,episodic_length,130.0
355476,episodic_return,320.59489999331413
355476,episodic_length,134.0
355609,episodic_return,315.5855107007388
355609,episodic_length,132.0
355742,episodic_return,317.2930440798236
355742,episodic_length,132.0
355873,episodic_return,313.0979835160851
355873,episodic_length,130.0
356006,episodic_return,317.68289351251195
356006,episodic_length,132.0
356148,episodic_return,327.98526139166245
356148,episodic_length,141.0
356285,episodic_return,322.0627978158594
356285,episodic_length,136.0
356352,value_loss,0.02953461930155754
356352,policy_loss,-0.01523100957274437
356352,approx_kl,31.590045928955078
356352,clipfrac,0.9380859375
356352,explained_variance,0.981107110157609
356352,sps,567.0
356420,episodic_return,319.70688115576013
356420,episodic_length,134.0
356555,episodic_return,317.168178660835
356555,episodic_length,134.0
356691,episodic_return,312.70679810381966
356691,episodic_length,135.0
356828,episodic_return,322.3706830717692
356828,episodic_length,136.0
356978,episodic_return,333.62413036358026
356978,episodic_length,149.0
357110,episodic_return,306.5124430326974
357110,episodic_length,131.0
357243,episodic_return,313.66576080461635
357243,episodic_length,132.0
357379,episodic_return,316.62299489859555
357379,episodic_length,135.0
357511,episodic_return,313.9299940128669
357511,episodic_length,131.0
357646,episodic_return,321.2609962288517
357646,episodic_length,134.0
357781,episodic_return,321.1307821023652
357781,episodic_length,134.0
357914,episodic_return,318.32625457363787
357914,episodic_length,132.0
358052,episodic_return,315.72527608756394
358052,episodic_length,137.0
358187,episodic_return,318.13765875950577
358187,episodic_length,134.0
358323,episodic_return,322.35162372913595
358323,episodic_length,135.0
358400,value_loss,0.00041897708433680236
358400,policy_loss,-0.20565317571163177
358400,approx_kl,11.352404594421387
358400,clipfrac,0.93681640625
358400,explained_variance,0.9685385674238205
358400,sps,567.0
358454,episodic_return,312.12137766090075
358454,episodic_length,130.0
358598,episodic_return,324.1121885516893
358598,episodic_length,143.0
358732,episodic_return,319.31463811654277
358732,episodic_length,133.0
358868,episodic_return,320.32181939722557
358868,episodic_length,135.0
359004,episodic_return,318.2315582302105
359004,episodic_length,135.0
359140,episodic_return,320.9467113112812
359140,episodic_length,135.0
359277,episodic_return,315.87361412602047
359277,episodic_length,136.0
359418,episodic_return,323.065058559647
359418,episodic_length,140.0
359553,episodic_return,320.95528662313023
359553,episodic_length,134.0
359687,episodic_return,319.7573093689069
359687,episodic_length,133.0
359823,episodic_return,319.2292009143461
359823,episodic_length,135.0
359958,episodic_return,321.3189773037946
359958,episodic_length,134.0
360089,episodic_return,311.86518567519295
360089,episodic_length,130.0
360224,episodic_return,319.57182727647245
360224,episodic_length,134.0
360360,episodic_return,322.2056977731444
360360,episodic_length,135.0
360448,value_loss,0.000695884576998651
360448,policy_loss,-0.10322357714176178
360448,approx_kl,17.878765106201172
360448,clipfrac,0.952685546875
360448,explained_variance,0.9790286254137754
360448,sps,567.0
360495,episodic_return,318.30016693887933
360495,episodic_length,134.0
360629,episodic_return,317.85641383513376
360629,episodic_length,133.0
360761,episodic_return,312.02333746416775
360761,episodic_length,131.0
360904,episodic_return,322.1972713659831
360904,episodic_length,142.0
361038,episodic_return,315.3688347179049
361038,episodic_length,133.0
361172,episodic_return,319.49240293309083
361172,episodic_length,133.0
361303,episodic_return,312.17260102228784
361303,episodic_length,130.0
361435,episodic_return,311.5168978589296
361435,episodic_length,131.0
361568,episodic_return,316.5152062634175
361568,episodic_length,132.0
361701,episodic_return,318.15828709859807
361701,episodic_length,132.0
361835,episodic_return,314.7925412520139
361835,episodic_length,133.0
361968,episodic_return,315.2588553684595
361968,episodic_length,132.0
362100,episodic_return,314.19629982978677
362100,episodic_length,131.0
362235,episodic_return,321.50548692393426
362235,episodic_length,134.0
362369,episodic_return,321.8056274416663
362369,episodic_length,133.0
362496,value_loss,0.003060314105823636
362496,policy_loss,-0.06476432830095291
362496,approx_kl,11.744133949279785
362496,clipfrac,0.93681640625
362496,explained_variance,0.9815784376114607
362496,sps,567.0
362505,episodic_return,319.0641282881304
362505,episodic_length,135.0
362636,episodic_return,313.3931001266932
362636,episodic_length,130.0
362773,episodic_return,314.05780901578777
362773,episodic_length,136.0
362906,episodic_return,317.9800519535406
362906,episodic_length,132.0
363039,episodic_return,317.66236296872455
363039,episodic_length,132.0
363170,episodic_return,307.23608871089095
363170,episodic_length,130.0
363301,episodic_return,310.5993722862579
363301,episodic_length,130.0
363431,episodic_return,308.22368651991644
363431,episodic_length,129.0
363566,episodic_return,316.7898138806338
363566,episodic_length,134.0
363697,episodic_return,315.2762835390677
363697,episodic_length,130.0
363828,episodic_return,311.31988782796697
363828,episodic_length,130.0
363962,episodic_return,318.33596763589463
363962,episodic_length,133.0
364094,episodic_return,314.18318281658
364094,episodic_length,131.0
364227,episodic_return,319.27755224699166
364227,episodic_length,132.0
364360,episodic_return,317.61569666422116
364360,episodic_length,132.0
364491,episodic_return,314.7914630095057
364491,episodic_length,130.0
364544,value_loss,0.010472412221133709
364544,policy_loss,0.05097128450870514
364544,approx_kl,9.936168670654297
364544,clipfrac,0.936376953125
364544,explained_variance,0.9840019233524799
364544,sps,567.0
364621,episodic_return,309.4887574662135
364621,episodic_length,129.0
364753,episodic_return,313.6152199360002
364753,episodic_length,131.0
364886,episodic_return,318.04990167486693
364886,episodic_length,132.0
365019,episodic_return,315.62554082416716
365019,episodic_length,132.0
365152,episodic_return,319.7494616278737
365152,episodic_length,132.0
365282,episodic_return,307.4434748952156
365282,episodic_length,129.0
365432,episodic_return,325.304993557666
365432,episodic_length,149.0
365562,episodic_return,311.35674688482527
365562,episodic_length,129.0
365693,episodic_return,313.8722072987978
365693,episodic_length,130.0
365821,episodic_return,303.4190556431293
365821,episodic_length,127.0
365953,episodic_return,316.85313452721556
365953,episodic_length,131.0
366084,episodic_return,316.4056272021574
366084,episodic_length,130.0
366214,episodic_return,308.4081619992132
366214,episodic_length,129.0
366344,episodic_return,310.38704213528916
366344,episodic_length,129.0
366473,episodic_return,305.81851908534424
366473,episodic_length,128.0
366592,value_loss,0.00918554700911045
366592,policy_loss,0.01524084247648716
366592,approx_kl,17.6951847076416
366592,clipfrac,0.9595703125
366592,explained_variance,0.9783592037856579
366592,sps,568.0
366605,episodic_return,313.99464450527245
366605,episodic_length,131.0
366737,episodic_return,314.7771288798948
366737,episodic_length,131.0
366871,episodic_return,311.9046984914844
366871,episodic_length,133.0
367007,episodic_return,315.29562845713764
367007,episodic_length,135.0
367138,episodic_return,310.7977651480722
367138,episodic_length,130.0
367271,episodic_return,317.6428720097581
367271,episodic_length,132.0
367405,episodic_return,319.48290602496
367405,episodic_length,133.0
367536,episodic_return,311.3756444529527
367536,episodic_length,130.0
367676,episodic_return,312.87424804798286
367676,episodic_length,139.0
367808,episodic_return,315.6558997773853
367808,episodic_length,131.0
367941,episodic_return,317.0625100306004
367941,episodic_length,132.0
368086,episodic_return,319.1577127060356
368086,episodic_length,144.0
368216,episodic_return,306.7407909537151
368216,episodic_length,129.0
368347,episodic_return,311.47270351560593
368347,episodic_length,130.0
368482,episodic_return,313.55717730523213
368482,episodic_length,134.0
368613,episodic_return,312.8253705076999
368613,episodic_length,130.0
368640,value_loss,0.036917541176080704
368640,policy_loss,0.01854705438017845
368640,approx_kl,12.146341323852539
368640,clipfrac,0.9552734375
368640,explained_variance,0.9812500365078449
368640,sps,568.0
368748,episodic_return,313.56881821356507
368748,episodic_length,134.0
368879,episodic_return,315.213742224196
368879,episodic_length,130.0
369013,episodic_return,316.1438664112598
369013,episodic_length,133.0
369147,episodic_return,318.14315196503395
369147,episodic_length,133.0
369277,episodic_return,311.5094911650641
369277,episodic_length,129.0
369411,episodic_return,314.0724458129154
369411,episodic_length,133.0
369544,episodic_return,314.861899237376
369544,episodic_length,132.0
369676,episodic_return,312.7745612923791
369676,episodic_length,131.0
369809,episodic_return,312.68308666007
369809,episodic_length,132.0
369939,episodic_return,309.90894023120944
369939,episodic_length,129.0
370071,episodic_return,312.8271143186489
370071,episodic_length,131.0
370202,episodic_return,313.94086474507577
370202,episodic_length,130.0
370336,episodic_return,319.60883138394894
370336,episodic_length,133.0
370469,episodic_return,317.5594811107403
370469,episodic_length,132.0
370599,episodic_return,311.47262099583946
370599,episodic_length,129.0
370688,value_loss,0.0005712006241083145
370688,policy_loss,-0.06445284932851791
370688,approx_kl,22.851255416870117
370688,clipfrac,0.94736328125
370688,explained_variance,0.9839802030473948
370688,sps,568.0
370729,episodic_return,310.50199371659096
370729,episodic_length,129.0
370859,episodic_return,310.91895431674004
370859,episodic_length,129.0
370989,episodic_return,308.2501487744133
370989,episodic_length,129.0
371119,episodic_return,306.32781416761316
371119,episodic_length,129.0
371252,episodic_return,317.26188843288804
371252,episodic_length,132.0
371385,episodic_return,316.6850032009796
371385,episodic_length,132.0
371517,episodic_return,313.12450431903414
371517,episodic_length,131.0
371646,episodic_return,305.25798271102695
371646,episodic_length,128.0
371779,episodic_return,317.8724450420101
371779,episodic_length,132.0
371910,episodic_return,315.0958910136487
371910,episodic_length,130.0
372039,episodic_return,305.2396281847944
372039,episodic_length,128.0
372167,episodic_return,305.7234772621839
372167,episodic_length,127.0
372299,episodic_return,315.0627795235632
372299,episodic_length,131.0
372430,episodic_return,305.50021819346154
372430,episodic_length,130.0
372558,episodic_return,304.1673758481792
372558,episodic_length,127.0
372691,episodic_return,317.2660275516141
372691,episodic_length,132.0
372736,value_loss,0.004589601419866085
372736,policy_loss,-0.019115053117275238
372736,approx_kl,57.935001373291016
372736,clipfrac,0.9611328125
372736,explained_variance,0.9838288258761168
372736,sps,568.0
372822,episodic_return,312.64662483356955
372822,episodic_length,130.0
372954,episodic_return,312.98393740565916
372954,episodic_length,131.0
373089,episodic_return,318.9371399140357
373089,episodic_length,134.0
373221,episodic_return,313.99786271769074
373221,episodic_length,131.0
373353,episodic_return,311.66293955482405
373353,episodic_length,131.0
373490,episodic_return,317.9571270617062
373490,episodic_length,136.0
373626,episodic_return,311.2710604756808
373626,episodic_length,135.0
373757,episodic_return,312.2292341867466
373757,episodic_length,130.0
373890,episodic_return,308.7199489893615
373890,episodic_length,132.0
374029,episodic_return,315.0468811346865
374029,episodic_length,138.0
374160,episodic_return,312.9920125334164
374160,episodic_length,130.0
374294,episodic_return,320.77229706105817
374294,episodic_length,133.0
374425,episodic_return,315.4034590776571
374425,episodic_length,130.0
374559,episodic_return,318.5172248527848
374559,episodic_length,133.0
374693,episodic_return,309.5224697940572
374693,episodic_length,133.0
374784,value_loss,0.0009427899494767189
374784,policy_loss,-0.16136689484119415
374784,approx_kl,23.18497657775879
374784,clipfrac,0.937890625
374784,explained_variance,0.9841722082346678
374784,sps,568.0
374831,episodic_return,318.8812347186944
374831,episodic_length,137.0
374965,episodic_return,321.3581985367297
374965,episodic_length,133.0
375098,episodic_return,316.1088564535335
375098,episodic_length,132.0
375230,episodic_return,314.4016902497151
375230,episodic_length,131.0
375365,episodic_return,316.2993184729922
375365,episodic_length,134.0
375499,episodic_return,316.88556115044787
375499,episodic_length,133.0
375631,episodic_return,316.67426949633153
375631,episodic_length,131.0
375765,episodic_return,317.94003685530913
375765,episodic_length,133.0
375899,episodic_return,312.5864406369233
375899,episodic_length,133.0
376031,episodic_return,314.7159640165683
376031,episodic_length,131.0
376165,episodic_return,318.5843081481587
376165,episodic_length,133.0
376298,episodic_return,314.42048557712343
376298,episodic_length,132.0
376431,episodic_return,317.82696300903064
376431,episodic_length,132.0
376563,episodic_return,316.1859803615536
376563,episodic_length,131.0
376694,episodic_return,310.6812475211999
376694,episodic_length,130.0
376826,episodic_return,312.642886678256
376826,episodic_length,131.0
376832,value_loss,0.00021225761156529188
376832,policy_loss,-0.21158327162265778
376832,approx_kl,18.82150650024414
376832,clipfrac,0.951904296875
376832,explained_variance,0.9847048483788967
376832,sps,568.0
376962,episodic_return,318.2994787788773
376962,episodic_length,135.0
377097,episodic_return,320.9320758488376
377097,episodic_length,134.0
377227,episodic_return,310.1245194544
377227,episodic_length,129.0
377362,episodic_return,318.6783179288869
377362,episodic_length,134.0
377497,episodic_return,323.30837776104016
377497,episodic_length,134.0
377634,episodic_return,317.2466232805169
377634,episodic_length,136.0
377770,episodic_return,322.58314641882106
377770,episodic_length,135.0
377905,episodic_return,313.18355416665315
377905,episodic_length,134.0
378037,episodic_return,313.3916866088744
378037,episodic_length,131.0
378173,episodic_return,311.9331802707194
378173,episodic_length,135.0
378309,episodic_return,312.2296623674771
378309,episodic_length,135.0
378442,episodic_return,316.77453247397267
378442,episodic_length,132.0
378582,episodic_return,314.9734771480233
378582,episodic_length,139.0
378716,episodic_return,317.86601936082775
378716,episodic_length,133.0
378850,episodic_return,318.99326547099065
378850,episodic_length,133.0
378880,value_loss,0.012729411013424397
378880,policy_loss,-0.06732286512851715
378880,approx_kl,9.78659439086914
378880,clipfrac,0.932080078125
378880,explained_variance,0.9816325716674328
378880,sps,568.0
378983,episodic_return,315.04073600421424
378983,episodic_length,132.0
379119,episodic_return,316.9486639814623
379119,episodic_length,135.0
379258,episodic_return,325.49909753495723
379258,episodic_length,138.0
379398,episodic_return,321.3977014453818
379398,episodic_length,139.0
379554,episodic_return,332.8105115947365
379554,episodic_length,155.0
379690,episodic_return,321.9643245929903
379690,episodic_length,135.0
379835,episodic_return,321.64302290840243
379835,episodic_length,144.0
379970,episodic_return,317.97055613633694
379970,episodic_length,134.0
380106,episodic_return,317.5984760489142
380106,episodic_length,135.0
380250,episodic_return,327.02096836096536
380250,episodic_length,143.0
380395,episodic_return,322.2606689478358
380395,episodic_length,144.0
380528,episodic_return,318.42122145608073
380528,episodic_length,132.0
380663,episodic_return,321.256503762598
380663,episodic_length,134.0
380805,episodic_return,318.5965958533477
380805,episodic_length,141.0
380928,value_loss,0.000293436401989311
380928,policy_loss,-0.10292202234268188
380928,approx_kl,16.750003814697266
380928,clipfrac,0.933154296875
380928,explained_variance,0.9779381919652224
380928,sps,568.0
380940,episodic_return,319.9855404932813
380940,episodic_length,134.0
381073,episodic_return,316.77457937378233
381073,episodic_length,132.0
381220,episodic_return,324.6854199161287
381220,episodic_length,146.0
381355,episodic_return,313.8634264590865
381355,episodic_length,134.0
381490,episodic_return,314.0660048622614
381490,episodic_length,134.0
381622,episodic_return,312.7642356743436
381622,episodic_length,131.0
381757,episodic_return,320.55435826115723
381757,episodic_length,134.0
381898,episodic_return,317.6985620780778
381898,episodic_length,140.0
382045,episodic_return,324.066193817964
382045,episodic_length,146.0
382180,episodic_return,321.1219029948923
382180,episodic_length,134.0
382312,episodic_return,314.2979533247293
382312,episodic_length,131.0
382448,episodic_return,319.5006722199057
382448,episodic_length,135.0
382585,episodic_return,315.21124889174996
382585,episodic_length,136.0
382718,episodic_return,318.52874461243795
382718,episodic_length,132.0
382853,episodic_return,313.629514504948
382853,episodic_length,134.0
382976,value_loss,0.0005310406559146941
382976,policy_loss,-0.4630008637905121
382976,approx_kl,6.628542900085449
382976,clipfrac,0.923681640625
382976,explained_variance,0.9814143870025873
382976,sps,568.0
382986,episodic_return,311.67497512428093
382986,episodic_length,132.0
383117,episodic_return,318.03953225387863
383117,episodic_length,130.0
383249,episodic_return,312.51706242585965
383249,episodic_length,131.0
383378,episodic_return,307.7481440408328
383378,episodic_length,128.0
383513,episodic_return,318.1563596036479
383513,episodic_length,134.0
383644,episodic_return,314.8681294547278
383644,episodic_length,130.0
383776,episodic_return,310.61290050123097
383776,episodic_length,131.0
383909,episodic_return,312.6276195874703
383909,episodic_length,132.0
384040,episodic_return,316.6981558642027
384040,episodic_length,130.0
384182,episodic_return,318.21181323773976
384182,episodic_length,141.0
384310,episodic_return,308.73581166170766
384310,episodic_length,127.0
384439,episodic_return,306.15184194049084
384439,episodic_length,128.0
384575,episodic_return,313.54519055410645
384575,episodic_length,135.0
384704,episodic_return,311.45845729859514
384704,episodic_length,128.0
384844,episodic_return,318.86844296563874
384844,episodic_length,139.0
384975,episodic_return,307.8239632386712
384975,episodic_length,130.0
385024,value_loss,0.023863309994339943
385024,policy_loss,-0.05149485915899277
385024,approx_kl,11.792993545532227
385024,clipfrac,0.935302734375
385024,explained_variance,0.9752128981053829
385024,sps,568.0
385114,episodic_return,319.3461108596254
385114,episodic_length,138.0
385252,episodic_return,314.810853460055
385252,episodic_length,137.0
385385,episodic_return,310.36502658155035
385385,episodic_length,132.0
385530,episodic_return,317.7915524071326
385530,episodic_length,144.0
385664,episodic_return,319.39292417709527
385664,episodic_length,133.0
385800,episodic_return,322.0151720376886
385800,episodic_length,135.0
385934,episodic_return,320.88630184624867
385934,episodic_length,133.0
386064,episodic_return,310.54537132135914
386064,episodic_length,129.0
386198,episodic_return,318.18951235955217
386198,episodic_length,133.0
386340,episodic_return,319.9871954976309
386340,episodic_length,141.0
386472,episodic_return,314.4526374953878
386472,episodic_length,131.0
386605,episodic_return,321.3810986034977
386605,episodic_length,132.0
386740,episodic_return,321.49545154575327
386740,episodic_length,134.0
386873,episodic_return,313.89767094604895
386873,episodic_length,132.0
387006,episodic_return,313.84358898219375
387006,episodic_length,132.0
387072,value_loss,0.0021825674921274185
387072,policy_loss,-0.2898867428302765
387072,approx_kl,6.531744003295898
387072,clipfrac,0.913427734375
387072,explained_variance,0.9653981514275074
387072,sps,568.0
387141,episodic_return,323.8266074603368
387141,episodic_length,134.0
387283,episodic_return,317.3352353696821
387283,episodic_length,141.0
387415,episodic_return,318.92057559511335
387415,episodic_length,131.0
387552,episodic_return,318.65444100523536
387552,episodic_length,136.0
387687,episodic_return,322.7633775929505
387687,episodic_length,134.0
387820,episodic_return,319.8498024598376
387820,episodic_length,132.0
387954,episodic_return,313.04896924079645
387954,episodic_length,133.0
388088,episodic_return,316.0148806497057
388088,episodic_length,133.0
388222,episodic_return,319.4769064610879
388222,episodic_length,133.0
388361,episodic_return,326.90004334757947
388361,episodic_length,138.0
388496,episodic_return,321.44038349584434
388496,episodic_length,134.0
388628,episodic_return,317.53140649508873
388628,episodic_length,131.0
388761,episodic_return,317.93745790715184
388761,episodic_length,132.0
388896,episodic_return,313.9680089768429
388896,episodic_length,134.0
389029,episodic_return,319.87902348657127
389029,episodic_length,132.0
389120,value_loss,0.006035741418600082
389120,policy_loss,-0.03356008976697922
389120,approx_kl,17.6126651763916
389120,clipfrac,0.933251953125
389120,explained_variance,0.9795179665088654
389120,sps,568.0
389162,episodic_return,318.4336939688833
389162,episodic_length,132.0
389296,episodic_return,314.40716528395933
389296,episodic_length,133.0
389439,episodic_return,323.26410853846085
389439,episodic_length,142.0
389573,episodic_return,322.3786131552571
389573,episodic_length,133.0
389704,episodic_return,310.73191010190124
389704,episodic_length,130.0
389839,episodic_return,323.6282386552447
389839,episodic_length,134.0
389977,episodic_return,315.45362100762696
389977,episodic_length,137.0
390107,episodic_return,312.750700554645
390107,episodic_length,129.0
390240,episodic_return,318.6477506461552
390240,episodic_length,132.0
390373,episodic_return,317.7432176960282
390373,episodic_length,132.0
390519,episodic_return,324.87720278113187
390519,episodic_length,145.0
390651,episodic_return,313.0752575807429
390651,episodic_length,131.0
390790,episodic_return,317.0221033731495
390790,episodic_length,138.0
390922,episodic_return,317.80044036276706
390922,episodic_length,131.0
391052,episodic_return,315.75910052734343
391052,episodic_length,129.0
391168,value_loss,0.0005248011439107358
391168,policy_loss,-0.15892651677131653
391168,approx_kl,11.324005126953125
391168,clipfrac,0.919287109375
391168,explained_variance,0.9793398212641478
391168,sps,568.0
391184,episodic_return,313.4970948197611
391184,episodic_length,131.0
391315,episodic_return,312.4916213409139
391315,episodic_length,130.0
391449,episodic_return,317.26713280043367
391449,episodic_length,133.0
391587,episodic_return,319.05069554682376
391587,episodic_length,137.0
391721,episodic_return,313.57848537491344
391721,episodic_length,133.0
391852,episodic_return,314.9592292035703
391852,episodic_length,130.0
391984,episodic_return,318.19413703531404
391984,episodic_length,131.0
392120,episodic_return,324.68678448039
392120,episodic_length,135.0
392272,episodic_return,330.54701841249334
392272,episodic_length,151.0
392409,episodic_return,316.72371004161823
392409,episodic_length,136.0
392544,episodic_return,322.0527215609136
392544,episodic_length,134.0
392682,episodic_return,321.1343832659302
392682,episodic_length,137.0
392819,episodic_return,318.7569328283263
392819,episodic_length,136.0
392952,episodic_return,311.69779830111383
392952,episodic_length,132.0
393084,episodic_return,310.5801285076373
393084,episodic_length,131.0
393216,value_loss,0.009946403093636036
393216,policy_loss,-0.030320905148983
393216,approx_kl,60.92987823486328
393216,clipfrac,0.949609375
393216,explained_variance,0.9828180875629187
393216,sps,568.0
393228,episodic_return,323.9620708618822
393228,episodic_length,143.0
393362,episodic_return,317.98713196124623
393362,episodic_length,133.0
393496,episodic_return,319.37303472120567
393496,episodic_length,133.0
393639,episodic_return,323.44782220538576
393639,episodic_length,142.0
393773,episodic_return,315.4553726760715
393773,episodic_length,133.0
393911,episodic_return,324.9487210526993
393911,episodic_length,137.0
394047,episodic_return,320.0736250770217
394047,episodic_length,135.0
394184,episodic_return,313.19715236234634
394184,episodic_length,136.0
394325,episodic_return,322.0004733576114
394325,episodic_length,140.0
394462,episodic_return,323.9226169628965
394462,episodic_length,136.0
394602,episodic_return,317.14310553394375
394602,episodic_length,139.0
394738,episodic_return,321.5606595420415
394738,episodic_length,135.0
394873,episodic_return,317.1351572332051
394873,episodic_length,134.0
395006,episodic_return,315.2183892306325
395006,episodic_length,132.0
395149,episodic_return,326.87066725218136
395149,episodic_length,142.0
395264,value_loss,0.006654732394963503
395264,policy_loss,-0.1514836698770523
395264,approx_kl,24.661659240722656
395264,clipfrac,0.966455078125
395264,explained_variance,0.9812196455895901
395264,sps,568.0
395284,episodic_return,318.7456712224854
395284,episodic_length,134.0
395419,episodic_return,320.41548610517293
395419,episodic_length,134.0
395575,episodic_return,334.6754066425311
395575,episodic_length,155.0
395707,episodic_return,314.0231211882424
395707,episodic_length,131.0
395844,episodic_return,316.60112277451884
395844,episodic_length,136.0
395980,episodic_return,321.6846478101247
395980,episodic_length,135.0
396130,episodic_return,326.625355161382
396130,episodic_length,149.0
396266,episodic_return,317.71472392706664
396266,episodic_length,135.0
396412,episodic_return,326.45725144684224
396412,episodic_length,145.0
396550,episodic_return,327.39987593691365
396550,episodic_length,137.0
396686,episodic_return,322.97736110724554
396686,episodic_length,135.0
396821,episodic_return,319.76282335567095
396821,episodic_length,134.0
396969,episodic_return,323.4691192866722
396969,episodic_length,147.0
397111,episodic_return,319.38233779710436
397111,episodic_length,141.0
397259,episodic_return,324.27217515904505
397259,episodic_length,147.0
397312,value_loss,0.009554464370012283
397312,policy_loss,0.013508599251508713
397312,approx_kl,17.652812957763672
397312,clipfrac,0.9556640625
397312,explained_variance,0.9780927151441574
397312,sps,568.0
397395,episodic_return,319.9099463514624
397395,episodic_length,135.0
397561,episodic_return,344.959152936121
397561,episodic_length,165.0
397697,episodic_return,315.06640543693436
397697,episodic_length,135.0
397842,episodic_return,326.16753269791974
397842,episodic_length,144.0
397989,episodic_return,328.21557541049384
397989,episodic_length,146.0
398128,episodic_return,329.3708899342371
398128,episodic_length,138.0
398268,episodic_return,322.57123671922426
398268,episodic_length,139.0
398417,episodic_return,327.36694798499167
398417,episodic_length,148.0
398560,episodic_return,329.644144779215
398560,episodic_length,142.0
398713,episodic_return,329.02629857111015
398713,episodic_length,152.0
398860,episodic_return,327.9530739594884
398860,episodic_length,146.0
399009,episodic_return,332.7507424558203
399009,episodic_length,148.0
399163,episodic_return,331.9173046719691
399163,episodic_length,153.0
399304,episodic_return,327.5320965491477
399304,episodic_length,140.0
399360,value_loss,0.0311723779886961
399360,policy_loss,-0.07251910120248795
399360,approx_kl,18.24810028076172
399360,clipfrac,0.929296875
399360,explained_variance,0.9783937428146601
399360,sps,568.0
399465,episodic_return,339.2836405610509
399465,episodic_length,160.0
399605,episodic_return,327.47574728152676
399605,episodic_length,139.0
399751,episodic_return,331.4553819493684
399751,episodic_length,145.0
399890,episodic_return,322.2348194777156
399890,episodic_length,138.0
400043,episodic_return,336.0578499594924
400043,episodic_length,152.0
400184,episodic_return,327.19941229728823
400184,episodic_length,140.0
400339,episodic_return,336.0232719223732
400339,episodic_length,154.0
400501,episodic_return,342.3073875487943
400501,episodic_length,161.0
400642,episodic_return,328.646822160563
400642,episodic_length,140.0
400796,episodic_return,341.3819249409803
400796,episodic_length,153.0
400934,episodic_return,326.06232971365716
400934,episodic_length,137.0
401086,episodic_return,341.8751852260255
401086,episodic_length,151.0
401241,episodic_return,340.23976046595266
401241,episodic_length,154.0
401396,episodic_return,330.78411759238315
401396,episodic_length,154.0
401408,value_loss,0.00635236781090498
401408,policy_loss,-0.0368262454867363
401408,approx_kl,23.507442474365234
401408,clipfrac,0.93759765625
401408,explained_variance,0.9799352549016476
401408,sps,568.0
401536,episodic_return,329.33346093376895
401536,episodic_length,139.0
401674,episodic_return,323.72210865205733
401674,episodic_length,137.0
401834,episodic_return,346.6100065717104
401834,episodic_length,159.0
401974,episodic_return,328.6970561175679
401974,episodic_length,139.0
402121,episodic_return,331.3703967599268
402121,episodic_length,146.0
402281,episodic_return,336.6734088131957
402281,episodic_length,159.0
402446,episodic_return,343.6603627811292
402446,episodic_length,164.0
402589,episodic_return,330.94249267466154
402589,episodic_length,142.0
402742,episodic_return,332.83406202637326
402742,episodic_length,152.0
402893,episodic_return,329.1759758586686
402893,episodic_length,150.0
403034,episodic_return,330.82547081642684
403034,episodic_length,140.0
403188,episodic_return,336.8755851551393
403188,episodic_length,153.0
403326,episodic_return,323.6940940705739
403326,episodic_length,137.0
403456,value_loss,0.01651184819638729
403456,policy_loss,-0.045327916741371155
403456,approx_kl,7.975233554840088
403456,clipfrac,0.925927734375
403456,explained_variance,0.9831860046833754
403456,sps,568.0
403471,episodic_return,332.79185969571574
403471,episodic_length,144.0
403608,episodic_return,317.5377264106337
403608,episodic_length,136.0
403759,episodic_return,330.5029891362003
403759,episodic_length,150.0
403899,episodic_return,329.9738789104009
403899,episodic_length,139.0
404040,episodic_return,328.52374553234654
404040,episodic_length,140.0
404178,episodic_return,323.5519954761857
404178,episodic_length,137.0
404325,episodic_return,334.50799837195495
404325,episodic_length,146.0
404468,episodic_return,326.6425433798121
404468,episodic_length,142.0
404610,episodic_return,329.4318697245864
404610,episodic_length,141.0
404748,episodic_return,325.53498285494703
404748,episodic_length,137.0
404888,episodic_return,324.03325032416063
404888,episodic_length,139.0
405029,episodic_return,334.4781082501933
405029,episodic_length,140.0
405192,episodic_return,343.43775198570216
405192,episodic_length,162.0
405331,episodic_return,327.4439407863972
405331,episodic_length,138.0
405475,episodic_return,328.62696392008223
405475,episodic_length,143.0
405504,value_loss,0.001135888509452343
405504,policy_loss,-0.08715734630823135
405504,approx_kl,36.491695404052734
405504,clipfrac,0.959033203125
405504,explained_variance,0.983771301805973
405504,sps,568.0
405616,episodic_return,331.2935955165867
405616,episodic_length,140.0
405752,episodic_return,322.635114066124
405752,episodic_length,135.0
405891,episodic_return,327.5856101312404
405891,episodic_length,138.0
406034,episodic_return,332.94734031607015
406034,episodic_length,142.0
406172,episodic_return,324.23496971431905
406172,episodic_length,137.0
406312,episodic_return,329.4737836221601
406312,episodic_length,139.0
406451,episodic_return,327.2853773044371
406451,episodic_length,138.0
406606,episodic_return,336.9311740495637
406606,episodic_length,154.0
406746,episodic_return,330.9373287552014
406746,episodic_length,139.0
406885,episodic_return,327.1244071766167
406885,episodic_length,138.0
407047,episodic_return,342.34569752237513
407047,episodic_length,161.0
407183,episodic_return,322.40812433857434
407183,episodic_length,135.0
407350,episodic_return,348.1007824067279
407350,episodic_length,166.0
407500,episodic_return,330.7715213933012
407500,episodic_length,149.0
407552,value_loss,0.015592727810144424
407552,policy_loss,-0.12039531767368317
407552,approx_kl,7.390979766845703
407552,clipfrac,0.927880859375
407552,explained_variance,0.9750850517302752
407552,sps,568.0
407640,episodic_return,329.0637700430713
407640,episodic_length,139.0
407785,episodic_return,335.0898558558769
407785,episodic_length,144.0
407923,episodic_return,327.8720342089314
407923,episodic_length,137.0
408064,episodic_return,325.41645260605384
408064,episodic_length,140.0
408207,episodic_return,326.004662054105
408207,episodic_length,142.0
408350,episodic_return,326.43500489416033
408350,episodic_length,142.0
408494,episodic_return,329.43444639199015
408494,episodic_length,143.0
408631,episodic_return,323.0574868737775
408631,episodic_length,136.0
408796,episodic_return,344.7791532839883
408796,episodic_length,164.0
408934,episodic_return,327.1730072919303
408934,episodic_length,137.0
409069,episodic_return,316.578330935244
409069,episodic_length,134.0
409206,episodic_return,327.3718904372989
409206,episodic_length,136.0
409358,episodic_return,332.0615144470999
409358,episodic_length,151.0
409497,episodic_return,321.013635195883
409497,episodic_length,138.0
409600,value_loss,0.000843611138407141
409600,policy_loss,-0.14974026381969452
409600,approx_kl,8.736084938049316
409600,clipfrac,0.930078125
409600,explained_variance,0.9808025322854519
409600,sps,568.0
409632,episodic_return,321.14350561336414
409632,episodic_length,134.0
409771,episodic_return,325.9792598281658
409771,episodic_length,138.0
409913,episodic_return,332.3356256754783
409913,episodic_length,141.0
410073,episodic_return,342.5757606350915
410073,episodic_length,159.0
410213,episodic_return,329.84029067404884
410213,episodic_length,139.0
410348,episodic_return,318.46143138184357
410348,episodic_length,134.0
410484,episodic_return,321.18572313978984
410484,episodic_length,135.0
410620,episodic_return,319.0878767709314
410620,episodic_length,135.0
410790,episodic_return,349.5558105424525
410790,episodic_length,169.0
410935,episodic_return,324.9309794851155
410935,episodic_length,144.0
411073,episodic_return,324.1113032616553
411073,episodic_length,137.0
411213,episodic_return,319.9303484068242
411213,episodic_length,139.0
411348,episodic_return,319.17507388696646
411348,episodic_length,134.0
411486,episodic_return,321.690417195377
411486,episodic_length,137.0
411624,episodic_return,322.2996997247767
411624,episodic_length,137.0
411648,value_loss,0.007970285601913929
411648,policy_loss,-0.10241739451885223
411648,approx_kl,16.619871139526367
411648,clipfrac,0.965234375
411648,explained_variance,0.9812947697937489
411648,sps,568.0
411760,episodic_return,311.8933751439902
411760,episodic_length,135.0
411905,episodic_return,325.8463963340568
411905,episodic_length,144.0
412043,episodic_return,328.211990038391
412043,episodic_length,137.0
412202,episodic_return,337.1794090498686
412202,episodic_length,158.0
412340,episodic_return,327.22170245489224
412340,episodic_length,137.0
412474,episodic_return,318.3325480076816
412474,episodic_length,133.0
412613,episodic_return,319.7691945205166
412613,episodic_length,138.0
412752,episodic_return,325.84664077109886
412752,episodic_length,138.0
412892,episodic_return,326.98655536270695
412892,episodic_length,139.0
413056,episodic_return,340.27579507137386
413056,episodic_length,163.0
413195,episodic_return,325.38792356182637
413195,episodic_length,138.0
413337,episodic_return,322.03953158692474
413337,episodic_length,141.0
413497,episodic_return,337.08334587583084
413497,episodic_length,159.0
413638,episodic_return,322.05762649018357
413638,episodic_length,140.0
413696,value_loss,0.001320861279964447
413696,policy_loss,-0.09092023968696594
413696,approx_kl,18.354310989379883
413696,clipfrac,0.957080078125
413696,explained_variance,0.9771603401750326
413696,sps,568.0
413797,episodic_return,338.9681504835187
413797,episodic_length,158.0
413938,episodic_return,323.5378874605596
413938,episodic_length,140.0
414071,episodic_return,316.773468288704
414071,episodic_length,132.0
414221,episodic_return,327.42161843838846
414221,episodic_length,149.0
414352,episodic_return,312.6588282796367
414352,episodic_length,130.0
414489,episodic_return,326.7580373865412
414489,episodic_length,136.0
414629,episodic_return,328.76812192301435
414629,episodic_length,139.0
414763,episodic_return,321.0360280431949
414763,episodic_length,133.0
414901,episodic_return,325.56754072003804
414901,episodic_length,137.0
415033,episodic_return,316.4644820769428
415033,episodic_length,131.0
415166,episodic_return,314.6792784985502
415166,episodic_length,132.0
415308,episodic_return,321.38579920008596
415308,episodic_length,141.0
415446,episodic_return,316.9920497593392
415446,episodic_length,137.0
415587,episodic_return,319.51544635700066
415587,episodic_length,140.0
415717,episodic_return,313.038695565806
415717,episodic_length,129.0
415744,value_loss,0.00031959795160219073
415744,policy_loss,-0.03863074257969856
415744,approx_kl,49.11558532714844
415744,clipfrac,0.96171875
415744,explained_variance,0.9812811277806759
415744,sps,568.0
415873,episodic_return,334.86765149778506
415873,episodic_length,155.0
416008,episodic_return,323.269367409042
416008,episodic_length,134.0
416146,episodic_return,321.43185196923474
416146,episodic_length,137.0
416286,episodic_return,317.86942957766274
416286,episodic_length,139.0
416425,episodic_return,321.1793810322191
416425,episodic_length,138.0
416563,episodic_return,313.2648485202258
416563,episodic_length,137.0
416696,episodic_return,314.38876867778185
416696,episodic_length,132.0
416829,episodic_return,319.52685368501517
416829,episodic_length,132.0
416962,episodic_return,317.7685148118766
416962,episodic_length,132.0
417093,episodic_return,313.264530478893
417093,episodic_length,130.0
417230,episodic_return,320.22407277574035
417230,episodic_length,136.0
417373,episodic_return,326.46886282694334
417373,episodic_length,142.0
417505,episodic_return,313.4546993787527
417505,episodic_length,131.0
417644,episodic_return,325.07756137578895
417644,episodic_length,138.0
417781,episodic_return,319.0628352096113
417781,episodic_length,136.0
417792,value_loss,0.0005160791915841401
417792,policy_loss,-0.015895139425992966
417792,approx_kl,40.866172790527344
417792,clipfrac,0.9724609375
417792,explained_variance,0.9783249720931053
417792,sps,568.0
417918,episodic_return,316.6066771856791
417918,episodic_length,136.0
418052,episodic_return,321.712704072612
418052,episodic_length,133.0
418183,episodic_return,311.9944297663063
418183,episodic_length,130.0
418318,episodic_return,320.99778282657553
418318,episodic_length,134.0
418453,episodic_return,315.44983919072564
418453,episodic_length,134.0
418589,episodic_return,320.10256392615446
418589,episodic_length,135.0
418727,episodic_return,321.2440024693838
418727,episodic_length,137.0
418885,episodic_return,336.0650926184204
418885,episodic_length,157.0
419030,episodic_return,322.00281383005006
419030,episodic_length,144.0
419167,episodic_return,318.6447273299069
419167,episodic_length,136.0
419302,episodic_return,320.79158850933385
419302,episodic_length,134.0
419441,episodic_return,323.3388897097233
419441,episodic_length,138.0
419574,episodic_return,315.1354881464628
419574,episodic_length,132.0
419713,episodic_return,326.84591319775586
419713,episodic_length,138.0
419840,value_loss,0.0002745489473454654
419840,policy_loss,-0.01906450465321541
419840,approx_kl,32.828392028808594
419840,clipfrac,0.958447265625
419840,explained_variance,0.9810970779508352
419840,sps,568.0
419847,episodic_return,319.45108845243635
419847,episodic_length,133.0
419978,episodic_return,312.51205708507
419978,episodic_length,130.0
420117,episodic_return,321.02816535771643
420117,episodic_length,138.0
420253,episodic_return,317.3748806960468
420253,episodic_length,135.0
420387,episodic_return,317.0043422098248
420387,episodic_length,133.0
420523,episodic_return,323.24234270496163
420523,episodic_length,135.0
420659,episodic_return,318.9050551277258
420659,episodic_length,135.0
420795,episodic_return,319.3347941493767
420795,episodic_length,135.0
420931,episodic_return,318.46363613886535
420931,episodic_length,135.0
421066,episodic_return,321.2317600198836
421066,episodic_length,134.0
421201,episodic_return,321.3651368772893
421201,episodic_length,134.0
421333,episodic_return,320.88367897351463
421333,episodic_length,131.0
421472,episodic_return,324.62738505156716
421472,episodic_length,138.0
421607,episodic_return,318.76415814739426
421607,episodic_length,134.0
421750,episodic_return,323.7002972953632
421750,episodic_length,142.0
421883,episodic_return,318.6818378378581
421883,episodic_length,132.0
421888,value_loss,0.0007347837090492249
421888,policy_loss,-0.012233071029186249
421888,approx_kl,43.76618957519531
421888,clipfrac,0.95263671875
421888,explained_variance,0.9767432864755392
421888,sps,568.0
422020,episodic_return,326.14523100274437
422020,episodic_length,136.0
422156,episodic_return,319.34617161901167
422156,episodic_length,135.0
422296,episodic_return,322.94452553036274
422296,episodic_length,139.0
422437,episodic_return,323.1882462751437
422437,episodic_length,140.0
422571,episodic_return,318.50330895779007
422571,episodic_length,133.0
422716,episodic_return,329.43821436662773
422716,episodic_length,144.0
422848,episodic_return,320.0961276933133
422848,episodic_length,131.0
422983,episodic_return,317.97243506209526
422983,episodic_length,134.0
423117,episodic_return,317.0528827684565
423117,episodic_length,133.0
423257,episodic_return,329.6565141691364
423257,episodic_length,139.0
423392,episodic_return,321.2685222941281
423392,episodic_length,134.0
423532,episodic_return,322.04869900230284
423532,episodic_length,139.0
423665,episodic_return,315.1885806638406
423665,episodic_length,132.0
423798,episodic_return,320.31530626756916
423798,episodic_length,132.0
423936,value_loss,0.0013111798325553536
423936,policy_loss,0.03166329860687256
423936,approx_kl,57.89509582519531
423936,clipfrac,0.964501953125
423936,explained_variance,0.9705610331147909
423936,sps,568.0
423937,episodic_return,325.56235005359173
423937,episodic_length,138.0
424077,episodic_return,321.43321948360796
424077,episodic_length,139.0
424212,episodic_return,317.36534070436113
424212,episodic_length,134.0
424354,episodic_return,327.06519606042076
424354,episodic_length,141.0
424491,episodic_return,321.62816705604314
424491,episodic_length,136.0
424643,episodic_return,330.75830740777684
424643,episodic_length,151.0
424778,episodic_return,318.0955207894155
424778,episodic_length,134.0
424920,episodic_return,326.0034175638351
424920,episodic_length,141.0
425052,episodic_return,317.68942949148214
425052,episodic_length,131.0
425188,episodic_return,318.4771266295867
425188,episodic_length,135.0
425325,episodic_return,323.0108964896269
425325,episodic_length,136.0
425466,episodic_return,321.81238304191334
425466,episodic_length,140.0
425599,episodic_return,316.13388820789623
425599,episodic_length,132.0
425734,episodic_return,319.29589639911546
425734,episodic_length,134.0
425874,episodic_return,326.96804907269615
425874,episodic_length,139.0
425984,value_loss,0.00020444218534976244
425984,policy_loss,-0.04025717079639435
425984,approx_kl,3.938408374786377
425984,clipfrac,0.887548828125
425984,explained_variance,0.972351623699069
425984,sps,568.0
426020,episodic_return,320.4428901184875
426020,episodic_length,145.0
426168,episodic_return,329.23200403396737
426168,episodic_length,147.0
426310,episodic_return,322.05755207388415
426310,episodic_length,141.0
426449,episodic_return,323.04108500710447
426449,episodic_length,138.0
426618,episodic_return,351.43185297365716
426618,episodic_length,168.0
426768,episodic_return,332.7250906180876
426768,episodic_length,149.0
426913,episodic_return,325.6896659551033
426913,episodic_length,144.0
427067,episodic_return,340.00976294738444
427067,episodic_length,153.0
427211,episodic_return,325.0990019169139
427211,episodic_length,143.0
427346,episodic_return,325.530234148209
427346,episodic_length,134.0
427487,episodic_return,332.15593665259644
427487,episodic_length,140.0
427622,episodic_return,318.0015202508893
427622,episodic_length,134.0
427774,episodic_return,330.70106066120036
427774,episodic_length,151.0
427914,episodic_return,324.37835221929816
427914,episodic_length,139.0
428032,value_loss,0.018072843551635742
428032,policy_loss,-0.01373599749058485
428032,approx_kl,14.812885284423828
428032,clipfrac,0.95380859375
428032,explained_variance,0.9735158365219831
428032,sps,568.0
428065,episodic_return,334.7135970311288
428065,episodic_length,150.0
428203,episodic_return,325.1462651597682
428203,episodic_length,137.0
428340,episodic_return,323.6433912751053
428340,episodic_length,136.0
428485,episodic_return,328.16490396065757
428485,episodic_length,144.0
428629,episodic_return,327.9191094610601
428629,episodic_length,143.0
428773,episodic_return,331.5554032184784
428773,episodic_length,143.0
428913,episodic_return,324.703390912609
428913,episodic_length,139.0
429077,episodic_return,344.4423062369693
429077,episodic_length,163.0
429218,episodic_return,326.16378017813247
429218,episodic_length,140.0
429367,episodic_return,330.7249440041765
429367,episodic_length,148.0
429509,episodic_return,329.745773376346
429509,episodic_length,141.0
429654,episodic_return,331.0598343344878
429654,episodic_length,144.0
429795,episodic_return,328.4431178432057
429795,episodic_length,140.0
429937,episodic_return,331.97738148604674
429937,episodic_length,141.0
430072,episodic_return,313.95906075694467
430072,episodic_length,134.0
430080,value_loss,0.00020435501937754452
430080,policy_loss,-0.43910324573516846
430080,approx_kl,9.543088912963867
430080,clipfrac,0.930908203125
430080,explained_variance,0.9755483046174049
430080,sps,568.0
430230,episodic_return,338.92009684509213
430230,episodic_length,157.0
430370,episodic_return,327.07517455735854
430370,episodic_length,139.0
430510,episodic_return,328.74625957635953
430510,episodic_length,139.0
430663,episodic_return,332.8110238163551
430663,episodic_length,152.0
430803,episodic_return,324.7510077393249
430803,episodic_length,139.0
430941,episodic_return,327.1691812261614
430941,episodic_length,137.0
431089,episodic_return,330.864160517977
431089,episodic_length,147.0
431240,episodic_return,330.7282296194342
431240,episodic_length,150.0
431381,episodic_return,324.77915983000753
431381,episodic_length,140.0
431526,episodic_return,327.5065712899118
431526,episodic_length,144.0
431671,episodic_return,326.37165261327704
431671,episodic_length,144.0
431812,episodic_return,324.03863597435645
431812,episodic_length,140.0
431953,episodic_return,325.76504394504184
431953,episodic_length,140.0
432101,episodic_return,331.63295456915506
432101,episodic_length,147.0
432128,value_loss,0.015455695800483227
432128,policy_loss,-0.05658407881855965
432128,approx_kl,7.126366138458252
432128,clipfrac,0.939208984375
432128,explained_variance,0.9765793718397617
432128,sps,568.0
432261,episodic_return,337.9235329800466
432261,episodic_length,159.0
432403,episodic_return,323.3331670521325
432403,episodic_length,141.0
432540,episodic_return,320.90551941331404
432540,episodic_length,136.0
432683,episodic_return,322.6199447672938
432683,episodic_length,142.0
432825,episodic_return,331.6524943721615
432825,episodic_length,141.0
432963,episodic_return,316.86809787504154
432963,episodic_length,137.0
433099,episodic_return,321.7579328647461
433099,episodic_length,135.0
433260,episodic_return,340.3951903756206
433260,episodic_length,160.0
433405,episodic_return,330.02134921900176
433405,episodic_length,144.0
433557,episodic_return,335.14359944416395
433557,episodic_length,151.0
433703,episodic_return,324.94966535587304
433703,episodic_length,145.0
433842,episodic_return,323.959962775893
433842,episodic_length,138.0
433988,episodic_return,324.3079733209566
433988,episodic_length,145.0
434125,episodic_return,324.09522380909834
434125,episodic_length,136.0
434176,value_loss,0.009263531304895878
434176,policy_loss,-0.0021885379683226347
434176,approx_kl,16.820594787597656
434176,clipfrac,0.943359375
434176,explained_variance,0.9783072657883167
434176,sps,568.0
434272,episodic_return,319.83456088071046
434272,episodic_length,146.0
434412,episodic_return,320.96643899297067
434412,episodic_length,139.0
434568,episodic_return,335.483951755716
434568,episodic_length,155.0
434713,episodic_return,330.15025406428845
434713,episodic_length,144.0
434858,episodic_return,328.16855202765385
434858,episodic_length,144.0
435006,episodic_return,327.18208561689954
435006,episodic_length,147.0
435155,episodic_return,329.13305953260107
435155,episodic_length,148.0
435291,episodic_return,318.3101270221873
435291,episodic_length,135.0
435433,episodic_return,329.73426601653784
435433,episodic_length,141.0
435568,episodic_return,317.75405018869634
435568,episodic_length,134.0
435703,episodic_return,313.47492201748753
435703,episodic_length,134.0
435846,episodic_return,327.02107538827073
435846,episodic_length,142.0
435983,episodic_return,322.4945811032145
435983,episodic_length,136.0
436130,episodic_return,327.6625636329223
436130,episodic_length,146.0
436224,value_loss,0.00046471584937535226
436224,policy_loss,-0.13326862454414368
436224,approx_kl,20.921159744262695
436224,clipfrac,0.948486328125
436224,explained_variance,0.9748864937573671
436224,sps,568.0
436280,episodic_return,333.0313387073661
436280,episodic_length,149.0
436420,episodic_return,322.51753866987235
436420,episodic_length,139.0
436554,episodic_return,321.3339455050268
436554,episodic_length,133.0
436687,episodic_return,315.09505363359176
436687,episodic_length,132.0
436821,episodic_return,323.9018219764104
436821,episodic_length,133.0
436959,episodic_return,325.70719226308483
436959,episodic_length,137.0
437094,episodic_return,316.58253278257325
437094,episodic_length,134.0
437230,episodic_return,316.4025690693101
437230,episodic_length,135.0
437367,episodic_return,322.385770100889
437367,episodic_length,136.0
437503,episodic_return,317.46206855855127
437503,episodic_length,135.0
437645,episodic_return,325.3416680317485
437645,episodic_length,141.0
437785,episodic_return,321.5585283990718
437785,episodic_length,139.0
437920,episodic_return,311.2505741797985
437920,episodic_length,134.0
438057,episodic_return,324.5080098318618
438057,episodic_length,136.0
438194,episodic_return,319.81599026967257
438194,episodic_length,136.0
438272,value_loss,0.0029217596165835857
438272,policy_loss,-0.135643869638443
438272,approx_kl,10.87868595123291
438272,clipfrac,0.952880859375
438272,explained_variance,0.9748358242213726
438272,sps,568.0
438331,episodic_return,315.4074994568637
438331,episodic_length,136.0
438466,episodic_return,315.4609700855845
438466,episodic_length,134.0
438605,episodic_return,318.05082727443494
438605,episodic_length,138.0
438743,episodic_return,321.4169184906724
438743,episodic_length,137.0
438885,episodic_return,320.07613074476114
438885,episodic_length,141.0
439020,episodic_return,323.9388727610262
439020,episodic_length,134.0
439160,episodic_return,325.2285348149683
439160,episodic_length,139.0
439309,episodic_return,320.72756743899293
439309,episodic_length,148.0
439458,episodic_return,327.596029030285
439458,episodic_length,148.0
439593,episodic_return,316.20585079690574
439593,episodic_length,134.0
439731,episodic_return,328.63220725679366
439731,episodic_length,137.0
439877,episodic_return,325.6727457973223
439877,episodic_length,145.0
440013,episodic_return,317.36030585815473
440013,episodic_length,135.0
440149,episodic_return,318.84921769109565
440149,episodic_length,135.0
440299,episodic_return,323.70319229022147
440299,episodic_length,149.0
440320,value_loss,0.01228659600019455
440320,policy_loss,-0.03673525154590607
440320,approx_kl,30.239574432373047
440320,clipfrac,0.943603515625
440320,explained_variance,0.9743923731148243
440320,sps,568.0
440438,episodic_return,320.8771192705597
440438,episodic_length,138.0
440579,episodic_return,328.89761557807117
440579,episodic_length,140.0
440717,episodic_return,320.4248601258618
440717,episodic_length,137.0
440852,episodic_return,315.5518911385212
440852,episodic_length,134.0
440990,episodic_return,322.37789796345425
440990,episodic_length,137.0
441129,episodic_return,319.8919071974831
441129,episodic_length,138.0
441267,episodic_return,316.7601012677015
441267,episodic_length,137.0
441409,episodic_return,321.8098876476068
441409,episodic_length,141.0
441547,episodic_return,320.16871615522035
441547,episodic_length,137.0
441686,episodic_return,315.6694714285387
441686,episodic_length,138.0
441822,episodic_return,316.3817023331709
441822,episodic_length,135.0
441955,episodic_return,322.5971191167921
441955,episodic_length,132.0
442093,episodic_return,325.0338500609785
442093,episodic_length,137.0
442238,episodic_return,320.2343245679927
442238,episodic_length,144.0
442368,value_loss,0.008245246484875679
442368,policy_loss,-0.08097713440656662
442368,approx_kl,34.99837112426758
442368,clipfrac,0.969580078125
442368,explained_variance,0.9808384887874126
442368,sps,568.0
442378,episodic_return,323.7021532940889
442378,episodic_length,139.0
442517,episodic_return,317.66678541566955
442517,episodic_length,138.0
442652,episodic_return,317.28567374845255
442652,episodic_length,134.0
442796,episodic_return,321.1968685142549
442796,episodic_length,143.0
442931,episodic_return,319.08264587971405
442931,episodic_length,134.0
443079,episodic_return,324.71417286663115
443079,episodic_length,147.0
443213,episodic_return,316.03113018416406
443213,episodic_length,133.0
443348,episodic_return,320.4418209307381
443348,episodic_length,134.0
443481,episodic_return,307.9737859271889
443481,episodic_length,132.0
443620,episodic_return,326.2944943052605
443620,episodic_length,138.0
443759,episodic_return,319.5648030548411
443759,episodic_length,138.0
443894,episodic_return,314.4623035379452
443894,episodic_length,134.0
444033,episodic_return,318.4111928891338
444033,episodic_length,138.0
444167,episodic_return,319.50443466861543
444167,episodic_length,133.0
444302,episodic_return,318.500122372442
444302,episodic_length,134.0
444416,value_loss,0.0005359913338907063
444416,policy_loss,-0.014927089214324951
444416,approx_kl,15.339649200439453
444416,clipfrac,0.942724609375
444416,explained_variance,0.9743991307914257
444416,sps,568.0
444439,episodic_return,318.00801989979817
444439,episodic_length,136.0
444573,episodic_return,313.3526485323825
444573,episodic_length,133.0
444709,episodic_return,321.25567395255376
444709,episodic_length,135.0
444843,episodic_return,319.84727508881997
444843,episodic_length,133.0
444974,episodic_return,312.6664465523785
444974,episodic_length,130.0
445110,episodic_return,319.031671768986
445110,episodic_length,135.0
445243,episodic_return,315.50976309079397
445243,episodic_length,132.0
445379,episodic_return,324.4104887396547
445379,episodic_length,135.0
445513,episodic_return,313.32964757025155
445513,episodic_length,133.0
445649,episodic_return,311.3904093462301
445649,episodic_length,135.0
445782,episodic_return,316.95142017247014
445782,episodic_length,132.0
445922,episodic_return,316.9576522541809
445922,episodic_length,139.0
446058,episodic_return,314.587888745698
446058,episodic_length,135.0
446193,episodic_return,321.0473551976197
446193,episodic_length,134.0
446324,episodic_return,310.6666307941137
446324,episodic_length,130.0
446459,episodic_return,325.39981885818827
446459,episodic_length,134.0
446464,value_loss,0.0003530185203999281
446464,policy_loss,-0.013803746551275253
446464,approx_kl,17.794479370117188
446464,clipfrac,0.96494140625
446464,explained_variance,0.9783716090023518
446464,sps,568.0
446591,episodic_return,311.60466088690094
446591,episodic_length,131.0
446723,episodic_return,311.5958390283966
446723,episodic_length,131.0
446856,episodic_return,311.73430991659257
446856,episodic_length,132.0
446992,episodic_return,320.0038078430847
446992,episodic_length,135.0
447127,episodic_return,317.2033872088835
447127,episodic_length,134.0
447262,episodic_return,324.8285995843291
447262,episodic_length,134.0
447392,episodic_return,310.15545580804024
447392,episodic_length,129.0
447526,episodic_return,315.34402214495697
447526,episodic_length,133.0
447661,episodic_return,318.11537408514806
447661,episodic_length,134.0
447795,episodic_return,317.4869933122808
447795,episodic_length,133.0
447928,episodic_return,311.46024989850736
447928,episodic_length,132.0
448066,episodic_return,317.09563239288246
448066,episodic_length,137.0
448199,episodic_return,313.8418225876216
448199,episodic_length,132.0
448339,episodic_return,317.4861832375658
448339,episodic_length,139.0
448476,episodic_return,322.828820148319
448476,episodic_length,136.0
448512,value_loss,0.01699134148657322
448512,policy_loss,-0.041324447840452194
448512,approx_kl,12.281206130981445
448512,clipfrac,0.933203125
448512,explained_variance,0.9797912407666445
448512,sps,569.0
448625,episodic_return,328.17147957824955
448625,episodic_length,148.0
448772,episodic_return,320.9268280922799
448772,episodic_length,146.0
448906,episodic_return,314.8565950946943
448906,episodic_length,133.0
449039,episodic_return,316.13883265984776
449039,episodic_length,132.0
449169,episodic_return,307.9158261418242
449169,episodic_length,129.0
449302,episodic_return,314.06438399290175
449302,episodic_length,132.0
449442,episodic_return,317.58457709658114
449442,episodic_length,139.0
449578,episodic_return,311.27401788826063
449578,episodic_length,135.0
449714,episodic_return,312.6083388319693
449714,episodic_length,135.0
449848,episodic_return,315.60463032600455
449848,episodic_length,133.0
449982,episodic_return,317.014077322061
449982,episodic_length,133.0
450116,episodic_return,313.42061241999005
450116,episodic_length,133.0
450251,episodic_return,317.35725634732466
450251,episodic_length,134.0
450386,episodic_return,318.05728218756735
450386,episodic_length,134.0
450524,episodic_return,326.60935722958345
450524,episodic_length,137.0
450560,value_loss,0.008216970600187778
450560,policy_loss,0.011683939024806023
450560,approx_kl,22.806713104248047
450560,clipfrac,0.96123046875
450560,explained_variance,0.9779313653707504
450560,sps,569.0
450654,episodic_return,314.1585048301621
450654,episodic_length,129.0
450781,episodic_return,308.70390633014654
450781,episodic_length,126.0
450909,episodic_return,303.86307444437733
450909,episodic_length,127.0
451041,episodic_return,314.09425430613055
451041,episodic_length,131.0
451170,episodic_return,307.7011318817856
451170,episodic_length,128.0
451302,episodic_return,307.26334519321153
451302,episodic_length,131.0
451433,episodic_return,309.65296880531884
451433,episodic_length,130.0
451563,episodic_return,307.80693531227803
451563,episodic_length,129.0
451693,episodic_return,311.3813684876005
451693,episodic_length,129.0
451825,episodic_return,311.0521851701109
451825,episodic_length,131.0
451958,episodic_return,319.052194731755
451958,episodic_length,132.0
452090,episodic_return,312.90065054158794
452090,episodic_length,131.0
452217,episodic_return,304.9907075965597
452217,episodic_length,126.0
452346,episodic_return,306.0068524858316
452346,episodic_length,128.0
452475,episodic_return,310.6502170492245
452475,episodic_length,128.0
452605,episodic_return,306.0941104446139
452605,episodic_length,129.0
452608,value_loss,0.0008512293570674956
452608,policy_loss,-0.07259635627269745
452608,approx_kl,68.4818344116211
452608,clipfrac,0.96923828125
452608,explained_variance,0.9583100415766239
452608,sps,569.0
452735,episodic_return,302.2941033515473
452735,episodic_length,129.0
452862,episodic_return,303.19531391629386
452862,episodic_length,126.0
452990,episodic_return,301.8453793839235
452990,episodic_length,127.0
453120,episodic_return,314.22206351530315
453120,episodic_length,129.0
453253,episodic_return,310.5572305968804
453253,episodic_length,132.0
453383,episodic_return,297.5391388415752
453383,episodic_length,129.0
453514,episodic_return,305.0857070892845
453514,episodic_length,130.0
453644,episodic_return,304.94606633984534
453644,episodic_length,129.0
453768,episodic_return,295.9908985738694
453768,episodic_length,123.0
453898,episodic_return,303.0815969668814
453898,episodic_length,129.0
454027,episodic_return,307.2536452311195
454027,episodic_length,128.0
454159,episodic_return,320.0068702868473
454159,episodic_length,131.0
454288,episodic_return,304.7257763134594
454288,episodic_length,128.0
454417,episodic_return,308.0770558543311
454417,episodic_length,128.0
454548,episodic_return,309.9906648650881
454548,episodic_length,130.0
454656,value_loss,0.00034367016633041203
454656,policy_loss,0.0005158069543540478
454656,approx_kl,28.51854133605957
454656,clipfrac,0.966943359375
454656,explained_variance,0.9705183506011963
454656,sps,569.0
454678,episodic_return,313.9160895463414
454678,episodic_length,129.0
454804,episodic_return,302.1700155513806
454804,episodic_length,125.0
454930,episodic_return,298.34726009441846
454930,episodic_length,125.0
455053,episodic_return,296.778519561552
455053,episodic_length,122.0
455182,episodic_return,304.77449386625733
455182,episodic_length,128.0
455306,episodic_return,297.59299557840285
455306,episodic_length,123.0
455434,episodic_return,307.5807509254631
455434,episodic_length,127.0
455560,episodic_return,307.78743004011915
455560,episodic_length,125.0
455688,episodic_return,301.511193116419
455688,episodic_length,127.0
455815,episodic_return,303.7483089756865
455815,episodic_length,126.0
455942,episodic_return,304.2724929751347
455942,episodic_length,126.0
456074,episodic_return,309.231820955678
456074,episodic_length,131.0
456205,episodic_return,313.0815522227473
456205,episodic_length,130.0
456331,episodic_return,297.3234585739566
456331,episodic_length,125.0
456458,episodic_return,305.1399485556039
456458,episodic_length,126.0
456586,episodic_return,306.4673779402251
456586,episodic_length,127.0
456704,value_loss,0.0029520171228796244
456704,policy_loss,-0.6465892195701599
456704,approx_kl,19.074481964111328
456704,clipfrac,0.93994140625
456704,explained_variance,0.9783946610987186
456704,sps,569.0
456715,episodic_return,308.99616587732226
456715,episodic_length,128.0
456844,episodic_return,306.3268275071305
456844,episodic_length,128.0
456971,episodic_return,306.43364681777507
456971,episodic_length,126.0
457100,episodic_return,307.5236434135728
457100,episodic_length,128.0
457229,episodic_return,310.59928169039006
457229,episodic_length,128.0
457356,episodic_return,304.5727735676361
457356,episodic_length,126.0
457483,episodic_return,304.92027447771784
457483,episodic_length,126.0
457610,episodic_return,305.248934810353
457610,episodic_length,126.0
457739,episodic_return,311.13780910982996
457739,episodic_length,128.0
457862,episodic_return,296.40213624879357
457862,episodic_length,122.0
457989,episodic_return,302.5867977313294
457989,episodic_length,126.0
458119,episodic_return,308.5602170989829
458119,episodic_length,129.0
458250,episodic_return,303.00268979112906
458250,episodic_length,130.0
458377,episodic_return,303.05312608617686
458377,episodic_length,126.0
458507,episodic_return,308.34307307579957
458507,episodic_length,129.0
458631,episodic_return,292.39407894940456
458631,episodic_length,123.0
458752,value_loss,0.0018920446746051311
458752,policy_loss,-0.019572729244828224
458752,approx_kl,28.190006256103516
458752,clipfrac,0.960498046875
458752,explained_variance,0.97668800316751
458752,sps,568.0
458758,episodic_return,302.1788017911303
458758,episodic_length,126.0
458884,episodic_return,303.0592756085349
458884,episodic_length,125.0
459009,episodic_return,300.7975560369521
459009,episodic_length,124.0
459133,episodic_return,302.80906279722535
459133,episodic_length,123.0
459258,episodic_return,301.06326387745105
459258,episodic_length,124.0
459384,episodic_return,299.5629731764613
459384,episodic_length,125.0
459511,episodic_return,306.3984080694619
459511,episodic_length,126.0
459637,episodic_return,303.55767327012165
459637,episodic_length,125.0
459761,episodic_return,299.72559025967496
459761,episodic_length,123.0
459889,episodic_return,307.8805785060672
459889,episodic_length,127.0
460019,episodic_return,307.70261484660233
460019,episodic_length,129.0
460143,episodic_return,299.00835827372697
460143,episodic_length,123.0
460269,episodic_return,300.30013990197995
460269,episodic_length,125.0
460395,episodic_return,302.73720398772053
460395,episodic_length,125.0
460519,episodic_return,298.6883332651063
460519,episodic_length,123.0
460644,episodic_return,301.7810804189108
460644,episodic_length,124.0
460772,episodic_return,306.6576136727344
460772,episodic_length,127.0
460800,value_loss,0.0029485723935067654
460800,policy_loss,-0.0924820601940155
460800,approx_kl,12.109949111938477
460800,clipfrac,0.923095703125
460800,explained_variance,0.9676081500947475
460800,sps,568.0
460898,episodic_return,304.74872204672613
460898,episodic_length,125.0
461022,episodic_return,292.53637001919384
461022,episodic_length,123.0
461151,episodic_return,308.4471905075195
461151,episodic_length,128.0
461276,episodic_return,298.71867074845136
461276,episodic_length,124.0
461403,episodic_return,304.8188211848984
461403,episodic_length,126.0
461531,episodic_return,309.1657484449147
461531,episodic_length,127.0
461658,episodic_return,304.8971878206795
461658,episodic_length,126.0
461788,episodic_return,310.4695187180425
461788,episodic_length,129.0
461912,episodic_return,299.80250904369785
461912,episodic_length,123.0
462039,episodic_return,306.1967816904966
462039,episodic_length,126.0
462166,episodic_return,305.2584124279206
462166,episodic_length,126.0
462294,episodic_return,304.4566691764779
462294,episodic_length,127.0
462422,episodic_return,307.7910912043104
462422,episodic_length,127.0
462549,episodic_return,303.7583214023738
462549,episodic_length,126.0
462677,episodic_return,304.81243944120655
462677,episodic_length,127.0
462803,episodic_return,302.1795962999725
462803,episodic_length,125.0
462848,value_loss,0.01684870757162571
462848,policy_loss,0.013644264079630375
462848,approx_kl,47.431549072265625
462848,clipfrac,0.944970703125
462848,explained_variance,0.9738218169659376
462848,sps,568.0
462928,episodic_return,301.88490483543694
462928,episodic_length,124.0
463050,episodic_return,294.8812573687574
463050,episodic_length,121.0
463177,episodic_return,307.94715560591993
463177,episodic_length,126.0
463305,episodic_return,310.20071282816616
463305,episodic_length,127.0
463430,episodic_return,303.6728980421288
463430,episodic_length,124.0
463559,episodic_return,310.65327408142196
463559,episodic_length,128.0
463682,episodic_return,299.62656536631556
463682,episodic_length,122.0
463805,episodic_return,293.2083884704081
463805,episodic_length,122.0
463931,episodic_return,303.04873719774264
463931,episodic_length,125.0
464057,episodic_return,300.30758454440354
464057,episodic_length,125.0
464185,episodic_return,308.0579036341391
464185,episodic_length,127.0
464313,episodic_return,305.41896452248886
464313,episodic_length,127.0
464441,episodic_return,306.2533509886949
464441,episodic_length,127.0
464568,episodic_return,307.5778396594367
464568,episodic_length,126.0
464695,episodic_return,305.55505568818165
464695,episodic_length,126.0
464826,episodic_return,314.9003247425774
464826,episodic_length,130.0
464896,value_loss,0.008918305858969688
464896,policy_loss,-0.05525999143719673
464896,approx_kl,15.627317428588867
464896,clipfrac,0.962548828125
464896,explained_variance,0.9773805122822523
464896,sps,569.0
464951,episodic_return,307.5636129770529
464951,episodic_length,124.0
465082,episodic_return,310.9271006609491
465082,episodic_length,130.0
465212,episodic_return,315.69936123276636
465212,episodic_length,129.0
465342,episodic_return,314.2219610322097
465342,episodic_length,129.0
465469,episodic_return,303.2701934891876
465469,episodic_length,126.0
465595,episodic_return,301.94319426115
465595,episodic_length,125.0
465723,episodic_return,306.14796337312197
465723,episodic_length,127.0
465853,episodic_return,312.7441275679941
465853,episodic_length,129.0
465983,episodic_return,311.73562688282965
465983,episodic_length,129.0
466108,episodic_return,302.4500070529582
466108,episodic_length,124.0
466238,episodic_return,313.34710288605635
466238,episodic_length,129.0
466367,episodic_return,309.68589290292
466367,episodic_length,128.0
466495,episodic_return,310.4478981937529
466495,episodic_length,127.0
466621,episodic_return,305.3167133913175
466621,episodic_length,125.0
466745,episodic_return,300.2950915603036
466745,episodic_length,123.0
466872,episodic_return,306.91273776466466
466872,episodic_length,126.0
466944,value_loss,0.0007823305786587298
466944,policy_loss,0.041540663689374924
466944,approx_kl,10.10116195678711
466944,clipfrac,0.928076171875
466944,explained_variance,0.965917345136404
466944,sps,569.0
467001,episodic_return,310.5684668474201
467001,episodic_length,128.0
467131,episodic_return,312.06979520909533
467131,episodic_length,129.0
467259,episodic_return,309.05416622031305
467259,episodic_length,127.0
467388,episodic_return,303.55523531719797
467388,episodic_length,128.0
467515,episodic_return,310.52082944605144
467515,episodic_length,126.0
467645,episodic_return,312.42071779839927
467645,episodic_length,129.0
467775,episodic_return,311.10687079901606
467775,episodic_length,129.0
467902,episodic_return,302.9386891274866
467902,episodic_length,126.0
468031,episodic_return,311.76990202417477
468031,episodic_length,128.0
468159,episodic_return,307.58697918437775
468159,episodic_length,127.0
468288,episodic_return,311.69646086738265
468288,episodic_length,128.0
468418,episodic_return,311.14087539749966
468418,episodic_length,129.0
468546,episodic_return,305.83280616166536
468546,episodic_length,127.0
468673,episodic_return,308.92338486327935
468673,episodic_length,126.0
468805,episodic_return,314.9732304019899
468805,episodic_length,131.0
468934,episodic_return,311.50116428443835
468934,episodic_length,128.0
468992,value_loss,0.03494784235954285
468992,policy_loss,-0.00016416236758232117
468992,approx_kl,11.943795204162598
468992,clipfrac,0.922021484375
468992,explained_variance,0.9690060690045357
468992,sps,569.0
469064,episodic_return,312.40708691213933
469064,episodic_length,129.0
469192,episodic_return,307.0645575268929
469192,episodic_length,127.0
469318,episodic_return,301.53761173303224
469318,episodic_length,125.0
469447,episodic_return,310.55429645998055
469447,episodic_length,128.0
469578,episodic_return,314.5836268868858
469578,episodic_length,130.0
469706,episodic_return,311.78652854952264
469706,episodic_length,127.0
469832,episodic_return,303.3649481552959
469832,episodic_length,125.0
469959,episodic_return,300.73761497129743
469959,episodic_length,126.0
470087,episodic_return,307.4762900453419
470087,episodic_length,127.0
470213,episodic_return,306.8443096509416
470213,episodic_length,125.0
470340,episodic_return,306.83054123920334
470340,episodic_length,126.0
470469,episodic_return,312.20601463777473
470469,episodic_length,128.0
470597,episodic_return,304.73786423915595
470597,episodic_length,127.0
470724,episodic_return,307.94274550633895
470724,episodic_length,126.0
470849,episodic_return,304.7494647685997
470849,episodic_length,124.0
470977,episodic_return,308.6682706535463
470977,episodic_length,127.0
471040,value_loss,0.01614946499466896
471040,policy_loss,-0.08909769356250763
471040,approx_kl,6.1175947189331055
471040,clipfrac,0.914794921875
471040,explained_variance,0.9706546869128942
471040,sps,569.0
471103,episodic_return,305.02729880906753
471103,episodic_length,125.0
471230,episodic_return,305.3422915595053
471230,episodic_length,126.0
471358,episodic_return,303.59373149670404
471358,episodic_length,127.0
471486,episodic_return,304.754183386776
471486,episodic_length,127.0
471616,episodic_return,311.41087175598426
471616,episodic_length,129.0
471746,episodic_return,309.29806401187875
471746,episodic_length,129.0
471873,episodic_return,305.85443397703915
471873,episodic_length,126.0
471999,episodic_return,303.1796207622065
471999,episodic_length,125.0
472129,episodic_return,307.9489715045333
472129,episodic_length,129.0
472259,episodic_return,311.0183738184262
472259,episodic_length,129.0
472386,episodic_return,305.94267237651275
472386,episodic_length,126.0
472516,episodic_return,307.9162860888957
472516,episodic_length,129.0
472642,episodic_return,301.365676635024
472642,episodic_length,125.0
472775,episodic_return,312.17333360332583
472775,episodic_length,132.0
472901,episodic_return,301.95403739755693
472901,episodic_length,125.0
473028,episodic_return,306.23794448049887
473028,episodic_length,126.0
473088,value_loss,0.00016266282182186842
473088,policy_loss,-0.026715321466326714
473088,approx_kl,12.307437896728516
473088,clipfrac,0.9357421875
473088,explained_variance,0.9728231187909842
473088,sps,569.0
473162,episodic_return,317.9692167069166
473162,episodic_length,133.0
473292,episodic_return,311.203783982861
473292,episodic_length,129.0
473420,episodic_return,304.2044232796544
473420,episodic_length,127.0
473550,episodic_return,307.45850986091943
473550,episodic_length,129.0
473681,episodic_return,317.00334588958265
473681,episodic_length,130.0
473813,episodic_return,312.4258314365536
473813,episodic_length,131.0
473941,episodic_return,309.0138430575886
473941,episodic_length,127.0
474072,episodic_return,316.5421876061916
474072,episodic_length,130.0
474199,episodic_return,309.47068585756114
474199,episodic_length,126.0
474328,episodic_return,308.78863238256776
474328,episodic_length,128.0
474457,episodic_return,306.9657508808163
474457,episodic_length,128.0
474587,episodic_return,309.75163636370513
474587,episodic_length,129.0
474720,episodic_return,318.3508927096581
474720,episodic_length,132.0
474849,episodic_return,308.0732161068318
474849,episodic_length,128.0
474977,episodic_return,307.58649021128605
474977,episodic_length,127.0
475105,episodic_return,309.0184825431165
475105,episodic_length,127.0
475136,value_loss,0.021143190562725067
475136,policy_loss,-0.021294401958584785
475136,approx_kl,19.523509979248047
475136,clipfrac,0.960888671875
475136,explained_variance,0.976444024592638
475136,sps,569.0
475235,episodic_return,314.62522478704216
475235,episodic_length,129.0
475368,episodic_return,320.248429533328
475368,episodic_length,132.0
475499,episodic_return,318.11509146129197
475499,episodic_length,130.0
475628,episodic_return,311.76045661265755
475628,episodic_length,128.0
475759,episodic_return,314.16517428814296
475759,episodic_length,130.0
475890,episodic_return,312.3579678193679
475890,episodic_length,130.0
476021,episodic_return,314.2485524481117
476021,episodic_length,130.0
476154,episodic_return,313.9488977336788
476154,episodic_length,132.0
476281,episodic_return,309.33164095803113
476281,episodic_length,126.0
476411,episodic_return,313.6407761792778
476411,episodic_length,129.0
476541,episodic_return,310.8778793459328
476541,episodic_length,129.0
476671,episodic_return,313.0898304130861
476671,episodic_length,129.0
476800,episodic_return,308.5656073387306
476800,episodic_length,128.0
476929,episodic_return,308.8244602723548
476929,episodic_length,128.0
477056,episodic_return,305.95801687654335
477056,episodic_length,126.0
477184,value_loss,0.005806799978017807
477184,policy_loss,0.029276177287101746
477184,approx_kl,19.2456111907959
477184,clipfrac,0.95234375
477184,explained_variance,0.9757951535284519
477184,sps,569.0
477186,episodic_return,309.9292856272323
477186,episodic_length,129.0
477318,episodic_return,316.6519792304976
477318,episodic_length,131.0
477452,episodic_return,319.7706980852463
477452,episodic_length,133.0
477580,episodic_return,311.3824301254381
477580,episodic_length,127.0
477709,episodic_return,308.1763211205955
477709,episodic_length,128.0
477836,episodic_return,308.5192124523501
477836,episodic_length,126.0
477965,episodic_return,311.62213546627737
477965,episodic_length,128.0
478095,episodic_return,310.71829510705214
478095,episodic_length,129.0
478226,episodic_return,314.338609919283
478226,episodic_length,130.0
478354,episodic_return,307.8272834800427
478354,episodic_length,127.0
478484,episodic_return,313.12726742189875
478484,episodic_length,129.0
478613,episodic_return,307.6229768436386
478613,episodic_length,128.0
478742,episodic_return,308.7773896304135
478742,episodic_length,128.0
478868,episodic_return,303.4927534337129
478868,episodic_length,125.0
478997,episodic_return,306.7007050090516
478997,episodic_length,128.0
479128,episodic_return,313.50899207576646
479128,episodic_length,130.0
479232,value_loss,0.00045683496864512563
479232,policy_loss,-0.33372730016708374
479232,approx_kl,5.506494998931885
479232,clipfrac,0.893359375
479232,explained_variance,0.9707244001328945
479232,sps,569.0
479257,episodic_return,310.2477619124076
479257,episodic_length,128.0
479384,episodic_return,304.63637355159983
479384,episodic_length,126.0
479514,episodic_return,314.9933514859468
479514,episodic_length,129.0
479642,episodic_return,308.8260934226041
479642,episodic_length,127.0
479768,episodic_return,304.50306290825483
479768,episodic_length,125.0
479897,episodic_return,313.6365626097986
479897,episodic_length,128.0
480028,episodic_return,309.07531310238863
480028,episodic_length,130.0
480155,episodic_return,305.292974599545
480155,episodic_length,126.0
480285,episodic_return,310.73690892109715
480285,episodic_length,129.0
480413,episodic_return,309.3595775605669
480413,episodic_length,127.0
480541,episodic_return,307.5362812599773
480541,episodic_length,127.0
480669,episodic_return,307.2263301805706
480669,episodic_length,127.0
480797,episodic_return,311.4610325432683
480797,episodic_length,127.0
480922,episodic_return,296.0076052686181
480922,episodic_length,124.0
481054,episodic_return,317.7682795323391
481054,episodic_length,131.0
481182,episodic_return,314.4701621887577
481182,episodic_length,127.0
481280,value_loss,0.0005132899386808276
481280,policy_loss,-0.7025119066238403
481280,approx_kl,13.550552368164062
481280,clipfrac,0.949853515625
481280,explained_variance,0.9779525827616453
481280,sps,569.0
481311,episodic_return,307.86644628947306
481311,episodic_length,128.0
481440,episodic_return,308.23459681435446
481440,episodic_length,128.0
481571,episodic_return,314.9628650316228
481571,episodic_length,130.0
481703,episodic_return,314.0008596046406
481703,episodic_length,131.0
481827,episodic_return,298.2043669979436
481827,episodic_length,123.0
481957,episodic_return,312.7442382981263
481957,episodic_length,129.0
482087,episodic_return,314.4179469208006
482087,episodic_length,129.0
482216,episodic_return,310.68858363880867
482216,episodic_length,128.0
482344,episodic_return,309.09534099202637
482344,episodic_length,127.0
482477,episodic_return,315.3351538318202
482477,episodic_length,132.0
482607,episodic_return,313.2606285124502
482607,episodic_length,129.0
482737,episodic_return,309.01475400183864
482737,episodic_length,129.0
482867,episodic_return,313.9036008526717
482867,episodic_length,129.0
482997,episodic_return,314.3617934347219
482997,episodic_length,129.0
483124,episodic_return,308.81465964818705
483124,episodic_length,126.0
483250,episodic_return,305.43419900421577
483250,episodic_length,125.0
483328,value_loss,0.0006328093586489558
483328,policy_loss,-0.6749221682548523
483328,approx_kl,69.77590942382812
483328,clipfrac,0.967431640625
483328,explained_variance,0.9817160572856665
483328,sps,569.0
483380,episodic_return,310.20076253684084
483380,episodic_length,129.0
483509,episodic_return,312.4142926580154
483509,episodic_length,128.0
483637,episodic_return,312.39988713856695
483637,episodic_length,127.0
483762,episodic_return,302.77587438045316
483762,episodic_length,124.0
483890,episodic_return,310.8066174125061
483890,episodic_length,127.0
484020,episodic_return,310.28093870428677
484020,episodic_length,129.0
484153,episodic_return,318.40600521807943
484153,episodic_length,132.0
484285,episodic_return,316.9641902991443
484285,episodic_length,131.0
484414,episodic_return,311.56221431565444
484414,episodic_length,128.0
484540,episodic_return,301.50537800651
484540,episodic_length,125.0
484670,episodic_return,313.26980236776853
484670,episodic_length,129.0
484800,episodic_return,308.3435245727445
484800,episodic_length,129.0
484928,episodic_return,303.31122904990906
484928,episodic_length,127.0
485058,episodic_return,313.33119290204434
485058,episodic_length,129.0
485185,episodic_return,303.6024217546021
485185,episodic_length,126.0
485315,episodic_return,315.7751585559183
485315,episodic_length,129.0
485376,value_loss,0.009700564667582512
485376,policy_loss,0.052167393267154694
485376,approx_kl,15.807019233703613
485376,clipfrac,0.93740234375
485376,explained_variance,0.9794969074428082
485376,sps,569.0
485445,episodic_return,313.7636500683184
485445,episodic_length,129.0
485574,episodic_return,309.54293470683
485574,episodic_length,128.0
485704,episodic_return,308.8697905033961
485704,episodic_length,129.0
485835,episodic_return,316.9321062972022
485835,episodic_length,130.0
485961,episodic_return,305.5521420090417
485961,episodic_length,125.0
486090,episodic_return,309.5328258926069
486090,episodic_length,128.0
486223,episodic_return,318.6325231796556
486223,episodic_length,132.0
486349,episodic_return,307.00204580647005
486349,episodic_length,125.0
486478,episodic_return,310.93297987770774
486478,episodic_length,128.0
486608,episodic_return,313.6390289212158
486608,episodic_length,129.0
486735,episodic_return,306.6982361955315
486735,episodic_length,126.0
486862,episodic_return,303.30579541294856
486862,episodic_length,126.0
486992,episodic_return,311.4173257523434
486992,episodic_length,129.0
487119,episodic_return,306.0736356571505
487119,episodic_length,126.0
487250,episodic_return,313.26677695155007
487250,episodic_length,130.0
487380,episodic_return,310.48011823653025
487380,episodic_length,129.0
487424,value_loss,0.004269872792065144
487424,policy_loss,-1.4199802535586059e-05
487424,approx_kl,98.57281494140625
487424,clipfrac,0.973681640625
487424,explained_variance,0.9769499320536852
487424,sps,569.0
487509,episodic_return,306.1588306690335
487509,episodic_length,128.0
487639,episodic_return,307.84676755117454
487639,episodic_length,129.0
487774,episodic_return,319.1570405672157
487774,episodic_length,134.0
487903,episodic_return,313.09239416623177
487903,episodic_length,128.0
488033,episodic_return,310.651107316718
488033,episodic_length,129.0
488161,episodic_return,311.14491875437744
488161,episodic_length,127.0
488291,episodic_return,314.0372514636302
488291,episodic_length,129.0
488423,episodic_return,311.74846857192483
488423,episodic_length,131.0
488555,episodic_return,318.67495349196963
488555,episodic_length,131.0
488685,episodic_return,310.21172907730465
488685,episodic_length,129.0
488814,episodic_return,310.04182473210295
488814,episodic_length,128.0
488942,episodic_return,311.0809796688967
488942,episodic_length,127.0
489072,episodic_return,316.840774693237
489072,episodic_length,129.0
489199,episodic_return,308.10783479126314
489199,episodic_length,126.0
489331,episodic_return,317.3173379915845
489331,episodic_length,131.0
489462,episodic_return,316.7686731304827
489462,episodic_length,130.0
489472,value_loss,0.0019259080290794373
489472,policy_loss,-0.06023223325610161
489472,approx_kl,21.86470603942871
489472,clipfrac,0.960400390625
489472,explained_variance,0.9795794729143381
489472,sps,569.0
489590,episodic_return,308.3430810997745
489590,episodic_length,127.0
489718,episodic_return,310.2654312633181
489718,episodic_length,127.0
489845,episodic_return,309.9606920872825
489845,episodic_length,126.0
489972,episodic_return,308.2414192810247
489972,episodic_length,126.0
490102,episodic_return,313.3909472512691
490102,episodic_length,129.0
490235,episodic_return,319.3139970057147
490235,episodic_length,132.0
490362,episodic_return,307.30133465422375
490362,episodic_length,126.0
490496,episodic_return,321.2195825203671
490496,episodic_length,133.0
490625,episodic_return,306.3655775941521
490625,episodic_length,128.0
490755,episodic_return,317.7338182648324
490755,episodic_length,129.0
490885,episodic_return,315.4058331503639
490885,episodic_length,129.0
491015,episodic_return,314.5130085629878
491015,episodic_length,129.0
491147,episodic_return,317.8742555142665
491147,episodic_length,131.0
491278,episodic_return,317.02698336627753
491278,episodic_length,130.0
491407,episodic_return,310.3225280253365
491407,episodic_length,128.0
491520,value_loss,0.0013523716479539871
491520,policy_loss,-0.13287225365638733
491520,approx_kl,13.049543380737305
491520,clipfrac,0.963623046875
491520,explained_variance,0.9746453240513802
491520,sps,569.0
491536,episodic_return,311.74403692363325
491536,episodic_length,128.0
491666,episodic_return,309.5718408060397
491666,episodic_length,129.0
491797,episodic_return,312.95872888027725
491797,episodic_length,130.0
491929,episodic_return,318.0742740462343
491929,episodic_length,131.0
492059,episodic_return,314.69819408101944
492059,episodic_length,129.0
492192,episodic_return,320.54984056621254
492192,episodic_length,132.0
492327,episodic_return,322.86254883725934
492327,episodic_length,134.0
492460,episodic_return,319.9442368756999
492460,episodic_length,132.0
492592,episodic_return,318.8233363498477
492592,episodic_length,131.0
492723,episodic_return,312.62363794330633
492723,episodic_length,130.0
492857,episodic_return,317.63649119798964
492857,episodic_length,133.0
492989,episodic_return,315.17102956133095
492989,episodic_length,131.0
493120,episodic_return,312.78545934134456
493120,episodic_length,130.0
493254,episodic_return,318.9157331143456
493254,episodic_length,133.0
493387,episodic_return,316.0743152843299
493387,episodic_length,132.0
493521,episodic_return,318.66746233014396
493521,episodic_length,133.0
493568,value_loss,0.0008269406971521676
493568,policy_loss,-0.03228412941098213
493568,approx_kl,28.295438766479492
493568,clipfrac,0.96435546875
493568,explained_variance,0.9817843213677406
493568,sps,569.0
493654,episodic_return,320.9017339570892
493654,episodic_length,132.0
493787,episodic_return,316.4994850947255
493787,episodic_length,132.0
493922,episodic_return,320.3769551362
493922,episodic_length,134.0
494054,episodic_return,317.3428825970431
494054,episodic_length,131.0
494189,episodic_return,321.52069773028023
494189,episodic_length,134.0
494320,episodic_return,313.7964372772188
494320,episodic_length,130.0
494453,episodic_return,316.9833644277956
494453,episodic_length,132.0
494586,episodic_return,312.7958607451303
494586,episodic_length,132.0
494719,episodic_return,316.0967238040621
494719,episodic_length,132.0
494852,episodic_return,318.96796933995927
494852,episodic_length,132.0
494986,episodic_return,318.96401388368133
494986,episodic_length,133.0
495117,episodic_return,312.872414085819
495117,episodic_length,130.0
495247,episodic_return,313.130529100092
495247,episodic_length,129.0
495378,episodic_return,314.28974376215285
495378,episodic_length,130.0
495514,episodic_return,323.14036167287765
495514,episodic_length,135.0
495616,value_loss,0.012577002868056297
495616,policy_loss,-0.08777369558811188
495616,approx_kl,31.25010871887207
495616,clipfrac,0.95146484375
495616,explained_variance,0.982846250757575
495616,sps,569.0
495646,episodic_return,317.44295518036245
495646,episodic_length,131.0
495775,episodic_return,308.8261939342067
495775,episodic_length,128.0
495905,episodic_return,306.32339511217333
495905,episodic_length,129.0
496036,episodic_return,316.08382433648825
496036,episodic_length,130.0
496168,episodic_return,312.88748011237897
496168,episodic_length,131.0
496300,episodic_return,317.40642221104883
496300,episodic_length,131.0
496432,episodic_return,318.727635226269
496432,episodic_length,131.0
496565,episodic_return,316.9778092620176
496565,episodic_length,132.0
496691,episodic_return,302.35636003545653
496691,episodic_length,125.0
496821,episodic_return,314.4159519210847
496821,episodic_length,129.0
496954,episodic_return,318.8455221596697
496954,episodic_length,132.0
497090,episodic_return,321.4094494399814
497090,episodic_length,135.0
497221,episodic_return,318.57026419909636
497221,episodic_length,130.0
497352,episodic_return,310.40790031944834
497352,episodic_length,130.0
497484,episodic_return,319.32271640369055
497484,episodic_length,131.0
497614,episodic_return,309.09888377766976
497614,episodic_length,129.0
497664,value_loss,0.0007203120039775968
497664,policy_loss,-0.08743581920862198
497664,approx_kl,27.941612243652344
497664,clipfrac,0.964453125
497664,explained_variance,0.979974452406168
497664,sps,569.0
497744,episodic_return,311.64088778227784
497744,episodic_length,129.0
497875,episodic_return,315.28483018171465
497875,episodic_length,130.0
498009,episodic_return,318.1488469465358
498009,episodic_length,133.0
498138,episodic_return,308.58183860825704
498138,episodic_length,128.0
498270,episodic_return,317.5573326679012
498270,episodic_length,131.0
498400,episodic_return,311.8709124900531
498400,episodic_length,129.0
498531,episodic_return,312.58505340878565
498531,episodic_length,130.0
498663,episodic_return,315.80319020836714
498663,episodic_length,131.0
498791,episodic_return,306.9860953724781
498791,episodic_length,127.0
498921,episodic_return,309.44212413985025
498921,episodic_length,129.0
499055,episodic_return,316.0928979959206
499055,episodic_length,133.0
499186,episodic_return,313.7528123093753
499186,episodic_length,130.0
499316,episodic_return,311.35975397373267
499316,episodic_length,129.0
499448,episodic_return,318.0071794445167
499448,episodic_length,131.0
499577,episodic_return,313.0075511561061
499577,episodic_length,128.0
499708,episodic_return,317.1003272271999
499708,episodic_length,130.0
499712,value_loss,0.006740795448422432
499712,policy_loss,-0.016290362924337387
499712,approx_kl,26.538715362548828
499712,clipfrac,0.9626953125
499712,explained_variance,0.9816016647964716
499712,sps,569.0
499838,episodic_return,310.5745936299927
499838,episodic_length,129.0
499968,episodic_return,312.3530457023701
499968,episodic_length,129.0
500098,episodic_return,315.21000072779935
500098,episodic_length,129.0
500229,episodic_return,312.09810665457593
500229,episodic_length,130.0
500357,episodic_return,309.24078048498575
500357,episodic_length,127.0
500487,episodic_return,316.5040032508352
500487,episodic_length,129.0
500619,episodic_return,310.75885398995683
500619,episodic_length,131.0
500750,episodic_return,311.52896354712897
500750,episodic_length,130.0
500884,episodic_return,318.94308264314253
500884,episodic_length,133.0
501015,episodic_return,316.5498509592049
501015,episodic_length,130.0
501142,episodic_return,305.862382770505
501142,episodic_length,126.0
501274,episodic_return,316.4978258418413
501274,episodic_length,131.0
501405,episodic_return,313.6997957477324
501405,episodic_length,130.0
501532,episodic_return,308.7275325623167
501532,episodic_length,126.0
501665,episodic_return,318.534424012677
501665,episodic_length,132.0
501760,value_loss,0.009830686263740063
501760,policy_loss,-0.014289095997810364
501760,approx_kl,12.580591201782227
501760,clipfrac,0.935546875
501760,explained_variance,0.9750685151666403
501760,sps,569.0
501794,episodic_return,310.6700795050903
501794,episodic_length,128.0
501923,episodic_return,312.8384682286665
501923,episodic_length,128.0
502052,episodic_return,314.14449312895033
502052,episodic_length,128.0
502183,episodic_return,316.24215505583527
502183,episodic_length,130.0
502312,episodic_return,314.2414477961258
502312,episodic_length,128.0
502442,episodic_return,314.1464185786938
502442,episodic_length,129.0
502573,episodic_return,314.87480000950956
502573,episodic_length,130.0
502707,episodic_return,319.9896318055261
502707,episodic_length,133.0
502841,episodic_return,318.2245480687585
502841,episodic_length,133.0
502968,episodic_return,303.1783700636185
502968,episodic_length,126.0
503098,episodic_return,311.72005068907754
503098,episodic_length,129.0
503230,episodic_return,319.16160682594517
503230,episodic_length,131.0
503362,episodic_return,315.0064672167282
503362,episodic_length,131.0
503495,episodic_return,316.79412690190594
503495,episodic_length,132.0
503625,episodic_return,313.6510606180113
503625,episodic_length,129.0
503751,episodic_return,304.2470367499591
503751,episodic_length,125.0
503808,value_loss,0.0002224818163085729
503808,policy_loss,-0.1888626515865326
503808,approx_kl,22.887916564941406
503808,clipfrac,0.9369140625
503808,explained_variance,0.9835259225219488
503808,sps,569.0
503882,episodic_return,307.76268240247117
503882,episodic_length,130.0
504008,episodic_return,302.44302589759747
504008,episodic_length,125.0
504139,episodic_return,320.4588407128439
504139,episodic_length,130.0
504272,episodic_return,314.08103768326913
504272,episodic_length,132.0
504403,episodic_return,318.33336605071355
504403,episodic_length,130.0
504534,episodic_return,313.6669267082558
504534,episodic_length,130.0
504665,episodic_return,316.19362771801116
504665,episodic_length,130.0
504798,episodic_return,315.6143178264195
504798,episodic_length,132.0
504928,episodic_return,310.85764884357104
504928,episodic_length,129.0
505058,episodic_return,314.5638813293814
505058,episodic_length,129.0
505190,episodic_return,310.38354382858864
505190,episodic_length,131.0
505316,episodic_return,304.7567989534281
505316,episodic_length,125.0
505449,episodic_return,318.53932195234836
505449,episodic_length,132.0
505582,episodic_return,317.29254908335605
505582,episodic_length,132.0
505716,episodic_return,319.0655879974733
505716,episodic_length,133.0
505846,episodic_return,317.68087182039875
505846,episodic_length,129.0
505856,value_loss,0.016938701272010803
505856,policy_loss,0.015467875637114048
505856,approx_kl,20.108299255371094
505856,clipfrac,0.955712890625
505856,explained_variance,0.9746378380805254
505856,sps,569.0
505981,episodic_return,318.57002073264766
505981,episodic_length,134.0
506111,episodic_return,313.04892848486867
506111,episodic_length,129.0
506245,episodic_return,320.7710174383867
506245,episodic_length,133.0
506375,episodic_return,312.9552491096543
506375,episodic_length,129.0
506503,episodic_return,309.1573758963995
506503,episodic_length,127.0
506632,episodic_return,307.4038647544431
506632,episodic_length,128.0
506766,episodic_return,320.46688820663763
506766,episodic_length,133.0
506901,episodic_return,319.87468299097554
506901,episodic_length,134.0
507032,episodic_return,314.36759634064043
507032,episodic_length,130.0
507165,episodic_return,317.860835246773
507165,episodic_length,132.0
507296,episodic_return,316.13831972370406
507296,episodic_length,130.0
507429,episodic_return,314.1796775034592
507429,episodic_length,132.0
507564,episodic_return,320.8454015906473
507564,episodic_length,134.0
507695,episodic_return,315.4861821593566
507695,episodic_length,130.0
507825,episodic_return,310.71110539211116
507825,episodic_length,129.0
507904,value_loss,0.00021917546109762043
507904,policy_loss,-0.1418401300907135
507904,approx_kl,14.822556495666504
507904,clipfrac,0.959765625
507904,explained_variance,0.9788553304970264
507904,sps,569.0
507960,episodic_return,321.3480951680688
507960,episodic_length,134.0
508094,episodic_return,320.8401625113653
508094,episodic_length,133.0
508224,episodic_return,312.7236971862674
508224,episodic_length,129.0
508356,episodic_return,319.3620343632339
508356,episodic_length,131.0
508489,episodic_return,317.9429098979764
508489,episodic_length,132.0
508615,episodic_return,308.3971820782106
508615,episodic_length,125.0
508750,episodic_return,322.60766709684583
508750,episodic_length,134.0
508882,episodic_return,312.3206130720316
508882,episodic_length,131.0
509014,episodic_return,315.9524222321797
509014,episodic_length,131.0
509148,episodic_return,318.53004462292307
509148,episodic_length,133.0
509279,episodic_return,311.6331725037535
509279,episodic_length,130.0
509418,episodic_return,326.3692728684991
509418,episodic_length,138.0
509550,episodic_return,321.85151210269703
509550,episodic_length,131.0
509682,episodic_return,315.75984118990755
509682,episodic_length,131.0
509811,episodic_return,309.2582964030523
509811,episodic_length,128.0
509943,episodic_return,318.73586149736576
509943,episodic_length,131.0
509952,value_loss,0.008390789851546288
509952,policy_loss,-0.00665329210460186
509952,approx_kl,10.736330032348633
509952,clipfrac,0.941259765625
509952,explained_variance,0.9731668848544359
509952,sps,569.0
510074,episodic_return,306.6721354705603
510074,episodic_length,130.0
510205,episodic_return,319.20716012909844
510205,episodic_length,130.0
510342,episodic_return,328.0011534397216
510342,episodic_length,136.0
510474,episodic_return,315.8692466494033
510474,episodic_length,131.0
510610,episodic_return,321.3759049531844
510610,episodic_length,135.0
510741,episodic_return,309.95367120285886
510741,episodic_length,130.0
510872,episodic_return,311.86033582442536
510872,episodic_length,130.0
511002,episodic_return,314.8442261257166
511002,episodic_length,129.0
511136,episodic_return,323.3872850645271
511136,episodic_length,133.0
511269,episodic_return,318.2859888018189
511269,episodic_length,132.0
511402,episodic_return,316.0518774031005
511402,episodic_length,132.0
511536,episodic_return,318.0479045391635
511536,episodic_length,133.0
511668,episodic_return,316.4001851983197
511668,episodic_length,131.0
511801,episodic_return,316.2336951125197
511801,episodic_length,132.0
511931,episodic_return,314.4431937154209
511931,episodic_length,129.0
512000,value_loss,0.02171596698462963
512000,policy_loss,-0.21024945378303528
512000,approx_kl,6.833570957183838
512000,clipfrac,0.93310546875
512000,explained_variance,0.9723400287330151
512000,sps,569.0
512066,episodic_return,321.5433243115148
512066,episodic_length,134.0
512195,episodic_return,313.1606637937013
512195,episodic_length,128.0
512324,episodic_return,307.51000390640667
512324,episodic_length,128.0
512452,episodic_return,306.9039143053679
512452,episodic_length,127.0
512588,episodic_return,329.1525500713985
512588,episodic_length,135.0
512722,episodic_return,322.1347115623378
512722,episodic_length,133.0
512858,episodic_return,324.8072959631804
512858,episodic_length,135.0
512992,episodic_return,321.38454585568275
512992,episodic_length,133.0
513122,episodic_return,309.9893496477616
513122,episodic_length,129.0
513259,episodic_return,324.86861832450387
513259,episodic_length,136.0
513391,episodic_return,315.96766035522205
513391,episodic_length,131.0
513525,episodic_return,324.01081665359044
513525,episodic_length,133.0
513661,episodic_return,324.1389733165196
513661,episodic_length,135.0
513794,episodic_return,321.0543512286822
513794,episodic_length,132.0
513927,episodic_return,323.84493659224484
513927,episodic_length,132.0
514048,value_loss,0.012673232704401016
514048,policy_loss,0.007599633187055588
514048,approx_kl,33.256446838378906
514048,clipfrac,0.958203125
514048,explained_variance,0.9760228767991066
514048,sps,569.0
514061,episodic_return,321.6836216603436
514061,episodic_length,133.0
514189,episodic_return,303.7699009637755
514189,episodic_length,127.0
514324,episodic_return,327.14862639821524
514324,episodic_length,134.0
514457,episodic_return,319.56226824345487
514457,episodic_length,132.0
514591,episodic_return,314.8087436611005
514591,episodic_length,133.0
514727,episodic_return,321.116613228304
514727,episodic_length,135.0
514863,episodic_return,324.81951768571815
514863,episodic_length,135.0
514994,episodic_return,316.70531325492743
514994,episodic_length,130.0
515132,episodic_return,327.64266548657923
515132,episodic_length,137.0
515267,episodic_return,320.2110299533487
515267,episodic_length,134.0
515401,episodic_return,318.1744708883556
515401,episodic_length,133.0
515535,episodic_return,319.30147073887997
515535,episodic_length,133.0
515668,episodic_return,322.83757268700896
515668,episodic_length,132.0
515804,episodic_return,325.6368582949982
515804,episodic_length,135.0
515939,episodic_return,324.4966935172607
515939,episodic_length,134.0
516073,episodic_return,321.0790130362311
516073,episodic_length,133.0
516096,value_loss,0.011285736225545406
516096,policy_loss,0.025172751396894455
516096,approx_kl,19.59829330444336
516096,clipfrac,0.93798828125
516096,explained_variance,0.982863312587142
516096,sps,569.0
516213,episodic_return,329.2707758193743
516213,episodic_length,139.0
516348,episodic_return,320.4405256735542
516348,episodic_length,134.0
516478,episodic_return,314.7433195716296
516478,episodic_length,129.0
516613,episodic_return,321.94681827207205
516613,episodic_length,134.0
516743,episodic_return,314.0323174644034
516743,episodic_length,129.0
516877,episodic_return,319.4879335435378
516877,episodic_length,133.0
517011,episodic_return,317.8369000186799
517011,episodic_length,133.0
517148,episodic_return,325.6871085972431
517148,episodic_length,136.0
517279,episodic_return,316.2774472389689
517279,episodic_length,130.0
517412,episodic_return,317.7949374619656
517412,episodic_length,132.0
517550,episodic_return,330.56103968560353
517550,episodic_length,137.0
517686,episodic_return,327.02110017270525
517686,episodic_length,135.0
517828,episodic_return,334.15591157593434
517828,episodic_length,141.0
517964,episodic_return,325.1955348717278
517964,episodic_length,135.0
518096,episodic_return,319.5065247159054
518096,episodic_length,131.0
518144,value_loss,0.024551495909690857
518144,policy_loss,0.0021522408351302147
518144,approx_kl,13.758438110351562
518144,clipfrac,0.957080078125
518144,explained_variance,0.9792781472206116
518144,sps,569.0
518238,episodic_return,334.4416847411544
518238,episodic_length,141.0
518379,episodic_return,331.65155891612574
518379,episodic_length,140.0
518511,episodic_return,321.74342256604257
518511,episodic_length,131.0
518650,episodic_return,327.7648440039735
518650,episodic_length,138.0
518782,episodic_return,315.2248153551354
518782,episodic_length,131.0
518915,episodic_return,321.34349648568946
518915,episodic_length,132.0
519048,episodic_return,320.6111094561482
519048,episodic_length,132.0
519185,episodic_return,326.2201761170266
519185,episodic_length,136.0
519318,episodic_return,318.67663202747775
519318,episodic_length,132.0
519452,episodic_return,321.454006614868
519452,episodic_length,133.0
519590,episodic_return,323.19812267794896
519590,episodic_length,137.0
519725,episodic_return,325.8973589182556
519725,episodic_length,134.0
519857,episodic_return,318.8285382912761
519857,episodic_length,131.0
519992,episodic_return,324.452381281951
519992,episodic_length,134.0
520127,episodic_return,322.76874998600914
520127,episodic_length,134.0
520192,value_loss,0.019770657643675804
520192,policy_loss,-0.004671298898756504
520192,approx_kl,25.57071304321289
520192,clipfrac,0.968603515625
520192,explained_variance,0.9785674437880516
520192,sps,569.0
520259,episodic_return,320.63894881757005
520259,episodic_length,131.0
520396,episodic_return,326.89914688751225
520396,episodic_length,136.0
520532,episodic_return,316.86006355012773
520532,episodic_length,135.0
520665,episodic_return,317.7002252553896
520665,episodic_length,132.0
520801,episodic_return,323.97162542133583
520801,episodic_length,135.0
520933,episodic_return,314.72222802992917
520933,episodic_length,131.0
521065,episodic_return,313.6377417609845
521065,episodic_length,131.0
521200,episodic_return,324.9685215739499
521200,episodic_length,134.0
521330,episodic_return,305.8142712112614
521330,episodic_length,129.0
521462,episodic_return,323.18749701338356
521462,episodic_length,131.0
521598,episodic_return,326.3061294611835
521598,episodic_length,135.0
521733,episodic_return,321.41385737478436
521733,episodic_length,134.0
521869,episodic_return,328.30274089599027
521869,episodic_length,135.0
522003,episodic_return,315.8841266925931
522003,episodic_length,133.0
522138,episodic_return,322.9543470007588
522138,episodic_length,134.0
522240,value_loss,0.02539427950978279
522240,policy_loss,-0.0008098810212686658
522240,approx_kl,23.052330017089844
522240,clipfrac,0.9578125
522240,explained_variance,0.9686954021453857
522240,sps,569.0
522275,episodic_return,324.9892049642201
522275,episodic_length,136.0
522403,episodic_return,309.92805301928706
522403,episodic_length,127.0
522535,episodic_return,318.9004693372034
522535,episodic_length,131.0
522666,episodic_return,318.5196592737205
522666,episodic_length,130.0
522792,episodic_return,305.86054006210344
522792,episodic_length,125.0
522922,episodic_return,317.25890062692946
522922,episodic_length,129.0
523049,episodic_return,307.14087843635747
523049,episodic_length,126.0
523183,episodic_return,326.4642856697617
523183,episodic_length,133.0
523321,episodic_return,327.25526565002633
523321,episodic_length,137.0
523450,episodic_return,314.3740285370627
523450,episodic_length,128.0
523583,episodic_return,317.1520282963036
523583,episodic_length,132.0
523711,episodic_return,312.7672113189992
523711,episodic_length,127.0
523845,episodic_return,324.04176168552254
523845,episodic_length,133.0
523975,episodic_return,314.5679982951235
523975,episodic_length,129.0
524101,episodic_return,310.2139512758664
524101,episodic_length,125.0
524236,episodic_return,328.4903258147944
524236,episodic_length,134.0
524288,value_loss,0.011578929610550404
524288,policy_loss,-0.08588562160730362
524288,approx_kl,10.296598434448242
524288,clipfrac,0.941748046875
524288,explained_variance,0.9810592792928219
524288,sps,569.0
524367,episodic_return,313.7957723541382
524367,episodic_length,130.0
524496,episodic_return,311.2747626391712
524496,episodic_length,128.0
524627,episodic_return,318.2067760920209
524627,episodic_length,130.0
524759,episodic_return,319.49856633570425
524759,episodic_length,131.0
524888,episodic_return,314.8652681707197
524888,episodic_length,128.0
525024,episodic_return,328.5022692719819
525024,episodic_length,135.0
525159,episodic_return,323.4409556456601
525159,episodic_length,134.0
525291,episodic_return,316.3418181856381
525291,episodic_length,131.0
525422,episodic_return,309.9495584538068
525422,episodic_length,130.0
525552,episodic_return,319.2500852133117
525552,episodic_length,129.0
525681,episodic_return,314.3171698156399
525681,episodic_length,128.0
525814,episodic_return,319.79698477171263
525814,episodic_length,132.0
525945,episodic_return,315.5046594128207
525945,episodic_length,130.0
526081,episodic_return,326.7813477654099
526081,episodic_length,135.0
526214,episodic_return,318.1682769880407
526214,episodic_length,132.0
526336,value_loss,0.03121372126042843
526336,policy_loss,-0.021928850561380386
526336,approx_kl,34.46147918701172
526336,clipfrac,0.96279296875
526336,explained_variance,0.9785549212247133
526336,sps,569.0
526348,episodic_return,325.0963137299592
526348,episodic_length,133.0
526482,episodic_return,320.4855358494801
526482,episodic_length,133.0
526612,episodic_return,314.7549488068403
526612,episodic_length,129.0
526742,episodic_return,314.3711593027818
526742,episodic_length,129.0
526873,episodic_return,319.537751427643
526873,episodic_length,130.0
527006,episodic_return,321.3524094710344
527006,episodic_length,132.0
527135,episodic_return,315.6091918284344
527135,episodic_length,128.0
527262,episodic_return,310.4053017141195
527262,episodic_length,126.0
527395,episodic_return,319.06654606773543
527395,episodic_length,132.0
527520,episodic_return,306.1231966761721
527520,episodic_length,124.0
527651,episodic_return,314.3146065839895
527651,episodic_length,130.0
527784,episodic_return,323.4402135782589
527784,episodic_length,132.0
527913,episodic_return,315.73337778684345
527913,episodic_length,128.0
528051,episodic_return,322.2589763137751
528051,episodic_length,137.0
528179,episodic_return,313.4961905582865
528179,episodic_length,127.0
528307,episodic_return,309.63062171500786
528307,episodic_length,127.0
528384,value_loss,0.04869294911623001
528384,policy_loss,-0.02503800392150879
528384,approx_kl,11.12039566040039
528384,clipfrac,0.931396484375
528384,explained_variance,0.983038641512394
528384,sps,569.0
528439,episodic_return,315.5669442422684
528439,episodic_length,131.0
528568,episodic_return,318.03763483189755
528568,episodic_length,128.0
528698,episodic_return,315.8599205314074
528698,episodic_length,129.0
528830,episodic_return,321.00983619978797
528830,episodic_length,131.0
528959,episodic_return,312.0384401918294
528959,episodic_length,128.0
529086,episodic_return,305.07577503153357
529086,episodic_length,126.0
529217,episodic_return,316.7123770744805
529217,episodic_length,130.0
529347,episodic_return,314.76685879703314
529347,episodic_length,129.0
529474,episodic_return,309.4011896278471
529474,episodic_length,126.0
529603,episodic_return,313.600717232187
529603,episodic_length,128.0
529730,episodic_return,309.26437006526385
529730,episodic_length,126.0
529859,episodic_return,313.90053474074244
529859,episodic_length,128.0
529988,episodic_return,310.52648926691876
529988,episodic_length,128.0
530116,episodic_return,315.3598393459505
530116,episodic_length,127.0
530241,episodic_return,298.52979930675644
530241,episodic_length,124.0
530374,episodic_return,320.1827094197906
530374,episodic_length,132.0
530432,value_loss,0.0021533314138650894
530432,policy_loss,-0.014698069542646408
530432,approx_kl,26.47549819946289
530432,clipfrac,0.963427734375
530432,explained_variance,0.9736624509096146
530432,sps,569.0
530501,episodic_return,311.0519505226628
530501,episodic_length,126.0
530631,episodic_return,315.43226089068907
530631,episodic_length,129.0
530765,episodic_return,321.79737793522133
530765,episodic_length,133.0
530897,episodic_return,317.604669154264
530897,episodic_length,131.0
531025,episodic_return,307.50599190915483
531025,episodic_length,127.0
531155,episodic_return,318.9099523165188
531155,episodic_length,129.0
531285,episodic_return,317.43721434250796
531285,episodic_length,129.0
531418,episodic_return,315.640568541667
531418,episodic_length,132.0
531553,episodic_return,321.2382779361713
531553,episodic_length,134.0
531680,episodic_return,307.9271803335538
531680,episodic_length,126.0
531808,episodic_return,309.0497990039125
531808,episodic_length,127.0
531937,episodic_return,315.5499861608691
531937,episodic_length,128.0
532067,episodic_return,316.11066389583044
532067,episodic_length,129.0
532199,episodic_return,320.71692413245967
532199,episodic_length,131.0
532327,episodic_return,311.98773309168394
532327,episodic_length,127.0
532459,episodic_return,320.0064594740455
532459,episodic_length,131.0
532480,value_loss,0.0011417021742090583
532480,policy_loss,-0.10957557708024979
532480,approx_kl,13.7821683883667
532480,clipfrac,0.94384765625
532480,explained_variance,0.9781998656690121
532480,sps,569.0
532590,episodic_return,310.567218715771
532590,episodic_length,130.0
532726,episodic_return,329.2363262551806
532726,episodic_length,135.0
532857,episodic_return,321.55322304817776
532857,episodic_length,130.0
532987,episodic_return,312.03145461304433
532987,episodic_length,129.0
533121,episodic_return,322.18203459362644
533121,episodic_length,133.0
533249,episodic_return,310.11337303199497
533249,episodic_length,127.0
533380,episodic_return,315.6420548145148
533380,episodic_length,130.0
533511,episodic_return,307.74440191299703
533511,episodic_length,130.0
533640,episodic_return,305.6716737999127
533640,episodic_length,128.0
533773,episodic_return,321.76408703931605
533773,episodic_length,132.0
533905,episodic_return,321.27539192142035
533905,episodic_length,131.0
534041,episodic_return,321.9016353236584
534041,episodic_length,135.0
534173,episodic_return,318.51288933699715
534173,episodic_length,131.0
534303,episodic_return,307.514914999571
534303,episodic_length,129.0
534436,episodic_return,319.2974047149345
534436,episodic_length,132.0
534528,value_loss,0.013143885880708694
534528,policy_loss,-0.0115397609770298
534528,approx_kl,30.67001724243164
534528,clipfrac,0.970263671875
534528,explained_variance,0.9846725724637508
534528,sps,569.0
534565,episodic_return,314.6269561422469
534565,episodic_length,128.0
534699,episodic_return,324.9920110763139
534699,episodic_length,133.0
534830,episodic_return,317.5400786124362
534830,episodic_length,130.0
534962,episodic_return,317.47768564381556
534962,episodic_length,131.0
535093,episodic_return,315.9273092886158
535093,episodic_length,130.0
535225,episodic_return,321.4921786703937
535225,episodic_length,131.0
535358,episodic_return,323.73516854376663
535358,episodic_length,132.0
535494,episodic_return,324.749492539654
535494,episodic_length,135.0
535623,episodic_return,313.0960692844781
535623,episodic_length,128.0
535754,episodic_return,315.3907945767431
535754,episodic_length,130.0
535889,episodic_return,322.9997234706268
535889,episodic_length,134.0
536021,episodic_return,317.5091625089915
536021,episodic_length,131.0
536154,episodic_return,313.9313414008142
536154,episodic_length,132.0
536283,episodic_return,311.9234228868104
536283,episodic_length,128.0
536418,episodic_return,314.4500215622359
536418,episodic_length,134.0
536551,episodic_return,317.4583409294771
536551,episodic_length,132.0
536576,value_loss,0.0054915668442845345
536576,policy_loss,-0.07412639260292053
536576,approx_kl,12.539145469665527
536576,clipfrac,0.9451171875
536576,explained_variance,0.9735090844333172
536576,sps,569.0
536682,episodic_return,316.7424627801672
536682,episodic_length,130.0
536814,episodic_return,317.79190191382037
536814,episodic_length,131.0
536946,episodic_return,318.3294109675135
536946,episodic_length,131.0
537078,episodic_return,320.99051406953794
537078,episodic_length,131.0
537213,episodic_return,324.93689724982016
537213,episodic_length,134.0
537346,episodic_return,312.8422970435915
537346,episodic_length,132.0
537477,episodic_return,317.54829605620444
537477,episodic_length,130.0
537610,episodic_return,320.6380477155943
537610,episodic_length,132.0
537746,episodic_return,326.52244481664087
537746,episodic_length,135.0
537878,episodic_return,313.69494145607473
537878,episodic_length,131.0
538013,episodic_return,322.7742609216332
538013,episodic_length,134.0
538147,episodic_return,318.80940434898446
538147,episodic_length,133.0
538280,episodic_return,321.3962923574997
538280,episodic_length,132.0
538409,episodic_return,309.05898691676055
538409,episodic_length,128.0
538542,episodic_return,323.0139396328159
538542,episodic_length,132.0
538624,value_loss,0.00014989852206781507
538624,policy_loss,-0.7006222605705261
538624,approx_kl,10.431632041931152
538624,clipfrac,0.94267578125
538624,explained_variance,0.9758729804307222
538624,sps,568.0
538675,episodic_return,317.03536036742435
538675,episodic_length,132.0
538807,episodic_return,317.3847421356597
538807,episodic_length,131.0
538940,episodic_return,323.27283422173844
538940,episodic_length,132.0
539074,episodic_return,324.16455492277413
539074,episodic_length,133.0
539208,episodic_return,322.5452232044803
539208,episodic_length,133.0
539340,episodic_return,319.51535865309114
539340,episodic_length,131.0
539469,episodic_return,313.0823091843091
539469,episodic_length,128.0
539602,episodic_return,319.96829999432447
539602,episodic_length,132.0
539736,episodic_return,316.6369187363764
539736,episodic_length,133.0
539866,episodic_return,317.4485207095232
539866,episodic_length,129.0
539997,episodic_return,317.6670386654265
539997,episodic_length,130.0
540127,episodic_return,314.0164793231122
540127,episodic_length,129.0
540256,episodic_return,310.2268719825671
540256,episodic_length,128.0
540387,episodic_return,314.99428186015695
540387,episodic_length,130.0
540521,episodic_return,320.9984878858649
540521,episodic_length,133.0
540651,episodic_return,316.55891166107125
540651,episodic_length,129.0
540672,value_loss,0.004996298812329769
540672,policy_loss,0.05093559995293617
540672,approx_kl,9.776590347290039
540672,clipfrac,0.9296875
540672,explained_variance,0.9765796717256308
540672,sps,568.0
540786,episodic_return,325.76026330724403
540786,episodic_length,134.0
540916,episodic_return,320.5540037630142
540916,episodic_length,129.0
541046,episodic_return,314.19569990231855
541046,episodic_length,129.0
541177,episodic_return,318.11917912611057
541177,episodic_length,130.0
541305,episodic_return,304.19996373700747
541305,episodic_length,127.0
541434,episodic_return,312.95029948261424
541434,episodic_length,128.0
541567,episodic_return,320.3415126268939
541567,episodic_length,132.0
541698,episodic_return,317.63425529300366
541698,episodic_length,130.0
541831,episodic_return,320.39376682614085
541831,episodic_length,132.0
541961,episodic_return,318.3901807121223
541961,episodic_length,129.0
542092,episodic_return,315.38877117552556
542092,episodic_length,130.0
542222,episodic_return,317.1603447853831
542222,episodic_length,129.0
542351,episodic_return,310.4974795429777
542351,episodic_length,128.0
542481,episodic_return,315.6609870396158
542481,episodic_length,129.0
542611,episodic_return,312.52175354175813
542611,episodic_length,129.0
542720,value_loss,0.022636890411376953
542720,policy_loss,-0.11467032134532928
542720,approx_kl,9.477910995483398
542720,clipfrac,0.9439453125
542720,explained_variance,0.9813133012503386
542720,sps,568.0
542740,episodic_return,311.0019400752831
542740,episodic_length,128.0
542867,episodic_return,305.55112977388853
542867,episodic_length,126.0
542997,episodic_return,314.8171156873944
542997,episodic_length,129.0
543130,episodic_return,322.5671950245084
543130,episodic_length,132.0
543262,episodic_return,320.00997417125365
543262,episodic_length,131.0
543392,episodic_return,312.9074082795995
543392,episodic_length,129.0
543524,episodic_return,324.4735391699264
543524,episodic_length,131.0
543652,episodic_return,311.3052495948292
543652,episodic_length,127.0
543782,episodic_return,316.00343975420327
543782,episodic_length,129.0
543916,episodic_return,322.2688119496504
543916,episodic_length,133.0
544051,episodic_return,325.5458132106539
544051,episodic_length,134.0
544184,episodic_return,318.83963813915636
544184,episodic_length,132.0
544317,episodic_return,317.8637360538752
544317,episodic_length,132.0
544448,episodic_return,315.7791677391356
544448,episodic_length,130.0
544577,episodic_return,313.3457047830462
544577,episodic_length,128.0
544711,episodic_return,316.11024250833384
544711,episodic_length,133.0
544768,value_loss,0.003417068161070347
544768,policy_loss,-0.101259745657444
544768,approx_kl,38.47086715698242
544768,clipfrac,0.952490234375
544768,explained_variance,0.977373456582427
544768,sps,568.0
544842,episodic_return,315.37365283027276
544842,episodic_length,130.0
544970,episodic_return,316.2516455609275
544970,episodic_length,127.0
545102,episodic_return,318.16474764538793
545102,episodic_length,131.0
545231,episodic_return,310.034375767212
545231,episodic_length,128.0
545362,episodic_return,313.55818397877835
545362,episodic_length,130.0
545489,episodic_return,310.6589466599241
545489,episodic_length,126.0
545620,episodic_return,314.7447002902436
545620,episodic_length,130.0
545747,episodic_return,304.62673154015573
545747,episodic_length,126.0
545875,episodic_return,311.6930332712856
545875,episodic_length,127.0
546001,episodic_return,307.7093448421415
546001,episodic_length,125.0
546130,episodic_return,312.8565577685617
546130,episodic_length,128.0
546263,episodic_return,317.6800979998722
546263,episodic_length,132.0
546393,episodic_return,311.351488818204
546393,episodic_length,129.0
546523,episodic_return,314.6434162145927
546523,episodic_length,129.0
546652,episodic_return,313.6972855879474
546652,episodic_length,128.0
546779,episodic_return,310.9327814190785
546779,episodic_length,126.0
546816,value_loss,0.012259000912308693
546816,policy_loss,-0.0409511923789978
546816,approx_kl,33.65632247924805
546816,clipfrac,0.951220703125
546816,explained_variance,0.9782694429159164
546816,sps,568.0
546909,episodic_return,312.5373244698836
546909,episodic_length,129.0
547041,episodic_return,320.5468881291418
547041,episodic_length,131.0
547164,episodic_return,298.1156766839173
547164,episodic_length,122.0
547292,episodic_return,317.8183134071586
547292,episodic_length,127.0
547417,episodic_return,306.442417917798
547417,episodic_length,124.0
547544,episodic_return,310.23526589652687
547544,episodic_length,126.0
547674,episodic_return,314.4592409008154
547674,episodic_length,129.0
547804,episodic_return,312.8703367189591
547804,episodic_length,129.0
547933,episodic_return,317.24080041901277
547933,episodic_length,128.0
548064,episodic_return,321.2464127709922
548064,episodic_length,130.0
548192,episodic_return,305.42532602796206
548192,episodic_length,127.0
548320,episodic_return,311.47355114579017
548320,episodic_length,127.0
548446,episodic_return,302.02551514872096
548446,episodic_length,125.0
548568,episodic_return,291.07654912152054
548568,episodic_length,121.0
548696,episodic_return,304.7673357587182
548696,episodic_length,127.0
548823,episodic_return,304.31595741228637
548823,episodic_length,126.0
548864,value_loss,0.02376377582550049
548864,policy_loss,-0.15597978234291077
548864,approx_kl,14.090766906738281
548864,clipfrac,0.95
548864,explained_variance,0.9788766540586948
548864,sps,569.0
548955,episodic_return,320.27304403005854
548955,episodic_length,131.0
549084,episodic_return,312.5050083629936
549084,episodic_length,128.0
549213,episodic_return,313.6803433026451
549213,episodic_length,128.0
549341,episodic_return,310.65550406599124
549341,episodic_length,127.0
549469,episodic_return,307.68803689604164
549469,episodic_length,127.0
549604,episodic_return,324.87913078027776
549604,episodic_length,134.0
549730,episodic_return,301.4959104917598
549730,episodic_length,125.0
549856,episodic_return,302.97069901990756
549856,episodic_length,125.0
549985,episodic_return,316.3626890282305
549985,episodic_length,128.0
550114,episodic_return,311.93807401559206
550114,episodic_length,128.0
550241,episodic_return,304.43171669001816
550241,episodic_length,126.0
550374,episodic_return,325.24250908067665
550374,episodic_length,132.0
550507,episodic_return,318.41521776719173
550507,episodic_length,132.0
550634,episodic_return,307.380632665739
550634,episodic_length,126.0
550762,episodic_return,310.9028039121803
550762,episodic_length,127.0
550897,episodic_return,319.9620631697162
550897,episodic_length,134.0
550912,value_loss,0.0004159558448009193
550912,policy_loss,-0.3410894274711609
550912,approx_kl,22.8751163482666
550912,clipfrac,0.95732421875
550912,explained_variance,0.9788840804249048
550912,sps,569.0
551028,episodic_return,320.04954136847687
551028,episodic_length,130.0
551161,episodic_return,321.5476802186839
551161,episodic_length,132.0
551296,episodic_return,319.4095386582074
551296,episodic_length,134.0
551426,episodic_return,316.43879147509375
551426,episodic_length,129.0
551553,episodic_return,310.16528378193397
551553,episodic_length,126.0
551686,episodic_return,318.5464460740923
551686,episodic_length,132.0
551817,episodic_return,316.37258871788424
551817,episodic_length,130.0
551946,episodic_return,313.2056506675521
551946,episodic_length,128.0
552079,episodic_return,321.43500872684035
552079,episodic_length,132.0
552206,episodic_return,303.3458964268111
552206,episodic_length,126.0
552335,episodic_return,310.3219720979821
552335,episodic_length,128.0
552467,episodic_return,318.96888432679384
552467,episodic_length,131.0
552595,episodic_return,310.72957374092937
552595,episodic_length,127.0
552729,episodic_return,323.5089529401492
552729,episodic_length,133.0
552861,episodic_return,320.8739137339811
552861,episodic_length,131.0
552960,value_loss,0.00031519774347543716
552960,policy_loss,-1.0699875354766846
552960,approx_kl,27.024932861328125
552960,clipfrac,0.95185546875
552960,explained_variance,0.9822073522955179
552960,sps,569.0
552988,episodic_return,307.33899127908865
552988,episodic_length,126.0
553120,episodic_return,316.00461389543074
553120,episodic_length,131.0
553247,episodic_return,306.3820478351996
553247,episodic_length,126.0
553376,episodic_return,318.2952511550268
553376,episodic_length,128.0
553514,episodic_return,327.9900162391212
553514,episodic_length,137.0
553642,episodic_return,307.584631157574
553642,episodic_length,127.0
553775,episodic_return,314.63654469678005
553775,episodic_length,132.0
553905,episodic_return,311.14425471699013
553905,episodic_length,129.0
554038,episodic_return,320.5241324150058
554038,episodic_length,132.0
554172,episodic_return,319.68123237078
554172,episodic_length,133.0
554304,episodic_return,317.99341483804636
554304,episodic_length,131.0
554434,episodic_return,317.7597104613786
554434,episodic_length,129.0
554563,episodic_return,315.4343404981511
554563,episodic_length,128.0
554696,episodic_return,323.72568416711016
554696,episodic_length,132.0
554828,episodic_return,315.75781675529754
554828,episodic_length,131.0
554955,episodic_return,304.7281187947206
554955,episodic_length,126.0
555008,value_loss,0.009949659928679466
555008,policy_loss,-0.045373789966106415
555008,approx_kl,44.57489013671875
555008,clipfrac,0.954736328125
555008,explained_variance,0.9775095917284489
555008,sps,569.0
555087,episodic_return,318.31362515902464
555087,episodic_length,131.0
555214,episodic_return,304.36841534782286
555214,episodic_length,126.0
555353,episodic_return,324.14558984976804
555353,episodic_length,138.0
555484,episodic_return,320.6623374053219
555484,episodic_length,130.0
555612,episodic_return,299.3760476023358
555612,episodic_length,127.0
555742,episodic_return,314.84068946759606
555742,episodic_length,129.0
555871,episodic_return,310.5863924364153
555871,episodic_length,128.0
555998,episodic_return,306.015785270501
555998,episodic_length,126.0
556122,episodic_return,300.38244043582824
556122,episodic_length,123.0
556252,episodic_return,319.8574937332118
556252,episodic_length,129.0
556380,episodic_return,313.2337736648421
556380,episodic_length,127.0
556516,episodic_return,327.2344464992383
556516,episodic_length,135.0
556649,episodic_return,316.29303996194267
556649,episodic_length,132.0
556778,episodic_return,314.2964717463958
556778,episodic_length,128.0
556902,episodic_return,296.61474433297013
556902,episodic_length,123.0
557030,episodic_return,310.47504258226127
557030,episodic_length,127.0
557056,value_loss,0.07426883280277252
557056,policy_loss,-0.1361970454454422
557056,approx_kl,7.9537434577941895
557056,clipfrac,0.932958984375
557056,explained_variance,0.9678268544375896
557056,sps,569.0
557160,episodic_return,313.908662719498
557160,episodic_length,129.0
557294,episodic_return,318.8751344945483
557294,episodic_length,133.0
557421,episodic_return,307.01204941681823
557421,episodic_length,126.0
557551,episodic_return,316.8851190720978
557551,episodic_length,129.0
557676,episodic_return,300.3500112195531
557676,episodic_length,124.0
557804,episodic_return,312.6008739895922
557804,episodic_length,127.0
557944,episodic_return,323.76604246287116
557944,episodic_length,139.0
558076,episodic_return,315.09609160198556
558076,episodic_length,131.0
558205,episodic_return,306.94930803095764
558205,episodic_length,128.0
558334,episodic_return,313.5629736826801
558334,episodic_length,128.0
558470,episodic_return,321.1759542339096
558470,episodic_length,135.0
558595,episodic_return,300.267705298889
558595,episodic_length,124.0
558722,episodic_return,312.88071293951265
558722,episodic_length,126.0
558859,episodic_return,324.04922180179653
558859,episodic_length,136.0
558991,episodic_return,321.60662777546185
558991,episodic_length,131.0
559104,value_loss,0.0002759686904028058
559104,policy_loss,-0.387164831161499
559104,approx_kl,10.965283393859863
559104,clipfrac,0.95341796875
559104,explained_variance,0.9769230205565691
559104,sps,569.0
559118,episodic_return,305.32674665566685
559118,episodic_length,126.0
559249,episodic_return,332.4147522827435
559249,episodic_length,130.0
559379,episodic_return,319.8574295708692
559379,episodic_length,129.0
559507,episodic_return,307.37746005852074
559507,episodic_length,127.0
559639,episodic_return,324.830767146767
559639,episodic_length,131.0
559770,episodic_return,322.03961407144766
559770,episodic_length,130.0
559902,episodic_return,328.28691299764074
559902,episodic_length,131.0
560031,episodic_return,317.2832716158716
560031,episodic_length,128.0
560164,episodic_return,318.7349533015599
560164,episodic_length,132.0
560293,episodic_return,312.3694887298009
560293,episodic_length,128.0
560424,episodic_return,326.0813159889877
560424,episodic_length,130.0
560551,episodic_return,308.31395292789904
560551,episodic_length,126.0
560683,episodic_return,331.38075427405505
560683,episodic_length,131.0
560815,episodic_return,322.7218449063306
560815,episodic_length,131.0
560944,episodic_return,307.97976773862325
560944,episodic_length,128.0
561078,episodic_return,339.0817322324383
561078,episodic_length,133.0
561152,value_loss,0.01488560251891613
561152,policy_loss,0.2783365249633789
561152,approx_kl,19.092525482177734
561152,clipfrac,0.9427734375
561152,explained_variance,0.9786308836191893
561152,sps,569.0
561210,episodic_return,333.6358564860482
561210,episodic_length,131.0
561338,episodic_return,309.75951468995765
561338,episodic_length,127.0
561466,episodic_return,314.81452640319026
561466,episodic_length,127.0
561599,episodic_return,317.19016499869883
561599,episodic_length,132.0
561731,episodic_return,316.2510676158552
561731,episodic_length,131.0
561862,episodic_return,317.61115627161695
561862,episodic_length,130.0
561994,episodic_return,316.39202396059875
561994,episodic_length,131.0
562123,episodic_return,311.50624622462226
562123,episodic_length,128.0
562253,episodic_return,323.28242953682604
562253,episodic_length,129.0
562381,episodic_return,312.4563720765003
562381,episodic_length,127.0
562508,episodic_return,318.5745950686539
562508,episodic_length,126.0
562637,episodic_return,315.75861204134856
562637,episodic_length,128.0
562770,episodic_return,330.40509866161585
562770,episodic_length,132.0
562896,episodic_return,297.2669219991074
562896,episodic_length,125.0
563025,episodic_return,308.2213764594433
563025,episodic_length,128.0
563159,episodic_return,320.6636337037883
563159,episodic_length,133.0
563200,value_loss,0.0006230340804904699
563200,policy_loss,-0.607445478439331
563200,approx_kl,15.404365539550781
563200,clipfrac,0.944384765625
563200,explained_variance,0.9773074127733707
563200,sps,569.0
563295,episodic_return,335.54098826738783
563295,episodic_length,135.0
563422,episodic_return,310.95101354226233
563422,episodic_length,126.0
563556,episodic_return,322.7759473694134
563556,episodic_length,133.0
563690,episodic_return,355.1937026166977
563690,episodic_length,133.0
563820,episodic_return,322.6438044680434
563820,episodic_length,129.0
563951,episodic_return,322.8551150174731
563951,episodic_length,130.0
564081,episodic_return,318.6785500023058
564081,episodic_length,129.0
564211,episodic_return,315.2191050718535
564211,episodic_length,129.0
564340,episodic_return,323.342632422755
564340,episodic_length,128.0
564474,episodic_return,341.1327071404007
564474,episodic_length,133.0
564607,episodic_return,340.04191852333616
564607,episodic_length,132.0
564738,episodic_return,323.2335752960824
564738,episodic_length,130.0
564787,episodic_return,82.55395579685444
564787,episodic_length,48.0
564916,episodic_return,327.7433378082417
564916,episodic_length,128.0
565045,episodic_return,323.8020339357883
565045,episodic_length,128.0
565177,episodic_return,328.93708557067663
565177,episodic_length,131.0
565248,value_loss,0.005953464191406965
565248,policy_loss,-0.18037012219429016
565248,approx_kl,10.966451644897461
565248,clipfrac,0.929541015625
565248,explained_variance,0.9362202510237694
565248,sps,569.0
565311,episodic_return,340.3511140765461
565311,episodic_length,133.0
565445,episodic_return,341.0899441081636
565445,episodic_length,133.0
565580,episodic_return,343.75434593902935
565580,episodic_length,134.0
565716,episodic_return,345.6531704676577
565716,episodic_length,135.0
565841,episodic_return,308.54835834833455
565841,episodic_length,124.0
565979,episodic_return,354.94009941314863
565979,episodic_length,137.0
566116,episodic_return,371.9804967945641
566116,episodic_length,136.0
566250,episodic_return,340.87327440996063
566250,episodic_length,133.0
566385,episodic_return,353.0466751482841
566385,episodic_length,134.0
566521,episodic_return,362.9790178757137
566521,episodic_length,135.0
566656,episodic_return,355.2733623948168
566656,episodic_length,134.0
566791,episodic_return,343.50529193986733
566791,episodic_length,134.0
566925,episodic_return,342.04240119337584
566925,episodic_length,133.0
567062,episodic_return,357.6021807182088
567062,episodic_length,136.0
567210,episodic_return,400.41291972994196
567210,episodic_length,147.0
567296,value_loss,0.0011256017023697495
567296,policy_loss,-0.1768249273300171
567296,approx_kl,10.784500122070312
567296,clipfrac,0.95029296875
567296,explained_variance,0.9675635173916817
567296,sps,569.0
567356,episodic_return,379.14793394792036
567356,episodic_length,145.0
567488,episodic_return,334.5831481702165
567488,episodic_length,131.0
567624,episodic_return,369.12074773369204
567624,episodic_length,135.0
567758,episodic_return,347.9809314429431
567758,episodic_length,133.0
567894,episodic_return,362.2223459314052
567894,episodic_length,135.0
568029,episodic_return,355.7637409567176
568029,episodic_length,134.0
568164,episodic_return,378.60668417211195
568164,episodic_length,134.0
568296,episodic_return,330.3793780512239
568296,episodic_length,131.0
568429,episodic_return,365.7158272704684
568429,episodic_length,132.0
568562,episodic_return,341.3668918985254
568562,episodic_length,132.0
568698,episodic_return,372.3086354481802
568698,episodic_length,135.0
568832,episodic_return,353.8062521420404
568832,episodic_length,133.0
568961,episodic_return,340.1576050268393
568961,episodic_length,128.0
569093,episodic_return,337.5621364108758
569093,episodic_length,131.0
569229,episodic_return,365.9989488635973
569229,episodic_length,135.0
569344,value_loss,0.020976362749934196
569344,policy_loss,-0.024431830272078514
569344,approx_kl,13.271814346313477
569344,clipfrac,0.935693359375
569344,explained_variance,0.9708411861211061
569344,sps,569.0
569364,episodic_return,360.00254732974724
569364,episodic_length,134.0
569499,episodic_return,371.6301411191801
569499,episodic_length,134.0
569634,episodic_return,372.7846218374519
569634,episodic_length,134.0
569770,episodic_return,352.28245171654123
569770,episodic_length,135.0
569906,episodic_return,369.5121982884824
569906,episodic_length,135.0
570045,episodic_return,356.3025430616602
570045,episodic_length,138.0
570180,episodic_return,365.805173766038
570180,episodic_length,134.0
570321,episodic_return,365.0659749553239
570321,episodic_length,140.0
570458,episodic_return,370.25083716230216
570458,episodic_length,136.0
570590,episodic_return,344.0533157526731
570590,episodic_length,131.0
570725,episodic_return,358.7341722289097
570725,episodic_length,134.0
570859,episodic_return,350.3532635367544
570859,episodic_length,133.0
570993,episodic_return,359.6234794526485
570993,episodic_length,133.0
571130,episodic_return,372.32830892171853
571130,episodic_length,136.0
571267,episodic_return,377.16126882404194
571267,episodic_length,136.0
571392,value_loss,0.002389434492215514
571392,policy_loss,-0.23938095569610596
571392,approx_kl,8.270500183105469
571392,clipfrac,0.936767578125
571392,explained_variance,0.97600301168859
571392,sps,569.0
571402,episodic_return,360.1876297776676
571402,episodic_length,134.0
571538,episodic_return,343.15580883189807
571538,episodic_length,135.0
571672,episodic_return,353.158107034185
571672,episodic_length,133.0
571810,episodic_return,375.27617472238643
571810,episodic_length,137.0
571950,episodic_return,351.8396160188699
571950,episodic_length,139.0
572095,episodic_return,363.1455868959933
572095,episodic_length,144.0
572229,episodic_return,362.83974945853964
572229,episodic_length,133.0
572361,episodic_return,350.5360398361966
572361,episodic_length,131.0
572493,episodic_return,340.0774996700642
572493,episodic_length,131.0
572638,episodic_return,394.47750392116006
572638,episodic_length,144.0
572774,episodic_return,356.57190667388454
572774,episodic_length,135.0
572909,episodic_return,370.85349681807435
572909,episodic_length,134.0
573045,episodic_return,355.1532357087215
573045,episodic_length,135.0
573182,episodic_return,357.89903235481086
573182,episodic_length,136.0
573321,episodic_return,372.1345064473868
573321,episodic_length,138.0
573440,value_loss,0.0032047443091869354
573440,policy_loss,-0.038294557482004166
573440,approx_kl,8.00019645690918
573440,clipfrac,0.96103515625
573440,explained_variance,0.9755216985940933
573440,sps,569.0
573458,episodic_return,364.86814962321193
573458,episodic_length,136.0
573598,episodic_return,383.32019432588976
573598,episodic_length,139.0
573740,episodic_return,362.5422603590865
573740,episodic_length,141.0
573880,episodic_return,358.5237479912497
573880,episodic_length,139.0
574019,episodic_return,371.3511629037374
574019,episodic_length,138.0
574162,episodic_return,377.12772541395134
574162,episodic_length,142.0
574298,episodic_return,368.24715521318427
574298,episodic_length,135.0
574433,episodic_return,340.2330813775621
574433,episodic_length,134.0
574569,episodic_return,346.575385296479
574569,episodic_length,135.0
574710,episodic_return,369.2373237555006
574710,episodic_length,140.0
574851,episodic_return,363.94633320054527
574851,episodic_length,140.0
574989,episodic_return,379.1718234980354
574989,episodic_length,137.0
575122,episodic_return,347.40932707383985
575122,episodic_length,132.0
575259,episodic_return,357.01990804594465
575259,episodic_length,136.0
575397,episodic_return,360.0401956675723
575397,episodic_length,137.0
575488,value_loss,0.0022215736098587513
575488,policy_loss,-0.08412784337997437
575488,approx_kl,23.50218963623047
575488,clipfrac,0.94892578125
575488,explained_variance,0.9723701067268848
575488,sps,569.0
575538,episodic_return,378.1250184655637
575538,episodic_length,140.0
575684,episodic_return,381.2753411047444
575684,episodic_length,145.0
575825,episodic_return,369.94032735801835
575825,episodic_length,140.0
575967,episodic_return,353.0371194201386
575967,episodic_length,141.0
576114,episodic_return,380.5898216919068
576114,episodic_length,146.0
576254,episodic_return,364.6805555217982
576254,episodic_length,139.0
576393,episodic_return,372.87872069006704
576393,episodic_length,138.0
576529,episodic_return,348.8637456710187
576529,episodic_length,135.0
576677,episodic_return,390.624953773089
576677,episodic_length,147.0
576817,episodic_return,372.95340249051515
576817,episodic_length,139.0
576966,episodic_return,374.7165415006616
576966,episodic_length,148.0
577107,episodic_return,377.15067617795194
577107,episodic_length,140.0
577246,episodic_return,384.27767333868223
577246,episodic_length,138.0
577383,episodic_return,360.6632322233289
577383,episodic_length,136.0
577525,episodic_return,367.5541393056022
577525,episodic_length,141.0
577536,value_loss,0.0022340971045196056
577536,policy_loss,-0.054939426481723785
577536,approx_kl,11.616989135742188
577536,clipfrac,0.929931640625
577536,explained_variance,0.9789486862719059
577536,sps,569.0
577662,episodic_return,369.84429535761063
577662,episodic_length,136.0
577798,episodic_return,375.90433871238486
577798,episodic_length,135.0
577915,episodic_return,277.222546032069
577915,episodic_length,116.0
578052,episodic_return,369.10178948621507
578052,episodic_length,136.0
578192,episodic_return,345.12674810090897
578192,episodic_length,139.0
578326,episodic_return,346.2256124025015
578326,episodic_length,133.0
578473,episodic_return,392.81564770382414
578473,episodic_length,146.0
578607,episodic_return,343.5203918125927
578607,episodic_length,133.0
578747,episodic_return,388.93809696928145
578747,episodic_length,139.0
578888,episodic_return,378.79177086118557
578888,episodic_length,140.0
579024,episodic_return,354.58825580874577
579024,episodic_length,135.0
579162,episodic_return,378.4114031325275
579162,episodic_length,137.0
579292,episodic_return,334.1723450838902
579292,episodic_length,129.0
579438,episodic_return,397.56568788830145
579438,episodic_length,145.0
579577,episodic_return,381.4557606739602
579577,episodic_length,138.0
579584,value_loss,0.034378811717033386
579584,policy_loss,-0.11551167070865631
579584,approx_kl,24.80033302307129
579584,clipfrac,0.93154296875
579584,explained_variance,0.9603115282952785
579584,sps,569.0
579630,episodic_return,91.05914582912693
579630,episodic_length,52.0
579774,episodic_return,381.87093585875033
579774,episodic_length,143.0
579900,episodic_return,345.67986404118056
579900,episodic_length,125.0
580039,episodic_return,374.7276881967198
580039,episodic_length,138.0
580182,episodic_return,363.0159272268406
580182,episodic_length,142.0
580326,episodic_return,389.3323765666585
580326,episodic_length,143.0
580463,episodic_return,372.6713825784986
580463,episodic_length,136.0
580587,episodic_return,313.8484302640053
580587,episodic_length,123.0
580724,episodic_return,369.67962404881456
580724,episodic_length,136.0
580859,episodic_return,377.2188772138621
580859,episodic_length,134.0
580990,episodic_return,344.54538084440867
580990,episodic_length,130.0
581104,episodic_return,271.56107393474826
581104,episodic_length,113.0
581227,episodic_return,303.23472510551085
581227,episodic_length,122.0
581362,episodic_return,361.5562929000111
581362,episodic_length,134.0
581503,episodic_return,387.45393362146416
581503,episodic_length,140.0
581632,value_loss,0.02230423502624035
581632,policy_loss,0.005866801366209984
581632,approx_kl,7.593147277832031
581632,clipfrac,0.94931640625
581632,explained_variance,0.873047262430191
581632,sps,569.0
581637,episodic_return,371.23522181628573
581637,episodic_length,133.0
581762,episodic_return,334.9574114550435
581762,episodic_length,124.0
581881,episodic_return,291.028599419162
581881,episodic_length,118.0
582021,episodic_return,383.2015766687501
582021,episodic_length,139.0
582153,episodic_return,360.38131593469024
582153,episodic_length,131.0
582290,episodic_return,374.5751911914384
582290,episodic_length,136.0
582419,episodic_return,327.8010834728384
582419,episodic_length,128.0
582543,episodic_return,319.82653443771653
582543,episodic_length,123.0
582672,episodic_return,363.7242003496417
582672,episodic_length,128.0
582802,episodic_return,340.63773659890506
582802,episodic_length,129.0
582935,episodic_return,347.9349194212782
582935,episodic_length,132.0
583064,episodic_return,358.9747816068153
583064,episodic_length,128.0
583190,episodic_return,325.37356568079554
583190,episodic_length,125.0
583322,episodic_return,346.88421508119836
583322,episodic_length,131.0
583451,episodic_return,346.21551512044914
583451,episodic_length,128.0
583578,episodic_return,339.4989584822003
583578,episodic_length,126.0
583680,value_loss,0.036017611622810364
583680,policy_loss,-0.1132526621222496
583680,approx_kl,6.674574851989746
583680,clipfrac,0.917138671875
583680,explained_variance,0.9128409922122955
583680,sps,569.0
583702,episodic_return,313.0506736507289
583702,episodic_length,123.0
583831,episodic_return,359.65107925623835
583831,episodic_length,128.0
583961,episodic_return,352.8947907089002
583961,episodic_length,129.0
584082,episodic_return,325.79747313921604
584082,episodic_length,120.0
584218,episodic_return,376.3813938899684
584218,episodic_length,135.0
584353,episodic_return,369.7343859060898
584353,episodic_length,134.0
584490,episodic_return,376.83315698140615
584490,episodic_length,136.0
584619,episodic_return,336.9942951693464
584619,episodic_length,128.0
584754,episodic_return,355.93262263819634
584754,episodic_length,134.0
584881,episodic_return,349.59909536082216
584881,episodic_length,126.0
585015,episodic_return,354.4607629223914
585015,episodic_length,133.0
585151,episodic_return,375.8347129083533
585151,episodic_length,135.0
585278,episodic_return,325.87228989281675
585278,episodic_length,126.0
585409,episodic_return,372.21431061676947
585409,episodic_length,130.0
585535,episodic_return,324.258278983302
585535,episodic_length,125.0
585673,episodic_return,376.48665245576507
585673,episodic_length,137.0
585728,value_loss,0.03232858330011368
585728,policy_loss,0.026188816875219345
585728,approx_kl,26.579843521118164
585728,clipfrac,0.957861328125
585728,explained_variance,0.9578519910573959
585728,sps,569.0
585791,episodic_return,318.51884025429734
585791,episodic_length,117.0
585919,episodic_return,332.81504850216834
585919,episodic_length,127.0
586056,episodic_return,367.5635864063248
586056,episodic_length,136.0
586192,episodic_return,361.3377016297835
586192,episodic_length,135.0
586323,episodic_return,353.6497735184266
586323,episodic_length,130.0
586463,episodic_return,381.32942566838364
586463,episodic_length,139.0
586601,episodic_return,365.9772654102346
586601,episodic_length,137.0
586735,episodic_return,359.62958278822043
586735,episodic_length,133.0
586876,episodic_return,368.53202901493125
586876,episodic_length,140.0
586996,episodic_return,296.4835683933223
586996,episodic_length,119.0
587134,episodic_return,377.0406554720962
587134,episodic_length,137.0
587270,episodic_return,363.99457699240713
587270,episodic_length,135.0
587413,episodic_return,386.9756152398541
587413,episodic_length,142.0
587549,episodic_return,367.87828675905575
587549,episodic_length,135.0
587676,episodic_return,330.4697256967636
587676,episodic_length,126.0
587776,value_loss,0.01525214221328497
587776,policy_loss,-0.0019153282046318054
587776,approx_kl,126.11740112304688
587776,clipfrac,0.98603515625
587776,explained_variance,0.956285048276186
587776,sps,569.0
587807,episodic_return,372.51946250855957
587807,episodic_length,130.0
587950,episodic_return,386.4947844505679
587950,episodic_length,142.0
588086,episodic_return,360.1606922007303
588086,episodic_length,135.0
588224,episodic_return,374.6034328761179
588224,episodic_length,137.0
588358,episodic_return,361.5975424775382
588358,episodic_length,133.0
588495,episodic_return,385.2088903148992
588495,episodic_length,136.0
588636,episodic_return,376.11117108653843
588636,episodic_length,140.0
588771,episodic_return,361.44014174221456
588771,episodic_length,134.0
588903,episodic_return,348.24350241672573
588903,episodic_length,131.0
589040,episodic_return,376.90993889920827
589040,episodic_length,136.0
589176,episodic_return,355.3959426128947
589176,episodic_length,135.0
589313,episodic_return,381.1861923888158
589313,episodic_length,136.0
589451,episodic_return,386.12235339209803
589451,episodic_length,137.0
589587,episodic_return,374.1591836907515
589587,episodic_length,135.0
589727,episodic_return,373.9872002163961
589727,episodic_length,139.0
589824,value_loss,0.0015298931393772364
589824,policy_loss,-0.21814587712287903
589824,approx_kl,32.03611373901367
589824,clipfrac,0.94560546875
589824,explained_variance,0.9744134061038494
589824,sps,569.0
589867,episodic_return,378.1558757223361
589867,episodic_length,139.0
590005,episodic_return,355.6251412630719
590005,episodic_length,137.0
590147,episodic_return,381.79635855893804
590147,episodic_length,141.0
590281,episodic_return,360.6485766508993
590281,episodic_length,133.0
590419,episodic_return,371.1601338019135
590419,episodic_length,137.0
590554,episodic_return,366.24446087069725
590554,episodic_length,134.0
590692,episodic_return,358.0531057041458
590692,episodic_length,137.0
590830,episodic_return,373.1086510384748
590830,episodic_length,137.0
590963,episodic_return,349.8283144218627
590963,episodic_length,132.0
591099,episodic_return,359.3285433155748
591099,episodic_length,135.0
591237,episodic_return,383.89368601688943
591237,episodic_length,137.0
591373,episodic_return,380.90992917879214
591373,episodic_length,135.0
591509,episodic_return,369.631439973109
591509,episodic_length,135.0
591647,episodic_return,372.48979158619585
591647,episodic_length,137.0
591784,episodic_return,357.3960412070858
591784,episodic_length,136.0
591872,value_loss,0.001431692042388022
591872,policy_loss,-0.22115285694599152
591872,approx_kl,23.203960418701172
591872,clipfrac,0.94970703125
591872,explained_variance,0.9731463957577944
591872,sps,569.0
591932,episodic_return,398.3063656163467
591932,episodic_length,147.0
592071,episodic_return,369.17048781951416
592071,episodic_length,138.0
592210,episodic_return,371.4438827994422
592210,episodic_length,138.0
592347,episodic_return,354.778642958375
592347,episodic_length,136.0
592483,episodic_return,362.60779210853144
592483,episodic_length,135.0
592623,episodic_return,370.97143355944905
592623,episodic_length,139.0
592763,episodic_return,365.2969402238142
592763,episodic_length,139.0
592902,episodic_return,363.7207937157331
592902,episodic_length,138.0
593039,episodic_return,356.15285219677133
593039,episodic_length,136.0
593174,episodic_return,362.27278648316326
593174,episodic_length,134.0
593318,episodic_return,363.77818929470686
593318,episodic_length,143.0
593455,episodic_return,360.44921181313356
593455,episodic_length,136.0
593589,episodic_return,381.15249645700635
593589,episodic_length,133.0
593726,episodic_return,354.17820565766266
593726,episodic_length,136.0
593859,episodic_return,344.00203974985027
593859,episodic_length,132.0
593920,value_loss,0.0009927292121574283
593920,policy_loss,-0.40421438217163086
593920,approx_kl,30.851055145263672
593920,clipfrac,0.94287109375
593920,explained_variance,0.9763526264578104
593920,sps,569.0
593993,episodic_return,354.40021136538587
593993,episodic_length,133.0
594128,episodic_return,369.0099828917931
594128,episodic_length,134.0
594260,episodic_return,354.68136089119264
594260,episodic_length,131.0
594397,episodic_return,366.2615838901689
594397,episodic_length,136.0
594533,episodic_return,378.22242744857454
594533,episodic_length,135.0
594670,episodic_return,376.7445161092541
594670,episodic_length,136.0
594812,episodic_return,390.75708706081457
594812,episodic_length,141.0
594951,episodic_return,372.5664280447458
594951,episodic_length,138.0
595089,episodic_return,376.15728956166964
595089,episodic_length,137.0
595227,episodic_return,378.35562241266297
595227,episodic_length,137.0
595362,episodic_return,376.4491929305002
595362,episodic_length,134.0
595498,episodic_return,384.1056759813659
595498,episodic_length,135.0
595635,episodic_return,368.6194019255572
595635,episodic_length,136.0
595774,episodic_return,375.02147149163306
595774,episodic_length,138.0
595914,episodic_return,365.38738069989904
595914,episodic_length,139.0
595968,value_loss,0.0008129627094604075
595968,policy_loss,0.0037688016891479492
595968,approx_kl,36.80258560180664
595968,clipfrac,0.967041015625
595968,explained_variance,0.9748318549245596
595968,sps,569.0
596052,episodic_return,374.82849564860373
596052,episodic_length,137.0
596200,episodic_return,378.3246828540244
596200,episodic_length,147.0
596340,episodic_return,355.9846726466098
596340,episodic_length,139.0
596480,episodic_return,377.2072452411512
596480,episodic_length,139.0
596613,episodic_return,325.46130482872843
596613,episodic_length,132.0
596753,episodic_return,368.99277370250985
596753,episodic_length,139.0
596892,episodic_return,367.6990402440423
596892,episodic_length,138.0
597032,episodic_return,384.89363523400465
597032,episodic_length,139.0
597168,episodic_return,349.97747557711415
597168,episodic_length,135.0
597311,episodic_return,376.944576707577
597311,episodic_length,142.0
597449,episodic_return,371.92341266959994
597449,episodic_length,137.0
597585,episodic_return,348.6502842619105
597585,episodic_length,135.0
597727,episodic_return,382.36945177168735
597727,episodic_length,141.0
597868,episodic_return,369.5213770768808
597868,episodic_length,140.0
598005,episodic_return,353.15413025843054
598005,episodic_length,136.0
598016,value_loss,0.010515602305531502
598016,policy_loss,-0.12466821819543839
598016,approx_kl,20.994810104370117
598016,clipfrac,0.90859375
598016,explained_variance,0.9726524911820889
598016,sps,569.0
598142,episodic_return,358.9279324071825
598142,episodic_length,136.0
598274,episodic_return,324.02169048280723
598274,episodic_length,131.0
598412,episodic_return,358.83499298368963
598412,episodic_length,137.0
598547,episodic_return,337.81066202500244
598547,episodic_length,134.0
598683,episodic_return,358.0556064127338
598683,episodic_length,135.0
598822,episodic_return,363.2342641643764
598822,episodic_length,138.0
598958,episodic_return,356.94310212056706
598958,episodic_length,135.0
599095,episodic_return,343.4147055267804
599095,episodic_length,136.0
599234,episodic_return,334.5104718188184
599234,episodic_length,138.0
599360,episodic_return,325.5439107756597
599360,episodic_length,125.0
599498,episodic_return,358.1723293767524
599498,episodic_length,137.0
599634,episodic_return,338.04789454810077
599634,episodic_length,135.0
599772,episodic_return,363.1169723032679
599772,episodic_length,137.0
599911,episodic_return,345.71382448774557
599911,episodic_length,138.0
600052,episodic_return,359.58354047336036
600052,episodic_length,140.0
600064,value_loss,0.015462756156921387
600064,policy_loss,-0.2699621021747589
600064,approx_kl,10.742118835449219
600064,clipfrac,0.9234375
600064,explained_variance,0.9709816034883261
600064,sps,569.0
600190,episodic_return,336.41435684280793
600190,episodic_length,137.0
600324,episodic_return,334.5301096138555
600324,episodic_length,133.0
600461,episodic_return,342.1135972361836
600461,episodic_length,136.0
600591,episodic_return,327.20432437171945
600591,episodic_length,129.0
600725,episodic_return,330.8327808146339
600725,episodic_length,133.0
600859,episodic_return,363.71066889202996
600859,episodic_length,133.0
600989,episodic_return,322.1737905747727
600989,episodic_length,129.0
601130,episodic_return,359.1553432713941
601130,episodic_length,140.0
601274,episodic_return,386.8414416916861
601274,episodic_length,143.0
601410,episodic_return,334.4296092953615
601410,episodic_length,135.0
601540,episodic_return,312.6232284815736
601540,episodic_length,129.0
601676,episodic_return,344.83549786340575
601676,episodic_length,135.0
601805,episodic_return,317.68495067033
601805,episodic_length,128.0
601940,episodic_return,355.98588485893015
601940,episodic_length,134.0
602072,episodic_return,346.2276036437826
602072,episodic_length,131.0
602112,value_loss,0.00282735051587224
602112,policy_loss,-0.2142607420682907
602112,approx_kl,11.511957168579102
602112,clipfrac,0.943798828125
602112,explained_variance,0.9706948585808277
602112,sps,569.0
602204,episodic_return,312.406957363366
602204,episodic_length,131.0
602336,episodic_return,326.0940017491368
602336,episodic_length,131.0
602470,episodic_return,322.1147563207522
602470,episodic_length,133.0
602597,episodic_return,318.4951946675409
602597,episodic_length,126.0
602731,episodic_return,332.5343604478163
602731,episodic_length,133.0
602860,episodic_return,317.7536200679676
602860,episodic_length,128.0
602994,episodic_return,338.2963073029749
602994,episodic_length,133.0
603133,episodic_return,358.99833251789914
603133,episodic_length,138.0
603269,episodic_return,351.3099376332927
603269,episodic_length,135.0
603402,episodic_return,330.0831230263918
603402,episodic_length,132.0
603538,episodic_return,346.8265553101329
603538,episodic_length,135.0
603669,episodic_return,311.4687887934517
603669,episodic_length,130.0
603802,episodic_return,320.04856106858034
603802,episodic_length,132.0
603933,episodic_return,331.46104085582726
603933,episodic_length,130.0
604067,episodic_return,323.5659878856498
604067,episodic_length,133.0
604160,value_loss,0.00185098173096776
604160,policy_loss,-0.2499108910560608
604160,approx_kl,21.29231834411621
604160,clipfrac,0.939794921875
604160,explained_variance,0.9750540498644114
604160,sps,569.0
604198,episodic_return,317.3083113440086
604198,episodic_length,130.0
604328,episodic_return,311.9751928556587
604328,episodic_length,129.0
604460,episodic_return,311.7269051338448
604460,episodic_length,131.0
604589,episodic_return,316.27563037552613
604589,episodic_length,128.0
604717,episodic_return,319.83293162148624
604717,episodic_length,127.0
604845,episodic_return,295.87532378394326
604845,episodic_length,127.0
604979,episodic_return,329.12818613926316
604979,episodic_length,133.0
605110,episodic_return,316.8933392020452
605110,episodic_length,130.0
605241,episodic_return,326.4253812988908
605241,episodic_length,130.0
605371,episodic_return,306.1000162289226
605371,episodic_length,129.0
605501,episodic_return,316.0832341032434
605501,episodic_length,129.0
605633,episodic_return,316.6641633547713
605633,episodic_length,131.0
605762,episodic_return,320.8449234854826
605762,episodic_length,128.0
605896,episodic_return,322.25815615231693
605896,episodic_length,133.0
606028,episodic_return,318.18206993732935
606028,episodic_length,131.0
606158,episodic_return,317.92960952526505
606158,episodic_length,129.0
606208,value_loss,0.03571837395429611
606208,policy_loss,-0.12236000597476959
606208,approx_kl,18.600109100341797
606208,clipfrac,0.9451171875
606208,explained_variance,0.9737209249287844
606208,sps,569.0
606290,episodic_return,314.4164601728277
606290,episodic_length,131.0
606420,episodic_return,329.9656670084483
606420,episodic_length,129.0
606560,episodic_return,326.6498202566861
606560,episodic_length,139.0
606701,episodic_return,318.5902398268685
606701,episodic_length,140.0
606835,episodic_return,317.4095629592731
606835,episodic_length,133.0
606967,episodic_return,323.85062140366404
606967,episodic_length,131.0
607094,episodic_return,313.74869803183356
607094,episodic_length,126.0
607224,episodic_return,313.7815489120342
607224,episodic_length,129.0
607353,episodic_return,316.67742674065687
607353,episodic_length,128.0
607493,episodic_return,334.70142125557385
607493,episodic_length,139.0
607627,episodic_return,315.09594538184217
607627,episodic_length,133.0
607759,episodic_return,320.3555447238194
607759,episodic_length,131.0
607897,episodic_return,333.4353663866777
607897,episodic_length,137.0
608029,episodic_return,310.13692077189853
608029,episodic_length,131.0
608160,episodic_return,329.86950652997666
608160,episodic_length,130.0
608256,value_loss,0.03333337977528572
608256,policy_loss,-0.11871705204248428
608256,approx_kl,21.946868896484375
608256,clipfrac,0.967138671875
608256,explained_variance,0.9758268054574728
608256,sps,569.0
608293,episodic_return,327.5702743323885
608293,episodic_length,132.0
608430,episodic_return,326.3318023986308
608430,episodic_length,136.0
608561,episodic_return,309.974047941929
608561,episodic_length,130.0
608692,episodic_return,316.982013710187
608692,episodic_length,130.0
608825,episodic_return,331.8827216850902
608825,episodic_length,132.0
608958,episodic_return,325.40827728580643
608958,episodic_length,132.0
609100,episodic_return,330.02098766817625
609100,episodic_length,141.0
609233,episodic_return,320.5845293944376
609233,episodic_length,132.0
609368,episodic_return,320.66188552056116
609368,episodic_length,134.0
609503,episodic_return,322.34904659943294
609503,episodic_length,134.0
609641,episodic_return,329.0717288111509
609641,episodic_length,137.0
609779,episodic_return,335.2087855413724
609779,episodic_length,137.0
609919,episodic_return,326.5735038106134
609919,episodic_length,139.0
610053,episodic_return,319.8260237690205
610053,episodic_length,133.0
610182,episodic_return,312.3464922675101
610182,episodic_length,128.0
610304,value_loss,0.0018078116700053215
610304,policy_loss,-0.055661916732788086
610304,approx_kl,19.411991119384766
610304,clipfrac,0.9640625
610304,explained_variance,0.9752006456255913
610304,sps,569.0
610312,episodic_return,302.7342093637472
610312,episodic_length,129.0
610447,episodic_return,325.2627805600337
610447,episodic_length,134.0
610583,episodic_return,338.2111885057127
610583,episodic_length,135.0
610723,episodic_return,338.4039864417099
610723,episodic_length,139.0
610859,episodic_return,334.27328876000735
610859,episodic_length,135.0
610996,episodic_return,335.21529325972824
610996,episodic_length,136.0
611126,episodic_return,319.07974222727995
611126,episodic_length,129.0
611253,episodic_return,315.9667329375027
611253,episodic_length,126.0
611388,episodic_return,324.6733951678489
611388,episodic_length,134.0
611520,episodic_return,332.9595812066274
611520,episodic_length,131.0
611673,episodic_return,352.27124140554935
611673,episodic_length,152.0
611802,episodic_return,317.5003516518169
611802,episodic_length,128.0
611939,episodic_return,322.90425966314
611939,episodic_length,136.0
612074,episodic_return,319.6548782913637
612074,episodic_length,134.0
612205,episodic_return,312.19327785700375
612205,episodic_length,130.0
612342,episodic_return,320.1440197429305
612342,episodic_length,136.0
612352,value_loss,0.0011445789132267237
612352,policy_loss,-0.03565090894699097
612352,approx_kl,35.63494110107422
612352,clipfrac,0.9357421875
612352,explained_variance,0.9642387889325619
612352,sps,569.0
612475,episodic_return,336.813436596106
612475,episodic_length,132.0
612606,episodic_return,313.0089356264034
612606,episodic_length,130.0
612740,episodic_return,337.31526633958225
612740,episodic_length,133.0
612870,episodic_return,307.1775233517999
612870,episodic_length,129.0
613001,episodic_return,325.9354762476435
613001,episodic_length,130.0
613132,episodic_return,313.0245475411847
613132,episodic_length,130.0
613261,episodic_return,322.39451094176064
613261,episodic_length,128.0
613405,episodic_return,337.4099070723993
613405,episodic_length,143.0
613535,episodic_return,316.8628855565562
613535,episodic_length,129.0
613668,episodic_return,319.56223740821304
613668,episodic_length,132.0
613802,episodic_return,311.9864772785973
613802,episodic_length,133.0
613936,episodic_return,323.4166282583993
613936,episodic_length,133.0
614070,episodic_return,314.8377685185638
614070,episodic_length,133.0
614208,episodic_return,330.8367915894815
614208,episodic_length,137.0
614340,episodic_return,320.68065887089796
614340,episodic_length,131.0
614400,value_loss,0.0009915000991895795
614400,policy_loss,-0.09275200963020325
614400,approx_kl,13.519058227539062
614400,clipfrac,0.971484375
614400,explained_variance,0.9769836142659187
614400,sps,569.0
614473,episodic_return,317.0744502730092
614473,episodic_length,132.0
614607,episodic_return,327.1688316943833
614607,episodic_length,133.0
614746,episodic_return,333.99430065177233
614746,episodic_length,138.0
614880,episodic_return,328.5342022359396
614880,episodic_length,133.0
615012,episodic_return,314.47212039898125
615012,episodic_length,131.0
615144,episodic_return,313.52046622131166
615144,episodic_length,131.0
615283,episodic_return,323.70263010492994
615283,episodic_length,138.0
615421,episodic_return,329.59651956125055
615421,episodic_length,137.0
615544,episodic_return,296.8180727474074
615544,episodic_length,122.0
615690,episodic_return,341.8870041696624
615690,episodic_length,145.0
615811,episodic_return,301.8552514268508
615811,episodic_length,120.0
615944,episodic_return,335.02398603383216
615944,episodic_length,132.0
616077,episodic_return,312.37684280175495
616077,episodic_length,132.0
616210,episodic_return,332.16517104007175
616210,episodic_length,132.0
616343,episodic_return,324.85715762832837
616343,episodic_length,132.0
616448,value_loss,0.04738108068704605
616448,policy_loss,0.08877570182085037
616448,approx_kl,14.918240547180176
616448,clipfrac,0.952685546875
616448,explained_variance,0.9766776394098997
616448,sps,569.0
616477,episodic_return,325.22919021327664
616477,episodic_length,133.0
616608,episodic_return,316.95022514730573
616608,episodic_length,130.0
616739,episodic_return,312.55018367274795
616739,episodic_length,130.0
616864,episodic_return,301.8764519092021
616864,episodic_length,124.0
616999,episodic_return,345.8983381170312
616999,episodic_length,134.0
617127,episodic_return,306.32202644109634
617127,episodic_length,127.0
617257,episodic_return,315.69638903087167
617257,episodic_length,129.0
617388,episodic_return,316.56300822248147
617388,episodic_length,130.0
617523,episodic_return,325.8426954148885
617523,episodic_length,134.0
617655,episodic_return,313.11506170816256
617655,episodic_length,131.0
617789,episodic_return,327.36491205497475
617789,episodic_length,133.0
617920,episodic_return,313.07788018533944
617920,episodic_length,130.0
618058,episodic_return,327.2881676566394
618058,episodic_length,137.0
618193,episodic_return,333.1770493745479
618193,episodic_length,134.0
618328,episodic_return,332.8734722208279
618328,episodic_length,134.0
618461,episodic_return,315.08023068489445
618461,episodic_length,132.0
618496,value_loss,0.0016510060522705317
618496,policy_loss,-0.1626216173171997
618496,approx_kl,20.825801849365234
618496,clipfrac,0.959716796875
618496,explained_variance,0.983510984107852
618496,sps,569.0
618591,episodic_return,327.08396842940243
618591,episodic_length,129.0
618722,episodic_return,311.08567544864223
618722,episodic_length,130.0
618850,episodic_return,307.11480080340874
618850,episodic_length,127.0
618981,episodic_return,320.6998796583451
618981,episodic_length,130.0
619112,episodic_return,316.118439348555
619112,episodic_length,130.0
619246,episodic_return,321.05577655772595
619246,episodic_length,133.0
619379,episodic_return,343.32034865004226
619379,episodic_length,132.0
619509,episodic_return,324.6321364479245
619509,episodic_length,129.0
619637,episodic_return,313.8796594464017
619637,episodic_length,127.0
619773,episodic_return,332.88024240347335
619773,episodic_length,135.0
619904,episodic_return,322.4372093155076
619904,episodic_length,130.0
620039,episodic_return,320.1893060453074
620039,episodic_length,134.0
620166,episodic_return,306.06820185039953
620166,episodic_length,126.0
620296,episodic_return,310.1160715067759
620296,episodic_length,129.0
620427,episodic_return,312.84278932112153
620427,episodic_length,130.0
620544,value_loss,0.0008433483308181167
620544,policy_loss,-0.02658553421497345
620544,approx_kl,26.508338928222656
620544,clipfrac,0.964599609375
620544,explained_variance,0.980611914768815
620544,sps,569.0
620557,episodic_return,323.7227543820093
620557,episodic_length,129.0
620688,episodic_return,321.0414422574836
620688,episodic_length,130.0
620822,episodic_return,330.0632065811108
620822,episodic_length,133.0
620952,episodic_return,310.8119416609104
620952,episodic_length,129.0
621086,episodic_return,335.146544802403
621086,episodic_length,133.0
621224,episodic_return,326.9918699036993
621224,episodic_length,137.0
621348,episodic_return,306.4518254418528
621348,episodic_length,123.0
621476,episodic_return,320.6993291150222
621476,episodic_length,127.0
621608,episodic_return,318.6533319051568
621608,episodic_length,131.0
621737,episodic_return,317.6501880082546
621737,episodic_length,128.0
621865,episodic_return,314.44970119549896
621865,episodic_length,127.0
621995,episodic_return,327.35507191709166
621995,episodic_length,129.0
622125,episodic_return,324.46090058437295
622125,episodic_length,129.0
622255,episodic_return,332.46916606686943
622255,episodic_length,129.0
622383,episodic_return,317.7479953804266
622383,episodic_length,127.0
622514,episodic_return,317.8211147402128
622514,episodic_length,130.0
622592,value_loss,0.0006109931273385882
622592,policy_loss,-0.4556374251842499
622592,approx_kl,10.006813049316406
622592,clipfrac,0.9544921875
622592,explained_variance,0.9814493041485548
622592,sps,569.0
622644,episodic_return,320.06856731981065
622644,episodic_length,129.0
622771,episodic_return,304.84529154629115
622771,episodic_length,126.0
622908,episodic_return,338.6500486136515
622908,episodic_length,136.0
623037,episodic_return,315.66391281829556
623037,episodic_length,128.0
623164,episodic_return,316.4222385112179
623164,episodic_length,126.0
623295,episodic_return,327.727781642947
623295,episodic_length,130.0
623420,episodic_return,303.39922794971056
623420,episodic_length,124.0
623551,episodic_return,337.67518246643016
623551,episodic_length,130.0
623683,episodic_return,330.4625918898614
623683,episodic_length,131.0
623811,episodic_return,313.69803088569313
623811,episodic_length,127.0
623940,episodic_return,318.0684148250775
623940,episodic_length,128.0
624070,episodic_return,311.88318901508217
624070,episodic_length,129.0
624196,episodic_return,319.24908716598156
624196,episodic_length,125.0
624327,episodic_return,334.6544059301427
624327,episodic_length,130.0
624460,episodic_return,346.5610814352944
624460,episodic_length,132.0
624593,episodic_return,333.6818384737853
624593,episodic_length,132.0
624640,value_loss,0.0008960611303336918
624640,policy_loss,-0.25805503129959106
624640,approx_kl,24.731884002685547
624640,clipfrac,0.96279296875
624640,explained_variance,0.9791237432509661
624640,sps,569.0
624723,episodic_return,317.26743339447876
624723,episodic_length,129.0
624857,episodic_return,349.08311910593795
624857,episodic_length,133.0
624983,episodic_return,311.45392762902844
624983,episodic_length,125.0
625116,episodic_return,337.8185311865762
625116,episodic_length,132.0
625246,episodic_return,309.5629734431305
625246,episodic_length,129.0
625376,episodic_return,317.22786617412834
625376,episodic_length,129.0
625508,episodic_return,315.2561676741703
625508,episodic_length,131.0
625638,episodic_return,313.80693907196036
625638,episodic_length,129.0
625766,episodic_return,308.9581180343022
625766,episodic_length,127.0
625897,episodic_return,324.91627574023187
625897,episodic_length,130.0
626035,episodic_return,353.7322267089536
626035,episodic_length,137.0
626163,episodic_return,308.010237942864
626163,episodic_length,127.0
626299,episodic_return,349.15888604164894
626299,episodic_length,135.0
626425,episodic_return,305.62145428181327
626425,episodic_length,125.0
626557,episodic_return,323.4607465954128
626557,episodic_length,131.0
626686,episodic_return,318.58042714741816
626686,episodic_length,128.0
626688,value_loss,0.000714156951289624
626688,policy_loss,-0.058293748646974564
626688,approx_kl,34.50934600830078
626688,clipfrac,0.971826171875
626688,explained_variance,0.9814654123038054
626688,sps,569.0
626820,episodic_return,335.6249163535154
626820,episodic_length,133.0
626948,episodic_return,307.4164093977186
626948,episodic_length,127.0
627083,episodic_return,337.2252326768752
627083,episodic_length,134.0
627216,episodic_return,337.8277213281975
627216,episodic_length,132.0
627350,episodic_return,340.7501009932222
627350,episodic_length,133.0
627487,episodic_return,336.6654209583228
627487,episodic_length,136.0
627619,episodic_return,325.7220735788185
627619,episodic_length,131.0
627751,episodic_return,317.13563444916207
627751,episodic_length,131.0
627882,episodic_return,322.20577748647355
627882,episodic_length,130.0
628011,episodic_return,314.5949155574473
628011,episodic_length,128.0
628141,episodic_return,332.67218747148644
628141,episodic_length,129.0
628270,episodic_return,339.0620642617521
628270,episodic_length,128.0
628396,episodic_return,297.3953189653013
628396,episodic_length,125.0
628532,episodic_return,335.88779437394874
628532,episodic_length,135.0
628659,episodic_return,313.0271689381185
628659,episodic_length,126.0
628736,value_loss,0.0029887170530855656
628736,policy_loss,-0.0592414066195488
628736,approx_kl,14.679786682128906
628736,clipfrac,0.954638671875
628736,explained_variance,0.9830059725791216
628736,sps,569.0
628785,episodic_return,301.7375549196532
628785,episodic_length,125.0
628916,episodic_return,314.1093022113055
628916,episodic_length,130.0
629048,episodic_return,325.68205989552735
629048,episodic_length,131.0
629178,episodic_return,328.4183031912099
629178,episodic_length,129.0
629308,episodic_return,332.4527160876701
629308,episodic_length,129.0
629435,episodic_return,304.81032655988486
629435,episodic_length,126.0
629561,episodic_return,319.09887009289525
629561,episodic_length,125.0
629692,episodic_return,324.1131339289149
629692,episodic_length,130.0
629821,episodic_return,327.40479081541224
629821,episodic_length,128.0
629954,episodic_return,328.6190855938369
629954,episodic_length,132.0
630087,episodic_return,323.4303550444469
630087,episodic_length,132.0
630221,episodic_return,329.75143199830575
630221,episodic_length,133.0
630355,episodic_return,335.94253651161733
630355,episodic_length,133.0
630487,episodic_return,343.2772105024846
630487,episodic_length,131.0
630619,episodic_return,316.37027032544705
630619,episodic_length,131.0
630751,episodic_return,327.2633266061247
630751,episodic_length,131.0
630784,value_loss,0.003753536380827427
630784,policy_loss,-0.06115221977233887
630784,approx_kl,31.706253051757812
630784,clipfrac,0.963818359375
630784,explained_variance,0.982057036831975
630784,sps,569.0
630879,episodic_return,326.6957840182176
630879,episodic_length,127.0
631012,episodic_return,313.4363375154931
631012,episodic_length,132.0
631142,episodic_return,324.3616202616587
631142,episodic_length,129.0
631275,episodic_return,325.7700551554686
631275,episodic_length,132.0
631402,episodic_return,307.3642532117071
631402,episodic_length,126.0
631531,episodic_return,312.76491318826874
631531,episodic_length,128.0
631660,episodic_return,328.0489978608835
631660,episodic_length,128.0
631792,episodic_return,312.9892530751247
631792,episodic_length,131.0
631924,episodic_return,329.2782098971582
631924,episodic_length,131.0
632052,episodic_return,313.96885840412875
632052,episodic_length,127.0
632183,episodic_return,323.36362361284824
632183,episodic_length,130.0
632317,episodic_return,325.89732528263784
632317,episodic_length,133.0
632440,episodic_return,299.66524880102776
632440,episodic_length,122.0
632571,episodic_return,317.84905044270624
632571,episodic_length,130.0
632705,episodic_return,323.83797296734156
632705,episodic_length,133.0
632832,value_loss,0.020489880815148354
632832,policy_loss,-0.017959516495466232
632832,approx_kl,22.670997619628906
632832,clipfrac,0.95341796875
632832,explained_variance,0.975520109757781
632832,sps,569.0
632835,episodic_return,324.30450483192993
632835,episodic_length,129.0
632970,episodic_return,341.4361698802764
632970,episodic_length,134.0
633102,episodic_return,352.8985005108107
633102,episodic_length,131.0
633234,episodic_return,343.42977175901126
633234,episodic_length,131.0
633370,episodic_return,335.72238053155826
633370,episodic_length,135.0
633499,episodic_return,326.4441413296184
633499,episodic_length,128.0
633630,episodic_return,330.6807757379949
633630,episodic_length,130.0
633760,episodic_return,327.2303989302616
633760,episodic_length,129.0
633888,episodic_return,315.2175776142152
633888,episodic_length,127.0
634011,episodic_return,310.61887027804613
634011,episodic_length,122.0
634139,episodic_return,327.91674253603594
634139,episodic_length,127.0
634274,episodic_return,342.4556242101442
634274,episodic_length,134.0
634409,episodic_return,351.03391049377115
634409,episodic_length,134.0
634525,episodic_return,284.0373547467357
634525,episodic_length,115.0
634652,episodic_return,313.2622804783053
634652,episodic_length,126.0
634787,episodic_return,334.97833560790855
634787,episodic_length,134.0
634880,value_loss,0.0026532779447734356
634880,policy_loss,-0.6838571429252625
634880,approx_kl,12.060980796813965
634880,clipfrac,0.94697265625
634880,explained_variance,0.9791665878146887
634880,sps,569.0
634908,episodic_return,305.9433323800393
634908,episodic_length,120.0
635041,episodic_return,342.1962345535735
635041,episodic_length,132.0
635172,episodic_return,315.73440721705884
635172,episodic_length,130.0
635306,episodic_return,345.5147714828797
635306,episodic_length,133.0
635439,episodic_return,316.71232025813924
635439,episodic_length,132.0
635575,episodic_return,353.46543160345334
635575,episodic_length,135.0
635712,episodic_return,353.7828546627327
635712,episodic_length,136.0
635850,episodic_return,354.06089577941515
635850,episodic_length,137.0
635983,episodic_return,319.62524652367966
635983,episodic_length,132.0
636114,episodic_return,334.9610679613528
636114,episodic_length,130.0
636246,episodic_return,329.14867225318346
636246,episodic_length,131.0
636373,episodic_return,319.986917395205
636373,episodic_length,126.0
636506,episodic_return,325.09927749006755
636506,episodic_length,132.0
636636,episodic_return,321.4759998885521
636636,episodic_length,129.0
636766,episodic_return,332.6679700493662
636766,episodic_length,129.0
636899,episodic_return,334.91549187266025
636899,episodic_length,132.0
636928,value_loss,0.013456828892230988
636928,policy_loss,0.021067049354314804
636928,approx_kl,14.049148559570312
636928,clipfrac,0.947412109375
636928,explained_variance,0.9787254761904478
636928,sps,569.0
637030,episodic_return,327.22358637809447
637030,episodic_length,130.0
637163,episodic_return,347.80699439955566
637163,episodic_length,132.0
637297,episodic_return,357.76132761048166
637297,episodic_length,133.0
637430,episodic_return,341.7760743926627
637430,episodic_length,132.0
637557,episodic_return,321.51699098135214
637557,episodic_length,126.0
637695,episodic_return,352.6552858942791
637695,episodic_length,137.0
637818,episodic_return,310.947284953239
637818,episodic_length,122.0
637950,episodic_return,339.32567399654204
637950,episodic_length,131.0
638078,episodic_return,318.86202121388027
638078,episodic_length,127.0
638213,episodic_return,349.41291286283905
638213,episodic_length,134.0
638345,episodic_return,334.2891074368419
638345,episodic_length,131.0
638477,episodic_return,351.51056412519443
638477,episodic_length,131.0
638598,episodic_return,300.0569017806666
638598,episodic_length,120.0
638728,episodic_return,331.02797388245517
638728,episodic_length,129.0
638861,episodic_return,353.2283357232811
638861,episodic_length,132.0
638976,value_loss,0.0010733408853411674
638976,policy_loss,-0.2537308931350708
638976,approx_kl,8.781195640563965
638976,clipfrac,0.941259765625
638976,explained_variance,0.9801784455776215
638976,sps,569.0
638996,episodic_return,346.4301491938647
638996,episodic_length,134.0
639126,episodic_return,329.05555160368976
639126,episodic_length,129.0
639259,episodic_return,343.8453913298171
639259,episodic_length,132.0
639392,episodic_return,354.7991121559057
639392,episodic_length,132.0
639516,episodic_return,324.39258928793885
639516,episodic_length,123.0
639645,episodic_return,318.38009381265823
639645,episodic_length,128.0
639767,episodic_return,314.2070488476616
639767,episodic_length,121.0
639898,episodic_return,317.52701117251206
639898,episodic_length,130.0
640034,episodic_return,353.99251665649587
640034,episodic_length,135.0
640175,episodic_return,340.87345111522654
640175,episodic_length,140.0
640301,episodic_return,315.535262408438
640301,episodic_length,125.0
640430,episodic_return,332.31090575069027
640430,episodic_length,128.0
640562,episodic_return,342.8359803225426
640562,episodic_length,131.0
640693,episodic_return,352.6495594119049
640693,episodic_length,130.0
640828,episodic_return,347.17351750411007
640828,episodic_length,134.0
640953,episodic_return,326.09706655178684
640953,episodic_length,124.0
641024,value_loss,0.0014862911775708199
641024,policy_loss,-0.02018125355243683
641024,approx_kl,10.281569480895996
641024,clipfrac,0.955078125
641024,explained_variance,0.9789664577692747
641024,sps,569.0
641086,episodic_return,350.7675367548222
641086,episodic_length,132.0
641217,episodic_return,356.4802798854182
641217,episodic_length,130.0
641351,episodic_return,347.80541127818213
641351,episodic_length,133.0
641484,episodic_return,338.64716706693423
641484,episodic_length,132.0
641616,episodic_return,339.19533747736864
641616,episodic_length,131.0
641748,episodic_return,339.41506367251253
641748,episodic_length,131.0
641881,episodic_return,345.08153971985126
641881,episodic_length,132.0
642019,episodic_return,364.92665221707637
642019,episodic_length,137.0
642154,episodic_return,353.88708074116437
642154,episodic_length,134.0
642290,episodic_return,321.61948773644906
642290,episodic_length,135.0
642425,episodic_return,353.80293854655196
642425,episodic_length,134.0
642559,episodic_return,342.9537967678635
642559,episodic_length,133.0
642687,episodic_return,349.8770998639307
642687,episodic_length,127.0
642817,episodic_return,339.29030833145475
642817,episodic_length,129.0
642951,episodic_return,354.59497994631374
642951,episodic_length,133.0
643072,value_loss,0.001413368503563106
643072,policy_loss,-0.026695527136325836
643072,approx_kl,22.41400718688965
643072,clipfrac,0.965087890625
643072,explained_variance,0.9786300994455814
643072,sps,569.0
643081,episodic_return,337.86109650121904
643081,episodic_length,129.0
643218,episodic_return,372.13463040065875
643218,episodic_length,136.0
643356,episodic_return,355.1781479750565
643356,episodic_length,137.0
643405,episodic_return,82.9808138832288
643405,episodic_length,48.0
643535,episodic_return,335.37162715600607
643535,episodic_length,129.0
643672,episodic_return,351.2663636677135
643672,episodic_length,136.0
643806,episodic_return,344.3967700952244
643806,episodic_length,133.0
643941,episodic_return,346.625471155003
643941,episodic_length,134.0
644078,episodic_return,356.84535122840975
644078,episodic_length,136.0
644215,episodic_return,369.3525529470751
644215,episodic_length,136.0
644349,episodic_return,358.98869816860883
644349,episodic_length,133.0
644485,episodic_return,382.0841732726945
644485,episodic_length,135.0
644620,episodic_return,350.74853477566745
644620,episodic_length,134.0
644756,episodic_return,358.28542235160774
644756,episodic_length,135.0
644890,episodic_return,360.56002013210843
644890,episodic_length,133.0
645024,episodic_return,353.99556694484426
645024,episodic_length,133.0
645120,value_loss,0.04162731021642685
645120,policy_loss,-0.26003700494766235
645120,approx_kl,13.02852725982666
645120,clipfrac,0.9185546875
645120,explained_variance,0.9292766526341438
645120,sps,569.0
645156,episodic_return,354.576606540911
645156,episodic_length,131.0
645292,episodic_return,352.4424272986755
645292,episodic_length,135.0
645430,episodic_return,359.8224290493527
645430,episodic_length,137.0
645568,episodic_return,378.31386462279875
645568,episodic_length,137.0
645698,episodic_return,368.635964312834
645698,episodic_length,129.0
645826,episodic_return,307.573463379834
645826,episodic_length,127.0
645968,episodic_return,359.73581759866664
645968,episodic_length,141.0
646105,episodic_return,359.0880802192042
646105,episodic_length,136.0
646236,episodic_return,359.1681206051821
646236,episodic_length,130.0
646370,episodic_return,368.30811514744664
646370,episodic_length,133.0
646505,episodic_return,372.1878957180178
646505,episodic_length,134.0
646640,episodic_return,367.63959081228137
646640,episodic_length,134.0
646769,episodic_return,340.0556000298943
646769,episodic_length,128.0
646902,episodic_return,343.593495093316
646902,episodic_length,132.0
647041,episodic_return,360.74002524948673
647041,episodic_length,138.0
647168,value_loss,0.0035891588777303696
647168,policy_loss,-0.2223256528377533
647168,approx_kl,21.394912719726562
647168,clipfrac,0.941845703125
647168,explained_variance,0.9752157498151064
647168,sps,569.0
647174,episodic_return,351.24532054580436
647174,episodic_length,132.0
647308,episodic_return,350.74235069378716
647308,episodic_length,133.0
647441,episodic_return,364.2632597483339
647441,episodic_length,132.0
647576,episodic_return,355.7311651133974
647576,episodic_length,134.0
647716,episodic_return,348.25284383915806
647716,episodic_length,139.0
647852,episodic_return,353.2047127050133
647852,episodic_length,135.0
647984,episodic_return,346.9077515889956
647984,episodic_length,131.0
648118,episodic_return,354.70636906005853
648118,episodic_length,133.0
648251,episodic_return,344.0701758738037
648251,episodic_length,132.0
648401,episodic_return,381.1599742553813
648401,episodic_length,149.0
648534,episodic_return,324.46997406136165
648534,episodic_length,132.0
648667,episodic_return,341.8705421557392
648667,episodic_length,132.0
648804,episodic_return,357.92366305873895
648804,episodic_length,136.0
648935,episodic_return,348.1424260974468
648935,episodic_length,130.0
649070,episodic_return,351.64142238452985
649070,episodic_length,134.0
649213,episodic_return,355.8572300522944
649213,episodic_length,142.0
649216,value_loss,0.001271504326723516
649216,policy_loss,-0.030445218086242676
649216,approx_kl,12.30738353729248
649216,clipfrac,0.949267578125
649216,explained_variance,0.9815256986767054
649216,sps,569.0
649345,episodic_return,361.33385228498724
649345,episodic_length,131.0
649475,episodic_return,339.5642260838688
649475,episodic_length,129.0
649605,episodic_return,344.2818956256601
649605,episodic_length,129.0
649737,episodic_return,343.45538217365373
649737,episodic_length,131.0
649871,episodic_return,348.0535378810698
649871,episodic_length,133.0
650004,episodic_return,339.54314408066057
650004,episodic_length,132.0
650133,episodic_return,326.0445893930678
650133,episodic_length,128.0
650269,episodic_return,359.6211105335479
650269,episodic_length,135.0
650401,episodic_return,344.2091386237404
650401,episodic_length,131.0
650539,episodic_return,368.903493180475
650539,episodic_length,137.0
650672,episodic_return,353.2776716681913
650672,episodic_length,132.0
650806,episodic_return,372.28775079061637
650806,episodic_length,133.0
650939,episodic_return,355.6118979369122
650939,episodic_length,132.0
651069,episodic_return,360.8204203355893
651069,episodic_length,129.0
651205,episodic_return,358.3285515764553
651205,episodic_length,135.0
651264,value_loss,0.004953916184604168
651264,policy_loss,-0.6549854874610901
651264,approx_kl,5.52360725402832
651264,clipfrac,0.944921875
651264,explained_variance,0.978860929608345
651264,sps,569.0
651335,episodic_return,325.4729868144897
651335,episodic_length,129.0
651380,episodic_return,74.38614866184552
651380,episodic_length,44.0
651513,episodic_return,346.6039599714899
651513,episodic_length,132.0
651644,episodic_return,342.5119320830606
651644,episodic_length,130.0
651778,episodic_return,343.84375538930726
651778,episodic_length,133.0
651910,episodic_return,359.1354948056284
651910,episodic_length,131.0
652044,episodic_return,350.1888083256354
652044,episodic_length,133.0
652176,episodic_return,365.4279994744515
652176,episodic_length,131.0
652309,episodic_return,359.756095822473
652309,episodic_length,132.0
652452,episodic_return,359.37667692486394
652452,episodic_length,142.0
652583,episodic_return,359.6523788526772
652583,episodic_length,130.0
652715,episodic_return,340.30072010328087
652715,episodic_length,131.0
652847,episodic_return,369.11216886196223
652847,episodic_length,131.0
652979,episodic_return,352.60380628724823
652979,episodic_length,131.0
653110,episodic_return,343.0379201923916
653110,episodic_length,130.0
653244,episodic_return,351.96732565940454
653244,episodic_length,133.0
653290,episodic_return,76.41131209363441
653290,episodic_length,45.0
653312,value_loss,0.020068926736712456
653312,policy_loss,-0.07498499751091003
653312,approx_kl,4.882561683654785
653312,clipfrac,0.920361328125
653312,explained_variance,0.8918977230787277
653312,sps,569.0
653423,episodic_return,367.0879967455786
653423,episodic_length,132.0
653555,episodic_return,365.9803786848001
653555,episodic_length,131.0
653686,episodic_return,346.370652853189
653686,episodic_length,130.0
653817,episodic_return,364.60659932307925
653817,episodic_length,130.0
653947,episodic_return,354.33371473692023
653947,episodic_length,129.0
654081,episodic_return,348.9183808675137
654081,episodic_length,133.0
654212,episodic_return,342.5945343508671
654212,episodic_length,130.0
654345,episodic_return,349.30631396433296
654345,episodic_length,132.0
654480,episodic_return,356.1330688708688
654480,episodic_length,134.0
654617,episodic_return,350.0158148764457
654617,episodic_length,136.0
654745,episodic_return,341.71614580338905
654745,episodic_length,127.0
654875,episodic_return,337.60704273466496
654875,episodic_length,129.0
655006,episodic_return,349.18427570191216
655006,episodic_length,130.0
655139,episodic_return,348.27825339250523
655139,episodic_length,132.0
655269,episodic_return,338.3404124174689
655269,episodic_length,129.0
655360,value_loss,0.007189513184130192
655360,policy_loss,-0.2454851269721985
655360,approx_kl,32.607330322265625
655360,clipfrac,0.967626953125
655360,explained_variance,0.9746045041829348
655360,sps,569.0
655399,episodic_return,339.3455000777842
655399,episodic_length,129.0
655524,episodic_return,339.7180440919411
655524,episodic_length,124.0
655659,episodic_return,356.40829349103944
655659,episodic_length,134.0
655791,episodic_return,356.63699086788904
655791,episodic_length,131.0
655918,episodic_return,351.44001882553357
655918,episodic_length,126.0
656049,episodic_return,362.69880481339885
656049,episodic_length,130.0
656177,episodic_return,342.98637406248287
656177,episodic_length,127.0
656308,episodic_return,349.84794949220037
656308,episodic_length,130.0
656437,episodic_return,348.93959821916957
656437,episodic_length,128.0
656567,episodic_return,337.937382693765
656567,episodic_length,129.0
656702,episodic_return,361.95399756758667
656702,episodic_length,134.0
656832,episodic_return,355.36056828392157
656832,episodic_length,129.0
656964,episodic_return,359.7502892844036
656964,episodic_length,131.0
657097,episodic_return,355.8335248691808
657097,episodic_length,132.0
657230,episodic_return,364.5832552616888
657230,episodic_length,132.0
657366,episodic_return,363.5039441012449
657366,episodic_length,135.0
657408,value_loss,0.015419892966747284
657408,policy_loss,-0.03744865208864212
657408,approx_kl,11.047847747802734
657408,clipfrac,0.9634765625
657408,explained_variance,0.9745643436908722
657408,sps,569.0
657494,episodic_return,351.573825105392
657494,episodic_length,127.0
657629,episodic_return,370.1296464715517
657629,episodic_length,134.0
657759,episodic_return,337.90011889269465
657759,episodic_length,129.0
657877,episodic_return,318.7137471120355
657877,episodic_length,117.0
658003,episodic_return,346.7436650522568
658003,episodic_length,125.0
658135,episodic_return,364.5075195076121
658135,episodic_length,131.0
658269,episodic_return,366.74124060308134
658269,episodic_length,133.0
658402,episodic_return,345.89744668633034
658402,episodic_length,132.0
658532,episodic_return,363.46891831511357
658532,episodic_length,129.0
658665,episodic_return,370.5710829117833
658665,episodic_length,132.0
658793,episodic_return,347.30009616038484
658793,episodic_length,127.0
658930,episodic_return,370.23883180793916
658930,episodic_length,136.0
659063,episodic_return,368.37735987152695
659063,episodic_length,132.0
659194,episodic_return,360.46892259840183
659194,episodic_length,130.0
659325,episodic_return,360.4747575707255
659325,episodic_length,130.0
659456,episodic_return,356.608384139261
659456,episodic_length,130.0
659456,value_loss,0.005287116393446922
659456,policy_loss,-0.4058554172515869
659456,approx_kl,16.96744155883789
659456,clipfrac,0.970654296875
659456,explained_variance,0.9738370403647423
659456,sps,569.0
659587,episodic_return,357.95869708534633
659587,episodic_length,130.0
659720,episodic_return,358.4034068706035
659720,episodic_length,132.0
659855,episodic_return,363.22567715175734
659855,episodic_length,134.0
659986,episodic_return,355.202138255444
659986,episodic_length,130.0
660119,episodic_return,353.292755684408
660119,episodic_length,132.0
660253,episodic_return,372.5236692879532
660253,episodic_length,133.0
660383,episodic_return,351.050909583051
660383,episodic_length,129.0
660514,episodic_return,338.58958489461645
660514,episodic_length,130.0
660658,episodic_return,384.2196637648265
660658,episodic_length,143.0
660793,episodic_return,369.0975977762691
660793,episodic_length,134.0
660920,episodic_return,358.4058821237238
660920,episodic_length,126.0
661055,episodic_return,366.6407392289178
661055,episodic_length,134.0
661190,episodic_return,359.0004879001568
661190,episodic_length,134.0
661322,episodic_return,350.22554728283785
661322,episodic_length,131.0
661459,episodic_return,362.1351634815146
661459,episodic_length,136.0
661504,value_loss,0.014066105708479881
661504,policy_loss,-0.025088977068662643
661504,approx_kl,34.629913330078125
661504,clipfrac,0.9705078125
661504,explained_variance,0.9799757711589336
661504,sps,569.0
661590,episodic_return,364.64461254112564
661590,episodic_length,130.0
661721,episodic_return,358.6468071326231
661721,episodic_length,130.0
661854,episodic_return,358.14576352421955
661854,episodic_length,132.0
661979,episodic_return,340.7532564809859
661979,episodic_length,124.0
662103,episodic_return,320.2761634836811
662103,episodic_length,123.0
662230,episodic_return,335.8013688855411
662230,episodic_length,126.0
662363,episodic_return,351.8740093474292
662363,episodic_length,132.0
662493,episodic_return,363.2375117757565
662493,episodic_length,129.0
662624,episodic_return,355.84794610308643
662624,episodic_length,130.0
662757,episodic_return,353.06742885945073
662757,episodic_length,132.0
662889,episodic_return,345.0788864616768
662889,episodic_length,131.0
663024,episodic_return,352.00180779869714
663024,episodic_length,134.0
663161,episodic_return,370.02144576436825
663161,episodic_length,136.0
663296,episodic_return,361.88123871413484
663296,episodic_length,134.0
663430,episodic_return,356.38815024827477
663430,episodic_length,133.0
663552,value_loss,0.0007816936122253537
663552,policy_loss,-0.03428163379430771
663552,approx_kl,18.529001235961914
663552,clipfrac,0.966357421875
663552,explained_variance,0.9770027715712786
663552,sps,569.0
663559,episodic_return,349.42780536579704
663559,episodic_length,128.0
663673,episodic_return,301.14991367178834
663673,episodic_length,113.0
663798,episodic_return,347.63519389391416
663798,episodic_length,124.0
663930,episodic_return,360.1943910327017
663930,episodic_length,131.0
664062,episodic_return,354.3083139536081
664062,episodic_length,131.0
664196,episodic_return,364.2238211038419
664196,episodic_length,133.0
664329,episodic_return,366.19683978765556
664329,episodic_length,132.0
664457,episodic_return,349.207045912038
664457,episodic_length,127.0
664588,episodic_return,354.581701168598
664588,episodic_length,130.0
664705,episodic_return,312.8253381744157
664705,episodic_length,116.0
664837,episodic_return,371.3152251736556
664837,episodic_length,131.0
664966,episodic_return,352.7038663275643
664966,episodic_length,128.0
665099,episodic_return,359.59359921395225
665099,episodic_length,132.0
665218,episodic_return,328.8687148259876
665218,episodic_length,118.0
665346,episodic_return,351.87330047454833
665346,episodic_length,127.0
665477,episodic_return,360.13943821384635
665477,episodic_length,130.0
665600,value_loss,0.025377437472343445
665600,policy_loss,-0.09107896685600281
665600,approx_kl,5.163708686828613
665600,clipfrac,0.933203125
665600,explained_variance,0.9675413593649864
665600,sps,569.0
665604,episodic_return,354.2957615740425
665604,episodic_length,126.0
665724,episodic_return,309.61385258496745
665724,episodic_length,119.0
665847,episodic_return,321.6806816115987
665847,episodic_length,122.0
665974,episodic_return,342.8170468405151
665974,episodic_length,126.0
666092,episodic_return,319.4194592782001
666092,episodic_length,117.0
666208,episodic_return,296.7314437555409
666208,episodic_length,115.0
666323,episodic_return,299.79689031910243
666323,episodic_length,114.0
666442,episodic_return,317.8724212455031
666442,episodic_length,118.0
666564,episodic_return,333.2277845649361
666564,episodic_length,121.0
666684,episodic_return,325.30489250563147
666684,episodic_length,119.0
666813,episodic_return,365.848925050394
666813,episodic_length,128.0
666946,episodic_return,368.9728990007049
666946,episodic_length,132.0
667069,episodic_return,330.16083505518367
667069,episodic_length,122.0
667198,episodic_return,355.277192655976
667198,episodic_length,128.0
667326,episodic_return,349.96857762537223
667326,episodic_length,127.0
667444,episodic_return,315.25774813706727
667444,episodic_length,117.0
667567,episodic_return,324.8091210899708
667567,episodic_length,122.0
667648,value_loss,0.013510189019143581
667648,policy_loss,-0.1017027497291565
667648,approx_kl,11.418340682983398
667648,clipfrac,0.9369140625
667648,explained_variance,0.945933997631073
667648,sps,569.0
667689,episodic_return,324.9353128172928
667689,episodic_length,121.0
667806,episodic_return,309.06084117295467
667806,episodic_length,116.0
667906,episodic_return,227.20474716146157
667906,episodic_length,99.0
668028,episodic_return,323.8750455288848
668028,episodic_length,121.0
668142,episodic_return,297.0851101843622
668142,episodic_length,113.0
668254,episodic_return,277.95407889329147
668254,episodic_length,111.0
668353,episodic_return,226.35689075736494
668353,episodic_length,98.0
668449,episodic_return,222.3987538960858
668449,episodic_length,95.0
668573,episodic_return,333.2328291329709
668573,episodic_length,123.0
668674,episodic_return,233.57265686118495
668674,episodic_length,100.0
668767,episodic_return,213.3750296665983
668767,episodic_length,92.0
668890,episodic_return,330.5243471946194
668890,episodic_length,122.0
668984,episodic_return,213.865708738805
668984,episodic_length,93.0
669079,episodic_return,210.93169742106485
669079,episodic_length,94.0
669177,episodic_return,220.92696307339025
669177,episodic_length,97.0
669276,episodic_return,229.4152390583726
669276,episodic_length,98.0
669383,episodic_return,258.21796138434536
669383,episodic_length,106.0
669497,episodic_return,282.70689059756285
669497,episodic_length,113.0
669604,episodic_return,254.37452670194017
669604,episodic_length,106.0
669696,value_loss,0.12017881870269775
669696,policy_loss,-0.2874027490615845
669696,approx_kl,4.969629287719727
669696,clipfrac,0.897607421875
669696,explained_variance,0.6939195692539215
669696,sps,569.0
669700,episodic_return,221.6643013661414
669700,episodic_length,95.0
669803,episodic_return,239.68990449460156
669803,episodic_length,102.0
669909,episodic_return,258.1971725008528
669909,episodic_length,105.0
670030,episodic_return,325.4452510385013
670030,episodic_length,120.0
670133,episodic_return,236.33152055442363
670133,episodic_length,102.0
670247,episodic_return,286.6932159727344
670247,episodic_length,113.0
670361,episodic_return,283.1865805598467
670361,episodic_length,113.0
670478,episodic_return,298.0029100145121
670478,episodic_length,116.0
670604,episodic_return,351.4948244783759
670604,episodic_length,125.0
670717,episodic_return,290.33082939640684
670717,episodic_length,112.0
670818,episodic_return,230.3889022633567
670818,episodic_length,100.0
670933,episodic_return,305.4551429991596
670933,episodic_length,114.0
671042,episodic_return,273.0637043602836
671042,episodic_length,108.0
671147,episodic_return,253.10973265885855
671147,episodic_length,104.0
671244,episodic_return,223.41379776583278
671244,episodic_length,96.0
671364,episodic_return,315.3964841605941
671364,episodic_length,119.0
671463,episodic_return,219.50922511954934
671463,episodic_length,98.0
671589,episodic_return,340.38840029663237
671589,episodic_length,125.0
671704,episodic_return,300.79479144481076
671704,episodic_length,114.0
671744,value_loss,0.04539123922586441
671744,policy_loss,-0.0843210443854332
671744,approx_kl,5.7609333992004395
671744,clipfrac,0.909326171875
671744,explained_variance,0.821478933095932
671744,sps,569.0
671804,episodic_return,227.42259796218937
671804,episodic_length,99.0
671904,episodic_return,227.77293913491013
671904,episodic_length,99.0
671999,episodic_return,217.31414623429046
671999,episodic_length,94.0
672098,episodic_return,223.3698958154548
672098,episodic_length,98.0
672194,episodic_return,219.9196194035399
672194,episodic_length,95.0
672313,episodic_return,320.71413729970396
672313,episodic_length,118.0
672438,episodic_return,350.98976130960716
672438,episodic_length,124.0
672556,episodic_return,304.68764622908674
672556,episodic_length,117.0
672648,episodic_return,206.42329761013264
672648,episodic_length,91.0
672748,episodic_return,229.66154600171436
672748,episodic_length,99.0
672854,episodic_return,277.9009914226027
672854,episodic_length,105.0
672959,episodic_return,243.10441441818628
672959,episodic_length,104.0
673072,episodic_return,298.2011251235513
673072,episodic_length,112.0
673170,episodic_return,222.23634792447442
673170,episodic_length,97.0
673290,episodic_return,316.9895531750084
673290,episodic_length,119.0
673386,episodic_return,218.77142032346657
673386,episodic_length,95.0
673483,episodic_return,222.45375214844884
673483,episodic_length,96.0
673596,episodic_return,281.9162490666808
673596,episodic_length,112.0
673692,episodic_return,221.4462834240819
673692,episodic_length,95.0
673784,episodic_return,211.9548664607651
673784,episodic_length,91.0
673792,value_loss,0.06739266216754913
673792,policy_loss,-0.04703909531235695
673792,approx_kl,6.916171550750732
673792,clipfrac,0.897216796875
673792,explained_variance,0.7618656903505325
673792,sps,569.0
673905,episodic_return,321.03621858580766
673905,episodic_length,120.0
674022,episodic_return,312.6179966569756
674022,episodic_length,116.0
674125,episodic_return,250.10592395362045
674125,episodic_length,102.0
674230,episodic_return,255.72878060629867
674230,episodic_length,104.0
674344,episodic_return,284.93340318013264
674344,episodic_length,113.0
674466,episodic_return,329.0067047278035
674466,episodic_length,121.0
674560,episodic_return,213.22950335352513
674560,episodic_length,93.0
674688,episodic_return,353.3831036900772
674688,episodic_length,127.0
674800,episodic_return,290.34652923869334
674800,episodic_length,111.0
674927,episodic_return,350.3201528730302
674927,episodic_length,126.0
675028,episodic_return,240.49630751655263
675028,episodic_length,100.0
675136,episodic_return,261.22049053552627
675136,episodic_length,107.0
675234,episodic_return,223.95297811624624
675234,episodic_length,97.0
675350,episodic_return,310.63297946347325
675350,episodic_length,115.0
675446,episodic_return,218.98415437061732
675446,episodic_length,95.0
675559,episodic_return,297.90312399760563
675559,episodic_length,112.0
675679,episodic_return,320.96941152006974
675679,episodic_length,119.0
675803,episodic_return,341.5276242558151
675803,episodic_length,123.0
675840,value_loss,0.041294582188129425
675840,policy_loss,0.0014040207024663687
675840,approx_kl,57.867652893066406
675840,clipfrac,0.97138671875
675840,explained_variance,0.8761737421154976
675840,sps,569.0
675932,episodic_return,349.61979710458036
675932,episodic_length,128.0
676063,episodic_return,354.03890539809555
676063,episodic_length,130.0
676188,episodic_return,345.0733173325544
676188,episodic_length,124.0
676319,episodic_return,365.7800600737279
676319,episodic_length,130.0
676430,episodic_return,287.7037482798378
676430,episodic_length,110.0
676560,episodic_return,354.586164066581
676560,episodic_length,129.0
676689,episodic_return,351.1736062506787
676689,episodic_length,128.0
676818,episodic_return,359.01169183696055
676818,episodic_length,128.0
676951,episodic_return,365.6429815701998
676951,episodic_length,132.0
677082,episodic_return,355.2392850789447
677082,episodic_length,130.0
677212,episodic_return,358.3997468347813
677212,episodic_length,129.0
677343,episodic_return,365.5725503223857
677343,episodic_length,130.0
677470,episodic_return,350.22309994523084
677470,episodic_length,126.0
677596,episodic_return,332.85092469831824
677596,episodic_length,125.0
677725,episodic_return,349.8364457738225
677725,episodic_length,128.0
677855,episodic_return,352.114514411265
677855,episodic_length,129.0
677888,value_loss,0.008582549169659615
677888,policy_loss,-0.4788796305656433
677888,approx_kl,19.492755889892578
677888,clipfrac,0.94013671875
677888,explained_variance,0.9492867216467857
677888,sps,569.0
677974,episodic_return,324.3324710816558
677974,episodic_length,118.0
678098,episodic_return,342.71339002197385
678098,episodic_length,123.0
678230,episodic_return,364.33941668300076
678230,episodic_length,131.0
678362,episodic_return,372.661674333961
678362,episodic_length,131.0
678497,episodic_return,376.9849333927964
678497,episodic_length,134.0
678630,episodic_return,372.85159068333115
678630,episodic_length,132.0
678753,episodic_return,348.7027772135022
678753,episodic_length,122.0
678883,episodic_return,360.09436704219735
678883,episodic_length,129.0
679012,episodic_return,356.5438500548334
679012,episodic_length,128.0
679136,episodic_return,344.27384641913693
679136,episodic_length,123.0
679267,episodic_return,366.91251758811063
679267,episodic_length,130.0
679401,episodic_return,375.9251933576906
679401,episodic_length,133.0
679531,episodic_return,354.31142644927587
679531,episodic_length,129.0
679657,episodic_return,352.86512677762533
679657,episodic_length,125.0
679786,episodic_return,346.8160846648955
679786,episodic_length,128.0
679917,episodic_return,347.89843167597456
679917,episodic_length,130.0
679936,value_loss,0.01511999312788248
679936,policy_loss,-0.5063644647598267
679936,approx_kl,21.954029083251953
679936,clipfrac,0.9537109375
679936,explained_variance,0.9537036381661892
679936,sps,569.0
680045,episodic_return,358.24019795156687
680045,episodic_length,127.0
680177,episodic_return,361.7029833431567
680177,episodic_length,131.0
680313,episodic_return,376.7593129647723
680313,episodic_length,135.0
680443,episodic_return,367.01084550719105
680443,episodic_length,129.0
680575,episodic_return,361.5961055306601
680575,episodic_length,131.0
680706,episodic_return,351.67404681348563
680706,episodic_length,130.0
680838,episodic_return,372.9224652894585
680838,episodic_length,131.0
680969,episodic_return,365.46900626911315
680969,episodic_length,130.0
681096,episodic_return,358.4791680082291
681096,episodic_length,126.0
681234,episodic_return,390.89418877191105
681234,episodic_length,137.0
681367,episodic_return,372.79828025461643
681367,episodic_length,132.0
681497,episodic_return,365.182239592393
681497,episodic_length,129.0
681626,episodic_return,355.2985841819827
681626,episodic_length,128.0
681758,episodic_return,353.4344135156971
681758,episodic_length,131.0
681888,episodic_return,368.5325918490867
681888,episodic_length,129.0
681984,value_loss,0.0016519075725227594
681984,policy_loss,-0.19005835056304932
681984,approx_kl,11.540925025939941
681984,clipfrac,0.92099609375
681984,explained_variance,0.9725516494363546
681984,sps,569.0
682019,episodic_return,349.2543010807633
682019,episodic_length,130.0
682149,episodic_return,362.19283840996695
682149,episodic_length,129.0
682279,episodic_return,347.1157805718979
682279,episodic_length,129.0
682410,episodic_return,357.91510191909816
682410,episodic_length,130.0
682541,episodic_return,364.3136316409998
682541,episodic_length,130.0
682666,episodic_return,347.1278076974748
682666,episodic_length,124.0
682798,episodic_return,349.8849958534421
682798,episodic_length,131.0
682930,episodic_return,366.8618542402566
682930,episodic_length,131.0
683060,episodic_return,355.60354272744405
683060,episodic_length,129.0
683189,episodic_return,347.5820355798236
683189,episodic_length,128.0
683322,episodic_return,376.1779258922549
683322,episodic_length,132.0
683450,episodic_return,350.96992047460856
683450,episodic_length,127.0
683579,episodic_return,360.4543124216704
683579,episodic_length,128.0
683706,episodic_return,356.74254597899113
683706,episodic_length,126.0
683835,episodic_return,346.31067708095816
683835,episodic_length,128.0
683968,episodic_return,374.6136508700692
683968,episodic_length,132.0
684032,value_loss,0.003121351357549429
684032,policy_loss,-0.18116670846939087
684032,approx_kl,14.138338088989258
684032,clipfrac,0.9130859375
684032,explained_variance,0.9700049012899399
684032,sps,569.0
684098,episodic_return,355.24828914595923
684098,episodic_length,129.0
684231,episodic_return,364.28446175135434
684231,episodic_length,132.0
684363,episodic_return,366.7428155824692
684363,episodic_length,131.0
684487,episodic_return,339.2743738167548
684487,episodic_length,123.0
684622,episodic_return,379.1650708331725
684622,episodic_length,134.0
684749,episodic_return,339.6359423834168
684749,episodic_length,126.0
684874,episodic_return,341.78556979113876
684874,episodic_length,124.0
685006,episodic_return,367.1116905104804
685006,episodic_length,131.0
685128,episodic_return,336.99992129673547
685128,episodic_length,121.0
685259,episodic_return,354.1569610104311
685259,episodic_length,130.0
685388,episodic_return,363.4308846696375
685388,episodic_length,128.0
685515,episodic_return,355.3201280819512
685515,episodic_length,126.0
685642,episodic_return,344.73921020005616
685642,episodic_length,126.0
685769,episodic_return,351.3709948258682
685769,episodic_length,126.0
685891,episodic_return,337.5722401197136
685891,episodic_length,121.0
686018,episodic_return,347.67875848306187
686018,episodic_length,126.0
686080,value_loss,0.027464862912893295
686080,policy_loss,-0.07804065942764282
686080,approx_kl,6.466765403747559
686080,clipfrac,0.928125
686080,explained_variance,0.9673060402274132
686080,sps,569.0
686146,episodic_return,349.83996130744544
686146,episodic_length,127.0
686274,episodic_return,345.7861852482893
686274,episodic_length,127.0
686403,episodic_return,357.7500017290043
686403,episodic_length,128.0
686529,episodic_return,352.46665037150086
686529,episodic_length,125.0
686654,episodic_return,332.9046500506152
686654,episodic_length,124.0
686786,episodic_return,370.41936144157694
686786,episodic_length,131.0
686917,episodic_return,363.2218906614083
686917,episodic_length,130.0
687045,episodic_return,349.4161298435123
687045,episodic_length,127.0
687174,episodic_return,348.2225037927142
687174,episodic_length,128.0
687303,episodic_return,364.07413616090463
687303,episodic_length,128.0
687429,episodic_return,344.8654183991056
687429,episodic_length,125.0
687558,episodic_return,353.88317769598706
687558,episodic_length,128.0
687690,episodic_return,361.74232395276107
687690,episodic_length,131.0
687817,episodic_return,355.00234321168296
687817,episodic_length,126.0
687948,episodic_return,370.6570696087734
687948,episodic_length,130.0
688075,episodic_return,353.330174424226
688075,episodic_length,126.0
688128,value_loss,0.002229120349511504
688128,policy_loss,-0.21424084901809692
688128,approx_kl,7.704526901245117
688128,clipfrac,0.946875
688128,explained_variance,0.9705712459981441
688128,sps,569.0
688203,episodic_return,353.210521695121
688203,episodic_length,127.0
688332,episodic_return,359.19066850721316
688332,episodic_length,128.0
688462,episodic_return,343.2059322535529
688462,episodic_length,129.0
688589,episodic_return,352.1027045137172
688589,episodic_length,126.0
688711,episodic_return,335.0256917231583
688711,episodic_length,121.0
688839,episodic_return,353.6963289065351
688839,episodic_length,127.0
688969,episodic_return,353.1255689836722
688969,episodic_length,129.0
689102,episodic_return,370.2216129632776
689102,episodic_length,132.0
689233,episodic_return,348.7083843862508
689233,episodic_length,130.0
689365,episodic_return,366.58932714390136
689365,episodic_length,131.0
689496,episodic_return,350.66088376379855
689496,episodic_length,130.0
689623,episodic_return,353.22664689593597
689623,episodic_length,126.0
689753,episodic_return,358.37526102184324
689753,episodic_length,129.0
689877,episodic_return,345.430950074491
689877,episodic_length,123.0
690006,episodic_return,351.67765497669376
690006,episodic_length,128.0
690133,episodic_return,349.14816307241625
690133,episodic_length,126.0
690176,value_loss,0.001537341857329011
690176,policy_loss,-0.2803218364715576
690176,approx_kl,11.956600189208984
690176,clipfrac,0.92841796875
690176,explained_variance,0.9618498980998993
690176,sps,569.0
690259,episodic_return,330.4683402303936
690259,episodic_length,125.0
690388,episodic_return,351.39232907426367
690388,episodic_length,128.0
690517,episodic_return,335.96927918706143
690517,episodic_length,128.0
690641,episodic_return,343.0716195026488
690641,episodic_length,123.0
690772,episodic_return,351.33837430002586
690772,episodic_length,130.0
690901,episodic_return,346.3582795286605
690901,episodic_length,128.0
691024,episodic_return,328.320293020813
691024,episodic_length,122.0
691150,episodic_return,340.0812780577427
691150,episodic_length,125.0
691274,episodic_return,331.52239852155094
691274,episodic_length,123.0
691402,episodic_return,331.876080621665
691402,episodic_length,127.0
691528,episodic_return,339.60282130719025
691528,episodic_length,125.0
691656,episodic_return,338.3145002314794
691656,episodic_length,127.0
691782,episodic_return,343.54448890731845
691782,episodic_length,125.0
691910,episodic_return,336.88787661170284
691910,episodic_length,127.0
692034,episodic_return,328.35702680280696
692034,episodic_length,123.0
692159,episodic_return,326.9897242040127
692159,episodic_length,124.0
692224,value_loss,0.04215383529663086
692224,policy_loss,-0.077663354575634
692224,approx_kl,6.776319980621338
692224,clipfrac,0.947314453125
692224,explained_variance,0.9627249352633953
692224,sps,569.0
692280,episodic_return,320.02199376809375
692280,episodic_length,120.0
692409,episodic_return,335.2626793679349
692409,episodic_length,128.0
692535,episodic_return,334.86875476101324
692535,episodic_length,125.0
692664,episodic_return,332.9412646671389
692664,episodic_length,128.0
692786,episodic_return,297.70536734301305
692786,episodic_length,121.0
692909,episodic_return,312.5582523023618
692909,episodic_length,122.0
693038,episodic_return,334.0444404910926
693038,episodic_length,128.0
693165,episodic_return,327.8534537478474
693165,episodic_length,126.0
693292,episodic_return,337.84952875779004
693292,episodic_length,126.0
693421,episodic_return,359.79913432276567
693421,episodic_length,128.0
693553,episodic_return,369.858567932242
693553,episodic_length,131.0
693680,episodic_return,338.2634044518402
693680,episodic_length,126.0
693807,episodic_return,339.0197343299291
693807,episodic_length,126.0
693932,episodic_return,330.1633369841316
693932,episodic_length,124.0
694062,episodic_return,356.4682688925457
694062,episodic_length,129.0
694185,episodic_return,316.8664495279798
694185,episodic_length,122.0
694272,value_loss,0.033195607364177704
694272,policy_loss,-0.10988637804985046
694272,approx_kl,13.002042770385742
694272,clipfrac,0.931298828125
694272,explained_variance,0.9605633988976479
694272,sps,569.0
694314,episodic_return,335.5327772698054
694314,episodic_length,128.0
694444,episodic_return,352.2554194172529
694444,episodic_length,129.0
694565,episodic_return,299.83891112961646
694565,episodic_length,120.0
694693,episodic_return,345.3003082192382
694693,episodic_length,127.0
694824,episodic_return,354.8623276434012
694824,episodic_length,130.0
694954,episodic_return,342.28578672862005
694954,episodic_length,129.0
695082,episodic_return,348.24057884484785
695082,episodic_length,127.0
695209,episodic_return,334.4802086770468
695209,episodic_length,126.0
695334,episodic_return,322.5345661374834
695334,episodic_length,124.0
695464,episodic_return,339.61770356913433
695464,episodic_length,129.0
695592,episodic_return,329.2324393275307
695592,episodic_length,127.0
695721,episodic_return,337.32162862506226
695721,episodic_length,128.0
695848,episodic_return,331.3177390603976
695848,episodic_length,126.0
695974,episodic_return,338.1458814433126
695974,episodic_length,125.0
696103,episodic_return,354.1271155407617
696103,episodic_length,128.0
696231,episodic_return,334.7094171435233
696231,episodic_length,127.0
696320,value_loss,0.005179431289434433
696320,policy_loss,-0.05548364296555519
696320,approx_kl,19.62929916381836
696320,clipfrac,0.948974609375
696320,explained_variance,0.9758116342127323
696320,sps,569.0
696360,episodic_return,355.4914204598216
696360,episodic_length,128.0
696490,episodic_return,352.06972242951946
696490,episodic_length,129.0
696616,episodic_return,336.2867238339002
696616,episodic_length,125.0
696660,episodic_return,72.38045798193461
696660,episodic_length,43.0
696792,episodic_return,353.43872982037584
696792,episodic_length,131.0
696922,episodic_return,356.56868505237634
696922,episodic_length,129.0
697055,episodic_return,373.80689378997926
697055,episodic_length,132.0
697188,episodic_return,353.3207922619344
697188,episodic_length,132.0
697317,episodic_return,358.1382844304287
697317,episodic_length,128.0
697444,episodic_return,334.6885969529779
697444,episodic_length,126.0
697574,episodic_return,362.8380531114476
697574,episodic_length,129.0
697705,episodic_return,349.5883844437677
697705,episodic_length,130.0
697835,episodic_return,358.6257284646936
697835,episodic_length,129.0
697878,episodic_return,72.22396744308112
697878,episodic_length,42.0
697998,episodic_return,302.2988418024442
697998,episodic_length,119.0
698128,episodic_return,354.80446171091427
698128,episodic_length,129.0
698257,episodic_return,337.3800292924923
698257,episodic_length,128.0
698368,value_loss,0.04995090141892433
698368,policy_loss,-0.09819408506155014
698368,approx_kl,5.109199523925781
698368,clipfrac,0.919970703125
698368,explained_variance,0.8731736540794373
698368,sps,569.0
698388,episodic_return,349.0170481609252
698388,episodic_length,130.0
698524,episodic_return,368.17519738668034
698524,episodic_length,135.0
698653,episodic_return,348.61169474173386
698653,episodic_length,128.0
698780,episodic_return,352.0156730950889
698780,episodic_length,126.0
698901,episodic_return,321.5862384386955
698901,episodic_length,120.0
699031,episodic_return,342.9286821426136
699031,episodic_length,129.0
699159,episodic_return,342.7312343030554
699159,episodic_length,127.0
699291,episodic_return,351.01891068403137
699291,episodic_length,131.0
699415,episodic_return,329.12859647164737
699415,episodic_length,123.0
699545,episodic_return,355.86329367221026
699545,episodic_length,129.0
699674,episodic_return,333.9194621414655
699674,episodic_length,128.0
699805,episodic_return,354.5139322252995
699805,episodic_length,130.0
699934,episodic_return,337.4803345802436
699934,episodic_length,128.0
700059,episodic_return,344.2814615591607
700059,episodic_length,124.0
700189,episodic_return,343.88696451725787
700189,episodic_length,129.0
700313,episodic_return,329.9572839768328
700313,episodic_length,123.0
700416,value_loss,0.007559654302895069
700416,policy_loss,-0.10604362189769745
700416,approx_kl,28.46419906616211
700416,clipfrac,0.966845703125
700416,explained_variance,0.9748918488621712
700416,sps,569.0
700443,episodic_return,358.52610446183076
700443,episodic_length,129.0
700567,episodic_return,326.0503789195076
700567,episodic_length,123.0
700698,episodic_return,354.79918472237335
700698,episodic_length,130.0
700829,episodic_return,351.23141721284327
700829,episodic_length,130.0
700956,episodic_return,342.39033691423435
700956,episodic_length,126.0
701083,episodic_return,358.23332774559606
701083,episodic_length,126.0
701207,episodic_return,343.79392050936247
701207,episodic_length,123.0
701332,episodic_return,337.3169518195232
701332,episodic_length,124.0
701459,episodic_return,341.78515118607
701459,episodic_length,126.0
701585,episodic_return,349.2451698766819
701585,episodic_length,125.0
701714,episodic_return,359.3218934615527
701714,episodic_length,128.0
701845,episodic_return,357.519839909379
701845,episodic_length,130.0
701970,episodic_return,328.2431361450432
701970,episodic_length,124.0
702100,episodic_return,362.4589399192152
702100,episodic_length,129.0
702229,episodic_return,352.64569210806656
702229,episodic_length,128.0
702361,episodic_return,351.7744005396944
702361,episodic_length,131.0
702464,value_loss,0.0012980045285075903
702464,policy_loss,-0.440271258354187
702464,approx_kl,20.498315811157227
702464,clipfrac,0.935791015625
702464,explained_variance,0.9746022578328848
702464,sps,569.0
702486,episodic_return,326.60765843748464
702486,episodic_length,124.0
702611,episodic_return,333.5247705044352
702611,episodic_length,124.0
702740,episodic_return,351.9152731090553
702740,episodic_length,128.0
702862,episodic_return,338.57858135152304
702862,episodic_length,121.0
702992,episodic_return,354.44104779160995
702992,episodic_length,129.0
703120,episodic_return,360.3620102234149
703120,episodic_length,127.0
703247,episodic_return,341.4504451594769
703247,episodic_length,126.0
703376,episodic_return,352.9570348266468
703376,episodic_length,128.0
703505,episodic_return,360.4323039880057
703505,episodic_length,128.0
703632,episodic_return,336.1072028280896
703632,episodic_length,126.0
703759,episodic_return,350.6193024621766
703759,episodic_length,126.0
703880,episodic_return,335.83031665389103
703880,episodic_length,120.0
704008,episodic_return,353.5850096872484
704008,episodic_length,127.0
704135,episodic_return,346.70049443128516
704135,episodic_length,126.0
704262,episodic_return,344.8591188718483
704262,episodic_length,126.0
704389,episodic_return,337.99045693442844
704389,episodic_length,126.0
704512,value_loss,0.004740923643112183
704512,policy_loss,0.03661802411079407
704512,approx_kl,25.037702560424805
704512,clipfrac,0.94873046875
704512,explained_variance,0.9729023873806
704512,sps,569.0
704515,episodic_return,323.6890848730485
704515,episodic_length,125.0
704641,episodic_return,346.2223396321034
704641,episodic_length,125.0
704763,episodic_return,333.64479929306736
704763,episodic_length,121.0
704889,episodic_return,341.2409220861046
704889,episodic_length,125.0
705018,episodic_return,346.805080658572
705018,episodic_length,128.0
705147,episodic_return,348.80674814749176
705147,episodic_length,128.0
705274,episodic_return,349.5806099113365
705274,episodic_length,126.0
705400,episodic_return,345.7507747071847
705400,episodic_length,125.0
705525,episodic_return,341.88321711339574
705525,episodic_length,124.0
705653,episodic_return,339.52647790917007
705653,episodic_length,127.0
705773,episodic_return,326.7396150345183
705773,episodic_length,119.0
705895,episodic_return,334.82550105145805
705895,episodic_length,121.0
706023,episodic_return,335.5020871945431
706023,episodic_length,127.0
706149,episodic_return,340.2628144412188
706149,episodic_length,125.0
706275,episodic_return,331.9885040519956
706275,episodic_length,125.0
706401,episodic_return,336.7154526703382
706401,episodic_length,125.0
706532,episodic_return,362.94113262115656
706532,episodic_length,130.0
706560,value_loss,0.03846341744065285
706560,policy_loss,0.0009200907661579549
706560,approx_kl,17.570281982421875
706560,clipfrac,0.925634765625
706560,explained_variance,0.9673604890704155
706560,sps,569.0
706651,episodic_return,327.4558960556592
706651,episodic_length,118.0
706779,episodic_return,343.4111610094519
706779,episodic_length,127.0
706905,episodic_return,332.22788340659355
706905,episodic_length,125.0
707023,episodic_return,319.0396036859262
707023,episodic_length,117.0
707152,episodic_return,342.1985052598165
707152,episodic_length,128.0
707275,episodic_return,332.28078915859186
707275,episodic_length,122.0
707403,episodic_return,354.6862324719533
707403,episodic_length,127.0
707527,episodic_return,327.42590099524915
707527,episodic_length,123.0
707654,episodic_return,346.1884518644197
707654,episodic_length,126.0
707772,episodic_return,318.8091060179222
707772,episodic_length,117.0
707899,episodic_return,342.35756333062875
707899,episodic_length,126.0
708024,episodic_return,339.6201790037768
708024,episodic_length,124.0
708155,episodic_return,363.3448840372345
708155,episodic_length,130.0
708280,episodic_return,336.8439041895983
708280,episodic_length,124.0
708405,episodic_return,341.27609585817055
708405,episodic_length,124.0
708527,episodic_return,339.8638514022751
708527,episodic_length,121.0
708608,value_loss,0.0058527118526399136
708608,policy_loss,-0.14491057395935059
708608,approx_kl,18.315521240234375
708608,clipfrac,0.95439453125
708608,explained_variance,0.9666562937200069
708608,sps,569.0
708653,episodic_return,338.3381517206985
708653,episodic_length,125.0
708777,episodic_return,335.9531430694678
708777,episodic_length,123.0
708905,episodic_return,342.20631336529584
708905,episodic_length,127.0
709030,episodic_return,344.0139344204702
709030,episodic_length,124.0
709158,episodic_return,342.6153207727581
709158,episodic_length,127.0
709281,episodic_return,320.48851137912084
709281,episodic_length,122.0
709407,episodic_return,332.4878542168463
709407,episodic_length,125.0
709528,episodic_return,326.9429586471281
709528,episodic_length,120.0
709651,episodic_return,327.7443639780111
709651,episodic_length,122.0
709780,episodic_return,350.7563687216391
709780,episodic_length,128.0
709908,episodic_return,360.90877263428007
709908,episodic_length,127.0
710036,episodic_return,342.66096493410913
710036,episodic_length,127.0
710157,episodic_return,323.2977891388411
710157,episodic_length,120.0
710281,episodic_return,330.8912369640443
710281,episodic_length,123.0
710401,episodic_return,323.0924692038273
710401,episodic_length,119.0
710524,episodic_return,325.99117315404766
710524,episodic_length,122.0
710653,episodic_return,342.86200592639494
710653,episodic_length,128.0
710656,value_loss,0.016261359676718712
710656,policy_loss,-0.026118379086256027
710656,approx_kl,13.680656433105469
710656,clipfrac,0.957275390625
710656,explained_variance,0.9667606316506863
710656,sps,569.0
710781,episodic_return,339.124700613251
710781,episodic_length,127.0
710903,episodic_return,322.34403002626834
710903,episodic_length,121.0
711031,episodic_return,344.3187555223667
711031,episodic_length,127.0
711153,episodic_return,331.2335281109484
711153,episodic_length,121.0
711276,episodic_return,322.73307569489225
711276,episodic_length,122.0
711399,episodic_return,333.63470985855423
711399,episodic_length,122.0
711521,episodic_return,328.24914226972936
711521,episodic_length,121.0
711640,episodic_return,317.05122235108803
711640,episodic_length,118.0
711766,episodic_return,341.12130411930474
711766,episodic_length,125.0
711891,episodic_return,334.0365777126138
711891,episodic_length,124.0
712014,episodic_return,328.3497473811816
712014,episodic_length,122.0
712143,episodic_return,349.2030212416107
712143,episodic_length,128.0
712262,episodic_return,318.50180907570376
712262,episodic_length,118.0
712377,episodic_return,304.4444674916264
712377,episodic_length,114.0
712502,episodic_return,343.76260331457223
712502,episodic_length,124.0
712623,episodic_return,324.94076203819145
712623,episodic_length,120.0
712704,value_loss,0.019109874963760376
712704,policy_loss,-0.17080971598625183
712704,approx_kl,10.972417831420898
712704,clipfrac,0.9416015625
712704,explained_variance,0.9685728996992111
712704,sps,569.0
712743,episodic_return,316.7527593898285
712743,episodic_length,119.0
712864,episodic_return,320.6764841366853
712864,episodic_length,120.0
712991,episodic_return,337.9894428323039
712991,episodic_length,126.0
713110,episodic_return,320.6401720584782
713110,episodic_length,118.0
713235,episodic_return,344.75363056559587
713235,episodic_length,124.0
713356,episodic_return,321.252034029036
713356,episodic_length,120.0
713477,episodic_return,326.470946887615
713477,episodic_length,120.0
713605,episodic_return,340.6197146308157
713605,episodic_length,127.0
713724,episodic_return,319.80788299854004
713724,episodic_length,118.0
713840,episodic_return,306.7118915641871
713840,episodic_length,115.0
713965,episodic_return,340.9802750948062
713965,episodic_length,124.0
714088,episodic_return,341.3949813562033
714088,episodic_length,122.0
714207,episodic_return,314.48051856201613
714207,episodic_length,118.0
714328,episodic_return,324.6776253403003
714328,episodic_length,120.0
714445,episodic_return,307.8231973834208
714445,episodic_length,116.0
714560,episodic_return,304.102873965681
714560,episodic_length,114.0
714673,episodic_return,303.05391220042776
714673,episodic_length,112.0
714752,value_loss,0.016092272475361824
714752,policy_loss,-0.06135943531990051
714752,approx_kl,18.761871337890625
714752,clipfrac,0.939013671875
714752,explained_variance,0.9615094996988773
714752,sps,569.0
714793,episodic_return,326.84850829967377
714793,episodic_length,119.0
714911,episodic_return,316.8949359982987
714911,episodic_length,117.0
715023,episodic_return,292.0990351199245
715023,episodic_length,111.0
715148,episodic_return,339.2916740094429
715148,episodic_length,124.0
715266,episodic_return,319.1215153839254
715266,episodic_length,117.0
715387,episodic_return,326.11987433241484
715387,episodic_length,120.0
715504,episodic_return,315.7239073183231
715504,episodic_length,116.0
715627,episodic_return,335.19807918649
715627,episodic_length,122.0
715744,episodic_return,312.3160738519489
715744,episodic_length,116.0
715868,episodic_return,338.0929958328087
715868,episodic_length,123.0
715993,episodic_return,332.33911825422905
715993,episodic_length,124.0
716114,episodic_return,316.2122133811391
716114,episodic_length,120.0
716230,episodic_return,312.208602560223
716230,episodic_length,115.0
716348,episodic_return,317.30546307281605
716348,episodic_length,117.0
716475,episodic_return,345.7842853730463
716475,episodic_length,126.0
716584,episodic_return,280.53969650400666
716584,episodic_length,108.0
716698,episodic_return,304.41813061192306
716698,episodic_length,113.0
716800,value_loss,0.001334296423010528
716800,policy_loss,-0.09814199805259705
716800,approx_kl,24.082008361816406
716800,clipfrac,0.957080078125
716800,explained_variance,0.9519368894398212
716800,sps,569.0
716826,episodic_return,355.5364913543831
716826,episodic_length,127.0
716946,episodic_return,323.81958852372895
716946,episodic_length,119.0
717067,episodic_return,328.38834489891326
717067,episodic_length,120.0
717190,episodic_return,330.14434682946506
717190,episodic_length,122.0
717310,episodic_return,325.34792960172905
717310,episodic_length,119.0
717427,episodic_return,314.0571635693942
717427,episodic_length,116.0
717548,episodic_return,327.3823765293705
717548,episodic_length,120.0
717660,episodic_return,298.45758252783475
717660,episodic_length,111.0
717783,episodic_return,336.1024849926739
717783,episodic_length,122.0
717909,episodic_return,340.1879801910941
717909,episodic_length,125.0
718029,episodic_return,322.3653608622736
718029,episodic_length,119.0
718152,episodic_return,334.71948591310684
718152,episodic_length,122.0
718274,episodic_return,335.47150666217203
718274,episodic_length,121.0
718394,episodic_return,328.9478468429061
718394,episodic_length,119.0
718517,episodic_return,334.23080301042177
718517,episodic_length,122.0
718640,episodic_return,333.1180821205514
718640,episodic_length,122.0
718759,episodic_return,320.18283869344805
718759,episodic_length,118.0
718848,value_loss,0.012292593717575073
718848,policy_loss,-0.005248159635812044
718848,approx_kl,31.61806869506836
718848,clipfrac,0.97802734375
718848,explained_variance,0.9614397473633289
718848,sps,569.0
718884,episodic_return,338.28179782759935
718884,episodic_length,124.0
719002,episodic_return,316.0446890190771
719002,episodic_length,117.0
719130,episodic_return,341.2848211763594
719130,episodic_length,127.0
719254,episodic_return,333.16791822185
719254,episodic_length,123.0
719371,episodic_return,315.49887488002463
719371,episodic_length,116.0
719502,episodic_return,357.0248288537638
719502,episodic_length,130.0
719626,episodic_return,337.2570478859991
719626,episodic_length,123.0
719750,episodic_return,332.3028474023377
719750,episodic_length,123.0
719874,episodic_return,340.3015198728335
719874,episodic_length,123.0
720002,episodic_return,342.35102184029165
720002,episodic_length,127.0
720128,episodic_return,346.777900773585
720128,episodic_length,125.0
720252,episodic_return,330.89104652589725
720252,episodic_length,123.0
720366,episodic_return,304.4206808040406
720366,episodic_length,113.0
720491,episodic_return,342.2679193138903
720491,episodic_length,124.0
720612,episodic_return,330.9015526094347
720612,episodic_length,120.0
720742,episodic_return,355.2222108099936
720742,episodic_length,129.0
720865,episodic_return,331.82522990783303
720865,episodic_length,122.0
720896,value_loss,0.00422884663566947
720896,policy_loss,-0.016272438690066338
720896,approx_kl,25.796342849731445
720896,clipfrac,0.955419921875
720896,explained_variance,0.955363541841507
720896,sps,569.0
720983,episodic_return,317.7954175565624
720983,episodic_length,117.0
721103,episodic_return,325.51339219602716
721103,episodic_length,119.0
721224,episodic_return,326.5479052800959
721224,episodic_length,120.0
721337,episodic_return,299.5390794760807
721337,episodic_length,112.0
721454,episodic_return,314.8390791043514
721454,episodic_length,116.0
721580,episodic_return,336.7814591706499
721580,episodic_length,125.0
721706,episodic_return,346.5314661003469
721706,episodic_length,125.0
721831,episodic_return,336.1095162794434
721831,episodic_length,124.0
721956,episodic_return,343.60094471158413
721956,episodic_length,124.0
722079,episodic_return,330.7466418574161
722079,episodic_length,122.0
722195,episodic_return,310.4947364235138
722195,episodic_length,115.0
722305,episodic_return,290.9958267514422
722305,episodic_length,109.0
722427,episodic_return,332.02154348904
722427,episodic_length,121.0
722540,episodic_return,302.11351516505647
722540,episodic_length,112.0
722663,episodic_return,340.0465494541276
722663,episodic_length,122.0
722788,episodic_return,338.4867254238225
722788,episodic_length,124.0
722910,episodic_return,328.5401399295992
722910,episodic_length,121.0
722944,value_loss,0.025301024317741394
722944,policy_loss,0.002439908916130662
722944,approx_kl,44.47261428833008
722944,clipfrac,0.965966796875
722944,explained_variance,0.9618159607052803
722944,sps,569.0
723032,episodic_return,310.1830470957373
723032,episodic_length,121.0
723153,episodic_return,328.7846964025847
723153,episodic_length,120.0
723278,episodic_return,331.7622879075232
723278,episodic_length,124.0
723399,episodic_return,316.63223352791096
723399,episodic_length,120.0
723522,episodic_return,324.3871481547253
723522,episodic_length,122.0
723647,episodic_return,329.24186550694105
723647,episodic_length,124.0
723765,episodic_return,312.0754918895232
723765,episodic_length,117.0
723887,episodic_return,320.8320066193638
723887,episodic_length,121.0
724005,episodic_return,308.1899678069618
724005,episodic_length,117.0
724129,episodic_return,333.8958804496349
724129,episodic_length,123.0
724254,episodic_return,321.18055519587756
724254,episodic_length,124.0
724377,episodic_return,337.3891871591739
724377,episodic_length,122.0
724495,episodic_return,310.51553973447506
724495,episodic_length,117.0
724623,episodic_return,339.7172808217024
724623,episodic_length,127.0
724742,episodic_return,320.78774880236483
724742,episodic_length,118.0
724860,episodic_return,319.8415909944431
724860,episodic_length,117.0
724982,episodic_return,321.4816093520109
724982,episodic_length,121.0
724992,value_loss,0.0031601269729435444
724992,policy_loss,-1.867946743965149
724992,approx_kl,11.500361442565918
724992,clipfrac,0.9291015625
724992,explained_variance,0.9619919881224632
724992,sps,569.0
725101,episodic_return,320.4748206198911
725101,episodic_length,118.0
725225,episodic_return,322.62937408842174
725225,episodic_length,123.0
725341,episodic_return,301.7896970302049
725341,episodic_length,115.0
725459,episodic_return,301.43201114694494
725459,episodic_length,117.0
725578,episodic_return,317.0474575969147
725578,episodic_length,118.0
725695,episodic_return,310.9976993049451
725695,episodic_length,116.0
725818,episodic_return,338.62826564835746
725818,episodic_length,122.0
725935,episodic_return,310.7507963570386
725935,episodic_length,116.0
726054,episodic_return,319.91519205120346
726054,episodic_length,118.0
726178,episodic_return,335.3459653272369
726178,episodic_length,123.0
726296,episodic_return,317.8283032912571
726296,episodic_length,117.0
726426,episodic_return,361.0790386145313
726426,episodic_length,129.0
726546,episodic_return,311.6201207661512
726546,episodic_length,119.0
726671,episodic_return,331.2392013234513
726671,episodic_length,124.0
726789,episodic_return,310.9460851932093
726789,episodic_length,117.0
726910,episodic_return,313.360477883902
726910,episodic_length,120.0
727028,episodic_return,315.4123102800821
727028,episodic_length,117.0
727040,value_loss,0.02262578345835209
727040,policy_loss,0.00441959872841835
727040,approx_kl,14.823631286621094
727040,clipfrac,0.96220703125
727040,explained_variance,0.9648947566747665
727040,sps,569.0
727148,episodic_return,323.65015944335096
727148,episodic_length,119.0
727270,episodic_return,309.5291063485286
727270,episodic_length,121.0
727395,episodic_return,333.06202620409783
727395,episodic_length,124.0
727518,episodic_return,335.5747296952226
727518,episodic_length,122.0
727641,episodic_return,313.0798078173741
727641,episodic_length,122.0
727768,episodic_return,340.1874171201012
727768,episodic_length,126.0
727889,episodic_return,310.384347054649
727889,episodic_length,120.0
728016,episodic_return,341.61155832656215
728016,episodic_length,126.0
728141,episodic_return,337.29069705841937
728141,episodic_length,124.0
728259,episodic_return,314.925101964984
728259,episodic_length,117.0
728376,episodic_return,316.5170634787624
728376,episodic_length,116.0
728505,episodic_return,348.89781771832344
728505,episodic_length,128.0
728632,episodic_return,336.29420497738994
728632,episodic_length,126.0
728755,episodic_return,335.8730695144173
728755,episodic_length,122.0
728877,episodic_return,326.3764345901664
728877,episodic_length,121.0
728993,episodic_return,302.26805284024914
728993,episodic_length,115.0
729088,value_loss,0.06452209502458572
729088,policy_loss,0.0022197242360562086
729088,approx_kl,91.85688018798828
729088,clipfrac,0.981787109375
729088,explained_variance,0.9670985788106918
729088,sps,569.0
729116,episodic_return,323.7795437930789
729116,episodic_length,122.0
729242,episodic_return,329.7979619926526
729242,episodic_length,125.0
729370,episodic_return,347.57916367679036
729370,episodic_length,127.0
729504,episodic_return,370.7641130469808
729504,episodic_length,133.0
729628,episodic_return,319.30952895749436
729628,episodic_length,123.0
729749,episodic_return,330.323894150586
729749,episodic_length,120.0
729875,episodic_return,347.6924047101079
729875,episodic_length,125.0
729997,episodic_return,334.96677147423674
729997,episodic_length,121.0
730122,episodic_return,335.5623582950106
730122,episodic_length,124.0
730236,episodic_return,283.3470079054872
730236,episodic_length,113.0
730362,episodic_return,324.34299750875863
730362,episodic_length,125.0
730491,episodic_return,358.1623859610033
730491,episodic_length,128.0
730615,episodic_return,334.1366772339329
730615,episodic_length,123.0
730743,episodic_return,339.5131856319641
730743,episodic_length,127.0
730867,episodic_return,335.45381006661034
730867,episodic_length,123.0
730992,episodic_return,336.1844424700362
730992,episodic_length,124.0
731115,episodic_return,330.0685090705389
731115,episodic_length,122.0
731136,value_loss,0.03037869744002819
731136,policy_loss,-0.07474812865257263
731136,approx_kl,13.983285903930664
731136,clipfrac,0.93994140625
731136,explained_variance,0.9694193303585052
731136,sps,569.0
731242,episodic_return,340.74045040810984
731242,episodic_length,126.0
731372,episodic_return,358.43194100514734
731372,episodic_length,129.0
731494,episodic_return,331.19202222720094
731494,episodic_length,121.0
731620,episodic_return,343.29497250021416
731620,episodic_length,125.0
731744,episodic_return,336.39299697426486
731744,episodic_length,123.0
731864,episodic_return,322.73986867407024
731864,episodic_length,119.0
731994,episodic_return,363.10310256193264
731994,episodic_length,129.0
732117,episodic_return,332.3459389053846
732117,episodic_length,122.0
732239,episodic_return,332.2739532858826
732239,episodic_length,121.0
732358,episodic_return,320.732877314917
732358,episodic_length,118.0
732485,episodic_return,331.9754585470234
732485,episodic_length,126.0
732611,episodic_return,347.4917075540486
732611,episodic_length,125.0
732739,episodic_return,345.18846933943587
732739,episodic_length,127.0
732868,episodic_return,352.07861720811115
732868,episodic_length,128.0
732995,episodic_return,346.7239491065541
732995,episodic_length,126.0
733124,episodic_return,357.80965586645647
733124,episodic_length,128.0
733184,value_loss,0.006352399010211229
733184,policy_loss,-0.08783921599388123
733184,approx_kl,12.585512161254883
733184,clipfrac,0.955615234375
733184,explained_variance,0.96636962890625
733184,sps,569.0
733250,episodic_return,347.74061581256615
733250,episodic_length,125.0
733369,episodic_return,321.900013058032
733369,episodic_length,118.0
733493,episodic_return,344.02216312153047
733493,episodic_length,123.0
733609,episodic_return,314.9210151270762
733609,episodic_length,115.0
733737,episodic_return,348.00498817967275
733737,episodic_length,127.0
733865,episodic_return,343.0043739713099
733865,episodic_length,127.0
733989,episodic_return,341.9300170792507
733989,episodic_length,123.0
734119,episodic_return,349.63582523997053
734119,episodic_length,129.0
734249,episodic_return,348.39650030107794
734249,episodic_length,129.0
734377,episodic_return,356.5029668151132
734377,episodic_length,127.0
734504,episodic_return,347.35487437346467
734504,episodic_length,126.0
734631,episodic_return,341.5657520007253
734631,episodic_length,126.0
734758,episodic_return,354.2286981878056
734758,episodic_length,126.0
734886,episodic_return,334.651257530456
734886,episodic_length,127.0
735008,episodic_return,328.11712872335477
735008,episodic_length,121.0
735138,episodic_return,362.4999773395148
735138,episodic_length,129.0
735232,value_loss,0.012186591513454914
735232,policy_loss,0.008595775812864304
735232,approx_kl,30.637496948242188
735232,clipfrac,0.95146484375
735232,explained_variance,0.9690111596137285
735232,sps,569.0
735254,episodic_return,312.11714005927
735254,episodic_length,115.0
735386,episodic_return,367.19511921060797
735386,episodic_length,131.0
735512,episodic_return,342.11497326512443
735512,episodic_length,125.0
735638,episodic_return,345.87999332089106
735638,episodic_length,125.0
735767,episodic_return,354.0851770441606
735767,episodic_length,128.0
735890,episodic_return,336.37760510389825
735890,episodic_length,122.0
736015,episodic_return,341.47174911546875
736015,episodic_length,124.0
736138,episodic_return,340.15538250824807
736138,episodic_length,122.0
736263,episodic_return,337.71209902249933
736263,episodic_length,124.0
736387,episodic_return,331.8008438196251
736387,episodic_length,123.0
736506,episodic_return,326.2113809974258
736506,episodic_length,118.0
736627,episodic_return,334.22859980606603
736627,episodic_length,120.0
736752,episodic_return,336.6527497308705
736752,episodic_length,124.0
736883,episodic_return,364.215995490768
736883,episodic_length,130.0
737005,episodic_return,335.74242537542443
737005,episodic_length,121.0
737131,episodic_return,342.955910767272
737131,episodic_length,125.0
737256,episodic_return,348.840667639312
737256,episodic_length,124.0
737280,value_loss,0.0007745729526504874
737280,policy_loss,-0.040452297776937485
737280,approx_kl,12.06775188446045
737280,clipfrac,0.9482421875
737280,explained_variance,0.9700010363012552
737280,sps,569.0
737381,episodic_return,345.2564627200668
737381,episodic_length,124.0
737502,episodic_return,323.1198258227149
737502,episodic_length,120.0
737634,episodic_return,361.66257737526246
737634,episodic_length,131.0
737760,episodic_return,341.74675583931077
737760,episodic_length,125.0
737888,episodic_return,344.8727784401653
737888,episodic_length,127.0
738013,episodic_return,326.9719468926335
738013,episodic_length,124.0
738140,episodic_return,347.23337850311714
738140,episodic_length,126.0
738266,episodic_return,349.3733913780664
738266,episodic_length,125.0
738395,episodic_return,349.5233637290035
738395,episodic_length,128.0
738523,episodic_return,361.0700537888251
738523,episodic_length,127.0
738646,episodic_return,329.70488207147963
738646,episodic_length,122.0
738764,episodic_return,322.8811216062616
738764,episodic_length,117.0
738887,episodic_return,344.2612908894919
738887,episodic_length,122.0
739012,episodic_return,341.4559176323062
739012,episodic_length,124.0
739133,episodic_return,318.4223380246055
739133,episodic_length,120.0
739255,episodic_return,334.4655020047398
739255,episodic_length,121.0
739328,value_loss,0.012810983695089817
739328,policy_loss,-0.5144414901733398
739328,approx_kl,14.796401977539062
739328,clipfrac,0.938232421875
739328,explained_variance,0.9703426193445921
739328,sps,569.0
739375,episodic_return,327.86644038525253
739375,episodic_length,119.0
739496,episodic_return,326.9816018479018
739496,episodic_length,120.0
739617,episodic_return,328.87204119992293
739617,episodic_length,120.0
739744,episodic_return,339.7814784200843
739744,episodic_length,126.0
739867,episodic_return,334.78784629748856
739867,episodic_length,122.0
739988,episodic_return,327.1725504805786
739988,episodic_length,120.0
740105,episodic_return,319.7537645892295
740105,episodic_length,116.0
740238,episodic_return,352.4978756703212
740238,episodic_length,132.0
740367,episodic_return,355.61017565352034
740367,episodic_length,128.0
740486,episodic_return,306.3803025227299
740486,episodic_length,118.0
740604,episodic_return,318.8450131940041
740604,episodic_length,117.0
740728,episodic_return,336.2840057672029
740728,episodic_length,123.0
740852,episodic_return,341.21922357687606
740852,episodic_length,123.0
740973,episodic_return,325.78431314372153
740973,episodic_length,120.0
741100,episodic_return,343.80182192292204
741100,episodic_length,126.0
741223,episodic_return,331.28084695506135
741223,episodic_length,122.0
741346,episodic_return,338.1625916326405
741346,episodic_length,122.0
741376,value_loss,0.01940060779452324
741376,policy_loss,-0.3088139593601227
741376,approx_kl,15.166107177734375
741376,clipfrac,0.93642578125
741376,explained_variance,0.9689508993178606
741376,sps,569.0
741471,episodic_return,339.90563345703885
741471,episodic_length,124.0
741597,episodic_return,346.4257849336139
741597,episodic_length,125.0
741715,episodic_return,322.43775002837344
741715,episodic_length,117.0
741841,episodic_return,334.8117784904766
741841,episodic_length,125.0
741967,episodic_return,346.3039102422132
741967,episodic_length,125.0
742093,episodic_return,346.9335700614908
742093,episodic_length,125.0
742216,episodic_return,337.7759585510628
742216,episodic_length,122.0
742332,episodic_return,313.5331070072802
742332,episodic_length,115.0
742443,episodic_return,293.5369314440798
742443,episodic_length,110.0
742564,episodic_return,330.0221388776458
742564,episodic_length,120.0
742691,episodic_return,343.94343627671935
742691,episodic_length,126.0
742811,episodic_return,329.1736775563371
742811,episodic_length,119.0
742937,episodic_return,346.6005730774601
742937,episodic_length,125.0
743054,episodic_return,315.1325658656728
743054,episodic_length,116.0
743171,episodic_return,321.4766104165571
743171,episodic_length,116.0
743289,episodic_return,320.30380513495066
743289,episodic_length,117.0
743409,episodic_return,324.43414829632195
743409,episodic_length,119.0
743424,value_loss,0.005674384068697691
743424,policy_loss,-0.09644366800785065
743424,approx_kl,13.012724876403809
743424,clipfrac,0.928662109375
743424,explained_variance,0.966469794511795
743424,sps,569.0
743534,episodic_return,338.0483307435305
743534,episodic_length,124.0
743657,episodic_return,339.06316756227494
743657,episodic_length,122.0
743779,episodic_return,331.5609339277742
743779,episodic_length,121.0
743907,episodic_return,348.9750798894756
743907,episodic_length,127.0
744034,episodic_return,347.9639952076043
744034,episodic_length,126.0
744161,episodic_return,343.90794577035166
744161,episodic_length,126.0
744286,episodic_return,349.53457599937906
744286,episodic_length,124.0
744414,episodic_return,339.3276450324026
744414,episodic_length,127.0
744540,episodic_return,337.4717638777512
744540,episodic_length,125.0
744666,episodic_return,345.93461167995
744666,episodic_length,125.0
744790,episodic_return,330.92056588643675
744790,episodic_length,123.0
744922,episodic_return,369.09384080135214
744922,episodic_length,131.0
745045,episodic_return,329.29135020489474
745045,episodic_length,122.0
745171,episodic_return,338.9998552660161
745171,episodic_length,125.0
745300,episodic_return,361.6060628504826
745300,episodic_length,128.0
745428,episodic_return,347.27724157093735
745428,episodic_length,127.0
745472,value_loss,0.014128418639302254
745472,policy_loss,0.0038955346681177616
745472,approx_kl,37.71826171875
745472,clipfrac,0.963818359375
745472,explained_variance,0.9686937518417835
745472,sps,569.0
745565,episodic_return,377.40276983535927
745565,episodic_length,136.0
745693,episodic_return,342.55886643911316
745693,episodic_length,127.0
745822,episodic_return,365.9822572832594
745822,episodic_length,128.0
745948,episodic_return,343.8499382838971
745948,episodic_length,125.0
746078,episodic_return,345.9273053459086
746078,episodic_length,129.0
746200,episodic_return,326.26625785284864
746200,episodic_length,121.0
746329,episodic_return,350.5650083800661
746329,episodic_length,128.0
746451,episodic_return,323.30279598942957
746451,episodic_length,121.0
746581,episodic_return,360.4080219827854
746581,episodic_length,129.0
746713,episodic_return,370.26135783323207
746713,episodic_length,131.0
746839,episodic_return,333.7911939926848
746839,episodic_length,125.0
746969,episodic_return,353.9484769276465
746969,episodic_length,129.0
747098,episodic_return,361.3906358825975
747098,episodic_length,128.0
747228,episodic_return,356.03720698532703
747228,episodic_length,129.0
747351,episodic_return,340.24426170974516
747351,episodic_length,122.0
747473,episodic_return,333.7365580202164
747473,episodic_length,121.0
747520,value_loss,0.0007648264290764928
747520,policy_loss,-0.0022102168295532465
747520,approx_kl,38.20167541503906
747520,clipfrac,0.957666015625
747520,explained_variance,0.9760373886674643
747520,sps,569.0
747601,episodic_return,362.08014980926004
747601,episodic_length,127.0
747725,episodic_return,333.37332245555433
747725,episodic_length,123.0
747838,episodic_return,299.3704998090859
747838,episodic_length,112.0
747964,episodic_return,350.78316516162636
747964,episodic_length,125.0
748089,episodic_return,345.8126603037063
748089,episodic_length,124.0
748207,episodic_return,321.2310131013706
748207,episodic_length,117.0
748335,episodic_return,346.36423559459723
748335,episodic_length,127.0
748463,episodic_return,349.54625631039653
748463,episodic_length,127.0
748580,episodic_return,318.368611255402
748580,episodic_length,116.0
748697,episodic_return,314.2124660303676
748697,episodic_length,116.0
748820,episodic_return,340.6195764485807
748820,episodic_length,122.0
748942,episodic_return,338.2976323914118
748942,episodic_length,121.0
749063,episodic_return,333.1486066259582
749063,episodic_length,120.0
749189,episodic_return,349.8234133577402
749189,episodic_length,125.0
749320,episodic_return,363.58147438223136
749320,episodic_length,130.0
749449,episodic_return,358.9568104350432
749449,episodic_length,128.0
749568,value_loss,0.018344614654779434
749568,policy_loss,0.017077863216400146
749568,approx_kl,15.39332103729248
749568,clipfrac,0.956298828125
749568,explained_variance,0.9660773761570454
749568,sps,569.0
749569,episodic_return,330.4501141266012
749569,episodic_length,119.0
749690,episodic_return,322.65385192333844
749690,episodic_length,120.0
749816,episodic_return,336.8996065681691
749816,episodic_length,125.0
749949,episodic_return,378.80542572933655
749949,episodic_length,132.0
749997,episodic_return,79.85153166138812
749997,episodic_length,47.0
750122,episodic_return,342.07556357084485
750122,episodic_length,124.0
750249,episodic_return,335.46317035144284
750249,episodic_length,126.0
750375,episodic_return,324.54832167624863
750375,episodic_length,125.0
750501,episodic_return,337.4424830507602
750501,episodic_length,125.0
750632,episodic_return,363.9817619232655
750632,episodic_length,130.0
750676,episodic_return,71.49673116352376
750676,episodic_length,43.0
750801,episodic_return,342.9538319638139
750801,episodic_length,124.0
750928,episodic_return,344.58632147858265
750928,episodic_length,126.0
751057,episodic_return,342.133494706163
751057,episodic_length,128.0
751184,episodic_return,337.0984676807958
751184,episodic_length,126.0
751312,episodic_return,351.29544228882696
751312,episodic_length,127.0
751436,episodic_return,338.96636166550445
751436,episodic_length,123.0
751566,episodic_return,362.320570008644
751566,episodic_length,129.0
751616,value_loss,0.09177461266517639
751616,policy_loss,-0.12519042193889618
751616,approx_kl,3.057868003845215
751616,clipfrac,0.911767578125
751616,explained_variance,0.877747930586338
751616,sps,569.0
751693,episodic_return,351.33768300855274
751693,episodic_length,126.0
751823,episodic_return,359.77600566515605
751823,episodic_length,129.0
751949,episodic_return,336.1400175365018
751949,episodic_length,125.0
752076,episodic_return,343.35091619263056
752076,episodic_length,126.0
752209,episodic_return,375.0325059214295
752209,episodic_length,132.0
752337,episodic_return,351.29762731226793
752337,episodic_length,127.0
752461,episodic_return,330.4606346091206
752461,episodic_length,123.0
752590,episodic_return,362.91375610840106
752590,episodic_length,128.0
752722,episodic_return,346.3186205634574
752722,episodic_length,131.0
752850,episodic_return,343.8208516697412
752850,episodic_length,127.0
752980,episodic_return,360.09458874257933
752980,episodic_length,129.0
753108,episodic_return,349.8019618935851
753108,episodic_length,127.0
753237,episodic_return,351.201030882717
753237,episodic_length,128.0
753362,episodic_return,343.64410146482686
753362,episodic_length,124.0
753490,episodic_return,355.0542171700407
753490,episodic_length,127.0
753618,episodic_return,347.54357202543196
753618,episodic_length,127.0
753664,value_loss,0.0012753248447552323
753664,policy_loss,-0.5649881958961487
753664,approx_kl,14.535767555236816
753664,clipfrac,0.92919921875
753664,explained_variance,0.9750062488019466
753664,sps,569.0
753751,episodic_return,356.94078467047484
753751,episodic_length,132.0
753878,episodic_return,344.1051312885478
753878,episodic_length,126.0
754008,episodic_return,358.72994623295745
754008,episodic_length,129.0
754134,episodic_return,347.60141608404797
754134,episodic_length,125.0
754262,episodic_return,352.23619081516233
754262,episodic_length,127.0
754393,episodic_return,371.57927475700967
754393,episodic_length,130.0
754522,episodic_return,368.29205204112003
754522,episodic_length,128.0
754650,episodic_return,367.1053188594479
754650,episodic_length,127.0
754780,episodic_return,359.43744069210436
754780,episodic_length,129.0
754911,episodic_return,365.1248259161576
754911,episodic_length,130.0
754956,episodic_return,74.33436828733836
754956,episodic_length,44.0
755086,episodic_return,347.211919290699
755086,episodic_length,129.0
755217,episodic_return,361.2938722950961
755217,episodic_length,130.0
755348,episodic_return,359.59301037132786
755348,episodic_length,130.0
755474,episodic_return,340.00731854790496
755474,episodic_length,125.0
755607,episodic_return,377.00334418681007
755607,episodic_length,132.0
755712,value_loss,0.07956945896148682
755712,policy_loss,-0.21731115877628326
755712,approx_kl,11.105993270874023
755712,clipfrac,0.93134765625
755712,explained_variance,0.9293947666883469
755712,sps,569.0
755734,episodic_return,334.9584942851823
755734,episodic_length,126.0
755863,episodic_return,356.4258760909825
755863,episodic_length,128.0
755990,episodic_return,352.1096429172373
755990,episodic_length,126.0
756116,episodic_return,352.5805097129935
756116,episodic_length,125.0
756244,episodic_return,347.07459541573434
756244,episodic_length,127.0
756370,episodic_return,353.52937043417023
756370,episodic_length,125.0
756492,episodic_return,332.16135156562075
756492,episodic_length,121.0
756617,episodic_return,339.9767515630124
756617,episodic_length,124.0
756745,episodic_return,362.09897116476753
756745,episodic_length,127.0
756873,episodic_return,356.648208645516
756873,episodic_length,127.0
756998,episodic_return,347.7879442205607
756998,episodic_length,124.0
757121,episodic_return,336.6040408391888
757121,episodic_length,122.0
757253,episodic_return,362.4625521763361
757253,episodic_length,131.0
757381,episodic_return,353.27072196043576
757381,episodic_length,127.0
757514,episodic_return,370.0318133206129
757514,episodic_length,132.0
757642,episodic_return,340.3782067671759
757642,episodic_length,127.0
757760,value_loss,0.007189661264419556
757760,policy_loss,-0.012198111973702908
757760,approx_kl,9.758805274963379
757760,clipfrac,0.9390625
757760,explained_variance,0.9742798805236816
757760,sps,569.0
757769,episodic_return,345.8049792603581
757769,episodic_length,126.0
757896,episodic_return,356.1480117706849
757896,episodic_length,126.0
758020,episodic_return,344.0973294923113
758020,episodic_length,123.0
758141,episodic_return,335.08951156126847
758141,episodic_length,120.0
758266,episodic_return,349.986143592709
758266,episodic_length,124.0
758391,episodic_return,351.7835201923975
758391,episodic_length,124.0
758515,episodic_return,333.392982528162
758515,episodic_length,123.0
758643,episodic_return,353.9052385099382
758643,episodic_length,127.0
758770,episodic_return,354.46991746424095
758770,episodic_length,126.0
758891,episodic_return,333.3884725967484
758891,episodic_length,120.0
759018,episodic_return,356.72771046099416
759018,episodic_length,126.0
759141,episodic_return,339.1659459027643
759141,episodic_length,122.0
759255,episodic_return,304.6081416997924
759255,episodic_length,113.0
759381,episodic_return,354.2241904840675
759381,episodic_length,125.0
759512,episodic_return,365.3613509493133
759512,episodic_length,130.0
759637,episodic_return,345.24410130188716
759637,episodic_length,124.0
759764,episodic_return,357.4987413091013
759764,episodic_length,126.0
759808,value_loss,0.011841016821563244
759808,policy_loss,-0.1415230929851532
759808,approx_kl,10.177364349365234
759808,clipfrac,0.94599609375
759808,explained_variance,0.9687556698918343
759808,sps,569.0
759893,episodic_return,362.72084186756496
759893,episodic_length,128.0
760015,episodic_return,342.5777715674162
760015,episodic_length,121.0
760128,episodic_return,302.38286494784677
760128,episodic_length,112.0
760253,episodic_return,350.1961383336075
760253,episodic_length,124.0
760371,episodic_return,318.36389571014143
760371,episodic_length,117.0
760502,episodic_return,370.66466229200154
760502,episodic_length,130.0
760627,episodic_return,347.4787604656055
760627,episodic_length,124.0
760756,episodic_return,363.25944234821833
760756,episodic_length,128.0
760874,episodic_return,321.95704687759974
760874,episodic_length,117.0
760999,episodic_return,348.76227108577143
760999,episodic_length,124.0
761122,episodic_return,341.4810938556006
761122,episodic_length,122.0
761244,episodic_return,338.8233743230297
761244,episodic_length,121.0
761369,episodic_return,347.92363727251586
761369,episodic_length,124.0
761497,episodic_return,356.4887075377377
761497,episodic_length,127.0
761626,episodic_return,359.74952412602687
761626,episodic_length,128.0
761744,episodic_return,323.96140112697384
761744,episodic_length,117.0
761856,value_loss,0.0018825767328962684
761856,policy_loss,-0.11526328325271606
761856,approx_kl,12.256461143493652
761856,clipfrac,0.939501953125
761856,explained_variance,0.9689303245395422
761856,sps,569.0
761865,episodic_return,331.49014637236894
761865,episodic_length,120.0
761996,episodic_return,363.0863984461551
761996,episodic_length,130.0
762125,episodic_return,362.1487475638203
762125,episodic_length,128.0
762248,episodic_return,339.154660883298
762248,episodic_length,122.0
762366,episodic_return,322.78504898265084
762366,episodic_length,117.0
762491,episodic_return,343.3718380558935
762491,episodic_length,124.0
762615,episodic_return,338.61545333281964
762615,episodic_length,123.0
762734,episodic_return,311.8689951369385
762734,episodic_length,118.0
762871,episodic_return,376.8945232676116
762871,episodic_length,136.0
762996,episodic_return,344.0426450430449
762996,episodic_length,124.0
763127,episodic_return,360.37113805444847
763127,episodic_length,130.0
763251,episodic_return,347.5402916075617
763251,episodic_length,123.0
763380,episodic_return,353.7610336065922
763380,episodic_length,128.0
763507,episodic_return,355.3807567391074
763507,episodic_length,126.0
763550,episodic_return,69.8036056688399
763550,episodic_length,42.0
763677,episodic_return,348.1574400040806
763677,episodic_length,126.0
763805,episodic_return,351.55906890552785
763805,episodic_length,127.0
763904,value_loss,0.0033587543293833733
763904,policy_loss,-0.1017807275056839
763904,approx_kl,5.887887001037598
763904,clipfrac,0.9376953125
763904,explained_variance,0.9224342480301857
763904,sps,569.0
763934,episodic_return,359.7448836399471
763934,episodic_length,128.0
764054,episodic_return,329.19960117439086
764054,episodic_length,119.0
764181,episodic_return,355.8131748539475
764181,episodic_length,126.0
764308,episodic_return,349.36752755101105
764308,episodic_length,126.0
764436,episodic_return,346.3985442194322
764436,episodic_length,127.0
764558,episodic_return,336.9208971406909
764558,episodic_length,121.0
764681,episodic_return,341.3558151674583
764681,episodic_length,122.0
764810,episodic_return,347.1173152911012
764810,episodic_length,128.0
764934,episodic_return,340.08372316531796
764934,episodic_length,123.0
765056,episodic_return,341.7628100343625
765056,episodic_length,121.0
765178,episodic_return,336.54043858025443
765178,episodic_length,121.0
765305,episodic_return,343.8157406116996
765305,episodic_length,126.0
765433,episodic_return,350.32144885069204
765433,episodic_length,127.0
765558,episodic_return,343.3087907205416
765558,episodic_length,124.0
765677,episodic_return,301.00832416520035
765677,episodic_length,118.0
765797,episodic_return,330.9606729945408
765797,episodic_length,119.0
765923,episodic_return,357.2360821601254
765923,episodic_length,125.0
765952,value_loss,0.02986685186624527
765952,policy_loss,-0.046700119972229004
765952,approx_kl,35.63325119018555
765952,clipfrac,0.94599609375
765952,explained_variance,0.970302103087306
765952,sps,569.0
766047,episodic_return,349.19883437260285
766047,episodic_length,123.0
766173,episodic_return,354.23779275284636
766173,episodic_length,125.0
766298,episodic_return,342.99915952346583
766298,episodic_length,124.0
766420,episodic_return,339.87570657849955
766420,episodic_length,121.0
766548,episodic_return,357.1994036895328
766548,episodic_length,127.0
766675,episodic_return,355.10320925280354
766675,episodic_length,126.0
766805,episodic_return,363.90195258733524
766805,episodic_length,129.0
766928,episodic_return,343.0332525567867
766928,episodic_length,122.0
767059,episodic_return,373.90824847142267
767059,episodic_length,130.0
767190,episodic_return,366.6374572226115
767190,episodic_length,130.0
767317,episodic_return,357.8343496419531
767317,episodic_length,126.0
767441,episodic_return,346.3137582082553
767441,episodic_length,123.0
767488,episodic_return,77.88096543107754
767488,episodic_length,46.0
767609,episodic_return,334.6234254304733
767609,episodic_length,120.0
767737,episodic_return,360.65551460033447
767737,episodic_length,127.0
767856,episodic_return,326.24150943896075
767856,episodic_length,118.0
767979,episodic_return,340.05690696210524
767979,episodic_length,122.0
768000,value_loss,0.0057095810770988464
768000,policy_loss,-0.10555537045001984
768000,approx_kl,2.609694004058838
768000,clipfrac,0.90654296875
768000,explained_variance,0.9218761697411537
768000,sps,569.0
768103,episodic_return,343.49726564671846
768103,episodic_length,123.0
768229,episodic_return,349.5900941742102
768229,episodic_length,125.0
768360,episodic_return,369.8027430116555
768360,episodic_length,130.0
768480,episodic_return,330.3422320227483
768480,episodic_length,119.0
768602,episodic_return,331.8379498546065
768602,episodic_length,121.0
768729,episodic_return,359.65311000927056
768729,episodic_length,126.0
768853,episodic_return,343.90148102447614
768853,episodic_length,123.0
768985,episodic_return,370.9956478258177
768985,episodic_length,131.0
769110,episodic_return,353.62457405702634
769110,episodic_length,124.0
769240,episodic_return,353.0846933426555
769240,episodic_length,129.0
769364,episodic_return,342.4426639343288
769364,episodic_length,123.0
769492,episodic_return,360.2056408802144
769492,episodic_length,127.0
769614,episodic_return,336.05335023413744
769614,episodic_length,121.0
769743,episodic_return,360.19970196222386
769743,episodic_length,128.0
769872,episodic_return,360.05720416516823
769872,episodic_length,128.0
770002,episodic_return,365.6258787249638
770002,episodic_length,129.0
770048,value_loss,0.0014284169301390648
770048,policy_loss,-2.7761552333831787
770048,approx_kl,34.69716262817383
770048,clipfrac,0.94931640625
770048,explained_variance,0.9686250798404217
770048,sps,569.0
770129,episodic_return,356.53469381435684
770129,episodic_length,126.0
770255,episodic_return,357.0956407809364
770255,episodic_length,125.0
770382,episodic_return,358.66462755119073
770382,episodic_length,126.0
770504,episodic_return,336.73691452729383
770504,episodic_length,121.0
770631,episodic_return,363.4263502576748
770631,episodic_length,126.0
770760,episodic_return,352.54571620342887
770760,episodic_length,128.0
770884,episodic_return,344.69839793726317
770884,episodic_length,123.0
771009,episodic_return,344.43553950003536
771009,episodic_length,124.0
771139,episodic_return,358.17738341585454
771139,episodic_length,129.0
771268,episodic_return,363.3107305306587
771268,episodic_length,128.0
771393,episodic_return,351.358759314509
771393,episodic_length,124.0
771520,episodic_return,357.0215366839141
771520,episodic_length,126.0
771647,episodic_return,345.28923324776275
771647,episodic_length,126.0
771773,episodic_return,353.05007245141536
771773,episodic_length,125.0
771897,episodic_return,345.05870311016895
771897,episodic_length,123.0
772027,episodic_return,354.9692113622065
772027,episodic_length,129.0
772096,value_loss,0.0030622940976172686
772096,policy_loss,-0.11305925995111465
772096,approx_kl,8.542882919311523
772096,clipfrac,0.92490234375
772096,explained_variance,0.971527298912406
772096,sps,569.0
772157,episodic_return,365.5652539899193
772157,episodic_length,129.0
772280,episodic_return,343.52706930577006
772280,episodic_length,122.0
772408,episodic_return,361.572601563191
772408,episodic_length,127.0
772533,episodic_return,351.6763824936188
772533,episodic_length,124.0
772662,episodic_return,363.3827359008532
772662,episodic_length,128.0
772785,episodic_return,340.7395656530718
772785,episodic_length,122.0
772910,episodic_return,342.9305342714091
772910,episodic_length,124.0
773035,episodic_return,351.5472872565438
773035,episodic_length,124.0
773162,episodic_return,353.18126796340846
773162,episodic_length,126.0
773286,episodic_return,347.7425773491466
773286,episodic_length,123.0
773410,episodic_return,347.96472769753126
773410,episodic_length,123.0
773532,episodic_return,341.8801496094478
773532,episodic_length,121.0
773658,episodic_return,355.15218252016393
773658,episodic_length,125.0
773782,episodic_return,345.3608405918203
773782,episodic_length,123.0
773906,episodic_return,345.65254504818853
773906,episodic_length,123.0
774019,episodic_return,301.1963913637896
774019,episodic_length,112.0
774144,value_loss,0.013533254154026508
774144,policy_loss,-0.14623084664344788
774144,approx_kl,11.651515007019043
774144,clipfrac,0.96005859375
774144,explained_variance,0.9683207795023918
774144,sps,569.0
774145,episodic_return,342.84177210734197
774145,episodic_length,125.0
774274,episodic_return,362.8290658491743
774274,episodic_length,128.0
774399,episodic_return,342.7218999086106
774399,episodic_length,124.0
774525,episodic_return,352.54998284851297
774525,episodic_length,125.0
774657,episodic_return,371.85520425284506
774657,episodic_length,131.0
774787,episodic_return,359.5706270079882
774787,episodic_length,129.0
774914,episodic_return,346.12925400641507
774914,episodic_length,126.0
775044,episodic_return,357.76853219488464
775044,episodic_length,129.0
775173,episodic_return,361.2247828200613
775173,episodic_length,128.0
775302,episodic_return,346.85720394846
775302,episodic_length,128.0
775432,episodic_return,354.05089267132627
775432,episodic_length,129.0
775563,episodic_return,362.61784508953906
775563,episodic_length,130.0
775689,episodic_return,341.07792074176314
775689,episodic_length,125.0
775815,episodic_return,344.18576340214065
775815,episodic_length,125.0
775941,episodic_return,358.31090734614247
775941,episodic_length,125.0
776070,episodic_return,356.69660887176406
776070,episodic_length,128.0
776192,value_loss,0.022957058623433113
776192,policy_loss,-0.3044393062591553
776192,approx_kl,14.875247955322266
776192,clipfrac,0.9392578125
776192,explained_variance,0.9709213636815548
776192,sps,569.0
776197,episodic_return,356.20173595177687
776197,episodic_length,126.0
776327,episodic_return,359.2232005455439
776327,episodic_length,129.0
776455,episodic_return,348.66759554361556
776455,episodic_length,127.0
776584,episodic_return,345.5648254818245
776584,episodic_length,128.0
776711,episodic_return,342.70436879544997
776711,episodic_length,126.0
776839,episodic_return,350.6069038045683
776839,episodic_length,127.0
776968,episodic_return,356.9558904943081
776968,episodic_length,128.0
777100,episodic_return,363.34722904129717
777100,episodic_length,131.0
777229,episodic_return,346.8798684317208
777229,episodic_length,128.0
777356,episodic_return,347.628001909143
777356,episodic_length,126.0
777484,episodic_return,355.2742057104499
777484,episodic_length,127.0
777606,episodic_return,330.87058503332656
777606,episodic_length,121.0
777736,episodic_return,353.58468591753734
777736,episodic_length,129.0
777863,episodic_return,350.30893038521134
777863,episodic_length,126.0
777990,episodic_return,340.44483903945587
777990,episodic_length,126.0
778120,episodic_return,360.9179570461182
778120,episodic_length,129.0
778240,value_loss,0.0008061137050390244
778240,policy_loss,-0.08909948915243149
778240,approx_kl,9.161393165588379
778240,clipfrac,0.91904296875
778240,explained_variance,0.9734222777187824
778240,sps,569.0
778251,episodic_return,349.14631439715856
778251,episodic_length,130.0
778381,episodic_return,367.775123932599
778381,episodic_length,129.0
778507,episodic_return,328.89662986056646
778507,episodic_length,125.0
778636,episodic_return,363.2459462000553
778636,episodic_length,128.0
778765,episodic_return,349.42621864963286
778765,episodic_length,128.0
778894,episodic_return,360.2069068138122
778894,episodic_length,128.0
779024,episodic_return,357.21763665557506
779024,episodic_length,129.0
779154,episodic_return,369.32292611435963
779154,episodic_length,129.0
779286,episodic_return,359.23570536734013
779286,episodic_length,131.0
779418,episodic_return,365.9686393789031
779418,episodic_length,131.0
779548,episodic_return,364.6457250447865
779548,episodic_length,129.0
779680,episodic_return,369.45062572906306
779680,episodic_length,131.0
779807,episodic_return,357.00041531717756
779807,episodic_length,126.0
779935,episodic_return,365.9312508426299
779935,episodic_length,127.0
780063,episodic_return,358.2626221488506
780063,episodic_length,127.0
780192,episodic_return,359.83268611293806
780192,episodic_length,128.0
780288,value_loss,0.005630155093967915
780288,policy_loss,-0.07187370955944061
780288,approx_kl,14.691274642944336
780288,clipfrac,0.9427734375
780288,explained_variance,0.9766013007611036
780288,sps,569.0
780323,episodic_return,359.8853369358977
780323,episodic_length,130.0
780450,episodic_return,359.4628714600893
780450,episodic_length,126.0
780583,episodic_return,366.84348481940566
780583,episodic_length,132.0
780710,episodic_return,355.8595650896194
780710,episodic_length,126.0
780836,episodic_return,346.6195778550588
780836,episodic_length,125.0
780964,episodic_return,359.33832788431073
780964,episodic_length,127.0
781089,episodic_return,351.9348120699553
781089,episodic_length,124.0
781212,episodic_return,344.76930711204096
781212,episodic_length,122.0
781343,episodic_return,369.59726954922525
781343,episodic_length,130.0
781471,episodic_return,350.04159442051684
781471,episodic_length,127.0
781600,episodic_return,368.750635470968
781600,episodic_length,128.0
781729,episodic_return,366.1260664122406
781729,episodic_length,128.0
781858,episodic_return,365.27384260638166
781858,episodic_length,128.0
781987,episodic_return,359.300348073946
781987,episodic_length,128.0
782113,episodic_return,356.4749192247351
782113,episodic_length,125.0
782245,episodic_return,371.06939368865505
782245,episodic_length,131.0
782336,value_loss,0.005345524288713932
782336,policy_loss,-0.014327112585306168
782336,approx_kl,21.022037506103516
782336,clipfrac,0.9326171875
782336,explained_variance,0.9765242654830217
782336,sps,569.0
782373,episodic_return,364.44957524045736
782373,episodic_length,127.0
782483,episodic_return,290.5923869579807
782483,episodic_length,109.0
782610,episodic_return,364.2859786669476
782610,episodic_length,126.0
782742,episodic_return,379.89204626289205
782742,episodic_length,131.0
782874,episodic_return,370.56277442589396
782874,episodic_length,131.0
783007,episodic_return,374.62369592953763
783007,episodic_length,132.0
783140,episodic_return,366.6424735744422
783140,episodic_length,132.0
783268,episodic_return,354.3434290305836
783268,episodic_length,127.0
783397,episodic_return,369.72418531083855
783397,episodic_length,128.0
783525,episodic_return,345.4858060330173
783525,episodic_length,127.0
783654,episodic_return,362.68098430855065
783654,episodic_length,128.0
783786,episodic_return,378.47133001586326
783786,episodic_length,131.0
783914,episodic_return,366.65150670926977
783914,episodic_length,127.0
784049,episodic_return,386.249053960971
784049,episodic_length,134.0
784177,episodic_return,367.1803813877198
784177,episodic_length,127.0
784308,episodic_return,367.9218869025621
784308,episodic_length,130.0
784384,value_loss,0.014246492646634579
784384,policy_loss,-0.07270874828100204
784384,approx_kl,13.467475891113281
784384,clipfrac,0.94453125
784384,explained_variance,0.9719745889306068
784384,sps,569.0
784426,episodic_return,322.57701052995105
784426,episodic_length,117.0
784560,episodic_return,378.9504399224232
784560,episodic_length,133.0
784690,episodic_return,369.63729977302455
784690,episodic_length,129.0
784818,episodic_return,364.3119747741496
784818,episodic_length,127.0
784939,episodic_return,337.34391175685636
784939,episodic_length,120.0
785069,episodic_return,373.7975457882533
785069,episodic_length,129.0
785199,episodic_return,370.4271682492282
785199,episodic_length,129.0
785334,episodic_return,374.28022323006326
785334,episodic_length,134.0
785465,episodic_return,375.6691830293049
785465,episodic_length,130.0
785590,episodic_return,350.21982708867085
785590,episodic_length,124.0
785716,episodic_return,355.5931322933968
785716,episodic_length,125.0
785848,episodic_return,375.226298799831
785848,episodic_length,131.0
785973,episodic_return,353.7479182092186
785973,episodic_length,124.0
786095,episodic_return,342.7042662726766
786095,episodic_length,121.0
786225,episodic_return,373.93428223479606
786225,episodic_length,129.0
786349,episodic_return,348.850865030694
786349,episodic_length,123.0
786432,value_loss,0.0016114830505102873
786432,policy_loss,-0.5272233486175537
786432,approx_kl,15.780902862548828
786432,clipfrac,0.952392578125
786432,explained_variance,0.971457464620471
786432,sps,569.0
786470,episodic_return,335.8511000792155
786470,episodic_length,120.0
786603,episodic_return,380.969310409754
786603,episodic_length,132.0
786721,episodic_return,324.21805449787007
786721,episodic_length,117.0
786849,episodic_return,365.696238880807
786849,episodic_length,127.0
786978,episodic_return,370.38166191877156
786978,episodic_length,128.0
787105,episodic_return,360.0544283086169
787105,episodic_length,126.0
787221,episodic_return,314.60545890732845
787221,episodic_length,115.0
787347,episodic_return,359.5097714421556
787347,episodic_length,125.0
787474,episodic_return,360.23105133575007
787474,episodic_length,126.0
787595,episodic_return,335.18500490563014
787595,episodic_length,120.0
787715,episodic_return,330.2281270026186
787715,episodic_length,119.0
787836,episodic_return,335.63088709545843
787836,episodic_length,120.0
787965,episodic_return,368.0212286332896
787965,episodic_length,128.0
788090,episodic_return,351.95312697301455
788090,episodic_length,124.0
788221,episodic_return,373.4235821649227
788221,episodic_length,130.0
788348,episodic_return,361.10079144037013
788348,episodic_length,126.0
788477,episodic_return,365.0692334140139
788477,episodic_length,128.0
788480,value_loss,0.00709131732583046
788480,policy_loss,-0.042113691568374634
788480,approx_kl,6.699708938598633
788480,clipfrac,0.93056640625
788480,explained_variance,0.968014907091856
788480,sps,569.0
788606,episodic_return,364.71286213154804
788606,episodic_length,128.0
788729,episodic_return,344.71312487070566
788729,episodic_length,122.0
788849,episodic_return,330.93837534806636
788849,episodic_length,119.0
788971,episodic_return,339.6822403719782
788971,episodic_length,121.0
789100,episodic_return,365.0564716034002
789100,episodic_length,128.0
789230,episodic_return,365.51431584900314
789230,episodic_length,129.0
789351,episodic_return,338.8286275696469
789351,episodic_length,120.0
789470,episodic_return,322.3723125109598
789470,episodic_length,118.0
789594,episodic_return,348.1333696834032
789594,episodic_length,123.0
789713,episodic_return,327.96975679087836
789713,episodic_length,118.0
789834,episodic_return,336.3808656572575
789834,episodic_length,120.0
789964,episodic_return,368.92435828036156
789964,episodic_length,129.0
790097,episodic_return,376.7779223479997
790097,episodic_length,132.0
790215,episodic_return,323.7268974803379
790215,episodic_length,117.0
790337,episodic_return,340.73594277036955
790337,episodic_length,121.0
790470,episodic_return,380.09742831604643
790470,episodic_length,132.0
790528,value_loss,0.018670741468667984
790528,policy_loss,-0.008030330762267113
790528,approx_kl,26.786603927612305
790528,clipfrac,0.9494140625
790528,explained_variance,0.970315471291542
790528,sps,569.0
790591,episodic_return,337.37306983527077
790591,episodic_length,120.0
790720,episodic_return,366.9140038781235
790720,episodic_length,128.0
790839,episodic_return,327.60445518636726
790839,episodic_length,118.0
790969,episodic_return,368.95429277912683
790969,episodic_length,129.0
791102,episodic_return,383.9513345505316
791102,episodic_length,132.0
791227,episodic_return,351.51182251356596
791227,episodic_length,124.0
791349,episodic_return,339.25228321534627
791349,episodic_length,121.0
791482,episodic_return,378.899166341849
791482,episodic_length,132.0
791607,episodic_return,348.5043867227341
791607,episodic_length,124.0
791735,episodic_return,364.8445306398805
791735,episodic_length,127.0
791861,episodic_return,355.6008369947656
791861,episodic_length,125.0
791985,episodic_return,344.24107449980824
791985,episodic_length,123.0
792113,episodic_return,362.73980740537746
792113,episodic_length,127.0
792246,episodic_return,380.66651563627494
792246,episodic_length,132.0
792375,episodic_return,366.83586030232993
792375,episodic_length,128.0
792494,episodic_return,331.29919242897193
792494,episodic_length,118.0
792576,value_loss,0.0032198515255004168
792576,policy_loss,0.03551898151636124
792576,approx_kl,47.16594696044922
792576,clipfrac,0.955859375
792576,explained_variance,0.9719020277261734
792576,sps,569.0
792616,episodic_return,338.012107668193
792616,episodic_length,121.0
792751,episodic_return,381.74584698539064
792751,episodic_length,134.0
792879,episodic_return,359.3473398268932
792879,episodic_length,127.0
793000,episodic_return,332.45748512267676
793000,episodic_length,120.0
793131,episodic_return,371.8141665079352
793131,episodic_length,130.0
793252,episodic_return,338.5641218344871
793252,episodic_length,120.0
793380,episodic_return,364.9566951792998
793380,episodic_length,127.0
793503,episodic_return,342.5616095316594
793503,episodic_length,122.0
793637,episodic_return,382.7191266361913
793637,episodic_length,133.0
793770,episodic_return,376.9861447321513
793770,episodic_length,132.0
793904,episodic_return,381.3380384629066
793904,episodic_length,133.0
794031,episodic_return,356.9173951818634
794031,episodic_length,126.0
794164,episodic_return,378.4207679950819
794164,episodic_length,132.0
794298,episodic_return,382.33711569981165
794298,episodic_length,133.0
794422,episodic_return,346.6272524564206
794422,episodic_length,123.0
794552,episodic_return,371.99372749672744
794552,episodic_length,129.0
794624,value_loss,0.04674527421593666
794624,policy_loss,-0.09730455279350281
794624,approx_kl,19.98302459716797
794624,clipfrac,0.960693359375
794624,explained_variance,0.9740039687603712
794624,sps,569.0
794670,episodic_return,320.56973298440283
794670,episodic_length,117.0
794799,episodic_return,363.954141932017
794799,episodic_length,128.0
794928,episodic_return,366.23022397023493
794928,episodic_length,128.0
795056,episodic_return,364.05289040441886
795056,episodic_length,127.0
795182,episodic_return,354.5843479254788
795182,episodic_length,125.0
795311,episodic_return,369.14177056368806
795311,episodic_length,128.0
795440,episodic_return,368.5560359561568
795440,episodic_length,128.0
795574,episodic_return,381.51681859391726
795574,episodic_length,133.0
795694,episodic_return,330.8112536328281
795694,episodic_length,119.0
795822,episodic_return,363.819589147643
795822,episodic_length,127.0
795944,episodic_return,339.85333471694537
795944,episodic_length,121.0
796073,episodic_return,368.9281084806909
796073,episodic_length,128.0
796203,episodic_return,373.92460544806835
796203,episodic_length,129.0
796328,episodic_return,355.8810638919401
796328,episodic_length,124.0
796460,episodic_return,376.4566063451696
796460,episodic_length,131.0
796588,episodic_return,361.940991376027
796588,episodic_length,127.0
796672,value_loss,0.01890913024544716
796672,policy_loss,-0.30992671847343445
796672,approx_kl,6.438690662384033
796672,clipfrac,0.93974609375
796672,explained_variance,0.9726663939654827
796672,sps,569.0
796717,episodic_return,368.8123851655386
796717,episodic_length,128.0
796844,episodic_return,359.5192029043037
796844,episodic_length,126.0
796955,episodic_return,290.7719745827346
796955,episodic_length,110.0
797076,episodic_return,335.58713867404833
797076,episodic_length,120.0
797199,episodic_return,340.1959405709614
797199,episodic_length,122.0
797325,episodic_return,355.2022636319062
797325,episodic_length,125.0
797445,episodic_return,329.6331846948813
797445,episodic_length,119.0
797574,episodic_return,368.8787105403574
797574,episodic_length,128.0
797705,episodic_return,371.7598722414756
797705,episodic_length,130.0
797828,episodic_return,344.29070322733617
797828,episodic_length,122.0
797952,episodic_return,347.5580608070461
797952,episodic_length,123.0
798078,episodic_return,356.850131832452
798078,episodic_length,125.0
798201,episodic_return,340.40115067870573
798201,episodic_length,122.0
798331,episodic_return,368.87883965630874
798331,episodic_length,129.0
798456,episodic_return,353.22418395403975
798456,episodic_length,124.0
798576,episodic_return,332.05653737334836
798576,episodic_length,119.0
798707,episodic_return,371.5001255655898
798707,episodic_length,130.0
798720,value_loss,0.029781047254800797
798720,policy_loss,-0.32479092478752136
798720,approx_kl,10.471012115478516
798720,clipfrac,0.927880859375
798720,explained_variance,0.9625771231949329
798720,sps,569.0
798829,episodic_return,344.218275679369
798829,episodic_length,121.0
798959,episodic_return,372.19825421720617
798959,episodic_length,129.0
799084,episodic_return,347.4043919253754
799084,episodic_length,124.0
799209,episodic_return,351.6201066120744
799209,episodic_length,124.0
799336,episodic_return,357.13024955833646
799336,episodic_length,126.0
799453,episodic_return,320.7762334243697
799453,episodic_length,116.0
799574,episodic_return,332.4032438781189
799574,episodic_length,120.0
799700,episodic_return,354.7950345386579
799700,episodic_length,125.0
799832,episodic_return,375.1219007100533
799832,episodic_length,131.0
799960,episodic_return,363.30320404229496
799960,episodic_length,127.0
800088,episodic_return,362.91046617852265
800088,episodic_length,127.0
800212,episodic_return,344.61439833354405
800212,episodic_length,123.0
800331,episodic_return,329.218352551719
800331,episodic_length,118.0
800452,episodic_return,333.6180524298753
800452,episodic_length,120.0
800569,episodic_return,320.2219889853716
800569,episodic_length,116.0
800694,episodic_return,351.2287554358184
800694,episodic_length,124.0
800768,value_loss,0.013193639926612377
800768,policy_loss,-0.17852164804935455
800768,approx_kl,21.837291717529297
800768,clipfrac,0.9427734375
800768,explained_variance,0.9684444852173328
800768,sps,569.0
800818,episodic_return,342.9299059791471
800818,episodic_length,123.0
800940,episodic_return,339.4226205294934
800940,episodic_length,121.0
801068,episodic_return,359.9989162565764
801068,episodic_length,127.0
801185,episodic_return,319.8371019610539
801185,episodic_length,116.0
801316,episodic_return,368.8873510335784
801316,episodic_length,130.0
801446,episodic_return,368.2535687658747
801446,episodic_length,129.0
801575,episodic_return,364.59792605220986
801575,episodic_length,128.0
801706,episodic_return,371.7161543866925
801706,episodic_length,130.0
801838,episodic_return,367.7183309427671
801838,episodic_length,131.0
801970,episodic_return,373.20784070387253
801970,episodic_length,131.0
802097,episodic_return,358.3096181533679
802097,episodic_length,126.0
802222,episodic_return,352.8069285221951
802222,episodic_length,124.0
802344,episodic_return,342.93051655022776
802344,episodic_length,121.0
802473,episodic_return,365.23965714347725
802473,episodic_length,128.0
802599,episodic_return,353.8510458970103
802599,episodic_length,125.0
802722,episodic_return,344.9418960923756
802722,episodic_length,122.0
802816,value_loss,0.0007419794565066695
802816,policy_loss,-0.03169829398393631
802816,approx_kl,18.611169815063477
802816,clipfrac,0.950830078125
802816,explained_variance,0.970278775319457
802816,sps,569.0
802855,episodic_return,371.28902695878514
802855,episodic_length,132.0
802983,episodic_return,360.21036389989143
802983,episodic_length,127.0
803109,episodic_return,358.0422841910125
803109,episodic_length,125.0
803241,episodic_return,362.5615994163408
803241,episodic_length,131.0
803366,episodic_return,350.06453384495893
803366,episodic_length,124.0
803494,episodic_return,360.8965210216292
803494,episodic_length,127.0
803622,episodic_return,361.3528979105479
803622,episodic_length,127.0
803749,episodic_return,356.9131486600421
803749,episodic_length,126.0
803872,episodic_return,343.4054162526616
803872,episodic_length,122.0
803999,episodic_return,361.7507811034177
803999,episodic_length,126.0
804124,episodic_return,347.2025468192104
804124,episodic_length,124.0
804255,episodic_return,361.62818173977
804255,episodic_length,130.0
804377,episodic_return,343.59360332766147
804377,episodic_length,121.0
804506,episodic_return,369.0236740749953
804506,episodic_length,128.0
804636,episodic_return,354.48278051778
804636,episodic_length,129.0
804766,episodic_return,363.75234803224714
804766,episodic_length,129.0
804864,value_loss,0.0202802661806345
804864,policy_loss,-0.058280862867832184
804864,approx_kl,9.889640808105469
804864,clipfrac,0.934375
804864,explained_variance,0.9756431691348553
804864,sps,569.0
804897,episodic_return,366.8355099712063
804897,episodic_length,130.0
805025,episodic_return,360.8529618769244
805025,episodic_length,127.0
805154,episodic_return,363.014006093489
805154,episodic_length,128.0
805285,episodic_return,361.12735719589415
805285,episodic_length,130.0
805414,episodic_return,367.0053773446703
805414,episodic_length,128.0
805544,episodic_return,371.6744900164712
805544,episodic_length,129.0
805672,episodic_return,363.345456374162
805672,episodic_length,127.0
805801,episodic_return,359.38728395175826
805801,episodic_length,128.0
805922,episodic_return,339.52705853996963
805922,episodic_length,120.0
806053,episodic_return,374.003218674857
806053,episodic_length,130.0
806185,episodic_return,370.7522631655511
806185,episodic_length,131.0
806313,episodic_return,351.944592041091
806313,episodic_length,127.0
806445,episodic_return,367.44964866671415
806445,episodic_length,131.0
806576,episodic_return,370.6392130445212
806576,episodic_length,130.0
806702,episodic_return,355.71754803741834
806702,episodic_length,125.0
806833,episodic_return,368.87393122847214
806833,episodic_length,130.0
806912,value_loss,0.000903816195204854
806912,policy_loss,-0.12132155150175095
806912,approx_kl,21.581073760986328
806912,clipfrac,0.9412109375
806912,explained_variance,0.9762437585741282
806912,sps,569.0
806963,episodic_return,365.4743755164575
806963,episodic_length,129.0
807090,episodic_return,346.4461440721805
807090,episodic_length,126.0
807220,episodic_return,357.5774516168229
807220,episodic_length,129.0
807346,episodic_return,349.78688132866506
807346,episodic_length,125.0
807471,episodic_return,350.2373075798278
807471,episodic_length,124.0
807595,episodic_return,347.2699171022385
807595,episodic_length,123.0
807724,episodic_return,356.08562038569926
807724,episodic_length,128.0
807850,episodic_return,352.05842644621976
807850,episodic_length,125.0
807978,episodic_return,350.09304049642816
807978,episodic_length,127.0
808100,episodic_return,331.1601791924147
808100,episodic_length,121.0
808229,episodic_return,365.0533689989951
808229,episodic_length,128.0
808358,episodic_return,357.1321677384422
808358,episodic_length,128.0
808487,episodic_return,352.5562278954862
808487,episodic_length,128.0
808614,episodic_return,356.92040849348956
808614,episodic_length,126.0
808740,episodic_return,345.7501727238828
808740,episodic_length,125.0
808865,episodic_return,349.4792194529211
808865,episodic_length,124.0
808960,value_loss,0.007844042032957077
808960,policy_loss,-0.023467063903808594
808960,approx_kl,6.041917324066162
808960,clipfrac,0.90703125
808960,explained_variance,0.9751321189105511
808960,sps,569.0
808995,episodic_return,369.33508452245763
808995,episodic_length,129.0
809121,episodic_return,348.0483317190618
809121,episodic_length,125.0
809252,episodic_return,369.99076402327876
809252,episodic_length,130.0
809378,episodic_return,346.9679606718766
809378,episodic_length,125.0
809504,episodic_return,352.40598366467924
809504,episodic_length,125.0
809630,episodic_return,339.57071143590707
809630,episodic_length,125.0
809757,episodic_return,352.94879142219463
809757,episodic_length,126.0
809887,episodic_return,358.8562155525643
809887,episodic_length,129.0
810017,episodic_return,361.6734244548873
810017,episodic_length,129.0
810144,episodic_return,356.7392024002904
810144,episodic_length,126.0
810272,episodic_return,356.4504032979525
810272,episodic_length,127.0
810397,episodic_return,345.90522580089663
810397,episodic_length,124.0
810521,episodic_return,346.27169425769966
810521,episodic_length,123.0
810647,episodic_return,344.68495508876487
810647,episodic_length,125.0
810776,episodic_return,356.2775546269404
810776,episodic_length,128.0
810905,episodic_return,363.6337281854205
810905,episodic_length,128.0
811008,value_loss,0.0005485391011461616
811008,policy_loss,-0.2876887023448944
811008,approx_kl,7.5980024337768555
811008,clipfrac,0.926416015625
811008,explained_variance,0.9775338843464851
811008,sps,569.0
811037,episodic_return,360.4640171306192
811037,episodic_length,131.0
811161,episodic_return,346.96515694951376
811161,episodic_length,123.0
811289,episodic_return,347.78820614831017
811289,episodic_length,127.0
811422,episodic_return,368.96375016607806
811422,episodic_length,132.0
811550,episodic_return,355.85560164721966
811550,episodic_length,127.0
811683,episodic_return,368.0958149709453
811683,episodic_length,132.0
811810,episodic_return,348.18135594614614
811810,episodic_length,126.0
811935,episodic_return,344.74226052140017
811935,episodic_length,124.0
812065,episodic_return,353.5440366091894
812065,episodic_length,129.0
812193,episodic_return,358.1098005470609
812193,episodic_length,127.0
812324,episodic_return,362.4392424785269
812324,episodic_length,130.0
812456,episodic_return,371.14520860653977
812456,episodic_length,131.0
812578,episodic_return,342.28392688420513
812578,episodic_length,121.0
812703,episodic_return,346.49533505032394
812703,episodic_length,124.0
812834,episodic_return,359.639175169821
812834,episodic_length,130.0
812958,episodic_return,343.6566333623476
812958,episodic_length,123.0
813056,value_loss,0.0005663380725309253
813056,policy_loss,-0.03979865089058876
813056,approx_kl,16.1683349609375
813056,clipfrac,0.947265625
813056,explained_variance,0.9796408899128437
813056,sps,569.0
813082,episodic_return,348.45657771000845
813082,episodic_length,123.0
813209,episodic_return,351.6382724411819
813209,episodic_length,126.0
813338,episodic_return,360.1132239227315
813338,episodic_length,128.0
813462,episodic_return,340.56070891687114
813462,episodic_length,123.0
813590,episodic_return,347.1884791607453
813590,episodic_length,127.0
813720,episodic_return,358.43454296731613
813720,episodic_length,129.0
813848,episodic_return,363.13186133970123
813848,episodic_length,127.0
813975,episodic_return,351.0403533370504
813975,episodic_length,126.0
814108,episodic_return,370.84808791147725
814108,episodic_length,132.0
814239,episodic_return,360.3975038320472
814239,episodic_length,130.0
814369,episodic_return,359.3107615126167
814369,episodic_length,129.0
814497,episodic_return,354.4481043215626
814497,episodic_length,127.0
814630,episodic_return,370.04300534439824
814630,episodic_length,132.0
814760,episodic_return,361.5672204920005
814760,episodic_length,129.0
814891,episodic_return,372.02573125269845
814891,episodic_length,130.0
815019,episodic_return,362.19512007387374
815019,episodic_length,127.0
815104,value_loss,0.027662081643939018
815104,policy_loss,0.027430938556790352
815104,approx_kl,13.004488945007324
815104,clipfrac,0.929443359375
815104,explained_variance,0.9768700152635574
815104,sps,569.0
815150,episodic_return,363.197061472815
815150,episodic_length,130.0
815278,episodic_return,358.5669705265781
815278,episodic_length,127.0
815407,episodic_return,364.94137435255413
815407,episodic_length,128.0
815532,episodic_return,346.4344208653827
815532,episodic_length,124.0
815661,episodic_return,358.3373678655826
815661,episodic_length,128.0
815788,episodic_return,355.160132530935
815788,episodic_length,126.0
815917,episodic_return,366.9164115281003
815917,episodic_length,128.0
816040,episodic_return,345.6593880319567
816040,episodic_length,122.0
816166,episodic_return,354.80078618979434
816166,episodic_length,125.0
816290,episodic_return,340.36498833296235
816290,episodic_length,123.0
816421,episodic_return,367.0507998957936
816421,episodic_length,130.0
816548,episodic_return,360.47102255905514
816548,episodic_length,126.0
816672,episodic_return,344.61253819471597
816672,episodic_length,123.0
816792,episodic_return,333.056975415048
816792,episodic_length,119.0
816916,episodic_return,347.4841330627243
816916,episodic_length,123.0
817041,episodic_return,354.64821296294855
817041,episodic_length,124.0
817152,value_loss,0.02104414999485016
817152,policy_loss,0.005306797567754984
817152,approx_kl,25.871715545654297
817152,clipfrac,0.953466796875
817152,explained_variance,0.9746877942234278
817152,sps,569.0
817168,episodic_return,357.6677127633805
817168,episodic_length,126.0
817298,episodic_return,365.4605566781902
817298,episodic_length,129.0
817419,episodic_return,336.6115926286963
817419,episodic_length,120.0
817544,episodic_return,350.3240030063061
817544,episodic_length,124.0
817667,episodic_return,346.54963841465224
817667,episodic_length,122.0
817797,episodic_return,370.6705129742261
817797,episodic_length,129.0
817926,episodic_return,368.1977107648163
817926,episodic_length,128.0
818051,episodic_return,352.06496963496954
818051,episodic_length,124.0
818177,episodic_return,354.30712455604817
818177,episodic_length,125.0
818309,episodic_return,369.81045902272626
818309,episodic_length,131.0
818433,episodic_return,347.30516201096015
818433,episodic_length,123.0
818561,episodic_return,360.0216515242832
818561,episodic_length,127.0
818687,episodic_return,354.75870406093645
818687,episodic_length,125.0
818818,episodic_return,363.8475269872807
818818,episodic_length,130.0
818944,episodic_return,346.9606348068804
818944,episodic_length,125.0
819072,episodic_return,358.18724012387963
819072,episodic_length,127.0
819200,value_loss,0.025177687406539917
819200,policy_loss,-0.0885334387421608
819200,approx_kl,12.266672134399414
819200,clipfrac,0.9416015625
819200,explained_variance,0.9751855041831732
819200,sps,569.0
819202,episodic_return,366.58509918081063
819202,episodic_length,129.0
819335,episodic_return,373.2948630234575
819335,episodic_length,132.0
819465,episodic_return,370.51875555212854
819465,episodic_length,129.0
819596,episodic_return,362.5385505773031
819596,episodic_length,130.0
819729,episodic_return,377.86812678384405
819729,episodic_length,132.0
819854,episodic_return,353.8936957967169
819854,episodic_length,124.0
819975,episodic_return,334.01323517562594
819975,episodic_length,120.0
820097,episodic_return,341.8170203009408
820097,episodic_length,121.0
820226,episodic_return,359.8932679176846
820226,episodic_length,128.0
820355,episodic_return,359.59128617863666
820355,episodic_length,128.0
820478,episodic_return,342.64633663047937
820478,episodic_length,122.0
820600,episodic_return,341.7104085424365
820600,episodic_length,121.0
820723,episodic_return,341.07704479359796
820723,episodic_length,122.0
820847,episodic_return,346.239236818273
820847,episodic_length,123.0
820978,episodic_return,362.75010408878654
820978,episodic_length,130.0
821108,episodic_return,361.7203598579163
821108,episodic_length,129.0
821232,episodic_return,349.5372527771332
821232,episodic_length,123.0
821248,value_loss,0.028051018714904785
821248,policy_loss,-0.006015820428729057
821248,approx_kl,9.207014083862305
821248,clipfrac,0.94755859375
821248,explained_variance,0.9761254657059908
821248,sps,569.0
821362,episodic_return,361.04952751965743
821362,episodic_length,129.0
821492,episodic_return,359.61640595834416
821492,episodic_length,129.0
821620,episodic_return,355.7129881596837
821620,episodic_length,127.0
821751,episodic_return,369.8792187217368
821751,episodic_length,130.0
821879,episodic_return,361.2642909051548
821879,episodic_length,127.0
822007,episodic_return,354.48415535075816
822007,episodic_length,127.0
822142,episodic_return,377.0177393607137
822142,episodic_length,134.0
822270,episodic_return,360.21590368992435
822270,episodic_length,127.0
822400,episodic_return,365.05358908269596
822400,episodic_length,129.0
822528,episodic_return,354.51548016914995
822528,episodic_length,127.0
822657,episodic_return,365.15885518849825
822657,episodic_length,128.0
822784,episodic_return,355.76122909743736
822784,episodic_length,126.0
822913,episodic_return,354.3460616163214
822913,episodic_length,128.0
823039,episodic_return,348.594574840174
823039,episodic_length,125.0
823167,episodic_return,356.77213599064333
823167,episodic_length,127.0
823295,episodic_return,362.7730259782508
823295,episodic_length,127.0
823296,value_loss,0.0010577125940471888
823296,policy_loss,-0.20359191298484802
823296,approx_kl,15.844923973083496
823296,clipfrac,0.93330078125
823296,explained_variance,0.9759625773876905
823296,sps,569.0
823422,episodic_return,350.05105958922104
823422,episodic_length,126.0
823552,episodic_return,359.3058635327675
823552,episodic_length,129.0
823681,episodic_return,361.26489206615554
823681,episodic_length,128.0
823813,episodic_return,372.26007034160324
823813,episodic_length,131.0
823945,episodic_return,376.0728798257026
823945,episodic_length,131.0
824081,episodic_return,371.9328834895829
824081,episodic_length,135.0
824211,episodic_return,358.5303749983671
824211,episodic_length,129.0
824339,episodic_return,350.7899783352734
824339,episodic_length,127.0
824467,episodic_return,340.1869179096179
824467,episodic_length,127.0
824595,episodic_return,352.2184116141156
824595,episodic_length,127.0
824723,episodic_return,351.7472090323391
824723,episodic_length,127.0
824852,episodic_return,355.6463163427488
824852,episodic_length,128.0
824980,episodic_return,353.6894497238779
824980,episodic_length,127.0
825108,episodic_return,337.9915727366618
825108,episodic_length,127.0
825237,episodic_return,356.0737811549112
825237,episodic_length,128.0
825344,value_loss,0.001259676762856543
825344,policy_loss,-0.32174333930015564
825344,approx_kl,14.302777290344238
825344,clipfrac,0.93369140625
825344,explained_variance,0.9818336591124535
825344,sps,569.0
825366,episodic_return,364.2187914622421
825366,episodic_length,128.0
825499,episodic_return,374.36005077539926
825499,episodic_length,132.0
825629,episodic_return,359.3398370940733
825629,episodic_length,129.0
825755,episodic_return,341.542622463097
825755,episodic_length,125.0
825881,episodic_return,347.03503430382233
825881,episodic_length,125.0
826010,episodic_return,353.9547709580536
826010,episodic_length,128.0
826140,episodic_return,355.88656626294323
826140,episodic_length,129.0
826267,episodic_return,352.324236767485
826267,episodic_length,126.0
826395,episodic_return,352.8473052238345
826395,episodic_length,127.0
826524,episodic_return,348.0315084536346
826524,episodic_length,128.0
826654,episodic_return,361.8975103337211
826654,episodic_length,129.0
826784,episodic_return,361.44150352216894
826784,episodic_length,129.0
826913,episodic_return,345.7434023702295
826913,episodic_length,128.0
827042,episodic_return,355.39723694756844
827042,episodic_length,128.0
827173,episodic_return,369.22501747278216
827173,episodic_length,130.0
827304,episodic_return,364.2453090355632
827304,episodic_length,130.0
827392,value_loss,0.020605191588401794
827392,policy_loss,-0.0440475270152092
827392,approx_kl,9.169733047485352
827392,clipfrac,0.93291015625
827392,explained_variance,0.9787884410470724
827392,sps,569.0
827436,episodic_return,363.98007488718883
827436,episodic_length,131.0
827566,episodic_return,363.06083754972184
827566,episodic_length,129.0
827691,episodic_return,332.68245551726744
827691,episodic_length,124.0
827823,episodic_return,352.1371544906464
827823,episodic_length,131.0
827954,episodic_return,356.7416573680852
827954,episodic_length,130.0
828085,episodic_return,372.2421677712921
828085,episodic_length,130.0
828210,episodic_return,335.19437615693613
828210,episodic_length,124.0
828345,episodic_return,371.896323495028
828345,episodic_length,134.0
828470,episodic_return,325.2070809319723
828470,episodic_length,124.0
828597,episodic_return,349.87136175335985
828597,episodic_length,126.0
828728,episodic_return,355.075554280335
828728,episodic_length,130.0
828860,episodic_return,364.4636162123498
828860,episodic_length,131.0
828990,episodic_return,345.98406962586637
828990,episodic_length,129.0
829114,episodic_return,329.862956730423
829114,episodic_length,123.0
829243,episodic_return,356.52942746925754
829243,episodic_length,128.0
829371,episodic_return,347.4615428753043
829371,episodic_length,127.0
829440,value_loss,0.0010355021804571152
829440,policy_loss,-0.08561225235462189
829440,approx_kl,4.811297416687012
829440,clipfrac,0.917578125
829440,explained_variance,0.982572702690959
829440,sps,569.0
829500,episodic_return,343.3085904086026
829500,episodic_length,128.0
829628,episodic_return,342.9502742884149
829628,episodic_length,127.0
829756,episodic_return,341.1574039499852
829756,episodic_length,127.0
829883,episodic_return,340.1987061617894
829883,episodic_length,126.0
830017,episodic_return,365.3700750253715
830017,episodic_length,133.0
830146,episodic_return,350.996322228366
830146,episodic_length,128.0
830272,episodic_return,329.2551461012055
830272,episodic_length,125.0
830405,episodic_return,362.0759126728449
830405,episodic_length,132.0
830538,episodic_return,367.35339269219963
830538,episodic_length,132.0
830669,episodic_return,356.3082165348205
830669,episodic_length,130.0
830804,episodic_return,366.89774472433436
830804,episodic_length,134.0
830935,episodic_return,342.8339423412258
830935,episodic_length,130.0
831062,episodic_return,335.2993363932811
831062,episodic_length,126.0
831193,episodic_return,358.2214693084493
831193,episodic_length,130.0
831322,episodic_return,348.57783785747785
831322,episodic_length,128.0
831452,episodic_return,346.49746176676825
831452,episodic_length,129.0
831488,value_loss,0.0007927983533591032
831488,policy_loss,-0.1557805985212326
831488,approx_kl,3.971168041229248
831488,clipfrac,0.90888671875
831488,explained_variance,0.9835544861853123
831488,sps,569.0
831579,episodic_return,336.02599707647005
831579,episodic_length,126.0
831708,episodic_return,344.2695297955027
831708,episodic_length,128.0
831839,episodic_return,350.97946661534
831839,episodic_length,130.0
831971,episodic_return,363.3144000311991
831971,episodic_length,131.0
832096,episodic_return,325.0400963403367
832096,episodic_length,124.0
832223,episodic_return,335.8779246519747
832223,episodic_length,126.0
832350,episodic_return,335.4670841301574
832350,episodic_length,126.0
832477,episodic_return,330.18893611203185
832477,episodic_length,126.0
832608,episodic_return,356.82443282643635
832608,episodic_length,130.0
832739,episodic_return,351.3304022971559
832739,episodic_length,130.0
832872,episodic_return,362.03519386346045
832872,episodic_length,132.0
833003,episodic_return,358.7974265396814
833003,episodic_length,130.0
833131,episodic_return,350.82425255221926
833131,episodic_length,127.0
833261,episodic_return,352.99220746378387
833261,episodic_length,129.0
833387,episodic_return,332.0238052622128
833387,episodic_length,125.0
833518,episodic_return,365.5170842415681
833518,episodic_length,130.0
833536,value_loss,0.007646661251783371
833536,policy_loss,0.00555233983322978
833536,approx_kl,15.722079277038574
833536,clipfrac,0.934619140625
833536,explained_variance,0.9839460663497448
833536,sps,569.0
833646,episodic_return,339.64582422724084
833646,episodic_length,127.0
833776,episodic_return,356.85325922950193
833776,episodic_length,129.0
833900,episodic_return,311.44211492499073
833900,episodic_length,123.0
834028,episodic_return,345.73978746127756
834028,episodic_length,127.0
834151,episodic_return,306.2518747373461
834151,episodic_length,122.0
834278,episodic_return,331.87905215246514
834278,episodic_length,126.0
834407,episodic_return,351.0842100766073
834407,episodic_length,128.0
834537,episodic_return,349.1268907603788
834537,episodic_length,129.0
834669,episodic_return,360.8362828800912
834669,episodic_length,131.0
834795,episodic_return,334.12558214379527
834795,episodic_length,125.0
834921,episodic_return,338.6005226169208
834921,episodic_length,125.0
835050,episodic_return,349.4325925695914
835050,episodic_length,128.0
835182,episodic_return,362.9114256809694
835182,episodic_length,131.0
835313,episodic_return,359.84896705391304
835313,episodic_length,130.0
835438,episodic_return,325.2173834085118
835438,episodic_length,124.0
835563,episodic_return,327.0251874047366
835563,episodic_length,124.0
835584,value_loss,0.001886426704004407
835584,policy_loss,-0.20727883279323578
835584,approx_kl,14.367549896240234
835584,clipfrac,0.926513671875
835584,explained_variance,0.983679523691535
835584,sps,569.0
835691,episodic_return,352.19842851710314
835691,episodic_length,127.0
835822,episodic_return,356.72046170697735
835822,episodic_length,130.0
835950,episodic_return,347.05397909986556
835950,episodic_length,127.0
836080,episodic_return,355.5204606894498
836080,episodic_length,129.0
836208,episodic_return,345.5863228533331
836208,episodic_length,127.0
836338,episodic_return,359.3241726276817
836338,episodic_length,129.0
836472,episodic_return,372.6403390088664
836472,episodic_length,133.0
836600,episodic_return,345.24338113666744
836600,episodic_length,127.0
836725,episodic_return,327.24719293824467
836725,episodic_length,124.0
836856,episodic_return,353.71981583817785
836856,episodic_length,130.0
836985,episodic_return,356.0985458875111
836985,episodic_length,128.0
837114,episodic_return,341.09050984849506
837114,episodic_length,128.0
837245,episodic_return,358.5965994157273
837245,episodic_length,130.0
837374,episodic_return,348.31302214545207
837374,episodic_length,128.0
837501,episodic_return,345.1194784528067
837501,episodic_length,126.0
837632,episodic_return,349.5243631108404
837632,episodic_length,130.0
837632,value_loss,0.013643469661474228
837632,policy_loss,-0.007896168157458305
837632,approx_kl,6.425182819366455
837632,clipfrac,0.94072265625
837632,explained_variance,0.9816075433045626
837632,sps,569.0
837760,episodic_return,350.65786120025996
837760,episodic_length,127.0
837885,episodic_return,333.6905012679559
837885,episodic_length,124.0
838011,episodic_return,327.80856029586624
838011,episodic_length,125.0
838142,episodic_return,355.84386707770585
838142,episodic_length,130.0
838273,episodic_return,360.47538910678696
838273,episodic_length,130.0
838404,episodic_return,357.67634567056876
838404,episodic_length,130.0
838531,episodic_return,336.5232586573428
838531,episodic_length,126.0
838661,episodic_return,352.8473304122249
838661,episodic_length,129.0
838792,episodic_return,352.9782568967285
838792,episodic_length,130.0
838924,episodic_return,365.88609076886496
838924,episodic_length,131.0
839049,episodic_return,329.805408658679
839049,episodic_length,124.0
839178,episodic_return,347.7974339920542
839178,episodic_length,128.0
839309,episodic_return,356.83316023734216
839309,episodic_length,130.0
839437,episodic_return,348.4706475523537
839437,episodic_length,127.0
839563,episodic_return,333.78881941748824
839563,episodic_length,125.0
839680,value_loss,0.0006257870700210333
839680,policy_loss,-0.027275020256638527
839680,approx_kl,26.669170379638672
839680,clipfrac,0.969921875
839680,explained_variance,0.9835742097347975
839680,sps,569.0
839688,episodic_return,328.21406727947635
839688,episodic_length,124.0
839816,episodic_return,341.4061978676425
839816,episodic_length,127.0
839942,episodic_return,327.03042895786365
839942,episodic_length,125.0
840072,episodic_return,352.13359265557654
840072,episodic_length,129.0
840206,episodic_return,364.01592755009153
840206,episodic_length,133.0
840327,episodic_return,311.76973691892493
840327,episodic_length,120.0
840454,episodic_return,338.8191698361989
840454,episodic_length,126.0
840584,episodic_return,352.3814265436438
840584,episodic_length,129.0
840709,episodic_return,327.52570207922594
840709,episodic_length,124.0
840842,episodic_return,357.70411567660034
840842,episodic_length,132.0
840976,episodic_return,367.8693404965899
840976,episodic_length,133.0
841101,episodic_return,325.6189435463697
841101,episodic_length,124.0
841232,episodic_return,353.47446604021957
841232,episodic_length,130.0
841361,episodic_return,349.43369858811184
841361,episodic_length,128.0
841487,episodic_return,336.3843967449545
841487,episodic_length,125.0
841618,episodic_return,347.1538157879131
841618,episodic_length,130.0
841728,value_loss,0.0012959911255165935
841728,policy_loss,0.1996355950832367
841728,approx_kl,5.920040130615234
841728,clipfrac,0.9068359375
841728,explained_variance,0.9820865131914616
841728,sps,569.0
841746,episodic_return,341.31783746811533
841746,episodic_length,127.0
841876,episodic_return,344.479624969831
841876,episodic_length,129.0
842004,episodic_return,335.97361422007134
842004,episodic_length,127.0
842134,episodic_return,354.9182410969506
842134,episodic_length,129.0
842263,episodic_return,350.0524828306902
842263,episodic_length,128.0
842392,episodic_return,342.5855639110695
842392,episodic_length,128.0
842522,episodic_return,350.61754006140455
842522,episodic_length,129.0
842651,episodic_return,346.79740057819936
842651,episodic_length,128.0
842780,episodic_return,349.50211878258915
842780,episodic_length,128.0
842909,episodic_return,339.02911920935134
842909,episodic_length,128.0
843038,episodic_return,349.21139512534836
843038,episodic_length,128.0
843167,episodic_return,340.91668556717
843167,episodic_length,128.0
843295,episodic_return,345.2704245054759
843295,episodic_length,127.0
843426,episodic_return,352.5884324155957
843426,episodic_length,130.0
843555,episodic_return,345.50909512156863
843555,episodic_length,128.0
843686,episodic_return,357.2056377198625
843686,episodic_length,130.0
843776,value_loss,0.00030489114578813314
843776,policy_loss,0.5251011252403259
843776,approx_kl,19.802581787109375
843776,clipfrac,0.9435546875
843776,explained_variance,0.985980979166925
843776,sps,569.0
843812,episodic_return,333.8708036871488
843812,episodic_length,125.0
843940,episodic_return,335.4865905975232
843940,episodic_length,127.0
844068,episodic_return,343.10869077156843
844068,episodic_length,127.0
844197,episodic_return,342.4808568154122
844197,episodic_length,128.0
844326,episodic_return,347.12992343432586
844326,episodic_length,128.0
844459,episodic_return,358.04926590287374
844459,episodic_length,132.0
844587,episodic_return,342.26183541150436
844587,episodic_length,127.0
844719,episodic_return,351.2726600359801
844719,episodic_length,131.0
844849,episodic_return,347.7833792743795
844849,episodic_length,129.0
844982,episodic_return,362.90217008564093
844982,episodic_length,132.0
845112,episodic_return,351.78908815817533
845112,episodic_length,129.0
845241,episodic_return,348.1132047669753
845241,episodic_length,128.0
845368,episodic_return,339.6669912964413
845368,episodic_length,126.0
845497,episodic_return,352.7095496372468
845497,episodic_length,128.0
845629,episodic_return,349.09138535582616
845629,episodic_length,131.0
845759,episodic_return,348.3689097515985
845759,episodic_length,129.0
845824,value_loss,0.007979915477335453
845824,policy_loss,-0.0015701353549957275
845824,approx_kl,3.3564200401306152
845824,clipfrac,0.92490234375
845824,explained_variance,0.9874713346362114
845824,sps,568.0
845889,episodic_return,355.6641181213559
845889,episodic_length,129.0
846022,episodic_return,373.883241512648
846022,episodic_length,132.0
846153,episodic_return,354.1774792618519
846153,episodic_length,130.0
846283,episodic_return,355.8511816862998
846283,episodic_length,129.0
846413,episodic_return,351.08062929456946
846413,episodic_length,129.0
846542,episodic_return,348.08970175610784
846542,episodic_length,128.0
846675,episodic_return,363.1739478863316
846675,episodic_length,132.0
846807,episodic_return,367.4340070359329
846807,episodic_length,131.0
846937,episodic_return,353.7883723825667
846937,episodic_length,129.0
847070,episodic_return,369.483083707274
847070,episodic_length,132.0
847197,episodic_return,339.8525892992443
847197,episodic_length,126.0
847330,episodic_return,375.3828048891858
847330,episodic_length,132.0
847463,episodic_return,372.27233249024323
847463,episodic_length,132.0
847592,episodic_return,354.43411471884707
847592,episodic_length,128.0
847720,episodic_return,347.0219472033277
847720,episodic_length,127.0
847852,episodic_return,368.0107071493645
847852,episodic_length,131.0
847872,value_loss,0.0007046320824883878
847872,policy_loss,-0.8132388591766357
847872,approx_kl,9.038675308227539
847872,clipfrac,0.93193359375
847872,explained_variance,0.9838077258318663
847872,sps,568.0
847984,episodic_return,367.5531263041342
847984,episodic_length,131.0
848113,episodic_return,354.53994359848366
848113,episodic_length,128.0
848246,episodic_return,377.965112272947
848246,episodic_length,132.0
848375,episodic_return,348.035754563316
848375,episodic_length,128.0
848508,episodic_return,366.880438220866
848508,episodic_length,132.0
848638,episodic_return,358.1115254724894
848638,episodic_length,129.0
848770,episodic_return,363.5116348681963
848770,episodic_length,131.0
848898,episodic_return,339.6795105084672
848898,episodic_length,127.0
849028,episodic_return,359.51809919886256
849028,episodic_length,129.0
849155,episodic_return,344.2841850855979
849155,episodic_length,126.0
849284,episodic_return,363.873625623585
849284,episodic_length,128.0
849415,episodic_return,361.72231486409396
849415,episodic_length,130.0
849543,episodic_return,350.7811083861637
849543,episodic_length,127.0
849676,episodic_return,370.7443842167606
849676,episodic_length,132.0
849807,episodic_return,365.2402760270992
849807,episodic_length,130.0
849920,value_loss,0.015681078657507896
849920,policy_loss,-0.0028622085228562355
849920,approx_kl,14.152862548828125
849920,clipfrac,0.91484375
849920,explained_variance,0.9847555924206972
849920,sps,568.0
849939,episodic_return,358.99045430085863
849939,episodic_length,131.0
850068,episodic_return,350.79661729069323
850068,episodic_length,128.0
850201,episodic_return,361.28500768256697
850201,episodic_length,132.0
850330,episodic_return,348.2735167355682
850330,episodic_length,128.0
850459,episodic_return,342.1301067252433
850459,episodic_length,128.0
850590,episodic_return,371.37057507581875
850590,episodic_length,130.0
850724,episodic_return,365.9373251624449
850724,episodic_length,133.0
850853,episodic_return,361.13085271368425
850853,episodic_length,128.0
850988,episodic_return,383.31848022370764
850988,episodic_length,134.0
851118,episodic_return,357.71426627689533
851118,episodic_length,129.0
851249,episodic_return,365.55165673081666
851249,episodic_length,130.0
851381,episodic_return,366.6740105493195
851381,episodic_length,131.0
851512,episodic_return,361.12981419268766
851512,episodic_length,130.0
851638,episodic_return,338.26190508878244
851638,episodic_length,125.0
851766,episodic_return,345.07360970001355
851766,episodic_length,127.0
851897,episodic_return,354.4825799613465
851897,episodic_length,130.0
851968,value_loss,0.001258333446457982
851968,policy_loss,-0.02256901003420353
851968,approx_kl,12.10451889038086
851968,clipfrac,0.932373046875
851968,explained_variance,0.9871608279645443
851968,sps,568.0
852029,episodic_return,368.77533058206797
852029,episodic_length,131.0
852158,episodic_return,361.6760561042934
852158,episodic_length,128.0
852290,episodic_return,370.72337297891465
852290,episodic_length,131.0
852422,episodic_return,366.2873803005887
852422,episodic_length,131.0
852553,episodic_return,361.05602631088226
852553,episodic_length,130.0
852682,episodic_return,356.30006883051664
852682,episodic_length,128.0
852812,episodic_return,357.1852934312077
852812,episodic_length,129.0
852944,episodic_return,364.4785660426319
852944,episodic_length,131.0
853073,episodic_return,357.7184867677579
853073,episodic_length,128.0
853202,episodic_return,359.25761335694517
853202,episodic_length,128.0
853334,episodic_return,353.9331648951138
853334,episodic_length,131.0
853466,episodic_return,369.2285222344705
853466,episodic_length,131.0
853598,episodic_return,367.3110274853099
853598,episodic_length,131.0
853731,episodic_return,370.22649105030587
853731,episodic_length,132.0
853862,episodic_return,365.2154195194605
853862,episodic_length,130.0
853991,episodic_return,353.4580093085001
853991,episodic_length,128.0
854016,value_loss,0.0009701628587208688
854016,policy_loss,-0.051191214472055435
854016,approx_kl,7.030431747436523
854016,clipfrac,0.925634765625
854016,explained_variance,0.9847190529108047
854016,sps,568.0
854125,episodic_return,379.5402143988202
854125,episodic_length,133.0
854254,episodic_return,354.8613240138667
854254,episodic_length,128.0
854386,episodic_return,362.02079166376075
854386,episodic_length,131.0
854516,episodic_return,351.82126029627636
854516,episodic_length,129.0
854648,episodic_return,371.8549162333567
854648,episodic_length,131.0
854779,episodic_return,357.9347912841402
854779,episodic_length,130.0
854910,episodic_return,362.76935208924294
854910,episodic_length,130.0
855040,episodic_return,362.7418717056524
855040,episodic_length,129.0
855168,episodic_return,350.15949609809695
855168,episodic_length,127.0
855299,episodic_return,354.8408392550516
855299,episodic_length,130.0
855431,episodic_return,366.2363108721785
855431,episodic_length,131.0
855561,episodic_return,357.0408525744488
855561,episodic_length,129.0
855696,episodic_return,378.1315271792473
855696,episodic_length,134.0
855822,episodic_return,336.83087916140965
855822,episodic_length,125.0
855950,episodic_return,348.8591537735329
855950,episodic_length,127.0
856064,value_loss,0.009763172827661037
856064,policy_loss,-1.623302936553955
856064,approx_kl,8.184834480285645
856064,clipfrac,0.928759765625
856064,explained_variance,0.986986949108541
856064,sps,569.0
856081,episodic_return,354.04575744397204
856081,episodic_length,130.0
856212,episodic_return,369.59003759420216
856212,episodic_length,130.0
856344,episodic_return,377.4225117169834
856344,episodic_length,131.0
856475,episodic_return,371.0630696236597
856475,episodic_length,130.0
856604,episodic_return,358.5709059300075
856604,episodic_length,128.0
856734,episodic_return,355.285198502873
856734,episodic_length,129.0
856864,episodic_return,361.59981526499155
856864,episodic_length,129.0
856998,episodic_return,374.18602214536276
856998,episodic_length,133.0
857127,episodic_return,358.2319642681772
857127,episodic_length,128.0
857257,episodic_return,364.450947231731
857257,episodic_length,129.0
857386,episodic_return,350.86191409859134
857386,episodic_length,128.0
857523,episodic_return,395.4039347305404
857523,episodic_length,136.0
857655,episodic_return,368.8262787580226
857655,episodic_length,131.0
857785,episodic_return,358.8139860101186
857785,episodic_length,129.0
857919,episodic_return,373.5185652104662
857919,episodic_length,133.0
858047,episodic_return,348.31815125083955
858047,episodic_length,127.0
858112,value_loss,0.0035045836120843887
858112,policy_loss,-0.005349904298782349
858112,approx_kl,6.562287330627441
858112,clipfrac,0.918603515625
858112,explained_variance,0.9862049110233784
858112,sps,569.0
858182,episodic_return,386.01712664102763
858182,episodic_length,134.0
858315,episodic_return,378.8658531265792
858315,episodic_length,132.0
858445,episodic_return,367.3757431045524
858445,episodic_length,129.0
858576,episodic_return,373.91982200499604
858576,episodic_length,130.0
858708,episodic_return,378.4800172724848
858708,episodic_length,131.0
858839,episodic_return,372.2898327378592
858839,episodic_length,130.0
858972,episodic_return,378.7373534739298
858972,episodic_length,132.0
859103,episodic_return,355.8534720010537
859103,episodic_length,130.0
859233,episodic_return,359.04505885899755
859233,episodic_length,129.0
859364,episodic_return,376.1624838158355
859364,episodic_length,130.0
859496,episodic_return,374.7406246114741
859496,episodic_length,131.0
859625,episodic_return,352.30381083074917
859625,episodic_length,128.0
859758,episodic_return,376.898447064722
859758,episodic_length,132.0
859889,episodic_return,371.76890385985456
859889,episodic_length,130.0
860021,episodic_return,363.9145982050647
860021,episodic_length,131.0
860152,episodic_return,371.9681450866867
860152,episodic_length,130.0
860160,value_loss,0.005125950090587139
860160,policy_loss,-0.05114424228668213
860160,approx_kl,7.350748062133789
860160,clipfrac,0.926708984375
860160,explained_variance,0.982351902872324
860160,sps,569.0
860287,episodic_return,391.16823802774525
860287,episodic_length,134.0
860415,episodic_return,363.8748926239498
860415,episodic_length,127.0
860546,episodic_return,374.26291645792014
860546,episodic_length,130.0
860676,episodic_return,366.5692129424577
860676,episodic_length,129.0
860809,episodic_return,373.7162966730153
860809,episodic_length,132.0
860944,episodic_return,388.93723749711614
860944,episodic_length,134.0
861075,episodic_return,373.0644808178676
861075,episodic_length,130.0
861210,episodic_return,383.3973521695928
861210,episodic_length,134.0
861340,episodic_return,369.2186868512477
861340,episodic_length,129.0
861466,episodic_return,357.6777179420538
861466,episodic_length,125.0
861592,episodic_return,356.7871276387638
861592,episodic_length,125.0
861722,episodic_return,371.6597133654756
861722,episodic_length,129.0
861853,episodic_return,367.95936689676915
861853,episodic_length,130.0
861983,episodic_return,368.25372014711024
861983,episodic_length,129.0
862115,episodic_return,366.29551333748947
862115,episodic_length,131.0
862208,value_loss,0.005336205940693617
862208,policy_loss,-0.04381466656923294
862208,approx_kl,8.50312614440918
862208,clipfrac,0.91103515625
862208,explained_variance,0.9805038142949343
862208,sps,569.0
862244,episodic_return,363.02291599731257
862244,episodic_length,128.0
862375,episodic_return,366.4781410258061
862375,episodic_length,130.0
862507,episodic_return,375.1442933596451
862507,episodic_length,131.0
862632,episodic_return,351.9969258701752
862632,episodic_length,124.0
862764,episodic_return,374.1566812345359
862764,episodic_length,131.0
862896,episodic_return,380.1577330407859
862896,episodic_length,131.0
863025,episodic_return,360.6740884918782
863025,episodic_length,128.0
863158,episodic_return,371.7865729562796
863158,episodic_length,132.0
863282,episodic_return,348.6644107722765
863282,episodic_length,123.0
863406,episodic_return,351.8374669479856
863406,episodic_length,123.0
863535,episodic_return,361.6166173621002
863535,episodic_length,128.0
863661,episodic_return,361.3793743618223
863661,episodic_length,125.0
863792,episodic_return,372.3798103848275
863792,episodic_length,130.0
863918,episodic_return,358.7271829519623
863918,episodic_length,125.0
864050,episodic_return,376.69179778514234
864050,episodic_length,131.0
864176,episodic_return,355.0936354422382
864176,episodic_length,125.0
864256,value_loss,0.0014008894795551896
864256,policy_loss,-0.06227417290210724
864256,approx_kl,4.991427898406982
864256,clipfrac,0.91318359375
864256,explained_variance,0.9792443439364433
864256,sps,569.0
864303,episodic_return,358.70553410511053
864303,episodic_length,126.0
864414,episodic_return,295.1341230476373
864414,episodic_length,110.0
864541,episodic_return,359.62550675084987
864541,episodic_length,126.0
864672,episodic_return,367.6619108311816
864672,episodic_length,130.0
864802,episodic_return,372.8079934401595
864802,episodic_length,129.0
864933,episodic_return,376.5919243904344
864933,episodic_length,130.0
865064,episodic_return,375.74284921278183
865064,episodic_length,130.0
865187,episodic_return,344.0225146867632
865187,episodic_length,122.0
865321,episodic_return,378.5063104673631
865321,episodic_length,133.0
865452,episodic_return,375.6796305459796
865452,episodic_length,130.0
865586,episodic_return,382.09855648245707
865586,episodic_length,133.0
865718,episodic_return,382.20387100530644
865718,episodic_length,131.0
865851,episodic_return,382.5555840803023
865851,episodic_length,132.0
865978,episodic_return,359.0456152190794
865978,episodic_length,126.0
866109,episodic_return,376.9309342394874
866109,episodic_length,130.0
866242,episodic_return,378.32874579913016
866242,episodic_length,132.0
866304,value_loss,0.010710068978369236
866304,policy_loss,0.11538374423980713
866304,approx_kl,5.968806266784668
866304,clipfrac,0.943115234375
866304,explained_variance,0.9699307344853878
866304,sps,569.0
866371,episodic_return,369.0077260462726
866371,episodic_length,128.0
866503,episodic_return,371.88394723111986
866503,episodic_length,131.0
866632,episodic_return,367.87520875116877
866632,episodic_length,128.0
866764,episodic_return,375.0415700337243
866764,episodic_length,131.0
866894,episodic_return,371.23403117790207
866894,episodic_length,129.0
867023,episodic_return,365.95300595888096
867023,episodic_length,128.0
867151,episodic_return,363.9773891412013
867151,episodic_length,127.0
867282,episodic_return,374.1653072684732
867282,episodic_length,130.0
867415,episodic_return,376.4214636261946
867415,episodic_length,132.0
867545,episodic_return,370.64495043674515
867545,episodic_length,129.0
867675,episodic_return,370.20713344912167
867675,episodic_length,129.0
867806,episodic_return,373.3471292561099
867806,episodic_length,130.0
867935,episodic_return,367.72697875201305
867935,episodic_length,128.0
868069,episodic_return,385.9079844760166
868069,episodic_length,133.0
868200,episodic_return,372.2734722195018
868200,episodic_length,130.0
868325,episodic_return,350.51792213530666
868325,episodic_length,124.0
868352,value_loss,0.0003107946249656379
868352,policy_loss,-0.0887552797794342
868352,approx_kl,10.566850662231445
868352,clipfrac,0.964013671875
868352,explained_variance,0.9796777870506048
868352,sps,568.0
868458,episodic_return,375.3679857729489
868458,episodic_length,132.0
868592,episodic_return,381.76618744817534
868592,episodic_length,133.0
868725,episodic_return,376.74198417639195
868725,episodic_length,132.0
868856,episodic_return,369.25818189586363
868856,episodic_length,130.0
868990,episodic_return,378.0401688234715
868990,episodic_length,133.0
869124,episodic_return,380.1084098347049
869124,episodic_length,133.0
869256,episodic_return,372.9592251091547
869256,episodic_length,131.0
869385,episodic_return,362.44584691042706
869385,episodic_length,128.0
869516,episodic_return,365.92444241724365
869516,episodic_length,130.0
869647,episodic_return,366.81378162585
869647,episodic_length,130.0
869779,episodic_return,374.0115265015318
869779,episodic_length,131.0
869912,episodic_return,371.4968136581783
869912,episodic_length,132.0
870047,episodic_return,381.23735416379617
870047,episodic_length,134.0
870180,episodic_return,374.9821219831516
870180,episodic_length,132.0
870309,episodic_return,360.30643594278325
870309,episodic_length,128.0
870400,value_loss,0.0005173212848603725
870400,policy_loss,0.04591537266969681
870400,approx_kl,5.874233722686768
870400,clipfrac,0.875146484375
870400,explained_variance,0.9866734640672803
870400,sps,569.0
870439,episodic_return,367.1182095166985
870439,episodic_length,129.0
870570,episodic_return,373.81545580480656
870570,episodic_length,130.0
870707,episodic_return,388.24314980726103
870707,episodic_length,136.0
870841,episodic_return,379.4988232173636
870841,episodic_length,133.0
870970,episodic_return,364.96463713068897
870970,episodic_length,128.0
871100,episodic_return,364.31934527207557
871100,episodic_length,129.0
871232,episodic_return,376.318285815203
871232,episodic_length,131.0
871367,episodic_return,381.5639718514372
871367,episodic_length,134.0
871502,episodic_return,376.1706580283893
871502,episodic_length,134.0
871636,episodic_return,383.399946502782
871636,episodic_length,133.0
871768,episodic_return,378.5169829513329
871768,episodic_length,131.0
871904,episodic_return,391.35390523523023
871904,episodic_length,135.0
872037,episodic_return,380.7669131734233
872037,episodic_length,132.0
872171,episodic_return,382.0100397612575
872171,episodic_length,133.0
872302,episodic_return,365.64777605387985
872302,episodic_length,130.0
872431,episodic_return,361.11509366167405
872431,episodic_length,128.0
872448,value_loss,0.0004108899156562984
872448,policy_loss,-0.6769595146179199
872448,approx_kl,10.092435836791992
872448,clipfrac,0.912744140625
872448,explained_variance,0.9826841577887535
872448,sps,569.0
872562,episodic_return,367.7244383421506
872562,episodic_length,130.0
872697,episodic_return,370.69122432060067
872697,episodic_length,134.0
872831,episodic_return,371.1062042691613
872831,episodic_length,133.0
872962,episodic_return,373.239916344564
872962,episodic_length,130.0
873092,episodic_return,362.2203869435558
873092,episodic_length,129.0
873221,episodic_return,366.81981969534104
873221,episodic_length,128.0
873354,episodic_return,373.5279152959215
873354,episodic_length,132.0
873486,episodic_return,372.45411445391323
873486,episodic_length,131.0
873620,episodic_return,379.0240422864598
873620,episodic_length,133.0
873753,episodic_return,380.89487508348316
873753,episodic_length,132.0
873885,episodic_return,373.9796154019112
873885,episodic_length,131.0
874018,episodic_return,377.29545192365447
874018,episodic_length,132.0
874149,episodic_return,370.61895529611724
874149,episodic_length,130.0
874282,episodic_return,380.9233437528461
874282,episodic_length,132.0
874415,episodic_return,376.44813698479055
874415,episodic_length,132.0
874496,value_loss,0.0005868382286280394
874496,policy_loss,-0.16693931818008423
874496,approx_kl,11.099685668945312
874496,clipfrac,0.86240234375
874496,explained_variance,0.9865304604172707
874496,sps,569.0
874547,episodic_return,369.7597649423703
874547,episodic_length,131.0
874682,episodic_return,382.1370504775955
874682,episodic_length,134.0
874815,episodic_return,381.5589132116388
874815,episodic_length,132.0
874946,episodic_return,371.3988561184444
874946,episodic_length,130.0
875078,episodic_return,382.5606406302504
875078,episodic_length,131.0
875211,episodic_return,380.51954030162926
875211,episodic_length,132.0
875342,episodic_return,367.496606760981
875342,episodic_length,130.0
875475,episodic_return,372.861207854912
875475,episodic_length,132.0
875610,episodic_return,386.7213546621505
875610,episodic_length,134.0
875743,episodic_return,375.0435073028318
875743,episodic_length,132.0
875876,episodic_return,380.4577400711685
875876,episodic_length,132.0
876008,episodic_return,365.89916093869596
876008,episodic_length,131.0
876140,episodic_return,372.2254978703859
876140,episodic_length,131.0
876275,episodic_return,385.61197151601624
876275,episodic_length,134.0
876409,episodic_return,379.6406813438653
876409,episodic_length,133.0
876544,episodic_return,382.4118589818901
876544,episodic_length,134.0
876544,value_loss,0.016184624284505844
876544,policy_loss,-0.105079784989357
876544,approx_kl,4.868741989135742
876544,clipfrac,0.892236328125
876544,explained_variance,0.984361682087183
876544,sps,569.0
876676,episodic_return,376.2816852449506
876676,episodic_length,131.0
876808,episodic_return,374.4953547889915
876808,episodic_length,131.0
876940,episodic_return,379.3614285349333
876940,episodic_length,131.0
877070,episodic_return,369.7842133989096
877070,episodic_length,129.0
877202,episodic_return,374.833407358902
877202,episodic_length,131.0
877338,episodic_return,385.7717136265834
877338,episodic_length,135.0
877468,episodic_return,368.190770365611
877468,episodic_length,129.0
877599,episodic_return,374.86224214765446
877599,episodic_length,130.0
877732,episodic_return,382.30477847559786
877732,episodic_length,132.0
877864,episodic_return,379.91537260943477
877864,episodic_length,131.0
877997,episodic_return,371.3019117556119
877997,episodic_length,132.0
878127,episodic_return,368.9130176436796
878127,episodic_length,129.0
878261,episodic_return,374.36369589790553
878261,episodic_length,133.0
878393,episodic_return,377.7189282216521
878393,episodic_length,131.0
878525,episodic_return,380.9455255635981
878525,episodic_length,131.0
878592,value_loss,0.00027098774444311857
878592,policy_loss,-0.11673446744680405
878592,approx_kl,3.065575122833252
878592,clipfrac,0.894921875
878592,explained_variance,0.9856721498072147
878592,sps,569.0
878657,episodic_return,375.65581424189526
878657,episodic_length,131.0
878785,episodic_return,365.286191773359
878785,episodic_length,127.0
878916,episodic_return,375.95745217492606
878916,episodic_length,130.0
879051,episodic_return,382.5453026094044
879051,episodic_length,134.0
879183,episodic_return,368.91195878895184
879183,episodic_length,131.0
879314,episodic_return,372.510990320037
879314,episodic_length,130.0
879447,episodic_return,379.7882332955568
879447,episodic_length,132.0
879574,episodic_return,359.7203808927341
879574,episodic_length,126.0
879705,episodic_return,376.16717518351993
879705,episodic_length,130.0
879834,episodic_return,368.64711527075826
879834,episodic_length,128.0
879967,episodic_return,378.748725898901
879967,episodic_length,132.0
880098,episodic_return,373.59266180937965
880098,episodic_length,130.0
880230,episodic_return,374.8918800720593
880230,episodic_length,131.0
880362,episodic_return,371.17294978151745
880362,episodic_length,131.0
880495,episodic_return,381.7763760758798
880495,episodic_length,132.0
880625,episodic_return,370.41406982022704
880625,episodic_length,129.0
880640,value_loss,0.0003226639237254858
880640,policy_loss,-0.14608147740364075
880640,approx_kl,9.97083568572998
880640,clipfrac,0.922802734375
880640,explained_variance,0.9830787647515535
880640,sps,569.0
880754,episodic_return,368.5432083407561
880754,episodic_length,128.0
880887,episodic_return,379.77361238802087
880887,episodic_length,132.0
881017,episodic_return,372.1967573045818
881017,episodic_length,129.0
881149,episodic_return,377.23636121053903
881149,episodic_length,131.0
881277,episodic_return,362.1388743604413
881277,episodic_length,127.0
881409,episodic_return,370.651182931641
881409,episodic_length,131.0
881540,episodic_return,370.17804889355995
881540,episodic_length,130.0
881671,episodic_return,373.3632482774998
881671,episodic_length,130.0
881803,episodic_return,367.3466063071641
881803,episodic_length,131.0
881930,episodic_return,360.78964094958224
881930,episodic_length,126.0
882063,episodic_return,378.22813355457436
882063,episodic_length,132.0
882195,episodic_return,377.41224383766223
882195,episodic_length,131.0
882321,episodic_return,359.5536128632634
882321,episodic_length,125.0
882452,episodic_return,372.1935106224561
882452,episodic_length,130.0
882584,episodic_return,375.4167732340125
882584,episodic_length,131.0
882688,value_loss,0.0010525202378630638
882688,policy_loss,-0.4173930883407593
882688,approx_kl,10.32015323638916
882688,clipfrac,0.937744140625
882688,explained_variance,0.9849578449502587
882688,sps,569.0
882719,episodic_return,380.6942350469081
882719,episodic_length,134.0
882852,episodic_return,376.78730394973235
882852,episodic_length,132.0
882985,episodic_return,380.63786953682126
882985,episodic_length,132.0
883116,episodic_return,369.1708743140705
883116,episodic_length,130.0
883249,episodic_return,382.76245274452805
883249,episodic_length,132.0
883381,episodic_return,377.65678973691286
883381,episodic_length,131.0
883512,episodic_return,367.9927847032145
883512,episodic_length,130.0
883642,episodic_return,371.39598280800533
883642,episodic_length,129.0
883775,episodic_return,375.7426499246234
883775,episodic_length,132.0
883907,episodic_return,381.7387275304284
883907,episodic_length,131.0
884041,episodic_return,384.80428328219654
884041,episodic_length,133.0
884173,episodic_return,378.42127831036134
884173,episodic_length,131.0
884305,episodic_return,370.5967213403606
884305,episodic_length,131.0
884436,episodic_return,372.49510887060495
884436,episodic_length,130.0
884568,episodic_return,381.39981402355284
884568,episodic_length,131.0
884701,episodic_return,381.0520457437909
884701,episodic_length,132.0
884736,value_loss,0.00047427223762497306
884736,policy_loss,0.04038245230913162
884736,approx_kl,2.7367959022521973
884736,clipfrac,0.92294921875
884736,explained_variance,0.9849213901907206
884736,sps,569.0
884831,episodic_return,362.838654841808
884831,episodic_length,129.0
884961,episodic_return,367.9752480086173
884961,episodic_length,129.0
885092,episodic_return,373.01071513630245
885092,episodic_length,130.0
885225,episodic_return,381.7029866157255
885225,episodic_length,132.0
885358,episodic_return,376.7749660457081
885358,episodic_length,132.0
885492,episodic_return,381.8211310836551
885492,episodic_length,133.0
885623,episodic_return,369.2586443280131
885623,episodic_length,130.0
885751,episodic_return,366.0935142006475
885751,episodic_length,127.0
885884,episodic_return,377.61634818746484
885884,episodic_length,132.0
886017,episodic_return,379.6267306596913
886017,episodic_length,132.0
886148,episodic_return,374.94237597447864
886148,episodic_length,130.0
886282,episodic_return,374.94867081356085
886282,episodic_length,133.0
886415,episodic_return,376.06269912832244
886415,episodic_length,132.0
886545,episodic_return,374.1656308917347
886545,episodic_length,129.0
886676,episodic_return,369.6293210881586
886676,episodic_length,130.0
886784,value_loss,0.0015025001484900713
886784,policy_loss,-0.06625910103321075
886784,approx_kl,4.023852825164795
886784,clipfrac,0.8990234375
886784,explained_variance,0.9871858861297369
886784,sps,569.0
886809,episodic_return,373.36499232664744
886809,episodic_length,132.0
886934,episodic_return,356.16474158048004
886934,episodic_length,124.0
887068,episodic_return,384.7760914499975
887068,episodic_length,133.0
887200,episodic_return,379.38143301405324
887200,episodic_length,131.0
887329,episodic_return,359.9415868064362
887329,episodic_length,128.0
887461,episodic_return,381.4668641954616
887461,episodic_length,131.0
887591,episodic_return,373.2443540020811
887591,episodic_length,129.0
887724,episodic_return,380.17853135750363
887724,episodic_length,132.0
887857,episodic_return,377.8655051808457
887857,episodic_length,132.0
887986,episodic_return,367.32426398921905
887986,episodic_length,128.0
888115,episodic_return,367.0132229940982
888115,episodic_length,128.0
888247,episodic_return,378.06639908364457
888247,episodic_length,131.0
888380,episodic_return,379.54665934050723
888380,episodic_length,132.0
888513,episodic_return,379.398472286796
888513,episodic_length,132.0
888647,episodic_return,375.63787882249
888647,episodic_length,133.0
888781,episodic_return,385.63621399620615
888781,episodic_length,133.0
888832,value_loss,0.0009379974799230695
888832,policy_loss,-0.10770034044981003
888832,approx_kl,3.8758158683776855
888832,clipfrac,0.907470703125
888832,explained_variance,0.9847155977040529
888832,sps,569.0
888914,episodic_return,383.42603456010437
888914,episodic_length,132.0
889048,episodic_return,383.87676812812424
889048,episodic_length,133.0
889180,episodic_return,377.35568352474263
889180,episodic_length,131.0
889314,episodic_return,378.3665995361769
889314,episodic_length,133.0
889446,episodic_return,371.37170065587037
889446,episodic_length,131.0
889578,episodic_return,373.3630440757474
889578,episodic_length,131.0
889709,episodic_return,374.04521285162446
889709,episodic_length,130.0
889840,episodic_return,374.7948942403839
889840,episodic_length,130.0
889972,episodic_return,378.87227137200136
889972,episodic_length,131.0
890104,episodic_return,380.13248259462523
890104,episodic_length,131.0
890238,episodic_return,371.74936498775276
890238,episodic_length,133.0
890367,episodic_return,368.9033346567352
890367,episodic_length,128.0
890497,episodic_return,373.6303945375892
890497,episodic_length,129.0
890627,episodic_return,366.2082900540058
890627,episodic_length,129.0
890760,episodic_return,373.97576193917524
890760,episodic_length,132.0
890880,value_loss,0.0006060331943444908
890880,policy_loss,-0.12206850945949554
890880,approx_kl,12.142545700073242
890880,clipfrac,0.90966796875
890880,explained_variance,0.9850003365427256
890880,sps,569.0
890890,episodic_return,363.3227879258513
890890,episodic_length,129.0
891019,episodic_return,360.9584332124487
891019,episodic_length,128.0
891149,episodic_return,374.9930575251345
891149,episodic_length,129.0
891279,episodic_return,366.9493165642781
891279,episodic_length,129.0
891412,episodic_return,377.09399011950643
891412,episodic_length,132.0
891541,episodic_return,363.271878794714
891541,episodic_length,128.0
891672,episodic_return,371.32781401475324
891672,episodic_length,130.0
891804,episodic_return,374.6282572251777
891804,episodic_length,131.0
891935,episodic_return,374.59347521726824
891935,episodic_length,130.0
892066,episodic_return,373.0882000998483
892066,episodic_length,130.0
892195,episodic_return,366.8523749791387
892195,episodic_length,128.0
892327,episodic_return,382.1990805862625
892327,episodic_length,131.0
892458,episodic_return,370.1709021480773
892458,episodic_length,130.0
892585,episodic_return,360.5100558088588
892585,episodic_length,126.0
892692,episodic_return,275.4482089007082
892692,episodic_length,106.0
892825,episodic_return,379.01003418739685
892825,episodic_length,132.0
892928,value_loss,0.006556880194693804
892928,policy_loss,-0.12738671898841858
892928,approx_kl,2.413970947265625
892928,clipfrac,0.891357421875
892928,explained_variance,0.9737499710172415
892928,sps,569.0
892956,episodic_return,368.98211132137783
892956,episodic_length,130.0
893086,episodic_return,364.86406108616455
893086,episodic_length,129.0
893216,episodic_return,366.34046759297433
893216,episodic_length,129.0
893349,episodic_return,381.3277363639331
893349,episodic_length,132.0
893483,episodic_return,384.2049503737447
893483,episodic_length,133.0
893612,episodic_return,367.28208321059856
893612,episodic_length,128.0
893743,episodic_return,373.55877078308055
893743,episodic_length,130.0
893867,episodic_return,346.1995661140161
893867,episodic_length,123.0
893998,episodic_return,375.3946678966623
893998,episodic_length,130.0
894126,episodic_return,366.9511678771319
894126,episodic_length,127.0
894254,episodic_return,364.24146109665065
894254,episodic_length,127.0
894383,episodic_return,366.27691916113235
894383,episodic_length,128.0
894514,episodic_return,372.3666467423754
894514,episodic_length,130.0
894643,episodic_return,369.621723190439
894643,episodic_length,128.0
894777,episodic_return,380.6095863849425
894777,episodic_length,133.0
894906,episodic_return,366.6192955201842
894906,episodic_length,128.0
894976,value_loss,0.005204726010560989
894976,policy_loss,-0.11475764214992523
894976,approx_kl,5.315079689025879
894976,clipfrac,0.897802734375
894976,explained_variance,0.9803768191486597
894976,sps,569.0
895040,episodic_return,375.435810225326
895040,episodic_length,133.0
895169,episodic_return,364.92097873712623
895169,episodic_length,128.0
895302,episodic_return,378.41154390001435
895302,episodic_length,132.0
895429,episodic_return,362.7918810763043
895429,episodic_length,126.0
895559,episodic_return,374.8953963915824
895559,episodic_length,129.0
895685,episodic_return,356.8758657580219
895685,episodic_length,125.0
895814,episodic_return,365.7044224489591
895814,episodic_length,128.0
895941,episodic_return,356.0326714536714
895941,episodic_length,126.0
896073,episodic_return,376.9675839727568
896073,episodic_length,131.0
896201,episodic_return,363.10193762838526
896201,episodic_length,127.0
896332,episodic_return,376.93493123616315
896332,episodic_length,130.0
896454,episodic_return,338.177503154157
896454,episodic_length,121.0
896586,episodic_return,374.6235392698997
896586,episodic_length,131.0
896713,episodic_return,355.0218713595884
896713,episodic_length,126.0
896841,episodic_return,362.55920076750795
896841,episodic_length,127.0
896966,episodic_return,353.9691633424678
896966,episodic_length,124.0
897024,value_loss,0.0010314476676285267
897024,policy_loss,-0.06528913974761963
897024,approx_kl,11.175025939941406
897024,clipfrac,0.917529296875
897024,explained_variance,0.9788317419588566
897024,sps,569.0
897094,episodic_return,364.35559843699815
897094,episodic_length,127.0
897224,episodic_return,371.07530454281164
897224,episodic_length,129.0
897350,episodic_return,356.128271041773
897350,episodic_length,125.0
897477,episodic_return,357.29710517873264
897477,episodic_length,126.0
897605,episodic_return,364.95804927794427
897605,episodic_length,127.0
897647,episodic_return,68.01158988716975
897647,episodic_length,41.0
897775,episodic_return,363.12437224397115
897775,episodic_length,127.0
897908,episodic_return,375.1366255955931
897908,episodic_length,132.0
898042,episodic_return,382.1010893660462
898042,episodic_length,133.0
898173,episodic_return,370.37269160574897
898173,episodic_length,130.0
898306,episodic_return,379.95901294763013
898306,episodic_length,132.0
898441,episodic_return,384.50048867254327
898441,episodic_length,134.0
898570,episodic_return,370.8498437371288
898570,episodic_length,128.0
898697,episodic_return,359.99368104837737
898697,episodic_length,126.0
898822,episodic_return,350.94228729706043
898822,episodic_length,124.0
898946,episodic_return,348.12258092763653
898946,episodic_length,123.0
899072,value_loss,0.026564713567495346
899072,policy_loss,-0.1798226237297058
899072,approx_kl,3.7650773525238037
899072,clipfrac,0.86845703125
899072,explained_variance,0.9288895577192307
899072,sps,569.0
899074,episodic_return,366.2641674215247
899074,episodic_length,127.0
899201,episodic_return,361.70334067231505
899201,episodic_length,126.0
899331,episodic_return,372.88530912425864
899331,episodic_length,129.0
899464,episodic_return,377.2606782098131
899464,episodic_length,132.0
899594,episodic_return,375.23706162743736
899594,episodic_length,129.0
899719,episodic_return,351.74176384285454
899719,episodic_length,124.0
899843,episodic_return,351.7187354541703
899843,episodic_length,123.0
899976,episodic_return,379.75421263167226
899976,episodic_length,132.0
900107,episodic_return,374.9703625628083
900107,episodic_length,130.0
900232,episodic_return,352.0389438101495
900232,episodic_length,124.0
900355,episodic_return,342.78682523921094
900355,episodic_length,122.0
900485,episodic_return,372.5438263373049
900485,episodic_length,129.0
900611,episodic_return,355.5693520757959
900611,episodic_length,125.0
900739,episodic_return,365.0161866502975
900739,episodic_length,127.0
900869,episodic_return,372.8710107960627
900869,episodic_length,129.0
901000,episodic_return,370.94780469690625
901000,episodic_length,130.0
901120,value_loss,0.03489629551768303
901120,policy_loss,0.0005063749849796295
901120,approx_kl,9.265617370605469
901120,clipfrac,0.90419921875
901120,explained_variance,0.9770568870007992
901120,sps,569.0
901125,episodic_return,352.7080080979869
901125,episodic_length,124.0
901249,episodic_return,348.04535373656336
901249,episodic_length,123.0
901367,episodic_return,318.8071859242707
901367,episodic_length,117.0
901499,episodic_return,370.244055366354
901499,episodic_length,131.0
901631,episodic_return,372.9479894723609
901631,episodic_length,131.0
901758,episodic_return,359.3895730167321
901758,episodic_length,126.0
901885,episodic_return,358.60120647224744
901885,episodic_length,126.0
902018,episodic_return,376.61016330451884
902018,episodic_length,132.0
902144,episodic_return,356.2909883225822
902144,episodic_length,125.0
902266,episodic_return,340.94369127246875
902266,episodic_length,121.0
902394,episodic_return,364.8742119398273
902394,episodic_length,127.0
902524,episodic_return,373.398850655762
902524,episodic_length,129.0
902653,episodic_return,369.27334044020535
902653,episodic_length,128.0
902780,episodic_return,359.5482987016448
902780,episodic_length,126.0
902908,episodic_return,361.0807776841149
902908,episodic_length,127.0
903041,episodic_return,379.42285538640397
903041,episodic_length,132.0
903164,episodic_return,341.50400229991567
903164,episodic_length,122.0
903168,value_loss,0.021081965416669846
903168,policy_loss,-0.022264447063207626
903168,approx_kl,2.9327430725097656
903168,clipfrac,0.87734375
903168,explained_variance,0.9745988994836807
903168,sps,569.0
903296,episodic_return,374.72179651110855
903296,episodic_length,131.0
903427,episodic_return,373.5351604369716
903427,episodic_length,130.0
903558,episodic_return,374.73715235588986
903558,episodic_length,130.0
903689,episodic_return,376.0953686140548
903689,episodic_length,130.0
903818,episodic_return,364.8445655760974
903818,episodic_length,128.0
903946,episodic_return,365.950352475619
903946,episodic_length,127.0
904075,episodic_return,367.5664627776336
904075,episodic_length,128.0
904203,episodic_return,367.4660199408954
904203,episodic_length,127.0
904336,episodic_return,380.83137116644673
904336,episodic_length,132.0
904466,episodic_return,372.06226873824875
904466,episodic_length,129.0
904596,episodic_return,367.5885619159543
904596,episodic_length,129.0
904724,episodic_return,367.87463210097934
904724,episodic_length,127.0
904844,episodic_return,331.5906995994294
904844,episodic_length,119.0
904973,episodic_return,365.9280050747393
904973,episodic_length,128.0
905101,episodic_return,364.7473858620799
905101,episodic_length,127.0
905216,value_loss,0.018968859687447548
905216,policy_loss,-0.025107678025960922
905216,approx_kl,10.362226486206055
905216,clipfrac,0.899169921875
905216,explained_variance,0.9792481958866119
905216,sps,569.0
905230,episodic_return,363.36320458778334
905230,episodic_length,128.0
905359,episodic_return,365.7569129731816
905359,episodic_length,128.0
905483,episodic_return,351.2137828248561
905483,episodic_length,123.0
905607,episodic_return,348.0279517090455
905607,episodic_length,123.0
905737,episodic_return,373.25209677826564
905737,episodic_length,129.0
905868,episodic_return,371.4634498202167
905868,episodic_length,130.0
905997,episodic_return,368.942094146314
905997,episodic_length,128.0
906128,episodic_return,373.6039191102527
906128,episodic_length,130.0
906248,episodic_return,333.1147885186668
906248,episodic_length,119.0
906381,episodic_return,379.3731885373166
906381,episodic_length,132.0
906507,episodic_return,356.5894746129412
906507,episodic_length,125.0
906636,episodic_return,365.21904657605046
906636,episodic_length,128.0
906766,episodic_return,373.8944445864416
906766,episodic_length,129.0
906888,episodic_return,339.6236999630845
906888,episodic_length,121.0
906995,episodic_return,281.108220716458
906995,episodic_length,106.0
907123,episodic_return,365.26737371354653
907123,episodic_length,127.0
907255,episodic_return,376.1428266379948
907255,episodic_length,131.0
907264,value_loss,0.03321760147809982
907264,policy_loss,-5.694048881530762
907264,approx_kl,6.159346580505371
907264,clipfrac,0.910400390625
907264,explained_variance,0.9640479050576687
907264,sps,569.0
907386,episodic_return,376.6746607437072
907386,episodic_length,130.0
907514,episodic_return,364.3259711515138
907514,episodic_length,127.0
907647,episodic_return,380.35822877944514
907647,episodic_length,132.0
907772,episodic_return,357.3922678537663
907772,episodic_length,124.0
907902,episodic_return,369.6425953595378
907902,episodic_length,129.0
908034,episodic_return,372.32111299762295
908034,episodic_length,131.0
908160,episodic_return,358.01632668710886
908160,episodic_length,125.0
908288,episodic_return,364.4460660615426
908288,episodic_length,127.0
908416,episodic_return,360.2059055951651
908416,episodic_length,127.0
908545,episodic_return,367.50336574236377
908545,episodic_length,128.0
908674,episodic_return,366.7546359826396
908674,episodic_length,128.0
908802,episodic_return,363.06141608976884
908802,episodic_length,127.0
908926,episodic_return,349.4959429376964
908926,episodic_length,123.0
909056,episodic_return,367.90373492235284
909056,episodic_length,129.0
909182,episodic_return,356.9227504421826
909182,episodic_length,125.0
909312,value_loss,0.008869760669767857
909312,policy_loss,9.103754043579102
909312,approx_kl,8.137269973754883
909312,clipfrac,0.889404296875
909312,explained_variance,0.9777798894792795
909312,sps,569.0
909315,episodic_return,379.62083535575675
909315,episodic_length,132.0
909444,episodic_return,368.0272664984073
909444,episodic_length,128.0
909575,episodic_return,377.18841195789275
909575,episodic_length,130.0
909705,episodic_return,370.87700563381196
909705,episodic_length,129.0
909839,episodic_return,381.8028783699946
909839,episodic_length,133.0
909972,episodic_return,378.37690284799527
909972,episodic_length,132.0
910104,episodic_return,376.20653908424646
910104,episodic_length,131.0
910230,episodic_return,355.99277478223325
910230,episodic_length,125.0
910361,episodic_return,372.4421951241856
910361,episodic_length,130.0
910488,episodic_return,359.92402445716806
910488,episodic_length,126.0
910618,episodic_return,366.5374245437327
910618,episodic_length,129.0
910746,episodic_return,366.8825271593142
910746,episodic_length,127.0
910879,episodic_return,381.74540537825686
910879,episodic_length,132.0
911012,episodic_return,377.7385214049432
911012,episodic_length,132.0
911139,episodic_return,360.7194115927413
911139,episodic_length,126.0
911272,episodic_return,379.91781697675407
911272,episodic_length,132.0
911360,value_loss,0.000825449067633599
911360,policy_loss,-0.15601859986782074
911360,approx_kl,6.099591255187988
911360,clipfrac,0.90625
911360,explained_variance,0.9799637496471405
911360,sps,569.0
911403,episodic_return,372.54036277501064
911403,episodic_length,130.0
911539,episodic_return,386.6536324261461
911539,episodic_length,135.0
911670,episodic_return,376.0668441020987
911670,episodic_length,130.0
911802,episodic_return,374.810357318097
911802,episodic_length,131.0
911934,episodic_return,373.89802553794203
911934,episodic_length,131.0
912066,episodic_return,371.51704310269
912066,episodic_length,131.0
912195,episodic_return,368.8931064136018
912195,episodic_length,128.0
912325,episodic_return,368.80189001629236
912325,episodic_length,129.0
912459,episodic_return,372.86918399326083
912459,episodic_length,133.0
912593,episodic_return,381.09700053733457
912593,episodic_length,133.0
912722,episodic_return,365.7782956311924
912722,episodic_length,128.0
912853,episodic_return,374.6733765920733
912853,episodic_length,130.0
912983,episodic_return,359.7098051417247
912983,episodic_length,129.0
913118,episodic_return,380.56143663142194
913118,episodic_length,134.0
913247,episodic_return,361.88218160363374
913247,episodic_length,128.0
913379,episodic_return,371.86014145612654
913379,episodic_length,131.0
913408,value_loss,0.003046209691092372
913408,policy_loss,-0.27277958393096924
913408,approx_kl,10.072898864746094
913408,clipfrac,0.914697265625
913408,explained_variance,0.9826265778392553
913408,sps,569.0
913508,episodic_return,371.03401456410677
913508,episodic_length,128.0
913641,episodic_return,375.1852697199303
913641,episodic_length,132.0
913771,episodic_return,369.2284362058577
913771,episodic_length,129.0
913904,episodic_return,383.49191394048324
913904,episodic_length,132.0
914036,episodic_return,375.97855641285486
914036,episodic_length,131.0
914169,episodic_return,382.1151863037484
914169,episodic_length,132.0
914298,episodic_return,368.75378325618476
914298,episodic_length,128.0
914429,episodic_return,377.67922942733196
914429,episodic_length,130.0
914559,episodic_return,369.6164854958929
914559,episodic_length,129.0
914695,episodic_return,384.0552327618366
914695,episodic_length,135.0
914828,episodic_return,377.9829562322524
914828,episodic_length,132.0
914962,episodic_return,382.31215429942233
914962,episodic_length,133.0
915099,episodic_return,395.7502615243199
915099,episodic_length,136.0
915228,episodic_return,368.4390778600103
915228,episodic_length,128.0
915362,episodic_return,373.6010471986401
915362,episodic_length,133.0
915456,value_loss,0.0021625664085149765
915456,policy_loss,-0.0700310617685318
915456,approx_kl,9.379688262939453
915456,clipfrac,0.91787109375
915456,explained_variance,0.9840635191649199
915456,sps,569.0
915495,episodic_return,379.984241088215
915495,episodic_length,132.0
915633,episodic_return,387.82613289484254
915633,episodic_length,137.0
915766,episodic_return,379.31896430880863
915766,episodic_length,132.0
915900,episodic_return,384.07075654758404
915900,episodic_length,133.0
916032,episodic_return,379.62221264668267
916032,episodic_length,131.0
916161,episodic_return,366.5127534469657
916161,episodic_length,128.0
916290,episodic_return,367.4018789635647
916290,episodic_length,128.0
916422,episodic_return,373.36313138086626
916422,episodic_length,131.0
916555,episodic_return,380.191061521803
916555,episodic_length,132.0
916690,episodic_return,385.8044374504944
916690,episodic_length,134.0
916824,episodic_return,381.2190587983093
916824,episodic_length,133.0
916960,episodic_return,387.6151618075866
916960,episodic_length,135.0
917095,episodic_return,389.5642226624128
917095,episodic_length,134.0
917230,episodic_return,391.67167061354263
917230,episodic_length,134.0
917363,episodic_return,378.53556229768407
917363,episodic_length,132.0
917498,episodic_return,387.11497896550605
917498,episodic_length,134.0
917504,value_loss,0.0003824837622232735
917504,policy_loss,-0.14046643674373627
917504,approx_kl,5.739336967468262
917504,clipfrac,0.871142578125
917504,explained_variance,0.9862804431468248
917504,sps,569.0
917629,episodic_return,377.5350681396665
917629,episodic_length,130.0
917761,episodic_return,373.74125324542274
917761,episodic_length,131.0
917891,episodic_return,369.6009839478369
917891,episodic_length,129.0
918025,episodic_return,380.8886058767699
918025,episodic_length,133.0
918156,episodic_return,371.9782599464546
918156,episodic_length,130.0
918287,episodic_return,368.45719002902393
918287,episodic_length,130.0
918420,episodic_return,381.95242976190696
918420,episodic_length,132.0
918552,episodic_return,374.54294234612286
918552,episodic_length,131.0
918685,episodic_return,383.45418339845446
918685,episodic_length,132.0
918817,episodic_return,376.8718459968642
918817,episodic_length,131.0
918949,episodic_return,377.02697394579855
918949,episodic_length,131.0
919084,episodic_return,384.2383989934198
919084,episodic_length,134.0
919215,episodic_return,378.05274777898603
919215,episodic_length,130.0
919346,episodic_return,376.8771169525761
919346,episodic_length,130.0
919476,episodic_return,368.41910444262373
919476,episodic_length,129.0
919552,value_loss,0.0008633434772491455
919552,policy_loss,-0.0385308638215065
919552,approx_kl,1.8422026634216309
919552,clipfrac,0.855859375
919552,explained_variance,0.9826894849538803
919552,sps,569.0
919609,episodic_return,381.19509368308485
919609,episodic_length,132.0
919742,episodic_return,379.381624469469
919742,episodic_length,132.0
919873,episodic_return,376.6580352200529
919873,episodic_length,130.0
920006,episodic_return,377.82198537191454
920006,episodic_length,132.0
920138,episodic_return,374.90647445397747
920138,episodic_length,131.0
920270,episodic_return,375.987327785059
920270,episodic_length,131.0
920405,episodic_return,385.7313865878607
920405,episodic_length,134.0
920537,episodic_return,374.90010761594004
920537,episodic_length,131.0
920671,episodic_return,385.715024698621
920671,episodic_length,133.0
920803,episodic_return,373.77999041508997
920803,episodic_length,131.0
920936,episodic_return,374.14825884008883
920936,episodic_length,132.0
921068,episodic_return,373.6854550921476
921068,episodic_length,131.0
921204,episodic_return,383.2285379874478
921204,episodic_length,135.0
921339,episodic_return,380.601953376494
921339,episodic_length,134.0
921473,episodic_return,381.04240328540544
921473,episodic_length,133.0
921600,value_loss,0.01324761938303709
921600,policy_loss,0.06657454371452332
921600,approx_kl,6.634433746337891
921600,clipfrac,0.88408203125
921600,explained_variance,0.9891885975375772
921600,sps,569.0
921607,episodic_return,384.65167366814194
921607,episodic_length,133.0
921740,episodic_return,380.45353919757406
921740,episodic_length,132.0
921872,episodic_return,374.22665991294025
921872,episodic_length,131.0
922004,episodic_return,372.4552595016879
922004,episodic_length,131.0
922140,episodic_return,388.0930102516686
922140,episodic_length,135.0
922270,episodic_return,366.2183385277614
922270,episodic_length,129.0
922405,episodic_return,385.39502018741456
922405,episodic_length,134.0
922537,episodic_return,377.14609269795847
922537,episodic_length,131.0
922673,episodic_return,387.2428444990119
922673,episodic_length,135.0
922807,episodic_return,377.47169498879646
922807,episodic_length,133.0
922942,episodic_return,383.3803361991161
922942,episodic_length,134.0
923076,episodic_return,375.5482064871597
923076,episodic_length,133.0
923212,episodic_return,387.74749523078776
923212,episodic_length,135.0
923346,episodic_return,376.80092476175923
923346,episodic_length,133.0
923481,episodic_return,377.9920435355836
923481,episodic_length,134.0
923613,episodic_return,372.6557711836571
923613,episodic_length,131.0
923648,value_loss,0.01778693124651909
923648,policy_loss,-1.109122633934021
923648,approx_kl,2.9596481323242188
923648,clipfrac,0.858203125
923648,explained_variance,0.9862756645306945
923648,sps,569.0
923744,episodic_return,375.453222503275
923744,episodic_length,130.0
923875,episodic_return,373.9644115380132
923875,episodic_length,130.0
924010,episodic_return,382.907805277784
924010,episodic_length,134.0
924143,episodic_return,383.9176249259239
924143,episodic_length,132.0
924275,episodic_return,378.3337494989355
924275,episodic_length,131.0
924410,episodic_return,387.26768461050085
924410,episodic_length,134.0
924543,episodic_return,374.7322197639947
924543,episodic_length,132.0
924673,episodic_return,355.2704384060184
924673,episodic_length,129.0
924805,episodic_return,371.2587501385485
924805,episodic_length,131.0
924936,episodic_return,374.52901516825733
924936,episodic_length,130.0
925069,episodic_return,379.1762273781052
925069,episodic_length,132.0
925202,episodic_return,381.5589408886817
925202,episodic_length,132.0
925336,episodic_return,382.3241902791674
925336,episodic_length,133.0
925468,episodic_return,375.52429720013646
925468,episodic_length,131.0
925600,episodic_return,377.99646624912083
925600,episodic_length,131.0
925696,value_loss,0.0006420613499358296
925696,policy_loss,-0.3887217044830322
925696,approx_kl,7.6284871101379395
925696,clipfrac,0.884326171875
925696,explained_variance,0.9865996297448874
925696,sps,569.0
925733,episodic_return,376.7092923643533
925733,episodic_length,132.0
925861,episodic_return,366.7280280827465
925861,episodic_length,127.0
925995,episodic_return,381.82202385682876
925995,episodic_length,133.0
926129,episodic_return,390.59843524287896
926129,episodic_length,133.0
926261,episodic_return,370.3564952176427
926261,episodic_length,131.0
926397,episodic_return,383.1804403307701
926397,episodic_length,135.0
926530,episodic_return,382.11314972019903
926530,episodic_length,132.0
926661,episodic_return,377.4734820663129
926661,episodic_length,130.0
926789,episodic_return,361.78595383169596
926789,episodic_length,127.0
926923,episodic_return,381.39263672613373
926923,episodic_length,133.0
927054,episodic_return,374.7530523377203
927054,episodic_length,130.0
927182,episodic_return,364.87687085617716
927182,episodic_length,127.0
927316,episodic_return,385.1524867179843
927316,episodic_length,133.0
927447,episodic_return,376.9965391703378
927447,episodic_length,130.0
927578,episodic_return,377.2082247507942
927578,episodic_length,130.0
927708,episodic_return,371.2041881698187
927708,episodic_length,129.0
927744,value_loss,0.0006774789653718472
927744,policy_loss,-0.06657209247350693
927744,approx_kl,6.809686183929443
927744,clipfrac,0.8890625
927744,explained_variance,0.982376616448164
927744,sps,569.0
927840,episodic_return,375.12553341204386
927840,episodic_length,131.0
927970,episodic_return,364.4343388779662
927970,episodic_length,129.0
928101,episodic_return,371.13669045693405
928101,episodic_length,130.0
928231,episodic_return,372.3383388197251
928231,episodic_length,129.0
928364,episodic_return,379.1761972401871
928364,episodic_length,132.0
928496,episodic_return,381.1346001060879
928496,episodic_length,131.0
928626,episodic_return,370.1920099424524
928626,episodic_length,129.0
928759,episodic_return,381.9865635968843
928759,episodic_length,132.0
928892,episodic_return,372.9021111871851
928892,episodic_length,132.0
929025,episodic_return,378.71212501971627
929025,episodic_length,132.0
929156,episodic_return,368.46318426920624
929156,episodic_length,130.0
929289,episodic_return,376.4687761540221
929289,episodic_length,132.0
929421,episodic_return,376.28347353849045
929421,episodic_length,131.0
929556,episodic_return,383.65255336860224
929556,episodic_length,134.0
929686,episodic_return,369.3341750250922
929686,episodic_length,129.0
929792,value_loss,0.0004776898422278464
929792,policy_loss,-0.15311196446418762
929792,approx_kl,3.7013633251190186
929792,clipfrac,0.880224609375
929792,explained_variance,0.9852439593523741
929792,sps,569.0
929820,episodic_return,386.25450559762356
929820,episodic_length,133.0
929952,episodic_return,379.37339767596717
929952,episodic_length,131.0
930080,episodic_return,364.3218745938995
930080,episodic_length,127.0
930209,episodic_return,370.42164385118656
930209,episodic_length,128.0
930345,episodic_return,388.2874802112712
930345,episodic_length,135.0
930477,episodic_return,376.8851703369333
930477,episodic_length,131.0
930605,episodic_return,364.95139690554487
930605,episodic_length,127.0
930736,episodic_return,377.4775524887973
930736,episodic_length,130.0
930870,episodic_return,382.01956715178125
930870,episodic_length,133.0
931002,episodic_return,380.4357897788563
931002,episodic_length,131.0
931131,episodic_return,367.0526709659027
931131,episodic_length,128.0
931257,episodic_return,358.35386883261685
931257,episodic_length,125.0
931388,episodic_return,375.91182669941486
931388,episodic_length,130.0
931524,episodic_return,390.3494002645659
931524,episodic_length,135.0
931657,episodic_return,377.00639412068904
931657,episodic_length,132.0
931787,episodic_return,368.1753088327007
931787,episodic_length,129.0
931840,value_loss,0.02000526711344719
931840,policy_loss,-0.06122754514217377
931840,approx_kl,2.4419236183166504
931840,clipfrac,0.88857421875
931840,explained_variance,0.9813560154289007
931840,sps,569.0
931921,episodic_return,383.7238591927156
931921,episodic_length,133.0
932051,episodic_return,364.20862495160014
932051,episodic_length,129.0
932185,episodic_return,380.9708493947316
932185,episodic_length,133.0
932319,episodic_return,378.04577897524354
932319,episodic_length,133.0
932451,episodic_return,374.68784548742855
932451,episodic_length,131.0
932583,episodic_return,378.1102673202323
932583,episodic_length,131.0
932714,episodic_return,376.59643040268287
932714,episodic_length,130.0
932846,episodic_return,369.98334746620475
932846,episodic_length,131.0
932977,episodic_return,373.6854060307898
932977,episodic_length,130.0
933109,episodic_return,372.83486678236363
933109,episodic_length,131.0
933242,episodic_return,382.7376875043188
933242,episodic_length,132.0
933374,episodic_return,378.3928606483836
933374,episodic_length,131.0
933506,episodic_return,381.1278124885034
933506,episodic_length,131.0
933637,episodic_return,372.55036908593036
933637,episodic_length,130.0
933771,episodic_return,379.4704854462719
933771,episodic_length,133.0
933888,value_loss,0.004364094231277704
933888,policy_loss,-0.7182424068450928
933888,approx_kl,3.7184622287750244
933888,clipfrac,0.8490234375
933888,explained_variance,0.9865767788141966
933888,sps,569.0
933902,episodic_return,375.6242709153315
933902,episodic_length,130.0
934033,episodic_return,374.48329582725097
934033,episodic_length,130.0
934165,episodic_return,377.28303393460646
934165,episodic_length,131.0
934295,episodic_return,367.8227748437692
934295,episodic_length,129.0
934428,episodic_return,381.31026761536356
934428,episodic_length,132.0
934559,episodic_return,376.642355835708
934559,episodic_length,130.0
934693,episodic_return,383.8644957785233
934693,episodic_length,133.0
934823,episodic_return,371.4490051515767
934823,episodic_length,129.0
934952,episodic_return,369.7191181830828
934952,episodic_length,128.0
935087,episodic_return,387.4676531040905
935087,episodic_length,134.0
935220,episodic_return,374.045116355109
935220,episodic_length,132.0
935355,episodic_return,378.2364830658343
935355,episodic_length,134.0
935491,episodic_return,385.92966288862686
935491,episodic_length,135.0
935625,episodic_return,383.8702046855468
935625,episodic_length,133.0
935760,episodic_return,384.18795933084976
935760,episodic_length,134.0
935890,episodic_return,372.8589734814601
935890,episodic_length,129.0
935936,value_loss,0.0003170839336235076
935936,policy_loss,-0.4221383333206177
935936,approx_kl,4.3107452392578125
935936,clipfrac,0.903857421875
935936,explained_variance,0.9854137795045972
935936,sps,569.0
936023,episodic_return,380.1666784141854
936023,episodic_length,132.0
936155,episodic_return,380.8986976069925
936155,episodic_length,131.0
936289,episodic_return,377.5240037127886
936289,episodic_length,133.0
936418,episodic_return,355.84199618459985
936418,episodic_length,128.0
936552,episodic_return,384.71563054773526
936552,episodic_length,133.0
936686,episodic_return,376.4870621079617
936686,episodic_length,133.0
936819,episodic_return,378.46716500585154
936819,episodic_length,132.0
936951,episodic_return,374.53035233841507
936951,episodic_length,131.0
937086,episodic_return,380.9301730518975
937086,episodic_length,134.0
937222,episodic_return,384.9463680441093
937222,episodic_length,135.0
937353,episodic_return,373.11191911885487
937353,episodic_length,130.0
937483,episodic_return,372.40471742778556
937483,episodic_length,129.0
937615,episodic_return,371.2856694667524
937615,episodic_length,131.0
937746,episodic_return,364.7373507709019
937746,episodic_length,130.0
937878,episodic_return,376.1443928685605
937878,episodic_length,131.0
937984,value_loss,0.0008280309848487377
937984,policy_loss,0.0009566992521286011
937984,approx_kl,1.496734619140625
937984,clipfrac,0.820556640625
937984,explained_variance,0.9869111711159348
937984,sps,569.0
938012,episodic_return,383.987372151321
938012,episodic_length,133.0
938145,episodic_return,381.77976017102833
938145,episodic_length,132.0
938279,episodic_return,383.65706047096796
938279,episodic_length,133.0
938413,episodic_return,385.169025020549
938413,episodic_length,133.0
938544,episodic_return,369.4242171808121
938544,episodic_length,130.0
938680,episodic_return,388.4406942730861
938680,episodic_length,135.0
938811,episodic_return,371.2035161549612
938811,episodic_length,130.0
938945,episodic_return,383.3744552324618
938945,episodic_length,133.0
939076,episodic_return,374.93382222429227
939076,episodic_length,130.0
939204,episodic_return,362.66866907400936
939204,episodic_length,127.0
939341,episodic_return,392.04121324142966
939341,episodic_length,136.0
939475,episodic_return,379.2869143427277
939475,episodic_length,133.0
939608,episodic_return,379.7456236017427
939608,episodic_length,132.0
939742,episodic_return,384.92257210257577
939742,episodic_length,133.0
939878,episodic_return,388.87195037330775
939878,episodic_length,135.0
940010,episodic_return,378.7404827410024
940010,episodic_length,131.0
940032,value_loss,0.0005625247722491622
940032,policy_loss,-0.08179198205471039
940032,approx_kl,3.6472558975219727
940032,clipfrac,0.862939453125
940032,explained_variance,0.986467607319355
940032,sps,569.0
940144,episodic_return,376.9472047804682
940144,episodic_length,133.0
940278,episodic_return,379.31198901882544
940278,episodic_length,133.0
940409,episodic_return,372.7838719623644
940409,episodic_length,130.0
940541,episodic_return,375.92313620459373
940541,episodic_length,131.0
940670,episodic_return,368.1278042001388
940670,episodic_length,128.0
940803,episodic_return,382.3210226462221
940803,episodic_length,132.0
940935,episodic_return,374.55213284723754
940935,episodic_length,131.0
941066,episodic_return,374.2444030487299
941066,episodic_length,130.0
941196,episodic_return,372.8142041960088
941196,episodic_length,129.0
941329,episodic_return,381.1039726376886
941329,episodic_length,132.0
941465,episodic_return,389.32234269393336
941465,episodic_length,135.0
941601,episodic_return,388.7769806940678
941601,episodic_length,135.0
941730,episodic_return,369.3780364180561
941730,episodic_length,128.0
941862,episodic_return,380.1745069863631
941862,episodic_length,131.0
941993,episodic_return,373.39108515823546
941993,episodic_length,130.0
942080,value_loss,0.0006708664586767554
942080,policy_loss,0.8334342241287231
942080,approx_kl,2.0638813972473145
942080,clipfrac,0.8390625
942080,explained_variance,0.9853125857189298
942080,sps,569.0
942125,episodic_return,375.24427171836544
942125,episodic_length,131.0
942257,episodic_return,373.556931488833
942257,episodic_length,131.0
942392,episodic_return,385.8679252441133
942392,episodic_length,134.0
942529,episodic_return,392.55960412267876
942529,episodic_length,136.0
942662,episodic_return,377.63545447135783
942662,episodic_length,132.0
942793,episodic_return,376.62915784735156
942793,episodic_length,130.0
942924,episodic_return,366.5081108822427
942924,episodic_length,130.0
943060,episodic_return,388.24568691737977
943060,episodic_length,135.0
943194,episodic_return,388.3786438193143
943194,episodic_length,133.0
943328,episodic_return,384.3402271369896
943328,episodic_length,133.0
943461,episodic_return,379.03287415766056
943461,episodic_length,132.0
943589,episodic_return,358.419242610699
943589,episodic_length,127.0
943724,episodic_return,389.1765057568179
943724,episodic_length,134.0
943857,episodic_return,373.3116343739114
943857,episodic_length,132.0
943992,episodic_return,383.987250285034
943992,episodic_length,134.0
944125,episodic_return,378.4632052989142
944125,episodic_length,132.0
944128,value_loss,0.012281992472708225
944128,policy_loss,-0.08540521562099457
944128,approx_kl,0.906651496887207
944128,clipfrac,0.775146484375
944128,explained_variance,0.9880798263475299
944128,sps,569.0
944253,episodic_return,366.3897069199886
944253,episodic_length,127.0
944385,episodic_return,377.0339108830951
944385,episodic_length,131.0
944519,episodic_return,385.76754118684136
944519,episodic_length,133.0
944653,episodic_return,384.33509020772397
944653,episodic_length,133.0
944785,episodic_return,375.36700873296513
944785,episodic_length,131.0
944918,episodic_return,377.1608519090088
944918,episodic_length,132.0
945051,episodic_return,378.0086329808203
945051,episodic_length,132.0
945183,episodic_return,377.1029116671324
945183,episodic_length,131.0
945314,episodic_return,373.27814656139765
945314,episodic_length,130.0
945449,episodic_return,384.609329942534
945449,episodic_length,134.0
945579,episodic_return,370.3680171381832
945579,episodic_length,129.0
945709,episodic_return,372.29476530451285
945709,episodic_length,129.0
945844,episodic_return,384.39077998425245
945844,episodic_length,134.0
945978,episodic_return,378.39849216784785
945978,episodic_length,133.0
946110,episodic_return,379.8739460872338
946110,episodic_length,131.0
946176,value_loss,0.02086794748902321
946176,policy_loss,0.13294386863708496
946176,approx_kl,3.000817060470581
946176,clipfrac,0.8134765625
946176,explained_variance,0.9874191796407104
946176,sps,569.0
946244,episodic_return,382.535896110319
946244,episodic_length,133.0
946373,episodic_return,362.55096890536527
946373,episodic_length,128.0
946507,episodic_return,378.60582957691287
946507,episodic_length,133.0
946638,episodic_return,373.765463619201
946638,episodic_length,130.0
946766,episodic_return,363.0537543628541
946766,episodic_length,127.0
946900,episodic_return,382.61399224829
946900,episodic_length,133.0
947037,episodic_return,391.8228805842115
947037,episodic_length,136.0
947169,episodic_return,368.8803417463006
947169,episodic_length,131.0
947302,episodic_return,382.1718430628581
947302,episodic_length,132.0
947434,episodic_return,379.4770013392918
947434,episodic_length,131.0
947563,episodic_return,366.07178719710737
947563,episodic_length,128.0
947688,episodic_return,352.9498273947717
947688,episodic_length,124.0
947820,episodic_return,378.70727935940295
947820,episodic_length,131.0
947951,episodic_return,375.3549926209753
947951,episodic_length,130.0
948085,episodic_return,385.723408293779
948085,episodic_length,133.0
948214,episodic_return,367.924050650847
948214,episodic_length,128.0
948224,value_loss,0.0005233476986177266
948224,policy_loss,0.011599317193031311
948224,approx_kl,4.280324459075928
948224,clipfrac,0.842626953125
948224,explained_variance,0.9816667642444372
948224,sps,569.0
948342,episodic_return,365.61674034055375
948342,episodic_length,127.0
948472,episodic_return,373.6539501060154
948472,episodic_length,129.0
948603,episodic_return,370.8000898215661
948603,episodic_length,130.0
948732,episodic_return,370.07047247234146
948732,episodic_length,128.0
948861,episodic_return,368.6174629675219
948861,episodic_length,128.0
948993,episodic_return,377.32763598134807
948993,episodic_length,131.0
949123,episodic_return,375.5568477159602
949123,episodic_length,129.0
949256,episodic_return,380.38002325395234
949256,episodic_length,132.0
949390,episodic_return,384.63564259287034
949390,episodic_length,133.0
949521,episodic_return,376.996259289193
949521,episodic_length,130.0
949652,episodic_return,377.085654807269
949652,episodic_length,130.0
949782,episodic_return,374.1794384090831
949782,episodic_length,129.0
949911,episodic_return,370.874435375873
949911,episodic_length,128.0
950041,episodic_return,368.70042936945237
950041,episodic_length,129.0
950171,episodic_return,373.2192351067757
950171,episodic_length,129.0
950272,value_loss,0.00038419486372731626
950272,policy_loss,-3.3930394649505615
950272,approx_kl,2.5639562606811523
950272,clipfrac,0.85478515625
950272,explained_variance,0.9835739657282829
950272,sps,569.0
950304,episodic_return,375.111690661145
950304,episodic_length,132.0
950437,episodic_return,383.56399257502494
950437,episodic_length,132.0
950571,episodic_return,383.9105169310695
950571,episodic_length,133.0
950703,episodic_return,374.6565757614954
950703,episodic_length,131.0
950835,episodic_return,375.3198085706464
950835,episodic_length,131.0
950966,episodic_return,373.5061529738841
950966,episodic_length,130.0
951096,episodic_return,374.1043143730219
951096,episodic_length,129.0
951228,episodic_return,377.5323129863905
951228,episodic_length,131.0
951362,episodic_return,383.85548080351
951362,episodic_length,133.0
951494,episodic_return,377.64956770662843
951494,episodic_length,131.0
951627,episodic_return,384.87800797665284
951627,episodic_length,132.0
951758,episodic_return,373.07141020668416
951758,episodic_length,130.0
951891,episodic_return,376.815224483106
951891,episodic_length,132.0
952021,episodic_return,373.6833406243787
952021,episodic_length,129.0
952151,episodic_return,375.30687599369475
952151,episodic_length,129.0
952282,episodic_return,379.1315998969157
952282,episodic_length,130.0
952320,value_loss,0.0005252480623312294
952320,policy_loss,-0.12494061887264252
952320,approx_kl,1.840451717376709
952320,clipfrac,0.820166015625
952320,explained_variance,0.9833666272461414
952320,sps,569.0
952413,episodic_return,374.4902865864714
952413,episodic_length,130.0
952541,episodic_return,359.9676589628335
952541,episodic_length,127.0
952672,episodic_return,379.5467403303576
952672,episodic_length,130.0
952803,episodic_return,376.7231132765575
952803,episodic_length,130.0
952935,episodic_return,379.8771661849919
952935,episodic_length,131.0
953064,episodic_return,368.3735016362474
953064,episodic_length,128.0
953198,episodic_return,382.33480116511373
953198,episodic_length,133.0
953328,episodic_return,369.9276608439528
953328,episodic_length,129.0
953457,episodic_return,371.5538592606071
953457,episodic_length,128.0
953590,episodic_return,373.4308745073606
953590,episodic_length,132.0
953722,episodic_return,377.68426046830155
953722,episodic_length,131.0
953851,episodic_return,366.9314793406023
953851,episodic_length,128.0
953983,episodic_return,379.308358311993
953983,episodic_length,131.0
954117,episodic_return,379.36559840628667
954117,episodic_length,133.0
954245,episodic_return,367.1112950916678
954245,episodic_length,127.0
954368,value_loss,0.021046776324510574
954368,policy_loss,0.050942376255989075
954368,approx_kl,1.7561371326446533
954368,clipfrac,0.814892578125
954368,explained_variance,0.9843493960797787
954368,sps,569.0
954376,episodic_return,375.8515117879327
954376,episodic_length,130.0
954500,episodic_return,346.994101917489
954500,episodic_length,123.0
954632,episodic_return,378.2567261155971
954632,episodic_length,131.0
954766,episodic_return,382.7270370588018
954766,episodic_length,133.0
954898,episodic_return,377.61741403407945
954898,episodic_length,131.0
955027,episodic_return,372.28648684436433
955027,episodic_length,128.0
955161,episodic_return,383.3194527063842
955161,episodic_length,133.0
955292,episodic_return,373.1152494752526
955292,episodic_length,130.0
955419,episodic_return,366.3517131223139
955419,episodic_length,126.0
955549,episodic_return,370.47935619901426
955549,episodic_length,129.0
955684,episodic_return,384.35133244112626
955684,episodic_length,134.0
955816,episodic_return,377.82544178258576
955816,episodic_length,131.0
955949,episodic_return,377.18609148849833
955949,episodic_length,132.0
956079,episodic_return,374.5972574718129
956079,episodic_length,129.0
956212,episodic_return,380.5567066619916
956212,episodic_length,132.0
956343,episodic_return,375.6749169198381
956343,episodic_length,130.0
956416,value_loss,0.015438209287822247
956416,policy_loss,0.06686101108789444
956416,approx_kl,3.198834180831909
956416,clipfrac,0.8400390625
956416,explained_variance,0.9812027476727962
956416,sps,569.0
956473,episodic_return,375.9872067764828
956473,episodic_length,129.0
956605,episodic_return,380.63882539310475
956605,episodic_length,131.0
956736,episodic_return,377.6712335602782
956736,episodic_length,130.0
956863,episodic_return,362.97423927561096
956863,episodic_length,126.0
956994,episodic_return,373.8190231716699
956994,episodic_length,130.0
957129,episodic_return,386.10371317724616
957129,episodic_length,134.0
957261,episodic_return,375.86364719361893
957261,episodic_length,131.0
957394,episodic_return,373.425567421021
957394,episodic_length,132.0
957527,episodic_return,377.7212502802364
957527,episodic_length,132.0
957654,episodic_return,362.746778536987
957654,episodic_length,126.0
957784,episodic_return,367.03134151162556
957784,episodic_length,129.0
957911,episodic_return,363.75022641988505
957911,episodic_length,126.0
958046,episodic_return,382.67985096008823
958046,episodic_length,134.0
958180,episodic_return,387.86893349948116
958180,episodic_length,133.0
958310,episodic_return,372.61295078647794
958310,episodic_length,129.0
958444,episodic_return,381.8001911672737
958444,episodic_length,133.0
958464,value_loss,0.003646122058853507
958464,policy_loss,-0.07428095489740372
958464,approx_kl,1.8912090063095093
958464,clipfrac,0.781787109375
958464,explained_variance,0.9829781651496887
958464,sps,569.0
958577,episodic_return,379.62787947029625
958577,episodic_length,132.0
958712,episodic_return,387.17201705125876
958712,episodic_length,134.0
958845,episodic_return,379.163670177212
958845,episodic_length,132.0
958974,episodic_return,366.31221682577103
958974,episodic_length,128.0
959105,episodic_return,376.46263934765193
959105,episodic_length,130.0
959233,episodic_return,363.3124230728171
959233,episodic_length,127.0
959366,episodic_return,383.3843379960995
959366,episodic_length,132.0
959500,episodic_return,384.2380342691427
959500,episodic_length,133.0
959634,episodic_return,375.9977116672097
959634,episodic_length,133.0
959768,episodic_return,383.71770128557773
959768,episodic_length,133.0
959896,episodic_return,369.3523760912884
959896,episodic_length,127.0
960027,episodic_return,372.27457740557367
960027,episodic_length,130.0
960160,episodic_return,380.65119790250566
960160,episodic_length,132.0
960291,episodic_return,372.7993233863227
960291,episodic_length,130.0
960424,episodic_return,378.0151370027759
960424,episodic_length,132.0
960512,value_loss,0.00022299308329820633
960512,policy_loss,-0.1256692111492157
960512,approx_kl,5.535801410675049
960512,clipfrac,0.88046875
960512,explained_variance,0.9823882691562176
960512,sps,569.0
960557,episodic_return,376.16453833746647
960557,episodic_length,132.0
960687,episodic_return,371.1679733012422
960687,episodic_length,129.0
960819,episodic_return,381.11149102890823
960819,episodic_length,131.0
960951,episodic_return,378.4316847516637
960951,episodic_length,131.0
961079,episodic_return,363.353317084654
961079,episodic_length,127.0
961206,episodic_return,358.7577956595303
961206,episodic_length,126.0
961340,episodic_return,381.13340200809427
961340,episodic_length,133.0
961472,episodic_return,376.93672775863564
961472,episodic_length,131.0
961606,episodic_return,377.17808504029693
961606,episodic_length,133.0
961733,episodic_return,358.76728361628574
961733,episodic_length,126.0
961863,episodic_return,372.78674225085456
961863,episodic_length,129.0
961991,episodic_return,366.757620619222
961991,episodic_length,127.0
962123,episodic_return,379.74754106571027
962123,episodic_length,131.0
962257,episodic_return,383.46889430548623
962257,episodic_length,133.0
962391,episodic_return,386.472320659486
962391,episodic_length,133.0
962518,episodic_return,362.9316306318769
962518,episodic_length,126.0
962560,value_loss,0.00146038259845227
962560,policy_loss,-0.439924031496048
962560,approx_kl,1.9336795806884766
962560,clipfrac,0.86259765625
962560,explained_variance,0.9808351136744022
962560,sps,569.0
962650,episodic_return,379.5283969654375
962650,episodic_length,131.0
962779,episodic_return,370.89426008180834
962779,episodic_length,128.0
962911,episodic_return,376.5171940651327
962911,episodic_length,131.0
963046,episodic_return,383.5594497399739
963046,episodic_length,134.0
963179,episodic_return,381.9356615660911
963179,episodic_length,132.0
963312,episodic_return,381.2679841084355
963312,episodic_length,132.0
963446,episodic_return,384.3011607763255
963446,episodic_length,133.0
963577,episodic_return,369.49087101135086
963577,episodic_length,130.0
963712,episodic_return,383.43478860106853
963712,episodic_length,134.0
963844,episodic_return,379.73181780209967
963844,episodic_length,131.0
963975,episodic_return,375.60111833534637
963975,episodic_length,130.0
964107,episodic_return,379.31129254648346
964107,episodic_length,131.0
964242,episodic_return,387.71267477324795
964242,episodic_length,134.0
964373,episodic_return,374.1661401323215
964373,episodic_length,130.0
964503,episodic_return,367.96066109682647
964503,episodic_length,129.0
964608,value_loss,0.004757552407681942
964608,policy_loss,0.09116636216640472
964608,approx_kl,1.804823398590088
964608,clipfrac,0.75654296875
964608,explained_variance,0.9863503873348236
964608,sps,569.0
964635,episodic_return,378.385532533453
964635,episodic_length,131.0
964767,episodic_return,373.66500552191434
964767,episodic_length,131.0
964899,episodic_return,375.3964820712834
964899,episodic_length,131.0
965032,episodic_return,374.6714882602465
965032,episodic_length,132.0
965165,episodic_return,380.86101721485204
965165,episodic_length,132.0
965297,episodic_return,376.6451480211325
965297,episodic_length,131.0
965427,episodic_return,371.0827152162282
965427,episodic_length,129.0
965561,episodic_return,380.87268671113793
965561,episodic_length,133.0
965692,episodic_return,373.53726320910323
965692,episodic_length,130.0
965825,episodic_return,377.3001480269698
965825,episodic_length,132.0
965956,episodic_return,374.2750205109192
965956,episodic_length,130.0
966085,episodic_return,368.1637589875695
966085,episodic_length,128.0
966217,episodic_return,380.5692135723374
966217,episodic_length,131.0
966348,episodic_return,377.28104997184613
966348,episodic_length,130.0
966481,episodic_return,376.3959623099807
966481,episodic_length,132.0
966613,episodic_return,379.8504821340657
966613,episodic_length,131.0
966656,value_loss,0.010155325755476952
966656,policy_loss,0.02269166335463524
966656,approx_kl,1.9986507892608643
966656,clipfrac,0.823291015625
966656,explained_variance,0.9860109789296985
966656,sps,569.0
966745,episodic_return,380.7666919376174
966745,episodic_length,131.0
966879,episodic_return,378.71214098898866
966879,episodic_length,133.0
967013,episodic_return,382.94475183244055
967013,episodic_length,133.0
967145,episodic_return,368.21760738828056
967145,episodic_length,131.0
967279,episodic_return,377.5581665040052
967279,episodic_length,133.0
967408,episodic_return,371.0536062174632
967408,episodic_length,128.0
967541,episodic_return,383.0600872206069
967541,episodic_length,132.0
967672,episodic_return,376.16287662097284
967672,episodic_length,130.0
967800,episodic_return,368.5384782213405
967800,episodic_length,127.0
967932,episodic_return,375.8096211489026
967932,episodic_length,131.0
968068,episodic_return,387.4396881870385
968068,episodic_length,135.0
968200,episodic_return,378.3967975826726
968200,episodic_length,131.0
968329,episodic_return,368.1509321855955
968329,episodic_length,128.0
968461,episodic_return,380.3336688784928
968461,episodic_length,131.0
968591,episodic_return,370.8075536257647
968591,episodic_length,129.0
968704,value_loss,0.006251783575862646
968704,policy_loss,-0.10086730867624283
968704,approx_kl,1.9514315128326416
968704,clipfrac,0.78701171875
968704,explained_variance,0.9861861737444997
968704,sps,569.0
968724,episodic_return,377.94069797589856
968724,episodic_length,132.0
968858,episodic_return,378.9374169128614
968858,episodic_length,133.0
968986,episodic_return,362.21918515242686
968986,episodic_length,127.0
969118,episodic_return,376.4345449329463
969118,episodic_length,131.0
969245,episodic_return,362.14630946488785
969245,episodic_length,126.0
969382,episodic_return,390.7187958071043
969382,episodic_length,136.0
969512,episodic_return,372.74947594523195
969512,episodic_length,129.0
969643,episodic_return,377.24598428378766
969643,episodic_length,130.0
969775,episodic_return,381.78865731028355
969775,episodic_length,131.0
969904,episodic_return,372.2033107401472
969904,episodic_length,128.0
970037,episodic_return,380.02439154594094
970037,episodic_length,132.0
970170,episodic_return,376.4205648185043
970170,episodic_length,132.0
970304,episodic_return,383.00486357211844
970304,episodic_length,133.0
970437,episodic_return,383.3843004183234
970437,episodic_length,132.0
970571,episodic_return,380.63838619162374
970571,episodic_length,133.0
970703,episodic_return,377.645616408392
970703,episodic_length,131.0
970752,value_loss,0.0009944410994648933
970752,policy_loss,-0.1629042625427246
970752,approx_kl,2.5592117309570312
970752,clipfrac,0.834912109375
970752,explained_variance,0.9847611151635647
970752,sps,569.0
970836,episodic_return,384.66321943504335
970836,episodic_length,132.0
970969,episodic_return,381.89747639547414
970969,episodic_length,132.0
971102,episodic_return,382.1280544421424
971102,episodic_length,132.0
971232,episodic_return,374.36548426954204
971232,episodic_length,129.0
971366,episodic_return,386.2573359483204
971366,episodic_length,133.0
971500,episodic_return,387.2786562912086
971500,episodic_length,133.0
971632,episodic_return,375.50931121194884
971632,episodic_length,131.0
971766,episodic_return,384.3375095765417
971766,episodic_length,133.0
971900,episodic_return,382.1097608689228
971900,episodic_length,133.0
972035,episodic_return,381.41061552681424
972035,episodic_length,134.0
972167,episodic_return,376.1469129620328
972167,episodic_length,131.0
972300,episodic_return,382.226417926763
972300,episodic_length,132.0
972436,episodic_return,385.0924416866614
972436,episodic_length,135.0
972568,episodic_return,378.5362887112668
972568,episodic_length,131.0
972699,episodic_return,369.6047061890995
972699,episodic_length,130.0
972800,value_loss,0.0176007691770792
972800,policy_loss,0.12605515122413635
972800,approx_kl,1.076847791671753
972800,clipfrac,0.748779296875
972800,explained_variance,0.9854040406644344
972800,sps,569.0
972831,episodic_return,380.8690291152575
972831,episodic_length,131.0
972963,episodic_return,381.3876435297048
972963,episodic_length,131.0
973094,episodic_return,376.0362093485864
973094,episodic_length,130.0
973226,episodic_return,382.9084478159647
973226,episodic_length,131.0
973359,episodic_return,377.533273272414
973359,episodic_length,132.0
973492,episodic_return,377.75694493645824
973492,episodic_length,132.0
973624,episodic_return,379.354357784104
973624,episodic_length,131.0
973753,episodic_return,371.35586928019103
973753,episodic_length,128.0
973886,episodic_return,380.4612077765075
973886,episodic_length,132.0
974020,episodic_return,386.6942229103565
974020,episodic_length,133.0
974153,episodic_return,379.2579325212083
974153,episodic_length,132.0
974284,episodic_return,373.98858821267
974284,episodic_length,130.0
974420,episodic_return,388.85384855605366
974420,episodic_length,135.0
974551,episodic_return,372.30837584811474
974551,episodic_length,130.0
974681,episodic_return,372.00186975785107
974681,episodic_length,129.0
974809,episodic_return,365.3068383938919
974809,episodic_length,127.0
974848,value_loss,0.0003869060892611742
974848,policy_loss,-0.08673325181007385
974848,approx_kl,1.4569551944732666
974848,clipfrac,0.74853515625
974848,explained_variance,0.983433336019516
974848,sps,569.0
974941,episodic_return,378.70144352942134
974941,episodic_length,131.0
975074,episodic_return,382.86708617201543
975074,episodic_length,132.0
975204,episodic_return,369.69276834193784
975204,episodic_length,129.0
975337,episodic_return,381.55388839305925
975337,episodic_length,132.0
975468,episodic_return,378.9757089002314
975468,episodic_length,130.0
975603,episodic_return,386.6759283828767
975603,episodic_length,134.0
975734,episodic_return,377.55456085265104
975734,episodic_length,130.0
975861,episodic_return,361.3491557733352
975861,episodic_length,126.0
975996,episodic_return,389.52075638705975
975996,episodic_length,134.0
976127,episodic_return,372.82856366408504
976127,episodic_length,130.0
976254,episodic_return,358.59210857621423
976254,episodic_length,126.0
976386,episodic_return,370.90726853426247
976386,episodic_length,131.0
976518,episodic_return,380.1408493992095
976518,episodic_length,131.0
976650,episodic_return,378.51123947422064
976650,episodic_length,131.0
976784,episodic_return,385.5668302739447
976784,episodic_length,133.0
976896,value_loss,0.0011016660137102008
976896,policy_loss,0.011847205460071564
976896,approx_kl,1.0464046001434326
976896,clipfrac,0.726123046875
976896,explained_variance,0.9860213045030832
976896,sps,569.0
976918,episodic_return,386.28175555252983
976918,episodic_length,133.0
977053,episodic_return,387.54624065935343
977053,episodic_length,134.0
977184,episodic_return,374.6042061461514
977184,episodic_length,130.0
977313,episodic_return,369.6551273729904
977313,episodic_length,128.0
977443,episodic_return,373.92336723679216
977443,episodic_length,129.0
977574,episodic_return,370.71415996666485
977574,episodic_length,130.0
977708,episodic_return,380.62962000943105
977708,episodic_length,133.0
977842,episodic_return,386.28030223653053
977842,episodic_length,133.0
977974,episodic_return,380.8119339391342
977974,episodic_length,131.0
978107,episodic_return,381.8452648832078
978107,episodic_length,132.0
978237,episodic_return,373.4388206838972
978237,episodic_length,129.0
978372,episodic_return,388.8514384423409
978372,episodic_length,134.0
978508,episodic_return,389.3308670575244
978508,episodic_length,135.0
978642,episodic_return,385.79349335655394
978642,episodic_length,133.0
978776,episodic_return,383.42113099400694
978776,episodic_length,133.0
978910,episodic_return,387.19361414684806
978910,episodic_length,133.0
978944,value_loss,0.013155308552086353
978944,policy_loss,-0.16743986308574677
978944,approx_kl,0.8445781469345093
978944,clipfrac,0.704736328125
978944,explained_variance,0.9820678755640984
978944,sps,568.0
979041,episodic_return,379.10375956083874
979041,episodic_length,130.0
979171,episodic_return,367.8204095445147
979171,episodic_length,129.0
979301,episodic_return,372.04116120546536
979301,episodic_length,129.0
979431,episodic_return,375.235783920639
979431,episodic_length,129.0
979566,episodic_return,388.25158595231017
979566,episodic_length,134.0
979699,episodic_return,384.69163238752384
979699,episodic_length,132.0
979830,episodic_return,372.1394846864593
979830,episodic_length,130.0
979957,episodic_return,364.477639055585
979957,episodic_length,126.0
980091,episodic_return,382.7299878944421
980091,episodic_length,133.0
980222,episodic_return,377.77970326518476
980222,episodic_length,130.0
980355,episodic_return,384.9440318452766
980355,episodic_length,132.0
980485,episodic_return,377.2525829282477
980485,episodic_length,129.0
980617,episodic_return,381.04823404854494
980617,episodic_length,131.0
980748,episodic_return,378.26954626983775
980748,episodic_length,130.0
980881,episodic_return,382.34754980774863
980881,episodic_length,132.0
980992,value_loss,0.00030285833054222167
980992,policy_loss,0.09023091197013855
980992,approx_kl,1.5054075717926025
980992,clipfrac,0.683642578125
980992,explained_variance,0.981589749455452
980992,sps,569.0
981007,episodic_return,358.61487640692445
981007,episodic_length,125.0
981139,episodic_return,380.10599920431815
981139,episodic_length,131.0
981270,episodic_return,364.4888970351301
981270,episodic_length,130.0
981402,episodic_return,378.91431480811025
981402,episodic_length,131.0
981535,episodic_return,383.02651829445153
981535,episodic_length,132.0
981666,episodic_return,375.68292239458793
981666,episodic_length,130.0
981799,episodic_return,384.67933021551806
981799,episodic_length,132.0
981927,episodic_return,369.327785788396
981927,episodic_length,127.0
982062,episodic_return,389.37283291440957
982062,episodic_length,134.0
982191,episodic_return,369.1368924368362
982191,episodic_length,128.0
982322,episodic_return,375.50718156113237
982322,episodic_length,130.0
982457,episodic_return,386.9187911467524
982457,episodic_length,134.0
982587,episodic_return,372.45922104434237
982587,episodic_length,129.0
982717,episodic_return,374.0471845558978
982717,episodic_length,129.0
982851,episodic_return,385.63754742107193
982851,episodic_length,133.0
982983,episodic_return,379.4266638527273
982983,episodic_length,131.0
983040,value_loss,0.004414030350744724
983040,policy_loss,-0.25521591305732727
983040,approx_kl,2.3977785110473633
983040,clipfrac,0.6724609375
983040,explained_variance,0.9838955570012331
983040,sps,569.0
983115,episodic_return,380.7750671932334
983115,episodic_length,131.0
983242,episodic_return,363.572760745096
983242,episodic_length,126.0
983376,episodic_return,387.0095571118128
983376,episodic_length,133.0
983506,episodic_return,374.62598691546543
983506,episodic_length,129.0
983636,episodic_return,371.42508363101837
983636,episodic_length,129.0
983769,episodic_return,384.79394889836084
983769,episodic_length,132.0
983900,episodic_return,376.5810719379398
983900,episodic_length,130.0
984030,episodic_return,371.75524409275675
984030,episodic_length,129.0
984164,episodic_return,383.22102383187996
984164,episodic_length,133.0
984297,episodic_return,381.64410012335225
984297,episodic_length,132.0
984427,episodic_return,372.68277944396687
984427,episodic_length,129.0
984559,episodic_return,379.27374724222216
984559,episodic_length,131.0
984691,episodic_return,382.0463011896676
984691,episodic_length,131.0
984821,episodic_return,374.5117786917223
984821,episodic_length,129.0
984956,episodic_return,386.4181510751593
984956,episodic_length,134.0
985088,episodic_return,379.75467487876585
985088,episodic_length,131.0
985088,value_loss,0.0006467237253673375
985088,policy_loss,-0.32942962646484375
985088,approx_kl,0.8727900981903076
985088,clipfrac,0.67998046875
985088,explained_variance,0.9828381482511759
985088,sps,569.0
985221,episodic_return,377.8393294460275
985221,episodic_length,132.0
985356,episodic_return,385.4345360441728
985356,episodic_length,134.0
985487,episodic_return,377.5564534791225
985487,episodic_length,130.0
985619,episodic_return,382.4657972675819
985619,episodic_length,131.0
985752,episodic_return,380.5930397678805
985752,episodic_length,132.0
985884,episodic_return,374.1410113550164
985884,episodic_length,131.0
986014,episodic_return,375.3758403589005
986014,episodic_length,129.0
986143,episodic_return,369.0965775872673
986143,episodic_length,128.0
986277,episodic_return,383.96835731496543
986277,episodic_length,133.0
986406,episodic_return,368.2051943646916
986406,episodic_length,128.0
986536,episodic_return,373.9511721076299
986536,episodic_length,129.0
986668,episodic_return,378.34174339875176
986668,episodic_length,131.0
986800,episodic_return,379.10561605283436
986800,episodic_length,131.0
986935,episodic_return,389.9055722706771
986935,episodic_length,134.0
987070,episodic_return,388.2467214021991
987070,episodic_length,134.0
987136,value_loss,0.00036826840369030833
987136,policy_loss,-0.6798427104949951
987136,approx_kl,1.5999311208724976
987136,clipfrac,0.5798828125
987136,explained_variance,0.984171561896801
987136,sps,569.0
987203,episodic_return,385.07131853018456
987203,episodic_length,132.0
987327,episodic_return,354.13928301914575
987327,episodic_length,123.0
987458,episodic_return,378.1977026179286
987458,episodic_length,130.0
987590,episodic_return,380.02212996071944
987590,episodic_length,131.0
987722,episodic_return,381.3886728229918
987722,episodic_length,131.0
987852,episodic_return,369.13594926003486
987852,episodic_length,129.0
987984,episodic_return,378.89203441085414
987984,episodic_length,131.0
988114,episodic_return,371.42896404528796
988114,episodic_length,129.0
988242,episodic_return,366.1232559730223
988242,episodic_length,127.0
988375,episodic_return,382.36619934881395
988375,episodic_length,132.0
988510,episodic_return,389.84697452678733
988510,episodic_length,134.0
988644,episodic_return,386.4934220233094
988644,episodic_length,133.0
988776,episodic_return,379.2009607436045
988776,episodic_length,131.0
988911,episodic_return,385.10859470328717
988911,episodic_length,134.0
989045,episodic_return,386.55176803531907
989045,episodic_length,133.0
989179,episodic_return,382.66175161097135
989179,episodic_length,133.0
989184,value_loss,0.0006452660309150815
989184,policy_loss,-1.415083885192871
989184,approx_kl,1.7955249547958374
989184,clipfrac,0.665283203125
989184,explained_variance,0.9837404675781727
989184,sps,569.0
989313,episodic_return,388.3872439103264
989313,episodic_length,133.0
989443,episodic_return,375.6222762387095
989443,episodic_length,129.0
989575,episodic_return,372.1012602598984
989575,episodic_length,131.0
989710,episodic_return,389.0810222176086
989710,episodic_length,134.0
989839,episodic_return,369.1594975396121
989839,episodic_length,128.0
989973,episodic_return,385.372711269348
989973,episodic_length,133.0
990105,episodic_return,379.79327596315665
990105,episodic_length,131.0
990236,episodic_return,378.97830082862225
990236,episodic_length,130.0
990371,episodic_return,388.16599679381693
990371,episodic_length,134.0
990506,episodic_return,387.5970613120956
990506,episodic_length,134.0
990640,episodic_return,385.15589313545945
990640,episodic_length,133.0
990771,episodic_return,377.2443651427535
990771,episodic_length,130.0
990904,episodic_return,384.4224104046254
990904,episodic_length,132.0
991038,episodic_return,387.43563671916473
991038,episodic_length,133.0
991167,episodic_return,364.03736341470375
991167,episodic_length,128.0
991232,value_loss,0.02714916132390499
991232,policy_loss,-0.7262195348739624
991232,approx_kl,3.08436918258667
991232,clipfrac,0.610302734375
991232,explained_variance,0.9860266707837582
991232,sps,569.0
991299,episodic_return,377.02693347130247
991299,episodic_length,131.0
991432,episodic_return,374.2033849976967
991432,episodic_length,132.0
991562,episodic_return,375.53076288231756
991562,episodic_length,129.0
991693,episodic_return,374.51826952250315
991693,episodic_length,130.0
991824,episodic_return,371.10654723787604
991824,episodic_length,130.0
991953,episodic_return,367.92372404736597
991953,episodic_length,128.0
992085,episodic_return,381.36789713422155
992085,episodic_length,131.0
992219,episodic_return,386.0360238049307
992219,episodic_length,133.0
992346,episodic_return,360.4513936101728
992346,episodic_length,126.0
992481,episodic_return,384.80114640685207
992481,episodic_length,134.0
992614,episodic_return,383.8010499367018
992614,episodic_length,132.0
992746,episodic_return,377.89030881019875
992746,episodic_length,131.0
992872,episodic_return,354.32474349579246
992872,episodic_length,125.0
993007,episodic_return,384.9433011645667
993007,episodic_length,134.0
993138,episodic_return,369.23198702908013
993138,episodic_length,130.0
993268,episodic_return,376.05766042301866
993268,episodic_length,129.0
993280,value_loss,0.0002897566882893443
993280,policy_loss,-0.08476174622774124
993280,approx_kl,1.111470103263855
993280,clipfrac,0.65947265625
993280,explained_variance,0.983703013509512
993280,sps,569.0
993400,episodic_return,378.19522088364306
993400,episodic_length,131.0
993532,episodic_return,381.5787568529275
993532,episodic_length,131.0
993664,episodic_return,378.943157851762
993664,episodic_length,131.0
993798,episodic_return,386.41456778249164
993798,episodic_length,133.0
993930,episodic_return,373.5626699369178
993930,episodic_length,131.0
994064,episodic_return,384.30693488536195
994064,episodic_length,133.0
994196,episodic_return,380.64493381366276
994196,episodic_length,131.0
994332,episodic_return,389.58932082872093
994332,episodic_length,135.0
994463,episodic_return,377.1917307582564
994463,episodic_length,130.0
994598,episodic_return,389.2020527223056
994598,episodic_length,134.0
994732,episodic_return,385.4996676934716
994732,episodic_length,133.0
994862,episodic_return,374.90419755387984
994862,episodic_length,129.0
994996,episodic_return,384.885136210442
994996,episodic_length,133.0
995130,episodic_return,384.141592475116
995130,episodic_length,133.0
995263,episodic_return,383.04770100020784
995263,episodic_length,132.0
995328,value_loss,0.0008691960829310119
995328,policy_loss,-0.13096769154071808
995328,approx_kl,0.8280137777328491
995328,clipfrac,0.552392578125
995328,explained_variance,0.9866872923448682
995328,sps,569.0
995397,episodic_return,385.7282041745304
995397,episodic_length,133.0
995528,episodic_return,374.9196126196267
995528,episodic_length,130.0
995661,episodic_return,382.7920340584884
995661,episodic_length,132.0
995793,episodic_return,381.00892384215683
995793,episodic_length,131.0
995922,episodic_return,371.1533817425545
995922,episodic_length,128.0
996053,episodic_return,377.90407720560665
996053,episodic_length,130.0
996183,episodic_return,377.03175555281877
996183,episodic_length,129.0
996312,episodic_return,371.2300153029019
996312,episodic_length,128.0
996446,episodic_return,386.70505522078025
996446,episodic_length,133.0
996577,episodic_return,379.8426606759366
996577,episodic_length,130.0
996710,episodic_return,382.32258358221287
996710,episodic_length,132.0
996843,episodic_return,383.38767665051773
996843,episodic_length,132.0
996976,episodic_return,383.7631347650931
996976,episodic_length,132.0
997107,episodic_return,379.96025619737674
997107,episodic_length,130.0
997239,episodic_return,377.9083682013033
997239,episodic_length,131.0
997374,episodic_return,389.1501258618581
997374,episodic_length,134.0
997376,value_loss,0.00037510815309360623
997376,policy_loss,0.09791798889636993
997376,approx_kl,0.1036904901266098
997376,clipfrac,0.311474609375
997376,explained_variance,0.9871918130666018
997376,sps,569.0
997503,episodic_return,371.47587062658704
997503,episodic_length,128.0
997633,episodic_return,373.97831253736905
997633,episodic_length,129.0
997760,episodic_return,360.05053474383527
997760,episodic_length,126.0
997890,episodic_return,372.7487292116585
997890,episodic_length,129.0
998024,episodic_return,385.99991032171005
998024,episodic_length,133.0
998156,episodic_return,381.8098116816109
998156,episodic_length,131.0
998288,episodic_return,377.2339543402228
998288,episodic_length,131.0
998420,episodic_return,377.7802129967425
998420,episodic_length,131.0
998551,episodic_return,377.22857768991224
998551,episodic_length,130.0
998682,episodic_return,378.01693711091053
998682,episodic_length,130.0
998815,episodic_return,379.7435592010483
998815,episodic_length,132.0
998944,episodic_return,371.45007305993266
998944,episodic_length,128.0
999072,episodic_return,364.81821612173616
999072,episodic_length,127.0
999206,episodic_return,387.12734328381475
999206,episodic_length,133.0
999335,episodic_return,371.0713140831484
999335,episodic_length,128.0
999424,value_loss,0.002974911592900753
999424,policy_loss,0.07007075846195221
999424,approx_kl,0.23100516200065613
999424,clipfrac,0.279541015625
999424,explained_variance,0.9821437075734138
999424,sps,569.0
