global_step,metric,value
6,episodic_return,5.0
6,episodic_length,6.0
13,episodic_return,5.0
13,episodic_length,6.0
22,episodic_return,7.0
22,episodic_length,8.0
31,episodic_return,7.0
31,episodic_length,8.0
41,episodic_return,8.0
41,episodic_length,9.0
49,episodic_return,6.0
49,episodic_length,7.0
74,episodic_return,23.0
74,episodic_length,24.0
84,episodic_return,8.0
84,episodic_length,9.0
93,episodic_return,7.0
93,episodic_length,8.0
114,episodic_return,19.0
114,episodic_length,20.0
119,episodic_return,3.0
119,episodic_length,4.0
128,episodic_return,7.0
128,episodic_length,8.0
135,episodic_return,5.0
135,episodic_length,6.0
140,episodic_return,3.0
140,episodic_length,4.0
145,episodic_return,3.0
145,episodic_length,4.0
155,episodic_return,8.0
155,episodic_length,9.0
164,episodic_return,7.0
164,episodic_length,8.0
176,episodic_return,10.0
176,episodic_length,11.0
181,episodic_return,3.0
181,episodic_length,4.0
188,episodic_return,5.0
188,episodic_length,6.0
195,episodic_return,5.0
195,episodic_length,6.0
208,episodic_return,11.0
208,episodic_length,12.0
214,episodic_return,4.0
214,episodic_length,5.0
227,episodic_return,11.0
227,episodic_length,12.0
236,episodic_return,7.0
236,episodic_length,8.0
244,episodic_return,6.0
244,episodic_length,7.0
252,episodic_return,6.0
252,episodic_length,7.0
259,episodic_return,5.0
259,episodic_length,6.0
266,episodic_return,5.0
266,episodic_length,6.0
271,episodic_return,3.0
271,episodic_length,4.0
278,episodic_return,5.0
278,episodic_length,6.0
286,episodic_return,6.0
286,episodic_length,7.0
293,episodic_return,5.0
293,episodic_length,6.0
302,episodic_return,7.0
302,episodic_length,8.0
307,episodic_return,3.0
307,episodic_length,4.0
332,episodic_return,23.0
332,episodic_length,24.0
338,episodic_return,4.0
338,episodic_length,5.0
353,episodic_return,13.0
353,episodic_length,14.0
361,episodic_return,6.0
361,episodic_length,7.0
366,episodic_return,3.0
366,episodic_length,4.0
380,episodic_return,12.0
380,episodic_length,13.0
385,episodic_return,3.0
385,episodic_length,4.0
394,episodic_return,7.0
394,episodic_length,8.0
398,episodic_return,2.0
398,episodic_length,3.0
403,episodic_return,3.0
403,episodic_length,4.0
418,episodic_return,13.0
418,episodic_length,14.0
426,episodic_return,6.0
426,episodic_length,7.0
436,episodic_return,8.0
436,episodic_length,9.0
442,episodic_return,4.0
442,episodic_length,5.0
449,episodic_return,5.0
449,episodic_length,6.0
458,episodic_return,7.0
458,episodic_length,8.0
470,episodic_return,10.0
470,episodic_length,11.0
475,episodic_return,3.0
475,episodic_length,4.0
480,episodic_return,3.0
480,episodic_length,4.0
487,episodic_return,5.0
487,episodic_length,6.0
505,episodic_return,16.0
505,episodic_length,17.0
510,episodic_return,3.0
510,episodic_length,4.0
515,episodic_return,3.0
515,episodic_length,4.0
520,episodic_return,3.0
520,episodic_length,4.0
531,episodic_return,9.0
531,episodic_length,10.0
539,episodic_return,6.0
539,episodic_length,7.0
555,episodic_return,14.0
555,episodic_length,15.0
565,episodic_return,8.0
565,episodic_length,9.0
577,episodic_return,10.0
577,episodic_length,11.0
581,episodic_return,2.0
581,episodic_length,3.0
602,episodic_return,19.0
602,episodic_length,20.0
607,episodic_return,3.0
607,episodic_length,4.0
612,episodic_return,3.0
612,episodic_length,4.0
632,episodic_return,18.0
632,episodic_length,19.0
642,episodic_return,8.0
642,episodic_length,9.0
649,episodic_return,5.0
649,episodic_length,6.0
660,episodic_return,9.0
660,episodic_length,10.0
668,episodic_return,6.0
668,episodic_length,7.0
677,episodic_return,7.0
677,episodic_length,8.0
684,episodic_return,5.0
684,episodic_length,6.0
689,episodic_return,3.0
689,episodic_length,4.0
706,episodic_return,15.0
706,episodic_length,16.0
712,episodic_return,4.0
712,episodic_length,5.0
721,episodic_return,7.0
721,episodic_length,8.0
730,episodic_return,7.0
730,episodic_length,8.0
737,episodic_return,5.0
737,episodic_length,6.0
745,episodic_return,6.0
745,episodic_length,7.0
751,episodic_return,4.0
751,episodic_length,5.0
760,episodic_return,7.0
760,episodic_length,8.0
772,episodic_return,10.0
772,episodic_length,11.0
779,episodic_return,5.0
779,episodic_length,6.0
787,episodic_return,6.0
787,episodic_length,7.0
800,episodic_return,11.0
800,episodic_length,12.0
838,episodic_return,36.0
838,episodic_length,37.0
855,episodic_return,15.0
855,episodic_length,16.0
860,episodic_return,3.0
860,episodic_length,4.0
866,episodic_return,4.0
866,episodic_length,5.0
874,episodic_return,6.0
874,episodic_length,7.0
884,episodic_return,8.0
884,episodic_length,9.0
890,episodic_return,4.0
890,episodic_length,5.0
901,episodic_return,9.0
901,episodic_length,10.0
910,episodic_return,7.0
910,episodic_length,8.0
929,episodic_return,17.0
929,episodic_length,18.0
939,episodic_return,8.0
939,episodic_length,9.0
954,episodic_return,13.0
954,episodic_length,14.0
962,episodic_return,6.0
962,episodic_length,7.0
970,episodic_return,6.0
970,episodic_length,7.0
979,episodic_return,7.0
979,episodic_length,8.0
989,episodic_return,8.0
989,episodic_length,9.0
999,episodic_return,8.0
999,episodic_length,9.0
1005,episodic_return,4.0
1005,episodic_length,5.0
1020,episodic_return,13.0
1020,episodic_length,14.0
1028,episodic_return,6.0
1028,episodic_length,7.0
1035,episodic_return,5.0
1035,episodic_length,6.0
1046,episodic_return,9.0
1046,episodic_length,10.0
1056,episodic_return,8.0
1056,episodic_length,9.0
1076,episodic_return,18.0
1076,episodic_length,19.0
1080,episodic_return,2.0
1080,episodic_length,3.0
1090,episodic_return,8.0
1090,episodic_length,9.0
1100,episodic_return,8.0
1100,episodic_length,9.0
1109,episodic_return,7.0
1109,episodic_length,8.0
1114,episodic_return,3.0
1114,episodic_length,4.0
1121,episodic_return,5.0
1121,episodic_length,6.0
1130,episodic_return,7.0
1130,episodic_length,8.0
1149,episodic_return,17.0
1149,episodic_length,18.0
1158,episodic_return,7.0
1158,episodic_length,8.0
1164,episodic_return,4.0
1164,episodic_length,5.0
1174,episodic_return,8.0
1174,episodic_length,9.0
1184,episodic_return,8.0
1184,episodic_length,9.0
1191,episodic_return,5.0
1191,episodic_length,6.0
1199,episodic_return,6.0
1199,episodic_length,7.0
1204,episodic_return,3.0
1204,episodic_length,4.0
1210,episodic_return,4.0
1210,episodic_length,5.0
1218,episodic_return,6.0
1218,episodic_length,7.0
1224,episodic_return,4.0
1224,episodic_length,5.0
1241,episodic_return,15.0
1241,episodic_length,16.0
1248,episodic_return,5.0
1248,episodic_length,6.0
1254,episodic_return,4.0
1254,episodic_length,5.0
1259,episodic_return,3.0
1259,episodic_length,4.0
1270,episodic_return,9.0
1270,episodic_length,10.0
1278,episodic_return,6.0
1278,episodic_length,7.0
1301,episodic_return,21.0
1301,episodic_length,22.0
1325,episodic_return,22.0
1325,episodic_length,23.0
1338,episodic_return,11.0
1338,episodic_length,12.0
1345,episodic_return,5.0
1345,episodic_length,6.0
1352,episodic_return,5.0
1352,episodic_length,6.0
1360,episodic_return,6.0
1360,episodic_length,7.0
1379,episodic_return,17.0
1379,episodic_length,18.0
1387,episodic_return,6.0
1387,episodic_length,7.0
1394,episodic_return,5.0
1394,episodic_length,6.0
1399,episodic_return,3.0
1399,episodic_length,4.0
1404,episodic_return,3.0
1404,episodic_length,4.0
1410,episodic_return,4.0
1410,episodic_length,5.0
1417,episodic_return,5.0
1417,episodic_length,6.0
1423,episodic_return,4.0
1423,episodic_length,5.0
1437,episodic_return,12.0
1437,episodic_length,13.0
1447,episodic_return,8.0
1447,episodic_length,9.0
1460,episodic_return,11.0
1460,episodic_length,12.0
1467,episodic_return,5.0
1467,episodic_length,6.0
1472,episodic_return,3.0
1472,episodic_length,4.0
1481,episodic_return,7.0
1481,episodic_length,8.0
1488,episodic_return,5.0
1488,episodic_length,6.0
1498,episodic_return,8.0
1498,episodic_length,9.0
1506,episodic_return,6.0
1506,episodic_length,7.0
1517,episodic_return,9.0
1517,episodic_length,10.0
1532,episodic_return,13.0
1532,episodic_length,14.0
1551,episodic_return,17.0
1551,episodic_length,18.0
1563,episodic_return,10.0
1563,episodic_length,11.0
1570,episodic_return,5.0
1570,episodic_length,6.0
1576,episodic_return,4.0
1576,episodic_length,5.0
1585,episodic_return,7.0
1585,episodic_length,8.0
1598,episodic_return,11.0
1598,episodic_length,12.0
1610,episodic_return,10.0
1610,episodic_length,11.0
1617,episodic_return,5.0
1617,episodic_length,6.0
1626,episodic_return,7.0
1626,episodic_length,8.0
1638,episodic_return,10.0
1638,episodic_length,11.0
1651,episodic_return,11.0
1651,episodic_length,12.0
1662,episodic_return,9.0
1662,episodic_length,10.0
1675,episodic_return,11.0
1675,episodic_length,12.0
1681,episodic_return,4.0
1681,episodic_length,5.0
1685,episodic_return,2.0
1685,episodic_length,3.0
1690,episodic_return,3.0
1690,episodic_length,4.0
1707,episodic_return,15.0
1707,episodic_length,16.0
1724,episodic_return,15.0
1724,episodic_length,16.0
1731,episodic_return,5.0
1731,episodic_length,6.0
1739,episodic_return,6.0
1739,episodic_length,7.0
1744,episodic_return,3.0
1744,episodic_length,4.0
1749,episodic_return,3.0
1749,episodic_length,4.0
1775,episodic_return,24.0
1775,episodic_length,25.0
1785,episodic_return,8.0
1785,episodic_length,9.0
1792,episodic_return,5.0
1792,episodic_length,6.0
1797,episodic_return,3.0
1797,episodic_length,4.0
1803,episodic_return,4.0
1803,episodic_length,5.0
1812,episodic_return,7.0
1812,episodic_length,8.0
1822,episodic_return,8.0
1822,episodic_length,9.0
1832,episodic_return,8.0
1832,episodic_length,9.0
1838,episodic_return,4.0
1838,episodic_length,5.0
1844,episodic_return,4.0
1844,episodic_length,5.0
1864,episodic_return,18.0
1864,episodic_length,19.0
1874,episodic_return,8.0
1874,episodic_length,9.0
1885,episodic_return,9.0
1885,episodic_length,10.0
1893,episodic_return,6.0
1893,episodic_length,7.0
1904,episodic_return,9.0
1904,episodic_length,10.0
1912,episodic_return,6.0
1912,episodic_length,7.0
1919,episodic_return,5.0
1919,episodic_length,6.0
1926,episodic_return,5.0
1926,episodic_length,6.0
1934,episodic_return,6.0
1934,episodic_length,7.0
1948,episodic_return,12.0
1948,episodic_length,13.0
1955,episodic_return,5.0
1955,episodic_length,6.0
1960,episodic_return,3.0
1960,episodic_length,4.0
1965,episodic_return,3.0
1965,episodic_length,4.0
1971,episodic_return,4.0
1971,episodic_length,5.0
1985,episodic_return,12.0
1985,episodic_length,13.0
1999,episodic_return,12.0
1999,episodic_length,13.0
2007,episodic_return,6.0
2007,episodic_length,7.0
2018,episodic_return,9.0
2018,episodic_length,10.0
2027,episodic_return,7.0
2027,episodic_length,8.0
2035,episodic_return,6.0
2035,episodic_length,7.0
2048,episodic_return,11.0
2048,episodic_length,12.0
2048,value_loss,0.6326950788497925
2048,policy_loss,-0.028350329026579857
2048,approx_kl,0.028008507564663887
2048,clipfrac,0.22900390625
2048,explained_variance,-0.04975485801696777
2048,sps,530.0
2048,kl_beta,2.0
2066,episodic_return,16.0
2066,episodic_length,17.0
2081,episodic_return,13.0
2081,episodic_length,14.0
2096,episodic_return,13.0
2096,episodic_length,14.0
2102,episodic_return,4.0
2102,episodic_length,5.0
2110,episodic_return,6.0
2110,episodic_length,7.0
2138,episodic_return,26.0
2138,episodic_length,27.0
2153,episodic_return,13.0
2153,episodic_length,14.0
2160,episodic_return,5.0
2160,episodic_length,6.0
2172,episodic_return,10.0
2172,episodic_length,11.0
2184,episodic_return,10.0
2184,episodic_length,11.0
2190,episodic_return,4.0
2190,episodic_length,5.0
2198,episodic_return,6.0
2198,episodic_length,7.0
2203,episodic_return,3.0
2203,episodic_length,4.0
2221,episodic_return,16.0
2221,episodic_length,17.0
2235,episodic_return,12.0
2235,episodic_length,13.0
2242,episodic_return,5.0
2242,episodic_length,6.0
2263,episodic_return,19.0
2263,episodic_length,20.0
2270,episodic_return,5.0
2270,episodic_length,6.0
2288,episodic_return,16.0
2288,episodic_length,17.0
2299,episodic_return,9.0
2299,episodic_length,10.0
2309,episodic_return,8.0
2309,episodic_length,9.0
2326,episodic_return,15.0
2326,episodic_length,16.0
2332,episodic_return,4.0
2332,episodic_length,5.0
2349,episodic_return,15.0
2349,episodic_length,16.0
2356,episodic_return,5.0
2356,episodic_length,6.0
2371,episodic_return,13.0
2371,episodic_length,14.0
2382,episodic_return,9.0
2382,episodic_length,10.0
2397,episodic_return,13.0
2397,episodic_length,14.0
2407,episodic_return,8.0
2407,episodic_length,9.0
2411,episodic_return,2.0
2411,episodic_length,3.0
2417,episodic_return,4.0
2417,episodic_length,5.0
2450,episodic_return,31.0
2450,episodic_length,32.0
2458,episodic_return,6.0
2458,episodic_length,7.0
2467,episodic_return,7.0
2467,episodic_length,8.0
2512,episodic_return,43.0
2512,episodic_length,44.0
2521,episodic_return,7.0
2521,episodic_length,8.0
2537,episodic_return,14.0
2537,episodic_length,15.0
2544,episodic_return,5.0
2544,episodic_length,6.0
2550,episodic_return,4.0
2550,episodic_length,5.0
2570,episodic_return,18.0
2570,episodic_length,19.0
2577,episodic_return,5.0
2577,episodic_length,6.0
2598,episodic_return,19.0
2598,episodic_length,20.0
2605,episodic_return,5.0
2605,episodic_length,6.0
2621,episodic_return,14.0
2621,episodic_length,15.0
2633,episodic_return,10.0
2633,episodic_length,11.0
2639,episodic_return,4.0
2639,episodic_length,5.0
2655,episodic_return,14.0
2655,episodic_length,15.0
2661,episodic_return,4.0
2661,episodic_length,5.0
2699,episodic_return,36.0
2699,episodic_length,37.0
2715,episodic_return,14.0
2715,episodic_length,15.0
2725,episodic_return,8.0
2725,episodic_length,9.0
2746,episodic_return,19.0
2746,episodic_length,20.0
2753,episodic_return,5.0
2753,episodic_length,6.0
2758,episodic_return,3.0
2758,episodic_length,4.0
2777,episodic_return,17.0
2777,episodic_length,18.0
2786,episodic_return,7.0
2786,episodic_length,8.0
2810,episodic_return,22.0
2810,episodic_length,23.0
2815,episodic_return,3.0
2815,episodic_length,4.0
2827,episodic_return,10.0
2827,episodic_length,11.0
2838,episodic_return,9.0
2838,episodic_length,10.0
2849,episodic_return,9.0
2849,episodic_length,10.0
2860,episodic_return,9.0
2860,episodic_length,10.0
2867,episodic_return,5.0
2867,episodic_length,6.0
2880,episodic_return,11.0
2880,episodic_length,12.0
2892,episodic_return,10.0
2892,episodic_length,11.0
2898,episodic_return,4.0
2898,episodic_length,5.0
2924,episodic_return,24.0
2924,episodic_length,25.0
2944,episodic_return,18.0
2944,episodic_length,19.0
2956,episodic_return,10.0
2956,episodic_length,11.0
2962,episodic_return,4.0
2962,episodic_length,5.0
2969,episodic_return,5.0
2969,episodic_length,6.0
2984,episodic_return,13.0
2984,episodic_length,14.0
2994,episodic_return,8.0
2994,episodic_length,9.0
3004,episodic_return,8.0
3004,episodic_length,9.0
3041,episodic_return,35.0
3041,episodic_length,36.0
3051,episodic_return,8.0
3051,episodic_length,9.0
3056,episodic_return,3.0
3056,episodic_length,4.0
3066,episodic_return,8.0
3066,episodic_length,9.0
3071,episodic_return,3.0
3071,episodic_length,4.0
3095,episodic_return,22.0
3095,episodic_length,23.0
3101,episodic_return,4.0
3101,episodic_length,5.0
3118,episodic_return,15.0
3118,episodic_length,16.0
3126,episodic_return,6.0
3126,episodic_length,7.0
3135,episodic_return,7.0
3135,episodic_length,8.0
3144,episodic_return,7.0
3144,episodic_length,8.0
3150,episodic_return,4.0
3150,episodic_length,5.0
3176,episodic_return,24.0
3176,episodic_length,25.0
3183,episodic_return,5.0
3183,episodic_length,6.0
3188,episodic_return,3.0
3188,episodic_length,4.0
3207,episodic_return,17.0
3207,episodic_length,18.0
3214,episodic_return,5.0
3214,episodic_length,6.0
3223,episodic_return,7.0
3223,episodic_length,8.0
3242,episodic_return,17.0
3242,episodic_length,18.0
3257,episodic_return,13.0
3257,episodic_length,14.0
3283,episodic_return,24.0
3283,episodic_length,25.0
3301,episodic_return,16.0
3301,episodic_length,17.0
3306,episodic_return,3.0
3306,episodic_length,4.0
3314,episodic_return,6.0
3314,episodic_length,7.0
3326,episodic_return,10.0
3326,episodic_length,11.0
3342,episodic_return,14.0
3342,episodic_length,15.0
3358,episodic_return,14.0
3358,episodic_length,15.0
3370,episodic_return,10.0
3370,episodic_length,11.0
3381,episodic_return,9.0
3381,episodic_length,10.0
3411,episodic_return,28.0
3411,episodic_length,29.0
3417,episodic_return,4.0
3417,episodic_length,5.0
3466,episodic_return,47.0
3466,episodic_length,48.0
3482,episodic_return,14.0
3482,episodic_length,15.0
3488,episodic_return,4.0
3488,episodic_length,5.0
3510,episodic_return,20.0
3510,episodic_length,21.0
3525,episodic_return,13.0
3525,episodic_length,14.0
3560,episodic_return,33.0
3560,episodic_length,34.0
3569,episodic_return,7.0
3569,episodic_length,8.0
3575,episodic_return,4.0
3575,episodic_length,5.0
3590,episodic_return,13.0
3590,episodic_length,14.0
3605,episodic_return,13.0
3605,episodic_length,14.0
3612,episodic_return,5.0
3612,episodic_length,6.0
3619,episodic_return,5.0
3619,episodic_length,6.0
3635,episodic_return,14.0
3635,episodic_length,15.0
3653,episodic_return,16.0
3653,episodic_length,17.0
3662,episodic_return,7.0
3662,episodic_length,8.0
3675,episodic_return,11.0
3675,episodic_length,12.0
3686,episodic_return,9.0
3686,episodic_length,10.0
3691,episodic_return,3.0
3691,episodic_length,4.0
3742,episodic_return,49.0
3742,episodic_length,50.0
3778,episodic_return,34.0
3778,episodic_length,35.0
3784,episodic_return,4.0
3784,episodic_length,5.0
3804,episodic_return,18.0
3804,episodic_length,19.0
3815,episodic_return,9.0
3815,episodic_length,10.0
3826,episodic_return,9.0
3826,episodic_length,10.0
3846,episodic_return,18.0
3846,episodic_length,19.0
3855,episodic_return,7.0
3855,episodic_length,8.0
3871,episodic_return,14.0
3871,episodic_length,15.0
3887,episodic_return,14.0
3887,episodic_length,15.0
3896,episodic_return,7.0
3896,episodic_length,8.0
3905,episodic_return,7.0
3905,episodic_length,8.0
3915,episodic_return,8.0
3915,episodic_length,9.0
3923,episodic_return,6.0
3923,episodic_length,7.0
3936,episodic_return,11.0
3936,episodic_length,12.0
3973,episodic_return,35.0
3973,episodic_length,36.0
3986,episodic_return,11.0
3986,episodic_length,12.0
3993,episodic_return,5.0
3993,episodic_length,6.0
4003,episodic_return,8.0
4003,episodic_length,9.0
4012,episodic_return,7.0
4012,episodic_length,8.0
4025,episodic_return,11.0
4025,episodic_length,12.0
4041,episodic_return,14.0
4041,episodic_length,15.0
4048,episodic_return,5.0
4048,episodic_length,6.0
4056,episodic_return,6.0
4056,episodic_length,7.0
4063,episodic_return,5.0
4063,episodic_length,6.0
4069,episodic_return,4.0
4069,episodic_length,5.0
4096,value_loss,0.6509031057357788
4096,policy_loss,-0.024165738373994827
4096,approx_kl,0.006663111969828606
4096,clipfrac,0.09716796875
4096,explained_variance,-0.011945009231567383
4096,sps,548.0
4096,kl_beta,1.0
4100,episodic_return,29.0
4100,episodic_length,30.0
4133,episodic_return,31.0
4133,episodic_length,32.0
4163,episodic_return,28.0
4163,episodic_length,29.0
4206,episodic_return,41.0
4206,episodic_length,42.0
4220,episodic_return,12.0
4220,episodic_length,13.0
4241,episodic_return,19.0
4241,episodic_length,20.0
4257,episodic_return,14.0
4257,episodic_length,15.0
4267,episodic_return,8.0
4267,episodic_length,9.0
4301,episodic_return,32.0
4301,episodic_length,33.0
4335,episodic_return,32.0
4335,episodic_length,33.0
4344,episodic_return,7.0
4344,episodic_length,8.0
4360,episodic_return,14.0
4360,episodic_length,15.0
4381,episodic_return,19.0
4381,episodic_length,20.0
4388,episodic_return,5.0
4388,episodic_length,6.0
4394,episodic_return,4.0
4394,episodic_length,5.0
4401,episodic_return,5.0
4401,episodic_length,6.0
4414,episodic_return,11.0
4414,episodic_length,12.0
4422,episodic_return,6.0
4422,episodic_length,7.0
4439,episodic_return,15.0
4439,episodic_length,16.0
4463,episodic_return,22.0
4463,episodic_length,23.0
4468,episodic_return,3.0
4468,episodic_length,4.0
4474,episodic_return,4.0
4474,episodic_length,5.0
4497,episodic_return,21.0
4497,episodic_length,22.0
4509,episodic_return,10.0
4509,episodic_length,11.0
4531,episodic_return,20.0
4531,episodic_length,21.0
4566,episodic_return,33.0
4566,episodic_length,34.0
4575,episodic_return,7.0
4575,episodic_length,8.0
4593,episodic_return,16.0
4593,episodic_length,17.0
4627,episodic_return,32.0
4627,episodic_length,33.0
4640,episodic_return,11.0
4640,episodic_length,12.0
4672,episodic_return,30.0
4672,episodic_length,31.0
4687,episodic_return,13.0
4687,episodic_length,14.0
4705,episodic_return,16.0
4705,episodic_length,17.0
4717,episodic_return,10.0
4717,episodic_length,11.0
4742,episodic_return,23.0
4742,episodic_length,24.0
4777,episodic_return,33.0
4777,episodic_length,34.0
4783,episodic_return,4.0
4783,episodic_length,5.0
4796,episodic_return,11.0
4796,episodic_length,12.0
4816,episodic_return,18.0
4816,episodic_length,19.0
4823,episodic_return,5.0
4823,episodic_length,6.0
4846,episodic_return,21.0
4846,episodic_length,22.0
4858,episodic_return,10.0
4858,episodic_length,11.0
4869,episodic_return,9.0
4869,episodic_length,10.0
4922,episodic_return,51.0
4922,episodic_length,52.0
4944,episodic_return,20.0
4944,episodic_length,21.0
4962,episodic_return,16.0
4962,episodic_length,17.0
4989,episodic_return,25.0
4989,episodic_length,26.0
5004,episodic_return,13.0
5004,episodic_length,14.0
5013,episodic_return,7.0
5013,episodic_length,8.0
5020,episodic_return,5.0
5020,episodic_length,6.0
5027,episodic_return,5.0
5027,episodic_length,6.0
5038,episodic_return,9.0
5038,episodic_length,10.0
5045,episodic_return,5.0
5045,episodic_length,6.0
5068,episodic_return,21.0
5068,episodic_length,22.0
5089,episodic_return,19.0
5089,episodic_length,20.0
5097,episodic_return,6.0
5097,episodic_length,7.0
5109,episodic_return,10.0
5109,episodic_length,11.0
5129,episodic_return,18.0
5129,episodic_length,19.0
5147,episodic_return,16.0
5147,episodic_length,17.0
5159,episodic_return,10.0
5159,episodic_length,11.0
5203,episodic_return,42.0
5203,episodic_length,43.0
5234,episodic_return,29.0
5234,episodic_length,30.0
5259,episodic_return,23.0
5259,episodic_length,24.0
5271,episodic_return,10.0
5271,episodic_length,11.0
5278,episodic_return,5.0
5278,episodic_length,6.0
5288,episodic_return,8.0
5288,episodic_length,9.0
5319,episodic_return,29.0
5319,episodic_length,30.0
5352,episodic_return,31.0
5352,episodic_length,32.0
5358,episodic_return,4.0
5358,episodic_length,5.0
5363,episodic_return,3.0
5363,episodic_length,4.0
5368,episodic_return,3.0
5368,episodic_length,4.0
5378,episodic_return,8.0
5378,episodic_length,9.0
5402,episodic_return,22.0
5402,episodic_length,23.0
5412,episodic_return,8.0
5412,episodic_length,9.0
5422,episodic_return,8.0
5422,episodic_length,9.0
5428,episodic_return,4.0
5428,episodic_length,5.0
5436,episodic_return,6.0
5436,episodic_length,7.0
5464,episodic_return,26.0
5464,episodic_length,27.0
5491,episodic_return,25.0
5491,episodic_length,26.0
5505,episodic_return,12.0
5505,episodic_length,13.0
5519,episodic_return,12.0
5519,episodic_length,13.0
5528,episodic_return,7.0
5528,episodic_length,8.0
5551,episodic_return,21.0
5551,episodic_length,22.0
5562,episodic_return,9.0
5562,episodic_length,10.0
5578,episodic_return,14.0
5578,episodic_length,15.0
5591,episodic_return,11.0
5591,episodic_length,12.0
5609,episodic_return,16.0
5609,episodic_length,17.0
5631,episodic_return,20.0
5631,episodic_length,21.0
5649,episodic_return,16.0
5649,episodic_length,17.0
5668,episodic_return,17.0
5668,episodic_length,18.0
5676,episodic_return,6.0
5676,episodic_length,7.0
5682,episodic_return,4.0
5682,episodic_length,5.0
5706,episodic_return,22.0
5706,episodic_length,23.0
5711,episodic_return,3.0
5711,episodic_length,4.0
5731,episodic_return,18.0
5731,episodic_length,19.0
5756,episodic_return,23.0
5756,episodic_length,24.0
5776,episodic_return,18.0
5776,episodic_length,19.0
5784,episodic_return,6.0
5784,episodic_length,7.0
5801,episodic_return,15.0
5801,episodic_length,16.0
5809,episodic_return,6.0
5809,episodic_length,7.0
5815,episodic_return,4.0
5815,episodic_length,5.0
5826,episodic_return,9.0
5826,episodic_length,10.0
5849,episodic_return,21.0
5849,episodic_length,22.0
5862,episodic_return,11.0
5862,episodic_length,12.0
5867,episodic_return,3.0
5867,episodic_length,4.0
5890,episodic_return,21.0
5890,episodic_length,22.0
5919,episodic_return,27.0
5919,episodic_length,28.0
5934,episodic_return,13.0
5934,episodic_length,14.0
5961,episodic_return,25.0
5961,episodic_length,26.0
5971,episodic_return,8.0
5971,episodic_length,9.0
5976,episodic_return,3.0
5976,episodic_length,4.0
6011,episodic_return,33.0
6011,episodic_length,34.0
6018,episodic_return,5.0
6018,episodic_length,6.0
6035,episodic_return,15.0
6035,episodic_length,16.0
6050,episodic_return,13.0
6050,episodic_length,14.0
6065,episodic_return,13.0
6065,episodic_length,14.0
6105,episodic_return,38.0
6105,episodic_length,39.0
6128,episodic_return,21.0
6128,episodic_length,22.0
6144,value_loss,0.30415046215057373
6144,policy_loss,-0.08001536130905151
6144,approx_kl,0.02991170808672905
6144,clipfrac,0.31435546875
6144,explained_variance,0.011275947093963623
6144,sps,571.0
6144,kl_beta,2.0
6159,episodic_return,29.0
6159,episodic_length,30.0
6167,episodic_return,6.0
6167,episodic_length,7.0
6212,episodic_return,43.0
6212,episodic_length,44.0
6217,episodic_return,3.0
6217,episodic_length,4.0
6235,episodic_return,16.0
6235,episodic_length,17.0
6241,episodic_return,4.0
6241,episodic_length,5.0
6261,episodic_return,18.0
6261,episodic_length,19.0
6279,episodic_return,16.0
6279,episodic_length,17.0
6328,episodic_return,47.0
6328,episodic_length,48.0
6364,episodic_return,34.0
6364,episodic_length,35.0
6387,episodic_return,21.0
6387,episodic_length,22.0
6402,episodic_return,13.0
6402,episodic_length,14.0
6426,episodic_return,22.0
6426,episodic_length,23.0
6461,episodic_return,33.0
6461,episodic_length,34.0
6471,episodic_return,8.0
6471,episodic_length,9.0
6509,episodic_return,36.0
6509,episodic_length,37.0
6554,episodic_return,43.0
6554,episodic_length,44.0
6562,episodic_return,6.0
6562,episodic_length,7.0
6580,episodic_return,16.0
6580,episodic_length,17.0
6586,episodic_return,4.0
6586,episodic_length,5.0
6612,episodic_return,24.0
6612,episodic_length,25.0
6626,episodic_return,12.0
6626,episodic_length,13.0
6710,episodic_return,82.0
6710,episodic_length,83.0
6777,episodic_return,65.0
6777,episodic_length,66.0
6794,episodic_return,15.0
6794,episodic_length,16.0
6839,episodic_return,43.0
6839,episodic_length,44.0
6880,episodic_return,39.0
6880,episodic_length,40.0
6892,episodic_return,10.0
6892,episodic_length,11.0
6920,episodic_return,26.0
6920,episodic_length,27.0
7006,episodic_return,84.0
7006,episodic_length,85.0
7023,episodic_return,15.0
7023,episodic_length,16.0
7053,episodic_return,28.0
7053,episodic_length,29.0
7093,episodic_return,38.0
7093,episodic_length,39.0
7134,episodic_return,39.0
7134,episodic_length,40.0
7163,episodic_return,27.0
7163,episodic_length,28.0
7209,episodic_return,44.0
7209,episodic_length,45.0
7229,episodic_return,18.0
7229,episodic_length,19.0
7266,episodic_return,35.0
7266,episodic_length,36.0
7301,episodic_return,33.0
7301,episodic_length,34.0
7321,episodic_return,18.0
7321,episodic_length,19.0
7375,episodic_return,52.0
7375,episodic_length,53.0
7431,episodic_return,54.0
7431,episodic_length,55.0
7448,episodic_return,15.0
7448,episodic_length,16.0
7475,episodic_return,25.0
7475,episodic_length,26.0
7507,episodic_return,30.0
7507,episodic_length,31.0
7523,episodic_return,14.0
7523,episodic_length,15.0
7540,episodic_return,15.0
7540,episodic_length,16.0
7590,episodic_return,48.0
7590,episodic_length,49.0
7597,episodic_return,5.0
7597,episodic_length,6.0
7655,episodic_return,56.0
7655,episodic_length,57.0
7670,episodic_return,13.0
7670,episodic_length,14.0
7698,episodic_return,26.0
7698,episodic_length,27.0
7712,episodic_return,12.0
7712,episodic_length,13.0
7780,episodic_return,66.0
7780,episodic_length,67.0
7797,episodic_return,15.0
7797,episodic_length,16.0
7847,episodic_return,48.0
7847,episodic_length,49.0
7890,episodic_return,41.0
7890,episodic_length,42.0
7955,episodic_return,63.0
7955,episodic_length,64.0
7989,episodic_return,32.0
7989,episodic_length,33.0
8014,episodic_return,23.0
8014,episodic_length,24.0
8067,episodic_return,51.0
8067,episodic_length,52.0
8129,episodic_return,60.0
8129,episodic_length,61.0
8171,episodic_return,40.0
8171,episodic_length,41.0
8176,episodic_return,3.0
8176,episodic_length,4.0
8192,value_loss,0.4146081507205963
8192,policy_loss,-0.026568394154310226
8192,approx_kl,0.006516648456454277
8192,clipfrac,0.10087890625
8192,explained_variance,0.032781898975372314
8192,sps,569.0
8192,kl_beta,1.0
8219,episodic_return,41.0
8219,episodic_length,42.0
8273,episodic_return,52.0
8273,episodic_length,53.0
8325,episodic_return,50.0
8325,episodic_length,51.0
8382,episodic_return,55.0
8382,episodic_length,56.0
8451,episodic_return,67.0
8451,episodic_length,68.0
8535,episodic_return,82.0
8535,episodic_length,83.0
8598,episodic_return,61.0
8598,episodic_length,62.0
8610,episodic_return,10.0
8610,episodic_length,11.0
8761,episodic_return,149.0
8761,episodic_length,150.0
8827,episodic_return,64.0
8827,episodic_length,65.0
8844,episodic_return,15.0
8844,episodic_length,16.0
8852,episodic_return,6.0
8852,episodic_length,7.0
8902,episodic_return,48.0
8902,episodic_length,49.0
8977,episodic_return,73.0
8977,episodic_length,74.0
9085,episodic_return,106.0
9085,episodic_length,107.0
9118,episodic_return,31.0
9118,episodic_length,32.0
9187,episodic_return,67.0
9187,episodic_length,68.0
9200,episodic_return,11.0
9200,episodic_length,12.0
9242,episodic_return,40.0
9242,episodic_length,41.0
9330,episodic_return,86.0
9330,episodic_length,87.0
9362,episodic_return,30.0
9362,episodic_length,31.0
9405,episodic_return,41.0
9405,episodic_length,42.0
9463,episodic_return,56.0
9463,episodic_length,57.0
9492,episodic_return,27.0
9492,episodic_length,28.0
9590,episodic_return,96.0
9590,episodic_length,97.0
9629,episodic_return,37.0
9629,episodic_length,38.0
9688,episodic_return,57.0
9688,episodic_length,58.0
9723,episodic_return,33.0
9723,episodic_length,34.0
9739,episodic_return,14.0
9739,episodic_length,15.0
9784,episodic_return,43.0
9784,episodic_length,44.0
9850,episodic_return,64.0
9850,episodic_length,65.0
9927,episodic_return,75.0
9927,episodic_length,76.0
9962,episodic_return,33.0
9962,episodic_length,34.0
9988,episodic_return,24.0
9988,episodic_length,25.0
10048,episodic_return,58.0
10048,episodic_length,59.0
10091,episodic_return,41.0
10091,episodic_length,42.0
10122,episodic_return,29.0
10122,episodic_length,30.0
10172,episodic_return,48.0
10172,episodic_length,49.0
10213,episodic_return,39.0
10213,episodic_length,40.0
10218,episodic_return,3.0
10218,episodic_length,4.0
10240,value_loss,0.23485790193080902
10240,policy_loss,-0.018005967140197754
10240,approx_kl,0.011589719913899899
10240,clipfrac,0.14140625
10240,explained_variance,0.034998297691345215
10240,sps,580.0
10240,kl_beta,1.0
10342,episodic_return,122.0
10342,episodic_length,123.0
10386,episodic_return,42.0
10386,episodic_length,43.0
10465,episodic_return,77.0
10465,episodic_length,78.0
10585,episodic_return,118.0
10585,episodic_length,119.0
10699,episodic_return,112.0
10699,episodic_length,113.0
10708,episodic_return,7.0
10708,episodic_length,8.0
10716,episodic_return,6.0
10716,episodic_length,7.0
10823,episodic_return,105.0
10823,episodic_length,106.0
10903,episodic_return,78.0
10903,episodic_length,79.0
11000,episodic_return,95.0
11000,episodic_length,96.0
11051,episodic_return,49.0
11051,episodic_length,50.0
11129,episodic_return,76.0
11129,episodic_length,77.0
11203,episodic_return,72.0
11203,episodic_length,73.0
11279,episodic_return,74.0
11279,episodic_length,75.0
11301,episodic_return,20.0
11301,episodic_length,21.0
11380,episodic_return,77.0
11380,episodic_length,78.0
11415,episodic_return,33.0
11415,episodic_length,34.0
11488,episodic_return,71.0
11488,episodic_length,72.0
11549,episodic_return,59.0
11549,episodic_length,60.0
11646,episodic_return,95.0
11646,episodic_length,96.0
11697,episodic_return,49.0
11697,episodic_length,50.0
11773,episodic_return,74.0
11773,episodic_length,75.0
11846,episodic_return,71.0
11846,episodic_length,72.0
11882,episodic_return,34.0
11882,episodic_length,35.0
12002,episodic_return,118.0
12002,episodic_length,119.0
12149,episodic_return,145.0
12149,episodic_length,146.0
12229,episodic_return,78.0
12229,episodic_length,79.0
12288,value_loss,0.1510949432849884
12288,policy_loss,-0.04191318526864052
12288,approx_kl,0.014116461388766766
12288,clipfrac,0.133154296875
12288,explained_variance,0.19327765703201294
12288,sps,586.0
12288,kl_beta,1.0
12299,episodic_return,68.0
12299,episodic_length,69.0
12407,episodic_return,106.0
12407,episodic_length,107.0
12523,episodic_return,114.0
12523,episodic_length,115.0
12662,episodic_return,137.0
12662,episodic_length,138.0
12844,episodic_return,180.0
12844,episodic_length,181.0
12933,episodic_return,87.0
12933,episodic_length,88.0
13070,episodic_return,135.0
13070,episodic_length,136.0
13221,episodic_return,149.0
13221,episodic_length,150.0
13445,episodic_return,222.0
13445,episodic_length,223.0
13538,episodic_return,91.0
13538,episodic_length,92.0
13970,episodic_return,430.0
13970,episodic_length,431.0
14076,episodic_return,104.0
14076,episodic_length,105.0
14203,episodic_return,125.0
14203,episodic_length,126.0
14262,episodic_return,57.0
14262,episodic_length,58.0
14336,value_loss,0.08802372217178345
14336,policy_loss,0.0247785784304142
14336,approx_kl,0.008848222903907299
14336,clipfrac,0.09462890625
14336,explained_variance,0.35589271783828735
14336,sps,592.0
14336,kl_beta,1.0
14388,episodic_return,124.0
14388,episodic_length,125.0
14443,episodic_return,53.0
14443,episodic_length,54.0
14547,episodic_return,102.0
14547,episodic_length,103.0
14778,episodic_return,229.0
14778,episodic_length,230.0
15121,episodic_return,341.0
15121,episodic_length,342.0
15464,episodic_return,341.0
15464,episodic_length,342.0
15794,episodic_return,328.0
15794,episodic_length,329.0
15911,episodic_return,115.0
15911,episodic_length,116.0
16014,episodic_return,101.0
16014,episodic_length,102.0
16242,episodic_return,226.0
16242,episodic_length,227.0
16384,value_loss,0.06085687130689621
16384,policy_loss,-0.011926721781492233
16384,approx_kl,0.0044008344411849976
16384,clipfrac,0.059912109375
16384,explained_variance,0.39521002769470215
16384,sps,593.0
16384,kl_beta,0.5
16388,episodic_return,144.0
16388,episodic_length,145.0
16498,episodic_return,108.0
16498,episodic_length,109.0
16773,episodic_return,273.0
16773,episodic_length,274.0
16946,episodic_return,171.0
16946,episodic_length,172.0
17699,episodic_return,751.0
17699,episodic_length,752.0
17799,episodic_return,98.0
17799,episodic_length,99.0
18355,episodic_return,554.0
18355,episodic_length,555.0
18432,value_loss,0.05659383535385132
18432,policy_loss,0.053422678261995316
18432,approx_kl,0.02960246242582798
18432,clipfrac,0.20771484375
18432,explained_variance,0.48501360416412354
18432,sps,591.0
18432,kl_beta,1.0
18440,episodic_return,83.0
18440,episodic_length,84.0
19441,episodic_return,1000.0
19441,episodic_length,1000.0
19595,episodic_return,152.0
19595,episodic_length,153.0
20480,value_loss,0.027682611718773842
20480,policy_loss,-0.014759130775928497
20480,approx_kl,0.0020522065460681915
20480,clipfrac,0.039697265625
20480,explained_variance,0.23922765254974365
20480,sps,596.0
20480,kl_beta,0.5
20596,episodic_return,1000.0
20596,episodic_length,1000.0
21597,episodic_return,1000.0
21597,episodic_length,1000.0
22528,value_loss,0.12654998898506165
22528,policy_loss,-0.03748849034309387
22528,approx_kl,0.01651250198483467
22528,clipfrac,0.14736328125
22528,explained_variance,-0.09665930271148682
22528,sps,600.0
22528,kl_beta,1.0
22598,episodic_return,1000.0
22598,episodic_length,1000.0
23569,episodic_return,969.0
23569,episodic_length,970.0
24570,episodic_return,1000.0
24570,episodic_length,1000.0
24576,value_loss,0.03462599590420723
24576,policy_loss,-0.026269659399986267
24576,approx_kl,0.003275991417467594
24576,clipfrac,0.02373046875
24576,explained_variance,0.0371134877204895
24576,sps,602.0
24576,kl_beta,0.5
25571,episodic_return,1000.0
25571,episodic_length,1000.0
26572,episodic_return,1000.0
26572,episodic_length,1000.0
26624,value_loss,0.016749436035752296
26624,policy_loss,-0.0030712392181158066
26624,approx_kl,0.0053132064640522
26624,clipfrac,0.05439453125
26624,explained_variance,0.033506035804748535
26624,sps,605.0
26624,kl_beta,0.25
27573,episodic_return,1000.0
27573,episodic_length,1000.0
28574,episodic_return,1000.0
28574,episodic_length,1000.0
28672,value_loss,0.019093245267868042
28672,policy_loss,0.014855505898594856
28672,approx_kl,0.01644071191549301
28672,clipfrac,0.136083984375
28672,explained_variance,-0.08691990375518799
28672,sps,609.0
28672,kl_beta,0.5
29575,episodic_return,1000.0
29575,episodic_length,1000.0
30576,episodic_return,1000.0
30576,episodic_length,1000.0
30720,value_loss,0.00594889372587204
30720,policy_loss,0.0301072895526886
30720,approx_kl,0.007743483409285545
30720,clipfrac,0.031884765625
30720,explained_variance,0.03320378065109253
30720,sps,610.0
30720,kl_beta,0.5
31577,episodic_return,1000.0
31577,episodic_length,1000.0
32578,episodic_return,1000.0
32578,episodic_length,1000.0
32768,value_loss,0.013717235065996647
32768,policy_loss,-0.0029666880145668983
32768,approx_kl,0.009370332583785057
32768,clipfrac,0.084814453125
32768,explained_variance,-0.0650029182434082
32768,sps,608.0
32768,kl_beta,0.5
33579,episodic_return,1000.0
33579,episodic_length,1000.0
34580,episodic_return,1000.0
34580,episodic_length,1000.0
34816,value_loss,0.02045857533812523
34816,policy_loss,0.0018967464566230774
34816,approx_kl,0.0012203678488731384
34816,clipfrac,0.009814453125
34816,explained_variance,-0.03294062614440918
34816,sps,605.0
34816,kl_beta,0.25
35581,episodic_return,1000.0
35581,episodic_length,1000.0
36582,episodic_return,1000.0
36582,episodic_length,1000.0
36864,value_loss,0.020833738148212433
36864,policy_loss,-0.007458605337888002
36864,approx_kl,0.006837857887148857
36864,clipfrac,0.0703125
36864,explained_variance,-0.044156670570373535
36864,sps,610.0
36864,kl_beta,0.25
37583,episodic_return,1000.0
37583,episodic_length,1000.0
38584,episodic_return,1000.0
38584,episodic_length,1000.0
38912,value_loss,0.0053127845749258995
38912,policy_loss,-0.0032338439486920834
38912,approx_kl,0.012147868052124977
38912,clipfrac,0.117724609375
38912,explained_variance,0.026538491249084473
38912,sps,614.0
38912,kl_beta,0.25
39585,episodic_return,1000.0
39585,episodic_length,1000.0
40586,episodic_return,1000.0
40586,episodic_length,1000.0
40960,value_loss,0.01328655332326889
40960,policy_loss,-0.025509683415293694
40960,approx_kl,0.014392293989658356
40960,clipfrac,0.15693359375
40960,explained_variance,-0.04167604446411133
40960,sps,617.0
40960,kl_beta,0.25
41587,episodic_return,1000.0
41587,episodic_length,1000.0
42588,episodic_return,1000.0
42588,episodic_length,1000.0
43008,value_loss,0.019268805161118507
43008,policy_loss,0.004472319968044758
43008,approx_kl,0.012139086611568928
43008,clipfrac,0.084619140625
43008,explained_variance,-0.01684272289276123
43008,sps,621.0
43008,kl_beta,0.25
43589,episodic_return,1000.0
43589,episodic_length,1000.0
44590,episodic_return,1000.0
44590,episodic_length,1000.0
45056,value_loss,0.0024808577727526426
45056,policy_loss,0.01387273333966732
45056,approx_kl,0.018343964591622353
45056,clipfrac,0.1974609375
45056,explained_variance,0.0074419379234313965
45056,sps,623.0
45056,kl_beta,0.5
45591,episodic_return,1000.0
45591,episodic_length,1000.0
46592,episodic_return,1000.0
46592,episodic_length,1000.0
47104,value_loss,0.0633431002497673
47104,policy_loss,-0.006566755473613739
47104,approx_kl,0.003963038325309753
47104,clipfrac,0.020556640625
47104,explained_variance,-0.0181046724319458
47104,sps,626.0
47104,kl_beta,0.25
47593,episodic_return,1000.0
47593,episodic_length,1000.0
48594,episodic_return,1000.0
48594,episodic_length,1000.0
49152,value_loss,0.024550335481762886
49152,policy_loss,-0.03484858199954033
49152,approx_kl,0.008259428665041924
49152,clipfrac,0.03525390625
49152,explained_variance,-0.009207010269165039
49152,sps,627.0
49152,kl_beta,0.25
49595,episodic_return,1000.0
49595,episodic_length,1000.0
50596,episodic_return,1000.0
50596,episodic_length,1000.0
51200,value_loss,0.013188409619033337
51200,policy_loss,-0.06576599180698395
51200,approx_kl,0.05928420647978783
51200,clipfrac,0.238916015625
51200,explained_variance,-0.02761530876159668
51200,sps,628.0
51200,kl_beta,0.5
51597,episodic_return,1000.0
51597,episodic_length,1000.0
52598,episodic_return,1000.0
52598,episodic_length,1000.0
53248,value_loss,0.004182284697890282
53248,policy_loss,-0.01219952292740345
53248,approx_kl,0.003843720071017742
53248,clipfrac,0.0947265625
53248,explained_variance,-0.0218430757522583
53248,sps,628.0
53248,kl_beta,0.25
53599,episodic_return,1000.0
53599,episodic_length,1000.0
54600,episodic_return,1000.0
54600,episodic_length,1000.0
55296,value_loss,0.0013228217139840126
55296,policy_loss,-0.018470464274287224
55296,approx_kl,0.005949762649834156
55296,clipfrac,0.071337890625
55296,explained_variance,-0.01768970489501953
55296,sps,629.0
55296,kl_beta,0.125
55601,episodic_return,1000.0
55601,episodic_length,1000.0
56602,episodic_return,1000.0
56602,episodic_length,1000.0
57344,value_loss,0.03804738447070122
57344,policy_loss,-0.037030160427093506
57344,approx_kl,0.04157961905002594
57344,clipfrac,0.256005859375
57344,explained_variance,-0.02493906021118164
57344,sps,630.0
57344,kl_beta,0.25
57603,episodic_return,1000.0
57603,episodic_length,1000.0
58604,episodic_return,1000.0
58604,episodic_length,1000.0
59392,value_loss,0.0037850590888410807
59392,policy_loss,-0.014811462722718716
59392,approx_kl,0.0031807171180844307
59392,clipfrac,0.039990234375
59392,explained_variance,-0.02651357650756836
59392,sps,632.0
59392,kl_beta,0.125
59605,episodic_return,1000.0
59605,episodic_length,1000.0
60606,episodic_return,1000.0
60606,episodic_length,1000.0
61440,value_loss,0.037369292229413986
61440,policy_loss,0.05460057780146599
61440,approx_kl,0.0525992289185524
61440,clipfrac,0.197119140625
61440,explained_variance,0.0006257891654968262
61440,sps,634.0
61440,kl_beta,0.25
61607,episodic_return,1000.0
61607,episodic_length,1000.0
62608,episodic_return,1000.0
62608,episodic_length,1000.0
63488,value_loss,0.013231493532657623
63488,policy_loss,0.005275932140648365
63488,approx_kl,0.007101002149283886
63488,clipfrac,0.05439453125
63488,explained_variance,-0.012201547622680664
63488,sps,635.0
63488,kl_beta,0.25
63609,episodic_return,1000.0
63609,episodic_length,1000.0
64610,episodic_return,1000.0
64610,episodic_length,1000.0
65536,value_loss,0.04434339329600334
65536,policy_loss,-0.06331206858158112
65536,approx_kl,0.03504639118909836
65536,clipfrac,0.220703125
65536,explained_variance,-0.011468768119812012
65536,sps,636.0
65536,kl_beta,0.5
65611,episodic_return,1000.0
65611,episodic_length,1000.0
66612,episodic_return,1000.0
66612,episodic_length,1000.0
67584,value_loss,0.024950742721557617
67584,policy_loss,0.013182174414396286
67584,approx_kl,0.002738005481660366
67584,clipfrac,0.020703125
67584,explained_variance,-0.015798330307006836
67584,sps,635.0
67584,kl_beta,0.25
67613,episodic_return,1000.0
67613,episodic_length,1000.0
68614,episodic_return,1000.0
68614,episodic_length,1000.0
69615,episodic_return,1000.0
69615,episodic_length,1000.0
69632,value_loss,0.05499575287103653
69632,policy_loss,0.007774624042212963
69632,approx_kl,0.011274349875748158
69632,clipfrac,0.127978515625
69632,explained_variance,-0.0044422149658203125
69632,sps,635.0
69632,kl_beta,0.25
70616,episodic_return,1000.0
70616,episodic_length,1000.0
71617,episodic_return,1000.0
71617,episodic_length,1000.0
71680,value_loss,0.04558109864592552
71680,policy_loss,-0.003077575471252203
71680,approx_kl,0.0199096892029047
71680,clipfrac,0.182177734375
71680,explained_variance,-0.008160948753356934
71680,sps,635.0
71680,kl_beta,0.5
72618,episodic_return,1000.0
72618,episodic_length,1000.0
73619,episodic_return,1000.0
73619,episodic_length,1000.0
73728,value_loss,0.0465911403298378
73728,policy_loss,0.0013450868427753448
73728,approx_kl,0.001985989511013031
73728,clipfrac,0.029345703125
73728,explained_variance,-0.01150500774383545
73728,sps,636.0
73728,kl_beta,0.25
74620,episodic_return,1000.0
74620,episodic_length,1000.0
75621,episodic_return,1000.0
75621,episodic_length,1000.0
75776,value_loss,0.027059808373451233
75776,policy_loss,0.0021463907323777676
75776,approx_kl,0.0019521471112966537
75776,clipfrac,0.044384765625
75776,explained_variance,-0.02372884750366211
75776,sps,637.0
75776,kl_beta,0.125
76622,episodic_return,1000.0
76622,episodic_length,1000.0
77623,episodic_return,1000.0
77623,episodic_length,1000.0
77824,value_loss,0.001079339417628944
77824,policy_loss,0.034733179956674576
77824,approx_kl,0.05330061912536621
77824,clipfrac,0.26318359375
77824,explained_variance,-0.00707697868347168
77824,sps,637.0
77824,kl_beta,0.25
78624,episodic_return,1000.0
78624,episodic_length,1000.0
79625,episodic_return,1000.0
79625,episodic_length,1000.0
79872,value_loss,0.004371143877506256
79872,policy_loss,0.014793126843869686
79872,approx_kl,0.006959724240005016
79872,clipfrac,0.096044921875
79872,explained_variance,-0.020265579223632812
79872,sps,637.0
79872,kl_beta,0.25
80626,episodic_return,1000.0
80626,episodic_length,1000.0
81627,episodic_return,1000.0
81627,episodic_length,1000.0
81920,value_loss,0.009022029116749763
81920,policy_loss,0.005762617569416761
81920,approx_kl,0.011150432750582695
81920,clipfrac,0.098388671875
81920,explained_variance,-0.02201533317565918
81920,sps,637.0
81920,kl_beta,0.25
82628,episodic_return,1000.0
82628,episodic_length,1000.0
83629,episodic_return,1000.0
83629,episodic_length,1000.0
83968,value_loss,0.08001058548688889
83968,policy_loss,-0.03881920129060745
83968,approx_kl,0.03228852152824402
83968,clipfrac,0.167919921875
83968,explained_variance,-0.011934876441955566
83968,sps,637.0
83968,kl_beta,0.5
84630,episodic_return,1000.0
84630,episodic_length,1000.0
85631,episodic_return,1000.0
85631,episodic_length,1000.0
86016,value_loss,0.032080721110105515
86016,policy_loss,0.01362498290836811
86016,approx_kl,0.006294253282248974
86016,clipfrac,0.03349609375
86016,explained_variance,-0.05320751667022705
86016,sps,637.0
86016,kl_beta,0.25
86632,episodic_return,1000.0
86632,episodic_length,1000.0
87633,episodic_return,1000.0
87633,episodic_length,1000.0
88064,value_loss,0.04886450245976448
88064,policy_loss,0.005116503685712814
88064,approx_kl,0.007223382592201233
88064,clipfrac,0.073876953125
88064,explained_variance,-0.03223550319671631
88064,sps,636.0
88064,kl_beta,0.25
88634,episodic_return,1000.0
88634,episodic_length,1000.0
89635,episodic_return,1000.0
89635,episodic_length,1000.0
90112,value_loss,0.0026670501101762056
90112,policy_loss,-0.0021292120218276978
90112,approx_kl,0.004372745752334595
90112,clipfrac,0.03505859375
90112,explained_variance,-0.0061615705490112305
90112,sps,634.0
90112,kl_beta,0.125
90636,episodic_return,1000.0
90636,episodic_length,1000.0
91637,episodic_return,1000.0
91637,episodic_length,1000.0
92160,value_loss,0.052472423762083054
92160,policy_loss,0.00989182572811842
92160,approx_kl,0.06698080152273178
92160,clipfrac,0.2921875
92160,explained_variance,-0.003962159156799316
92160,sps,632.0
92160,kl_beta,0.25
92638,episodic_return,1000.0
92638,episodic_length,1000.0
93639,episodic_return,1000.0
93639,episodic_length,1000.0
94208,value_loss,0.03844155743718147
94208,policy_loss,-0.03716185688972473
94208,approx_kl,0.023107260465621948
94208,clipfrac,0.145458984375
94208,explained_variance,-0.002540111541748047
94208,sps,632.0
94208,kl_beta,0.5
94640,episodic_return,1000.0
94640,episodic_length,1000.0
95641,episodic_return,1000.0
95641,episodic_length,1000.0
96256,value_loss,0.09086336195468903
96256,policy_loss,0.014461906626820564
96256,approx_kl,0.00431040208786726
96256,clipfrac,0.0296875
96256,explained_variance,-0.005954861640930176
96256,sps,632.0
96256,kl_beta,0.25
96642,episodic_return,1000.0
96642,episodic_length,1000.0
97643,episodic_return,1000.0
97643,episodic_length,1000.0
98304,value_loss,0.004572403617203236
98304,policy_loss,0.00941672082990408
98304,approx_kl,0.010864702053368092
98304,clipfrac,0.124365234375
98304,explained_variance,-0.00013768672943115234
98304,sps,631.0
98304,kl_beta,0.25
98644,episodic_return,1000.0
98644,episodic_length,1000.0
99645,episodic_return,1000.0
99645,episodic_length,1000.0
100352,value_loss,0.087079718708992
100352,policy_loss,0.002589970361441374
100352,approx_kl,0.0008417945355176926
100352,clipfrac,0.06640625
100352,explained_variance,0.014490962028503418
100352,sps,631.0
100352,kl_beta,0.125
100646,episodic_return,1000.0
100646,episodic_length,1000.0
101647,episodic_return,1000.0
101647,episodic_length,1000.0
102400,value_loss,0.003937413915991783
102400,policy_loss,0.05018770322203636
102400,approx_kl,0.02570667490363121
102400,clipfrac,0.112451171875
102400,explained_variance,-0.02788245677947998
102400,sps,631.0
102400,kl_beta,0.25
102648,episodic_return,1000.0
102648,episodic_length,1000.0
103649,episodic_return,1000.0
103649,episodic_length,1000.0
104448,value_loss,0.11216971278190613
104448,policy_loss,-0.03944862261414528
104448,approx_kl,0.015769394114613533
104448,clipfrac,0.125634765625
104448,explained_variance,0.015876352787017822
104448,sps,629.0
104448,kl_beta,0.5
104650,episodic_return,1000.0
104650,episodic_length,1000.0
105651,episodic_return,1000.0
105651,episodic_length,1000.0
105702,episodic_return,49.0
105702,episodic_length,50.0
105706,episodic_return,2.0
105706,episodic_length,3.0
106496,value_loss,0.033123210072517395
106496,policy_loss,-0.014399871230125427
106496,approx_kl,0.015323282219469547
106496,clipfrac,0.119970703125
106496,explained_variance,0.032727718353271484
106496,sps,629.0
106496,kl_beta,1.0
106707,episodic_return,1000.0
106707,episodic_length,1000.0
107708,episodic_return,1000.0
107708,episodic_length,1000.0
108544,value_loss,0.028027435764670372
108544,policy_loss,-0.0026304516941308975
108544,approx_kl,0.002267615869641304
108544,clipfrac,0.0240234375
108544,explained_variance,0.02196526527404785
108544,sps,628.0
108544,kl_beta,0.5
108709,episodic_return,1000.0
108709,episodic_length,1000.0
109710,episodic_return,1000.0
109710,episodic_length,1000.0
110592,value_loss,0.001444619265384972
110592,policy_loss,-0.03943069651722908
110592,approx_kl,0.006440421566367149
110592,clipfrac,0.073779296875
110592,explained_variance,-0.002243518829345703
110592,sps,628.0
110592,kl_beta,0.25
110711,episodic_return,1000.0
110711,episodic_length,1000.0
111712,episodic_return,1000.0
111712,episodic_length,1000.0
112640,value_loss,0.0020395703613758087
112640,policy_loss,-9.266054257750511e-05
112640,approx_kl,0.0014240536838769913
112640,clipfrac,0.035302734375
112640,explained_variance,-0.025366783142089844
112640,sps,628.0
112640,kl_beta,0.125
112713,episodic_return,1000.0
112713,episodic_length,1000.0
113714,episodic_return,1000.0
113714,episodic_length,1000.0
114688,value_loss,0.0036731683649122715
114688,policy_loss,-0.017756855115294456
114688,approx_kl,0.031325116753578186
114688,clipfrac,0.115576171875
114688,explained_variance,-0.008018970489501953
114688,sps,628.0
114688,kl_beta,0.25
114715,episodic_return,1000.0
114715,episodic_length,1000.0
115716,episodic_return,1000.0
115716,episodic_length,1000.0
116717,episodic_return,1000.0
116717,episodic_length,1000.0
116736,value_loss,0.07868397235870361
116736,policy_loss,0.06546910107135773
116736,approx_kl,0.02608690969645977
116736,clipfrac,0.153369140625
116736,explained_variance,-0.04085648059844971
116736,sps,629.0
116736,kl_beta,0.5
117718,episodic_return,1000.0
117718,episodic_length,1000.0
118719,episodic_return,1000.0
118719,episodic_length,1000.0
118784,value_loss,0.044253215193748474
118784,policy_loss,-0.0012253271415829659
118784,approx_kl,0.003430476412177086
118784,clipfrac,0.029345703125
118784,explained_variance,-0.025876283645629883
118784,sps,629.0
118784,kl_beta,0.25
119720,episodic_return,1000.0
119720,episodic_length,1000.0
120721,episodic_return,1000.0
120721,episodic_length,1000.0
120725,episodic_return,2.0
120725,episodic_length,3.0
120832,value_loss,0.0724828913807869
120832,policy_loss,-0.005493290722370148
120832,approx_kl,0.005084664560854435
120832,clipfrac,0.107470703125
120832,explained_variance,-0.0032404661178588867
120832,sps,629.0
120832,kl_beta,0.125
121508,episodic_return,781.0
121508,episodic_length,782.0
122509,episodic_return,1000.0
122509,episodic_length,1000.0
122880,value_loss,0.0015487712807953358
122880,policy_loss,0.015009895898401737
122880,approx_kl,0.10877574235200882
122880,clipfrac,0.2951171875
122880,explained_variance,-0.020247697830200195
122880,sps,628.0
122880,kl_beta,0.25
123510,episodic_return,1000.0
123510,episodic_length,1000.0
124511,episodic_return,1000.0
124511,episodic_length,1000.0
124791,episodic_return,278.0
124791,episodic_length,279.0
124928,value_loss,0.07876542210578918
124928,policy_loss,0.02991805039346218
124928,approx_kl,0.0010640397667884827
124928,clipfrac,0.017333984375
124928,explained_variance,0.00041472911834716797
124928,sps,627.0
124928,kl_beta,0.125
125792,episodic_return,1000.0
125792,episodic_length,1000.0
126194,episodic_return,400.0
126194,episodic_length,401.0
126976,value_loss,0.036646295338869095
126976,policy_loss,0.0025053941644728184
126976,approx_kl,0.024455565959215164
126976,clipfrac,0.1404296875
126976,explained_variance,0.006955206394195557
126976,sps,628.0
126976,kl_beta,0.25
127195,episodic_return,1000.0
127195,episodic_length,1000.0
128196,episodic_return,1000.0
128196,episodic_length,1000.0
129024,value_loss,0.054011549800634384
129024,policy_loss,-0.005840430036187172
129024,approx_kl,0.017396457493305206
129024,clipfrac,0.15478515625
129024,explained_variance,-0.009355902671813965
129024,sps,629.0
129024,kl_beta,0.5
129197,episodic_return,1000.0
129197,episodic_length,1000.0
130198,episodic_return,1000.0
130198,episodic_length,1000.0
130399,episodic_return,199.0
130399,episodic_length,200.0
131072,value_loss,0.033580467104911804
131072,policy_loss,0.009706540033221245
131072,approx_kl,0.0012088986113667488
131072,clipfrac,0.013623046875
131072,explained_variance,-0.013183832168579102
131072,sps,629.0
131072,kl_beta,0.25
131400,episodic_return,1000.0
131400,episodic_length,1000.0
132401,episodic_return,1000.0
132401,episodic_length,1000.0
133120,value_loss,0.09458426386117935
133120,policy_loss,0.0014826329424977303
133120,approx_kl,0.002395275980234146
133120,clipfrac,0.041552734375
133120,explained_variance,-0.006309151649475098
133120,sps,628.0
133120,kl_beta,0.125
133402,episodic_return,1000.0
133402,episodic_length,1000.0
134403,episodic_return,1000.0
134403,episodic_length,1000.0
135168,value_loss,0.04803922772407532
135168,policy_loss,0.022713027894496918
135168,approx_kl,0.04454103484749794
135168,clipfrac,0.17392578125
135168,explained_variance,-0.025191664695739746
135168,sps,627.0
135168,kl_beta,0.25
135404,episodic_return,1000.0
135404,episodic_length,1000.0
136405,episodic_return,1000.0
136405,episodic_length,1000.0
137216,value_loss,0.003431901102885604
137216,policy_loss,0.009534236043691635
137216,approx_kl,0.012199650518596172
137216,clipfrac,0.1208984375
137216,explained_variance,-0.04760336875915527
137216,sps,627.0
137216,kl_beta,0.25
137406,episodic_return,1000.0
137406,episodic_length,1000.0
138407,episodic_return,1000.0
138407,episodic_length,1000.0
139264,value_loss,0.0373661108314991
139264,policy_loss,0.002111683366820216
139264,approx_kl,0.009381706826388836
139264,clipfrac,0.14765625
139264,explained_variance,0.007376372814178467
139264,sps,627.0
139264,kl_beta,0.25
139408,episodic_return,1000.0
139408,episodic_length,1000.0
140409,episodic_return,1000.0
140409,episodic_length,1000.0
141021,episodic_return,610.0
141021,episodic_length,611.0
141312,value_loss,0.20231789350509644
141312,policy_loss,-0.023067736998200417
141312,approx_kl,0.02053508162498474
141312,clipfrac,0.20595703125
141312,explained_variance,0.014580488204956055
141312,sps,628.0
141312,kl_beta,0.5
142022,episodic_return,1000.0
142022,episodic_length,1000.0
143023,episodic_return,1000.0
143023,episodic_length,1000.0
143360,value_loss,0.005354579538106918
143360,policy_loss,-0.023704174906015396
143360,approx_kl,0.007286073639988899
143360,clipfrac,0.048486328125
143360,explained_variance,-0.007445812225341797
143360,sps,628.0
143360,kl_beta,0.5
144024,episodic_return,1000.0
144024,episodic_length,1000.0
145025,episodic_return,1000.0
145025,episodic_length,1000.0
145408,value_loss,0.06449796259403229
145408,policy_loss,-0.0045746732503175735
145408,approx_kl,0.0020625777542591095
145408,clipfrac,0.020703125
145408,explained_variance,-0.011296391487121582
145408,sps,629.0
145408,kl_beta,0.25
146026,episodic_return,1000.0
146026,episodic_length,1000.0
147027,episodic_return,1000.0
147027,episodic_length,1000.0
147456,value_loss,0.05560503900051117
147456,policy_loss,-0.022970136255025864
147456,approx_kl,0.02985478565096855
147456,clipfrac,0.293115234375
147456,explained_variance,-0.016512155532836914
147456,sps,629.0
147456,kl_beta,0.5
148028,episodic_return,1000.0
148028,episodic_length,1000.0
149029,episodic_return,1000.0
149029,episodic_length,1000.0
149504,value_loss,0.005238045938313007
149504,policy_loss,-0.0019251834601163864
149504,approx_kl,0.005198810249567032
149504,clipfrac,0.056005859375
149504,explained_variance,-0.0037856101989746094
149504,sps,629.0
149504,kl_beta,0.25
150030,episodic_return,1000.0
150030,episodic_length,1000.0
151031,episodic_return,1000.0
151031,episodic_length,1000.0
151552,value_loss,0.10329543799161911
151552,policy_loss,-0.018184684216976166
151552,approx_kl,0.004951685667037964
151552,clipfrac,0.07275390625
151552,explained_variance,-0.008915543556213379
151552,sps,629.0
151552,kl_beta,0.125
152032,episodic_return,1000.0
152032,episodic_length,1000.0
153033,episodic_return,1000.0
153033,episodic_length,1000.0
153600,value_loss,0.057529233396053314
153600,policy_loss,0.1940707117319107
153600,approx_kl,0.10900261998176575
153600,clipfrac,0.21845703125
153600,explained_variance,0.0022552013397216797
153600,sps,629.0
153600,kl_beta,0.25
154034,episodic_return,1000.0
154034,episodic_length,1000.0
154038,episodic_return,2.0
154038,episodic_length,3.0
154795,episodic_return,755.0
154795,episodic_length,756.0
155648,value_loss,0.11280257999897003
155648,policy_loss,0.06156724691390991
155648,approx_kl,0.0068287355825304985
155648,clipfrac,0.040380859375
155648,explained_variance,-0.006356716156005859
155648,sps,629.0
155648,kl_beta,0.25
155796,episodic_return,1000.0
155796,episodic_length,1000.0
155800,episodic_return,2.0
155800,episodic_length,3.0
155804,episodic_return,2.0
155804,episodic_length,3.0
156441,episodic_return,635.0
156441,episodic_length,636.0
156449,episodic_return,6.0
156449,episodic_length,7.0
156542,episodic_return,91.0
156542,episodic_length,92.0
157543,episodic_return,1000.0
157543,episodic_length,1000.0
157696,value_loss,0.23809003829956055
157696,policy_loss,0.050791386514902115
157696,approx_kl,0.03343353793025017
157696,clipfrac,0.193310546875
157696,explained_variance,0.043275296688079834
157696,sps,630.0
157696,kl_beta,0.5
158286,episodic_return,741.0
158286,episodic_length,742.0
159287,episodic_return,1000.0
159287,episodic_length,1000.0
159744,value_loss,0.02835371531546116
159744,policy_loss,-0.0071875485591590405
159744,approx_kl,0.0022585103288292885
159744,clipfrac,0.063330078125
159744,explained_variance,-0.0670708417892456
159744,sps,630.0
159744,kl_beta,0.25
159908,episodic_return,619.0
159908,episodic_length,620.0
159946,episodic_return,36.0
159946,episodic_length,37.0
160394,episodic_return,446.0
160394,episodic_length,447.0
160840,episodic_return,444.0
160840,episodic_length,445.0
161792,value_loss,0.03889211267232895
161792,policy_loss,-0.034360915422439575
161792,approx_kl,0.028017204254865646
161792,clipfrac,0.2015625
161792,explained_variance,0.0027391910552978516
161792,sps,631.0
161792,kl_beta,0.5
161841,episodic_return,1000.0
161841,episodic_length,1000.0
162842,episodic_return,1000.0
162842,episodic_length,1000.0
163840,value_loss,0.0030705134849995375
163840,policy_loss,0.0023656641133129597
163840,approx_kl,0.0005948254838585854
163840,clipfrac,0.020068359375
163840,explained_variance,-0.011804580688476562
163840,sps,631.0
163840,kl_beta,0.25
163843,episodic_return,1000.0
163843,episodic_length,1000.0
164844,episodic_return,1000.0
164844,episodic_length,1000.0
165228,episodic_return,382.0
165228,episodic_length,383.0
165888,value_loss,0.16033756732940674
165888,policy_loss,0.005533662624657154
165888,approx_kl,0.009256037883460522
165888,clipfrac,0.078369140625
165888,explained_variance,0.01020437479019165
165888,sps,631.0
165888,kl_beta,0.25
166088,episodic_return,858.0
166088,episodic_length,859.0
166131,episodic_return,41.0
166131,episodic_length,42.0
167132,episodic_return,1000.0
167132,episodic_length,1000.0
167717,episodic_return,583.0
167717,episodic_length,584.0
167936,value_loss,0.13576222956180573
167936,policy_loss,0.025805309414863586
167936,approx_kl,0.02714518830180168
167936,clipfrac,0.152099609375
167936,explained_variance,0.02711164951324463
167936,sps,631.0
167936,kl_beta,0.5
168343,episodic_return,624.0
168343,episodic_length,625.0
169344,episodic_return,1000.0
169344,episodic_length,1000.0
169491,episodic_return,145.0
169491,episodic_length,146.0
169984,value_loss,0.04217379540205002
169984,policy_loss,0.008885163813829422
169984,approx_kl,0.0020810579881072044
169984,clipfrac,0.022021484375
169984,explained_variance,-0.014376044273376465
169984,sps,631.0
169984,kl_beta,0.25
170492,episodic_return,1000.0
170492,episodic_length,1000.0
171493,episodic_return,1000.0
171493,episodic_length,1000.0
171912,episodic_return,417.0
171912,episodic_length,418.0
172032,value_loss,0.1065257340669632
172032,policy_loss,0.01919054612517357
172032,approx_kl,0.020263180136680603
172032,clipfrac,0.105078125
172032,explained_variance,-0.015885114669799805
172032,sps,630.0
172032,kl_beta,0.5
172913,episodic_return,1000.0
172913,episodic_length,1000.0
173914,episodic_return,1000.0
173914,episodic_length,1000.0
174080,value_loss,0.15336447954177856
174080,policy_loss,-0.001018987037241459
174080,approx_kl,0.005070803686976433
174080,clipfrac,0.028076171875
174080,explained_variance,-0.031214356422424316
174080,sps,630.0
174080,kl_beta,0.25
174269,episodic_return,353.0
174269,episodic_length,354.0
174304,episodic_return,33.0
174304,episodic_length,34.0
175305,episodic_return,1000.0
175305,episodic_length,1000.0
176128,value_loss,0.012384869158267975
176128,policy_loss,-0.025765717029571533
176128,approx_kl,0.01651877537369728
176128,clipfrac,0.09189453125
176128,explained_variance,0.012070417404174805
176128,sps,630.0
176128,kl_beta,0.5
176306,episodic_return,1000.0
176306,episodic_length,1000.0
177307,episodic_return,1000.0
177307,episodic_length,1000.0
178176,value_loss,0.029924843460321426
178176,policy_loss,-0.011168326251208782
178176,approx_kl,0.003524431958794594
178176,clipfrac,0.04423828125
178176,explained_variance,-0.009930849075317383
178176,sps,630.0
178176,kl_beta,0.25
178308,episodic_return,1000.0
178308,episodic_length,1000.0
179003,episodic_return,693.0
179003,episodic_length,694.0
179153,episodic_return,148.0
179153,episodic_length,149.0
180154,episodic_return,1000.0
180154,episodic_length,1000.0
180224,value_loss,0.10839980095624924
180224,policy_loss,-0.0028844226617366076
180224,approx_kl,0.0037465495988726616
180224,clipfrac,0.0828125
180224,explained_variance,-0.002151966094970703
180224,sps,630.0
180224,kl_beta,0.125
181155,episodic_return,1000.0
181155,episodic_length,1000.0
182156,episodic_return,1000.0
182156,episodic_length,1000.0
182272,value_loss,0.07349921762943268
182272,policy_loss,-0.0683775246143341
182272,approx_kl,0.07864251732826233
182272,clipfrac,0.33701171875
182272,explained_variance,-0.015315413475036621
182272,sps,630.0
182272,kl_beta,0.25
183157,episodic_return,1000.0
183157,episodic_length,1000.0
184158,episodic_return,1000.0
184158,episodic_length,1000.0
184320,value_loss,0.1104094386100769
184320,policy_loss,-0.0062881349585950375
184320,approx_kl,0.009672487154603004
184320,clipfrac,0.12666015625
184320,explained_variance,-0.024193882942199707
184320,sps,630.0
184320,kl_beta,0.25
185159,episodic_return,1000.0
185159,episodic_length,1000.0
186160,episodic_return,1000.0
186160,episodic_length,1000.0
186368,value_loss,0.09133291244506836
186368,policy_loss,-0.0016718609258532524
186368,approx_kl,0.006900269538164139
186368,clipfrac,0.047216796875
186368,explained_variance,-0.014453887939453125
186368,sps,630.0
186368,kl_beta,0.25
187161,episodic_return,1000.0
187161,episodic_length,1000.0
188162,episodic_return,1000.0
188162,episodic_length,1000.0
188416,value_loss,0.013173329643905163
188416,policy_loss,0.003918876871466637
188416,approx_kl,0.014246531762182713
188416,clipfrac,0.10693359375
188416,explained_variance,0.015982091426849365
188416,sps,629.0
188416,kl_beta,0.25
188682,episodic_return,518.0
188682,episodic_length,519.0
189683,episodic_return,1000.0
189683,episodic_length,1000.0
190464,value_loss,0.02405383251607418
190464,policy_loss,-0.00390779972076416
190464,approx_kl,0.003885268233716488
190464,clipfrac,0.093798828125
190464,explained_variance,-0.024088144302368164
190464,sps,630.0
190464,kl_beta,0.125
190684,episodic_return,1000.0
190684,episodic_length,1000.0
191685,episodic_return,1000.0
191685,episodic_length,1000.0
192512,value_loss,0.2521359920501709
192512,policy_loss,0.007564570754766464
192512,approx_kl,0.13842180371284485
192512,clipfrac,0.26103515625
192512,explained_variance,0.018787384033203125
192512,sps,630.0
192512,kl_beta,0.25
192686,episodic_return,1000.0
192686,episodic_length,1000.0
193687,episodic_return,1000.0
193687,episodic_length,1000.0
194560,value_loss,0.09194266051054001
194560,policy_loss,0.0017689287196844816
194560,approx_kl,0.004190805368125439
194560,clipfrac,0.032421875
194560,explained_variance,0.02270805835723877
194560,sps,630.0
194560,kl_beta,0.125
194688,episodic_return,1000.0
194688,episodic_length,1000.0
194947,episodic_return,257.0
194947,episodic_length,258.0
195156,episodic_return,207.0
195156,episodic_length,208.0
195484,episodic_return,326.0
195484,episodic_length,327.0
196169,episodic_return,683.0
196169,episodic_length,684.0
196173,episodic_return,2.0
196173,episodic_length,3.0
196431,episodic_return,256.0
196431,episodic_length,257.0
196608,value_loss,0.09500426054000854
196608,policy_loss,0.014525936916470528
196608,approx_kl,0.11788628995418549
196608,clipfrac,0.426611328125
196608,explained_variance,-0.009888052940368652
196608,sps,629.0
196608,kl_beta,0.25
197432,episodic_return,1000.0
197432,episodic_length,1000.0
198433,episodic_return,1000.0
198433,episodic_length,1000.0
198656,value_loss,0.03395235538482666
198656,policy_loss,-0.025714188814163208
198656,approx_kl,0.02331845462322235
198656,clipfrac,0.194677734375
198656,explained_variance,-0.024816274642944336
198656,sps,629.0
198656,kl_beta,0.5
199434,episodic_return,1000.0
199434,episodic_length,1000.0
200435,episodic_return,1000.0
200435,episodic_length,1000.0
200704,value_loss,0.005885489284992218
200704,policy_loss,-0.004809299949556589
200704,approx_kl,0.00037050526589155197
200704,clipfrac,0.00927734375
200704,explained_variance,-0.02424001693725586
200704,sps,629.0
200704,kl_beta,0.25
201436,episodic_return,1000.0
201436,episodic_length,1000.0
202437,episodic_return,1000.0
202437,episodic_length,1000.0
202571,episodic_return,132.0
202571,episodic_length,133.0
202752,value_loss,0.021129531785845757
202752,policy_loss,-0.0007679518312215805
202752,approx_kl,0.033400483429431915
202752,clipfrac,0.1611328125
202752,explained_variance,-0.0024362802505493164
202752,sps,629.0
202752,kl_beta,0.5
203572,episodic_return,1000.0
203572,episodic_length,1000.0
204573,episodic_return,1000.0
204573,episodic_length,1000.0
204800,value_loss,0.06346500664949417
204800,policy_loss,-0.018121520057320595
204800,approx_kl,0.0018316395580768585
204800,clipfrac,0.014794921875
204800,explained_variance,-0.01982128620147705
204800,sps,628.0
204800,kl_beta,0.25
205574,episodic_return,1000.0
205574,episodic_length,1000.0
206575,episodic_return,1000.0
206575,episodic_length,1000.0
206848,value_loss,0.07895471900701523
206848,policy_loss,0.045157790184020996
206848,approx_kl,0.008741348050534725
206848,clipfrac,0.09267578125
206848,explained_variance,-0.006223559379577637
206848,sps,629.0
206848,kl_beta,0.25
207576,episodic_return,1000.0
207576,episodic_length,1000.0
208577,episodic_return,1000.0
208577,episodic_length,1000.0
208896,value_loss,0.06796924024820328
208896,policy_loss,-0.00019138772040605545
208896,approx_kl,0.0018145553767681122
208896,clipfrac,0.01630859375
208896,explained_variance,-0.005284905433654785
208896,sps,629.0
208896,kl_beta,0.125
209578,episodic_return,1000.0
209578,episodic_length,1000.0
210579,episodic_return,1000.0
210579,episodic_length,1000.0
210944,value_loss,0.003968432545661926
210944,policy_loss,0.04558923467993736
210944,approx_kl,0.02964451164007187
210944,clipfrac,0.185595703125
210944,explained_variance,-0.0064544677734375
210944,sps,629.0
210944,kl_beta,0.25
211580,episodic_return,1000.0
211580,episodic_length,1000.0
211614,episodic_return,32.0
211614,episodic_length,33.0
212615,episodic_return,1000.0
212615,episodic_length,1000.0
212992,value_loss,0.20922882854938507
212992,policy_loss,-0.02230672724545002
212992,approx_kl,0.00908855814486742
212992,clipfrac,0.1029296875
212992,explained_variance,-0.017756223678588867
212992,sps,629.0
212992,kl_beta,0.25
213616,episodic_return,1000.0
213616,episodic_length,1000.0
214617,episodic_return,1000.0
214617,episodic_length,1000.0
215040,value_loss,0.1273433268070221
215040,policy_loss,0.008498463779687881
215040,approx_kl,0.019378291442990303
215040,clipfrac,0.097998046875
215040,explained_variance,-0.0043315887451171875
215040,sps,629.0
215040,kl_beta,0.5
215618,episodic_return,1000.0
215618,episodic_length,1000.0
216619,episodic_return,1000.0
216619,episodic_length,1000.0
217088,value_loss,0.24373306334018707
217088,policy_loss,-0.0036214119754731655
217088,approx_kl,0.00048120785504579544
217088,clipfrac,0.0005859375
217088,explained_variance,-0.0003902912139892578
217088,sps,629.0
217088,kl_beta,0.25
217620,episodic_return,1000.0
217620,episodic_length,1000.0
218621,episodic_return,1000.0
218621,episodic_length,1000.0
219136,value_loss,0.17539721727371216
219136,policy_loss,-0.0017504459246993065
219136,approx_kl,0.013227615505456924
219136,clipfrac,0.0908203125
219136,explained_variance,-0.009784460067749023
219136,sps,629.0
219136,kl_beta,0.25
219622,episodic_return,1000.0
219622,episodic_length,1000.0
219919,episodic_return,295.0
219919,episodic_length,296.0
220125,episodic_return,204.0
220125,episodic_length,205.0
221029,episodic_return,902.0
221029,episodic_length,903.0
221184,value_loss,0.17006179690361023
221184,policy_loss,-0.03275521099567413
221184,approx_kl,0.0287298783659935
221184,clipfrac,0.275341796875
221184,explained_variance,-0.01365053653717041
221184,sps,629.0
221184,kl_beta,0.5
222030,episodic_return,1000.0
222030,episodic_length,1000.0
223031,episodic_return,1000.0
223031,episodic_length,1000.0
223232,value_loss,0.09832064062356949
223232,policy_loss,-0.013592153787612915
223232,approx_kl,0.001894146203994751
223232,clipfrac,0.012060546875
223232,explained_variance,-0.014235258102416992
223232,sps,628.0
223232,kl_beta,0.25
224032,episodic_return,1000.0
224032,episodic_length,1000.0
225033,episodic_return,1000.0
225033,episodic_length,1000.0
225280,value_loss,0.013137544505298138
225280,policy_loss,-0.02392401173710823
225280,approx_kl,0.008023618720471859
225280,clipfrac,0.103662109375
225280,explained_variance,0.004330575466156006
225280,sps,629.0
225280,kl_beta,0.25
226034,episodic_return,1000.0
226034,episodic_length,1000.0
227035,episodic_return,1000.0
227035,episodic_length,1000.0
227328,value_loss,0.16289976239204407
227328,policy_loss,-0.0011551501229405403
227328,approx_kl,0.0012368075549602509
227328,clipfrac,0.008935546875
227328,explained_variance,-0.010468244552612305
227328,sps,629.0
227328,kl_beta,0.125
228036,episodic_return,1000.0
228036,episodic_length,1000.0
229037,episodic_return,1000.0
229037,episodic_length,1000.0
229376,value_loss,0.006229990627616644
229376,policy_loss,0.010693448595702648
229376,approx_kl,0.026413224637508392
229376,clipfrac,0.26259765625
229376,explained_variance,0.005675196647644043
229376,sps,629.0
229376,kl_beta,0.25
230038,episodic_return,1000.0
230038,episodic_length,1000.0
231039,episodic_return,1000.0
231039,episodic_length,1000.0
231424,value_loss,0.028787460178136826
231424,policy_loss,-0.06398485600948334
231424,approx_kl,0.023171797394752502
231424,clipfrac,0.1607421875
231424,explained_variance,-0.005617260932922363
231424,sps,629.0
231424,kl_beta,0.5
231555,episodic_return,514.0
231555,episodic_length,515.0
232556,episodic_return,1000.0
232556,episodic_length,1000.0
233472,value_loss,0.008635631762444973
233472,policy_loss,0.0028328471817076206
233472,approx_kl,0.005835984833538532
233472,clipfrac,0.06865234375
233472,explained_variance,0.006159663200378418
233472,sps,629.0
233472,kl_beta,0.25
233557,episodic_return,1000.0
233557,episodic_length,1000.0
234558,episodic_return,1000.0
234558,episodic_length,1000.0
235520,value_loss,0.01899835653603077
235520,policy_loss,-0.01639842614531517
235520,approx_kl,0.012664721347391605
235520,clipfrac,0.102197265625
235520,explained_variance,0.002467036247253418
235520,sps,629.0
235520,kl_beta,0.25
235559,episodic_return,1000.0
235559,episodic_length,1000.0
236560,episodic_return,1000.0
236560,episodic_length,1000.0
237561,episodic_return,1000.0
237561,episodic_length,1000.0
237568,value_loss,0.01016060821712017
237568,policy_loss,0.009933656081557274
237568,approx_kl,0.008352807722985744
237568,clipfrac,0.107470703125
237568,explained_variance,0.0011470913887023926
237568,sps,629.0
237568,kl_beta,0.25
238562,episodic_return,1000.0
238562,episodic_length,1000.0
239563,episodic_return,1000.0
239563,episodic_length,1000.0
239616,value_loss,0.03008241578936577
239616,policy_loss,-0.03876310959458351
239616,approx_kl,0.04218968749046326
239616,clipfrac,0.20185546875
239616,explained_variance,-0.006966590881347656
239616,sps,628.0
239616,kl_beta,0.5
240564,episodic_return,1000.0
240564,episodic_length,1000.0
241565,episodic_return,1000.0
241565,episodic_length,1000.0
241664,value_loss,0.10103841125965118
241664,policy_loss,-0.016292603686451912
241664,approx_kl,0.008564930409193039
241664,clipfrac,0.041552734375
241664,explained_variance,-0.04256153106689453
241664,sps,628.0
241664,kl_beta,0.5
242566,episodic_return,1000.0
242566,episodic_length,1000.0
243567,episodic_return,1000.0
243567,episodic_length,1000.0
243712,value_loss,0.02951231598854065
243712,policy_loss,-0.0021148966625332832
243712,approx_kl,0.0022109504789114
243712,clipfrac,0.023681640625
243712,explained_variance,0.008447766304016113
243712,sps,628.0
243712,kl_beta,0.25
244045,episodic_return,476.0
244045,episodic_length,477.0
245046,episodic_return,1000.0
245046,episodic_length,1000.0
245760,value_loss,0.09411188960075378
245760,policy_loss,-0.038378845900297165
245760,approx_kl,0.01613766886293888
245760,clipfrac,0.151025390625
245760,explained_variance,-0.039955973625183105
245760,sps,628.0
245760,kl_beta,0.5
245808,episodic_return,760.0
245808,episodic_length,761.0
246809,episodic_return,1000.0
246809,episodic_length,1000.0
247808,value_loss,0.005884597543627024
247808,policy_loss,0.006507336627691984
247808,approx_kl,0.004703930579125881
247808,clipfrac,0.04658203125
247808,explained_variance,-0.007625460624694824
247808,sps,628.0
247808,kl_beta,0.25
247810,episodic_return,1000.0
247810,episodic_length,1000.0
248314,episodic_return,502.0
248314,episodic_length,503.0
249315,episodic_return,1000.0
249315,episodic_length,1000.0
249856,value_loss,0.009371072053909302
249856,policy_loss,0.023794859647750854
249856,approx_kl,0.015273842960596085
249856,clipfrac,0.07939453125
249856,explained_variance,0.0008400082588195801
249856,sps,627.0
249856,kl_beta,0.5
250316,episodic_return,1000.0
250316,episodic_length,1000.0
251317,episodic_return,1000.0
251317,episodic_length,1000.0
251625,episodic_return,306.0
251625,episodic_length,307.0
251904,value_loss,0.14206847548484802
251904,policy_loss,0.0028531476855278015
251904,approx_kl,0.007199399173259735
251904,clipfrac,0.071728515625
251904,explained_variance,-0.007132768630981445
251904,sps,628.0
251904,kl_beta,0.5
252626,episodic_return,1000.0
252626,episodic_length,1000.0
253627,episodic_return,1000.0
253627,episodic_length,1000.0
253952,value_loss,0.010388117283582687
253952,policy_loss,-0.004497684072703123
253952,approx_kl,0.0034714350476861
253952,clipfrac,0.021240234375
253952,explained_variance,0.0007401704788208008
253952,sps,628.0
253952,kl_beta,0.25
254628,episodic_return,1000.0
254628,episodic_length,1000.0
255576,episodic_return,946.0
255576,episodic_length,947.0
256000,value_loss,0.01971743255853653
256000,policy_loss,-0.04020446166396141
256000,approx_kl,0.02713209204375744
256000,clipfrac,0.094384765625
256000,explained_variance,0.017792046070098877
256000,sps,627.0
256000,kl_beta,0.5
256577,episodic_return,1000.0
256577,episodic_length,1000.0
256581,episodic_return,2.0
256581,episodic_length,3.0
256684,episodic_return,101.0
256684,episodic_length,102.0
257445,episodic_return,759.0
257445,episodic_length,760.0
258048,value_loss,0.05169444531202316
258048,policy_loss,0.019280558452010155
258048,approx_kl,0.004530757665634155
258048,clipfrac,0.076025390625
258048,explained_variance,0.03476470708847046
258048,sps,627.0
258048,kl_beta,0.25
258446,episodic_return,1000.0
258446,episodic_length,1000.0
259447,episodic_return,1000.0
259447,episodic_length,1000.0
260096,value_loss,0.05084018036723137
260096,policy_loss,0.001462352927774191
260096,approx_kl,0.006651332601904869
260096,clipfrac,0.0435546875
260096,explained_variance,-0.05197954177856445
260096,sps,627.0
260096,kl_beta,0.125
260448,episodic_return,1000.0
260448,episodic_length,1000.0
261449,episodic_return,1000.0
261449,episodic_length,1000.0
262144,value_loss,0.03375362604856491
262144,policy_loss,0.004396180622279644
262144,approx_kl,0.009894276037812233
262144,clipfrac,0.0818359375
262144,explained_variance,-0.0003725290298461914
262144,sps,627.0
262144,kl_beta,0.125
262450,episodic_return,1000.0
262450,episodic_length,1000.0
263451,episodic_return,1000.0
263451,episodic_length,1000.0
264192,value_loss,0.06505893170833588
264192,policy_loss,-0.015951935201883316
264192,approx_kl,0.06580522656440735
264192,clipfrac,0.2896484375
264192,explained_variance,-0.010687828063964844
264192,sps,627.0
264192,kl_beta,0.25
264452,episodic_return,1000.0
264452,episodic_length,1000.0
265453,episodic_return,1000.0
265453,episodic_length,1000.0
266240,value_loss,0.1338590830564499
266240,policy_loss,-0.013789065182209015
266240,approx_kl,0.01150604896247387
266240,clipfrac,0.071044921875
266240,explained_variance,-0.025707483291625977
266240,sps,627.0
266240,kl_beta,0.25
266454,episodic_return,1000.0
266454,episodic_length,1000.0
267455,episodic_return,1000.0
267455,episodic_length,1000.0
268288,value_loss,0.11689424514770508
268288,policy_loss,-0.009004580788314342
268288,approx_kl,0.008118260651826859
268288,clipfrac,0.062646484375
268288,explained_variance,0.0005990266799926758
268288,sps,627.0
268288,kl_beta,0.25
268456,episodic_return,1000.0
268456,episodic_length,1000.0
269457,episodic_return,1000.0
269457,episodic_length,1000.0
270336,value_loss,0.06325751543045044
270336,policy_loss,-0.0062576960772275925
270336,approx_kl,0.003558523952960968
270336,clipfrac,0.029150390625
270336,explained_variance,-0.005197644233703613
270336,sps,627.0
270336,kl_beta,0.125
270458,episodic_return,1000.0
270458,episodic_length,1000.0
271459,episodic_return,1000.0
271459,episodic_length,1000.0
272384,value_loss,0.04297555983066559
272384,policy_loss,-0.003702756017446518
272384,approx_kl,0.03688564896583557
272384,clipfrac,0.216357421875
272384,explained_variance,-0.02096378803253174
272384,sps,628.0
272384,kl_beta,0.25
272460,episodic_return,1000.0
272460,episodic_length,1000.0
272656,episodic_return,194.0
272656,episodic_length,195.0
273653,episodic_return,995.0
273653,episodic_length,996.0
274432,value_loss,0.04894112050533295
274432,policy_loss,0.0066924626007676125
274432,approx_kl,0.02589988335967064
274432,clipfrac,0.21123046875
274432,explained_variance,-0.017033100128173828
274432,sps,628.0
274432,kl_beta,0.5
274654,episodic_return,1000.0
274654,episodic_length,1000.0
275655,episodic_return,1000.0
275655,episodic_length,1000.0
276480,value_loss,0.019779231399297714
276480,policy_loss,0.004231477156281471
276480,approx_kl,0.0012980736792087555
276480,clipfrac,0.003759765625
276480,explained_variance,-0.021848082542419434
276480,sps,628.0
276480,kl_beta,0.25
276656,episodic_return,1000.0
276656,episodic_length,1000.0
277657,episodic_return,1000.0
277657,episodic_length,1000.0
278180,episodic_return,521.0
278180,episodic_length,522.0
278528,value_loss,0.18935388326644897
278528,policy_loss,-0.0019164872355759144
278528,approx_kl,0.014273030683398247
278528,clipfrac,0.07626953125
278528,explained_variance,0.002024412155151367
278528,sps,628.0
278528,kl_beta,0.25
279181,episodic_return,1000.0
279181,episodic_length,1000.0
280182,episodic_return,1000.0
280182,episodic_length,1000.0
280576,value_loss,0.30686530470848083
280576,policy_loss,-0.007383122108876705
280576,approx_kl,0.003244493156671524
280576,clipfrac,0.01181640625
280576,explained_variance,-0.017581701278686523
280576,sps,629.0
280576,kl_beta,0.125
281183,episodic_return,1000.0
281183,episodic_length,1000.0
281451,episodic_return,266.0
281451,episodic_length,267.0
282221,episodic_return,768.0
282221,episodic_length,769.0
282624,value_loss,0.052645567804574966
282624,policy_loss,-0.036469146609306335
282624,approx_kl,0.013248776085674763
282624,clipfrac,0.159326171875
282624,explained_variance,0.015909552574157715
282624,sps,629.0
282624,kl_beta,0.125
282752,episodic_return,529.0
282752,episodic_length,530.0
283753,episodic_return,1000.0
283753,episodic_length,1000.0
284672,value_loss,0.1536819338798523
284672,policy_loss,-0.04763124883174896
284672,approx_kl,0.07768860459327698
284672,clipfrac,0.2580078125
284672,explained_variance,0.050596535205841064
284672,sps,629.0
284672,kl_beta,0.25
284754,episodic_return,1000.0
284754,episodic_length,1000.0
285755,episodic_return,1000.0
285755,episodic_length,1000.0
286720,value_loss,0.050950512290000916
286720,policy_loss,-0.0005700825713574886
286720,approx_kl,0.018758611753582954
286720,clipfrac,0.11943359375
286720,explained_variance,0.04916095733642578
286720,sps,628.0
286720,kl_beta,0.5
286756,episodic_return,1000.0
286756,episodic_length,1000.0
287757,episodic_return,1000.0
287757,episodic_length,1000.0
288758,episodic_return,1000.0
288758,episodic_length,1000.0
288768,value_loss,0.20690302550792694
288768,policy_loss,-0.007801879197359085
288768,approx_kl,0.0034039579331874847
288768,clipfrac,0.01435546875
288768,explained_variance,-0.01568472385406494
288768,sps,628.0
288768,kl_beta,0.25
289759,episodic_return,1000.0
289759,episodic_length,1000.0
290111,episodic_return,350.0
290111,episodic_length,351.0
290816,value_loss,0.10475369542837143
290816,policy_loss,-0.020586496219038963
290816,approx_kl,0.007724647410213947
290816,clipfrac,0.1533203125
290816,explained_variance,0.05914807319641113
290816,sps,628.0
290816,kl_beta,0.25
291112,episodic_return,1000.0
291112,episodic_length,1000.0
292113,episodic_return,1000.0
292113,episodic_length,1000.0
292864,value_loss,0.08444071561098099
292864,policy_loss,0.0009902948513627052
292864,approx_kl,0.021348390728235245
292864,clipfrac,0.073681640625
292864,explained_variance,0.004551827907562256
292864,sps,628.0
292864,kl_beta,0.5
293114,episodic_return,1000.0
293114,episodic_length,1000.0
294115,episodic_return,1000.0
294115,episodic_length,1000.0
294567,episodic_return,450.0
294567,episodic_length,451.0
294661,episodic_return,92.0
294661,episodic_length,93.0
294912,value_loss,0.1686873883008957
294912,policy_loss,0.0010634278878569603
294912,approx_kl,0.0032050255686044693
294912,clipfrac,0.026611328125
294912,explained_variance,0.05387049913406372
294912,sps,628.0
294912,kl_beta,0.25
295662,episodic_return,1000.0
295662,episodic_length,1000.0
296663,episodic_return,1000.0
296663,episodic_length,1000.0
296960,value_loss,0.054250363260507584
296960,policy_loss,-0.015081174671649933
296960,approx_kl,0.006563754752278328
296960,clipfrac,0.047314453125
296960,explained_variance,0.002092897891998291
296960,sps,627.0
296960,kl_beta,0.125
297439,episodic_return,774.0
297439,episodic_length,775.0
298440,episodic_return,1000.0
298440,episodic_length,1000.0
299008,value_loss,0.19298940896987915
299008,policy_loss,0.02133459970355034
299008,approx_kl,0.010041740722954273
299008,clipfrac,0.093505859375
299008,explained_variance,0.01899963617324829
299008,sps,627.0
299008,kl_beta,0.125
299441,episodic_return,1000.0
299441,episodic_length,1000.0
299543,episodic_return,100.0
299543,episodic_length,101.0
300544,episodic_return,1000.0
300544,episodic_length,1000.0
301056,value_loss,0.015144117176532745
301056,policy_loss,0.02673264592885971
301056,approx_kl,0.040137000381946564
301056,clipfrac,0.26630859375
301056,explained_variance,-0.017461538314819336
301056,sps,627.0
301056,kl_beta,0.25
301369,episodic_return,823.0
301369,episodic_length,824.0
301501,episodic_return,130.0
301501,episodic_length,131.0
301727,episodic_return,224.0
301727,episodic_length,225.0
301931,episodic_return,202.0
301931,episodic_length,203.0
302425,episodic_return,492.0
302425,episodic_length,493.0
302608,episodic_return,181.0
302608,episodic_length,182.0
303104,value_loss,0.3089856803417206
303104,policy_loss,-0.04159470647573471
303104,approx_kl,0.1367991864681244
303104,clipfrac,0.301513671875
303104,explained_variance,-0.01994490623474121
303104,sps,627.0
303104,kl_beta,0.5
303609,episodic_return,1000.0
303609,episodic_length,1000.0
304610,episodic_return,1000.0
304610,episodic_length,1000.0
305152,value_loss,0.018371108919382095
305152,policy_loss,0.0018832585774362087
305152,approx_kl,0.0023775650188326836
305152,clipfrac,0.028662109375
305152,explained_variance,-0.024056673049926758
305152,sps,627.0
305152,kl_beta,0.25
305611,episodic_return,1000.0
305611,episodic_length,1000.0
306207,episodic_return,594.0
306207,episodic_length,595.0
307200,value_loss,0.15403209626674652
307200,policy_loss,-0.013970497064292431
307200,approx_kl,0.013227555900812149
307200,clipfrac,0.11435546875
307200,explained_variance,-0.018328547477722168
307200,sps,627.0
307200,kl_beta,0.25
307208,episodic_return,1000.0
307208,episodic_length,1000.0
307893,episodic_return,683.0
307893,episodic_length,684.0
308894,episodic_return,1000.0
308894,episodic_length,1000.0
309248,value_loss,0.0500730499625206
309248,policy_loss,-0.028543001040816307
309248,approx_kl,0.009416782297194004
309248,clipfrac,0.154736328125
309248,explained_variance,0.033951759338378906
309248,sps,627.0
309248,kl_beta,0.25
309895,episodic_return,1000.0
309895,episodic_length,1000.0
310263,episodic_return,366.0
310263,episodic_length,367.0
311264,episodic_return,1000.0
311264,episodic_length,1000.0
311296,value_loss,0.1609879434108734
311296,policy_loss,0.017782490700483322
311296,approx_kl,0.007465381175279617
311296,clipfrac,0.030615234375
311296,explained_variance,0.04736071825027466
311296,sps,626.0
311296,kl_beta,0.25
312265,episodic_return,1000.0
312265,episodic_length,1000.0
313266,episodic_return,1000.0
313266,episodic_length,1000.0
313344,value_loss,0.19356651604175568
313344,policy_loss,0.005353999324142933
313344,approx_kl,0.03830916807055473
313344,clipfrac,0.30625
313344,explained_variance,0.05337035655975342
313344,sps,626.0
313344,kl_beta,0.5
314267,episodic_return,1000.0
314267,episodic_length,1000.0
315268,episodic_return,1000.0
315268,episodic_length,1000.0
315277,episodic_return,7.0
315277,episodic_length,8.0
315392,value_loss,0.041037119925022125
315392,policy_loss,-0.01634487695991993
315392,approx_kl,0.002511275000870228
315392,clipfrac,0.01572265625
315392,explained_variance,0.008786499500274658
315392,sps,626.0
315392,kl_beta,0.25
316278,episodic_return,1000.0
316278,episodic_length,1000.0
317279,episodic_return,1000.0
317279,episodic_length,1000.0
317440,value_loss,0.1405872106552124
317440,policy_loss,-0.00015744753181934357
317440,approx_kl,0.02267245203256607
317440,clipfrac,0.1375
317440,explained_variance,0.0021738409996032715
317440,sps,626.0
317440,kl_beta,0.5
318280,episodic_return,1000.0
318280,episodic_length,1000.0
319281,episodic_return,1000.0
319281,episodic_length,1000.0
319488,value_loss,0.22376585006713867
319488,policy_loss,-0.006440292112529278
319488,approx_kl,0.0027970168739557266
319488,clipfrac,0.04296875
319488,explained_variance,0.012894153594970703
319488,sps,626.0
319488,kl_beta,0.25
320282,episodic_return,1000.0
320282,episodic_length,1000.0
321283,episodic_return,1000.0
321283,episodic_length,1000.0
321536,value_loss,0.06591983139514923
321536,policy_loss,-0.04816422611474991
321536,approx_kl,0.03401229530572891
321536,clipfrac,0.20439453125
321536,explained_variance,-0.015473008155822754
321536,sps,626.0
321536,kl_beta,0.5
322284,episodic_return,1000.0
322284,episodic_length,1000.0
323285,episodic_return,1000.0
323285,episodic_length,1000.0
323584,value_loss,0.013328230008482933
323584,policy_loss,-0.0021870173513889313
323584,approx_kl,0.003693118691444397
323584,clipfrac,0.041357421875
323584,explained_variance,-0.007568478584289551
323584,sps,626.0
323584,kl_beta,0.25
324286,episodic_return,1000.0
324286,episodic_length,1000.0
325287,episodic_return,1000.0
325287,episodic_length,1000.0
325632,value_loss,0.008670680224895477
325632,policy_loss,0.03170981630682945
325632,approx_kl,0.0022719409316778183
325632,clipfrac,0.027880859375
325632,explained_variance,-0.002591729164123535
325632,sps,626.0
325632,kl_beta,0.125
326288,episodic_return,1000.0
326288,episodic_length,1000.0
327289,episodic_return,1000.0
327289,episodic_length,1000.0
327680,value_loss,0.02884349226951599
327680,policy_loss,0.09102867543697357
327680,approx_kl,0.03578255698084831
327680,clipfrac,0.1841796875
327680,explained_variance,-0.018212199211120605
327680,sps,626.0
327680,kl_beta,0.25
328290,episodic_return,1000.0
328290,episodic_length,1000.0
329291,episodic_return,1000.0
329291,episodic_length,1000.0
329309,episodic_return,16.0
329309,episodic_length,17.0
329728,value_loss,0.18446725606918335
329728,policy_loss,-0.009556183591485023
329728,approx_kl,0.005454160273075104
329728,clipfrac,0.086572265625
329728,explained_variance,-0.0020210742950439453
329728,sps,626.0
329728,kl_beta,0.125
330310,episodic_return,1000.0
330310,episodic_length,1000.0
331311,episodic_return,1000.0
331311,episodic_length,1000.0
331776,value_loss,0.01484802644699812
331776,policy_loss,-0.037073682993650436
331776,approx_kl,0.016598086804151535
331776,clipfrac,0.076513671875
331776,explained_variance,0.016278743743896484
331776,sps,626.0
331776,kl_beta,0.25
332312,episodic_return,1000.0
332312,episodic_length,1000.0
333313,episodic_return,1000.0
333313,episodic_length,1000.0
333824,value_loss,0.2553269863128662
333824,policy_loss,-0.015884719789028168
333824,approx_kl,0.013053840026259422
333824,clipfrac,0.095166015625
333824,explained_variance,-0.024544596672058105
333824,sps,626.0
333824,kl_beta,0.25
334314,episodic_return,1000.0
334314,episodic_length,1000.0
335315,episodic_return,1000.0
335315,episodic_length,1000.0
335872,value_loss,0.15719710290431976
335872,policy_loss,-0.025425858795642853
335872,approx_kl,0.03398588299751282
335872,clipfrac,0.155224609375
335872,explained_variance,0.0037022829055786133
335872,sps,626.0
335872,kl_beta,0.5
336316,episodic_return,1000.0
336316,episodic_length,1000.0
336589,episodic_return,271.0
336589,episodic_length,272.0
337590,episodic_return,1000.0
337590,episodic_length,1000.0
337920,value_loss,0.1766166388988495
337920,policy_loss,0.0018580835312604904
337920,approx_kl,0.005571272224187851
337920,clipfrac,0.042724609375
337920,explained_variance,0.0014986395835876465
337920,sps,625.0
337920,kl_beta,0.25
338591,episodic_return,1000.0
338591,episodic_length,1000.0
339592,episodic_return,1000.0
339592,episodic_length,1000.0
339968,value_loss,0.05938979983329773
339968,policy_loss,0.00041871750727295876
339968,approx_kl,0.006072903051972389
339968,clipfrac,0.091162109375
339968,explained_variance,0.01325690746307373
339968,sps,626.0
339968,kl_beta,0.125
340593,episodic_return,1000.0
340593,episodic_length,1000.0
341594,episodic_return,1000.0
341594,episodic_length,1000.0
342016,value_loss,0.015249693766236305
342016,policy_loss,-0.02747948095202446
342016,approx_kl,0.0230046845972538
342016,clipfrac,0.105615234375
342016,explained_variance,-0.02621901035308838
342016,sps,626.0
342016,kl_beta,0.25
342595,episodic_return,1000.0
342595,episodic_length,1000.0
343596,episodic_return,1000.0
343596,episodic_length,1000.0
344064,value_loss,0.3163391947746277
344064,policy_loss,-0.00798721332103014
344064,approx_kl,0.018218930810689926
344064,clipfrac,0.09951171875
344064,explained_variance,0.0023343563079833984
344064,sps,626.0
344064,kl_beta,0.5
344597,episodic_return,1000.0
344597,episodic_length,1000.0
345598,episodic_return,1000.0
345598,episodic_length,1000.0
346112,value_loss,0.07942143082618713
346112,policy_loss,-0.00017097685486078262
346112,approx_kl,0.005431247875094414
346112,clipfrac,0.0599609375
346112,explained_variance,-0.011485099792480469
346112,sps,626.0
346112,kl_beta,0.25
346599,episodic_return,1000.0
346599,episodic_length,1000.0
347600,episodic_return,1000.0
347600,episodic_length,1000.0
348160,value_loss,0.07184673100709915
348160,policy_loss,0.0028572340961545706
348160,approx_kl,0.005339755676686764
348160,clipfrac,0.03369140625
348160,explained_variance,-0.005278229713439941
348160,sps,626.0
348160,kl_beta,0.125
348601,episodic_return,1000.0
348601,episodic_length,1000.0
349602,episodic_return,1000.0
349602,episodic_length,1000.0
350208,value_loss,0.03877846524119377
350208,policy_loss,0.010373931378126144
350208,approx_kl,0.11166021227836609
350208,clipfrac,0.2419921875
350208,explained_variance,-0.007662653923034668
350208,sps,626.0
350208,kl_beta,0.25
350603,episodic_return,1000.0
350603,episodic_length,1000.0
351604,episodic_return,1000.0
351604,episodic_length,1000.0
352256,value_loss,0.05087859928607941
352256,policy_loss,-0.007384266704320908
352256,approx_kl,0.022015690803527832
352256,clipfrac,0.169482421875
352256,explained_variance,-0.004919886589050293
352256,sps,626.0
352256,kl_beta,0.5
352605,episodic_return,1000.0
352605,episodic_length,1000.0
352995,episodic_return,388.0
352995,episodic_length,389.0
353374,episodic_return,377.0
353374,episodic_length,378.0
354104,episodic_return,728.0
354104,episodic_length,729.0
354304,value_loss,0.193181574344635
354304,policy_loss,0.00028210878372192383
354304,approx_kl,0.004312463104724884
354304,clipfrac,0.03232421875
354304,explained_variance,0.004453301429748535
354304,sps,626.0
354304,kl_beta,0.25
355105,episodic_return,1000.0
355105,episodic_length,1000.0
355420,episodic_return,313.0
355420,episodic_length,314.0
355817,episodic_return,395.0
355817,episodic_length,396.0
356352,value_loss,0.12300781160593033
356352,policy_loss,-0.02971300296485424
356352,approx_kl,0.011459612287580967
356352,clipfrac,0.07626953125
356352,explained_variance,0.004698693752288818
356352,sps,625.0
356352,kl_beta,0.25
356818,episodic_return,1000.0
356818,episodic_length,1000.0
357819,episodic_return,1000.0
357819,episodic_length,1000.0
358024,episodic_return,203.0
358024,episodic_length,204.0
358400,value_loss,0.10239510238170624
358400,policy_loss,-0.05243789777159691
358400,approx_kl,0.013928043656051159
358400,clipfrac,0.06708984375
358400,explained_variance,0.03695005178451538
358400,sps,625.0
358400,kl_beta,0.25
359025,episodic_return,1000.0
359025,episodic_length,1000.0
360026,episodic_return,1000.0
360026,episodic_length,1000.0
360448,value_loss,0.003342936746776104
360448,policy_loss,0.14075516164302826
360448,approx_kl,0.021159350872039795
360448,clipfrac,0.090478515625
360448,explained_variance,-0.010236024856567383
360448,sps,625.0
360448,kl_beta,0.5
361027,episodic_return,1000.0
361027,episodic_length,1000.0
362028,episodic_return,1000.0
362028,episodic_length,1000.0
362496,value_loss,0.10698486864566803
362496,policy_loss,-0.0049058529548347
362496,approx_kl,0.0013100439682602882
362496,clipfrac,0.02451171875
362496,explained_variance,-0.010991573333740234
362496,sps,625.0
362496,kl_beta,0.25
363029,episodic_return,1000.0
363029,episodic_length,1000.0
364030,episodic_return,1000.0
364030,episodic_length,1000.0
364544,value_loss,0.0385572649538517
364544,policy_loss,-0.005052236374467611
364544,approx_kl,0.0032465849071741104
364544,clipfrac,0.03125
364544,explained_variance,-0.001692652702331543
364544,sps,625.0
364544,kl_beta,0.125
365031,episodic_return,1000.0
365031,episodic_length,1000.0
366032,episodic_return,1000.0
366032,episodic_length,1000.0
366592,value_loss,0.010697346180677414
366592,policy_loss,-0.009681686758995056
366592,approx_kl,0.0243912935256958
366592,clipfrac,0.124951171875
366592,explained_variance,-0.001932978630065918
366592,sps,625.0
366592,kl_beta,0.25
367033,episodic_return,1000.0
367033,episodic_length,1000.0
368034,episodic_return,1000.0
368034,episodic_length,1000.0
368640,value_loss,0.03799305856227875
368640,policy_loss,-0.005041806027293205
368640,approx_kl,0.0038199862465262413
368640,clipfrac,0.044970703125
368640,explained_variance,-0.024226069450378418
368640,sps,625.0
368640,kl_beta,0.125
369035,episodic_return,1000.0
369035,episodic_length,1000.0
370036,episodic_return,1000.0
370036,episodic_length,1000.0
370688,value_loss,0.36730003356933594
370688,policy_loss,-0.011962180957198143
370688,approx_kl,0.015405581332743168
370688,clipfrac,0.036767578125
370688,explained_variance,0.03899770975112915
370688,sps,625.0
370688,kl_beta,0.25
371037,episodic_return,1000.0
371037,episodic_length,1000.0
372038,episodic_return,1000.0
372038,episodic_length,1000.0
372736,value_loss,0.013988037593662739
372736,policy_loss,-0.003316389862447977
372736,approx_kl,0.0022839512676000595
372736,clipfrac,0.009326171875
372736,explained_variance,-0.007976651191711426
372736,sps,625.0
372736,kl_beta,0.125
373039,episodic_return,1000.0
373039,episodic_length,1000.0
374040,episodic_return,1000.0
374040,episodic_length,1000.0
374784,value_loss,0.10186471790075302
374784,policy_loss,0.0031452984549105167
374784,approx_kl,0.005684542469680309
374784,clipfrac,0.01552734375
374784,explained_variance,-0.02043759822845459
374784,sps,625.0
374784,kl_beta,0.0625
375041,episodic_return,1000.0
375041,episodic_length,1000.0
375940,episodic_return,897.0
375940,episodic_length,898.0
376675,episodic_return,733.0
376675,episodic_length,734.0
376832,value_loss,0.15977656841278076
376832,policy_loss,0.0073938858695328236
376832,approx_kl,0.04063154011964798
376832,clipfrac,0.12939453125
376832,explained_variance,-0.007075190544128418
376832,sps,625.0
376832,kl_beta,0.125
377676,episodic_return,1000.0
377676,episodic_length,1000.0
378581,episodic_return,903.0
378581,episodic_length,904.0
378880,value_loss,0.060071222484111786
378880,policy_loss,-0.02372189424932003
378880,approx_kl,0.009463260881602764
378880,clipfrac,0.052587890625
378880,explained_variance,0.0018315315246582031
378880,sps,625.0
378880,kl_beta,0.125
379582,episodic_return,1000.0
379582,episodic_length,1000.0
380583,episodic_return,1000.0
380583,episodic_length,1000.0
380928,value_loss,0.0058054812252521515
380928,policy_loss,0.010590305551886559
380928,approx_kl,0.04815565422177315
380928,clipfrac,0.2556640625
380928,explained_variance,-0.01818668842315674
380928,sps,625.0
380928,kl_beta,0.25
381584,episodic_return,1000.0
381584,episodic_length,1000.0
381923,episodic_return,337.0
381923,episodic_length,338.0
382226,episodic_return,301.0
382226,episodic_length,302.0
382976,value_loss,0.005121716298162937
382976,policy_loss,0.03127817437052727
382976,approx_kl,0.010116399265825748
382976,clipfrac,0.111669921875
382976,explained_variance,-0.03191018104553223
382976,sps,625.0
382976,kl_beta,0.25
383227,episodic_return,1000.0
383227,episodic_length,1000.0
384228,episodic_return,1000.0
384228,episodic_length,1000.0
385024,value_loss,0.06414282321929932
385024,policy_loss,-0.002219783142209053
385024,approx_kl,0.008488766849040985
385024,clipfrac,0.023974609375
385024,explained_variance,-0.004013657569885254
385024,sps,625.0
385024,kl_beta,0.25
385229,episodic_return,1000.0
385229,episodic_length,1000.0
386230,episodic_return,1000.0
386230,episodic_length,1000.0
387072,value_loss,0.1394808441400528
387072,policy_loss,0.0012703975662589073
387072,approx_kl,0.0030683837831020355
387072,clipfrac,0.018994140625
387072,explained_variance,-0.024549484252929688
387072,sps,625.0
387072,kl_beta,0.125
387231,episodic_return,1000.0
387231,episodic_length,1000.0
388232,episodic_return,1000.0
388232,episodic_length,1000.0
389120,value_loss,0.008995616808533669
389120,policy_loss,-0.003251219866797328
389120,approx_kl,0.012015441432595253
389120,clipfrac,0.061572265625
389120,explained_variance,-0.008457303047180176
389120,sps,624.0
389120,kl_beta,0.125
389233,episodic_return,1000.0
389233,episodic_length,1000.0
390234,episodic_return,1000.0
390234,episodic_length,1000.0
391168,value_loss,0.012661087326705456
391168,policy_loss,-0.006504095159471035
391168,approx_kl,0.008250394836068153
391168,clipfrac,0.0798828125
391168,explained_variance,0.017421185970306396
391168,sps,624.0
391168,kl_beta,0.125
391235,episodic_return,1000.0
391235,episodic_length,1000.0
392236,episodic_return,1000.0
392236,episodic_length,1000.0
393216,value_loss,0.011572319082915783
393216,policy_loss,-0.006692319177091122
393216,approx_kl,0.0627470538020134
393216,clipfrac,0.14384765625
393216,explained_variance,0.028812944889068604
393216,sps,624.0
393216,kl_beta,0.25
393237,episodic_return,1000.0
393237,episodic_length,1000.0
394238,episodic_return,1000.0
394238,episodic_length,1000.0
395239,episodic_return,1000.0
395239,episodic_length,1000.0
395264,value_loss,0.03740397095680237
395264,policy_loss,0.0004519335925579071
395264,approx_kl,0.03879295289516449
395264,clipfrac,0.12607421875
395264,explained_variance,-0.006785392761230469
395264,sps,624.0
395264,kl_beta,0.5
396240,episodic_return,1000.0
396240,episodic_length,1000.0
397241,episodic_return,1000.0
397241,episodic_length,1000.0
397312,value_loss,0.0031381207518279552
397312,policy_loss,-0.007513668853789568
397312,approx_kl,0.005817479453980923
397312,clipfrac,0.055517578125
397312,explained_variance,-0.014414668083190918
397312,sps,624.0
397312,kl_beta,0.25
397822,episodic_return,579.0
397822,episodic_length,580.0
398399,episodic_return,575.0
398399,episodic_length,576.0
398543,episodic_return,142.0
398543,episodic_length,143.0
398653,episodic_return,108.0
398653,episodic_length,109.0
399360,value_loss,0.22947946190834045
399360,policy_loss,-0.014213094487786293
399360,approx_kl,0.006823948584496975
399360,clipfrac,0.12919921875
399360,explained_variance,0.02287304401397705
399360,sps,624.0
399360,kl_beta,0.25
399654,episodic_return,1000.0
399654,episodic_length,1000.0
400378,episodic_return,722.0
400378,episodic_length,723.0
401379,episodic_return,1000.0
401379,episodic_length,1000.0
401408,value_loss,0.0702093318104744
401408,policy_loss,0.02383445017039776
401408,approx_kl,0.016918383538722992
401408,clipfrac,0.15107421875
401408,explained_variance,0.03742033243179321
401408,sps,624.0
401408,kl_beta,0.5
401749,episodic_return,368.0
401749,episodic_length,369.0
402750,episodic_return,1000.0
402750,episodic_length,1000.0
403456,value_loss,0.02620912343263626
403456,policy_loss,0.0034282589331269264
403456,approx_kl,0.0021462831646203995
403456,clipfrac,0.01552734375
403456,explained_variance,0.06422936916351318
403456,sps,624.0
403456,kl_beta,0.25
403751,episodic_return,1000.0
403751,episodic_length,1000.0
404525,episodic_return,772.0
404525,episodic_length,773.0
405504,value_loss,0.007667890749871731
405504,policy_loss,-0.0069454628974199295
405504,approx_kl,0.0034996196627616882
405504,clipfrac,0.06806640625
405504,explained_variance,0.08803683519363403
405504,sps,624.0
405504,kl_beta,0.125
405526,episodic_return,1000.0
405526,episodic_length,1000.0
406527,episodic_return,1000.0
406527,episodic_length,1000.0
407528,episodic_return,1000.0
407528,episodic_length,1000.0
407552,value_loss,0.06639134883880615
407552,policy_loss,0.014867604710161686
407552,approx_kl,0.047406651079654694
407552,clipfrac,0.13818359375
407552,explained_variance,-0.13377618789672852
407552,sps,624.0
407552,kl_beta,0.25
408529,episodic_return,1000.0
408529,episodic_length,1000.0
409530,episodic_return,1000.0
409530,episodic_length,1000.0
409600,value_loss,0.027661148458719254
409600,policy_loss,0.002055621473118663
409600,approx_kl,0.0059314025565981865
409600,clipfrac,0.02177734375
409600,explained_variance,-0.02373373508453369
409600,sps,624.0
409600,kl_beta,0.125
410531,episodic_return,1000.0
410531,episodic_length,1000.0
411532,episodic_return,1000.0
411532,episodic_length,1000.0
411648,value_loss,0.020417621359229088
411648,policy_loss,-0.04781525209546089
411648,approx_kl,0.047994762659072876
411648,clipfrac,0.20458984375
411648,explained_variance,-0.0010360479354858398
411648,sps,624.0
411648,kl_beta,0.25
412533,episodic_return,1000.0
412533,episodic_length,1000.0
413534,episodic_return,1000.0
413534,episodic_length,1000.0
413696,value_loss,0.17709113657474518
413696,policy_loss,-0.0023616652470082045
413696,approx_kl,0.002071102149784565
413696,clipfrac,0.035107421875
413696,explained_variance,0.012654423713684082
413696,sps,624.0
413696,kl_beta,0.125
414535,episodic_return,1000.0
414535,episodic_length,1000.0
415536,episodic_return,1000.0
415536,episodic_length,1000.0
415744,value_loss,0.00931476429104805
415744,policy_loss,0.0024164137430489063
415744,approx_kl,0.009199526160955429
415744,clipfrac,0.03369140625
415744,explained_variance,0.04605168104171753
415744,sps,624.0
415744,kl_beta,0.125
416537,episodic_return,1000.0
416537,episodic_length,1000.0
417538,episodic_return,1000.0
417538,episodic_length,1000.0
417792,value_loss,0.19315694272518158
417792,policy_loss,-0.025468381121754646
417792,approx_kl,0.07066164910793304
417792,clipfrac,0.177587890625
417792,explained_variance,0.17164987325668335
417792,sps,624.0
417792,kl_beta,0.25
418539,episodic_return,1000.0
418539,episodic_length,1000.0
419540,episodic_return,1000.0
419540,episodic_length,1000.0
419840,value_loss,0.017638370394706726
419840,policy_loss,-0.014478754252195358
419840,approx_kl,0.004316391423344612
419840,clipfrac,0.027294921875
419840,explained_variance,0.007588446140289307
419840,sps,624.0
419840,kl_beta,0.125
420541,episodic_return,1000.0
420541,episodic_length,1000.0
421542,episodic_return,1000.0
421542,episodic_length,1000.0
421888,value_loss,0.19764110445976257
421888,policy_loss,-0.006309787277132273
421888,approx_kl,0.016110222786664963
421888,clipfrac,0.126953125
421888,explained_variance,-0.040709733963012695
421888,sps,624.0
421888,kl_beta,0.25
422347,episodic_return,803.0
422347,episodic_length,804.0
423348,episodic_return,1000.0
423348,episodic_length,1000.0
423936,value_loss,0.005798314232379198
423936,policy_loss,-0.01743009127676487
423936,approx_kl,0.014153891243040562
423936,clipfrac,0.09326171875
423936,explained_variance,0.008475244045257568
423936,sps,624.0
423936,kl_beta,0.25
424349,episodic_return,1000.0
424349,episodic_length,1000.0
425350,episodic_return,1000.0
425350,episodic_length,1000.0
425984,value_loss,0.20752152800559998
425984,policy_loss,-0.02999417670071125
425984,approx_kl,0.02188580483198166
425984,clipfrac,0.104443359375
425984,explained_variance,0.027263879776000977
425984,sps,624.0
425984,kl_beta,0.5
426351,episodic_return,1000.0
426351,episodic_length,1000.0
426911,episodic_return,558.0
426911,episodic_length,559.0
427638,episodic_return,725.0
427638,episodic_length,726.0
428032,value_loss,0.053892992436885834
428032,policy_loss,0.006598356645554304
428032,approx_kl,0.002028769813477993
428032,clipfrac,0.00576171875
428032,explained_variance,0.007681667804718018
428032,sps,624.0
428032,kl_beta,0.25
428639,episodic_return,1000.0
428639,episodic_length,1000.0
429640,episodic_return,1000.0
429640,episodic_length,1000.0
430080,value_loss,0.15671852231025696
430080,policy_loss,-0.017124062404036522
430080,approx_kl,0.005387083627283573
430080,clipfrac,0.03017578125
430080,explained_variance,-0.05055534839630127
430080,sps,624.0
430080,kl_beta,0.125
430641,episodic_return,1000.0
430641,episodic_length,1000.0
431642,episodic_return,1000.0
431642,episodic_length,1000.0
432128,value_loss,0.021647801622748375
432128,policy_loss,-0.049317870289087296
432128,approx_kl,0.0384373664855957
432128,clipfrac,0.201513671875
432128,explained_variance,0.014181017875671387
432128,sps,624.0
432128,kl_beta,0.25
432643,episodic_return,1000.0
432643,episodic_length,1000.0
433644,episodic_return,1000.0
433644,episodic_length,1000.0
434176,value_loss,0.15705086290836334
434176,policy_loss,0.0059166946448385715
434176,approx_kl,0.018184969201683998
434176,clipfrac,0.086474609375
434176,explained_variance,-0.022171974182128906
434176,sps,624.0
434176,kl_beta,0.5
434645,episodic_return,1000.0
434645,episodic_length,1000.0
435646,episodic_return,1000.0
435646,episodic_length,1000.0
435909,episodic_return,261.0
435909,episodic_length,262.0
436224,value_loss,0.1757299304008484
436224,policy_loss,-0.005987933371216059
436224,approx_kl,0.006545054726302624
436224,clipfrac,0.05205078125
436224,explained_variance,-0.03381013870239258
436224,sps,624.0
436224,kl_beta,0.25
436910,episodic_return,1000.0
436910,episodic_length,1000.0
437911,episodic_return,1000.0
437911,episodic_length,1000.0
438272,value_loss,0.3080545663833618
438272,policy_loss,-0.007300207391381264
438272,approx_kl,0.01605365425348282
438272,clipfrac,0.098828125
438272,explained_variance,0.0005892515182495117
438272,sps,623.0
438272,kl_beta,0.5
438912,episodic_return,1000.0
438912,episodic_length,1000.0
439612,episodic_return,698.0
439612,episodic_length,699.0
440320,value_loss,0.14638297259807587
440320,policy_loss,-0.007447682321071625
440320,approx_kl,0.002056613564491272
440320,clipfrac,0.017578125
440320,explained_variance,0.022290706634521484
440320,sps,623.0
440320,kl_beta,0.25
440613,episodic_return,1000.0
440613,episodic_length,1000.0
441614,episodic_return,1000.0
441614,episodic_length,1000.0
442368,value_loss,0.006740504875779152
442368,policy_loss,0.0011786699760705233
442368,approx_kl,0.0010287882760167122
442368,clipfrac,0.0056640625
442368,explained_variance,0.01391744613647461
442368,sps,623.0
442368,kl_beta,0.125
442615,episodic_return,1000.0
442615,episodic_length,1000.0
443616,episodic_return,1000.0
443616,episodic_length,1000.0
444416,value_loss,0.1513483226299286
444416,policy_loss,-0.008969904854893684
444416,approx_kl,0.040597718209028244
444416,clipfrac,0.209814453125
444416,explained_variance,0.02544701099395752
444416,sps,622.0
444416,kl_beta,0.25
444617,episodic_return,1000.0
444617,episodic_length,1000.0
445618,episodic_return,1000.0
445618,episodic_length,1000.0
446464,value_loss,0.07251618802547455
446464,policy_loss,-0.06515154987573624
446464,approx_kl,0.016345007345080376
446464,clipfrac,0.070947265625
446464,explained_variance,0.004796326160430908
446464,sps,622.0
446464,kl_beta,0.5
446619,episodic_return,1000.0
446619,episodic_length,1000.0
447620,episodic_return,1000.0
447620,episodic_length,1000.0
448512,value_loss,0.05379927530884743
448512,policy_loss,0.01772279292345047
448512,approx_kl,0.015776604413986206
448512,clipfrac,0.111962890625
448512,explained_variance,0.030823945999145508
448512,sps,622.0
448512,kl_beta,1.0
448621,episodic_return,1000.0
448621,episodic_length,1000.0
449622,episodic_return,1000.0
449622,episodic_length,1000.0
450560,value_loss,0.07150956243276596
450560,policy_loss,-0.005332936532795429
450560,approx_kl,0.0010921908542513847
450560,clipfrac,0.004736328125
450560,explained_variance,-0.02921450138092041
450560,sps,622.0
450560,kl_beta,0.5
450623,episodic_return,1000.0
450623,episodic_length,1000.0
451624,episodic_return,1000.0
451624,episodic_length,1000.0
452608,value_loss,0.2467089593410492
452608,policy_loss,0.004532828461378813
452608,approx_kl,0.0029540015384554863
452608,clipfrac,0.016650390625
452608,explained_variance,-0.02363908290863037
452608,sps,622.0
452608,kl_beta,0.25
452625,episodic_return,1000.0
452625,episodic_length,1000.0
453626,episodic_return,1000.0
453626,episodic_length,1000.0
454627,episodic_return,1000.0
454627,episodic_length,1000.0
454656,value_loss,0.25310003757476807
454656,policy_loss,-0.012057105079293251
454656,approx_kl,0.0034080054610967636
454656,clipfrac,0.0140625
454656,explained_variance,-0.009762763977050781
454656,sps,623.0
454656,kl_beta,0.125
455628,episodic_return,1000.0
455628,episodic_length,1000.0
456629,episodic_return,1000.0
456629,episodic_length,1000.0
456704,value_loss,0.16424493491649628
456704,policy_loss,0.01403476670384407
456704,approx_kl,0.05737745761871338
456704,clipfrac,0.156298828125
456704,explained_variance,0.012447357177734375
456704,sps,622.0
456704,kl_beta,0.25
457630,episodic_return,1000.0
457630,episodic_length,1000.0
457817,episodic_return,185.0
457817,episodic_length,186.0
458752,value_loss,0.20829494297504425
458752,policy_loss,-0.00396866025403142
458752,approx_kl,0.006709901615977287
458752,clipfrac,0.054443359375
458752,explained_variance,-0.025363922119140625
458752,sps,622.0
458752,kl_beta,0.25
458818,episodic_return,1000.0
458818,episodic_length,1000.0
459819,episodic_return,1000.0
459819,episodic_length,1000.0
460800,value_loss,0.036384593695402145
460800,policy_loss,-0.002714951755478978
460800,approx_kl,0.010106424801051617
460800,clipfrac,0.091015625
460800,explained_variance,-9.739398956298828e-05
460800,sps,622.0
460800,kl_beta,0.25
460820,episodic_return,1000.0
460820,episodic_length,1000.0
461821,episodic_return,1000.0
461821,episodic_length,1000.0
462822,episodic_return,1000.0
462822,episodic_length,1000.0
462848,value_loss,0.08270248025655746
462848,policy_loss,-0.007991577498614788
462848,approx_kl,0.012169885449111462
462848,clipfrac,0.06728515625
462848,explained_variance,-0.02638399600982666
462848,sps,622.0
462848,kl_beta,0.25
463823,episodic_return,1000.0
463823,episodic_length,1000.0
464824,episodic_return,1000.0
464824,episodic_length,1000.0
464896,value_loss,0.0251435749232769
464896,policy_loss,0.016696598380804062
464896,approx_kl,0.0014823563396930695
464896,clipfrac,0.016650390625
464896,explained_variance,-0.00897979736328125
464896,sps,622.0
464896,kl_beta,0.125
465825,episodic_return,1000.0
465825,episodic_length,1000.0
466826,episodic_return,1000.0
466826,episodic_length,1000.0
466944,value_loss,0.11688467860221863
466944,policy_loss,-0.004657096695154905
466944,approx_kl,0.03206378594040871
466944,clipfrac,0.06689453125
466944,explained_variance,-0.06142866611480713
466944,sps,622.0
466944,kl_beta,0.25
467827,episodic_return,1000.0
467827,episodic_length,1000.0
468828,episodic_return,1000.0
468828,episodic_length,1000.0
468992,value_loss,0.2650092840194702
468992,policy_loss,-0.0026730543468147516
468992,approx_kl,0.004068947397172451
468992,clipfrac,0.013671875
468992,explained_variance,0.023211419582366943
468992,sps,622.0
468992,kl_beta,0.125
469829,episodic_return,1000.0
469829,episodic_length,1000.0
470830,episodic_return,1000.0
470830,episodic_length,1000.0
471040,value_loss,0.16049137711524963
471040,policy_loss,0.03464342653751373
471040,approx_kl,0.09541922807693481
471040,clipfrac,0.2416015625
471040,explained_variance,-0.05660724639892578
471040,sps,622.0
471040,kl_beta,0.25
471831,episodic_return,1000.0
471831,episodic_length,1000.0
472832,episodic_return,1000.0
472832,episodic_length,1000.0
473088,value_loss,0.006737975403666496
473088,policy_loss,0.00218658777885139
473088,approx_kl,0.003867524676024914
473088,clipfrac,0.018603515625
473088,explained_variance,0.012783825397491455
473088,sps,622.0
473088,kl_beta,0.125
473833,episodic_return,1000.0
473833,episodic_length,1000.0
474834,episodic_return,1000.0
474834,episodic_length,1000.0
475136,value_loss,0.03259596228599548
475136,policy_loss,-0.016323408111929893
475136,approx_kl,0.0350540429353714
475136,clipfrac,0.14501953125
475136,explained_variance,0.014707863330841064
475136,sps,622.0
475136,kl_beta,0.25
475835,episodic_return,1000.0
475835,episodic_length,1000.0
476836,episodic_return,1000.0
476836,episodic_length,1000.0
477184,value_loss,0.2886655032634735
477184,policy_loss,0.007905671373009682
477184,approx_kl,0.012605763040482998
477184,clipfrac,0.093017578125
477184,explained_variance,0.03116971254348755
477184,sps,622.0
477184,kl_beta,0.25
477837,episodic_return,1000.0
477837,episodic_length,1000.0
478604,episodic_return,765.0
478604,episodic_length,766.0
479124,episodic_return,518.0
479124,episodic_length,519.0
479232,value_loss,0.13996899127960205
479232,policy_loss,-0.061031341552734375
479232,approx_kl,0.016788043081760406
479232,clipfrac,0.104833984375
479232,explained_variance,-0.08031737804412842
479232,sps,622.0
479232,kl_beta,0.5
479817,episodic_return,691.0
479817,episodic_length,692.0
480818,episodic_return,1000.0
480818,episodic_length,1000.0
480894,episodic_return,74.0
480894,episodic_length,75.0
481280,value_loss,0.1494682878255844
481280,policy_loss,-0.01018836535513401
481280,approx_kl,0.009127716533839703
481280,clipfrac,0.0564453125
481280,explained_variance,0.012034893035888672
481280,sps,622.0
481280,kl_beta,0.5
481895,episodic_return,1000.0
481895,episodic_length,1000.0
482030,episodic_return,133.0
482030,episodic_length,134.0
482043,episodic_return,11.0
482043,episodic_length,12.0
483044,episodic_return,1000.0
483044,episodic_length,1000.0
483328,value_loss,0.5454381704330444
483328,policy_loss,0.016753828153014183
483328,approx_kl,0.006704750470817089
483328,clipfrac,0.066552734375
483328,explained_variance,0.013135969638824463
483328,sps,622.0
483328,kl_beta,0.5
483638,episodic_return,592.0
483638,episodic_length,593.0
483698,episodic_return,58.0
483698,episodic_length,59.0
484699,episodic_return,1000.0
484699,episodic_length,1000.0
485376,value_loss,0.015954775735735893
485376,policy_loss,-0.003986498340964317
485376,approx_kl,0.004589874297380447
485376,clipfrac,0.022998046875
485376,explained_variance,0.032308757305145264
485376,sps,622.0
485376,kl_beta,0.25
485700,episodic_return,1000.0
485700,episodic_length,1000.0
486701,episodic_return,1000.0
486701,episodic_length,1000.0
486935,episodic_return,232.0
486935,episodic_length,233.0
487424,value_loss,0.18432796001434326
487424,policy_loss,0.018461639061570168
487424,approx_kl,0.007146517746150494
487424,clipfrac,0.054052734375
487424,explained_variance,-0.0796670913696289
487424,sps,622.0
487424,kl_beta,0.25
487936,episodic_return,1000.0
487936,episodic_length,1000.0
488937,episodic_return,1000.0
488937,episodic_length,1000.0
489472,value_loss,0.1726982295513153
489472,policy_loss,-0.018292924389243126
489472,approx_kl,0.009791814722120762
489472,clipfrac,0.071484375
489472,explained_variance,-0.004227399826049805
489472,sps,622.0
489472,kl_beta,0.25
489938,episodic_return,1000.0
489938,episodic_length,1000.0
490939,episodic_return,1000.0
490939,episodic_length,1000.0
491520,value_loss,0.0056930240243673325
491520,policy_loss,0.011522222310304642
491520,approx_kl,0.005227432586252689
491520,clipfrac,0.057421875
491520,explained_variance,0.001221001148223877
491520,sps,622.0
491520,kl_beta,0.125
491940,episodic_return,1000.0
491940,episodic_length,1000.0
492941,episodic_return,1000.0
492941,episodic_length,1000.0
493568,value_loss,0.038446344435214996
493568,policy_loss,0.0015936632407829165
493568,approx_kl,0.004451713524758816
493568,clipfrac,0.03115234375
493568,explained_variance,0.005299687385559082
493568,sps,622.0
493568,kl_beta,0.0625
493942,episodic_return,1000.0
493942,episodic_length,1000.0
494943,episodic_return,1000.0
494943,episodic_length,1000.0
495616,value_loss,0.010005313903093338
495616,policy_loss,0.008678904734551907
495616,approx_kl,0.004228812642395496
495616,clipfrac,0.0205078125
495616,explained_variance,-0.01756000518798828
495616,sps,622.0
495616,kl_beta,0.03125
495944,episodic_return,1000.0
495944,episodic_length,1000.0
496945,episodic_return,1000.0
496945,episodic_length,1000.0
497664,value_loss,0.15528373420238495
497664,policy_loss,-0.014350088313221931
497664,approx_kl,0.01909547671675682
497664,clipfrac,0.03818359375
497664,explained_variance,-0.003756403923034668
497664,sps,622.0
497664,kl_beta,0.0625
497946,episodic_return,1000.0
497946,episodic_length,1000.0
498947,episodic_return,1000.0
498947,episodic_length,1000.0
498985,episodic_return,36.0
498985,episodic_length,37.0
499033,episodic_return,46.0
499033,episodic_length,47.0
499532,episodic_return,497.0
499532,episodic_length,498.0
499712,value_loss,0.1831635981798172
499712,policy_loss,-0.023536980152130127
499712,approx_kl,0.055267974734306335
499712,clipfrac,0.154150390625
499712,explained_variance,-0.002395153045654297
499712,sps,621.0
499712,kl_beta,0.125
500050,episodic_return,516.0
500050,episodic_length,517.0
500797,episodic_return,745.0
500797,episodic_length,746.0
500850,episodic_return,51.0
500850,episodic_length,52.0
500987,episodic_return,135.0
500987,episodic_length,136.0
501200,episodic_return,211.0
501200,episodic_length,212.0
501760,value_loss,0.40745389461517334
501760,policy_loss,0.028686802834272385
501760,approx_kl,0.03978070244193077
501760,clipfrac,0.19931640625
501760,explained_variance,0.003092348575592041
501760,sps,622.0
501760,kl_beta,0.25
501781,episodic_return,579.0
501781,episodic_length,580.0
502213,episodic_return,430.0
502213,episodic_length,431.0
502464,episodic_return,249.0
502464,episodic_length,250.0
503465,episodic_return,1000.0
503465,episodic_length,1000.0
503677,episodic_return,210.0
503677,episodic_length,211.0
503777,episodic_return,98.0
503777,episodic_length,99.0
503808,value_loss,0.17462660372257233
503808,policy_loss,0.02804633229970932
503808,approx_kl,0.022641807794570923
503808,clipfrac,0.135107421875
503808,explained_variance,0.0017023086547851562
503808,sps,622.0
503808,kl_beta,0.5
504390,episodic_return,611.0
504390,episodic_length,612.0
505391,episodic_return,1000.0
505391,episodic_length,1000.0
505856,value_loss,0.03148811683058739
505856,policy_loss,-0.00010789791122078896
505856,approx_kl,0.0004467098042368889
505856,clipfrac,0.005419921875
505856,explained_variance,-0.04374122619628906
505856,sps,621.0
505856,kl_beta,0.25
506229,episodic_return,836.0
506229,episodic_length,837.0
506510,episodic_return,279.0
506510,episodic_length,280.0
507511,episodic_return,1000.0
507511,episodic_length,1000.0
507904,value_loss,0.06850023567676544
507904,policy_loss,-0.0006125220097601414
507904,approx_kl,0.0027208831161260605
507904,clipfrac,0.0037109375
507904,explained_variance,0.010196864604949951
507904,sps,621.0
507904,kl_beta,0.125
508512,episodic_return,1000.0
508512,episodic_length,1000.0
509216,episodic_return,702.0
509216,episodic_length,703.0
509577,episodic_return,359.0
509577,episodic_length,360.0
509952,value_loss,0.23015698790550232
509952,policy_loss,-0.060751773416996
509952,approx_kl,0.0600242093205452
509952,clipfrac,0.213818359375
509952,explained_variance,0.03952676057815552
509952,sps,621.0
509952,kl_beta,0.25
510414,episodic_return,835.0
510414,episodic_length,836.0
510634,episodic_return,218.0
510634,episodic_length,219.0
511286,episodic_return,650.0
511286,episodic_length,651.0
511585,episodic_return,297.0
511585,episodic_length,298.0
511993,episodic_return,406.0
511993,episodic_length,407.0
512000,value_loss,0.3362373411655426
512000,policy_loss,-0.01928701624274254
512000,approx_kl,0.02075813338160515
512000,clipfrac,0.109375
512000,explained_variance,0.20492511987686157
512000,sps,621.0
512000,kl_beta,0.5
512227,episodic_return,232.0
512227,episodic_length,233.0
513228,episodic_return,1000.0
513228,episodic_length,1000.0
514048,value_loss,0.013141565956175327
514048,policy_loss,-0.014960790984332561
514048,approx_kl,0.002168634906411171
514048,clipfrac,0.015625
514048,explained_variance,0.12230390310287476
514048,sps,621.0
514048,kl_beta,0.25
514196,episodic_return,966.0
514196,episodic_length,967.0
514478,episodic_return,280.0
514478,episodic_length,281.0
514778,episodic_return,298.0
514778,episodic_length,299.0
515070,episodic_return,290.0
515070,episodic_length,291.0
515619,episodic_return,547.0
515619,episodic_length,548.0
516096,value_loss,0.2262306958436966
516096,policy_loss,0.004881381057202816
516096,approx_kl,0.01974041387438774
516096,clipfrac,0.132763671875
516096,explained_variance,0.30102288722991943
516096,sps,621.0
516096,kl_beta,0.5
516620,episodic_return,1000.0
516620,episodic_length,1000.0
517621,episodic_return,1000.0
517621,episodic_length,1000.0
518144,value_loss,0.08915551751852036
518144,policy_loss,-0.012253876775503159
518144,approx_kl,0.00290114339441061
518144,clipfrac,0.034228515625
518144,explained_variance,0.08640503883361816
518144,sps,621.0
518144,kl_beta,0.25
518622,episodic_return,1000.0
518622,episodic_length,1000.0
519623,episodic_return,1000.0
519623,episodic_length,1000.0
519743,episodic_return,118.0
519743,episodic_length,119.0
520192,value_loss,0.2073925882577896
520192,policy_loss,-0.0007103979587554932
520192,approx_kl,0.002799808979034424
520192,clipfrac,0.0517578125
520192,explained_variance,0.10147315263748169
520192,sps,621.0
520192,kl_beta,0.125
520744,episodic_return,1000.0
520744,episodic_length,1000.0
521745,episodic_return,1000.0
521745,episodic_length,1000.0
522240,value_loss,0.06366545706987381
522240,policy_loss,0.006776802241802216
522240,approx_kl,0.04600536823272705
522240,clipfrac,0.222021484375
522240,explained_variance,0.08525508642196655
522240,sps,621.0
522240,kl_beta,0.25
522746,episodic_return,1000.0
522746,episodic_length,1000.0
523747,episodic_return,1000.0
523747,episodic_length,1000.0
524288,value_loss,0.015626678243279457
524288,policy_loss,0.0014239333104342222
524288,approx_kl,0.0018754852935671806
524288,clipfrac,0.00771484375
524288,explained_variance,0.14937305450439453
524288,sps,621.0
524288,kl_beta,0.125
524748,episodic_return,1000.0
524748,episodic_length,1000.0
525749,episodic_return,1000.0
525749,episodic_length,1000.0
526336,value_loss,0.026576485484838486
526336,policy_loss,-0.008750843815505505
526336,approx_kl,0.034631408751010895
526336,clipfrac,0.1451171875
526336,explained_variance,0.19775491952896118
526336,sps,621.0
526336,kl_beta,0.25
526750,episodic_return,1000.0
526750,episodic_length,1000.0
527751,episodic_return,1000.0
527751,episodic_length,1000.0
528384,value_loss,0.046546999365091324
528384,policy_loss,-0.001933154184371233
528384,approx_kl,0.007314054295420647
528384,clipfrac,0.051171875
528384,explained_variance,0.019756197929382324
528384,sps,621.0
528384,kl_beta,0.25
528752,episodic_return,1000.0
528752,episodic_length,1000.0
529753,episodic_return,1000.0
529753,episodic_length,1000.0
530432,value_loss,0.32049110531806946
530432,policy_loss,0.02870180644094944
530432,approx_kl,0.013801432214677334
530432,clipfrac,0.061376953125
530432,explained_variance,-0.02199876308441162
530432,sps,621.0
530432,kl_beta,0.25
530754,episodic_return,1000.0
530754,episodic_length,1000.0
531755,episodic_return,1000.0
531755,episodic_length,1000.0
532396,episodic_return,639.0
532396,episodic_length,640.0
532480,value_loss,0.25731709599494934
532480,policy_loss,0.014033649116754532
532480,approx_kl,0.022796375676989555
532480,clipfrac,0.061083984375
532480,explained_variance,0.034392476081848145
532480,sps,621.0
532480,kl_beta,0.5
532812,episodic_return,414.0
532812,episodic_length,415.0
533813,episodic_return,1000.0
533813,episodic_length,1000.0
534528,value_loss,0.007439332082867622
534528,policy_loss,-0.0007017240859568119
534528,approx_kl,0.0008342964574694633
534528,clipfrac,0.00361328125
534528,explained_variance,-0.03459668159484863
534528,sps,620.0
534528,kl_beta,0.25
534814,episodic_return,1000.0
534814,episodic_length,1000.0
535230,episodic_return,414.0
535230,episodic_length,415.0
535350,episodic_return,118.0
535350,episodic_length,119.0
536034,episodic_return,682.0
536034,episodic_length,683.0
536576,value_loss,0.22163234651088715
536576,policy_loss,0.00497341388836503
536576,approx_kl,0.015686074271798134
536576,clipfrac,0.065673828125
536576,explained_variance,0.02189469337463379
536576,sps,620.0
536576,kl_beta,0.5
536778,episodic_return,742.0
536778,episodic_length,743.0
537006,episodic_return,226.0
537006,episodic_length,227.0
537311,episodic_return,303.0
537311,episodic_length,304.0
538090,episodic_return,777.0
538090,episodic_length,778.0
538624,value_loss,0.057531680911779404
538624,policy_loss,0.01469110045582056
538624,approx_kl,0.004939978942275047
538624,clipfrac,0.03447265625
538624,explained_variance,0.0029671192169189453
538624,sps,620.0
538624,kl_beta,0.25
539091,episodic_return,1000.0
539091,episodic_length,1000.0
540092,episodic_return,1000.0
540092,episodic_length,1000.0
540388,episodic_return,294.0
540388,episodic_length,295.0
540672,value_loss,0.051485225558280945
540672,policy_loss,0.0014082540292292833
540672,approx_kl,0.002334405668079853
540672,clipfrac,0.01552734375
540672,explained_variance,0.006775379180908203
540672,sps,620.0
540672,kl_beta,0.125
541389,episodic_return,1000.0
541389,episodic_length,1000.0
542164,episodic_return,773.0
542164,episodic_length,774.0
542720,value_loss,0.012479963712394238
542720,policy_loss,-0.04230162501335144
542720,approx_kl,0.026163756847381592
542720,clipfrac,0.09423828125
542720,explained_variance,-0.012337923049926758
542720,sps,620.0
542720,kl_beta,0.25
542798,episodic_return,632.0
542798,episodic_length,633.0
543353,episodic_return,553.0
543353,episodic_length,554.0
544354,episodic_return,1000.0
544354,episodic_length,1000.0
544768,value_loss,0.022497229278087616
544768,policy_loss,0.009011564776301384
544768,approx_kl,0.004756204783916473
544768,clipfrac,0.06826171875
544768,explained_variance,0.02866828441619873
544768,sps,620.0
544768,kl_beta,0.125
545201,episodic_return,845.0
545201,episodic_length,846.0
546202,episodic_return,1000.0
546202,episodic_length,1000.0
546816,value_loss,0.06330852210521698
546816,policy_loss,-0.014633670449256897
546816,approx_kl,0.02847699634730816
546816,clipfrac,0.148974609375
546816,explained_variance,0.014026820659637451
546816,sps,620.0
546816,kl_beta,0.25
547203,episodic_return,1000.0
547203,episodic_length,1000.0
548204,episodic_return,1000.0
548204,episodic_length,1000.0
548864,value_loss,0.1872190237045288
548864,policy_loss,-0.009864321909844875
548864,approx_kl,0.026219312101602554
548864,clipfrac,0.09775390625
548864,explained_variance,0.01729530096054077
548864,sps,620.0
548864,kl_beta,0.5
549205,episodic_return,1000.0
549205,episodic_length,1000.0
550206,episodic_return,1000.0
550206,episodic_length,1000.0
550912,value_loss,0.02766348049044609
550912,policy_loss,0.014376455917954445
550912,approx_kl,0.001927305944263935
550912,clipfrac,0.01796875
550912,explained_variance,-0.010384798049926758
550912,sps,620.0
550912,kl_beta,0.25
551207,episodic_return,1000.0
551207,episodic_length,1000.0
552208,episodic_return,1000.0
552208,episodic_length,1000.0
552960,value_loss,0.005405247677117586
552960,policy_loss,0.02815978229045868
552960,approx_kl,0.011847134679555893
552960,clipfrac,0.048193359375
552960,explained_variance,0.010623693466186523
552960,sps,620.0
552960,kl_beta,0.25
553209,episodic_return,1000.0
553209,episodic_length,1000.0
553325,episodic_return,114.0
553325,episodic_length,115.0
554206,episodic_return,879.0
554206,episodic_length,880.0
554306,episodic_return,98.0
554306,episodic_length,99.0
554573,episodic_return,265.0
554573,episodic_length,266.0
555008,value_loss,0.5264083743095398
555008,policy_loss,-0.009880670346319675
555008,approx_kl,0.0015669725835323334
555008,clipfrac,0.003564453125
555008,explained_variance,0.0248565673828125
555008,sps,620.0
555008,kl_beta,0.125
555574,episodic_return,1000.0
555574,episodic_length,1000.0
556315,episodic_return,739.0
556315,episodic_length,740.0
557056,value_loss,0.13307255506515503
557056,policy_loss,0.007001474499702454
557056,approx_kl,0.014565976336598396
557056,clipfrac,0.0388671875
557056,explained_variance,-0.01645517349243164
557056,sps,620.0
557056,kl_beta,0.125
557316,episodic_return,1000.0
557316,episodic_length,1000.0
558317,episodic_return,1000.0
558317,episodic_length,1000.0
559104,value_loss,0.012799831107258797
559104,policy_loss,0.012031244114041328
559104,approx_kl,0.007828730158507824
559104,clipfrac,0.072314453125
559104,explained_variance,-0.02267301082611084
559104,sps,620.0
559104,kl_beta,0.125
559318,episodic_return,1000.0
559318,episodic_length,1000.0
559830,episodic_return,510.0
559830,episodic_length,511.0
560467,episodic_return,635.0
560467,episodic_length,636.0
561152,value_loss,0.06453235447406769
561152,policy_loss,-0.024111704900860786
561152,approx_kl,0.02865414507687092
561152,clipfrac,0.118994140625
561152,explained_variance,0.007789433002471924
561152,sps,620.0
561152,kl_beta,0.25
561468,episodic_return,1000.0
561468,episodic_length,1000.0
562133,episodic_return,663.0
562133,episodic_length,664.0
563134,episodic_return,1000.0
563134,episodic_length,1000.0
563200,value_loss,0.40518540143966675
563200,policy_loss,-0.037064582109451294
563200,approx_kl,0.03490551561117172
563200,clipfrac,0.098974609375
563200,explained_variance,0.023184597492218018
563200,sps,620.0
563200,kl_beta,0.5
564135,episodic_return,1000.0
564135,episodic_length,1000.0
565136,episodic_return,1000.0
565136,episodic_length,1000.0
565248,value_loss,0.007437325548380613
565248,policy_loss,0.011122130788862705
565248,approx_kl,0.0015282798558473587
565248,clipfrac,0.00302734375
565248,explained_variance,-0.03083515167236328
565248,sps,620.0
565248,kl_beta,0.25
565765,episodic_return,627.0
565765,episodic_length,628.0
566766,episodic_return,1000.0
566766,episodic_length,1000.0
567296,value_loss,0.07332193851470947
567296,policy_loss,-0.009934130124747753
567296,approx_kl,0.0014540450647473335
567296,clipfrac,0.004833984375
567296,explained_variance,0.015399038791656494
567296,sps,620.0
567296,kl_beta,0.125
567767,episodic_return,1000.0
567767,episodic_length,1000.0
568768,episodic_return,1000.0
568768,episodic_length,1000.0
569344,value_loss,0.2708699405193329
569344,policy_loss,-0.0019847573712468147
569344,approx_kl,0.036756210029125214
569344,clipfrac,0.092529296875
569344,explained_variance,-0.02216339111328125
569344,sps,620.0
569344,kl_beta,0.25
569769,episodic_return,1000.0
569769,episodic_length,1000.0
570770,episodic_return,1000.0
570770,episodic_length,1000.0
571392,value_loss,0.25746068358421326
571392,policy_loss,-0.04093000665307045
571392,approx_kl,0.01768825389444828
571392,clipfrac,0.115673828125
571392,explained_variance,0.015095710754394531
571392,sps,620.0
571392,kl_beta,0.5
571771,episodic_return,1000.0
571771,episodic_length,1000.0
572209,episodic_return,436.0
572209,episodic_length,437.0
572850,episodic_return,639.0
572850,episodic_length,640.0
572975,episodic_return,123.0
572975,episodic_length,124.0
573440,value_loss,0.10952811688184738
573440,policy_loss,0.007944237440824509
573440,approx_kl,0.004773535765707493
573440,clipfrac,0.07265625
573440,explained_variance,0.21636593341827393
573440,sps,620.0
573440,kl_beta,0.25
573976,episodic_return,1000.0
573976,episodic_length,1000.0
574977,episodic_return,1000.0
574977,episodic_length,1000.0
575488,value_loss,0.20888188481330872
575488,policy_loss,-0.004841156303882599
575488,approx_kl,0.012567787431180477
575488,clipfrac,0.0564453125
575488,explained_variance,0.01779615879058838
575488,sps,620.0
575488,kl_beta,0.25
575978,episodic_return,1000.0
575978,episodic_length,1000.0
576979,episodic_return,1000.0
576979,episodic_length,1000.0
577536,value_loss,0.004390052519738674
577536,policy_loss,0.018084075301885605
577536,approx_kl,0.014450058341026306
577536,clipfrac,0.06767578125
577536,explained_variance,0.009449541568756104
577536,sps,620.0
577536,kl_beta,0.25
577980,episodic_return,1000.0
577980,episodic_length,1000.0
578981,episodic_return,1000.0
578981,episodic_length,1000.0
579531,episodic_return,548.0
579531,episodic_length,549.0
579584,value_loss,0.4920428395271301
579584,policy_loss,-0.002900246065109968
579584,approx_kl,0.007058011367917061
579584,clipfrac,0.0576171875
579584,explained_variance,-0.009586930274963379
579584,sps,620.0
579584,kl_beta,0.25
580532,episodic_return,1000.0
580532,episodic_length,1000.0
581533,episodic_return,1000.0
581533,episodic_length,1000.0
581632,value_loss,0.011082564480602741
581632,policy_loss,-0.014169394969940186
581632,approx_kl,0.024065108969807625
581632,clipfrac,0.124169921875
581632,explained_variance,-0.01678943634033203
581632,sps,620.0
581632,kl_beta,0.5
581775,episodic_return,240.0
581775,episodic_length,241.0
581948,episodic_return,171.0
581948,episodic_length,172.0
582333,episodic_return,383.0
582333,episodic_length,384.0
582637,episodic_return,302.0
582637,episodic_length,303.0
582765,episodic_return,126.0
582765,episodic_length,127.0
582927,episodic_return,160.0
582927,episodic_length,161.0
583038,episodic_return,109.0
583038,episodic_length,110.0
583375,episodic_return,335.0
583375,episodic_length,336.0
583513,episodic_return,136.0
583513,episodic_length,137.0
583680,value_loss,0.475646436214447
583680,policy_loss,-0.001796321477741003
583680,approx_kl,0.007793334312736988
583680,clipfrac,0.04833984375
583680,explained_variance,0.048992812633514404
583680,sps,619.0
583680,kl_beta,0.5
584506,episodic_return,991.0
584506,episodic_length,992.0
584666,episodic_return,158.0
584666,episodic_length,159.0
585214,episodic_return,546.0
585214,episodic_length,547.0
585509,episodic_return,293.0
585509,episodic_length,294.0
585728,value_loss,0.027756940573453903
585728,policy_loss,0.015797065570950508
585728,approx_kl,0.003695722669363022
585728,clipfrac,0.04560546875
585728,explained_variance,0.16432315111160278
585728,sps,619.0
585728,kl_beta,0.25
586222,episodic_return,711.0
586222,episodic_length,712.0
586587,episodic_return,363.0
586587,episodic_length,364.0
586722,episodic_return,133.0
586722,episodic_length,134.0
586961,episodic_return,237.0
586961,episodic_length,238.0
587404,episodic_return,441.0
587404,episodic_length,442.0
587776,value_loss,0.5149235725402832
587776,policy_loss,-0.010364088229835033
587776,approx_kl,0.009919930249452591
587776,clipfrac,0.05087890625
587776,explained_variance,0.20912224054336548
587776,sps,620.0
587776,kl_beta,0.25
587993,episodic_return,587.0
587993,episodic_length,588.0
588235,episodic_return,240.0
588235,episodic_length,241.0
588449,episodic_return,212.0
588449,episodic_length,213.0
589333,episodic_return,882.0
589333,episodic_length,883.0
589484,episodic_return,149.0
589484,episodic_length,150.0
589824,value_loss,0.16336646676063538
589824,policy_loss,0.025473937392234802
589824,approx_kl,0.003172416239976883
589824,clipfrac,0.006298828125
589824,explained_variance,0.3422502279281616
589824,sps,620.0
589824,kl_beta,0.125
590485,episodic_return,1000.0
590485,episodic_length,1000.0
591486,episodic_return,1000.0
591486,episodic_length,1000.0
591872,value_loss,0.05530356243252754
591872,policy_loss,-0.06322687119245529
591872,approx_kl,0.2195541113615036
591872,clipfrac,0.27607421875
591872,explained_variance,0.12222206592559814
591872,sps,620.0
591872,kl_beta,0.25
592487,episodic_return,1000.0
592487,episodic_length,1000.0
592567,episodic_return,78.0
592567,episodic_length,79.0
593568,episodic_return,1000.0
593568,episodic_length,1000.0
593920,value_loss,0.39740991592407227
593920,policy_loss,-0.00503051932901144
593920,approx_kl,0.02075556293129921
593920,clipfrac,0.08837890625
593920,explained_variance,-0.008454084396362305
593920,sps,620.0
593920,kl_beta,0.5
594569,episodic_return,1000.0
594569,episodic_length,1000.0
595570,episodic_return,1000.0
595570,episodic_length,1000.0
595968,value_loss,0.004537477623671293
595968,policy_loss,-0.039259087294340134
595968,approx_kl,0.005884507670998573
595968,clipfrac,0.026123046875
595968,explained_variance,-0.04172062873840332
595968,sps,620.0
595968,kl_beta,0.25
596571,episodic_return,1000.0
596571,episodic_length,1000.0
597572,episodic_return,1000.0
597572,episodic_length,1000.0
598016,value_loss,0.12852147221565247
598016,policy_loss,-0.008307699114084244
598016,approx_kl,0.005474509671330452
598016,clipfrac,0.037451171875
598016,explained_variance,0.0019835829734802246
598016,sps,620.0
598016,kl_beta,0.125
598573,episodic_return,1000.0
598573,episodic_length,1000.0
599574,episodic_return,1000.0
599574,episodic_length,1000.0
600064,value_loss,0.02960050106048584
600064,policy_loss,0.000561816617846489
600064,approx_kl,0.00325600802898407
600064,clipfrac,0.018212890625
600064,explained_variance,0.0639646053314209
600064,sps,620.0
600064,kl_beta,0.0625
600325,episodic_return,749.0
600325,episodic_length,750.0
601326,episodic_return,1000.0
601326,episodic_length,1000.0
602112,value_loss,0.0043982574716210365
602112,policy_loss,0.010759002529084682
602112,approx_kl,0.014748194254934788
602112,clipfrac,0.032470703125
602112,explained_variance,0.06000185012817383
602112,sps,620.0
602112,kl_beta,0.0625
602327,episodic_return,1000.0
602327,episodic_length,1000.0
603328,episodic_return,1000.0
603328,episodic_length,1000.0
604160,value_loss,0.24228011071681976
604160,policy_loss,-0.031809333711862564
604160,approx_kl,0.085383340716362
604160,clipfrac,0.086376953125
604160,explained_variance,-0.06742942333221436
604160,sps,620.0
604160,kl_beta,0.125
604329,episodic_return,1000.0
604329,episodic_length,1000.0
605318,episodic_return,987.0
605318,episodic_length,988.0
606208,value_loss,0.10907450318336487
606208,policy_loss,-0.06752084940671921
606208,approx_kl,0.01695101708173752
606208,clipfrac,0.079248046875
606208,explained_variance,-0.005952000617980957
606208,sps,620.0
606208,kl_beta,0.25
606319,episodic_return,1000.0
606319,episodic_length,1000.0
606888,episodic_return,567.0
606888,episodic_length,568.0
607889,episodic_return,1000.0
607889,episodic_length,1000.0
608144,episodic_return,253.0
608144,episodic_length,254.0
608256,value_loss,0.0760631114244461
608256,policy_loss,-0.0011464327108114958
608256,approx_kl,0.005758357234299183
608256,clipfrac,0.0458984375
608256,explained_variance,0.01154470443725586
608256,sps,620.0
608256,kl_beta,0.125
609043,episodic_return,897.0
609043,episodic_length,898.0
609824,episodic_return,779.0
609824,episodic_length,780.0
610304,value_loss,0.023678719997406006
610304,policy_loss,-0.0012403024593368173
610304,approx_kl,0.006317193619906902
610304,clipfrac,0.045068359375
610304,explained_variance,0.06148803234100342
610304,sps,620.0
610304,kl_beta,0.0625
610825,episodic_return,1000.0
610825,episodic_length,1000.0
611826,episodic_return,1000.0
611826,episodic_length,1000.0
612126,episodic_return,298.0
612126,episodic_length,299.0
612322,episodic_return,194.0
612322,episodic_length,195.0
612352,value_loss,0.39110997319221497
612352,policy_loss,-0.05146664381027222
612352,approx_kl,0.07248511910438538
612352,clipfrac,0.1626953125
612352,explained_variance,0.09043216705322266
612352,sps,620.0
612352,kl_beta,0.125
612678,episodic_return,354.0
612678,episodic_length,355.0
613679,episodic_return,1000.0
613679,episodic_length,1000.0
614210,episodic_return,529.0
614210,episodic_length,530.0
614400,value_loss,0.31077197194099426
614400,policy_loss,0.02773553505539894
614400,approx_kl,0.015484009869396687
614400,clipfrac,0.066748046875
614400,explained_variance,0.08469700813293457
614400,sps,620.0
614400,kl_beta,0.25
614678,episodic_return,466.0
614678,episodic_length,467.0
615679,episodic_return,1000.0
615679,episodic_length,1000.0
616448,value_loss,0.04819554090499878
616448,policy_loss,-0.01869424618780613
616448,approx_kl,0.0050286101177334785
616448,clipfrac,0.05830078125
616448,explained_variance,0.1006733775138855
616448,sps,620.0
616448,kl_beta,0.125
616680,episodic_return,1000.0
616680,episodic_length,1000.0
617681,episodic_return,1000.0
617681,episodic_length,1000.0
618496,value_loss,0.1570751965045929
618496,policy_loss,-0.0019218717934563756
618496,approx_kl,0.007476135157048702
618496,clipfrac,0.07099609375
618496,explained_variance,-0.034532904624938965
618496,sps,620.0
618496,kl_beta,0.125
618682,episodic_return,1000.0
618682,episodic_length,1000.0
619683,episodic_return,1000.0
619683,episodic_length,1000.0
620544,value_loss,0.08622914552688599
620544,policy_loss,0.01622256636619568
620544,approx_kl,0.01901867426931858
620544,clipfrac,0.103857421875
620544,explained_variance,0.014467358589172363
620544,sps,620.0
620544,kl_beta,0.25
620684,episodic_return,1000.0
620684,episodic_length,1000.0
621279,episodic_return,593.0
621279,episodic_length,594.0
622280,episodic_return,1000.0
622280,episodic_length,1000.0
622592,value_loss,0.053223200142383575
622592,policy_loss,0.004291128367185593
622592,approx_kl,0.002440587617456913
622592,clipfrac,0.0111328125
622592,explained_variance,0.0009273290634155273
622592,sps,621.0
622592,kl_beta,0.125
623281,episodic_return,1000.0
623281,episodic_length,1000.0
624282,episodic_return,1000.0
624282,episodic_length,1000.0
624640,value_loss,0.041135042905807495
624640,policy_loss,0.01144077256321907
624640,approx_kl,0.00649959035217762
624640,clipfrac,0.106591796875
624640,explained_variance,0.023197472095489502
624640,sps,621.0
624640,kl_beta,0.0625
625283,episodic_return,1000.0
625283,episodic_length,1000.0
626076,episodic_return,791.0
626076,episodic_length,792.0
626688,value_loss,0.12594857811927795
626688,policy_loss,-0.00642602751031518
626688,approx_kl,0.05313970893621445
626688,clipfrac,0.1275390625
626688,explained_variance,0.04691439867019653
626688,sps,621.0
626688,kl_beta,0.125
627077,episodic_return,1000.0
627077,episodic_length,1000.0
627352,episodic_return,273.0
627352,episodic_length,274.0
628353,episodic_return,1000.0
628353,episodic_length,1000.0
628563,episodic_return,208.0
628563,episodic_length,209.0
628647,episodic_return,82.0
628647,episodic_length,83.0
628736,value_loss,0.020445583388209343
628736,policy_loss,0.011088760569691658
628736,approx_kl,0.052412647753953934
628736,clipfrac,0.1501953125
628736,explained_variance,0.06088215112686157
628736,sps,620.0
628736,kl_beta,0.25
629648,episodic_return,1000.0
629648,episodic_length,1000.0
630081,episodic_return,431.0
630081,episodic_length,432.0
630332,episodic_return,249.0
630332,episodic_length,250.0
630784,value_loss,0.1667833924293518
630784,policy_loss,-0.0012822849676012993
630784,approx_kl,0.002106938511133194
630784,clipfrac,0.015625
630784,explained_variance,0.05669611692428589
630784,sps,621.0
630784,kl_beta,0.125
630988,episodic_return,654.0
630988,episodic_length,655.0
631183,episodic_return,193.0
631183,episodic_length,194.0
632184,episodic_return,1000.0
632184,episodic_length,1000.0
632832,value_loss,0.18218378722667694
632832,policy_loss,-0.019535895437002182
632832,approx_kl,0.038387853652238846
632832,clipfrac,0.127294921875
632832,explained_variance,0.1924394965171814
632832,sps,621.0
632832,kl_beta,0.25
633185,episodic_return,1000.0
633185,episodic_length,1000.0
634186,episodic_return,1000.0
634186,episodic_length,1000.0
634880,value_loss,0.09990490227937698
634880,policy_loss,0.027624646201729774
634880,approx_kl,0.004647916182875633
634880,clipfrac,0.01591796875
634880,explained_variance,0.043924152851104736
634880,sps,621.0
634880,kl_beta,0.125
635187,episodic_return,1000.0
635187,episodic_length,1000.0
636188,episodic_return,1000.0
636188,episodic_length,1000.0
636403,episodic_return,213.0
636403,episodic_length,214.0
636928,value_loss,0.03169460967183113
636928,policy_loss,-0.008835367858409882
636928,approx_kl,0.021417437121272087
636928,clipfrac,0.06923828125
636928,explained_variance,0.0702674388885498
636928,sps,621.0
636928,kl_beta,0.25
637404,episodic_return,1000.0
637404,episodic_length,1000.0
638405,episodic_return,1000.0
638405,episodic_length,1000.0
638956,episodic_return,549.0
638956,episodic_length,550.0
638976,value_loss,0.010766509920358658
638976,policy_loss,0.0016886647790670395
638976,approx_kl,0.0011843368411064148
638976,clipfrac,0.008349609375
638976,explained_variance,0.10123217105865479
638976,sps,621.0
638976,kl_beta,0.125
639801,episodic_return,843.0
639801,episodic_length,844.0
640802,episodic_return,1000.0
640802,episodic_length,1000.0
641024,value_loss,0.08224613219499588
641024,policy_loss,-0.020621735602617264
641024,approx_kl,0.0027204379439353943
641024,clipfrac,0.017236328125
641024,explained_variance,0.19466036558151245
641024,sps,620.0
641024,kl_beta,0.0625
641803,episodic_return,1000.0
641803,episodic_length,1000.0
642112,episodic_return,307.0
642112,episodic_length,308.0
643072,value_loss,0.027325717732310295
643072,policy_loss,-0.009254088625311852
643072,approx_kl,0.3079105019569397
643072,clipfrac,0.394384765625
643072,explained_variance,0.26763033866882324
643072,sps,620.0
643072,kl_beta,0.125
643113,episodic_return,1000.0
643113,episodic_length,1000.0
644114,episodic_return,1000.0
644114,episodic_length,1000.0
644128,episodic_return,12.0
644128,episodic_length,13.0
645120,value_loss,0.0051566376350820065
645120,policy_loss,-0.010190574452280998
645120,approx_kl,0.00824613869190216
645120,clipfrac,0.0552734375
645120,explained_variance,0.03828507661819458
645120,sps,620.0
645120,kl_beta,0.125
645129,episodic_return,1000.0
645129,episodic_length,1000.0
646130,episodic_return,1000.0
646130,episodic_length,1000.0
647131,episodic_return,1000.0
647131,episodic_length,1000.0
647168,value_loss,0.19134046137332916
647168,policy_loss,0.00830088835209608
647168,approx_kl,0.016695760190486908
647168,clipfrac,0.088818359375
647168,explained_variance,-0.008399128913879395
647168,sps,620.0
647168,kl_beta,0.25
648132,episodic_return,1000.0
648132,episodic_length,1000.0
649133,episodic_return,1000.0
649133,episodic_length,1000.0
649216,value_loss,0.013215823099017143
649216,policy_loss,0.003128173528239131
649216,approx_kl,0.003727342002093792
649216,clipfrac,0.011083984375
649216,explained_variance,0.0008644461631774902
649216,sps,620.0
649216,kl_beta,0.125
650134,episodic_return,1000.0
650134,episodic_length,1000.0
651135,episodic_return,1000.0
651135,episodic_length,1000.0
651264,value_loss,0.03510253131389618
651264,policy_loss,-0.005608104169368744
651264,approx_kl,0.02358800359070301
651264,clipfrac,0.11826171875
651264,explained_variance,0.008206307888031006
651264,sps,621.0
651264,kl_beta,0.25
652136,episodic_return,1000.0
652136,episodic_length,1000.0
653137,episodic_return,1000.0
653137,episodic_length,1000.0
653312,value_loss,0.2336464822292328
653312,policy_loss,-0.001158012542873621
653312,approx_kl,0.0008548554033041
653312,clipfrac,0.007275390625
653312,explained_variance,0.0065996646881103516
653312,sps,621.0
653312,kl_beta,0.125
653864,episodic_return,725.0
653864,episodic_length,726.0
654865,episodic_return,1000.0
654865,episodic_length,1000.0
655360,value_loss,0.0115160271525383
655360,policy_loss,-0.012131107971072197
655360,approx_kl,0.0008349595591425896
655360,clipfrac,0.000830078125
655360,explained_variance,-0.011813521385192871
655360,sps,620.0
655360,kl_beta,0.0625
655866,episodic_return,1000.0
655866,episodic_length,1000.0
656867,episodic_return,1000.0
656867,episodic_length,1000.0
657408,value_loss,0.11179663985967636
657408,policy_loss,-0.00928406696766615
657408,approx_kl,0.024951715022325516
657408,clipfrac,0.071923828125
657408,explained_variance,0.005171537399291992
657408,sps,620.0
657408,kl_beta,0.125
657721,episodic_return,852.0
657721,episodic_length,853.0
658722,episodic_return,1000.0
658722,episodic_length,1000.0
659456,value_loss,0.005608287174254656
659456,policy_loss,0.03292110934853554
659456,approx_kl,0.007990682497620583
659456,clipfrac,0.0611328125
659456,explained_variance,0.01954042911529541
659456,sps,620.0
659456,kl_beta,0.125
659723,episodic_return,1000.0
659723,episodic_length,1000.0
660724,episodic_return,1000.0
660724,episodic_length,1000.0
661504,value_loss,0.2031014859676361
661504,policy_loss,-0.0015365317231044173
661504,approx_kl,0.0034186961129307747
661504,clipfrac,0.040771484375
661504,explained_variance,0.006955504417419434
661504,sps,620.0
661504,kl_beta,0.0625
661688,episodic_return,962.0
661688,episodic_length,963.0
662689,episodic_return,1000.0
662689,episodic_length,1000.0
663552,value_loss,0.16332414746284485
663552,policy_loss,0.0282941535115242
663552,approx_kl,0.016205206513404846
663552,clipfrac,0.082421875
663552,explained_variance,0.07073163986206055
663552,sps,620.0
663552,kl_beta,0.125
663690,episodic_return,1000.0
663690,episodic_length,1000.0
664691,episodic_return,1000.0
664691,episodic_length,1000.0
665600,value_loss,0.20757992565631866
665600,policy_loss,0.0105234170332551
665600,approx_kl,0.02069772221148014
665600,clipfrac,0.192236328125
665600,explained_variance,-0.017833232879638672
665600,sps,620.0
665600,kl_beta,0.25
665692,episodic_return,1000.0
665692,episodic_length,1000.0
666693,episodic_return,1000.0
666693,episodic_length,1000.0
666793,episodic_return,98.0
666793,episodic_length,99.0
667648,value_loss,0.1194300577044487
667648,policy_loss,-0.012558129616081715
667648,approx_kl,0.00459400936961174
667648,clipfrac,0.0896484375
667648,explained_variance,-0.009673833847045898
667648,sps,620.0
667648,kl_beta,0.125
667794,episodic_return,1000.0
667794,episodic_length,1000.0
668795,episodic_return,1000.0
668795,episodic_length,1000.0
669606,episodic_return,809.0
669606,episodic_length,810.0
669662,episodic_return,54.0
669662,episodic_length,55.0
669696,value_loss,0.4009881019592285
669696,policy_loss,-0.05398678407073021
669696,approx_kl,0.033386874943971634
669696,clipfrac,0.1962890625
669696,explained_variance,0.05440574884414673
669696,sps,620.0
669696,kl_beta,0.25
669822,episodic_return,158.0
669822,episodic_length,159.0
670078,episodic_return,254.0
670078,episodic_length,255.0
670208,episodic_return,128.0
670208,episodic_length,129.0
670415,episodic_return,205.0
670415,episodic_length,206.0
670521,episodic_return,104.0
670521,episodic_length,105.0
670749,episodic_return,226.0
670749,episodic_length,227.0
671008,episodic_return,257.0
671008,episodic_length,258.0
671128,episodic_return,118.0
671128,episodic_length,119.0
671286,episodic_return,156.0
671286,episodic_length,157.0
671508,episodic_return,220.0
671508,episodic_length,221.0
671744,value_loss,0.4160957932472229
671744,policy_loss,-0.021436277776956558
671744,approx_kl,0.011734770610928535
671744,clipfrac,0.066162109375
671744,explained_variance,0.14951938390731812
671744,sps,620.0
671744,kl_beta,0.25
671749,episodic_return,239.0
671749,episodic_length,240.0
671998,episodic_return,247.0
671998,episodic_length,248.0
672530,episodic_return,530.0
672530,episodic_length,531.0
672954,episodic_return,422.0
672954,episodic_length,423.0
673534,episodic_return,578.0
673534,episodic_length,579.0
673774,episodic_return,238.0
673774,episodic_length,239.0
673792,value_loss,0.09800928086042404
673792,policy_loss,-0.004082813858985901
673792,approx_kl,0.0538429319858551
673792,clipfrac,0.2046875
673792,explained_variance,0.27846747636795044
673792,sps,620.0
673792,kl_beta,0.5
674711,episodic_return,935.0
674711,episodic_length,936.0
675536,episodic_return,823.0
675536,episodic_length,824.0
675840,value_loss,0.14494411647319794
675840,policy_loss,-0.000640002079308033
675840,approx_kl,0.0011722203344106674
675840,clipfrac,0.009912109375
675840,explained_variance,0.09875011444091797
675840,sps,620.0
675840,kl_beta,0.25
675986,episodic_return,448.0
675986,episodic_length,449.0
676987,episodic_return,1000.0
676987,episodic_length,1000.0
677888,value_loss,0.03849475458264351
677888,policy_loss,-0.0241733118891716
677888,approx_kl,0.0038245487958192825
677888,clipfrac,0.07080078125
677888,explained_variance,0.025453031063079834
677888,sps,620.0
677888,kl_beta,0.125
677988,episodic_return,1000.0
677988,episodic_length,1000.0
678989,episodic_return,1000.0
678989,episodic_length,1000.0
679498,episodic_return,507.0
679498,episodic_length,508.0
679737,episodic_return,237.0
679737,episodic_length,238.0
679936,value_loss,0.18022321164608002
679936,policy_loss,0.39232128858566284
679936,approx_kl,0.0786302462220192
679936,clipfrac,0.21669921875
679936,explained_variance,0.12127894163131714
679936,sps,620.0
679936,kl_beta,0.25
680487,episodic_return,748.0
680487,episodic_length,749.0
680884,episodic_return,395.0
680884,episodic_length,396.0
681234,episodic_return,348.0
681234,episodic_length,349.0
681984,value_loss,0.017270447686314583
681984,policy_loss,-0.009436520747840405
681984,approx_kl,0.00550064817070961
681984,clipfrac,0.0412109375
681984,explained_variance,0.043399274349212646
681984,sps,620.0
681984,kl_beta,0.125
682235,episodic_return,1000.0
682235,episodic_length,1000.0
683236,episodic_return,1000.0
683236,episodic_length,1000.0
684032,value_loss,0.038564786314964294
684032,policy_loss,-0.010630032047629356
684032,approx_kl,0.012266588397324085
684032,clipfrac,0.0349609375
684032,explained_variance,-0.0031766891479492188
684032,sps,620.0
684032,kl_beta,0.125
684237,episodic_return,1000.0
684237,episodic_length,1000.0
685238,episodic_return,1000.0
685238,episodic_length,1000.0
686080,value_loss,0.03700057417154312
686080,policy_loss,-0.010448910295963287
686080,approx_kl,0.01846790686249733
686080,clipfrac,0.0541015625
686080,explained_variance,0.005507946014404297
686080,sps,620.0
686080,kl_beta,0.25
686239,episodic_return,1000.0
686239,episodic_length,1000.0
687240,episodic_return,1000.0
687240,episodic_length,1000.0
688128,value_loss,0.004916276317089796
688128,policy_loss,-0.009717738255858421
688128,approx_kl,0.009768703952431679
688128,clipfrac,0.017529296875
688128,explained_variance,-0.005189776420593262
688128,sps,620.0
688128,kl_beta,0.25
688241,episodic_return,1000.0
688241,episodic_length,1000.0
688807,episodic_return,564.0
688807,episodic_length,565.0
689808,episodic_return,1000.0
689808,episodic_length,1000.0
690087,episodic_return,277.0
690087,episodic_length,278.0
690176,value_loss,0.19902798533439636
690176,policy_loss,5.0761736929416656e-05
690176,approx_kl,0.0028677769005298615
690176,clipfrac,0.008837890625
690176,explained_variance,0.033470094203948975
690176,sps,620.0
690176,kl_beta,0.125
690521,episodic_return,432.0
690521,episodic_length,433.0
691147,episodic_return,624.0
691147,episodic_length,625.0
691667,episodic_return,518.0
691667,episodic_length,519.0
691865,episodic_return,196.0
691865,episodic_length,197.0
692224,value_loss,0.3124196529388428
692224,policy_loss,0.004933451302349567
692224,approx_kl,0.00636780820786953
692224,clipfrac,0.028076171875
692224,explained_variance,0.07566195726394653
692224,sps,620.0
692224,kl_beta,0.0625
692736,episodic_return,869.0
692736,episodic_length,870.0
693570,episodic_return,832.0
693570,episodic_length,833.0
693918,episodic_return,346.0
693918,episodic_length,347.0
694272,value_loss,0.20653274655342102
694272,policy_loss,-0.055357690900564194
694272,approx_kl,0.04754776880145073
694272,clipfrac,0.149853515625
694272,explained_variance,0.060086190700531006
694272,sps,620.0
694272,kl_beta,0.125
694919,episodic_return,1000.0
694919,episodic_length,1000.0
695355,episodic_return,434.0
695355,episodic_length,435.0
696320,value_loss,0.09895630925893784
696320,policy_loss,-0.0005793883465230465
696320,approx_kl,0.020438063889741898
696320,clipfrac,0.118310546875
696320,explained_variance,0.15412986278533936
696320,sps,620.0
696320,kl_beta,0.25
696356,episodic_return,1000.0
696356,episodic_length,1000.0
696596,episodic_return,238.0
696596,episodic_length,239.0
696853,episodic_return,255.0
696853,episodic_length,256.0
697854,episodic_return,1000.0
697854,episodic_length,1000.0
698062,episodic_return,206.0
698062,episodic_length,207.0
698368,value_loss,0.2235107421875
698368,policy_loss,0.0029659918509423733
698368,approx_kl,0.006483754143118858
698368,clipfrac,0.0326171875
698368,explained_variance,0.06760966777801514
698368,sps,620.0
698368,kl_beta,0.125
699063,episodic_return,1000.0
699063,episodic_length,1000.0
700064,episodic_return,1000.0
700064,episodic_length,1000.0
700416,value_loss,0.14650869369506836
700416,policy_loss,-0.02638067677617073
700416,approx_kl,0.06841227412223816
700416,clipfrac,0.180029296875
700416,explained_variance,0.025677144527435303
700416,sps,620.0
700416,kl_beta,0.25
700865,episodic_return,799.0
700865,episodic_length,800.0
701866,episodic_return,1000.0
701866,episodic_length,1000.0
702464,value_loss,0.2452297955751419
702464,policy_loss,-0.0001295735128223896
702464,approx_kl,0.01042020134627819
702464,clipfrac,0.045458984375
702464,explained_variance,0.03345292806625366
702464,sps,620.0
702464,kl_beta,0.25
702867,episodic_return,1000.0
702867,episodic_length,1000.0
702975,episodic_return,106.0
702975,episodic_length,107.0
703976,episodic_return,1000.0
703976,episodic_length,1000.0
704512,value_loss,0.307798832654953
704512,policy_loss,0.001902483869343996
704512,approx_kl,0.02147570438683033
704512,clipfrac,0.0646484375
704512,explained_variance,0.001419365406036377
704512,sps,620.0
704512,kl_beta,0.5
704977,episodic_return,1000.0
704977,episodic_length,1000.0
705978,episodic_return,1000.0
705978,episodic_length,1000.0
706560,value_loss,0.26167917251586914
706560,policy_loss,-0.0030502816662192345
706560,approx_kl,0.002782365307211876
706560,clipfrac,0.01416015625
706560,explained_variance,0.01386713981628418
706560,sps,620.0
706560,kl_beta,0.25
706979,episodic_return,1000.0
706979,episodic_length,1000.0
707980,episodic_return,1000.0
707980,episodic_length,1000.0
708144,episodic_return,162.0
708144,episodic_length,163.0
708608,value_loss,0.25535622239112854
708608,policy_loss,-0.006563511677086353
708608,approx_kl,0.0032684914767742157
708608,clipfrac,0.031982421875
708608,explained_variance,-0.007208704948425293
708608,sps,620.0
708608,kl_beta,0.125
708835,episodic_return,689.0
708835,episodic_length,690.0
708874,episodic_return,37.0
708874,episodic_length,38.0
709679,episodic_return,803.0
709679,episodic_length,804.0
709744,episodic_return,63.0
709744,episodic_length,64.0
710656,value_loss,0.1321866661310196
710656,policy_loss,-0.008853763341903687
710656,approx_kl,0.01637304201722145
710656,clipfrac,0.059033203125
710656,explained_variance,0.006391584873199463
710656,sps,620.0
710656,kl_beta,0.25
710745,episodic_return,1000.0
710745,episodic_length,1000.0
711746,episodic_return,1000.0
711746,episodic_length,1000.0
712704,value_loss,0.2231987714767456
712704,policy_loss,-0.01710820384323597
712704,approx_kl,0.013948434963822365
712704,clipfrac,0.0783203125
712704,explained_variance,-0.002615809440612793
712704,sps,620.0
712704,kl_beta,0.25
712747,episodic_return,1000.0
712747,episodic_length,1000.0
713325,episodic_return,576.0
713325,episodic_length,577.0
713884,episodic_return,557.0
713884,episodic_length,558.0
714752,value_loss,0.02581481635570526
714752,policy_loss,-0.003088791389018297
714752,approx_kl,0.0015273820608854294
714752,clipfrac,0.004736328125
714752,explained_variance,0.014011621475219727
714752,sps,620.0
714752,kl_beta,0.125
714885,episodic_return,1000.0
714885,episodic_length,1000.0
715886,episodic_return,1000.0
715886,episodic_length,1000.0
716066,episodic_return,178.0
716066,episodic_length,179.0
716800,value_loss,0.03473852947354317
716800,policy_loss,-0.01470699068158865
716800,approx_kl,0.008085407316684723
716800,clipfrac,0.029833984375
716800,explained_variance,0.04075050354003906
716800,sps,620.0
716800,kl_beta,0.125
717067,episodic_return,1000.0
717067,episodic_length,1000.0
718068,episodic_return,1000.0
718068,episodic_length,1000.0
718848,value_loss,0.07799013704061508
718848,policy_loss,-0.007333024404942989
718848,approx_kl,0.0015978869050741196
718848,clipfrac,0.0087890625
718848,explained_variance,0.024610936641693115
718848,sps,620.0
718848,kl_beta,0.0625
719069,episodic_return,1000.0
719069,episodic_length,1000.0
720070,episodic_return,1000.0
720070,episodic_length,1000.0
720896,value_loss,0.005520618986338377
720896,policy_loss,-0.00712281558662653
720896,approx_kl,0.007794320583343506
720896,clipfrac,0.0138671875
720896,explained_variance,0.02191460132598877
720896,sps,620.0
720896,kl_beta,0.0625
721071,episodic_return,1000.0
721071,episodic_length,1000.0
722072,episodic_return,1000.0
722072,episodic_length,1000.0
722944,value_loss,0.34007757902145386
722944,policy_loss,0.015848927199840546
722944,approx_kl,0.10254545509815216
722944,clipfrac,0.24521484375
722944,explained_variance,0.05094921588897705
722944,sps,620.0
722944,kl_beta,0.125
723073,episodic_return,1000.0
723073,episodic_length,1000.0
724074,episodic_return,1000.0
724074,episodic_length,1000.0
724992,value_loss,0.1132034882903099
724992,policy_loss,-0.026983371004462242
724992,approx_kl,0.01778339222073555
724992,clipfrac,0.076953125
724992,explained_variance,0.032566189765930176
724992,sps,620.0
724992,kl_beta,0.25
725075,episodic_return,1000.0
725075,episodic_length,1000.0
726076,episodic_return,1000.0
726076,episodic_length,1000.0
727040,value_loss,0.03494875505566597
727040,policy_loss,0.011385427787899971
727040,approx_kl,0.009354778565466404
727040,clipfrac,0.049560546875
727040,explained_variance,0.009429454803466797
727040,sps,620.0
727040,kl_beta,0.25
727077,episodic_return,1000.0
727077,episodic_length,1000.0
728078,episodic_return,1000.0
728078,episodic_length,1000.0
729079,episodic_return,1000.0
729079,episodic_length,1000.0
729088,value_loss,0.24193722009658813
729088,policy_loss,-0.0034162933006882668
729088,approx_kl,0.0008110962808132172
729088,clipfrac,0.01083984375
729088,explained_variance,-0.00579071044921875
729088,sps,620.0
729088,kl_beta,0.125
730080,episodic_return,1000.0
730080,episodic_length,1000.0
731081,episodic_return,1000.0
731081,episodic_length,1000.0
731136,value_loss,0.22700579464435577
731136,policy_loss,0.001593031920492649
731136,approx_kl,0.023315586149692535
731136,clipfrac,0.076806640625
731136,explained_variance,0.015063107013702393
731136,sps,620.0
731136,kl_beta,0.25
732082,episodic_return,1000.0
732082,episodic_length,1000.0
732748,episodic_return,664.0
732748,episodic_length,665.0
733184,value_loss,0.03980955109000206
733184,policy_loss,0.003680512076243758
733184,approx_kl,0.0004284670576453209
733184,clipfrac,4.8828125e-05
733184,explained_variance,-0.0018074512481689453
733184,sps,620.0
733184,kl_beta,0.125
733577,episodic_return,827.0
733577,episodic_length,828.0
734578,episodic_return,1000.0
734578,episodic_length,1000.0
735232,value_loss,0.2707010507583618
735232,policy_loss,0.0005329330451786518
735232,approx_kl,0.0033256448805332184
735232,clipfrac,0.017041015625
735232,explained_variance,0.02578800916671753
735232,sps,620.0
735232,kl_beta,0.0625
735579,episodic_return,1000.0
735579,episodic_length,1000.0
736052,episodic_return,471.0
736052,episodic_length,472.0
737053,episodic_return,1000.0
737053,episodic_length,1000.0
737280,value_loss,0.3185892701148987
737280,policy_loss,-0.03335333615541458
737280,approx_kl,0.015761584043502808
737280,clipfrac,0.048095703125
737280,explained_variance,0.006783843040466309
737280,sps,620.0
737280,kl_beta,0.125
737697,episodic_return,642.0
737697,episodic_length,643.0
738196,episodic_return,497.0
738196,episodic_length,498.0
739197,episodic_return,1000.0
739197,episodic_length,1000.0
739328,value_loss,0.01718490570783615
739328,policy_loss,-0.03648100793361664
739328,approx_kl,0.023355547338724136
739328,clipfrac,0.08271484375
739328,explained_variance,0.03272432088851929
739328,sps,620.0
739328,kl_beta,0.25
740198,episodic_return,1000.0
740198,episodic_length,1000.0
741199,episodic_return,1000.0
741199,episodic_length,1000.0
741376,value_loss,0.23828524351119995
741376,policy_loss,-0.014362666755914688
741376,approx_kl,0.005448626354336739
741376,clipfrac,0.038623046875
741376,explained_variance,0.009319841861724854
741376,sps,621.0
741376,kl_beta,0.125
742200,episodic_return,1000.0
742200,episodic_length,1000.0
743201,episodic_return,1000.0
743201,episodic_length,1000.0
743424,value_loss,0.012830034829676151
743424,policy_loss,-0.0009683254174888134
743424,approx_kl,0.003425929695367813
743424,clipfrac,0.029541015625
743424,explained_variance,0.005639374256134033
743424,sps,621.0
743424,kl_beta,0.0625
744202,episodic_return,1000.0
744202,episodic_length,1000.0
745176,episodic_return,972.0
745176,episodic_length,973.0
745472,value_loss,0.005877284798771143
745472,policy_loss,0.0011158635606989264
745472,approx_kl,0.022478094324469566
745472,clipfrac,0.090966796875
745472,explained_variance,0.020327746868133545
745472,sps,621.0
745472,kl_beta,0.125
746177,episodic_return,1000.0
746177,episodic_length,1000.0
747178,episodic_return,1000.0
747178,episodic_length,1000.0
747520,value_loss,0.438143789768219
747520,policy_loss,-0.04709228500723839
747520,approx_kl,0.022473663091659546
747520,clipfrac,0.059765625
747520,explained_variance,-0.023524045944213867
747520,sps,621.0
747520,kl_beta,0.25
748179,episodic_return,1000.0
748179,episodic_length,1000.0
749180,episodic_return,1000.0
749180,episodic_length,1000.0
749568,value_loss,0.05882589519023895
749568,policy_loss,0.002932604169473052
749568,approx_kl,0.002649887464940548
749568,clipfrac,0.012451171875
749568,explained_variance,-0.02615499496459961
749568,sps,621.0
749568,kl_beta,0.125
750181,episodic_return,1000.0
750181,episodic_length,1000.0
751182,episodic_return,1000.0
751182,episodic_length,1000.0
751616,value_loss,0.09907698631286621
751616,policy_loss,0.0026930044405162334
751616,approx_kl,0.01991325244307518
751616,clipfrac,0.078515625
751616,explained_variance,-0.010763883590698242
751616,sps,621.0
751616,kl_beta,0.25
752183,episodic_return,1000.0
752183,episodic_length,1000.0
753184,episodic_return,1000.0
753184,episodic_length,1000.0
753664,value_loss,0.16581973433494568
753664,policy_loss,-0.0013547861017286777
753664,approx_kl,0.0037102308124303818
753664,clipfrac,0.013623046875
753664,explained_variance,-0.009337544441223145
753664,sps,621.0
753664,kl_beta,0.125
754185,episodic_return,1000.0
754185,episodic_length,1000.0
755186,episodic_return,1000.0
755186,episodic_length,1000.0
755712,value_loss,0.25983184576034546
755712,policy_loss,-0.016649551689624786
755712,approx_kl,0.03526855260133743
755712,clipfrac,0.0734375
755712,explained_variance,-0.01156306266784668
755712,sps,621.0
755712,kl_beta,0.25
756187,episodic_return,1000.0
756187,episodic_length,1000.0
757188,episodic_return,1000.0
757188,episodic_length,1000.0
757760,value_loss,0.017346899956464767
757760,policy_loss,-0.0018724265974014997
757760,approx_kl,0.005404149182140827
757760,clipfrac,0.02626953125
757760,explained_variance,-0.010484695434570312
757760,sps,621.0
757760,kl_beta,0.125
758189,episodic_return,1000.0
758189,episodic_length,1000.0
758947,episodic_return,756.0
758947,episodic_length,757.0
759808,value_loss,0.06268240511417389
759808,policy_loss,-0.005764026194810867
759808,approx_kl,0.006527273915708065
759808,clipfrac,0.025341796875
759808,explained_variance,0.009534776210784912
759808,sps,621.0
759808,kl_beta,0.0625
759948,episodic_return,1000.0
759948,episodic_length,1000.0
760949,episodic_return,1000.0
760949,episodic_length,1000.0
761856,value_loss,0.3551273047924042
761856,policy_loss,0.0031677100341767073
761856,approx_kl,0.006608705036342144
761856,clipfrac,0.03837890625
761856,explained_variance,-0.01075756549835205
761856,sps,620.0
761856,kl_beta,0.03125
761950,episodic_return,1000.0
761950,episodic_length,1000.0
762951,episodic_return,1000.0
762951,episodic_length,1000.0
763904,value_loss,0.004383644089102745
763904,policy_loss,0.024877382442355156
763904,approx_kl,0.027179183438420296
763904,clipfrac,0.080615234375
763904,explained_variance,-0.0023630857467651367
763904,sps,620.0
763904,kl_beta,0.0625
763952,episodic_return,1000.0
763952,episodic_length,1000.0
764953,episodic_return,1000.0
764953,episodic_length,1000.0
765952,value_loss,0.03454340249300003
765952,policy_loss,0.00393292773514986
765952,approx_kl,0.030804108828306198
765952,clipfrac,0.101806640625
765952,explained_variance,0.012627124786376953
765952,sps,620.0
765952,kl_beta,0.125
765954,episodic_return,1000.0
765954,episodic_length,1000.0
766229,episodic_return,273.0
766229,episodic_length,274.0
766592,episodic_return,361.0
766592,episodic_length,362.0
766815,episodic_return,221.0
766815,episodic_length,222.0
767816,episodic_return,1000.0
767816,episodic_length,1000.0
768000,value_loss,0.09594062715768814
768000,policy_loss,0.0028992455918341875
768000,approx_kl,0.024636084213852882
768000,clipfrac,0.127099609375
768000,explained_variance,-0.02543938159942627
768000,sps,620.0
768000,kl_beta,0.25
768817,episodic_return,1000.0
768817,episodic_length,1000.0
769818,episodic_return,1000.0
769818,episodic_length,1000.0
770048,value_loss,0.02110692858695984
770048,policy_loss,0.0014307275414466858
770048,approx_kl,0.00023940205574035645
770048,clipfrac,0.000146484375
770048,explained_variance,0.003706514835357666
770048,sps,620.0
770048,kl_beta,0.125
770819,episodic_return,1000.0
770819,episodic_length,1000.0
771820,episodic_return,1000.0
771820,episodic_length,1000.0
772096,value_loss,0.26966384053230286
772096,policy_loss,-0.010927746072411537
772096,approx_kl,0.03687487542629242
772096,clipfrac,0.083642578125
772096,explained_variance,0.007899999618530273
772096,sps,620.0
772096,kl_beta,0.25
772527,episodic_return,705.0
772527,episodic_length,706.0
773397,episodic_return,868.0
773397,episodic_length,869.0
773712,episodic_return,313.0
773712,episodic_length,314.0
774027,episodic_return,313.0
774027,episodic_length,314.0
774144,value_loss,0.08956906199455261
774144,policy_loss,-0.009314295835793018
774144,approx_kl,0.012890751473605633
774144,clipfrac,0.072119140625
774144,explained_variance,0.03119337558746338
774144,sps,620.0
774144,kl_beta,0.25
775028,episodic_return,1000.0
775028,episodic_length,1000.0
775653,episodic_return,623.0
775653,episodic_length,624.0
776192,value_loss,0.0887930765748024
776192,policy_loss,-0.016975458711385727
776192,approx_kl,0.007058415561914444
776192,clipfrac,0.030419921875
776192,explained_variance,0.013332128524780273
776192,sps,620.0
776192,kl_beta,0.25
776654,episodic_return,1000.0
776654,episodic_length,1000.0
777655,episodic_return,1000.0
777655,episodic_length,1000.0
778240,value_loss,0.2529102563858032
778240,policy_loss,-0.014400465413928032
778240,approx_kl,0.007293025031685829
778240,clipfrac,0.0166015625
778240,explained_variance,0.009359419345855713
778240,sps,619.0
778240,kl_beta,0.25
778656,episodic_return,1000.0
778656,episodic_length,1000.0
779657,episodic_return,1000.0
779657,episodic_length,1000.0
780288,value_loss,0.0382976196706295
780288,policy_loss,-0.0023381782229989767
780288,approx_kl,0.002332688309252262
780288,clipfrac,0.024755859375
780288,explained_variance,7.736682891845703e-05
780288,sps,619.0
780288,kl_beta,0.125
780598,episodic_return,939.0
780598,episodic_length,940.0
781599,episodic_return,1000.0
781599,episodic_length,1000.0
782336,value_loss,0.22805701196193695
782336,policy_loss,-0.035552218556404114
782336,approx_kl,0.008061863481998444
782336,clipfrac,0.05576171875
782336,explained_variance,0.054724276065826416
782336,sps,620.0
782336,kl_beta,0.125
782600,episodic_return,1000.0
782600,episodic_length,1000.0
783193,episodic_return,591.0
783193,episodic_length,592.0
783499,episodic_return,304.0
783499,episodic_length,305.0
784192,episodic_return,691.0
784192,episodic_length,692.0
784384,value_loss,0.2337750792503357
784384,policy_loss,0.003933894447982311
784384,approx_kl,0.017332931980490685
784384,clipfrac,0.061181640625
784384,explained_variance,0.039685845375061035
784384,sps,620.0
784384,kl_beta,0.25
784701,episodic_return,507.0
784701,episodic_length,508.0
785649,episodic_return,946.0
785649,episodic_length,947.0
786432,value_loss,0.1359158158302307
786432,policy_loss,0.009352978318929672
786432,approx_kl,0.01149387564510107
786432,clipfrac,0.051025390625
786432,explained_variance,0.10312199592590332
786432,sps,620.0
786432,kl_beta,0.25
786650,episodic_return,1000.0
786650,episodic_length,1000.0
787337,episodic_return,685.0
787337,episodic_length,686.0
788338,episodic_return,1000.0
788338,episodic_length,1000.0
788480,value_loss,0.02249814197421074
788480,policy_loss,-0.013235549442470074
788480,approx_kl,0.0100403456017375
788480,clipfrac,0.03310546875
788480,explained_variance,0.0391925573348999
788480,sps,620.0
788480,kl_beta,0.25
789339,episodic_return,1000.0
789339,episodic_length,1000.0
789887,episodic_return,546.0
789887,episodic_length,547.0
790528,value_loss,0.01570090465247631
790528,policy_loss,0.015324856154620647
790528,approx_kl,0.004225578159093857
790528,clipfrac,0.028173828125
790528,explained_variance,-0.0780951976776123
790528,sps,620.0
790528,kl_beta,0.125
790888,episodic_return,1000.0
790888,episodic_length,1000.0
791889,episodic_return,1000.0
791889,episodic_length,1000.0
792576,value_loss,0.10268504917621613
792576,policy_loss,0.006003944203257561
792576,approx_kl,0.014453187584877014
792576,clipfrac,0.067724609375
792576,explained_variance,-0.01885247230529785
792576,sps,620.0
792576,kl_beta,0.125
792646,episodic_return,755.0
792646,episodic_length,756.0
793647,episodic_return,1000.0
793647,episodic_length,1000.0
794624,value_loss,0.1355878859758377
794624,policy_loss,0.00757885305210948
794624,approx_kl,0.001246389001607895
794624,clipfrac,0.00234375
794624,explained_variance,-0.0021070241928100586
794624,sps,620.0
794624,kl_beta,0.0625
794648,episodic_return,1000.0
794648,episodic_length,1000.0
795649,episodic_return,1000.0
795649,episodic_length,1000.0
796650,episodic_return,1000.0
796650,episodic_length,1000.0
796672,value_loss,0.273092657327652
796672,policy_loss,0.05282948911190033
796672,approx_kl,0.007239219732582569
796672,clipfrac,0.02119140625
796672,explained_variance,0.002361297607421875
796672,sps,620.0
796672,kl_beta,0.0625
797090,episodic_return,438.0
797090,episodic_length,439.0
797588,episodic_return,496.0
797588,episodic_length,497.0
797653,episodic_return,63.0
797653,episodic_length,64.0
797839,episodic_return,184.0
797839,episodic_length,185.0
798720,value_loss,0.48644936084747314
798720,policy_loss,-0.0015004840679466724
798720,approx_kl,0.010028831660747528
798720,clipfrac,0.0173828125
798720,explained_variance,0.031152963638305664
798720,sps,620.0
798720,kl_beta,0.0625
798840,episodic_return,1000.0
798840,episodic_length,1000.0
799841,episodic_return,1000.0
799841,episodic_length,1000.0
800768,value_loss,0.00858535710722208
800768,policy_loss,0.024128399789333344
800768,approx_kl,0.005518543533980846
800768,clipfrac,0.02265625
800768,explained_variance,-0.010138750076293945
800768,sps,620.0
800768,kl_beta,0.03125
800842,episodic_return,1000.0
800842,episodic_length,1000.0
801843,episodic_return,1000.0
801843,episodic_length,1000.0
802816,value_loss,0.06357317417860031
802816,policy_loss,-0.010636412538588047
802816,approx_kl,0.015536623075604439
802816,clipfrac,0.04658203125
802816,explained_variance,-0.00715184211730957
802816,sps,620.0
802816,kl_beta,0.0625
802844,episodic_return,1000.0
802844,episodic_length,1000.0
803617,episodic_return,771.0
803617,episodic_length,772.0
804618,episodic_return,1000.0
804618,episodic_length,1000.0
804864,value_loss,0.269877165555954
804864,policy_loss,0.02208547852933407
804864,approx_kl,0.04814658313989639
804864,clipfrac,0.106884765625
804864,explained_variance,0.012450039386749268
804864,sps,620.0
804864,kl_beta,0.125
805412,episodic_return,792.0
805412,episodic_length,793.0
805499,episodic_return,85.0
805499,episodic_length,86.0
806168,episodic_return,667.0
806168,episodic_length,668.0
806912,value_loss,0.33461451530456543
806912,policy_loss,-0.0007293331436812878
806912,approx_kl,0.03294656053185463
806912,clipfrac,0.07607421875
806912,explained_variance,0.034095048904418945
806912,sps,620.0
806912,kl_beta,0.25
807169,episodic_return,1000.0
807169,episodic_length,1000.0
808170,episodic_return,1000.0
808170,episodic_length,1000.0
808960,value_loss,0.13469135761260986
808960,policy_loss,0.005010794848203659
808960,approx_kl,0.002850160002708435
808960,clipfrac,0.006884765625
808960,explained_variance,-0.009954214096069336
808960,sps,620.0
808960,kl_beta,0.125
809171,episodic_return,1000.0
809171,episodic_length,1000.0
809814,episodic_return,641.0
809814,episodic_length,642.0
810530,episodic_return,714.0
810530,episodic_length,715.0
810773,episodic_return,241.0
810773,episodic_length,242.0
811008,value_loss,0.519885778427124
811008,policy_loss,-0.017149722203612328
811008,approx_kl,0.0034627439454197884
811008,clipfrac,0.008349609375
811008,explained_variance,0.04133874177932739
811008,sps,620.0
811008,kl_beta,0.0625
811303,episodic_return,528.0
811303,episodic_length,529.0
812304,episodic_return,1000.0
812304,episodic_length,1000.0
813056,value_loss,0.0036095953546464443
813056,policy_loss,-0.02037527970969677
813056,approx_kl,0.013237756676971912
813056,clipfrac,0.101904296875
813056,explained_variance,0.09732520580291748
813056,sps,620.0
813056,kl_beta,0.0625
813305,episodic_return,1000.0
813305,episodic_length,1000.0
813558,episodic_return,251.0
813558,episodic_length,252.0
814456,episodic_return,896.0
814456,episodic_length,897.0
815104,value_loss,0.1548643261194229
815104,policy_loss,0.015023264102637768
815104,approx_kl,0.02400798723101616
815104,clipfrac,0.082080078125
815104,explained_variance,0.04105079174041748
815104,sps,620.0
815104,kl_beta,0.125
815457,episodic_return,1000.0
815457,episodic_length,1000.0
816458,episodic_return,1000.0
816458,episodic_length,1000.0
816868,episodic_return,408.0
816868,episodic_length,409.0
817152,value_loss,0.09284533560276031
817152,policy_loss,-0.060737259685993195
817152,approx_kl,0.04704313725233078
817152,clipfrac,0.081005859375
817152,explained_variance,0.022511303424835205
817152,sps,620.0
817152,kl_beta,0.25
817869,episodic_return,1000.0
817869,episodic_length,1000.0
818870,episodic_return,1000.0
818870,episodic_length,1000.0
819200,value_loss,0.020726706832647324
819200,policy_loss,-0.015050974674522877
819200,approx_kl,0.0032475702464580536
819200,clipfrac,0.0212890625
819200,explained_variance,-0.003727555274963379
819200,sps,620.0
819200,kl_beta,0.125
819871,episodic_return,1000.0
819871,episodic_length,1000.0
820872,episodic_return,1000.0
820872,episodic_length,1000.0
821248,value_loss,0.22476691007614136
821248,policy_loss,0.0028427981305867434
821248,approx_kl,0.019682789221405983
821248,clipfrac,0.049072265625
821248,explained_variance,-0.009319543838500977
821248,sps,620.0
821248,kl_beta,0.25
821873,episodic_return,1000.0
821873,episodic_length,1000.0
822874,episodic_return,1000.0
822874,episodic_length,1000.0
823296,value_loss,0.32773274183273315
823296,policy_loss,-0.0003549284301698208
823296,approx_kl,0.0005221236497163773
823296,clipfrac,0.0001953125
823296,explained_variance,-0.0023468732833862305
823296,sps,619.0
823296,kl_beta,0.125
823875,episodic_return,1000.0
823875,episodic_length,1000.0
824168,episodic_return,291.0
824168,episodic_length,292.0
825169,episodic_return,1000.0
825169,episodic_length,1000.0
825344,value_loss,0.018523607403039932
825344,policy_loss,-0.023437969386577606
825344,approx_kl,0.02082926034927368
825344,clipfrac,0.10439453125
825344,explained_variance,0.008974909782409668
825344,sps,619.0
825344,kl_beta,0.25
826170,episodic_return,1000.0
826170,episodic_length,1000.0
827171,episodic_return,1000.0
827171,episodic_length,1000.0
827392,value_loss,0.23703137040138245
827392,policy_loss,0.0014378824271261692
827392,approx_kl,0.001394728198647499
827392,clipfrac,4.8828125e-05
827392,explained_variance,-0.0016131401062011719
827392,sps,620.0
827392,kl_beta,0.125
828172,episodic_return,1000.0
828172,episodic_length,1000.0
829173,episodic_return,1000.0
829173,episodic_length,1000.0
829440,value_loss,0.09358729422092438
829440,policy_loss,0.000516011961735785
829440,approx_kl,0.005610284395515919
829440,clipfrac,0.067578125
829440,explained_variance,0.04713547229766846
829440,sps,620.0
829440,kl_beta,0.0625
830174,episodic_return,1000.0
830174,episodic_length,1000.0
830574,episodic_return,398.0
830574,episodic_length,399.0
830824,episodic_return,248.0
830824,episodic_length,249.0
831488,value_loss,0.04070887714624405
831488,policy_loss,-0.06436995416879654
831488,approx_kl,0.07442774623632431
831488,clipfrac,0.2025390625
831488,explained_variance,0.18975919485092163
831488,sps,620.0
831488,kl_beta,0.125
831825,episodic_return,1000.0
831825,episodic_length,1000.0
832123,episodic_return,296.0
832123,episodic_length,297.0
833124,episodic_return,1000.0
833124,episodic_length,1000.0
833536,value_loss,0.0185440294444561
833536,policy_loss,-0.0019302009604871273
833536,approx_kl,0.00248800590634346
833536,clipfrac,0.001123046875
833536,explained_variance,0.010343968868255615
833536,sps,620.0
833536,kl_beta,0.0625
834125,episodic_return,1000.0
834125,episodic_length,1000.0
835126,episodic_return,1000.0
835126,episodic_length,1000.0
835584,value_loss,0.5084656476974487
835584,policy_loss,-0.001926657510921359
835584,approx_kl,0.01917104795575142
835584,clipfrac,0.052294921875
835584,explained_variance,-0.0007829666137695312
835584,sps,620.0
835584,kl_beta,0.125
836127,episodic_return,1000.0
836127,episodic_length,1000.0
837128,episodic_return,1000.0
837128,episodic_length,1000.0
837460,episodic_return,330.0
837460,episodic_length,331.0
837632,value_loss,0.3024830222129822
837632,policy_loss,0.015173709951341152
837632,approx_kl,0.0025466280058026314
837632,clipfrac,0.014794921875
837632,explained_variance,0.012579739093780518
837632,sps,620.0
837632,kl_beta,0.0625
838461,episodic_return,1000.0
838461,episodic_length,1000.0
839462,episodic_return,1000.0
839462,episodic_length,1000.0
839680,value_loss,0.01438339427113533
839680,policy_loss,0.05267839506268501
839680,approx_kl,0.004336414858698845
839680,clipfrac,0.009375
839680,explained_variance,-0.00021660327911376953
839680,sps,620.0
839680,kl_beta,0.03125
840463,episodic_return,1000.0
840463,episodic_length,1000.0
841464,episodic_return,1000.0
841464,episodic_length,1000.0
841728,value_loss,0.026832321658730507
841728,policy_loss,0.014315103180706501
841728,approx_kl,0.021304400637745857
841728,clipfrac,0.067236328125
841728,explained_variance,0.014189481735229492
841728,sps,620.0
841728,kl_beta,0.0625
842465,episodic_return,1000.0
842465,episodic_length,1000.0
843466,episodic_return,1000.0
843466,episodic_length,1000.0
843776,value_loss,0.12081494927406311
843776,policy_loss,0.0022558392956852913
843776,approx_kl,0.00522012822329998
843776,clipfrac,0.028271484375
843776,explained_variance,-0.007071495056152344
843776,sps,620.0
843776,kl_beta,0.03125
844467,episodic_return,1000.0
844467,episodic_length,1000.0
845468,episodic_return,1000.0
845468,episodic_length,1000.0
845824,value_loss,0.06273313611745834
845824,policy_loss,-0.014565737918019295
845824,approx_kl,0.010835601948201656
845824,clipfrac,0.03515625
845824,explained_variance,0.001006007194519043
845824,sps,620.0
845824,kl_beta,0.03125
846469,episodic_return,1000.0
846469,episodic_length,1000.0
847470,episodic_return,1000.0
847470,episodic_length,1000.0
847872,value_loss,0.21837349236011505
847872,policy_loss,-0.011572349816560745
847872,approx_kl,0.0013726940378546715
847872,clipfrac,0.004443359375
847872,explained_variance,0.000507354736328125
847872,sps,620.0
847872,kl_beta,0.015625
848471,episodic_return,1000.0
848471,episodic_length,1000.0
848563,episodic_return,90.0
848563,episodic_length,91.0
849564,episodic_return,1000.0
849564,episodic_length,1000.0
849920,value_loss,0.06410932540893555
849920,policy_loss,-0.008996727876365185
849920,approx_kl,0.006919210776686668
849920,clipfrac,0.06845703125
849920,explained_variance,0.009057879447937012
849920,sps,620.0
849920,kl_beta,0.015625
850565,episodic_return,1000.0
850565,episodic_length,1000.0
850811,episodic_return,244.0
850811,episodic_length,245.0
851812,episodic_return,1000.0
851812,episodic_length,1000.0
851968,value_loss,0.24441112577915192
851968,policy_loss,-0.0007485991809517145
851968,approx_kl,0.004898414947092533
851968,clipfrac,0.03876953125
851968,explained_variance,0.020294547080993652
851968,sps,620.0
851968,kl_beta,0.0078125
852813,episodic_return,1000.0
852813,episodic_length,1000.0
853814,episodic_return,1000.0
853814,episodic_length,1000.0
854016,value_loss,0.4198415279388428
854016,policy_loss,-0.016688793897628784
854016,approx_kl,0.005283751524984837
854016,clipfrac,0.019775390625
854016,explained_variance,0.025652706623077393
854016,sps,620.0
854016,kl_beta,0.00390625
854815,episodic_return,1000.0
854815,episodic_length,1000.0
855816,episodic_return,1000.0
855816,episodic_length,1000.0
856064,value_loss,0.21008943021297455
856064,policy_loss,0.00815728958696127
856064,approx_kl,0.002353515475988388
856064,clipfrac,0.010693359375
856064,explained_variance,0.0007268786430358887
856064,sps,620.0
856064,kl_beta,0.001953125
856817,episodic_return,1000.0
856817,episodic_length,1000.0
857818,episodic_return,1000.0
857818,episodic_length,1000.0
858112,value_loss,0.006016029044985771
858112,policy_loss,-0.00017227980424650013
858112,approx_kl,0.0003890804946422577
858112,clipfrac,0.0
858112,explained_variance,0.016298353672027588
858112,sps,620.0
858112,kl_beta,0.0009765625
858819,episodic_return,1000.0
858819,episodic_length,1000.0
859820,episodic_return,1000.0
859820,episodic_length,1000.0
860160,value_loss,0.3021511733531952
860160,policy_loss,-0.0017525057774037123
860160,approx_kl,8.891057223081589e-05
860160,clipfrac,9.765625e-05
860160,explained_variance,0.003713369369506836
860160,sps,620.0
860160,kl_beta,0.00048828125
860821,episodic_return,1000.0
860821,episodic_length,1000.0
861822,episodic_return,1000.0
861822,episodic_length,1000.0
862208,value_loss,0.13984262943267822
862208,policy_loss,-0.010450483299791813
862208,approx_kl,0.01209120824933052
862208,clipfrac,0.053662109375
862208,explained_variance,0.015422344207763672
862208,sps,620.0
862208,kl_beta,0.00048828125
862823,episodic_return,1000.0
862823,episodic_length,1000.0
863824,episodic_return,1000.0
863824,episodic_length,1000.0
864256,value_loss,0.04872436821460724
864256,policy_loss,-0.009158818051218987
864256,approx_kl,0.04390362277626991
864256,clipfrac,0.083984375
864256,explained_variance,0.023994266986846924
864256,sps,620.0
864256,kl_beta,0.0009765625
864825,episodic_return,1000.0
864825,episodic_length,1000.0
865826,episodic_return,1000.0
865826,episodic_length,1000.0
866304,value_loss,0.43062251806259155
866304,policy_loss,-0.001949129393324256
866304,approx_kl,0.0008280118927359581
866304,clipfrac,0.002587890625
866304,explained_variance,0.010712623596191406
866304,sps,620.0
866304,kl_beta,0.00048828125
866827,episodic_return,1000.0
866827,episodic_length,1000.0
867828,episodic_return,1000.0
867828,episodic_length,1000.0
868352,value_loss,0.19183018803596497
868352,policy_loss,-0.01818143017590046
868352,approx_kl,0.020810693502426147
868352,clipfrac,0.059619140625
868352,explained_variance,-0.011909723281860352
868352,sps,620.0
868352,kl_beta,0.0009765625
868829,episodic_return,1000.0
868829,episodic_length,1000.0
869830,episodic_return,1000.0
869830,episodic_length,1000.0
870400,value_loss,0.05235745757818222
870400,policy_loss,0.005999439395964146
870400,approx_kl,0.003838617354631424
870400,clipfrac,0.0185546875
870400,explained_variance,-0.003277420997619629
870400,sps,620.0
870400,kl_beta,0.00048828125
870831,episodic_return,1000.0
870831,episodic_length,1000.0
871365,episodic_return,532.0
871365,episodic_length,533.0
872366,episodic_return,1000.0
872366,episodic_length,1000.0
872448,value_loss,0.07543933391571045
872448,policy_loss,-0.0017194919055327773
872448,approx_kl,0.010737660340964794
872448,clipfrac,0.02568359375
872448,explained_variance,0.004861593246459961
872448,sps,620.0
872448,kl_beta,0.00048828125
873146,episodic_return,778.0
873146,episodic_length,779.0
873489,episodic_return,341.0
873489,episodic_length,342.0
873697,episodic_return,206.0
873697,episodic_length,207.0
874496,value_loss,0.028943143784999847
874496,policy_loss,-0.0196162648499012
874496,approx_kl,0.02351752109825611
874496,clipfrac,0.07666015625
874496,explained_variance,0.026425063610076904
874496,sps,620.0
874496,kl_beta,0.0009765625
874698,episodic_return,1000.0
874698,episodic_length,1000.0
875441,episodic_return,741.0
875441,episodic_length,742.0
876442,episodic_return,1000.0
876442,episodic_length,1000.0
876544,value_loss,0.176400825381279
876544,policy_loss,0.008535492233932018
876544,approx_kl,0.0006892066448926926
876544,clipfrac,0.001025390625
876544,explained_variance,0.009346842765808105
876544,sps,620.0
876544,kl_beta,0.00048828125
877443,episodic_return,1000.0
877443,episodic_length,1000.0
878086,episodic_return,641.0
878086,episodic_length,642.0
878592,value_loss,0.12283983081579208
878592,policy_loss,0.0010077632032334805
878592,approx_kl,0.008616546168923378
878592,clipfrac,0.023095703125
878592,explained_variance,0.025097012519836426
878592,sps,620.0
878592,kl_beta,0.00048828125
879087,episodic_return,1000.0
879087,episodic_length,1000.0
880088,episodic_return,1000.0
880088,episodic_length,1000.0
880640,value_loss,0.08134400099515915
880640,policy_loss,0.0009770274627953768
880640,approx_kl,0.016745179891586304
880640,clipfrac,0.03271484375
880640,explained_variance,0.015882551670074463
880640,sps,620.0
880640,kl_beta,0.0009765625
881089,episodic_return,1000.0
881089,episodic_length,1000.0
882090,episodic_return,1000.0
882090,episodic_length,1000.0
882688,value_loss,0.05074985325336456
882688,policy_loss,-0.02763209119439125
882688,approx_kl,0.002741643227636814
882688,clipfrac,0.007275390625
882688,explained_variance,0.022594869136810303
882688,sps,620.0
882688,kl_beta,0.00048828125
883091,episodic_return,1000.0
883091,episodic_length,1000.0
884092,episodic_return,1000.0
884092,episodic_length,1000.0
884736,value_loss,0.0054394579492509365
884736,policy_loss,-0.0071305870078504086
884736,approx_kl,0.01615583524107933
884736,clipfrac,0.035302734375
884736,explained_variance,-0.0008314847946166992
884736,sps,620.0
884736,kl_beta,0.0009765625
885093,episodic_return,1000.0
885093,episodic_length,1000.0
886094,episodic_return,1000.0
886094,episodic_length,1000.0
886784,value_loss,0.004784988239407539
886784,policy_loss,0.0022969478741288185
886784,approx_kl,0.008263666182756424
886784,clipfrac,0.013818359375
886784,explained_variance,-0.0034596920013427734
886784,sps,620.0
886784,kl_beta,0.0009765625
887095,episodic_return,1000.0
887095,episodic_length,1000.0
888096,episodic_return,1000.0
888096,episodic_length,1000.0
888137,episodic_return,39.0
888137,episodic_length,40.0
888832,value_loss,0.008029595017433167
888832,policy_loss,-0.0009860092541202903
888832,approx_kl,0.0005652084946632385
888832,clipfrac,0.002587890625
888832,explained_variance,-0.010689854621887207
888832,sps,620.0
888832,kl_beta,0.00048828125
889138,episodic_return,1000.0
889138,episodic_length,1000.0
890139,episodic_return,1000.0
890139,episodic_length,1000.0
890880,value_loss,0.08710905909538269
890880,policy_loss,-0.03522052243351936
890880,approx_kl,0.012568398378789425
890880,clipfrac,0.03369140625
890880,explained_variance,-0.0002562999725341797
890880,sps,620.0
890880,kl_beta,0.00048828125
891140,episodic_return,1000.0
891140,episodic_length,1000.0
892141,episodic_return,1000.0
892141,episodic_length,1000.0
892928,value_loss,0.01856640726327896
892928,policy_loss,-0.0023454194888472557
892928,approx_kl,0.003755524754524231
892928,clipfrac,0.018798828125
892928,explained_variance,-0.00336456298828125
892928,sps,620.0
892928,kl_beta,0.000244140625
893142,episodic_return,1000.0
893142,episodic_length,1000.0
893382,episodic_return,238.0
893382,episodic_length,239.0
894383,episodic_return,1000.0
894383,episodic_length,1000.0
894976,value_loss,0.5563966035842896
894976,policy_loss,0.010412557050585747
894976,approx_kl,0.004232742823660374
894976,clipfrac,0.012158203125
894976,explained_variance,0.0041245222091674805
894976,sps,620.0
894976,kl_beta,0.0001220703125
895132,episodic_return,747.0
895132,episodic_length,748.0
896133,episodic_return,1000.0
896133,episodic_length,1000.0
897024,value_loss,0.13057279586791992
897024,policy_loss,-0.03957998752593994
897024,approx_kl,0.004855959676206112
897024,clipfrac,0.01923828125
897024,explained_variance,0.01180034875869751
897024,sps,620.0
897024,kl_beta,0.0001
897134,episodic_return,1000.0
897134,episodic_length,1000.0
898135,episodic_return,1000.0
898135,episodic_length,1000.0
899072,value_loss,0.21672287583351135
899072,policy_loss,-0.0021530359517782927
899072,approx_kl,0.0002908250316977501
899072,clipfrac,0.0001953125
899072,explained_variance,-0.0011397600173950195
899072,sps,620.0
899072,kl_beta,0.0001
899136,episodic_return,1000.0
899136,episodic_length,1000.0
900137,episodic_return,1000.0
900137,episodic_length,1000.0
901120,value_loss,0.16048502922058105
901120,policy_loss,-0.004379305988550186
901120,approx_kl,0.0002599461004137993
901120,clipfrac,0.000732421875
901120,explained_variance,-0.005536079406738281
901120,sps,620.0
901120,kl_beta,0.0001
901138,episodic_return,1000.0
901138,episodic_length,1000.0
902139,episodic_return,1000.0
902139,episodic_length,1000.0
902147,episodic_return,6.0
902147,episodic_length,7.0
903148,episodic_return,1000.0
903148,episodic_length,1000.0
903168,value_loss,0.07439036667346954
903168,policy_loss,-0.015939654782414436
903168,approx_kl,0.005986371077597141
903168,clipfrac,0.020458984375
903168,explained_variance,0.005161881446838379
903168,sps,620.0
903168,kl_beta,0.0001
904149,episodic_return,1000.0
904149,episodic_length,1000.0
905150,episodic_return,1000.0
905150,episodic_length,1000.0
905216,value_loss,0.1667061299085617
905216,policy_loss,0.00036805408308282495
905216,approx_kl,0.000624646432697773
905216,clipfrac,0.002001953125
905216,explained_variance,-0.004572510719299316
905216,sps,620.0
905216,kl_beta,0.0001
906151,episodic_return,1000.0
906151,episodic_length,1000.0
907152,episodic_return,1000.0
907152,episodic_length,1000.0
907264,value_loss,0.014670963399112225
907264,policy_loss,0.006696418393403292
907264,approx_kl,0.0025748107582330704
907264,clipfrac,0.00380859375
907264,explained_variance,0.012233376502990723
907264,sps,620.0
907264,kl_beta,0.0001
908153,episodic_return,1000.0
908153,episodic_length,1000.0
909154,episodic_return,1000.0
909154,episodic_length,1000.0
909312,value_loss,0.14907585084438324
909312,policy_loss,0.0036627044901251793
909312,approx_kl,0.007888956926763058
909312,clipfrac,0.02958984375
909312,explained_variance,0.01963907480239868
909312,sps,620.0
909312,kl_beta,0.0001
910155,episodic_return,1000.0
910155,episodic_length,1000.0
911156,episodic_return,1000.0
911156,episodic_length,1000.0
911360,value_loss,0.04590115323662758
911360,policy_loss,0.011000600643455982
911360,approx_kl,0.004516374319791794
911360,clipfrac,0.01064453125
911360,explained_variance,0.010461986064910889
911360,sps,620.0
911360,kl_beta,0.0001
912157,episodic_return,1000.0
912157,episodic_length,1000.0
913158,episodic_return,1000.0
913158,episodic_length,1000.0
913408,value_loss,0.04761969670653343
913408,policy_loss,0.0032148926984518766
913408,approx_kl,0.003992503508925438
913408,clipfrac,0.012451171875
913408,explained_variance,0.0048857927322387695
913408,sps,620.0
913408,kl_beta,0.0001
914159,episodic_return,1000.0
914159,episodic_length,1000.0
915160,episodic_return,1000.0
915160,episodic_length,1000.0
915456,value_loss,0.11172597110271454
915456,policy_loss,-0.0030495282262563705
915456,approx_kl,0.001060977578163147
915456,clipfrac,0.000537109375
915456,explained_variance,-0.02098393440246582
915456,sps,620.0
915456,kl_beta,0.0001
916161,episodic_return,1000.0
916161,episodic_length,1000.0
916864,episodic_return,701.0
916864,episodic_length,702.0
917504,value_loss,0.027820227667689323
917504,policy_loss,0.0013143495889380574
917504,approx_kl,0.00022448226809501648
917504,clipfrac,0.0
917504,explained_variance,-0.002391815185546875
917504,sps,620.0
917504,kl_beta,0.0001
917865,episodic_return,1000.0
917865,episodic_length,1000.0
918866,episodic_return,1000.0
918866,episodic_length,1000.0
919552,value_loss,0.11803406476974487
919552,policy_loss,-0.027724580839276314
919552,approx_kl,0.0038926415145397186
919552,clipfrac,0.0103515625
919552,explained_variance,0.015913844108581543
919552,sps,620.0
919552,kl_beta,0.0001
919867,episodic_return,1000.0
919867,episodic_length,1000.0
920653,episodic_return,784.0
920653,episodic_length,785.0
921600,value_loss,0.19919978082180023
921600,policy_loss,-0.03473523259162903
921600,approx_kl,0.022275801748037338
921600,clipfrac,0.046435546875
921600,explained_variance,0.016482055187225342
921600,sps,620.0
921600,kl_beta,0.0002
921654,episodic_return,1000.0
921654,episodic_length,1000.0
922655,episodic_return,1000.0
922655,episodic_length,1000.0
923648,value_loss,0.011579474434256554
923648,policy_loss,-0.009125562384724617
923648,approx_kl,0.006213027983903885
923648,clipfrac,0.008642578125
923648,explained_variance,0.01891803741455078
923648,sps,620.0
923648,kl_beta,0.0001
923656,episodic_return,1000.0
923656,episodic_length,1000.0
924657,episodic_return,1000.0
924657,episodic_length,1000.0
925658,episodic_return,1000.0
925658,episodic_length,1000.0
925696,value_loss,0.01577356830239296
925696,policy_loss,-0.002954652300104499
925696,approx_kl,0.002256941981613636
925696,clipfrac,0.005224609375
925696,explained_variance,0.005040884017944336
925696,sps,620.0
925696,kl_beta,0.0001
926659,episodic_return,1000.0
926659,episodic_length,1000.0
927660,episodic_return,1000.0
927660,episodic_length,1000.0
927744,value_loss,0.006213531829416752
927744,policy_loss,0.008324827998876572
927744,approx_kl,0.0014560883864760399
927744,clipfrac,0.0033203125
927744,explained_variance,0.04554849863052368
927744,sps,620.0
927744,kl_beta,0.0001
928661,episodic_return,1000.0
928661,episodic_length,1000.0
929662,episodic_return,1000.0
929662,episodic_length,1000.0
929792,value_loss,0.4600183963775635
929792,policy_loss,0.014246415346860886
929792,approx_kl,0.004169519990682602
929792,clipfrac,0.016015625
929792,explained_variance,0.0030268430709838867
929792,sps,620.0
929792,kl_beta,0.0001
930663,episodic_return,1000.0
930663,episodic_length,1000.0
931664,episodic_return,1000.0
931664,episodic_length,1000.0
931840,value_loss,0.3845152258872986
931840,policy_loss,-0.005112130660563707
931840,approx_kl,0.000555005855858326
931840,clipfrac,0.000146484375
931840,explained_variance,-0.009306907653808594
931840,sps,620.0
931840,kl_beta,0.0001
932665,episodic_return,1000.0
932665,episodic_length,1000.0
933666,episodic_return,1000.0
933666,episodic_length,1000.0
933888,value_loss,0.16647540032863617
933888,policy_loss,-0.006640063598752022
933888,approx_kl,0.0006154440343379974
933888,clipfrac,9.765625e-05
933888,explained_variance,0.02872699499130249
933888,sps,620.0
933888,kl_beta,0.0001
934667,episodic_return,1000.0
934667,episodic_length,1000.0
935668,episodic_return,1000.0
935668,episodic_length,1000.0
935936,value_loss,0.19143672287464142
935936,policy_loss,0.0007185098365880549
935936,approx_kl,0.00020544137805700302
935936,clipfrac,0.0
935936,explained_variance,0.03422755002975464
935936,sps,620.0
935936,kl_beta,0.0001
935952,episodic_return,282.0
935952,episodic_length,283.0
936627,episodic_return,673.0
936627,episodic_length,674.0
937628,episodic_return,1000.0
937628,episodic_length,1000.0
937984,value_loss,0.1396779716014862
937984,policy_loss,-0.005840594414621592
937984,approx_kl,0.0015956684947013855
937984,clipfrac,0.00947265625
937984,explained_variance,0.02784055471420288
937984,sps,620.0
937984,kl_beta,0.0001
938497,episodic_return,867.0
938497,episodic_length,868.0
939498,episodic_return,1000.0
939498,episodic_length,1000.0
940032,value_loss,0.013340079225599766
940032,policy_loss,0.0024296024348586798
940032,approx_kl,0.00011014845222234726
940032,clipfrac,0.0
940032,explained_variance,0.03623729944229126
940032,sps,620.0
940032,kl_beta,0.0001
940499,episodic_return,1000.0
940499,episodic_length,1000.0
941500,episodic_return,1000.0
941500,episodic_length,1000.0
942080,value_loss,0.006700234021991491
942080,policy_loss,-0.00106227514334023
942080,approx_kl,0.006135169416666031
942080,clipfrac,0.012109375
942080,explained_variance,0.03103393316268921
942080,sps,620.0
942080,kl_beta,0.0001
942501,episodic_return,1000.0
942501,episodic_length,1000.0
943502,episodic_return,1000.0
943502,episodic_length,1000.0
944128,value_loss,0.021605314686894417
944128,policy_loss,-0.0005141696892678738
944128,approx_kl,0.0007685273885726929
944128,clipfrac,0.00029296875
944128,explained_variance,0.04551410675048828
944128,sps,620.0
944128,kl_beta,0.0001
944503,episodic_return,1000.0
944503,episodic_length,1000.0
944794,episodic_return,289.0
944794,episodic_length,290.0
945795,episodic_return,1000.0
945795,episodic_length,1000.0
946176,value_loss,0.3692634403705597
946176,policy_loss,-0.0005055309156887233
946176,approx_kl,0.0019216742366552353
946176,clipfrac,0.00419921875
946176,explained_variance,0.031867027282714844
946176,sps,620.0
946176,kl_beta,0.0001
946796,episodic_return,1000.0
946796,episodic_length,1000.0
947797,episodic_return,1000.0
947797,episodic_length,1000.0
948224,value_loss,0.2845067083835602
948224,policy_loss,0.0015122360782697797
948224,approx_kl,2.9377639293670654e-05
948224,clipfrac,0.0
948224,explained_variance,0.042731642723083496
948224,sps,620.0
948224,kl_beta,0.0001
948798,episodic_return,1000.0
948798,episodic_length,1000.0
949799,episodic_return,1000.0
949799,episodic_length,1000.0
950272,value_loss,0.04983320087194443
950272,policy_loss,-0.002753429114818573
950272,approx_kl,0.0010428950190544128
950272,clipfrac,0.0021484375
950272,explained_variance,0.016037404537200928
950272,sps,620.0
950272,kl_beta,0.0001
950333,episodic_return,532.0
950333,episodic_length,533.0
951334,episodic_return,1000.0
951334,episodic_length,1000.0
952320,value_loss,0.06141803413629532
952320,policy_loss,-0.001167242880910635
952320,approx_kl,0.0018109865486621857
952320,clipfrac,0.004638671875
952320,explained_variance,0.024448931217193604
952320,sps,620.0
952320,kl_beta,0.0001
952335,episodic_return,1000.0
952335,episodic_length,1000.0
953336,episodic_return,1000.0
953336,episodic_length,1000.0
954337,episodic_return,1000.0
954337,episodic_length,1000.0
954368,value_loss,0.2231268584728241
954368,policy_loss,0.003305726917460561
954368,approx_kl,0.0001600906252861023
954368,clipfrac,0.000146484375
954368,explained_variance,0.00779491662979126
954368,sps,620.0
954368,kl_beta,0.0001
955338,episodic_return,1000.0
955338,episodic_length,1000.0
956339,episodic_return,1000.0
956339,episodic_length,1000.0
956416,value_loss,0.13978834450244904
956416,policy_loss,0.0005446328432299197
956416,approx_kl,2.849474549293518e-05
956416,clipfrac,0.0
956416,explained_variance,0.011194229125976562
956416,sps,620.0
956416,kl_beta,0.0001
957340,episodic_return,1000.0
957340,episodic_length,1000.0
958341,episodic_return,1000.0
958341,episodic_length,1000.0
958464,value_loss,0.38761138916015625
958464,policy_loss,0.0007771998643875122
958464,approx_kl,0.0011177323758602142
958464,clipfrac,4.8828125e-05
958464,explained_variance,0.017084062099456787
958464,sps,620.0
958464,kl_beta,0.0001
959342,episodic_return,1000.0
959342,episodic_length,1000.0
960343,episodic_return,1000.0
960343,episodic_length,1000.0
960512,value_loss,0.06366989761590958
960512,policy_loss,0.0034645884297788143
960512,approx_kl,0.00038747116923332214
960512,clipfrac,0.0
960512,explained_variance,0.025214552879333496
960512,sps,620.0
960512,kl_beta,0.0001
961344,episodic_return,1000.0
961344,episodic_length,1000.0
962345,episodic_return,1000.0
962345,episodic_length,1000.0
962560,value_loss,0.02819785848259926
962560,policy_loss,-0.005938432179391384
962560,approx_kl,0.000532013364136219
962560,clipfrac,0.001708984375
962560,explained_variance,0.032554566860198975
962560,sps,620.0
962560,kl_beta,0.0001
963346,episodic_return,1000.0
963346,episodic_length,1000.0
964347,episodic_return,1000.0
964347,episodic_length,1000.0
964608,value_loss,0.12491510808467865
964608,policy_loss,0.00181993015576154
964608,approx_kl,0.00025225337594747543
964608,clipfrac,0.0
964608,explained_variance,-0.009062528610229492
964608,sps,620.0
964608,kl_beta,0.0001
965348,episodic_return,1000.0
965348,episodic_length,1000.0
966349,episodic_return,1000.0
966349,episodic_length,1000.0
966656,value_loss,0.005972369574010372
966656,policy_loss,-0.0014342092908918858
966656,approx_kl,0.00034950487315654755
966656,clipfrac,0.000390625
966656,explained_variance,0.02190399169921875
966656,sps,620.0
966656,kl_beta,0.0001
966738,episodic_return,387.0
966738,episodic_length,388.0
967739,episodic_return,1000.0
967739,episodic_length,1000.0
967853,episodic_return,112.0
967853,episodic_length,113.0
967956,episodic_return,101.0
967956,episodic_length,102.0
968704,value_loss,0.2240271121263504
968704,policy_loss,-0.0019051956478506327
968704,approx_kl,0.00014703255146741867
968704,clipfrac,0.0
968704,explained_variance,0.03501403331756592
968704,sps,620.0
968704,kl_beta,0.0001
968957,episodic_return,1000.0
968957,episodic_length,1000.0
969958,episodic_return,1000.0
969958,episodic_length,1000.0
970752,value_loss,0.026040518656373024
970752,policy_loss,-0.0006528777885250747
970752,approx_kl,0.0024753622710704803
970752,clipfrac,0.00234375
970752,explained_variance,0.02918487787246704
970752,sps,620.0
970752,kl_beta,0.0001
970959,episodic_return,1000.0
970959,episodic_length,1000.0
971960,episodic_return,1000.0
971960,episodic_length,1000.0
972800,value_loss,0.17032629251480103
972800,policy_loss,-0.000855976075399667
972800,approx_kl,0.00021146703511476517
972800,clipfrac,0.0
972800,explained_variance,0.051108360290527344
972800,sps,620.0
972800,kl_beta,0.0001
972961,episodic_return,1000.0
972961,episodic_length,1000.0
973962,episodic_return,1000.0
973962,episodic_length,1000.0
974848,value_loss,0.037199608981609344
974848,policy_loss,6.882636807858944e-05
974848,approx_kl,0.0004819277673959732
974848,clipfrac,0.0001953125
974848,explained_variance,0.014282584190368652
974848,sps,620.0
974848,kl_beta,0.0001
974963,episodic_return,1000.0
974963,episodic_length,1000.0
975964,episodic_return,1000.0
975964,episodic_length,1000.0
976896,value_loss,0.46315938234329224
976896,policy_loss,-0.0014274418354034424
976896,approx_kl,3.680866211652756e-05
976896,clipfrac,0.0
976896,explained_variance,-0.03768563270568848
976896,sps,620.0
976896,kl_beta,0.0001
976965,episodic_return,1000.0
976965,episodic_length,1000.0
977831,episodic_return,864.0
977831,episodic_length,865.0
978832,episodic_return,1000.0
978832,episodic_length,1000.0
978944,value_loss,0.13745170831680298
978944,policy_loss,0.00013206970470491797
978944,approx_kl,7.1944668889045715e-06
978944,clipfrac,0.0
978944,explained_variance,0.030956029891967773
978944,sps,620.0
978944,kl_beta,0.0001
979463,episodic_return,629.0
979463,episodic_length,630.0
980464,episodic_return,1000.0
980464,episodic_length,1000.0
980992,value_loss,0.0046295588836073875
980992,policy_loss,-0.0015682005323469639
980992,approx_kl,0.0002375403419137001
980992,clipfrac,0.0
980992,explained_variance,0.059628963470458984
980992,sps,620.0
980992,kl_beta,0.0001
981465,episodic_return,1000.0
981465,episodic_length,1000.0
982466,episodic_return,1000.0
982466,episodic_length,1000.0
983040,value_loss,0.1951531022787094
983040,policy_loss,0.0006641601794399321
983040,approx_kl,5.313195288181305e-06
983040,clipfrac,0.0
983040,explained_variance,-0.008779048919677734
983040,sps,620.0
983040,kl_beta,0.0001
983467,episodic_return,1000.0
983467,episodic_length,1000.0
984468,episodic_return,1000.0
984468,episodic_length,1000.0
985088,value_loss,0.3279622793197632
985088,policy_loss,-0.0004423475475050509
985088,approx_kl,4.587043076753616e-05
985088,clipfrac,0.0
985088,explained_variance,0.03977525234222412
985088,sps,620.0
985088,kl_beta,0.0001
985469,episodic_return,1000.0
985469,episodic_length,1000.0
985844,episodic_return,373.0
985844,episodic_length,374.0
986845,episodic_return,1000.0
986845,episodic_length,1000.0
987136,value_loss,0.5083757638931274
987136,policy_loss,0.00021288786956574768
987136,approx_kl,2.4294480681419373e-05
987136,clipfrac,0.0
987136,explained_variance,0.008437931537628174
987136,sps,620.0
987136,kl_beta,0.0001
987846,episodic_return,1000.0
987846,episodic_length,1000.0
988847,episodic_return,1000.0
988847,episodic_length,1000.0
989184,value_loss,0.2170625776052475
989184,policy_loss,-0.0004175065259914845
989184,approx_kl,1.665949821472168e-05
989184,clipfrac,0.0
989184,explained_variance,-0.008916020393371582
989184,sps,620.0
989184,kl_beta,0.0001
989848,episodic_return,1000.0
989848,episodic_length,1000.0
990849,episodic_return,1000.0
990849,episodic_length,1000.0
991232,value_loss,0.0070115793496370316
991232,policy_loss,-1.0579050240266952e-06
991232,approx_kl,7.739290595054626e-07
991232,clipfrac,0.0
991232,explained_variance,0.020044028759002686
991232,sps,620.0
991232,kl_beta,0.0001
991850,episodic_return,1000.0
991850,episodic_length,1000.0
992851,episodic_return,1000.0
992851,episodic_length,1000.0
993280,value_loss,0.11532610654830933
993280,policy_loss,-0.0002260998880956322
993280,approx_kl,1.0224990546703339e-05
993280,clipfrac,0.0
993280,explained_variance,-0.005624890327453613
993280,sps,620.0
993280,kl_beta,0.0001
993852,episodic_return,1000.0
993852,episodic_length,1000.0
994853,episodic_return,1000.0
994853,episodic_length,1000.0
995328,value_loss,0.321178138256073
995328,policy_loss,2.4308148567797616e-05
995328,approx_kl,6.29667192697525e-06
995328,clipfrac,0.0
995328,explained_variance,-0.020592451095581055
995328,sps,620.0
995328,kl_beta,0.0001
995854,episodic_return,1000.0
995854,episodic_length,1000.0
996855,episodic_return,1000.0
996855,episodic_length,1000.0
997376,value_loss,0.029870934784412384
997376,policy_loss,-0.00013396097347140312
997376,approx_kl,4.639849066734314e-06
997376,clipfrac,0.0
997376,explained_variance,-0.009825944900512695
997376,sps,620.0
997376,kl_beta,0.0001
997856,episodic_return,1000.0
997856,episodic_length,1000.0
998857,episodic_return,1000.0
998857,episodic_length,1000.0
999424,value_loss,0.2714533507823944
999424,policy_loss,-4.295230155548779e-06
999424,approx_kl,2.952292561531067e-07
999424,clipfrac,0.0
999424,explained_variance,-0.02942502498626709
999424,sps,620.0
999424,kl_beta,0.0001
