global_step,metric,value
1000,episodic_return,-245.21836699573814
1000,episodic_length,1000.0
2001,episodic_return,-345.74104274220616
2001,episodic_length,1000.0
2048,value_loss,0.6480535864830017
2048,policy_loss,-0.03910038620233536
2048,approx_kl,0.018818335607647896
2048,clipfrac,0.119189453125
2048,explained_variance,-0.7242897748947144
2048,sps,524.0
2048,kl_beta,2.0
3002,episodic_return,-511.24027275760386
3002,episodic_length,1000.0
4003,episodic_return,-280.8133995881066
4003,episodic_length,1000.0
4096,value_loss,0.10651614516973495
4096,policy_loss,-0.015721425414085388
4096,approx_kl,0.005961528047919273
4096,clipfrac,0.044482421875
4096,explained_variance,-0.2918729782104492
4096,sps,550.0
4096,kl_beta,1.0
5004,episodic_return,-319.4230235624208
5004,episodic_length,1000.0
6005,episodic_return,-343.4211013074107
6005,episodic_length,1000.0
6144,value_loss,0.03992068022489548
6144,policy_loss,-0.04294612258672714
6144,approx_kl,0.01901528239250183
6144,clipfrac,0.126806640625
6144,explained_variance,-0.26009035110473633
6144,sps,565.0
6144,kl_beta,2.0
7006,episodic_return,-403.7307420909723
7006,episodic_length,1000.0
8007,episodic_return,-391.2146590466045
8007,episodic_length,1000.0
8192,value_loss,0.038015563040971756
8192,policy_loss,-0.024723567068576813
8192,approx_kl,0.007660914212465286
8192,clipfrac,0.06064453125
8192,explained_variance,-0.03975093364715576
8192,sps,567.0
8192,kl_beta,2.0
9008,episodic_return,-371.9512016945391
9008,episodic_length,1000.0
10009,episodic_return,-316.23257779272217
10009,episodic_length,1000.0
10240,value_loss,0.06291020661592484
10240,policy_loss,-0.026366716250777245
10240,approx_kl,0.007151738740503788
10240,clipfrac,0.05263671875
10240,explained_variance,0.0951043963432312
10240,sps,574.0
10240,kl_beta,2.0
11010,episodic_return,-409.88821714262536
11010,episodic_length,1000.0
12011,episodic_return,-230.08607990322048
12011,episodic_length,1000.0
12288,value_loss,0.05891958251595497
12288,policy_loss,-0.0016715209931135178
12288,approx_kl,0.007801932282745838
12288,clipfrac,0.05078125
12288,explained_variance,0.18876469135284424
12288,sps,580.0
12288,kl_beta,2.0
13012,episodic_return,-396.1013563363063
13012,episodic_length,1000.0
14013,episodic_return,-229.68446318273215
14013,episodic_length,1000.0
14336,value_loss,0.09476818144321442
14336,policy_loss,-0.03007323481142521
14336,approx_kl,0.005511048249900341
14336,clipfrac,0.03720703125
14336,explained_variance,0.002391993999481201
14336,sps,586.0
14336,kl_beta,1.0
15014,episodic_return,-155.33658341517076
15014,episodic_length,1000.0
16015,episodic_return,-337.71060438599915
16015,episodic_length,1000.0
16384,value_loss,0.0533970445394516
16384,policy_loss,-0.07522380352020264
16384,approx_kl,0.0348513200879097
16384,clipfrac,0.212646484375
16384,explained_variance,0.3133949041366577
16384,sps,591.0
16384,kl_beta,2.0
17016,episodic_return,-288.5467817944527
17016,episodic_length,1000.0
18017,episodic_return,-347.3215722867751
18017,episodic_length,1000.0
18432,value_loss,0.03874009847640991
18432,policy_loss,-0.009611893445253372
18432,approx_kl,0.005913233384490013
18432,clipfrac,0.06435546875
18432,explained_variance,0.3420414328575134
18432,sps,596.0
18432,kl_beta,1.0
19018,episodic_return,-280.00598358561183
19018,episodic_length,1000.0
20019,episodic_return,-437.121376545695
20019,episodic_length,1000.0
20480,value_loss,0.03437121957540512
20480,policy_loss,-0.1122368648648262
20480,approx_kl,0.03148501366376877
20480,clipfrac,0.209814453125
20480,explained_variance,0.03484278917312622
20480,sps,600.0
20480,kl_beta,2.0
21020,episodic_return,-271.1728215235021
21020,episodic_length,1000.0
22021,episodic_return,-289.37026344962084
22021,episodic_length,1000.0
22528,value_loss,0.025758758187294006
22528,policy_loss,-0.021291613578796387
22528,approx_kl,0.009363021701574326
22528,clipfrac,0.064501953125
22528,explained_variance,0.3380364775657654
22528,sps,601.0
22528,kl_beta,2.0
23022,episodic_return,-269.9066224007375
23022,episodic_length,1000.0
24023,episodic_return,-311.2289470580295
24023,episodic_length,1000.0
24576,value_loss,0.03785047307610512
24576,policy_loss,-0.04200693592429161
24576,approx_kl,0.0062876176089048386
24576,clipfrac,0.051025390625
24576,explained_variance,0.29275333881378174
24576,sps,602.0
24576,kl_beta,1.0
25024,episodic_return,-314.843087786642
25024,episodic_length,1000.0
26025,episodic_return,-276.5726216946983
26025,episodic_length,1000.0
26624,value_loss,0.016157466918230057
26624,policy_loss,-0.02524682879447937
26624,approx_kl,0.02792617678642273
26624,clipfrac,0.164990234375
26624,explained_variance,0.34161365032196045
26624,sps,605.0
26624,kl_beta,2.0
27026,episodic_return,-283.8345473262293
27026,episodic_length,1000.0
28027,episodic_return,-322.7885435159986
28027,episodic_length,1000.0
28672,value_loss,0.05022001266479492
28672,policy_loss,-0.016424069181084633
28672,approx_kl,0.0069756899029016495
28672,clipfrac,0.06435546875
28672,explained_variance,0.2507427930831909
28672,sps,604.0
28672,kl_beta,2.0
29028,episodic_return,-303.54635183842294
29028,episodic_length,1000.0
30029,episodic_return,-244.22487166980218
30029,episodic_length,1000.0
30720,value_loss,0.036879461258649826
30720,policy_loss,-0.012656565755605698
30720,approx_kl,0.013233378529548645
30720,clipfrac,0.08046875
30720,explained_variance,0.39273226261138916
30720,sps,602.0
30720,kl_beta,2.0
31030,episodic_return,-228.75563780181935
31030,episodic_length,1000.0
32031,episodic_return,-209.16362166362077
32031,episodic_length,1000.0
32768,value_loss,0.041562337428331375
32768,policy_loss,-0.0303712859749794
32768,approx_kl,0.009798329323530197
32768,clipfrac,0.0623046875
32768,explained_variance,0.42846113443374634
32768,sps,602.0
32768,kl_beta,2.0
33032,episodic_return,-255.33680921044558
33032,episodic_length,1000.0
34033,episodic_return,-182.29463067168052
34033,episodic_length,1000.0
34816,value_loss,0.07894106209278107
34816,policy_loss,-0.0381154827773571
34816,approx_kl,0.007966876029968262
34816,clipfrac,0.055908203125
34816,explained_variance,0.4346492290496826
34816,sps,603.0
34816,kl_beta,2.0
35034,episodic_return,-251.73330319267964
35034,episodic_length,1000.0
36035,episodic_return,-325.976380555524
36035,episodic_length,1000.0
36864,value_loss,0.04327858239412308
36864,policy_loss,-0.010870931670069695
36864,approx_kl,0.007008935324847698
36864,clipfrac,0.05244140625
36864,explained_variance,0.20102721452713013
36864,sps,606.0
36864,kl_beta,2.0
37036,episodic_return,-262.7476835623773
37036,episodic_length,1000.0
38037,episodic_return,-170.97482068475674
38037,episodic_length,1000.0
38912,value_loss,0.04917977377772331
38912,policy_loss,-0.034695785492658615
38912,approx_kl,0.0074801091104745865
38912,clipfrac,0.041259765625
38912,explained_variance,0.4141938090324402
38912,sps,606.0
38912,kl_beta,2.0
39038,episodic_return,-256.60092863316873
39038,episodic_length,1000.0
40039,episodic_return,-277.1343638158415
40039,episodic_length,1000.0
40960,value_loss,0.04067963361740112
40960,policy_loss,-0.04053030163049698
40960,approx_kl,0.00954577699303627
40960,clipfrac,0.062158203125
40960,explained_variance,0.24055582284927368
40960,sps,607.0
40960,kl_beta,2.0
41040,episodic_return,-225.63951314058605
41040,episodic_length,1000.0
42041,episodic_return,-242.73895602344112
42041,episodic_length,1000.0
43008,value_loss,0.041931651532649994
43008,policy_loss,-0.007304837927222252
43008,approx_kl,0.0047780657187104225
43008,clipfrac,0.04013671875
43008,explained_variance,0.32772862911224365
43008,sps,609.0
43008,kl_beta,1.0
43042,episodic_return,-221.47016399372603
43042,episodic_length,1000.0
44043,episodic_return,-250.60365270707044
44043,episodic_length,1000.0
45044,episodic_return,-250.4787891323021
45044,episodic_length,1000.0
45056,value_loss,0.03418942540884018
45056,policy_loss,0.013199534267187119
45056,approx_kl,0.01801227405667305
45056,clipfrac,0.17412109375
45056,explained_variance,0.36894840002059937
45056,sps,610.0
45056,kl_beta,2.0
46045,episodic_return,-291.21833043992496
46045,episodic_length,1000.0
47046,episodic_return,-260.77731334337665
47046,episodic_length,1000.0
47104,value_loss,0.032799724489450455
47104,policy_loss,-0.0203689094632864
47104,approx_kl,0.008173883892595768
47104,clipfrac,0.051318359375
47104,explained_variance,0.37884676456451416
47104,sps,610.0
47104,kl_beta,2.0
48047,episodic_return,-138.60575679081438
48047,episodic_length,1000.0
49048,episodic_return,-286.558113560033
49048,episodic_length,1000.0
49152,value_loss,0.037687528878450394
49152,policy_loss,-0.02043391764163971
49152,approx_kl,0.006428956985473633
49152,clipfrac,0.05537109375
49152,explained_variance,0.14220380783081055
49152,sps,611.0
49152,kl_beta,1.0
50049,episodic_return,-271.6230113349879
50049,episodic_length,1000.0
51050,episodic_return,-171.25379885744613
51050,episodic_length,1000.0
51200,value_loss,0.05636215955018997
51200,policy_loss,-0.02005377970635891
51200,approx_kl,0.028498174622654915
51200,clipfrac,0.2044921875
51200,explained_variance,0.12084025144577026
51200,sps,609.0
51200,kl_beta,2.0
52051,episodic_return,-248.68739681792525
52051,episodic_length,1000.0
53052,episodic_return,-199.5856460755383
53052,episodic_length,1000.0
53248,value_loss,0.0223094392567873
53248,policy_loss,-0.0288850124925375
53248,approx_kl,0.009108354337513447
53248,clipfrac,0.079150390625
53248,explained_variance,0.2678295373916626
53248,sps,609.0
53248,kl_beta,2.0
54053,episodic_return,-194.11023239698446
54053,episodic_length,1000.0
55054,episodic_return,-262.02410509407656
55054,episodic_length,1000.0
55296,value_loss,0.05052702873945236
55296,policy_loss,-0.05390074476599693
55296,approx_kl,0.008317684754729271
55296,clipfrac,0.045458984375
55296,explained_variance,0.3086922764778137
55296,sps,608.0
55296,kl_beta,2.0
56055,episodic_return,-248.0510411015456
56055,episodic_length,1000.0
57056,episodic_return,-92.69336193814542
57056,episodic_length,1000.0
57344,value_loss,0.05432349443435669
57344,policy_loss,-0.013691525906324387
57344,approx_kl,0.00751410610973835
57344,clipfrac,0.05546875
57344,explained_variance,0.2875308394432068
57344,sps,609.0
57344,kl_beta,2.0
58057,episodic_return,-134.61548940685063
58057,episodic_length,1000.0
59058,episodic_return,-159.5769502532627
59058,episodic_length,1000.0
59392,value_loss,0.0407356396317482
59392,policy_loss,-0.026038551703095436
59392,approx_kl,0.010045253671705723
59392,clipfrac,0.079541015625
59392,explained_variance,0.3969535231590271
59392,sps,610.0
59392,kl_beta,2.0
60059,episodic_return,-186.87070776388148
60059,episodic_length,1000.0
61060,episodic_return,-178.19951030290403
61060,episodic_length,1000.0
61440,value_loss,0.05104588717222214
61440,policy_loss,-0.06720271706581116
61440,approx_kl,0.01075334008783102
61440,clipfrac,0.056640625
61440,explained_variance,0.20636987686157227
61440,sps,611.0
61440,kl_beta,2.0
62061,episodic_return,-203.01410976555837
62061,episodic_length,1000.0
63062,episodic_return,-116.29951392499946
63062,episodic_length,1000.0
63488,value_loss,0.03500393405556679
63488,policy_loss,-0.02384652942419052
63488,approx_kl,0.006247740238904953
63488,clipfrac,0.0615234375
63488,explained_variance,0.2063339352607727
63488,sps,611.0
63488,kl_beta,1.0
64063,episodic_return,-200.05385924816818
64063,episodic_length,1000.0
65064,episodic_return,-212.44830674040224
65064,episodic_length,1000.0
65536,value_loss,0.03008177876472473
65536,policy_loss,-0.06983934342861176
65536,approx_kl,0.01970340684056282
65536,clipfrac,0.186767578125
65536,explained_variance,0.17829036712646484
65536,sps,611.0
65536,kl_beta,2.0
66065,episodic_return,-112.20468222114367
66065,episodic_length,1000.0
67066,episodic_return,-181.95512082284142
67066,episodic_length,1000.0
67584,value_loss,0.03396420180797577
67584,policy_loss,-0.05365876480937004
67584,approx_kl,0.012677976861596107
67584,clipfrac,0.076904296875
67584,explained_variance,0.316545307636261
67584,sps,611.0
67584,kl_beta,2.0
68067,episodic_return,-116.85150042687991
68067,episodic_length,1000.0
69068,episodic_return,-135.46447623257208
69068,episodic_length,1000.0
69632,value_loss,0.07247652113437653
69632,policy_loss,-0.03698495402932167
69632,approx_kl,0.007524607703089714
69632,clipfrac,0.07607421875
69632,explained_variance,0.3466460704803467
69632,sps,610.0
69632,kl_beta,2.0
70069,episodic_return,-182.14413695748277
70069,episodic_length,1000.0
71070,episodic_return,-186.38093219563183
71070,episodic_length,1000.0
71680,value_loss,0.07408040761947632
71680,policy_loss,-0.04673824459314346
71680,approx_kl,0.009733964689075947
71680,clipfrac,0.085009765625
71680,explained_variance,0.21957290172576904
71680,sps,609.0
71680,kl_beta,2.0
72071,episodic_return,-103.13496545481686
72071,episodic_length,1000.0
73072,episodic_return,-176.41304307407614
73072,episodic_length,1000.0
73728,value_loss,0.05885900557041168
73728,policy_loss,-0.04601387679576874
73728,approx_kl,0.011712335981428623
73728,clipfrac,0.08427734375
73728,explained_variance,0.30719655752182007
73728,sps,609.0
73728,kl_beta,2.0
74073,episodic_return,-127.35184422763464
74073,episodic_length,1000.0
75074,episodic_return,-57.132615198606345
75074,episodic_length,1000.0
75776,value_loss,0.039998553693294525
75776,policy_loss,-0.02648337185382843
75776,approx_kl,0.007952939718961716
75776,clipfrac,0.063232421875
75776,explained_variance,0.36380571126937866
75776,sps,608.0
75776,kl_beta,2.0
76075,episodic_return,-152.95143680558044
76075,episodic_length,1000.0
77076,episodic_return,-103.24237138991117
77076,episodic_length,1000.0
77824,value_loss,0.04684259369969368
77824,policy_loss,-0.020114576444029808
77824,approx_kl,0.010622945614159107
77824,clipfrac,0.078564453125
77824,explained_variance,0.4029291272163391
77824,sps,607.0
77824,kl_beta,2.0
78077,episodic_return,-164.31094912092067
78077,episodic_length,1000.0
79078,episodic_return,-146.6770502846894
79078,episodic_length,1000.0
79872,value_loss,0.02280886471271515
79872,policy_loss,-0.036473099142313004
79872,approx_kl,0.011587968096137047
79872,clipfrac,0.088037109375
79872,explained_variance,0.4224013686180115
79872,sps,606.0
79872,kl_beta,2.0
80079,episodic_return,-66.80063668792171
80079,episodic_length,1000.0
81080,episodic_return,-93.77976984187178
81080,episodic_length,1000.0
81920,value_loss,0.050753310322761536
81920,policy_loss,-0.017393454909324646
81920,approx_kl,0.005841914564371109
81920,clipfrac,0.073193359375
81920,explained_variance,0.5378042161464691
81920,sps,607.0
81920,kl_beta,1.0
82081,episodic_return,-122.52139379792123
82081,episodic_length,1000.0
83082,episodic_return,-108.31004894485767
83082,episodic_length,1000.0
83968,value_loss,0.02691555581986904
83968,policy_loss,-0.06700911372900009
83968,approx_kl,0.027299903333187103
83968,clipfrac,0.1759765625
83968,explained_variance,0.5633257031440735
83968,sps,607.0
83968,kl_beta,2.0
84083,episodic_return,-112.1475241967198
84083,episodic_length,1000.0
85084,episodic_return,8.721915377594039
85084,episodic_length,1000.0
86016,value_loss,0.03672153502702713
86016,policy_loss,-0.017126528546214104
86016,approx_kl,0.01174111757427454
86016,clipfrac,0.085205078125
86016,explained_variance,0.5740795433521271
86016,sps,606.0
86016,kl_beta,2.0
86085,episodic_return,-68.54932970949358
86085,episodic_length,1000.0
87086,episodic_return,-118.06646843656165
87086,episodic_length,1000.0
88064,value_loss,0.025938937440514565
88064,policy_loss,-0.03523695841431618
88064,approx_kl,0.009475616738200188
88064,clipfrac,0.08515625
88064,explained_variance,0.34819895029067993
88064,sps,606.0
88064,kl_beta,2.0
88087,episodic_return,-66.58307194272203
88087,episodic_length,1000.0
89088,episodic_return,-61.9725684907981
89088,episodic_length,1000.0
90089,episodic_return,-65.75208804865304
90089,episodic_length,1000.0
90112,value_loss,0.04508989304304123
90112,policy_loss,-0.04470038041472435
90112,approx_kl,0.009604604914784431
90112,clipfrac,0.0833984375
90112,explained_variance,0.5484293401241302
90112,sps,606.0
90112,kl_beta,2.0
91090,episodic_return,16.378043421827083
91090,episodic_length,1000.0
92091,episodic_return,-40.24830903735346
92091,episodic_length,1000.0
92160,value_loss,0.042812105268239975
92160,policy_loss,-0.04331779479980469
92160,approx_kl,0.013562329113483429
92160,clipfrac,0.084326171875
92160,explained_variance,0.3274664282798767
92160,sps,606.0
92160,kl_beta,2.0
93092,episodic_return,58.44024077115814
93092,episodic_length,1000.0
94093,episodic_return,58.82623289303304
94093,episodic_length,1000.0
94208,value_loss,0.030963405966758728
94208,policy_loss,-0.035551995038986206
94208,approx_kl,0.009837471880018711
94208,clipfrac,0.095947265625
94208,explained_variance,0.43052977323532104
94208,sps,606.0
94208,kl_beta,2.0
95094,episodic_return,45.21253140034153
95094,episodic_length,1000.0
96095,episodic_return,75.78668947803489
96095,episodic_length,1000.0
96256,value_loss,0.03193162381649017
96256,policy_loss,-0.04664076119661331
96256,approx_kl,0.01003043632954359
96256,clipfrac,0.07412109375
96256,explained_variance,0.18026524782180786
96256,sps,606.0
96256,kl_beta,2.0
97096,episodic_return,9.94085499731726
97096,episodic_length,1000.0
98097,episodic_return,-58.13385341958377
98097,episodic_length,1000.0
98304,value_loss,0.027135100215673447
98304,policy_loss,-0.014801247045397758
98304,approx_kl,0.009387697093188763
98304,clipfrac,0.096044921875
98304,explained_variance,0.5466327965259552
98304,sps,607.0
98304,kl_beta,2.0
99098,episodic_return,47.479074876968554
99098,episodic_length,1000.0
100099,episodic_return,96.872673136544
100099,episodic_length,1000.0
100352,value_loss,0.022868532687425613
100352,policy_loss,-0.05289239063858986
100352,approx_kl,0.010427145287394524
100352,clipfrac,0.079931640625
100352,explained_variance,0.3500328063964844
100352,sps,606.0
100352,kl_beta,2.0
101100,episodic_return,-16.29155135599089
101100,episodic_length,1000.0
102101,episodic_return,80.21433560017485
102101,episodic_length,1000.0
102400,value_loss,0.03282169625163078
102400,policy_loss,-0.04907231777906418
102400,approx_kl,0.015538384206593037
102400,clipfrac,0.094189453125
102400,explained_variance,0.5189478695392609
102400,sps,606.0
102400,kl_beta,4.0
103102,episodic_return,93.30930532120988
103102,episodic_length,1000.0
104103,episodic_return,32.40482576480434
104103,episodic_length,1000.0
104448,value_loss,0.023219801485538483
104448,policy_loss,-0.030149128288030624
104448,approx_kl,0.0038810549303889275
104448,clipfrac,0.019921875
104448,explained_variance,0.4887586832046509
104448,sps,606.0
104448,kl_beta,2.0
105104,episodic_return,47.15000047664354
105104,episodic_length,1000.0
106105,episodic_return,58.039063235526406
106105,episodic_length,1000.0
106496,value_loss,0.01993301883339882
106496,policy_loss,-0.023362908512353897
106496,approx_kl,0.009410036727786064
106496,clipfrac,0.074560546875
106496,explained_variance,0.40966886281967163
106496,sps,606.0
106496,kl_beta,2.0
107106,episodic_return,98.84463596066777
107106,episodic_length,1000.0
108107,episodic_return,84.35214386197879
108107,episodic_length,1000.0
108544,value_loss,0.021984005346894264
108544,policy_loss,-0.051595188677310944
108544,approx_kl,0.007721141912043095
108544,clipfrac,0.090625
108544,explained_variance,0.2683908939361572
108544,sps,605.0
108544,kl_beta,2.0
109108,episodic_return,129.36154377992966
109108,episodic_length,1000.0
110109,episodic_return,91.38731604292137
110109,episodic_length,1000.0
110592,value_loss,0.019427288323640823
110592,policy_loss,-0.0597732849419117
110592,approx_kl,0.012927418574690819
110592,clipfrac,0.07734375
110592,explained_variance,0.2099165916442871
110592,sps,605.0
110592,kl_beta,2.0
111110,episodic_return,140.5877443161265
111110,episodic_length,1000.0
112111,episodic_return,129.68957962668614
112111,episodic_length,1000.0
112640,value_loss,0.021409470587968826
112640,policy_loss,-0.0181940458714962
112640,approx_kl,0.009905839338898659
112640,clipfrac,0.080517578125
112640,explained_variance,0.2664794921875
112640,sps,605.0
112640,kl_beta,2.0
113112,episodic_return,163.04657340945164
113112,episodic_length,1000.0
114113,episodic_return,103.54038069669237
114113,episodic_length,1000.0
114688,value_loss,0.026878442615270615
114688,policy_loss,-0.032766591757535934
114688,approx_kl,0.010756045579910278
114688,clipfrac,0.078662109375
114688,explained_variance,0.3065676689147949
114688,sps,605.0
114688,kl_beta,2.0
115114,episodic_return,210.7064551102089
115114,episodic_length,1000.0
116115,episodic_return,160.211705167577
116115,episodic_length,1000.0
116736,value_loss,0.02750575728714466
116736,policy_loss,-0.07660850882530212
116736,approx_kl,0.013828090392053127
116736,clipfrac,0.09599609375
116736,explained_variance,0.33994585275650024
116736,sps,605.0
116736,kl_beta,2.0
117116,episodic_return,253.68852564245898
117116,episodic_length,1000.0
118117,episodic_return,195.68363690969096
118117,episodic_length,1000.0
118784,value_loss,0.022518400102853775
118784,policy_loss,-0.024756019935011864
118784,approx_kl,0.009845723398029804
118784,clipfrac,0.08046875
118784,explained_variance,0.3006099462509155
118784,sps,605.0
118784,kl_beta,2.0
119118,episodic_return,130.8712211438562
119118,episodic_length,1000.0
120119,episodic_return,183.9461931682457
120119,episodic_length,1000.0
120832,value_loss,0.04007472097873688
120832,policy_loss,-0.03316535800695419
120832,approx_kl,0.013064056634902954
120832,clipfrac,0.093994140625
120832,explained_variance,0.42886853218078613
120832,sps,606.0
120832,kl_beta,2.0
121120,episodic_return,165.5053260317146
121120,episodic_length,1000.0
122121,episodic_return,161.2839967259159
122121,episodic_length,1000.0
122880,value_loss,0.021401792764663696
122880,policy_loss,-0.047018684446811676
122880,approx_kl,0.019141491502523422
122880,clipfrac,0.080908203125
122880,explained_variance,0.2947269678115845
122880,sps,605.0
122880,kl_beta,4.0
123122,episodic_return,262.61337844689757
123122,episodic_length,1000.0
124123,episodic_return,219.97863993205056
124123,episodic_length,1000.0
124928,value_loss,0.02460603043437004
124928,policy_loss,-0.0380110889673233
124928,approx_kl,0.004281593486666679
124928,clipfrac,0.025927734375
124928,explained_variance,0.2996220588684082
124928,sps,605.0
124928,kl_beta,2.0
125124,episodic_return,197.02296888867838
125124,episodic_length,1000.0
126125,episodic_return,223.51112590480386
126125,episodic_length,1000.0
126976,value_loss,0.020826958119869232
126976,policy_loss,-0.05104725807905197
126976,approx_kl,0.012791185639798641
126976,clipfrac,0.078955078125
126976,explained_variance,0.15337640047073364
126976,sps,604.0
126976,kl_beta,2.0
127126,episodic_return,192.70640023025834
127126,episodic_length,1000.0
128127,episodic_return,168.44759947463484
128127,episodic_length,1000.0
129024,value_loss,0.01735282689332962
129024,policy_loss,-0.028458600863814354
129024,approx_kl,0.008270015008747578
129024,clipfrac,0.0876953125
129024,explained_variance,0.34381914138793945
129024,sps,604.0
129024,kl_beta,2.0
129128,episodic_return,265.08003855434936
129128,episodic_length,1000.0
130129,episodic_return,197.0515447126526
130129,episodic_length,1000.0
131072,value_loss,0.031019018962979317
131072,policy_loss,-0.04438766464591026
131072,approx_kl,0.013405987992882729
131072,clipfrac,0.083740234375
131072,explained_variance,0.3039674758911133
131072,sps,604.0
131072,kl_beta,2.0
131130,episodic_return,270.2489923296701
131130,episodic_length,1000.0
132131,episodic_return,312.07940630297963
132131,episodic_length,1000.0
133120,value_loss,0.029133109375834465
133120,policy_loss,-0.03914384916424751
133120,approx_kl,0.009709157049655914
133120,clipfrac,0.099365234375
133120,explained_variance,0.3072865605354309
133120,sps,604.0
133120,kl_beta,2.0
133132,episodic_return,174.39708115899145
133132,episodic_length,1000.0
134133,episodic_return,262.96861203907673
134133,episodic_length,1000.0
135134,episodic_return,381.24698545857206
135134,episodic_length,1000.0
135168,value_loss,0.030439011752605438
135168,policy_loss,-0.02916317991912365
135168,approx_kl,0.0065903859212994576
135168,clipfrac,0.101416015625
135168,explained_variance,0.39299070835113525
135168,sps,603.0
135168,kl_beta,1.0
136135,episodic_return,234.38288334921242
136135,episodic_length,1000.0
137136,episodic_return,357.21864499228707
137136,episodic_length,1000.0
137216,value_loss,0.022260606288909912
137216,policy_loss,-0.051253028213977814
137216,approx_kl,0.04307318478822708
137216,clipfrac,0.267333984375
137216,explained_variance,0.3410212993621826
137216,sps,603.0
137216,kl_beta,2.0
138137,episodic_return,343.6560986123306
138137,episodic_length,1000.0
139138,episodic_return,291.89497386804146
139138,episodic_length,1000.0
139264,value_loss,0.02086508274078369
139264,policy_loss,-0.03439873456954956
139264,approx_kl,0.009565036743879318
139264,clipfrac,0.09365234375
139264,explained_variance,0.5206225216388702
139264,sps,603.0
139264,kl_beta,2.0
140139,episodic_return,360.88690117100066
140139,episodic_length,1000.0
141140,episodic_return,184.31132732474444
141140,episodic_length,1000.0
141312,value_loss,0.017468739300966263
141312,policy_loss,-0.029430510476231575
141312,approx_kl,0.011595695279538631
141312,clipfrac,0.09091796875
141312,explained_variance,0.6554779410362244
141312,sps,604.0
141312,kl_beta,2.0
142141,episodic_return,323.93198255944105
142141,episodic_length,1000.0
143142,episodic_return,365.5757109055846
143142,episodic_length,1000.0
143360,value_loss,0.0294817928224802
143360,policy_loss,-0.012100063264369965
143360,approx_kl,0.012476246803998947
143360,clipfrac,0.10126953125
143360,explained_variance,0.3854408264160156
143360,sps,604.0
143360,kl_beta,2.0
144143,episodic_return,425.26522829667135
144143,episodic_length,1000.0
145144,episodic_return,320.29194074138417
145144,episodic_length,1000.0
145408,value_loss,0.03192849084734917
145408,policy_loss,-0.08084311336278915
145408,approx_kl,0.014656801708042622
145408,clipfrac,0.103076171875
145408,explained_variance,0.33260583877563477
145408,sps,604.0
145408,kl_beta,2.0
146145,episodic_return,414.7251924714893
146145,episodic_length,1000.0
147146,episodic_return,461.3370363727023
147146,episodic_length,1000.0
147456,value_loss,0.023611418902873993
147456,policy_loss,-0.07341590523719788
147456,approx_kl,0.01144886203110218
147456,clipfrac,0.08310546875
147456,explained_variance,0.41451990604400635
147456,sps,604.0
147456,kl_beta,2.0
148147,episodic_return,285.7166785741092
148147,episodic_length,1000.0
149148,episodic_return,399.86023532208793
149148,episodic_length,1000.0
149504,value_loss,0.0171371940523386
149504,policy_loss,-0.05020350217819214
149504,approx_kl,0.012392104603350163
149504,clipfrac,0.091162109375
149504,explained_variance,0.23402482271194458
149504,sps,603.0
149504,kl_beta,2.0
150149,episodic_return,346.7877946033591
150149,episodic_length,1000.0
151150,episodic_return,276.3930869938983
151150,episodic_length,1000.0
151552,value_loss,0.02332880347967148
151552,policy_loss,-0.02886132523417473
151552,approx_kl,0.0099115539342165
151552,clipfrac,0.083251953125
151552,explained_variance,0.5314672589302063
151552,sps,603.0
151552,kl_beta,2.0
152151,episodic_return,359.47664489123065
152151,episodic_length,1000.0
153152,episodic_return,382.89630940992345
153152,episodic_length,1000.0
153600,value_loss,0.02082662098109722
153600,policy_loss,-0.042561087757349014
153600,approx_kl,0.012578772380948067
153600,clipfrac,0.10224609375
153600,explained_variance,0.5012659728527069
153600,sps,603.0
153600,kl_beta,2.0
154153,episodic_return,354.61574969688314
154153,episodic_length,1000.0
155154,episodic_return,437.11666722559835
155154,episodic_length,1000.0
155648,value_loss,0.02080770581960678
155648,policy_loss,-0.041626885533332825
155648,approx_kl,0.014593453146517277
155648,clipfrac,0.08583984375
155648,explained_variance,0.4132344722747803
155648,sps,603.0
155648,kl_beta,2.0
156155,episodic_return,306.0493310596802
156155,episodic_length,1000.0
157156,episodic_return,446.4537878516467
157156,episodic_length,1000.0
157696,value_loss,0.0136504415422678
157696,policy_loss,-0.02277076430618763
157696,approx_kl,0.010944460518658161
157696,clipfrac,0.098779296875
157696,explained_variance,0.2702081799507141
157696,sps,603.0
157696,kl_beta,2.0
158157,episodic_return,458.75050950819775
158157,episodic_length,1000.0
159158,episodic_return,402.1047681681736
159158,episodic_length,1000.0
159744,value_loss,0.013442323543131351
159744,policy_loss,-0.035246822983026505
159744,approx_kl,0.010581905022263527
159744,clipfrac,0.0732421875
159744,explained_variance,0.24219554662704468
159744,sps,603.0
159744,kl_beta,2.0
160159,episodic_return,453.22048242342277
160159,episodic_length,1000.0
161160,episodic_return,451.76618602272873
161160,episodic_length,1000.0
161792,value_loss,0.02057584375143051
161792,policy_loss,-0.0542854405939579
161792,approx_kl,0.016127007082104683
161792,clipfrac,0.09853515625
161792,explained_variance,0.2235429286956787
161792,sps,603.0
161792,kl_beta,4.0
162161,episodic_return,405.84648201358357
162161,episodic_length,1000.0
163162,episodic_return,418.3495825821488
163162,episodic_length,1000.0
163840,value_loss,0.02405845746397972
163840,policy_loss,-0.022573329508304596
163840,approx_kl,0.005240708589553833
163840,clipfrac,0.027001953125
163840,explained_variance,0.3238905668258667
163840,sps,604.0
163840,kl_beta,2.0
164163,episodic_return,426.6314001562205
164163,episodic_length,1000.0
165164,episodic_return,447.8436255811367
165164,episodic_length,1000.0
165888,value_loss,0.03979640454053879
165888,policy_loss,-0.0661107674241066
165888,approx_kl,0.014278058893978596
165888,clipfrac,0.089990234375
165888,explained_variance,0.3075804114341736
165888,sps,604.0
165888,kl_beta,2.0
166165,episodic_return,574.2885327756509
166165,episodic_length,1000.0
167166,episodic_return,456.8773292648393
167166,episodic_length,1000.0
167936,value_loss,0.012763120234012604
167936,policy_loss,-0.053978875279426575
167936,approx_kl,0.007642548531293869
167936,clipfrac,0.10107421875
167936,explained_variance,0.2274448275566101
167936,sps,604.0
167936,kl_beta,2.0
168167,episodic_return,497.4780224472724
168167,episodic_length,1000.0
169168,episodic_return,429.82459309782973
169168,episodic_length,1000.0
169984,value_loss,0.036200519651174545
169984,policy_loss,-0.05331432446837425
169984,approx_kl,0.013124747201800346
169984,clipfrac,0.08701171875
169984,explained_variance,0.37618184089660645
169984,sps,604.0
169984,kl_beta,2.0
170169,episodic_return,442.44151391569847
170169,episodic_length,1000.0
171170,episodic_return,525.031580458011
171170,episodic_length,1000.0
172032,value_loss,0.01811177469789982
172032,policy_loss,-0.03841232508420944
172032,approx_kl,0.011614855378866196
172032,clipfrac,0.09521484375
172032,explained_variance,0.28719907999038696
172032,sps,604.0
172032,kl_beta,2.0
172171,episodic_return,529.021328926982
172171,episodic_length,1000.0
173172,episodic_return,525.9995776219905
173172,episodic_length,1000.0
174080,value_loss,0.010556573048233986
174080,policy_loss,-0.01875610463321209
174080,approx_kl,0.009640061296522617
174080,clipfrac,0.102294921875
174080,explained_variance,0.25323110818862915
174080,sps,604.0
174080,kl_beta,2.0
174173,episodic_return,425.49531381095244
174173,episodic_length,1000.0
175174,episodic_return,561.6207371804035
175174,episodic_length,1000.0
176128,value_loss,0.040874138474464417
176128,policy_loss,-0.03274724632501602
176128,approx_kl,0.011797280050814152
176128,clipfrac,0.097265625
176128,explained_variance,0.3020375967025757
176128,sps,603.0
176128,kl_beta,2.0
176175,episodic_return,531.9414078524266
176175,episodic_length,1000.0
177176,episodic_return,458.0452089433087
177176,episodic_length,1000.0
178176,value_loss,0.009322339668869972
178176,policy_loss,-0.04572644829750061
178176,approx_kl,0.008620831184089184
178176,clipfrac,0.0888671875
178176,explained_variance,0.1501373052597046
178176,sps,603.0
178176,kl_beta,2.0
178177,episodic_return,442.35622704288653
178177,episodic_length,1000.0
179178,episodic_return,468.3106703467915
179178,episodic_length,1000.0
180179,episodic_return,517.112942035106
180179,episodic_length,1000.0
180224,value_loss,0.01042005605995655
180224,policy_loss,-0.03606098145246506
180224,approx_kl,0.011110219173133373
180224,clipfrac,0.08125
180224,explained_variance,0.21824347972869873
180224,sps,603.0
180224,kl_beta,2.0
181180,episodic_return,466.49489648387544
181180,episodic_length,1000.0
182181,episodic_return,506.5191267507576
182181,episodic_length,1000.0
182272,value_loss,0.017453568056225777
182272,policy_loss,-0.05746234953403473
182272,approx_kl,0.018276840448379517
182272,clipfrac,0.099365234375
182272,explained_variance,0.26110219955444336
182272,sps,603.0
182272,kl_beta,4.0
183182,episodic_return,559.77458411225
183182,episodic_length,1000.0
184183,episodic_return,537.7948387455527
184183,episodic_length,1000.0
184320,value_loss,0.01492197997868061
184320,policy_loss,-0.013985183089971542
184320,approx_kl,0.0044098710641264915
184320,clipfrac,0.02333984375
184320,explained_variance,0.16169315576553345
184320,sps,603.0
184320,kl_beta,2.0
185184,episodic_return,496.08512347440114
185184,episodic_length,1000.0
186185,episodic_return,470.837312379884
186185,episodic_length,1000.0
186368,value_loss,0.014360487461090088
186368,policy_loss,-0.06297300010919571
186368,approx_kl,0.017218895256519318
186368,clipfrac,0.096533203125
186368,explained_variance,0.23153722286224365
186368,sps,602.0
186368,kl_beta,4.0
187186,episodic_return,544.8797868117675
187186,episodic_length,1000.0
188187,episodic_return,452.434562533035
188187,episodic_length,1000.0
188416,value_loss,0.011790568009018898
188416,policy_loss,-0.009034782648086548
188416,approx_kl,0.006538355723023415
188416,clipfrac,0.02509765625
188416,explained_variance,0.3365604281425476
188416,sps,602.0
188416,kl_beta,2.0
189188,episodic_return,504.4494369651006
189188,episodic_length,1000.0
190189,episodic_return,564.4390644583516
190189,episodic_length,1000.0
190464,value_loss,0.011121083050966263
190464,policy_loss,-0.03599529713392258
190464,approx_kl,0.01077632699161768
190464,clipfrac,0.078857421875
190464,explained_variance,0.22608059644699097
190464,sps,603.0
190464,kl_beta,2.0
191190,episodic_return,562.2046380969063
191190,episodic_length,1000.0
192191,episodic_return,539.0882377392599
192191,episodic_length,1000.0
192512,value_loss,0.008785462006926537
192512,policy_loss,-0.058690957725048065
192512,approx_kl,0.013079731725156307
192512,clipfrac,0.088623046875
192512,explained_variance,0.19111615419387817
192512,sps,603.0
192512,kl_beta,2.0
193192,episodic_return,514.6285000914788
193192,episodic_length,1000.0
194193,episodic_return,535.3727592739594
194193,episodic_length,1000.0
194560,value_loss,0.012242009863257408
194560,policy_loss,-0.04005110263824463
194560,approx_kl,0.007998250424861908
194560,clipfrac,0.1162109375
194560,explained_variance,0.18701589107513428
194560,sps,603.0
194560,kl_beta,2.0
195194,episodic_return,572.3053261997453
195194,episodic_length,1000.0
196195,episodic_return,524.9675275573215
196195,episodic_length,1000.0
196608,value_loss,0.025530386716127396
196608,policy_loss,-0.05113692581653595
196608,approx_kl,0.011186088435351849
196608,clipfrac,0.087158203125
196608,explained_variance,0.19454330205917358
196608,sps,603.0
196608,kl_beta,2.0
197196,episodic_return,548.8039851824262
197196,episodic_length,1000.0
198197,episodic_return,508.9281775872803
198197,episodic_length,1000.0
198656,value_loss,0.016971463337540627
198656,policy_loss,-0.048076629638671875
198656,approx_kl,0.011000290513038635
198656,clipfrac,0.085009765625
198656,explained_variance,0.29330354928970337
198656,sps,603.0
198656,kl_beta,2.0
199198,episodic_return,528.9700565911966
199198,episodic_length,1000.0
200199,episodic_return,608.7527165417251
200199,episodic_length,1000.0
200704,value_loss,0.020526111125946045
200704,policy_loss,-0.024300875142216682
200704,approx_kl,0.012477695010602474
200704,clipfrac,0.08603515625
200704,explained_variance,0.27195626497268677
200704,sps,603.0
200704,kl_beta,2.0
201200,episodic_return,622.6420883684733
201200,episodic_length,1000.0
202201,episodic_return,573.8355346035212
202201,episodic_length,1000.0
202752,value_loss,0.028210848569869995
202752,policy_loss,-0.06401978433132172
202752,approx_kl,0.01793202944099903
202752,clipfrac,0.10126953125
202752,explained_variance,0.2831467390060425
202752,sps,604.0
202752,kl_beta,4.0
203202,episodic_return,617.2278606934947
203202,episodic_length,1000.0
204203,episodic_return,529.9333674184508
204203,episodic_length,1000.0
204800,value_loss,0.02978195995092392
204800,policy_loss,-0.035923540592193604
204800,approx_kl,0.00658010970801115
204800,clipfrac,0.02783203125
204800,explained_variance,0.33506256341934204
204800,sps,604.0
204800,kl_beta,2.0
205204,episodic_return,547.0228549989627
205204,episodic_length,1000.0
206205,episodic_return,455.7830597245838
206205,episodic_length,1000.0
206848,value_loss,0.011117251589894295
206848,policy_loss,-0.0174651350826025
206848,approx_kl,0.008558244444429874
206848,clipfrac,0.1125
206848,explained_variance,0.3037821054458618
206848,sps,604.0
206848,kl_beta,2.0
207206,episodic_return,590.7648273687734
207206,episodic_length,1000.0
208207,episodic_return,576.2454148150083
208207,episodic_length,1000.0
208896,value_loss,0.015789946541190147
208896,policy_loss,-0.07119515538215637
208896,approx_kl,0.030301572754979134
208896,clipfrac,0.08720703125
208896,explained_variance,0.26164793968200684
208896,sps,604.0
208896,kl_beta,4.0
209208,episodic_return,534.5360621817666
209208,episodic_length,1000.0
210209,episodic_return,620.8077835472827
210209,episodic_length,1000.0
210944,value_loss,0.02539721690118313
210944,policy_loss,-0.036167897284030914
210944,approx_kl,0.006547236815094948
210944,clipfrac,0.0234375
210944,explained_variance,0.13493704795837402
210944,sps,604.0
210944,kl_beta,2.0
211210,episodic_return,567.7320427244732
211210,episodic_length,1000.0
212211,episodic_return,575.5830647100252
212211,episodic_length,1000.0
212992,value_loss,0.019978385418653488
212992,policy_loss,-0.05084369331598282
212992,approx_kl,0.0058319829404354095
212992,clipfrac,0.095703125
212992,explained_variance,0.1536245346069336
212992,sps,604.0
212992,kl_beta,1.0
213212,episodic_return,733.1819892434728
213212,episodic_length,1000.0
214213,episodic_return,625.0849052716209
214213,episodic_length,1000.0
215040,value_loss,0.008721401914954185
215040,policy_loss,-0.06203563138842583
215040,approx_kl,0.04226921871304512
215040,clipfrac,0.241259765625
215040,explained_variance,0.21624571084976196
215040,sps,604.0
215040,kl_beta,2.0
215214,episodic_return,582.2220163374926
215214,episodic_length,1000.0
216215,episodic_return,595.2877324721348
216215,episodic_length,1000.0
217088,value_loss,0.01471408549696207
217088,policy_loss,-0.03616393357515335
217088,approx_kl,0.012874159030616283
217088,clipfrac,0.0966796875
217088,explained_variance,0.2817622423171997
217088,sps,605.0
217088,kl_beta,2.0
217216,episodic_return,631.1096441572558
217216,episodic_length,1000.0
218217,episodic_return,655.5803879697235
218217,episodic_length,1000.0
219136,value_loss,0.00916106253862381
219136,policy_loss,-0.022390717640519142
219136,approx_kl,0.009202099405229092
219136,clipfrac,0.077001953125
219136,explained_variance,0.19470924139022827
219136,sps,605.0
219136,kl_beta,2.0
219218,episodic_return,615.8786467350138
219218,episodic_length,1000.0
220219,episodic_return,708.6528222051633
220219,episodic_length,1000.0
221184,value_loss,0.03915344178676605
221184,policy_loss,-0.055632658302783966
221184,approx_kl,0.011762120760977268
221184,clipfrac,0.101416015625
221184,explained_variance,0.19972217082977295
221184,sps,605.0
221184,kl_beta,2.0
221220,episodic_return,627.0023350171878
221220,episodic_length,1000.0
222221,episodic_return,596.0640531267512
222221,episodic_length,1000.0
223222,episodic_return,658.8113816829458
223222,episodic_length,1000.0
223232,value_loss,0.025717012584209442
223232,policy_loss,-0.026612788438796997
223232,approx_kl,0.010691467672586441
223232,clipfrac,0.08818359375
223232,explained_variance,0.24705207347869873
223232,sps,605.0
223232,kl_beta,2.0
224223,episodic_return,616.3036803617213
224223,episodic_length,1000.0
225224,episodic_return,656.6477280989477
225224,episodic_length,1000.0
225280,value_loss,0.016257788985967636
225280,policy_loss,-0.027926219627261162
225280,approx_kl,0.014417537488043308
225280,clipfrac,0.09658203125
225280,explained_variance,0.32856833934783936
225280,sps,606.0
225280,kl_beta,2.0
226225,episodic_return,625.3884827032433
226225,episodic_length,1000.0
227226,episodic_return,582.6136919034235
227226,episodic_length,1000.0
227328,value_loss,0.010806061327457428
227328,policy_loss,-0.046710897237062454
227328,approx_kl,0.011716051027178764
227328,clipfrac,0.0994140625
227328,explained_variance,0.11587828397750854
227328,sps,606.0
227328,kl_beta,2.0
228227,episodic_return,643.610969612701
228227,episodic_length,1000.0
229228,episodic_return,588.587457233054
229228,episodic_length,1000.0
229376,value_loss,0.025122523307800293
229376,policy_loss,-0.04058343172073364
229376,approx_kl,0.013269342482089996
229376,clipfrac,0.101708984375
229376,explained_variance,0.36098456382751465
229376,sps,606.0
229376,kl_beta,2.0
230229,episodic_return,707.251164429624
230229,episodic_length,1000.0
231230,episodic_return,715.4541330510754
231230,episodic_length,1000.0
231424,value_loss,0.013779910281300545
231424,policy_loss,-0.03929765149950981
231424,approx_kl,0.00918474979698658
231424,clipfrac,0.083154296875
231424,explained_variance,0.26782041788101196
231424,sps,606.0
231424,kl_beta,2.0
232231,episodic_return,659.8039591465084
232231,episodic_length,1000.0
233232,episodic_return,637.7822508121218
233232,episodic_length,1000.0
233472,value_loss,0.008414450101554394
233472,policy_loss,-0.04209881275892258
233472,approx_kl,0.008228231221437454
233472,clipfrac,0.07890625
233472,explained_variance,0.2895480990409851
233472,sps,606.0
233472,kl_beta,2.0
234233,episodic_return,595.7282483125673
234233,episodic_length,1000.0
235234,episodic_return,554.2844086360057
235234,episodic_length,1000.0
235520,value_loss,0.008718264289200306
235520,policy_loss,-0.026673046872019768
235520,approx_kl,0.008588523603975773
235520,clipfrac,0.092578125
235520,explained_variance,0.26162976026535034
235520,sps,606.0
235520,kl_beta,2.0
236235,episodic_return,726.9484500198921
236235,episodic_length,1000.0
237236,episodic_return,628.2813406805069
237236,episodic_length,1000.0
237568,value_loss,0.010381955653429031
237568,policy_loss,-0.0310040432959795
237568,approx_kl,0.012784258462488651
237568,clipfrac,0.083203125
237568,explained_variance,0.35846060514450073
237568,sps,606.0
237568,kl_beta,2.0
238237,episodic_return,636.9737431296298
238237,episodic_length,1000.0
239238,episodic_return,674.6184578185726
239238,episodic_length,1000.0
239616,value_loss,0.02452109381556511
239616,policy_loss,-0.02283216454088688
239616,approx_kl,0.008921087719500065
239616,clipfrac,0.092626953125
239616,explained_variance,0.15455138683319092
239616,sps,606.0
239616,kl_beta,2.0
240239,episodic_return,675.7965767129735
240239,episodic_length,1000.0
241240,episodic_return,643.9064733575168
241240,episodic_length,1000.0
241664,value_loss,0.041913315653800964
241664,policy_loss,-0.051657285541296005
241664,approx_kl,0.00905090756714344
241664,clipfrac,0.08173828125
241664,explained_variance,0.22976213693618774
241664,sps,606.0
241664,kl_beta,2.0
242241,episodic_return,714.4830613305605
242241,episodic_length,1000.0
243242,episodic_return,683.6440222987595
243242,episodic_length,1000.0
243712,value_loss,0.009311093017458916
243712,policy_loss,-0.04220692813396454
243712,approx_kl,0.00923371221870184
243712,clipfrac,0.105419921875
243712,explained_variance,0.3531948924064636
243712,sps,606.0
243712,kl_beta,2.0
244243,episodic_return,679.6795901326127
244243,episodic_length,1000.0
245244,episodic_return,666.6277237862207
245244,episodic_length,1000.0
245760,value_loss,0.00806353334337473
245760,policy_loss,-0.027924465015530586
245760,approx_kl,0.010461951605975628
245760,clipfrac,0.107177734375
245760,explained_variance,0.190096914768219
245760,sps,606.0
245760,kl_beta,2.0
246245,episodic_return,689.4981687657312
246245,episodic_length,1000.0
247246,episodic_return,663.0839163775777
247246,episodic_length,1000.0
247808,value_loss,0.023273970931768417
247808,policy_loss,-0.07427603006362915
247808,approx_kl,0.013110477477312088
247808,clipfrac,0.09267578125
247808,explained_variance,0.2046162486076355
247808,sps,606.0
247808,kl_beta,2.0
248247,episodic_return,696.8399718091288
248247,episodic_length,1000.0
249248,episodic_return,679.994493404058
249248,episodic_length,1000.0
249856,value_loss,0.006580770947039127
249856,policy_loss,-0.04046288877725601
249856,approx_kl,0.013916187919676304
249856,clipfrac,0.090771484375
249856,explained_variance,0.11651641130447388
249856,sps,606.0
249856,kl_beta,2.0
250249,episodic_return,757.1463786723657
250249,episodic_length,1000.0
251250,episodic_return,744.5454225672003
251250,episodic_length,1000.0
251904,value_loss,0.022520944476127625
251904,policy_loss,-0.018733233213424683
251904,approx_kl,0.009071551263332367
251904,clipfrac,0.098583984375
251904,explained_variance,0.13749366998672485
251904,sps,606.0
251904,kl_beta,2.0
252251,episodic_return,645.1245435775315
252251,episodic_length,1000.0
253252,episodic_return,623.3721380691848
253252,episodic_length,1000.0
253952,value_loss,0.033105429261922836
253952,policy_loss,-0.040692977607250214
253952,approx_kl,0.015731658786535263
253952,clipfrac,0.096484375
253952,explained_variance,0.19228148460388184
253952,sps,606.0
253952,kl_beta,4.0
254253,episodic_return,774.6282687954271
254253,episodic_length,1000.0
255254,episodic_return,679.2118109751705
255254,episodic_length,1000.0
256000,value_loss,0.012320756912231445
256000,policy_loss,-0.03489060699939728
256000,approx_kl,0.006850318051874638
256000,clipfrac,0.022900390625
256000,explained_variance,0.2614419460296631
256000,sps,607.0
256000,kl_beta,4.0
256255,episodic_return,660.5109264517764
256255,episodic_length,1000.0
257256,episodic_return,739.971070378795
257256,episodic_length,1000.0
258048,value_loss,0.01734684407711029
258048,policy_loss,-0.017443262040615082
258048,approx_kl,0.0030521871522068977
258048,clipfrac,0.02314453125
258048,explained_variance,0.4367208480834961
258048,sps,607.0
258048,kl_beta,2.0
258257,episodic_return,620.0312499862367
258257,episodic_length,1000.0
259258,episodic_return,729.1747179844829
259258,episodic_length,1000.0
260096,value_loss,0.012407364323735237
260096,policy_loss,-0.01683690957725048
260096,approx_kl,0.008810092695057392
260096,clipfrac,0.0845703125
260096,explained_variance,0.46170008182525635
260096,sps,607.0
260096,kl_beta,2.0
260259,episodic_return,717.0349270540481
260259,episodic_length,1000.0
261260,episodic_return,637.7683251842651
261260,episodic_length,1000.0
262144,value_loss,0.023111535236239433
262144,policy_loss,-0.04166662320494652
262144,approx_kl,0.019958382472395897
262144,clipfrac,0.098583984375
262144,explained_variance,0.1866205930709839
262144,sps,607.0
262144,kl_beta,4.0
262261,episodic_return,629.0743045586134
262261,episodic_length,1000.0
263262,episodic_return,742.8711212555706
263262,episodic_length,1000.0
264192,value_loss,0.0162583589553833
264192,policy_loss,-0.013627603650093079
264192,approx_kl,0.003682074137032032
264192,clipfrac,0.025537109375
264192,explained_variance,0.2044593095779419
264192,sps,607.0
264192,kl_beta,2.0
264263,episodic_return,671.589747731756
264263,episodic_length,1000.0
265264,episodic_return,648.0133064745402
265264,episodic_length,1000.0
266240,value_loss,0.024191314354538918
266240,policy_loss,-0.0204166267067194
266240,approx_kl,0.008521716110408306
266240,clipfrac,0.097705078125
266240,explained_variance,0.21698802709579468
266240,sps,607.0
266240,kl_beta,2.0
266265,episodic_return,768.3388208885734
266265,episodic_length,1000.0
267266,episodic_return,693.2611887973346
267266,episodic_length,1000.0
268267,episodic_return,700.497740530437
268267,episodic_length,1000.0
268288,value_loss,0.06342943757772446
268288,policy_loss,-0.05910263955593109
268288,approx_kl,0.009128015488386154
268288,clipfrac,0.092626953125
268288,explained_variance,0.1616123914718628
268288,sps,607.0
268288,kl_beta,2.0
269268,episodic_return,721.4408682258529
269268,episodic_length,1000.0
270269,episodic_return,818.4590999754685
270269,episodic_length,1000.0
270336,value_loss,0.017184052616357803
270336,policy_loss,-0.020578186959028244
270336,approx_kl,0.01135457493364811
270336,clipfrac,0.082470703125
270336,explained_variance,0.22646385431289673
270336,sps,607.0
270336,kl_beta,2.0
271270,episodic_return,673.9614614560248
271270,episodic_length,1000.0
272271,episodic_return,776.5192343192665
272271,episodic_length,1000.0
272384,value_loss,0.007321605458855629
272384,policy_loss,-0.013684013858437538
272384,approx_kl,0.010611106641590595
272384,clipfrac,0.103271484375
272384,explained_variance,0.16049909591674805
272384,sps,607.0
272384,kl_beta,2.0
273272,episodic_return,700.9971073327907
273272,episodic_length,1000.0
274273,episodic_return,782.8157149391845
274273,episodic_length,1000.0
274432,value_loss,0.009706041775643826
274432,policy_loss,-0.023321503773331642
274432,approx_kl,0.008677921257913113
274432,clipfrac,0.08134765625
274432,explained_variance,0.18565040826797485
274432,sps,607.0
274432,kl_beta,2.0
275274,episodic_return,758.2828526352912
275274,episodic_length,1000.0
276275,episodic_return,829.0795502262931
276275,episodic_length,1000.0
276480,value_loss,0.010840684175491333
276480,policy_loss,-0.02475843019783497
276480,approx_kl,0.008461224846541882
276480,clipfrac,0.08232421875
276480,explained_variance,0.19795066118240356
276480,sps,606.0
276480,kl_beta,2.0
277276,episodic_return,729.0480567383047
277276,episodic_length,1000.0
278277,episodic_return,736.1553759008904
278277,episodic_length,1000.0
278528,value_loss,0.00816926546394825
278528,policy_loss,-0.02806917577981949
278528,approx_kl,0.005810115486383438
278528,clipfrac,0.08583984375
278528,explained_variance,0.205549418926239
278528,sps,606.0
278528,kl_beta,1.0
279278,episodic_return,729.0823668731127
279278,episodic_length,1000.0
280279,episodic_return,740.8938741804601
280279,episodic_length,1000.0
280576,value_loss,0.01131337508559227
280576,policy_loss,-0.037297822535037994
280576,approx_kl,0.020529216155409813
280576,clipfrac,0.19775390625
280576,explained_variance,0.21591496467590332
280576,sps,606.0
280576,kl_beta,2.0
281280,episodic_return,801.1517559438112
281280,episodic_length,1000.0
282281,episodic_return,778.2425608274931
282281,episodic_length,1000.0
282624,value_loss,0.030911535024642944
282624,policy_loss,-0.04419279098510742
282624,approx_kl,0.010685344226658344
282624,clipfrac,0.079541015625
282624,explained_variance,0.23943686485290527
282624,sps,606.0
282624,kl_beta,2.0
283282,episodic_return,738.1878322717844
283282,episodic_length,1000.0
284283,episodic_return,839.095155083319
284283,episodic_length,1000.0
284672,value_loss,0.006773435510694981
284672,policy_loss,-0.028086021542549133
284672,approx_kl,0.011522911489009857
284672,clipfrac,0.104150390625
284672,explained_variance,0.20663440227508545
284672,sps,607.0
284672,kl_beta,2.0
285284,episodic_return,801.7321094974371
285284,episodic_length,1000.0
286285,episodic_return,830.692805760311
286285,episodic_length,1000.0
286720,value_loss,0.008679516613483429
286720,policy_loss,-0.020745176821947098
286720,approx_kl,0.00835704617202282
286720,clipfrac,0.099609375
286720,explained_variance,0.24732106924057007
286720,sps,607.0
286720,kl_beta,2.0
287286,episodic_return,804.2112571378719
287286,episodic_length,1000.0
288287,episodic_return,732.474986510035
288287,episodic_length,1000.0
288768,value_loss,0.015448309481143951
288768,policy_loss,-0.01018877699971199
288768,approx_kl,0.011362181976437569
288768,clipfrac,0.093505859375
288768,explained_variance,0.17486900091171265
288768,sps,607.0
288768,kl_beta,2.0
289288,episodic_return,788.7250549840423
289288,episodic_length,1000.0
290289,episodic_return,716.5619482410174
290289,episodic_length,1000.0
290816,value_loss,0.03427647426724434
290816,policy_loss,-0.045993708074092865
290816,approx_kl,0.011197871528565884
290816,clipfrac,0.112060546875
290816,explained_variance,0.3336942195892334
290816,sps,606.0
290816,kl_beta,2.0
291290,episodic_return,786.1495511147572
291290,episodic_length,1000.0
292291,episodic_return,716.0577558316436
292291,episodic_length,1000.0
292864,value_loss,0.023738332092761993
292864,policy_loss,-0.02982213906943798
292864,approx_kl,0.010441877879202366
292864,clipfrac,0.114990234375
292864,explained_variance,0.2595944404602051
292864,sps,607.0
292864,kl_beta,2.0
293292,episodic_return,810.7088786082214
293292,episodic_length,1000.0
294293,episodic_return,801.0114945562905
294293,episodic_length,1000.0
294912,value_loss,0.007071838714182377
294912,policy_loss,0.005383739247918129
294912,approx_kl,0.010296798311173916
294912,clipfrac,0.090771484375
294912,explained_variance,0.23640137910842896
294912,sps,607.0
294912,kl_beta,2.0
295294,episodic_return,958.5238358921738
295294,episodic_length,1000.0
296295,episodic_return,841.1144158974212
296295,episodic_length,1000.0
296960,value_loss,0.0229085311293602
296960,policy_loss,-0.034881822764873505
296960,approx_kl,0.007650207728147507
296960,clipfrac,0.09208984375
296960,explained_variance,0.1710541844367981
296960,sps,607.0
296960,kl_beta,2.0
297296,episodic_return,745.4430242630759
297296,episodic_length,1000.0
298297,episodic_return,792.2186008898268
298297,episodic_length,1000.0
299008,value_loss,0.022752422839403152
299008,policy_loss,-0.013467581942677498
299008,approx_kl,0.0093986252322793
299008,clipfrac,0.09775390625
299008,explained_variance,0.14839428663253784
299008,sps,607.0
299008,kl_beta,2.0
299298,episodic_return,759.2387081386805
299298,episodic_length,1000.0
300299,episodic_return,789.478133477371
300299,episodic_length,1000.0
301056,value_loss,0.03608395531773567
301056,policy_loss,-0.025027764961123466
301056,approx_kl,0.007036083377897739
301056,clipfrac,0.074853515625
301056,explained_variance,0.1532229781150818
301056,sps,607.0
301056,kl_beta,2.0
301300,episodic_return,816.4456302229752
301300,episodic_length,1000.0
302301,episodic_return,823.7579759649072
302301,episodic_length,1000.0
303104,value_loss,0.019690515473484993
303104,policy_loss,-0.016078835353255272
303104,approx_kl,0.0071798888966441154
303104,clipfrac,0.0771484375
303104,explained_variance,0.07706987857818604
303104,sps,607.0
303104,kl_beta,2.0
303302,episodic_return,816.3933203782481
303302,episodic_length,1000.0
304303,episodic_return,810.868650107003
304303,episodic_length,1000.0
305152,value_loss,0.007043939083814621
305152,policy_loss,-0.029414871707558632
305152,approx_kl,0.006065991707146168
305152,clipfrac,0.0859375
305152,explained_variance,0.13572019338607788
305152,sps,608.0
305152,kl_beta,1.0
305304,episodic_return,870.3810970509358
305304,episodic_length,1000.0
306305,episodic_return,798.407393684348
306305,episodic_length,1000.0
307200,value_loss,0.0239801537245512
307200,policy_loss,-0.07496070861816406
307200,approx_kl,0.043038710951805115
307200,clipfrac,0.20390625
307200,explained_variance,0.23943549394607544
307200,sps,608.0
307200,kl_beta,2.0
307306,episodic_return,744.6748868139487
307306,episodic_length,1000.0
308307,episodic_return,758.980782098192
308307,episodic_length,1000.0
309248,value_loss,0.01075424998998642
309248,policy_loss,-0.04098014533519745
309248,approx_kl,0.007044895552098751
309248,clipfrac,0.1087890625
309248,explained_variance,0.12627875804901123
309248,sps,608.0
309248,kl_beta,2.0
309308,episodic_return,794.6876666904668
309308,episodic_length,1000.0
310309,episodic_return,826.495610269309
310309,episodic_length,1000.0
311296,value_loss,0.004315992817282677
311296,policy_loss,-0.021618399769067764
311296,approx_kl,0.00712631456553936
311296,clipfrac,0.1037109375
311296,explained_variance,0.12484949827194214
311296,sps,608.0
311296,kl_beta,2.0
311310,episodic_return,801.2663554443441
311310,episodic_length,1000.0
312311,episodic_return,839.3174606556719
312311,episodic_length,1000.0
313312,episodic_return,885.0731706833021
313312,episodic_length,1000.0
313344,value_loss,0.02952728234231472
313344,policy_loss,-0.02280123345553875
313344,approx_kl,0.006572701968252659
313344,clipfrac,0.081103515625
313344,explained_variance,0.15228623151779175
313344,sps,607.0
313344,kl_beta,1.0
314313,episodic_return,798.6133662782089
314313,episodic_length,1000.0
315314,episodic_return,909.9930845004887
315314,episodic_length,1000.0
315392,value_loss,0.006020013242959976
315392,policy_loss,-0.05355916544795036
315392,approx_kl,0.024366963654756546
315392,clipfrac,0.2298828125
315392,explained_variance,0.15594160556793213
315392,sps,607.0
315392,kl_beta,2.0
316315,episodic_return,858.9413410626568
316315,episodic_length,1000.0
317316,episodic_return,785.109252124089
317316,episodic_length,1000.0
317440,value_loss,0.013033250346779823
317440,policy_loss,-0.03098227083683014
317440,approx_kl,0.009470662102103233
317440,clipfrac,0.09072265625
317440,explained_variance,0.1470058560371399
317440,sps,607.0
317440,kl_beta,2.0
318317,episodic_return,794.1882337414003
318317,episodic_length,1000.0
319318,episodic_return,894.8424567167159
319318,episodic_length,1000.0
319488,value_loss,0.036573346704244614
319488,policy_loss,-0.05191585421562195
319488,approx_kl,0.012437359429895878
319488,clipfrac,0.084814453125
319488,explained_variance,0.21035391092300415
319488,sps,607.0
319488,kl_beta,2.0
320319,episodic_return,900.3432865883807
320319,episodic_length,1000.0
321320,episodic_return,865.7265819510606
321320,episodic_length,1000.0
321536,value_loss,0.031141217797994614
321536,policy_loss,-0.03626145422458649
321536,approx_kl,0.008606989867985249
321536,clipfrac,0.083984375
321536,explained_variance,0.26306962966918945
321536,sps,607.0
321536,kl_beta,2.0
322321,episodic_return,843.0127719470086
322321,episodic_length,1000.0
323322,episodic_return,830.906597447242
323322,episodic_length,1000.0
323584,value_loss,0.02019161358475685
323584,policy_loss,-0.036246273666620255
323584,approx_kl,0.01116412878036499
323584,clipfrac,0.095556640625
323584,explained_variance,0.1858839988708496
323584,sps,607.0
323584,kl_beta,2.0
324323,episodic_return,789.1130770235021
324323,episodic_length,1000.0
325324,episodic_return,820.7816525838022
325324,episodic_length,1000.0
325632,value_loss,0.026900673285126686
325632,policy_loss,-0.056237321346998215
325632,approx_kl,0.00980410911142826
325632,clipfrac,0.09375
325632,explained_variance,0.16377276182174683
325632,sps,607.0
325632,kl_beta,2.0
326325,episodic_return,947.8437452555567
326325,episodic_length,1000.0
327326,episodic_return,844.4451281338528
327326,episodic_length,1000.0
327680,value_loss,0.03745977208018303
327680,policy_loss,-0.028292382135987282
327680,approx_kl,0.010175311006605625
327680,clipfrac,0.09404296875
327680,explained_variance,0.19859182834625244
327680,sps,607.0
327680,kl_beta,2.0
328327,episodic_return,822.7421113009411
328327,episodic_length,1000.0
329328,episodic_return,846.1426488096312
329328,episodic_length,1000.0
329728,value_loss,0.019911104813218117
329728,policy_loss,-0.055580176413059235
329728,approx_kl,0.014963083900511265
329728,clipfrac,0.106787109375
329728,explained_variance,0.3232704997062683
329728,sps,607.0
329728,kl_beta,2.0
330329,episodic_return,742.3815062566554
330329,episodic_length,1000.0
331330,episodic_return,785.7502857766466
331330,episodic_length,1000.0
331776,value_loss,0.021942896768450737
331776,policy_loss,-0.015715952962636948
331776,approx_kl,0.007613404653966427
331776,clipfrac,0.105615234375
331776,explained_variance,0.2855229377746582
331776,sps,607.0
331776,kl_beta,2.0
332331,episodic_return,848.9036071258265
332331,episodic_length,1000.0
333332,episodic_return,862.946279592494
333332,episodic_length,1000.0
333824,value_loss,0.03447727486491203
333824,policy_loss,-0.06428691744804382
333824,approx_kl,0.01228255219757557
333824,clipfrac,0.091064453125
333824,explained_variance,0.10314953327178955
333824,sps,607.0
333824,kl_beta,2.0
334333,episodic_return,910.2241812095829
334333,episodic_length,1000.0
335334,episodic_return,815.3959328354898
335334,episodic_length,1000.0
335872,value_loss,0.011214825324714184
335872,policy_loss,-0.04995395243167877
335872,approx_kl,0.01065773144364357
335872,clipfrac,0.0927734375
335872,explained_variance,0.2538583278656006
335872,sps,607.0
335872,kl_beta,2.0
336335,episodic_return,784.8566459524087
336335,episodic_length,1000.0
337336,episodic_return,884.0637315092424
337336,episodic_length,1000.0
337920,value_loss,0.029981963336467743
337920,policy_loss,-0.0418054461479187
337920,approx_kl,0.012408285401761532
337920,clipfrac,0.094775390625
337920,explained_variance,0.12914448976516724
337920,sps,607.0
337920,kl_beta,2.0
338337,episodic_return,861.0053333782749
338337,episodic_length,1000.0
339338,episodic_return,864.3888979571873
339338,episodic_length,1000.0
339968,value_loss,0.03193853050470352
339968,policy_loss,-0.015628909692168236
339968,approx_kl,0.010890976525843143
339968,clipfrac,0.08427734375
339968,explained_variance,0.1861453652381897
339968,sps,607.0
339968,kl_beta,2.0
340339,episodic_return,878.6351758197462
340339,episodic_length,1000.0
341340,episodic_return,875.6863107232627
341340,episodic_length,1000.0
342016,value_loss,0.024792257696390152
342016,policy_loss,-0.05960410088300705
342016,approx_kl,0.008603460155427456
342016,clipfrac,0.09150390625
342016,explained_variance,0.17798298597335815
342016,sps,607.0
342016,kl_beta,2.0
342341,episodic_return,871.8087767026163
342341,episodic_length,1000.0
343342,episodic_return,865.5964323006223
343342,episodic_length,1000.0
344064,value_loss,0.005140850320458412
344064,policy_loss,-0.016055764630436897
344064,approx_kl,0.005750688724219799
344064,clipfrac,0.08798828125
344064,explained_variance,0.19066160917282104
344064,sps,607.0
344064,kl_beta,1.0
344343,episodic_return,830.5322823586699
344343,episodic_length,1000.0
345344,episodic_return,849.1387416422143
345344,episodic_length,1000.0
346112,value_loss,0.023772940039634705
346112,policy_loss,-0.053238965570926666
346112,approx_kl,0.02597222663462162
346112,clipfrac,0.186767578125
346112,explained_variance,0.21288245916366577
346112,sps,607.0
346112,kl_beta,2.0
346345,episodic_return,853.4349785982666
346345,episodic_length,1000.0
347346,episodic_return,935.983563086633
347346,episodic_length,1000.0
348160,value_loss,0.011353176087141037
348160,policy_loss,-0.011608138680458069
348160,approx_kl,0.008682860061526299
348160,clipfrac,0.089306640625
348160,explained_variance,0.16349762678146362
348160,sps,607.0
348160,kl_beta,2.0
348347,episodic_return,951.2290576823565
348347,episodic_length,1000.0
349348,episodic_return,868.0168784060367
349348,episodic_length,1000.0
350208,value_loss,0.006171701475977898
350208,policy_loss,-0.015585824847221375
350208,approx_kl,0.009723935276269913
350208,clipfrac,0.104248046875
350208,explained_variance,0.1588038206100464
350208,sps,607.0
350208,kl_beta,2.0
350349,episodic_return,880.5188628816054
350349,episodic_length,1000.0
351350,episodic_return,907.1109030963333
351350,episodic_length,1000.0
352256,value_loss,0.009286010637879372
352256,policy_loss,-0.030665669590234756
352256,approx_kl,0.009009391069412231
352256,clipfrac,0.089453125
352256,explained_variance,0.13679707050323486
352256,sps,607.0
352256,kl_beta,2.0
352351,episodic_return,936.5758833312166
352351,episodic_length,1000.0
353352,episodic_return,877.3721173576511
353352,episodic_length,1000.0
354304,value_loss,0.035689957439899445
354304,policy_loss,-0.054384782910346985
354304,approx_kl,0.01004267018288374
354304,clipfrac,0.08994140625
354304,explained_variance,0.056141674518585205
354304,sps,607.0
354304,kl_beta,2.0
354353,episodic_return,837.5112285623313
354353,episodic_length,1000.0
355354,episodic_return,919.7906836435149
355354,episodic_length,1000.0
356352,value_loss,0.01193552277982235
356352,policy_loss,-0.030797503888607025
356352,approx_kl,0.012736815959215164
356352,clipfrac,0.0896484375
356352,explained_variance,0.15061062574386597
356352,sps,607.0
356352,kl_beta,2.0
356355,episodic_return,861.7481558327055
356355,episodic_length,1000.0
357356,episodic_return,900.1210861143413
357356,episodic_length,1000.0
358357,episodic_return,970.7928803911699
358357,episodic_length,1000.0
358400,value_loss,0.06032729521393776
358400,policy_loss,-0.060000017285346985
358400,approx_kl,0.012271709740161896
358400,clipfrac,0.0837890625
358400,explained_variance,0.1638122797012329
358400,sps,607.0
358400,kl_beta,2.0
359358,episodic_return,966.4887127286212
359358,episodic_length,1000.0
360359,episodic_return,900.3727542877592
360359,episodic_length,1000.0
360448,value_loss,0.13158468902111053
360448,policy_loss,-0.06014116108417511
360448,approx_kl,0.013499601744115353
360448,clipfrac,0.095556640625
360448,explained_variance,0.11820071935653687
360448,sps,606.0
360448,kl_beta,2.0
361360,episodic_return,905.1289137523694
361360,episodic_length,1000.0
362361,episodic_return,844.9711131228527
362361,episodic_length,1000.0
362496,value_loss,0.06332193315029144
362496,policy_loss,-0.07372365146875381
362496,approx_kl,0.01634843274950981
362496,clipfrac,0.07802734375
362496,explained_variance,0.09077948331832886
362496,sps,606.0
362496,kl_beta,4.0
363362,episodic_return,962.7415967821405
363362,episodic_length,1000.0
364363,episodic_return,976.234890481224
364363,episodic_length,1000.0
364544,value_loss,0.018235981464385986
364544,policy_loss,-0.0015348996967077255
364544,approx_kl,0.0034136082977056503
364544,clipfrac,0.024609375
364544,explained_variance,0.07136732339859009
364544,sps,606.0
364544,kl_beta,2.0
365364,episodic_return,913.4053319144829
365364,episodic_length,1000.0
366365,episodic_return,976.7409739619754
366365,episodic_length,1000.0
366592,value_loss,0.004735293332487345
366592,policy_loss,-0.04639378562569618
366592,approx_kl,0.009916825219988823
366592,clipfrac,0.094482421875
366592,explained_variance,0.26125389337539673
366592,sps,606.0
366592,kl_beta,2.0
367366,episodic_return,889.4108959016991
367366,episodic_length,1000.0
368367,episodic_return,962.9363510023703
368367,episodic_length,1000.0
368640,value_loss,0.05793418735265732
368640,policy_loss,-0.06436091661453247
368640,approx_kl,0.013769514858722687
368640,clipfrac,0.09306640625
368640,explained_variance,0.1029708981513977
368640,sps,606.0
368640,kl_beta,2.0
369368,episodic_return,957.5699210625214
369368,episodic_length,1000.0
370369,episodic_return,921.1700974180519
370369,episodic_length,1000.0
370688,value_loss,0.010259393602609634
370688,policy_loss,-0.008451785892248154
370688,approx_kl,0.0044999755918979645
370688,clipfrac,0.072998046875
370688,explained_variance,0.09898573160171509
370688,sps,606.0
370688,kl_beta,1.0
371370,episodic_return,949.8737734790549
371370,episodic_length,1000.0
372371,episodic_return,900.0163378368898
372371,episodic_length,1000.0
372736,value_loss,0.009297441691160202
372736,policy_loss,-0.02619774267077446
372736,approx_kl,0.022260542958974838
372736,clipfrac,0.231103515625
372736,explained_variance,0.1832868456840515
372736,sps,606.0
372736,kl_beta,2.0
373372,episodic_return,903.7002182760357
373372,episodic_length,1000.0
374373,episodic_return,855.4223381135856
374373,episodic_length,1000.0
374784,value_loss,0.05866777524352074
374784,policy_loss,-0.048986129462718964
374784,approx_kl,0.015269865281879902
374784,clipfrac,0.092724609375
374784,explained_variance,0.1288079023361206
374784,sps,606.0
374784,kl_beta,4.0
375374,episodic_return,1018.6275949911626
375374,episodic_length,1000.0
376375,episodic_return,954.1469050428694
376375,episodic_length,1000.0
376832,value_loss,0.015732193365693092
376832,policy_loss,0.0006633847951889038
376832,approx_kl,0.004561437293887138
376832,clipfrac,0.026220703125
376832,explained_variance,0.05577021837234497
376832,sps,605.0
376832,kl_beta,2.0
377376,episodic_return,924.4230792179854
377376,episodic_length,1000.0
378377,episodic_return,897.5882398313677
378377,episodic_length,1000.0
378880,value_loss,0.0055181835778057575
378880,policy_loss,-0.03542700782418251
378880,approx_kl,0.007629392668604851
378880,clipfrac,0.083154296875
378880,explained_variance,0.10065513849258423
378880,sps,605.0
378880,kl_beta,2.0
379378,episodic_return,1028.8589234439967
379378,episodic_length,1000.0
380379,episodic_return,850.4329019786001
380379,episodic_length,1000.0
380928,value_loss,0.0638337954878807
380928,policy_loss,-0.05276668071746826
380928,approx_kl,0.01218874379992485
380928,clipfrac,0.09462890625
380928,explained_variance,0.13806402683258057
380928,sps,606.0
380928,kl_beta,2.0
381380,episodic_return,990.7267180253135
381380,episodic_length,1000.0
382381,episodic_return,835.6363491144773
382381,episodic_length,1000.0
382976,value_loss,0.045806486159563065
382976,policy_loss,-0.015792332589626312
382976,approx_kl,0.010328274220228195
382976,clipfrac,0.09990234375
382976,explained_variance,0.19985586404800415
382976,sps,606.0
382976,kl_beta,2.0
383382,episodic_return,941.635009633393
383382,episodic_length,1000.0
384383,episodic_return,905.659342221911
384383,episodic_length,1000.0
385024,value_loss,0.01848462224006653
385024,policy_loss,-0.05494069308042526
385024,approx_kl,0.010881324298679829
385024,clipfrac,0.09189453125
385024,explained_variance,0.08684027194976807
385024,sps,606.0
385024,kl_beta,2.0
385384,episodic_return,1070.0402897020138
385384,episodic_length,1000.0
386385,episodic_return,927.7397142267523
386385,episodic_length,1000.0
387072,value_loss,0.013575486838817596
387072,policy_loss,-0.04529109597206116
387072,approx_kl,0.009702365845441818
387072,clipfrac,0.084326171875
387072,explained_variance,0.18406003713607788
387072,sps,605.0
387072,kl_beta,2.0
387386,episodic_return,992.7897155643386
387386,episodic_length,1000.0
388387,episodic_return,900.8214142892
388387,episodic_length,1000.0
389120,value_loss,0.005427739582955837
389120,policy_loss,-0.05773935094475746
389120,approx_kl,0.011498743668198586
389120,clipfrac,0.08681640625
389120,explained_variance,0.09991490840911865
389120,sps,605.0
389120,kl_beta,2.0
389388,episodic_return,917.7041211439649
389388,episodic_length,1000.0
390389,episodic_return,929.7313514744608
390389,episodic_length,1000.0
391168,value_loss,0.023527201265096664
391168,policy_loss,-0.02532404474914074
391168,approx_kl,0.011064094491302967
391168,clipfrac,0.081103515625
391168,explained_variance,0.08264470100402832
391168,sps,605.0
391168,kl_beta,2.0
391390,episodic_return,846.1620592740052
391390,episodic_length,1000.0
392391,episodic_return,959.6159408242967
392391,episodic_length,1000.0
393216,value_loss,0.06454247236251831
393216,policy_loss,-0.034261755645275116
393216,approx_kl,0.010178650729358196
393216,clipfrac,0.0998046875
393216,explained_variance,0.20513367652893066
393216,sps,605.0
393216,kl_beta,2.0
393392,episodic_return,953.1509090554613
393392,episodic_length,1000.0
394393,episodic_return,946.7324066598785
394393,episodic_length,1000.0
395264,value_loss,0.012781542725861073
395264,policy_loss,-0.028442926704883575
395264,approx_kl,0.01576465368270874
395264,clipfrac,0.08740234375
395264,explained_variance,0.2689077854156494
395264,sps,605.0
395264,kl_beta,4.0
395394,episodic_return,965.6679696004024
395394,episodic_length,1000.0
396395,episodic_return,896.2909715546102
396395,episodic_length,1000.0
397312,value_loss,0.004204569384455681
397312,policy_loss,-0.002353789284825325
397312,approx_kl,0.0029138773679733276
397312,clipfrac,0.028955078125
397312,explained_variance,0.09698694944381714
397312,sps,605.0
397312,kl_beta,2.0
397396,episodic_return,1000.289286264081
397396,episodic_length,1000.0
398397,episodic_return,1005.6443428179564
398397,episodic_length,1000.0
399360,value_loss,0.004783135373145342
399360,policy_loss,-0.03173648566007614
399360,approx_kl,0.0103260213509202
399360,clipfrac,0.0841796875
399360,explained_variance,0.1731555461883545
399360,sps,605.0
399360,kl_beta,2.0
399398,episodic_return,953.7248130524338
399398,episodic_length,1000.0
400399,episodic_return,973.8920555909724
400399,episodic_length,1000.0
401400,episodic_return,1010.5595138360991
401400,episodic_length,1000.0
401408,value_loss,0.008177363313734531
401408,policy_loss,-0.018994014710187912
401408,approx_kl,0.010614762082695961
401408,clipfrac,0.07255859375
401408,explained_variance,0.06692326068878174
401408,sps,605.0
401408,kl_beta,2.0
402401,episodic_return,954.3874852570682
402401,episodic_length,1000.0
403402,episodic_return,1034.8177275909247
403402,episodic_length,1000.0
403456,value_loss,0.004141457378864288
403456,policy_loss,-0.01955920085310936
403456,approx_kl,0.0065588150173425674
403456,clipfrac,0.093212890625
403456,explained_variance,0.08346468210220337
403456,sps,605.0
403456,kl_beta,1.0
404403,episodic_return,962.1576548034839
404403,episodic_length,1000.0
405404,episodic_return,917.3453170561198
405404,episodic_length,1000.0
405504,value_loss,0.02015783078968525
405504,policy_loss,-0.06686080992221832
405504,approx_kl,0.021826792508363724
405504,clipfrac,0.194921875
405504,explained_variance,0.14800530672073364
405504,sps,605.0
405504,kl_beta,2.0
406405,episodic_return,988.438619651032
406405,episodic_length,1000.0
407406,episodic_return,930.0904318133521
407406,episodic_length,1000.0
407552,value_loss,0.01738588884472847
407552,policy_loss,-0.01536516658961773
407552,approx_kl,0.00581627432256937
407552,clipfrac,0.0642578125
407552,explained_variance,0.04438650608062744
407552,sps,605.0
407552,kl_beta,1.0
408407,episodic_return,988.4683745685071
408407,episodic_length,1000.0
409408,episodic_return,922.4382678649491
409408,episodic_length,1000.0
409600,value_loss,0.048071231693029404
409600,policy_loss,-0.0741380974650383
409600,approx_kl,0.026424428448081017
409600,clipfrac,0.2208984375
409600,explained_variance,0.17202115058898926
409600,sps,605.0
409600,kl_beta,2.0
410409,episodic_return,1018.4972637927028
410409,episodic_length,1000.0
411410,episodic_return,1056.2435401246992
411410,episodic_length,1000.0
411648,value_loss,0.024618882685899734
411648,policy_loss,-0.035290323197841644
411648,approx_kl,0.016248393803834915
411648,clipfrac,0.086669921875
411648,explained_variance,0.229888916015625
411648,sps,605.0
411648,kl_beta,4.0
412411,episodic_return,969.7368796111981
412411,episodic_length,1000.0
413412,episodic_return,1003.871770842799
413412,episodic_length,1000.0
413696,value_loss,0.021603986620903015
413696,policy_loss,-0.03247395157814026
413696,approx_kl,0.005181450396776199
413696,clipfrac,0.02099609375
413696,explained_variance,0.09878289699554443
413696,sps,605.0
413696,kl_beta,2.0
414413,episodic_return,951.8822754476412
414413,episodic_length,1000.0
415414,episodic_return,969.8227778648179
415414,episodic_length,1000.0
415744,value_loss,0.010827206075191498
415744,policy_loss,-0.04474426060914993
415744,approx_kl,0.01153929065912962
415744,clipfrac,0.09072265625
415744,explained_variance,0.08162569999694824
415744,sps,605.0
415744,kl_beta,2.0
416415,episodic_return,996.473588418196
416415,episodic_length,1000.0
417416,episodic_return,916.9251147263093
417416,episodic_length,1000.0
417792,value_loss,0.006223355885595083
417792,policy_loss,-0.029354574158787727
417792,approx_kl,0.012064740993082523
417792,clipfrac,0.085986328125
417792,explained_variance,0.15958189964294434
417792,sps,605.0
417792,kl_beta,2.0
418417,episodic_return,1023.3772588990208
418417,episodic_length,1000.0
419418,episodic_return,1057.9128287111312
419418,episodic_length,1000.0
419840,value_loss,0.006515034474432468
419840,policy_loss,-0.025418004021048546
419840,approx_kl,0.009178047068417072
419840,clipfrac,0.098486328125
419840,explained_variance,0.11781191825866699
419840,sps,605.0
419840,kl_beta,2.0
420419,episodic_return,1032.4694024259686
420419,episodic_length,1000.0
421420,episodic_return,1005.4871728670585
421420,episodic_length,1000.0
421888,value_loss,0.022458020597696304
421888,policy_loss,-0.05494266748428345
421888,approx_kl,0.010225296020507812
421888,clipfrac,0.101123046875
421888,explained_variance,0.046198368072509766
421888,sps,605.0
421888,kl_beta,2.0
422421,episodic_return,1040.7212105833014
422421,episodic_length,1000.0
423422,episodic_return,1014.2167141317674
423422,episodic_length,1000.0
423936,value_loss,0.00392766110599041
423936,policy_loss,-0.023609668016433716
423936,approx_kl,0.006212193518877029
423936,clipfrac,0.090234375
423936,explained_variance,0.1009945273399353
423936,sps,605.0
423936,kl_beta,1.0
424423,episodic_return,974.9081080178573
424423,episodic_length,1000.0
425424,episodic_return,961.7428000156561
425424,episodic_length,1000.0
425984,value_loss,0.06397853791713715
425984,policy_loss,-0.05058708041906357
425984,approx_kl,0.02290090173482895
425984,clipfrac,0.168798828125
425984,explained_variance,0.22271811962127686
425984,sps,605.0
425984,kl_beta,2.0
426425,episodic_return,956.8016811073979
426425,episodic_length,1000.0
427426,episodic_return,988.4615079339554
427426,episodic_length,1000.0
428032,value_loss,0.031970880925655365
428032,policy_loss,-0.03275168314576149
428032,approx_kl,0.009806664660573006
428032,clipfrac,0.081591796875
428032,explained_variance,0.24364513158798218
428032,sps,605.0
428032,kl_beta,2.0
428427,episodic_return,967.1449095397447
428427,episodic_length,1000.0
429428,episodic_return,991.6535868219261
429428,episodic_length,1000.0
430080,value_loss,0.00923404935747385
430080,policy_loss,-0.03132714331150055
430080,approx_kl,0.008108831010758877
430080,clipfrac,0.07451171875
430080,explained_variance,0.18393278121948242
430080,sps,605.0
430080,kl_beta,2.0
430429,episodic_return,1001.285033327528
430429,episodic_length,1000.0
431430,episodic_return,911.4085434463274
431430,episodic_length,1000.0
432128,value_loss,0.006787537131458521
432128,policy_loss,-0.02513524889945984
432128,approx_kl,0.010744675993919373
432128,clipfrac,0.090380859375
432128,explained_variance,0.2254927158355713
432128,sps,605.0
432128,kl_beta,2.0
432431,episodic_return,1037.3713185870918
432431,episodic_length,1000.0
433432,episodic_return,1037.6408887621055
433432,episodic_length,1000.0
434176,value_loss,0.008565457537770271
434176,policy_loss,-0.015934282913804054
434176,approx_kl,0.008215458132326603
434176,clipfrac,0.08955078125
434176,explained_variance,0.2074601650238037
434176,sps,605.0
434176,kl_beta,2.0
434433,episodic_return,1016.8645263518513
434433,episodic_length,1000.0
435434,episodic_return,952.9150238372432
435434,episodic_length,1000.0
436224,value_loss,0.04742179065942764
436224,policy_loss,-0.061934616416692734
436224,approx_kl,0.01208481378853321
436224,clipfrac,0.08974609375
436224,explained_variance,0.1404097080230713
436224,sps,605.0
436224,kl_beta,2.0
436435,episodic_return,1048.5081554684814
436435,episodic_length,1000.0
437436,episodic_return,972.1575829550836
437436,episodic_length,1000.0
438272,value_loss,0.04963008314371109
438272,policy_loss,-0.04967379942536354
438272,approx_kl,0.0100348349660635
438272,clipfrac,0.075048828125
438272,explained_variance,0.1732649803161621
438272,sps,605.0
438272,kl_beta,2.0
438437,episodic_return,948.8928299664461
438437,episodic_length,1000.0
439438,episodic_return,978.0458055632153
439438,episodic_length,1000.0
440320,value_loss,0.029353518038988113
440320,policy_loss,-0.00959104485809803
440320,approx_kl,0.009178698994219303
440320,clipfrac,0.09130859375
440320,explained_variance,0.15185320377349854
440320,sps,605.0
440320,kl_beta,2.0
440439,episodic_return,1009.8697946987237
440439,episodic_length,1000.0
441440,episodic_return,989.1732370776863
441440,episodic_length,1000.0
442368,value_loss,0.007691391743719578
442368,policy_loss,-0.013240907341241837
442368,approx_kl,0.00579083152115345
442368,clipfrac,0.08330078125
442368,explained_variance,0.14918410778045654
442368,sps,605.0
442368,kl_beta,1.0
442441,episodic_return,989.8368743685685
442441,episodic_length,1000.0
443442,episodic_return,1042.5272246227312
443442,episodic_length,1000.0
444416,value_loss,0.011691054329276085
444416,policy_loss,-0.04306400567293167
444416,approx_kl,0.01668422669172287
444416,clipfrac,0.16982421875
444416,explained_variance,0.11606603860855103
444416,sps,605.0
444416,kl_beta,2.0
444443,episodic_return,1063.9441687882513
444443,episodic_length,1000.0
445444,episodic_return,979.0161231030436
445444,episodic_length,1000.0
446445,episodic_return,1023.5899174419928
446445,episodic_length,1000.0
446464,value_loss,0.03843660652637482
446464,policy_loss,-0.021685751155018806
446464,approx_kl,0.008740532211959362
446464,clipfrac,0.081884765625
446464,explained_variance,0.13595503568649292
446464,sps,605.0
446464,kl_beta,2.0
447446,episodic_return,996.5856583190264
447446,episodic_length,1000.0
448447,episodic_return,1012.3223120580828
448447,episodic_length,1000.0
448512,value_loss,0.00407183263450861
448512,policy_loss,-0.00920369103550911
448512,approx_kl,0.007942259311676025
448512,clipfrac,0.0755859375
448512,explained_variance,0.14014768600463867
448512,sps,605.0
448512,kl_beta,2.0
449448,episodic_return,1033.2728984556456
449448,episodic_length,1000.0
450449,episodic_return,1040.7930303339308
450449,episodic_length,1000.0
450560,value_loss,0.013333308510482311
450560,policy_loss,-0.04432019591331482
450560,approx_kl,0.010044031776487827
450560,clipfrac,0.07587890625
450560,explained_variance,0.2671349048614502
450560,sps,605.0
450560,kl_beta,2.0
451450,episodic_return,984.2804199823397
451450,episodic_length,1000.0
452451,episodic_return,1044.0537470050706
452451,episodic_length,1000.0
452608,value_loss,0.019076375290751457
452608,policy_loss,-0.05789627134799957
452608,approx_kl,0.01003121118992567
452608,clipfrac,0.100390625
452608,explained_variance,0.20162850618362427
452608,sps,605.0
452608,kl_beta,2.0
453452,episodic_return,1069.4834593266683
453452,episodic_length,1000.0
454453,episodic_return,1040.4678540945204
454453,episodic_length,1000.0
454656,value_loss,0.05010433867573738
454656,policy_loss,-0.03695841133594513
454656,approx_kl,0.009344981051981449
454656,clipfrac,0.101708984375
454656,explained_variance,0.12422949075698853
454656,sps,605.0
454656,kl_beta,2.0
455454,episodic_return,950.7505340471157
455454,episodic_length,1000.0
456455,episodic_return,1037.6396398379818
456455,episodic_length,1000.0
456704,value_loss,0.0278007872402668
456704,policy_loss,-0.025576576590538025
456704,approx_kl,0.0107219647616148
456704,clipfrac,0.091064453125
456704,explained_variance,0.1634228229522705
456704,sps,605.0
456704,kl_beta,2.0
457456,episodic_return,1043.9334082748267
457456,episodic_length,1000.0
458457,episodic_return,903.6563600463307
458457,episodic_length,1000.0
458752,value_loss,0.005812935531139374
458752,policy_loss,-0.03976862505078316
458752,approx_kl,0.008419567719101906
458752,clipfrac,0.079736328125
458752,explained_variance,0.13119739294052124
458752,sps,605.0
458752,kl_beta,2.0
459458,episodic_return,947.6938131240512
459458,episodic_length,1000.0
460459,episodic_return,1031.3824245680735
460459,episodic_length,1000.0
460800,value_loss,0.022952351719141006
460800,policy_loss,-0.010801909491419792
460800,approx_kl,0.011102487333118916
460800,clipfrac,0.07939453125
460800,explained_variance,0.09557473659515381
460800,sps,605.0
460800,kl_beta,2.0
461460,episodic_return,1057.2381688908918
461460,episodic_length,1000.0
462461,episodic_return,1009.0131389577755
462461,episodic_length,1000.0
462848,value_loss,0.03761931508779526
462848,policy_loss,-0.03170277178287506
462848,approx_kl,0.008896343410015106
462848,clipfrac,0.07177734375
462848,explained_variance,0.08406186103820801
462848,sps,605.0
462848,kl_beta,2.0
463462,episodic_return,932.2233722185368
463462,episodic_length,1000.0
464463,episodic_return,1066.0730208510386
464463,episodic_length,1000.0
464896,value_loss,0.00937727652490139
464896,policy_loss,-0.03247790038585663
464896,approx_kl,0.008225959725677967
464896,clipfrac,0.097412109375
464896,explained_variance,0.11117112636566162
464896,sps,605.0
464896,kl_beta,2.0
465464,episodic_return,1023.052043804461
465464,episodic_length,1000.0
466465,episodic_return,994.2522246739355
466465,episodic_length,1000.0
466944,value_loss,0.0556376650929451
466944,policy_loss,-0.041422534734010696
466944,approx_kl,0.009610550478100777
466944,clipfrac,0.08427734375
466944,explained_variance,0.1354392170906067
466944,sps,605.0
466944,kl_beta,2.0
467466,episodic_return,1040.6535199867112
467466,episodic_length,1000.0
468467,episodic_return,1066.4387827581816
468467,episodic_length,1000.0
468992,value_loss,0.04082312062382698
468992,policy_loss,-0.02088850922882557
468992,approx_kl,0.009630945511162281
468992,clipfrac,0.096875
468992,explained_variance,0.11774569749832153
468992,sps,605.0
468992,kl_beta,2.0
469468,episodic_return,980.9995853739171
469468,episodic_length,1000.0
470469,episodic_return,911.7311382804895
470469,episodic_length,1000.0
471040,value_loss,0.005733358673751354
471040,policy_loss,-0.0256348829716444
471040,approx_kl,0.011784783564507961
471040,clipfrac,0.07021484375
471040,explained_variance,0.23200595378875732
471040,sps,605.0
471040,kl_beta,2.0
471470,episodic_return,1022.0161423940788
471470,episodic_length,1000.0
472471,episodic_return,1058.7619855432645
472471,episodic_length,1000.0
473088,value_loss,0.05226361006498337
473088,policy_loss,-0.048831917345523834
473088,approx_kl,0.011824234388768673
473088,clipfrac,0.09267578125
473088,explained_variance,0.22098314762115479
473088,sps,605.0
473088,kl_beta,2.0
473472,episodic_return,1012.432759151092
473472,episodic_length,1000.0
474473,episodic_return,994.905460969999
474473,episodic_length,1000.0
475136,value_loss,0.005038170609623194
475136,policy_loss,-0.012390673160552979
475136,approx_kl,0.005762371234595776
475136,clipfrac,0.0794921875
475136,explained_variance,0.12921130657196045
475136,sps,605.0
475136,kl_beta,1.0
475474,episodic_return,1044.8501038349525
475474,episodic_length,1000.0
476475,episodic_return,1055.636523267822
476475,episodic_length,1000.0
477184,value_loss,0.01621612161397934
477184,policy_loss,-0.03940887004137039
477184,approx_kl,0.013832822442054749
477184,clipfrac,0.202587890625
477184,explained_variance,0.05510896444320679
477184,sps,605.0
477184,kl_beta,1.0
477476,episodic_return,1028.6913599514457
477476,episodic_length,1000.0
478477,episodic_return,1034.8618691427191
478477,episodic_length,1000.0
479232,value_loss,0.026083914563059807
479232,policy_loss,-0.015536962077021599
479232,approx_kl,0.011482859030365944
479232,clipfrac,0.188330078125
479232,explained_variance,0.10344457626342773
479232,sps,605.0
479232,kl_beta,1.0
479478,episodic_return,1062.9462905757753
479478,episodic_length,1000.0
480479,episodic_return,1023.9150894567534
480479,episodic_length,1000.0
481280,value_loss,0.005952009465545416
481280,policy_loss,-0.03173089027404785
481280,approx_kl,0.025520136579871178
481280,clipfrac,0.220751953125
481280,explained_variance,0.22935199737548828
481280,sps,605.0
481280,kl_beta,2.0
481480,episodic_return,1039.7937555863125
481480,episodic_length,1000.0
482481,episodic_return,1032.590057847511
482481,episodic_length,1000.0
483328,value_loss,0.006123436614871025
483328,policy_loss,-0.04960958659648895
483328,approx_kl,0.013145587407052517
483328,clipfrac,0.081640625
483328,explained_variance,0.28287678956985474
483328,sps,605.0
483328,kl_beta,2.0
483482,episodic_return,1058.966402510498
483482,episodic_length,1000.0
484483,episodic_return,986.5444349618176
484483,episodic_length,1000.0
485376,value_loss,0.03695041686296463
485376,policy_loss,-0.05019101873040199
485376,approx_kl,0.011120645329356194
485376,clipfrac,0.084326171875
485376,explained_variance,0.17008090019226074
485376,sps,605.0
485376,kl_beta,2.0
485484,episodic_return,1082.489602457211
485484,episodic_length,1000.0
486485,episodic_return,999.6722442514842
486485,episodic_length,1000.0
487424,value_loss,0.09021015465259552
487424,policy_loss,-0.06509663909673691
487424,approx_kl,0.016390152275562286
487424,clipfrac,0.073046875
487424,explained_variance,0.18183594942092896
487424,sps,605.0
487424,kl_beta,4.0
487486,episodic_return,986.8582497610629
487486,episodic_length,1000.0
488487,episodic_return,987.9437480794379
488487,episodic_length,1000.0
489472,value_loss,0.0032447874546051025
489472,policy_loss,-0.00010596960783004761
489472,approx_kl,0.0025043655186891556
489472,clipfrac,0.022021484375
489472,explained_variance,0.193040668964386
489472,sps,605.0
489472,kl_beta,2.0
489488,episodic_return,1027.3578824411577
489488,episodic_length,1000.0
490489,episodic_return,1088.7192550985233
490489,episodic_length,1000.0
491490,episodic_return,1116.828031322573
491490,episodic_length,1000.0
491520,value_loss,0.04287584125995636
491520,policy_loss,-0.02408638596534729
491520,approx_kl,0.008329283446073532
491520,clipfrac,0.08212890625
491520,explained_variance,0.12496501207351685
491520,sps,605.0
491520,kl_beta,2.0
492491,episodic_return,975.7961504555042
492491,episodic_length,1000.0
493492,episodic_return,996.73471681247
493492,episodic_length,1000.0
493568,value_loss,0.02221122942864895
493568,policy_loss,-0.018431037664413452
493568,approx_kl,0.017207834869623184
493568,clipfrac,0.078564453125
493568,explained_variance,0.11248517036437988
493568,sps,605.0
493568,kl_beta,4.0
494493,episodic_return,1037.1064792831253
494493,episodic_length,1000.0
495494,episodic_return,1044.6740035145235
495494,episodic_length,1000.0
495616,value_loss,0.02497261017560959
495616,policy_loss,-0.031198617070913315
495616,approx_kl,0.004343119449913502
495616,clipfrac,0.020166015625
495616,explained_variance,0.0853317379951477
495616,sps,605.0
495616,kl_beta,2.0
496495,episodic_return,1073.6707756297103
496495,episodic_length,1000.0
497496,episodic_return,1084.107219681274
497496,episodic_length,1000.0
497664,value_loss,0.005429033190011978
497664,policy_loss,-0.03681042417883873
497664,approx_kl,0.013177668675780296
497664,clipfrac,0.0884765625
497664,explained_variance,0.10178053379058838
497664,sps,605.0
497664,kl_beta,2.0
498497,episodic_return,1041.1934606560087
498497,episodic_length,1000.0
499498,episodic_return,1032.8231217707748
499498,episodic_length,1000.0
499712,value_loss,0.01657736860215664
499712,policy_loss,-0.04645373672246933
499712,approx_kl,0.0062400056049227715
499712,clipfrac,0.077001953125
499712,explained_variance,0.12423241138458252
499712,sps,605.0
499712,kl_beta,1.0
500499,episodic_return,1049.2399293408673
500499,episodic_length,1000.0
501500,episodic_return,1150.0434633796438
501500,episodic_length,1000.0
501760,value_loss,0.06526003777980804
501760,policy_loss,-0.045317888259887695
501760,approx_kl,0.020148275420069695
501760,clipfrac,0.161865234375
501760,explained_variance,0.08175075054168701
501760,sps,605.0
501760,kl_beta,2.0
502501,episodic_return,1039.0172909608852
502501,episodic_length,1000.0
503502,episodic_return,1038.0487611327321
503502,episodic_length,1000.0
503808,value_loss,0.01675284095108509
503808,policy_loss,-0.025409171357750893
503808,approx_kl,0.009744045324623585
503808,clipfrac,0.069873046875
503808,explained_variance,0.15649354457855225
503808,sps,605.0
503808,kl_beta,2.0
504503,episodic_return,1080.8538622283168
504503,episodic_length,1000.0
505504,episodic_return,1039.3266100295982
505504,episodic_length,1000.0
505856,value_loss,0.025724854320287704
505856,policy_loss,-0.03279747813940048
505856,approx_kl,0.012302195653319359
505856,clipfrac,0.0767578125
505856,explained_variance,0.14070290327072144
505856,sps,605.0
505856,kl_beta,2.0
506505,episodic_return,1012.6053304660028
506505,episodic_length,1000.0
507506,episodic_return,1127.2216635409534
507506,episodic_length,1000.0
507904,value_loss,0.009637654758989811
507904,policy_loss,-0.029932664707303047
507904,approx_kl,0.010974704287946224
507904,clipfrac,0.07275390625
507904,explained_variance,0.200614333152771
507904,sps,605.0
507904,kl_beta,2.0
508507,episodic_return,1085.7684737939337
508507,episodic_length,1000.0
509508,episodic_return,1021.9197662519485
509508,episodic_length,1000.0
509952,value_loss,0.02619614079594612
509952,policy_loss,-0.026488840579986572
509952,approx_kl,0.008545009419322014
509952,clipfrac,0.076611328125
509952,explained_variance,0.195648193359375
509952,sps,605.0
509952,kl_beta,2.0
510509,episodic_return,1055.363521364633
510509,episodic_length,1000.0
511510,episodic_return,1024.677877511673
511510,episodic_length,1000.0
512000,value_loss,0.00775851821526885
512000,policy_loss,-0.007296863943338394
512000,approx_kl,0.011485675349831581
512000,clipfrac,0.08291015625
512000,explained_variance,0.23780041933059692
512000,sps,605.0
512000,kl_beta,2.0
512511,episodic_return,1101.1938733984641
512511,episodic_length,1000.0
513512,episodic_return,1006.192071305834
513512,episodic_length,1000.0
514048,value_loss,0.007917325012385845
514048,policy_loss,-0.013215165585279465
514048,approx_kl,0.010556260123848915
514048,clipfrac,0.0767578125
514048,explained_variance,0.15346848964691162
514048,sps,605.0
514048,kl_beta,2.0
514513,episodic_return,1012.4185538859557
514513,episodic_length,1000.0
515514,episodic_return,1006.5823307408078
515514,episodic_length,1000.0
516096,value_loss,0.03169843554496765
516096,policy_loss,-0.035997044295072556
516096,approx_kl,0.009126430377364159
516096,clipfrac,0.070361328125
516096,explained_variance,0.2641759514808655
516096,sps,605.0
516096,kl_beta,2.0
516515,episodic_return,1116.1698722244128
516515,episodic_length,1000.0
517516,episodic_return,1036.3352473791028
517516,episodic_length,1000.0
518144,value_loss,0.0079719889909029
518144,policy_loss,-0.012573124840855598
518144,approx_kl,0.010028890334069729
518144,clipfrac,0.078857421875
518144,explained_variance,0.18874549865722656
518144,sps,604.0
518144,kl_beta,2.0
518517,episodic_return,1128.3297325140225
518517,episodic_length,1000.0
519518,episodic_return,1069.1972104014835
519518,episodic_length,1000.0
520192,value_loss,0.0126481419429183
520192,policy_loss,-0.019162779673933983
520192,approx_kl,0.008558535017073154
520192,clipfrac,0.059765625
520192,explained_variance,0.22985965013504028
520192,sps,604.0
520192,kl_beta,2.0
520519,episodic_return,1081.9769721241237
520519,episodic_length,1000.0
521520,episodic_return,1046.8035599886528
521520,episodic_length,1000.0
522240,value_loss,0.0033238092437386513
522240,policy_loss,0.001523902639746666
522240,approx_kl,0.0051710112020373344
522240,clipfrac,0.06455078125
522240,explained_variance,0.251997709274292
522240,sps,605.0
522240,kl_beta,1.0
522521,episodic_return,1091.7062140057083
522521,episodic_length,1000.0
523522,episodic_return,1018.9809474862723
523522,episodic_length,1000.0
524288,value_loss,0.016222398728132248
524288,policy_loss,-0.0690375566482544
524288,approx_kl,0.03287871181964874
524288,clipfrac,0.18515625
524288,explained_variance,0.19087904691696167
524288,sps,605.0
524288,kl_beta,2.0
524523,episodic_return,1166.4459175066077
524523,episodic_length,1000.0
525524,episodic_return,1071.7669359400643
525524,episodic_length,1000.0
526336,value_loss,0.006609175354242325
526336,policy_loss,-0.005580661818385124
526336,approx_kl,0.007376694120466709
526336,clipfrac,0.0603515625
526336,explained_variance,0.04421436786651611
526336,sps,605.0
526336,kl_beta,2.0
526525,episodic_return,1039.6752868531437
526525,episodic_length,1000.0
527526,episodic_return,1049.781452570899
527526,episodic_length,1000.0
528384,value_loss,0.01972530037164688
528384,policy_loss,-0.0412178672850132
528384,approx_kl,0.011494187638163567
528384,clipfrac,0.0689453125
528384,explained_variance,0.164902925491333
528384,sps,605.0
528384,kl_beta,2.0
528527,episodic_return,1007.0794037134436
528527,episodic_length,1000.0
529528,episodic_return,1078.682009356644
529528,episodic_length,1000.0
530432,value_loss,0.004449300467967987
530432,policy_loss,-0.018526261672377586
530432,approx_kl,0.009563927538692951
530432,clipfrac,0.081298828125
530432,explained_variance,0.17836356163024902
530432,sps,605.0
530432,kl_beta,2.0
530529,episodic_return,1084.6000711391086
530529,episodic_length,1000.0
531530,episodic_return,1012.1622190743083
531530,episodic_length,1000.0
532480,value_loss,0.006299892906099558
532480,policy_loss,-0.008737124502658844
532480,approx_kl,0.008589314296841621
532480,clipfrac,0.094970703125
532480,explained_variance,0.3800557851791382
532480,sps,605.0
532480,kl_beta,2.0
532531,episodic_return,985.7888976364901
532531,episodic_length,1000.0
533532,episodic_return,1069.3176054498058
533532,episodic_length,1000.0
534528,value_loss,0.053878046572208405
534528,policy_loss,-0.058858200907707214
534528,approx_kl,0.00992258545011282
534528,clipfrac,0.068994140625
534528,explained_variance,0.1697481870651245
534528,sps,605.0
534528,kl_beta,2.0
534533,episodic_return,1045.2813761398925
534533,episodic_length,1000.0
535534,episodic_return,1169.5220566249343
535534,episodic_length,1000.0
536535,episodic_return,1044.9298438647825
536535,episodic_length,1000.0
536576,value_loss,0.03397970274090767
536576,policy_loss,-0.040669623762369156
536576,approx_kl,0.01423485018312931
536576,clipfrac,0.067822265625
536576,explained_variance,0.11729389429092407
536576,sps,605.0
536576,kl_beta,2.0
537536,episodic_return,1043.635358796051
537536,episodic_length,1000.0
538537,episodic_return,1096.7828632451967
538537,episodic_length,1000.0
538624,value_loss,0.005878657102584839
538624,policy_loss,-0.012318616732954979
538624,approx_kl,0.009175124578177929
538624,clipfrac,0.065966796875
538624,explained_variance,0.09865623712539673
538624,sps,605.0
538624,kl_beta,2.0
539538,episodic_return,1159.5952776253632
539538,episodic_length,1000.0
540539,episodic_return,1132.351129943026
540539,episodic_length,1000.0
540672,value_loss,0.034906089305877686
540672,policy_loss,-0.01504666917026043
540672,approx_kl,0.010719343088567257
540672,clipfrac,0.07802734375
540672,explained_variance,0.13892829418182373
540672,sps,605.0
540672,kl_beta,2.0
541540,episodic_return,958.0254836861203
541540,episodic_length,1000.0
542541,episodic_return,1072.9798439625492
542541,episodic_length,1000.0
542720,value_loss,0.02417045086622238
542720,policy_loss,-0.05172688513994217
542720,approx_kl,0.00938353966921568
542720,clipfrac,0.081201171875
542720,explained_variance,0.1127539873123169
542720,sps,606.0
542720,kl_beta,2.0
543542,episodic_return,1063.0441067723045
543542,episodic_length,1000.0
544543,episodic_return,1041.5869393307023
544543,episodic_length,1000.0
544768,value_loss,0.004691597074270248
544768,policy_loss,-0.03060304932296276
544768,approx_kl,0.005356007255613804
544768,clipfrac,0.057568359375
544768,explained_variance,0.12355875968933105
544768,sps,606.0
544768,kl_beta,1.0
545544,episodic_return,1076.7047810449922
545544,episodic_length,1000.0
546545,episodic_return,1153.5888753706904
546545,episodic_length,1000.0
546816,value_loss,0.03654690459370613
546816,policy_loss,-0.04026201367378235
546816,approx_kl,0.020255597308278084
546816,clipfrac,0.159375
546816,explained_variance,0.14728718996047974
546816,sps,606.0
546816,kl_beta,2.0
547546,episodic_return,1132.2542075831307
547546,episodic_length,1000.0
548547,episodic_return,1064.7802390291658
548547,episodic_length,1000.0
548864,value_loss,0.006913830991834402
548864,policy_loss,0.0038142967969179153
548864,approx_kl,0.00917412992566824
548864,clipfrac,0.071337890625
548864,explained_variance,0.050724804401397705
548864,sps,606.0
548864,kl_beta,2.0
549548,episodic_return,1057.4384204279436
549548,episodic_length,1000.0
550549,episodic_return,1050.7389779486564
550549,episodic_length,1000.0
550912,value_loss,0.004080550279468298
550912,policy_loss,-0.016180742532014847
550912,approx_kl,0.008487896993756294
550912,clipfrac,0.059814453125
550912,explained_variance,0.0542256236076355
550912,sps,606.0
550912,kl_beta,2.0
551550,episodic_return,1091.9453567712428
551550,episodic_length,1000.0
552551,episodic_return,1090.4755765122065
552551,episodic_length,1000.0
552960,value_loss,0.016356518492102623
552960,policy_loss,-0.0254912618547678
552960,approx_kl,0.007561187259852886
552960,clipfrac,0.07509765625
552960,explained_variance,0.04987066984176636
552960,sps,606.0
552960,kl_beta,2.0
553552,episodic_return,1077.3441855306319
553552,episodic_length,1000.0
554553,episodic_return,1086.7197226487217
554553,episodic_length,1000.0
555008,value_loss,0.006256547756493092
555008,policy_loss,-0.06181882321834564
555008,approx_kl,0.011605322360992432
555008,clipfrac,0.068212890625
555008,explained_variance,0.1386740803718567
555008,sps,606.0
555008,kl_beta,2.0
555554,episodic_return,1059.3523726373423
555554,episodic_length,1000.0
556555,episodic_return,1108.850213787804
556555,episodic_length,1000.0
557056,value_loss,0.013339050114154816
557056,policy_loss,-0.041325151920318604
557056,approx_kl,0.011398214846849442
557056,clipfrac,0.08017578125
557056,explained_variance,0.15377473831176758
557056,sps,606.0
557056,kl_beta,2.0
557556,episodic_return,1118.3649332217747
557556,episodic_length,1000.0
558557,episodic_return,1040.3313756298373
558557,episodic_length,1000.0
559104,value_loss,0.07369506359100342
559104,policy_loss,-0.049307048320770264
559104,approx_kl,0.012174068950116634
559104,clipfrac,0.0623046875
559104,explained_variance,0.06940549612045288
559104,sps,605.0
559104,kl_beta,2.0
559558,episodic_return,1150.4268705535305
559558,episodic_length,1000.0
560559,episodic_return,1081.12646882899
560559,episodic_length,1000.0
561152,value_loss,0.06880367547273636
561152,policy_loss,-0.029073204845190048
561152,approx_kl,0.005597962066531181
561152,clipfrac,0.055224609375
561152,explained_variance,0.14363735914230347
561152,sps,605.0
561152,kl_beta,1.0
561560,episodic_return,1038.0377293067131
561560,episodic_length,1000.0
562561,episodic_return,1088.0403441713563
562561,episodic_length,1000.0
563200,value_loss,0.010539505630731583
563200,policy_loss,-0.04148033261299133
563200,approx_kl,0.02007833495736122
563200,clipfrac,0.1890625
563200,explained_variance,0.14277499914169312
563200,sps,605.0
563200,kl_beta,2.0
563562,episodic_return,1099.6741966248894
563562,episodic_length,1000.0
564563,episodic_return,1063.686293128823
564563,episodic_length,1000.0
565248,value_loss,0.015511708334088326
565248,policy_loss,-0.04917047917842865
565248,approx_kl,0.009072460234165192
565248,clipfrac,0.0693359375
565248,explained_variance,0.15153151750564575
565248,sps,606.0
565248,kl_beta,2.0
565564,episodic_return,1102.3707535668957
565564,episodic_length,1000.0
566565,episodic_return,1074.3487008547731
566565,episodic_length,1000.0
567296,value_loss,0.01799740642309189
567296,policy_loss,-0.03599565476179123
567296,approx_kl,0.006479554809629917
567296,clipfrac,0.073828125
567296,explained_variance,0.18768692016601562
567296,sps,606.0
567296,kl_beta,1.0
567566,episodic_return,1095.1596621373349
567566,episodic_length,1000.0
568567,episodic_return,1144.8338110570292
568567,episodic_length,1000.0
569344,value_loss,0.020527733489871025
569344,policy_loss,-0.07091975212097168
569344,approx_kl,0.02987716719508171
569344,clipfrac,0.165380859375
569344,explained_variance,0.1244921088218689
569344,sps,606.0
569344,kl_beta,2.0
569568,episodic_return,1130.1942870233272
569568,episodic_length,1000.0
570569,episodic_return,1033.5395919412103
570569,episodic_length,1000.0
571392,value_loss,0.02514977753162384
571392,policy_loss,-0.039951931685209274
571392,approx_kl,0.009029803797602654
571392,clipfrac,0.082421875
571392,explained_variance,0.11944949626922607
571392,sps,606.0
571392,kl_beta,2.0
571570,episodic_return,1110.4534221820854
571570,episodic_length,1000.0
572571,episodic_return,1114.1928999076254
572571,episodic_length,1000.0
573440,value_loss,0.022407526150345802
573440,policy_loss,-0.01408984512090683
573440,approx_kl,0.006156982854008675
573440,clipfrac,0.0671875
573440,explained_variance,0.07115596532821655
573440,sps,605.0
573440,kl_beta,1.0
573572,episodic_return,1041.409267454707
573572,episodic_length,1000.0
574573,episodic_return,1138.1138548997903
574573,episodic_length,1000.0
575488,value_loss,0.07745809108018875
575488,policy_loss,-0.08564572036266327
575488,approx_kl,0.027375075966119766
575488,clipfrac,0.19169921875
575488,explained_variance,0.1267276406288147
575488,sps,606.0
575488,kl_beta,2.0
575574,episodic_return,1047.6112891772589
575574,episodic_length,1000.0
576575,episodic_return,1094.8489251198328
576575,episodic_length,1000.0
577536,value_loss,0.022233527153730392
577536,policy_loss,-0.010800272226333618
577536,approx_kl,0.008196737617254257
577536,clipfrac,0.064794921875
577536,explained_variance,0.10285007953643799
577536,sps,606.0
577536,kl_beta,2.0
577576,episodic_return,1053.8033749143667
577576,episodic_length,1000.0
578577,episodic_return,1065.2985476585245
578577,episodic_length,1000.0
579578,episodic_return,1127.0649727825366
579578,episodic_length,1000.0
579584,value_loss,0.03155907616019249
579584,policy_loss,-0.005900559946894646
579584,approx_kl,0.0066984714940190315
579584,clipfrac,0.0693359375
579584,explained_variance,0.09659087657928467
579584,sps,606.0
579584,kl_beta,2.0
580579,episodic_return,1119.8718680853556
580579,episodic_length,1000.0
581580,episodic_return,1116.7494149807803
581580,episodic_length,1000.0
581632,value_loss,0.004930140916258097
581632,policy_loss,-0.01839236170053482
581632,approx_kl,0.008735759183764458
581632,clipfrac,0.0615234375
581632,explained_variance,0.12666618824005127
581632,sps,606.0
581632,kl_beta,2.0
582581,episodic_return,1116.4175193430085
582581,episodic_length,1000.0
583582,episodic_return,1171.0334522488913
583582,episodic_length,1000.0
583680,value_loss,0.031072409823536873
583680,policy_loss,-0.03091052919626236
583680,approx_kl,0.007358219474554062
583680,clipfrac,0.076220703125
583680,explained_variance,0.13259291648864746
583680,sps,606.0
583680,kl_beta,2.0
584583,episodic_return,1052.4538827686372
584583,episodic_length,1000.0
585584,episodic_return,982.028695851007
585584,episodic_length,1000.0
585728,value_loss,0.03327125683426857
585728,policy_loss,-0.037277478724718094
585728,approx_kl,0.007325984537601471
585728,clipfrac,0.060400390625
585728,explained_variance,0.2956079840660095
585728,sps,606.0
585728,kl_beta,2.0
586585,episodic_return,1090.8435390307013
586585,episodic_length,1000.0
587586,episodic_return,1098.2148018830972
587586,episodic_length,1000.0
587776,value_loss,0.07215119898319244
587776,policy_loss,-0.064615897834301
587776,approx_kl,0.010508040897548199
587776,clipfrac,0.059375
587776,explained_variance,0.23727142810821533
587776,sps,606.0
587776,kl_beta,2.0
588587,episodic_return,1113.0323362431843
588587,episodic_length,1000.0
589588,episodic_return,1034.238872738294
589588,episodic_length,1000.0
589824,value_loss,0.02242223359644413
589824,policy_loss,-0.0061135850846767426
589824,approx_kl,0.008230635896325111
589824,clipfrac,0.063818359375
589824,explained_variance,0.09200680255889893
589824,sps,606.0
589824,kl_beta,2.0
590589,episodic_return,1131.2365076303256
590589,episodic_length,1000.0
591590,episodic_return,1086.0601353725735
591590,episodic_length,1000.0
591872,value_loss,0.010764536447823048
591872,policy_loss,-0.013123216107487679
591872,approx_kl,0.004314686171710491
591872,clipfrac,0.0611328125
591872,explained_variance,0.11323732137680054
591872,sps,606.0
591872,kl_beta,1.0
592591,episodic_return,1089.9463534157655
592591,episodic_length,1000.0
593592,episodic_return,1157.9420913478516
593592,episodic_length,1000.0
593920,value_loss,0.02416125312447548
593920,policy_loss,-0.06089434027671814
593920,approx_kl,0.026119032874703407
593920,clipfrac,0.155078125
593920,explained_variance,0.15838491916656494
593920,sps,606.0
593920,kl_beta,2.0
594593,episodic_return,1145.2523992655372
594593,episodic_length,1000.0
595594,episodic_return,1121.4983527446445
595594,episodic_length,1000.0
595968,value_loss,0.023402230814099312
595968,policy_loss,-0.029305564239621162
595968,approx_kl,0.006455800496041775
595968,clipfrac,0.0716796875
595968,explained_variance,0.12147212028503418
595968,sps,607.0
595968,kl_beta,1.0
596595,episodic_return,1167.3491456455986
596595,episodic_length,1000.0
597596,episodic_return,1137.1466046781834
597596,episodic_length,1000.0
598016,value_loss,0.03690160810947418
598016,policy_loss,-0.061118580400943756
598016,approx_kl,0.014218113385140896
598016,clipfrac,0.1716796875
598016,explained_variance,0.22492235898971558
598016,sps,607.0
598016,kl_beta,1.0
598597,episodic_return,1175.386005595342
598597,episodic_length,1000.0
599598,episodic_return,1077.7940961121265
599598,episodic_length,1000.0
600064,value_loss,0.06685107946395874
600064,policy_loss,-0.05684340000152588
600064,approx_kl,0.02033834345638752
600064,clipfrac,0.161962890625
600064,explained_variance,0.03663700819015503
600064,sps,607.0
600064,kl_beta,2.0
600599,episodic_return,1141.2138182837311
600599,episodic_length,1000.0
601600,episodic_return,1126.753110836992
601600,episodic_length,1000.0
602112,value_loss,0.037469156086444855
602112,policy_loss,-0.03679328411817551
602112,approx_kl,0.007937412708997726
602112,clipfrac,0.060546875
602112,explained_variance,0.1297244429588318
602112,sps,607.0
602112,kl_beta,2.0
602601,episodic_return,1144.698830773362
602601,episodic_length,1000.0
603602,episodic_return,1031.6667491553364
603602,episodic_length,1000.0
604160,value_loss,0.0180162712931633
604160,policy_loss,-0.023124953731894493
604160,approx_kl,0.01104579959064722
604160,clipfrac,0.07294921875
604160,explained_variance,0.21980887651443481
604160,sps,607.0
604160,kl_beta,2.0
604603,episodic_return,1029.6670090792138
604603,episodic_length,1000.0
605604,episodic_return,1133.0001714124282
605604,episodic_length,1000.0
606208,value_loss,0.03483404964208603
606208,policy_loss,-0.05416439473628998
606208,approx_kl,0.006129510700702667
606208,clipfrac,0.06953125
606208,explained_variance,0.3312801122665405
606208,sps,607.0
606208,kl_beta,1.0
606605,episodic_return,1115.4484676910256
606605,episodic_length,1000.0
607606,episodic_return,1159.323061485432
607606,episodic_length,1000.0
608256,value_loss,0.017770061269402504
608256,policy_loss,-0.00547763891518116
608256,approx_kl,0.01901826821267605
608256,clipfrac,0.200927734375
608256,explained_variance,0.3233864903450012
608256,sps,607.0
608256,kl_beta,2.0
608607,episodic_return,1140.644132536558
608607,episodic_length,1000.0
609608,episodic_return,1109.775450492893
609608,episodic_length,1000.0
610304,value_loss,0.006918155588209629
610304,policy_loss,-0.01386081799864769
610304,approx_kl,0.008920298889279366
610304,clipfrac,0.068017578125
610304,explained_variance,0.37646371126174927
610304,sps,607.0
610304,kl_beta,2.0
610609,episodic_return,1102.203241117929
610609,episodic_length,1000.0
611610,episodic_return,1198.225477341368
611610,episodic_length,1000.0
612352,value_loss,0.004377627745270729
612352,policy_loss,-0.018419407308101654
612352,approx_kl,0.007316280156373978
612352,clipfrac,0.0595703125
612352,explained_variance,0.15098166465759277
612352,sps,607.0
612352,kl_beta,2.0
612611,episodic_return,1183.103326406447
612611,episodic_length,1000.0
613612,episodic_return,1183.3108302302355
613612,episodic_length,1000.0
614400,value_loss,0.005487915128469467
614400,policy_loss,-0.027912309393286705
614400,approx_kl,0.006463496945798397
614400,clipfrac,0.063623046875
614400,explained_variance,0.15929830074310303
614400,sps,607.0
614400,kl_beta,1.0
614613,episodic_return,1065.4349197160616
614613,episodic_length,1000.0
615614,episodic_return,989.4047252177186
615614,episodic_length,1000.0
616448,value_loss,0.008378525264561176
616448,policy_loss,0.012147201225161552
616448,approx_kl,0.015058232471346855
616448,clipfrac,0.1685546875
616448,explained_variance,0.4383118152618408
616448,sps,607.0
616448,kl_beta,2.0
616615,episodic_return,1071.902062091512
616615,episodic_length,1000.0
617616,episodic_return,1142.2102978800795
617616,episodic_length,1000.0
618496,value_loss,0.009325765073299408
618496,policy_loss,-0.019860273227095604
618496,approx_kl,0.005613752640783787
618496,clipfrac,0.056005859375
618496,explained_variance,0.04571247100830078
618496,sps,607.0
618496,kl_beta,1.0
618617,episodic_return,1172.0474821649836
618617,episodic_length,1000.0
619618,episodic_return,1061.5966298261148
619618,episodic_length,1000.0
620544,value_loss,0.02862422913312912
620544,policy_loss,-0.04454904794692993
620544,approx_kl,0.020421797409653664
620544,clipfrac,0.16083984375
620544,explained_variance,0.07090550661087036
620544,sps,607.0
620544,kl_beta,2.0
620619,episodic_return,1122.5394078587578
620619,episodic_length,1000.0
621620,episodic_return,1095.3562652501432
621620,episodic_length,1000.0
622592,value_loss,0.04032248258590698
622592,policy_loss,-0.04190337285399437
622592,approx_kl,0.014323277398943901
622592,clipfrac,0.081982421875
622592,explained_variance,0.1686895489692688
622592,sps,607.0
622592,kl_beta,2.0
622621,episodic_return,1128.4559306972249
622621,episodic_length,1000.0
623622,episodic_return,1233.1105096505732
623622,episodic_length,1000.0
624623,episodic_return,1103.5238263749136
624623,episodic_length,1000.0
624640,value_loss,0.03230367600917816
624640,policy_loss,-0.012954944744706154
624640,approx_kl,0.008970743976533413
624640,clipfrac,0.071533203125
624640,explained_variance,0.09589409828186035
624640,sps,607.0
624640,kl_beta,2.0
625624,episodic_return,1209.4551195302056
625624,episodic_length,1000.0
626625,episodic_return,1130.3496891892826
626625,episodic_length,1000.0
626688,value_loss,0.008618123829364777
626688,policy_loss,-0.03647614270448685
626688,approx_kl,0.007782993838191032
626688,clipfrac,0.0384765625
626688,explained_variance,0.07718241214752197
626688,sps,608.0
626688,kl_beta,2.0
627626,episodic_return,1116.9856141953153
627626,episodic_length,1000.0
628627,episodic_return,1175.5463325419796
628627,episodic_length,1000.0
628736,value_loss,0.004010932985693216
628736,policy_loss,-0.00180920772254467
628736,approx_kl,0.005103874020278454
628736,clipfrac,0.0728515625
628736,explained_variance,0.1525801420211792
628736,sps,608.0
628736,kl_beta,1.0
629628,episodic_return,1103.888832758357
629628,episodic_length,1000.0
630629,episodic_return,1123.2049559614827
630629,episodic_length,1000.0
630784,value_loss,0.029565230011940002
630784,policy_loss,-0.025817515328526497
630784,approx_kl,0.017986906692385674
630784,clipfrac,0.15009765625
630784,explained_variance,0.19997245073318481
630784,sps,608.0
630784,kl_beta,2.0
631630,episodic_return,1157.3805703067815
631630,episodic_length,1000.0
632631,episodic_return,1085.9505631329357
632631,episodic_length,1000.0
632832,value_loss,0.006602659355849028
632832,policy_loss,-0.011371098458766937
632832,approx_kl,0.0089619942009449
632832,clipfrac,0.060302734375
632832,explained_variance,0.1342032551765442
632832,sps,608.0
632832,kl_beta,2.0
633632,episodic_return,1145.8010402267796
633632,episodic_length,1000.0
634633,episodic_return,1165.240251102251
634633,episodic_length,1000.0
634880,value_loss,0.018219873309135437
634880,policy_loss,-0.023689119145274162
634880,approx_kl,0.008974838070571423
634880,clipfrac,0.071240234375
634880,explained_variance,0.18897438049316406
634880,sps,608.0
634880,kl_beta,2.0
635634,episodic_return,1140.7961271004299
635634,episodic_length,1000.0
636635,episodic_return,1125.8058145190112
636635,episodic_length,1000.0
636928,value_loss,0.02185436710715294
636928,policy_loss,-0.032415829598903656
636928,approx_kl,0.009877205826342106
636928,clipfrac,0.06396484375
636928,explained_variance,0.2121119499206543
636928,sps,608.0
636928,kl_beta,2.0
637636,episodic_return,1134.6867528365876
637636,episodic_length,1000.0
638637,episodic_return,1201.547117391347
638637,episodic_length,1000.0
638976,value_loss,0.019564053043723106
638976,policy_loss,-0.03432910516858101
638976,approx_kl,0.00653502345085144
638976,clipfrac,0.053125
638976,explained_variance,0.14538007974624634
638976,sps,608.0
638976,kl_beta,1.0
639638,episodic_return,1172.3343259028572
639638,episodic_length,1000.0
640639,episodic_return,1110.701557375703
640639,episodic_length,1000.0
641024,value_loss,0.023195983842015266
641024,policy_loss,-0.026769014075398445
641024,approx_kl,0.01683763973414898
641024,clipfrac,0.16953125
641024,explained_variance,0.11190497875213623
641024,sps,608.0
641024,kl_beta,2.0
641640,episodic_return,1123.811229805191
641640,episodic_length,1000.0
642641,episodic_return,1054.467676373284
642641,episodic_length,1000.0
643072,value_loss,0.009549112990498543
643072,policy_loss,-0.01167980581521988
643072,approx_kl,0.009790031239390373
643072,clipfrac,0.077294921875
643072,explained_variance,0.13273155689239502
643072,sps,608.0
643072,kl_beta,2.0
643642,episodic_return,1032.932739588603
643642,episodic_length,1000.0
644643,episodic_return,1160.1513237687798
644643,episodic_length,1000.0
645120,value_loss,0.01477358303964138
645120,policy_loss,-0.015815062448382378
645120,approx_kl,0.006675555370748043
645120,clipfrac,0.050390625
645120,explained_variance,0.09965395927429199
645120,sps,608.0
645120,kl_beta,2.0
645644,episodic_return,1200.2362545675578
645644,episodic_length,1000.0
646645,episodic_return,1125.7261101420784
646645,episodic_length,1000.0
647168,value_loss,0.0033729919232428074
647168,policy_loss,-0.006028654053807259
647168,approx_kl,0.00615082960575819
647168,clipfrac,0.06005859375
647168,explained_variance,0.0778544545173645
647168,sps,608.0
647168,kl_beta,1.0
647646,episodic_return,1152.6928253408084
647646,episodic_length,1000.0
648647,episodic_return,1131.923000072522
648647,episodic_length,1000.0
649216,value_loss,0.005769338458776474
649216,policy_loss,0.004235483705997467
649216,approx_kl,0.017862636595964432
649216,clipfrac,0.15078125
649216,explained_variance,0.06431400775909424
649216,sps,608.0
649216,kl_beta,2.0
649648,episodic_return,1111.7781660098028
649648,episodic_length,1000.0
650649,episodic_return,1036.3685525257954
650649,episodic_length,1000.0
651264,value_loss,0.014629227109253407
651264,policy_loss,-0.030196411535143852
651264,approx_kl,0.01367263961583376
651264,clipfrac,0.059375
651264,explained_variance,0.18251067399978638
651264,sps,608.0
651264,kl_beta,2.0
651650,episodic_return,1112.8057895977463
651650,episodic_length,1000.0
652651,episodic_return,1164.4893711130626
652651,episodic_length,1000.0
653312,value_loss,0.05771501734852791
653312,policy_loss,-0.05630110949277878
653312,approx_kl,0.012942674569785595
653312,clipfrac,0.06103515625
653312,explained_variance,0.1595064401626587
653312,sps,607.0
653312,kl_beta,2.0
653652,episodic_return,1142.1451196934765
653652,episodic_length,1000.0
654653,episodic_return,1132.5651300396607
654653,episodic_length,1000.0
655360,value_loss,0.023887310177087784
655360,policy_loss,-0.0024440325796604156
655360,approx_kl,0.006410140544176102
655360,clipfrac,0.0576171875
655360,explained_variance,0.14569896459579468
655360,sps,607.0
655360,kl_beta,1.0
655654,episodic_return,1214.7407571373994
655654,episodic_length,1000.0
656655,episodic_return,1164.3823418500044
656655,episodic_length,1000.0
657408,value_loss,0.014893962070345879
657408,policy_loss,-0.041564229875802994
657408,approx_kl,0.014163676649332047
657408,clipfrac,0.138671875
657408,explained_variance,0.14547783136367798
657408,sps,607.0
657408,kl_beta,1.0
657656,episodic_return,1091.8367106840058
657656,episodic_length,1000.0
658657,episodic_return,1079.4140046584891
658657,episodic_length,1000.0
659456,value_loss,0.032827310264110565
659456,policy_loss,-0.035288769751787186
659456,approx_kl,0.023724481463432312
659456,clipfrac,0.15986328125
659456,explained_variance,0.14740270376205444
659456,sps,607.0
659456,kl_beta,2.0
659658,episodic_return,1199.0583676640204
659658,episodic_length,1000.0
660659,episodic_return,1138.2363879704285
660659,episodic_length,1000.0
661504,value_loss,0.04748518764972687
661504,policy_loss,-0.0058894287794828415
661504,approx_kl,0.005651460029184818
661504,clipfrac,0.062353515625
661504,explained_variance,0.06922471523284912
661504,sps,607.0
661504,kl_beta,1.0
661660,episodic_return,1230.8505129499817
661660,episodic_length,1000.0
662661,episodic_return,1215.4233301081963
662661,episodic_length,1000.0
663552,value_loss,0.01561132725328207
663552,policy_loss,-0.05189170688390732
663552,approx_kl,0.015469945035874844
663552,clipfrac,0.172021484375
663552,explained_variance,0.10333865880966187
663552,sps,607.0
663552,kl_beta,2.0
663662,episodic_return,1121.3304317244513
663662,episodic_length,1000.0
664663,episodic_return,1152.309520248884
664663,episodic_length,1000.0
665600,value_loss,0.025173388421535492
665600,policy_loss,-0.028139932081103325
665600,approx_kl,0.009253653697669506
665600,clipfrac,0.05947265625
665600,explained_variance,0.07433658838272095
665600,sps,607.0
665600,kl_beta,2.0
665664,episodic_return,1126.1309160158628
665664,episodic_length,1000.0
666665,episodic_return,1092.7298878002105
666665,episodic_length,1000.0
667648,value_loss,0.008664133958518505
667648,policy_loss,-0.04397875443100929
667648,approx_kl,0.0075312163680791855
667648,clipfrac,0.043017578125
667648,explained_variance,0.043348073959350586
667648,sps,607.0
667648,kl_beta,2.0
667666,episodic_return,1134.630881466442
667666,episodic_length,1000.0
668667,episodic_return,1110.5086853585688
668667,episodic_length,1000.0
669668,episodic_return,1219.255775302465
669668,episodic_length,1000.0
669696,value_loss,0.010003147646784782
669696,policy_loss,-0.010246986523270607
669696,approx_kl,0.004478949122130871
669696,clipfrac,0.057373046875
669696,explained_variance,0.08298748731613159
669696,sps,607.0
669696,kl_beta,1.0
670669,episodic_return,1154.5458369808707
670669,episodic_length,1000.0
671670,episodic_return,1161.6636613308065
671670,episodic_length,1000.0
671744,value_loss,0.016844745725393295
671744,policy_loss,-0.01179419830441475
671744,approx_kl,0.015976935625076294
671744,clipfrac,0.13447265625
671744,explained_variance,0.07802587747573853
671744,sps,607.0
671744,kl_beta,2.0
672671,episodic_return,1175.3696224797445
672671,episodic_length,1000.0
673672,episodic_return,1080.107404847703
673672,episodic_length,1000.0
673792,value_loss,0.043477971106767654
673792,policy_loss,-0.01722564734518528
673792,approx_kl,0.010517814196646214
673792,clipfrac,0.0380859375
673792,explained_variance,0.10876458883285522
673792,sps,607.0
673792,kl_beta,2.0
674673,episodic_return,1213.677984414848
674673,episodic_length,1000.0
675674,episodic_return,1105.226196527266
675674,episodic_length,1000.0
675840,value_loss,0.05866270139813423
675840,policy_loss,-0.026610298082232475
675840,approx_kl,0.007813741452991962
675840,clipfrac,0.0470703125
675840,explained_variance,0.1052740216255188
675840,sps,607.0
675840,kl_beta,2.0
676675,episodic_return,1211.0616769848136
676675,episodic_length,1000.0
677676,episodic_return,1091.7031315918487
677676,episodic_length,1000.0
677888,value_loss,0.02101258561015129
677888,policy_loss,-0.034384023398160934
677888,approx_kl,0.008565530180931091
677888,clipfrac,0.066357421875
677888,explained_variance,0.16840189695358276
677888,sps,608.0
677888,kl_beta,2.0
678677,episodic_return,1184.8805593158506
678677,episodic_length,1000.0
679678,episodic_return,1130.453434551451
679678,episodic_length,1000.0
679936,value_loss,0.007274353876709938
679936,policy_loss,-0.013489697128534317
679936,approx_kl,0.004581635817885399
679936,clipfrac,0.04921875
679936,explained_variance,0.13850879669189453
679936,sps,608.0
679936,kl_beta,1.0
680679,episodic_return,1120.9152665729282
680679,episodic_length,1000.0
681680,episodic_return,1280.736735687663
681680,episodic_length,1000.0
681984,value_loss,0.025555074214935303
681984,policy_loss,-0.022212348878383636
681984,approx_kl,0.018119223415851593
681984,clipfrac,0.12353515625
681984,explained_variance,0.10718512535095215
681984,sps,607.0
681984,kl_beta,2.0
682681,episodic_return,1146.4593392369866
682681,episodic_length,1000.0
683682,episodic_return,1204.0542764163533
683682,episodic_length,1000.0
684032,value_loss,0.008549457415938377
684032,policy_loss,0.0031051207333803177
684032,approx_kl,0.006224163807928562
684032,clipfrac,0.04375
684032,explained_variance,0.1730635166168213
684032,sps,608.0
684032,kl_beta,1.0
684683,episodic_return,1144.0114984767695
684683,episodic_length,1000.0
685684,episodic_return,1153.6338580075908
685684,episodic_length,1000.0
686080,value_loss,0.03178058937191963
686080,policy_loss,-0.041955821216106415
686080,approx_kl,0.015509591437876225
686080,clipfrac,0.148046875
686080,explained_variance,0.1457279920578003
686080,sps,607.0
686080,kl_beta,2.0
686685,episodic_return,1138.977235206597
686685,episodic_length,1000.0
687686,episodic_return,1153.2482294372169
687686,episodic_length,1000.0
688128,value_loss,0.02664041332900524
688128,policy_loss,-0.03355272859334946
688128,approx_kl,0.005093850195407867
688128,clipfrac,0.034130859375
688128,explained_variance,0.09295153617858887
688128,sps,607.0
688128,kl_beta,1.0
688687,episodic_return,1178.8106094570494
688687,episodic_length,1000.0
689688,episodic_return,1232.1773189333414
689688,episodic_length,1000.0
690176,value_loss,0.00521577475592494
690176,policy_loss,0.007615799084305763
690176,approx_kl,0.011425541713833809
690176,clipfrac,0.13955078125
690176,explained_variance,0.13382095098495483
690176,sps,607.0
690176,kl_beta,1.0
690689,episodic_return,1161.457583909102
690689,episodic_length,1000.0
691690,episodic_return,1136.70902092587
691690,episodic_length,1000.0
692224,value_loss,0.03683376684784889
692224,policy_loss,-0.014006620272994041
692224,approx_kl,0.015306690707802773
692224,clipfrac,0.156982421875
692224,explained_variance,0.19724082946777344
692224,sps,607.0
692224,kl_beta,2.0
692691,episodic_return,1181.2051308473658
692691,episodic_length,1000.0
693692,episodic_return,1247.0236867612266
693692,episodic_length,1000.0
694272,value_loss,0.0739566832780838
694272,policy_loss,-0.02470402605831623
694272,approx_kl,0.005572895519435406
694272,clipfrac,0.049072265625
694272,explained_variance,0.1859368085861206
694272,sps,607.0
694272,kl_beta,1.0
694693,episodic_return,1102.6440036284291
694693,episodic_length,1000.0
695694,episodic_return,1092.5047361660654
695694,episodic_length,1000.0
696320,value_loss,0.015338988974690437
696320,policy_loss,-0.09252600371837616
696320,approx_kl,0.021523969247937202
696320,clipfrac,0.148681640625
696320,explained_variance,0.16371691226959229
696320,sps,607.0
696320,kl_beta,2.0
696695,episodic_return,1102.8645671576255
696695,episodic_length,1000.0
697696,episodic_return,1086.1109732393513
697696,episodic_length,1000.0
698368,value_loss,0.032500602304935455
698368,policy_loss,-0.012897327542304993
698368,approx_kl,0.009273665025830269
698368,clipfrac,0.05693359375
698368,explained_variance,0.12345093488693237
698368,sps,607.0
698368,kl_beta,2.0
698697,episodic_return,1123.0431765457743
698697,episodic_length,1000.0
699698,episodic_return,1147.2870419960545
699698,episodic_length,1000.0
700416,value_loss,0.026392783969640732
700416,policy_loss,-0.017512649297714233
700416,approx_kl,0.008089002221822739
700416,clipfrac,0.054638671875
700416,explained_variance,0.09630012512207031
700416,sps,607.0
700416,kl_beta,2.0
700699,episodic_return,1109.8699612732516
700699,episodic_length,1000.0
701700,episodic_return,1154.1951748568947
701700,episodic_length,1000.0
702464,value_loss,0.00402411725372076
702464,policy_loss,-0.008409762755036354
702464,approx_kl,0.0038883453235030174
702464,clipfrac,0.0486328125
702464,explained_variance,0.10765904188156128
702464,sps,607.0
702464,kl_beta,1.0
702701,episodic_return,1264.5312408374677
702701,episodic_length,1000.0
703702,episodic_return,1090.4313386116487
703702,episodic_length,1000.0
704512,value_loss,0.004584852606058121
704512,policy_loss,-0.00853098463267088
704512,approx_kl,0.014765230007469654
704512,clipfrac,0.12412109375
704512,explained_variance,0.07890194654464722
704512,sps,608.0
704512,kl_beta,1.0
704703,episodic_return,1177.1646632589923
704703,episodic_length,1000.0
705704,episodic_return,1185.0876020064024
705704,episodic_length,1000.0
706560,value_loss,0.07712522149085999
706560,policy_loss,-0.06832532584667206
706560,approx_kl,0.02045893669128418
706560,clipfrac,0.1205078125
706560,explained_variance,0.0922006368637085
706560,sps,608.0
706560,kl_beta,2.0
706705,episodic_return,1144.6824300502476
706705,episodic_length,1000.0
707706,episodic_return,1139.8971430464737
707706,episodic_length,1000.0
708608,value_loss,0.008723389357328415
708608,policy_loss,-0.011756150051951408
708608,approx_kl,0.00684343371540308
708608,clipfrac,0.049951171875
708608,explained_variance,0.09592849016189575
708608,sps,608.0
708608,kl_beta,2.0
708707,episodic_return,1127.1783608080475
708707,episodic_length,1000.0
709708,episodic_return,1231.2136661237496
709708,episodic_length,1000.0
710656,value_loss,0.019570810720324516
710656,policy_loss,-0.02107306569814682
710656,approx_kl,0.0049271658062934875
710656,clipfrac,0.03955078125
710656,explained_variance,0.08910423517227173
710656,sps,608.0
710656,kl_beta,1.0
710709,episodic_return,1150.201365094877
710709,episodic_length,1000.0
711710,episodic_return,1109.641992575936
711710,episodic_length,1000.0
712704,value_loss,0.06282268464565277
712704,policy_loss,-0.04408024623990059
712704,approx_kl,0.01818406954407692
712704,clipfrac,0.17587890625
712704,explained_variance,0.10077619552612305
712704,sps,608.0
712704,kl_beta,2.0
712711,episodic_return,1170.1051549658657
712711,episodic_length,1000.0
713712,episodic_return,1213.4691581507707
713712,episodic_length,1000.0
714713,episodic_return,1195.0820576784351
714713,episodic_length,1000.0
714752,value_loss,0.03374068811535835
714752,policy_loss,-0.006491584703326225
714752,approx_kl,0.0061284014955163
714752,clipfrac,0.0416015625
714752,explained_variance,0.08483690023422241
714752,sps,608.0
714752,kl_beta,1.0
715714,episodic_return,1128.429689225371
715714,episodic_length,1000.0
716715,episodic_return,1165.001611954639
716715,episodic_length,1000.0
716800,value_loss,0.033618759363889694
716800,policy_loss,-0.05169202387332916
716800,approx_kl,0.016078000888228416
716800,clipfrac,0.15498046875
716800,explained_variance,0.13097798824310303
716800,sps,608.0
716800,kl_beta,2.0
717716,episodic_return,1197.1150941569367
717716,episodic_length,1000.0
718717,episodic_return,1191.7427656354307
718717,episodic_length,1000.0
718848,value_loss,0.024087313562631607
718848,policy_loss,-0.006088858470320702
718848,approx_kl,0.00585222989320755
718848,clipfrac,0.05166015625
718848,explained_variance,0.08723914623260498
718848,sps,608.0
718848,kl_beta,1.0
719718,episodic_return,1206.220999627006
719718,episodic_length,1000.0
720719,episodic_return,1247.3496415125858
720719,episodic_length,1000.0
720896,value_loss,0.05785960704088211
720896,policy_loss,-0.07975523173809052
720896,approx_kl,0.02141343057155609
720896,clipfrac,0.162451171875
720896,explained_variance,0.08373022079467773
720896,sps,608.0
720896,kl_beta,2.0
721720,episodic_return,1204.7470328905956
721720,episodic_length,1000.0
722721,episodic_return,1193.6151832816981
722721,episodic_length,1000.0
722944,value_loss,0.04580995440483093
722944,policy_loss,-0.020314862951636314
722944,approx_kl,0.006322612054646015
722944,clipfrac,0.04208984375
722944,explained_variance,0.11434447765350342
722944,sps,608.0
722944,kl_beta,1.0
723722,episodic_return,1169.9018446704163
723722,episodic_length,1000.0
724723,episodic_return,1207.9450107347207
724723,episodic_length,1000.0
724992,value_loss,0.05077018216252327
724992,policy_loss,-0.060322266072034836
724992,approx_kl,0.01547608058899641
724992,clipfrac,0.12607421875
724992,explained_variance,0.08861947059631348
724992,sps,608.0
724992,kl_beta,2.0
725724,episodic_return,1152.1708307018507
725724,episodic_length,1000.0
726725,episodic_return,1125.8887895115715
726725,episodic_length,1000.0
727040,value_loss,0.02111673913896084
727040,policy_loss,-0.024765511974692345
727040,approx_kl,0.009791203774511814
727040,clipfrac,0.038623046875
727040,explained_variance,0.12768495082855225
727040,sps,608.0
727040,kl_beta,2.0
727726,episodic_return,1183.2177677740349
727726,episodic_length,1000.0
728727,episodic_return,1168.211376086499
728727,episodic_length,1000.0
729088,value_loss,0.008353980258107185
729088,policy_loss,-0.0010143648833036423
729088,approx_kl,0.0072148265317082405
729088,clipfrac,0.03759765625
729088,explained_variance,0.19814079999923706
729088,sps,608.0
729088,kl_beta,2.0
729728,episodic_return,1079.654549782446
729728,episodic_length,1000.0
730729,episodic_return,1136.070427623759
730729,episodic_length,1000.0
731136,value_loss,0.00489140534773469
731136,policy_loss,-0.014080043882131577
731136,approx_kl,0.005283869802951813
731136,clipfrac,0.037353515625
731136,explained_variance,0.22345924377441406
731136,sps,608.0
731136,kl_beta,1.0
731730,episodic_return,1129.6990112407043
731730,episodic_length,1000.0
732731,episodic_return,1165.9214593120041
732731,episodic_length,1000.0
733184,value_loss,0.010540822520852089
733184,policy_loss,-0.05294148623943329
733184,approx_kl,0.014592932537198067
733184,clipfrac,0.11796875
733184,explained_variance,0.09419679641723633
733184,sps,608.0
733184,kl_beta,1.0
733732,episodic_return,1146.7502028206836
733732,episodic_length,1000.0
734733,episodic_return,1183.7064547876967
734733,episodic_length,1000.0
735232,value_loss,0.0720062106847763
735232,policy_loss,-0.03721657022833824
735232,approx_kl,0.01001740712672472
735232,clipfrac,0.09501953125
735232,explained_variance,0.1321893334388733
735232,sps,608.0
735232,kl_beta,1.0
735734,episodic_return,1142.1063096160951
735734,episodic_length,1000.0
736735,episodic_return,1198.537305334487
736735,episodic_length,1000.0
737280,value_loss,0.005837206728756428
737280,policy_loss,-0.04116637259721756
737280,approx_kl,0.01316108275204897
737280,clipfrac,0.125927734375
737280,explained_variance,0.07958805561065674
737280,sps,608.0
737280,kl_beta,1.0
737736,episodic_return,1259.7771739159775
737736,episodic_length,1000.0
738737,episodic_return,1132.8971194922333
738737,episodic_length,1000.0
739328,value_loss,0.013639058917760849
739328,policy_loss,-0.04749765992164612
739328,approx_kl,0.014619098976254463
739328,clipfrac,0.12939453125
739328,explained_variance,0.16257601976394653
739328,sps,608.0
739328,kl_beta,1.0
739738,episodic_return,1239.152966408048
739738,episodic_length,1000.0
740739,episodic_return,1162.6922239894982
740739,episodic_length,1000.0
741376,value_loss,0.007649935781955719
741376,policy_loss,-0.0026656612753868103
741376,approx_kl,0.01719621568918228
741376,clipfrac,0.103857421875
741376,explained_variance,0.07713073492050171
741376,sps,608.0
741376,kl_beta,2.0
741740,episodic_return,1266.8173504464255
741740,episodic_length,1000.0
742741,episodic_return,1128.0166022459298
742741,episodic_length,1000.0
743424,value_loss,0.010588886216282845
743424,policy_loss,-0.013465479016304016
743424,approx_kl,0.0059185996651649475
743424,clipfrac,0.0572265625
743424,explained_variance,0.18089795112609863
743424,sps,608.0
743424,kl_beta,1.0
743742,episodic_return,1264.6795428325709
743742,episodic_length,1000.0
744743,episodic_return,1152.9835048199986
744743,episodic_length,1000.0
745472,value_loss,0.04387436434626579
745472,policy_loss,-0.03710472211241722
745472,approx_kl,0.011137220077216625
745472,clipfrac,0.1470703125
745472,explained_variance,0.1300867199897766
745472,sps,608.0
745472,kl_beta,1.0
745744,episodic_return,1193.9698962537827
745744,episodic_length,1000.0
746745,episodic_return,1203.102728089783
746745,episodic_length,1000.0
747520,value_loss,0.010860426351428032
747520,policy_loss,-0.013360599055886269
747520,approx_kl,0.020137010142207146
747520,clipfrac,0.114453125
747520,explained_variance,0.13898158073425293
747520,sps,608.0
747520,kl_beta,2.0
747746,episodic_return,1193.1938396589646
747746,episodic_length,1000.0
748747,episodic_return,1214.0207201597211
748747,episodic_length,1000.0
749568,value_loss,0.048208221793174744
749568,policy_loss,-0.040349915623664856
749568,approx_kl,0.00787974800914526
749568,clipfrac,0.03759765625
749568,explained_variance,0.3041514754295349
749568,sps,608.0
749568,kl_beta,2.0
749748,episodic_return,1104.015155874201
749748,episodic_length,1000.0
750749,episodic_return,1126.75848755491
750749,episodic_length,1000.0
751616,value_loss,0.013605797663331032
751616,policy_loss,-0.02802060917019844
751616,approx_kl,0.00713794119656086
751616,clipfrac,0.0419921875
751616,explained_variance,0.10678309202194214
751616,sps,608.0
751616,kl_beta,2.0
751750,episodic_return,1201.142637046962
751750,episodic_length,1000.0
752751,episodic_return,1158.6683718861646
752751,episodic_length,1000.0
753664,value_loss,0.04623217135667801
753664,policy_loss,-0.00204373337328434
753664,approx_kl,0.004975189454853535
753664,clipfrac,0.036572265625
753664,explained_variance,0.11379283666610718
753664,sps,608.0
753664,kl_beta,1.0
753752,episodic_return,1101.198610310962
753752,episodic_length,1000.0
754753,episodic_return,1211.2379728109527
754753,episodic_length,1000.0
755712,value_loss,0.009715584106743336
755712,policy_loss,-0.023086152970790863
755712,approx_kl,0.01826438307762146
755712,clipfrac,0.119287109375
755712,explained_variance,0.11686336994171143
755712,sps,609.0
755712,kl_beta,2.0
755754,episodic_return,1202.1116871792274
755754,episodic_length,1000.0
756755,episodic_return,1164.0325240287582
756755,episodic_length,1000.0
757756,episodic_return,1133.4561683160161
757756,episodic_length,1000.0
757760,value_loss,0.010536778718233109
757760,policy_loss,-0.002866910770535469
757760,approx_kl,0.006292869336903095
757760,clipfrac,0.05107421875
757760,explained_variance,0.12482047080993652
757760,sps,609.0
757760,kl_beta,1.0
758757,episodic_return,1196.6488726544762
758757,episodic_length,1000.0
759758,episodic_return,1172.2425399238434
759758,episodic_length,1000.0
759808,value_loss,0.03822110965847969
759808,policy_loss,-0.032633617520332336
759808,approx_kl,0.009896811097860336
759808,clipfrac,0.124609375
759808,explained_variance,0.165615975856781
759808,sps,609.0
759808,kl_beta,1.0
760759,episodic_return,1240.1318262254613
760759,episodic_length,1000.0
761760,episodic_return,1124.3979194392823
761760,episodic_length,1000.0
761856,value_loss,0.04880591109395027
761856,policy_loss,-0.0002464987337589264
761856,approx_kl,0.017999883741140366
761856,clipfrac,0.107958984375
761856,explained_variance,0.13832378387451172
761856,sps,609.0
761856,kl_beta,2.0
762761,episodic_return,1195.8503922614077
762761,episodic_length,1000.0
763762,episodic_return,1193.1813272194022
763762,episodic_length,1000.0
763904,value_loss,0.0869026705622673
763904,policy_loss,-0.042714811861515045
763904,approx_kl,0.005304117687046528
763904,clipfrac,0.03408203125
763904,explained_variance,0.1132848858833313
763904,sps,608.0
763904,kl_beta,1.0
764763,episodic_return,1207.5607620496962
764763,episodic_length,1000.0
765764,episodic_return,1243.301735011679
765764,episodic_length,1000.0
765952,value_loss,0.026783742010593414
765952,policy_loss,-0.0461236834526062
765952,approx_kl,0.011031495407223701
765952,clipfrac,0.15458984375
765952,explained_variance,0.12357723712921143
765952,sps,608.0
765952,kl_beta,1.0
766765,episodic_return,1112.782151889611
766765,episodic_length,1000.0
767766,episodic_return,1240.8147375284434
767766,episodic_length,1000.0
768000,value_loss,0.004493847489356995
768000,policy_loss,-0.0040144408121705055
768000,approx_kl,0.011257077567279339
768000,clipfrac,0.130078125
768000,explained_variance,0.19435054063796997
768000,sps,609.0
768000,kl_beta,1.0
768767,episodic_return,1144.7353645757555
768767,episodic_length,1000.0
769768,episodic_return,1104.3694411523434
769768,episodic_length,1000.0
770048,value_loss,0.014732279814779758
770048,policy_loss,-0.019628966227173805
770048,approx_kl,0.014490684494376183
770048,clipfrac,0.119580078125
770048,explained_variance,0.06856542825698853
770048,sps,609.0
770048,kl_beta,1.0
770769,episodic_return,1190.2464374408853
770769,episodic_length,1000.0
771770,episodic_return,1191.5143725616795
771770,episodic_length,1000.0
772096,value_loss,0.04271227493882179
772096,policy_loss,-0.026724470779299736
772096,approx_kl,0.01281326450407505
772096,clipfrac,0.120458984375
772096,explained_variance,0.13107675313949585
772096,sps,609.0
772096,kl_beta,1.0
772771,episodic_return,1189.943906974397
772771,episodic_length,1000.0
773772,episodic_return,1264.8811998767167
773772,episodic_length,1000.0
774144,value_loss,0.0905928909778595
774144,policy_loss,-0.030112387612462044
774144,approx_kl,0.009068584069609642
774144,clipfrac,0.0888671875
774144,explained_variance,0.053282856941223145
774144,sps,608.0
774144,kl_beta,1.0
774773,episodic_return,1251.3797871997908
774773,episodic_length,1000.0
775774,episodic_return,1187.1134126561017
775774,episodic_length,1000.0
776192,value_loss,0.00459524430334568
776192,policy_loss,-0.03895270824432373
776192,approx_kl,0.015363424085080624
776192,clipfrac,0.1029296875
776192,explained_variance,0.27963095903396606
776192,sps,609.0
776192,kl_beta,2.0
776775,episodic_return,1127.8174729551884
776775,episodic_length,1000.0
777776,episodic_return,1158.8174040222764
777776,episodic_length,1000.0
778240,value_loss,0.0550534762442112
778240,policy_loss,-0.03522757813334465
778240,approx_kl,0.005675239488482475
778240,clipfrac,0.03349609375
778240,explained_variance,0.20747745037078857
778240,sps,608.0
778240,kl_beta,1.0
778777,episodic_return,1172.4092983513005
778777,episodic_length,1000.0
779778,episodic_return,1195.3009292347206
779778,episodic_length,1000.0
780288,value_loss,0.03173987194895744
780288,policy_loss,-0.024492982774972916
780288,approx_kl,0.014226297847926617
780288,clipfrac,0.11591796875
780288,explained_variance,0.1648402214050293
780288,sps,608.0
780288,kl_beta,1.0
780779,episodic_return,1135.5639108682026
780779,episodic_length,1000.0
781780,episodic_return,1207.2807541709183
781780,episodic_length,1000.0
782336,value_loss,0.013344650156795979
782336,policy_loss,-0.0428866483271122
782336,approx_kl,0.013930663466453552
782336,clipfrac,0.119091796875
782336,explained_variance,0.08849209547042847
782336,sps,608.0
782336,kl_beta,1.0
782781,episodic_return,1161.643687586747
782781,episodic_length,1000.0
783782,episodic_return,1193.0444987540827
783782,episodic_length,1000.0
784384,value_loss,0.07888667285442352
784384,policy_loss,-0.03126293420791626
784384,approx_kl,0.012294264510273933
784384,clipfrac,0.101953125
784384,explained_variance,0.12759160995483398
784384,sps,608.0
784384,kl_beta,1.0
784783,episodic_return,1219.5342488536858
784783,episodic_length,1000.0
785784,episodic_return,1172.7294225985179
785784,episodic_length,1000.0
786432,value_loss,0.004726088605821133
786432,policy_loss,-0.023101285099983215
786432,approx_kl,0.020772308111190796
786432,clipfrac,0.143310546875
786432,explained_variance,0.16363167762756348
786432,sps,608.0
786432,kl_beta,2.0
786785,episodic_return,1201.5084935647606
786785,episodic_length,1000.0
787786,episodic_return,1209.671063575989
787786,episodic_length,1000.0
788480,value_loss,0.015924636274576187
788480,policy_loss,-0.028412220999598503
788480,approx_kl,0.007006083615124226
788480,clipfrac,0.035546875
788480,explained_variance,0.06687319278717041
788480,sps,607.0
788480,kl_beta,2.0
788787,episodic_return,1182.959050585519
788787,episodic_length,1000.0
789788,episodic_return,1207.5822301383273
789788,episodic_length,1000.0
790528,value_loss,0.003616325557231903
790528,policy_loss,-0.022393299266695976
790528,approx_kl,0.005368092097342014
790528,clipfrac,0.02783203125
790528,explained_variance,0.11088627576828003
790528,sps,607.0
790528,kl_beta,1.0
790789,episodic_return,1197.6903553481359
790789,episodic_length,1000.0
791790,episodic_return,1192.8821618903694
791790,episodic_length,1000.0
792576,value_loss,0.02697823941707611
792576,policy_loss,-0.05647719278931618
792576,approx_kl,0.014588091522455215
792576,clipfrac,0.11142578125
792576,explained_variance,0.11036574840545654
792576,sps,607.0
792576,kl_beta,1.0
792791,episodic_return,1164.5073608898701
792791,episodic_length,1000.0
793792,episodic_return,1270.9717159871375
793792,episodic_length,1000.0
794624,value_loss,0.026987001299858093
794624,policy_loss,-0.01820807158946991
794624,approx_kl,0.008694103918969631
794624,clipfrac,0.0978515625
794624,explained_variance,0.06327861547470093
794624,sps,607.0
794624,kl_beta,1.0
794793,episodic_return,1179.1615198161337
794793,episodic_length,1000.0
795794,episodic_return,1200.8751728810178
795794,episodic_length,1000.0
796672,value_loss,0.0461856946349144
796672,policy_loss,-0.045959923416376114
796672,approx_kl,0.019961129873991013
796672,clipfrac,0.094775390625
796672,explained_variance,0.055580735206604004
796672,sps,607.0
796672,kl_beta,2.0
796795,episodic_return,1158.22538815258
796795,episodic_length,1000.0
797796,episodic_return,1126.3367353466579
797796,episodic_length,1000.0
798720,value_loss,0.018692338839173317
798720,policy_loss,-0.017959659919142723
798720,approx_kl,0.003240213729441166
798720,clipfrac,0.0267578125
798720,explained_variance,0.19565415382385254
798720,sps,607.0
798720,kl_beta,1.0
798797,episodic_return,1163.5898398152908
798797,episodic_length,1000.0
799798,episodic_return,1205.2573393435787
799798,episodic_length,1000.0
800768,value_loss,0.05496641620993614
800768,policy_loss,-0.020977549254894257
800768,approx_kl,0.008865014649927616
800768,clipfrac,0.08359375
800768,explained_variance,0.19618123769760132
800768,sps,607.0
800768,kl_beta,1.0
800799,episodic_return,1192.9422918358546
800799,episodic_length,1000.0
801800,episodic_return,1163.697497921889
801800,episodic_length,1000.0
802801,episodic_return,1160.1312807228267
802801,episodic_length,1000.0
802816,value_loss,0.026889827102422714
802816,policy_loss,-0.03042827919125557
802816,approx_kl,0.014269118197262287
802816,clipfrac,0.101416015625
802816,explained_variance,0.11966133117675781
802816,sps,607.0
802816,kl_beta,1.0
803802,episodic_return,1106.0913367679104
803802,episodic_length,1000.0
804803,episodic_return,1204.6005829780195
804803,episodic_length,1000.0
804864,value_loss,0.04247225821018219
804864,policy_loss,-0.04014315456151962
804864,approx_kl,0.007189460098743439
804864,clipfrac,0.08203125
804864,explained_variance,0.1558127999305725
804864,sps,607.0
804864,kl_beta,1.0
805804,episodic_return,1157.6755318056585
805804,episodic_length,1000.0
806805,episodic_return,1273.145577044735
806805,episodic_length,1000.0
806912,value_loss,0.0116033423691988
806912,policy_loss,-0.03136847913265228
806912,approx_kl,0.02056698501110077
806912,clipfrac,0.11376953125
806912,explained_variance,0.16327863931655884
806912,sps,607.0
806912,kl_beta,2.0
807806,episodic_return,1216.2236616594064
807806,episodic_length,1000.0
808807,episodic_return,1185.7269125238174
808807,episodic_length,1000.0
808960,value_loss,0.07131719589233398
808960,policy_loss,-0.041945092380046844
808960,approx_kl,0.010088731534779072
808960,clipfrac,0.0236328125
808960,explained_variance,0.09291911125183105
808960,sps,607.0
808960,kl_beta,2.0
809808,episodic_return,1137.235691880768
809808,episodic_length,1000.0
810809,episodic_return,1216.0604408104007
810809,episodic_length,1000.0
811008,value_loss,0.01568775624036789
811008,policy_loss,-0.026360036805272102
811008,approx_kl,0.0087020518258214
811008,clipfrac,0.040380859375
811008,explained_variance,0.10458654165267944
811008,sps,607.0
811008,kl_beta,2.0
811810,episodic_return,1064.5861056428932
811810,episodic_length,1000.0
812811,episodic_return,1164.1469609935373
812811,episodic_length,1000.0
813056,value_loss,0.015037791803479195
813056,policy_loss,-0.03559085726737976
813056,approx_kl,0.004340876825153828
813056,clipfrac,0.019921875
813056,explained_variance,0.13025802373886108
813056,sps,607.0
813056,kl_beta,1.0
813812,episodic_return,1196.0436543418773
813812,episodic_length,1000.0
814813,episodic_return,1158.9212374108122
814813,episodic_length,1000.0
815104,value_loss,0.003766852430999279
815104,policy_loss,-0.036072324961423874
815104,approx_kl,0.010020055808126926
815104,clipfrac,0.07470703125
815104,explained_variance,0.15621572732925415
815104,sps,607.0
815104,kl_beta,1.0
815814,episodic_return,1108.5592625231552
815814,episodic_length,1000.0
816815,episodic_return,1272.4341319111818
816815,episodic_length,1000.0
817152,value_loss,0.04949275776743889
817152,policy_loss,-0.026243172585964203
817152,approx_kl,0.009688305668532848
817152,clipfrac,0.074560546875
817152,explained_variance,0.06963557004928589
817152,sps,607.0
817152,kl_beta,1.0
817816,episodic_return,1278.9330061038777
817816,episodic_length,1000.0
818817,episodic_return,1222.7368030091584
818817,episodic_length,1000.0
819200,value_loss,0.04672941192984581
819200,policy_loss,-0.07489506155252457
819200,approx_kl,0.013894840143620968
819200,clipfrac,0.0708984375
819200,explained_variance,0.10213601589202881
819200,sps,607.0
819200,kl_beta,1.0
819818,episodic_return,1257.7682740072564
819818,episodic_length,1000.0
820819,episodic_return,1168.337802959379
820819,episodic_length,1000.0
821248,value_loss,0.05200672894716263
821248,policy_loss,-0.023700188845396042
821248,approx_kl,0.009157759137451649
821248,clipfrac,0.062841796875
821248,explained_variance,0.05244612693786621
821248,sps,607.0
821248,kl_beta,1.0
821820,episodic_return,1182.2564172274108
821820,episodic_length,1000.0
822821,episodic_return,1199.7647280405447
822821,episodic_length,1000.0
823296,value_loss,0.034425877034664154
823296,policy_loss,-0.03084956854581833
823296,approx_kl,0.017639875411987305
823296,clipfrac,0.1400390625
823296,explained_variance,0.09315884113311768
823296,sps,607.0
823296,kl_beta,2.0
823822,episodic_return,1283.5793377315015
823822,episodic_length,1000.0
824823,episodic_return,1231.9141819651338
824823,episodic_length,1000.0
825344,value_loss,0.04828930273652077
825344,policy_loss,-0.010597633197903633
825344,approx_kl,0.007515395991504192
825344,clipfrac,0.026708984375
825344,explained_variance,0.11531656980514526
825344,sps,607.0
825344,kl_beta,2.0
825824,episodic_return,1192.892920383494
825824,episodic_length,1000.0
826825,episodic_return,1241.8215483076565
826825,episodic_length,1000.0
827392,value_loss,0.033699847757816315
827392,policy_loss,-0.014652697369456291
827392,approx_kl,0.0034357262775301933
827392,clipfrac,0.03330078125
827392,explained_variance,0.10495609045028687
827392,sps,607.0
827392,kl_beta,1.0
827826,episodic_return,1158.2586123173571
827826,episodic_length,1000.0
828827,episodic_return,1209.285110048598
828827,episodic_length,1000.0
829440,value_loss,0.01847202517092228
829440,policy_loss,-0.02180849388241768
829440,approx_kl,0.009178102016448975
829440,clipfrac,0.06630859375
829440,explained_variance,0.12811464071273804
829440,sps,607.0
829440,kl_beta,1.0
829828,episodic_return,1226.255543895188
829828,episodic_length,1000.0
830829,episodic_return,1130.0957411556865
830829,episodic_length,1000.0
831488,value_loss,0.04714672639966011
831488,policy_loss,-0.01587466523051262
831488,approx_kl,0.007646023295819759
831488,clipfrac,0.070849609375
831488,explained_variance,0.11568880081176758
831488,sps,607.0
831488,kl_beta,1.0
831830,episodic_return,1200.398547492976
831830,episodic_length,1000.0
832831,episodic_return,1248.7287445650873
832831,episodic_length,1000.0
833536,value_loss,0.01687387004494667
833536,policy_loss,-0.029446136206388474
833536,approx_kl,0.013388938270509243
833536,clipfrac,0.08994140625
833536,explained_variance,0.115231454372406
833536,sps,607.0
833536,kl_beta,1.0
833832,episodic_return,1198.9155816479563
833832,episodic_length,1000.0
834833,episodic_return,1192.7046827703386
834833,episodic_length,1000.0
835584,value_loss,0.005938373506069183
835584,policy_loss,-0.006903047673404217
835584,approx_kl,0.009915183298289776
835584,clipfrac,0.069677734375
835584,explained_variance,0.14807015657424927
835584,sps,608.0
835584,kl_beta,1.0
835834,episodic_return,1136.3577541049963
835834,episodic_length,1000.0
836835,episodic_return,1209.4414664181872
836835,episodic_length,1000.0
837632,value_loss,0.0044307769276201725
837632,policy_loss,-0.0039465539157390594
837632,approx_kl,0.006407368928194046
837632,clipfrac,0.04599609375
837632,explained_variance,0.12219405174255371
837632,sps,608.0
837632,kl_beta,0.5
837836,episodic_return,1198.059649512823
837836,episodic_length,1000.0
838837,episodic_return,1217.795894387572
838837,episodic_length,1000.0
839680,value_loss,0.01697923056781292
839680,policy_loss,-0.04327820986509323
839680,approx_kl,0.03056710585951805
839680,clipfrac,0.26728515625
839680,explained_variance,0.10642737150192261
839680,sps,608.0
839680,kl_beta,1.0
839838,episodic_return,1261.0138866868153
839838,episodic_length,1000.0
840839,episodic_return,1199.4966563287599
840839,episodic_length,1000.0
841728,value_loss,0.004733550362288952
841728,policy_loss,-0.02520589530467987
841728,approx_kl,0.010269696824252605
841728,clipfrac,0.058642578125
841728,explained_variance,0.18203043937683105
841728,sps,608.0
841728,kl_beta,1.0
841840,episodic_return,1205.0337884721152
841840,episodic_length,1000.0
842841,episodic_return,1220.1418906194774
842841,episodic_length,1000.0
843776,value_loss,0.023748498409986496
843776,policy_loss,-0.013747863471508026
843776,approx_kl,0.008816264569759369
843776,clipfrac,0.092822265625
843776,explained_variance,0.062024474143981934
843776,sps,608.0
843776,kl_beta,1.0
843842,episodic_return,1189.1049486456393
843842,episodic_length,1000.0
844843,episodic_return,1222.3836994007686
844843,episodic_length,1000.0
845824,value_loss,0.004386449698358774
845824,policy_loss,-0.013797377236187458
845824,approx_kl,0.00592793058604002
845824,clipfrac,0.064404296875
845824,explained_variance,0.1074671745300293
845824,sps,608.0
845824,kl_beta,0.5
845844,episodic_return,1287.813425080762
845844,episodic_length,1000.0
846845,episodic_return,1167.3485685487126
846845,episodic_length,1000.0
847846,episodic_return,1228.9623872090622
847846,episodic_length,1000.0
847872,value_loss,0.036884769797325134
847872,policy_loss,-0.031822770833969116
847872,approx_kl,0.028711911290884018
847872,clipfrac,0.174755859375
847872,explained_variance,0.07860255241394043
847872,sps,608.0
847872,kl_beta,1.0
848847,episodic_return,1220.1629809709273
848847,episodic_length,1000.0
849848,episodic_return,1181.1855556529426
849848,episodic_length,1000.0
849920,value_loss,0.010830409824848175
849920,policy_loss,0.021887846291065216
849920,approx_kl,0.00833349023014307
849920,clipfrac,0.063916015625
849920,explained_variance,0.07158780097961426
849920,sps,607.0
849920,kl_beta,1.0
850849,episodic_return,1195.9815199389686
850849,episodic_length,1000.0
851850,episodic_return,1214.0223864864074
851850,episodic_length,1000.0
851968,value_loss,0.018575675785541534
851968,policy_loss,-0.03051442839205265
851968,approx_kl,0.008875450119376183
851968,clipfrac,0.05029296875
851968,explained_variance,0.12655282020568848
851968,sps,607.0
851968,kl_beta,1.0
852851,episodic_return,1263.4206559393058
852851,episodic_length,1000.0
853852,episodic_return,1220.2512555598605
853852,episodic_length,1000.0
854016,value_loss,0.0030990862287580967
854016,policy_loss,-0.010012087412178516
854016,approx_kl,0.01125356461852789
854016,clipfrac,0.054833984375
854016,explained_variance,0.05431336164474487
854016,sps,607.0
854016,kl_beta,1.0
854853,episodic_return,1135.1024167451087
854853,episodic_length,1000.0
855854,episodic_return,1180.486378967906
855854,episodic_length,1000.0
856064,value_loss,0.01113809458911419
856064,policy_loss,-0.030654164031147957
856064,approx_kl,0.00708145834505558
856064,clipfrac,0.067626953125
856064,explained_variance,0.22296780347824097
856064,sps,607.0
856064,kl_beta,1.0
856855,episodic_return,1107.8412402934364
856855,episodic_length,1000.0
857856,episodic_return,1213.2929695436433
857856,episodic_length,1000.0
858112,value_loss,0.007516695186495781
858112,policy_loss,-0.026586731895804405
858112,approx_kl,0.007306205108761787
858112,clipfrac,0.044189453125
858112,explained_variance,0.050128817558288574
858112,sps,607.0
858112,kl_beta,1.0
858857,episodic_return,1190.5626926235927
858857,episodic_length,1000.0
859858,episodic_return,1211.513447001176
859858,episodic_length,1000.0
860160,value_loss,0.02629595436155796
860160,policy_loss,-0.015004454180598259
860160,approx_kl,0.011097325012087822
860160,clipfrac,0.0701171875
860160,explained_variance,0.05405789613723755
860160,sps,607.0
860160,kl_beta,1.0
860859,episodic_return,1181.393072340919
860859,episodic_length,1000.0
861860,episodic_return,1224.4894885911403
861860,episodic_length,1000.0
862208,value_loss,0.02963854931294918
862208,policy_loss,-0.04196688160300255
862208,approx_kl,0.009331420063972473
862208,clipfrac,0.073291015625
862208,explained_variance,0.127269446849823
862208,sps,607.0
862208,kl_beta,1.0
862861,episodic_return,1245.97935347032
862861,episodic_length,1000.0
863862,episodic_return,1187.5596214814693
863862,episodic_length,1000.0
864256,value_loss,0.03513538837432861
864256,policy_loss,-0.023749765008687973
864256,approx_kl,0.011337566189467907
864256,clipfrac,0.067431640625
864256,explained_variance,0.1269487738609314
864256,sps,607.0
864256,kl_beta,1.0
864863,episodic_return,1238.4201070369081
864863,episodic_length,1000.0
865864,episodic_return,1227.5129893148187
865864,episodic_length,1000.0
866304,value_loss,0.031226933002471924
866304,policy_loss,-0.036109231412410736
866304,approx_kl,0.009832173585891724
866304,clipfrac,0.080517578125
866304,explained_variance,0.1472456455230713
866304,sps,607.0
866304,kl_beta,1.0
866865,episodic_return,1131.5948203010907
866865,episodic_length,1000.0
867866,episodic_return,1257.1056889482456
867866,episodic_length,1000.0
868352,value_loss,0.06189541891217232
868352,policy_loss,-0.03164611756801605
868352,approx_kl,0.010374732315540314
868352,clipfrac,0.056005859375
868352,explained_variance,0.250852108001709
868352,sps,607.0
868352,kl_beta,1.0
868867,episodic_return,1117.3196607179375
868867,episodic_length,1000.0
869868,episodic_return,1218.631566562823
869868,episodic_length,1000.0
870400,value_loss,0.040237732231616974
870400,policy_loss,-0.0339704193174839
870400,approx_kl,0.008866786025464535
870400,clipfrac,0.067236328125
870400,explained_variance,0.17167168855667114
870400,sps,608.0
870400,kl_beta,1.0
870869,episodic_return,1233.205450613588
870869,episodic_length,1000.0
871870,episodic_return,1202.4743422957529
871870,episodic_length,1000.0
872448,value_loss,0.0038564784917980433
872448,policy_loss,-0.030600186437368393
872448,approx_kl,0.008503034710884094
872448,clipfrac,0.05908203125
872448,explained_variance,0.09224534034729004
872448,sps,608.0
872448,kl_beta,1.0
872871,episodic_return,1164.877682259977
872871,episodic_length,1000.0
873872,episodic_return,1291.904024829522
873872,episodic_length,1000.0
874496,value_loss,0.03145495429635048
874496,policy_loss,-0.03023766353726387
874496,approx_kl,0.007249083369970322
874496,clipfrac,0.052783203125
874496,explained_variance,0.1396450400352478
874496,sps,608.0
874496,kl_beta,1.0
874873,episodic_return,1163.486398391201
874873,episodic_length,1000.0
875874,episodic_return,1230.9024592915814
875874,episodic_length,1000.0
876544,value_loss,0.05207221582531929
876544,policy_loss,-0.03461593762040138
876544,approx_kl,0.009811113588511944
876544,clipfrac,0.07353515625
876544,explained_variance,0.14120471477508545
876544,sps,608.0
876544,kl_beta,1.0
876875,episodic_return,1212.338861210753
876875,episodic_length,1000.0
877876,episodic_return,1211.993627903134
877876,episodic_length,1000.0
878592,value_loss,0.03916681185364723
878592,policy_loss,-0.026784643530845642
878592,approx_kl,0.007487245835363865
878592,clipfrac,0.05986328125
878592,explained_variance,0.08671396970748901
878592,sps,608.0
878592,kl_beta,1.0
878877,episodic_return,1206.6398844793084
878877,episodic_length,1000.0
879878,episodic_return,1195.5882038843786
879878,episodic_length,1000.0
880640,value_loss,0.028892606496810913
880640,policy_loss,-0.030793268233537674
880640,approx_kl,0.011249040253460407
880640,clipfrac,0.057666015625
880640,explained_variance,0.09332698583602905
880640,sps,608.0
880640,kl_beta,1.0
880879,episodic_return,1177.2720061689192
880879,episodic_length,1000.0
881880,episodic_return,1209.3564684089001
881880,episodic_length,1000.0
882688,value_loss,0.030888143926858902
882688,policy_loss,-0.05826634541153908
882688,approx_kl,0.010191019624471664
882688,clipfrac,0.05791015625
882688,explained_variance,0.10158133506774902
882688,sps,608.0
882688,kl_beta,1.0
882881,episodic_return,1225.1600245461998
882881,episodic_length,1000.0
883882,episodic_return,1257.1613155847606
883882,episodic_length,1000.0
884736,value_loss,0.005257833749055862
884736,policy_loss,-0.0402584932744503
884736,approx_kl,0.006688278168439865
884736,clipfrac,0.043701171875
884736,explained_variance,0.10429006814956665
884736,sps,608.0
884736,kl_beta,1.0
884883,episodic_return,1230.4698345738063
884883,episodic_length,1000.0
885884,episodic_return,1202.8581029188638
885884,episodic_length,1000.0
886784,value_loss,0.03037850186228752
886784,policy_loss,-0.031194431707262993
886784,approx_kl,0.008578019216656685
886784,clipfrac,0.038134765625
886784,explained_variance,0.07078945636749268
886784,sps,608.0
886784,kl_beta,1.0
886885,episodic_return,1177.1002546203886
886885,episodic_length,1000.0
887886,episodic_return,1261.3202131637786
887886,episodic_length,1000.0
888832,value_loss,0.011371735483407974
888832,policy_loss,-0.016304459422826767
888832,approx_kl,0.007178071886301041
888832,clipfrac,0.054248046875
888832,explained_variance,0.1921188235282898
888832,sps,608.0
888832,kl_beta,1.0
888887,episodic_return,1204.1195852773594
888887,episodic_length,1000.0
889888,episodic_return,1232.306668641918
889888,episodic_length,1000.0
890880,value_loss,0.12764152884483337
890880,policy_loss,-0.025932082906365395
890880,approx_kl,0.007895028218626976
890880,clipfrac,0.07373046875
890880,explained_variance,0.1197894811630249
890880,sps,608.0
890880,kl_beta,1.0
890889,episodic_return,1168.1340823507608
890889,episodic_length,1000.0
891890,episodic_return,1236.6125436022228
891890,episodic_length,1000.0
892891,episodic_return,1193.7344639758028
892891,episodic_length,1000.0
892928,value_loss,0.04841625690460205
892928,policy_loss,-0.030935369431972504
892928,approx_kl,0.007843896746635437
892928,clipfrac,0.0564453125
892928,explained_variance,0.06030142307281494
892928,sps,608.0
892928,kl_beta,1.0
893892,episodic_return,1145.3671639532863
893892,episodic_length,1000.0
894893,episodic_return,1270.703986556661
894893,episodic_length,1000.0
894976,value_loss,0.046726860105991364
894976,policy_loss,-0.02265300787985325
894976,approx_kl,0.008720656856894493
894976,clipfrac,0.0693359375
894976,explained_variance,0.14601296186447144
894976,sps,608.0
894976,kl_beta,1.0
895894,episodic_return,1198.1534408295156
895894,episodic_length,1000.0
896895,episodic_return,1160.916198941718
896895,episodic_length,1000.0
897024,value_loss,0.018502727150917053
897024,policy_loss,-0.018499821424484253
897024,approx_kl,0.006734802387654781
897024,clipfrac,0.07451171875
897024,explained_variance,0.08055984973907471
897024,sps,608.0
897024,kl_beta,1.0
897896,episodic_return,1260.5515626114764
897896,episodic_length,1000.0
898897,episodic_return,1162.4806160920605
898897,episodic_length,1000.0
899072,value_loss,0.020522911101579666
899072,policy_loss,-0.014473688788712025
899072,approx_kl,0.007439962588250637
899072,clipfrac,0.058642578125
899072,explained_variance,0.12674003839492798
899072,sps,608.0
899072,kl_beta,1.0
899898,episodic_return,1174.154302756308
899898,episodic_length,1000.0
900899,episodic_return,1204.3883609975608
900899,episodic_length,1000.0
901120,value_loss,0.029091373085975647
901120,policy_loss,-0.012713129632174969
901120,approx_kl,0.006390181370079517
901120,clipfrac,0.04033203125
901120,explained_variance,0.10614621639251709
901120,sps,608.0
901120,kl_beta,0.5
901900,episodic_return,1209.4368521740066
901900,episodic_length,1000.0
902901,episodic_return,1193.8908111573955
902901,episodic_length,1000.0
903168,value_loss,0.008594219572842121
903168,policy_loss,-0.01971767283976078
903168,approx_kl,0.017898645251989365
903168,clipfrac,0.118359375
903168,explained_variance,0.13627475500106812
903168,sps,608.0
903168,kl_beta,1.0
903902,episodic_return,1210.6100243481246
903902,episodic_length,1000.0
904903,episodic_return,1199.8345931598767
904903,episodic_length,1000.0
905216,value_loss,0.004453028552234173
905216,policy_loss,-0.02051927149295807
905216,approx_kl,0.004220186732709408
905216,clipfrac,0.020947265625
905216,explained_variance,0.1644248366355896
905216,sps,608.0
905216,kl_beta,0.5
905904,episodic_return,1190.112116444275
905904,episodic_length,1000.0
906905,episodic_return,1228.122387591929
906905,episodic_length,1000.0
907264,value_loss,0.009809150360524654
907264,policy_loss,-0.014254387468099594
907264,approx_kl,0.01649627834558487
907264,clipfrac,0.1099609375
907264,explained_variance,0.17390739917755127
907264,sps,608.0
907264,kl_beta,1.0
907906,episodic_return,1199.0405654992962
907906,episodic_length,1000.0
908907,episodic_return,1269.5941474008678
908907,episodic_length,1000.0
909312,value_loss,0.028882069513201714
909312,policy_loss,-0.0318225622177124
909312,approx_kl,0.005334557965397835
909312,clipfrac,0.0171875
909312,explained_variance,0.11529088020324707
909312,sps,608.0
909312,kl_beta,0.5
909908,episodic_return,1174.393057120497
909908,episodic_length,1000.0
910909,episodic_return,1230.4450819639987
910909,episodic_length,1000.0
911360,value_loss,0.06686040759086609
911360,policy_loss,-0.04453073441982269
911360,approx_kl,0.01310123410075903
911360,clipfrac,0.0947265625
911360,explained_variance,0.11271333694458008
911360,sps,608.0
911360,kl_beta,0.5
911910,episodic_return,1159.791042562123
911910,episodic_length,1000.0
912911,episodic_return,1215.733500941253
912911,episodic_length,1000.0
913408,value_loss,0.024802811443805695
913408,policy_loss,-0.0047875652089715
913408,approx_kl,0.013195572420954704
913408,clipfrac,0.0779296875
913408,explained_variance,0.03600502014160156
913408,sps,608.0
913408,kl_beta,0.5
913912,episodic_return,1186.8068166110684
913912,episodic_length,1000.0
914913,episodic_return,1289.8880815759403
914913,episodic_length,1000.0
915456,value_loss,0.004584171809256077
915456,policy_loss,-0.01894308440387249
915456,approx_kl,0.009970452636480331
915456,clipfrac,0.064599609375
915456,explained_variance,0.07923239469528198
915456,sps,608.0
915456,kl_beta,0.5
915914,episodic_return,1216.8935920420904
915914,episodic_length,1000.0
916915,episodic_return,1189.4701140824793
916915,episodic_length,1000.0
917504,value_loss,0.0034150772262364626
917504,policy_loss,-0.03077644668519497
917504,approx_kl,0.02608606591820717
917504,clipfrac,0.124560546875
917504,explained_variance,0.10632908344268799
917504,sps,608.0
917504,kl_beta,1.0
917916,episodic_return,1196.9014928883337
917916,episodic_length,1000.0
918917,episodic_return,1272.032241601477
918917,episodic_length,1000.0
919552,value_loss,0.026323573663830757
919552,policy_loss,-0.009361958131194115
919552,approx_kl,0.004981057718396187
919552,clipfrac,0.042333984375
919552,explained_variance,0.10513508319854736
919552,sps,608.0
919552,kl_beta,0.5
919918,episodic_return,1245.0384956683504
919918,episodic_length,1000.0
920919,episodic_return,1269.106896684431
920919,episodic_length,1000.0
921600,value_loss,0.06290046125650406
921600,policy_loss,-0.009233316406607628
921600,approx_kl,0.021748963743448257
921600,clipfrac,0.0865234375
921600,explained_variance,0.10491901636123657
921600,sps,608.0
921600,kl_beta,1.0
921920,episodic_return,1248.4162385972907
921920,episodic_length,1000.0
922921,episodic_return,1258.639620047579
922921,episodic_length,1000.0
923648,value_loss,0.07743901759386063
923648,policy_loss,-0.03320449963212013
923648,approx_kl,0.00767938420176506
923648,clipfrac,0.03095703125
923648,explained_variance,0.1505364179611206
923648,sps,608.0
923648,kl_beta,1.0
923922,episodic_return,1281.0109615270558
923922,episodic_length,1000.0
924923,episodic_return,1062.5035769349074
924923,episodic_length,1000.0
925696,value_loss,0.032719969749450684
925696,policy_loss,-0.03333096578717232
925696,approx_kl,0.010635572485625744
925696,clipfrac,0.025390625
925696,explained_variance,0.3229594826698303
925696,sps,608.0
925696,kl_beta,1.0
925924,episodic_return,1228.816217561219
925924,episodic_length,1000.0
926925,episodic_return,1213.345816950496
926925,episodic_length,1000.0
927744,value_loss,0.06312248110771179
927744,policy_loss,-0.038855843245983124
927744,approx_kl,0.005555746145546436
927744,clipfrac,0.02392578125
927744,explained_variance,0.14995485544204712
927744,sps,608.0
927744,kl_beta,0.5
927926,episodic_return,1162.0153910686215
927926,episodic_length,1000.0
928927,episodic_return,1213.967402480848
928927,episodic_length,1000.0
929792,value_loss,0.042160823941230774
929792,policy_loss,-0.05487186461687088
929792,approx_kl,0.020389001816511154
929792,clipfrac,0.079833984375
929792,explained_variance,0.2419356107711792
929792,sps,608.0
929792,kl_beta,1.0
929928,episodic_return,1244.19408112995
929928,episodic_length,1000.0
930929,episodic_return,1273.494950655699
930929,episodic_length,1000.0
931840,value_loss,0.057243648916482925
931840,policy_loss,-0.03380502015352249
931840,approx_kl,0.0052071185782551765
931840,clipfrac,0.01796875
931840,explained_variance,0.15604734420776367
931840,sps,608.0
931840,kl_beta,0.5
931930,episodic_return,1246.2381369918644
931930,episodic_length,1000.0
932931,episodic_return,1184.0055000039506
932931,episodic_length,1000.0
933888,value_loss,0.012288955971598625
933888,policy_loss,-0.04036610573530197
933888,approx_kl,0.014739460311830044
933888,clipfrac,0.104443359375
933888,explained_variance,0.047877490520477295
933888,sps,608.0
933888,kl_beta,0.5
933932,episodic_return,1192.2054995992414
933932,episodic_length,1000.0
934933,episodic_return,1231.614455678427
934933,episodic_length,1000.0
935934,episodic_return,1278.7151074135713
935934,episodic_length,1000.0
935936,value_loss,0.06532944738864899
935936,policy_loss,-0.03868105635046959
935936,approx_kl,0.022119037806987762
935936,clipfrac,0.10302734375
935936,explained_variance,0.09549218416213989
935936,sps,608.0
935936,kl_beta,1.0
936935,episodic_return,1241.0389475810728
936935,episodic_length,1000.0
937936,episodic_return,1157.175020000349
937936,episodic_length,1000.0
937984,value_loss,0.007784309331327677
937984,policy_loss,0.0025086374953389168
937984,approx_kl,0.007414874620735645
937984,clipfrac,0.05263671875
937984,explained_variance,0.06649535894393921
937984,sps,608.0
937984,kl_beta,1.0
938937,episodic_return,1224.0853568027828
938937,episodic_length,1000.0
939938,episodic_return,1221.299927545402
939938,episodic_length,1000.0
940032,value_loss,0.013418390415608883
940032,policy_loss,-0.004956874065101147
940032,approx_kl,0.003965643234550953
940032,clipfrac,0.012939453125
940032,explained_variance,0.1215934157371521
940032,sps,608.0
940032,kl_beta,0.5
940939,episodic_return,1288.8176342030372
940939,episodic_length,1000.0
941940,episodic_return,1263.6078783430887
941940,episodic_length,1000.0
942080,value_loss,0.009427460841834545
942080,policy_loss,-0.008225641213357449
942080,approx_kl,0.010156886652112007
942080,clipfrac,0.06103515625
942080,explained_variance,0.11990439891815186
942080,sps,608.0
942080,kl_beta,0.5
942941,episodic_return,1166.0577059310897
942941,episodic_length,1000.0
943942,episodic_return,1258.7359774442855
943942,episodic_length,1000.0
944128,value_loss,0.032656118273735046
944128,policy_loss,-0.05067296326160431
944128,approx_kl,0.015217971056699753
944128,clipfrac,0.07880859375
944128,explained_variance,0.10743904113769531
944128,sps,608.0
944128,kl_beta,1.0
944943,episodic_return,1295.106236205029
944943,episodic_length,1000.0
945944,episodic_return,1164.6858364447223
945944,episodic_length,1000.0
946176,value_loss,0.07186684012413025
946176,policy_loss,-0.05024116858839989
946176,approx_kl,0.00782816857099533
946176,clipfrac,0.035595703125
946176,explained_variance,0.14631444215774536
946176,sps,608.0
946176,kl_beta,1.0
946945,episodic_return,1162.6080538898927
946945,episodic_length,1000.0
947946,episodic_return,1235.7964959466722
947946,episodic_length,1000.0
948224,value_loss,0.014909796416759491
948224,policy_loss,-0.014029291458427906
948224,approx_kl,0.004011328332126141
948224,clipfrac,0.012890625
948224,explained_variance,0.08112531900405884
948224,sps,609.0
948224,kl_beta,0.5
948947,episodic_return,1236.5463569204821
948947,episodic_length,1000.0
949948,episodic_return,1254.0177907765121
949948,episodic_length,1000.0
950272,value_loss,0.06087232753634453
950272,policy_loss,0.0060575902462005615
950272,approx_kl,0.0059846267104148865
950272,clipfrac,0.031689453125
950272,explained_variance,0.07026726007461548
950272,sps,609.0
950272,kl_beta,0.25
950949,episodic_return,1126.4065314206805
950949,episodic_length,1000.0
951950,episodic_return,1196.7887742565404
951950,episodic_length,1000.0
952320,value_loss,0.003927404526621103
952320,policy_loss,-0.014380444772541523
952320,approx_kl,0.014532726258039474
952320,clipfrac,0.098193359375
952320,explained_variance,0.035536110401153564
952320,sps,609.0
952320,kl_beta,0.25
952951,episodic_return,1235.5075531258353
952951,episodic_length,1000.0
953952,episodic_return,1252.2242600347986
953952,episodic_length,1000.0
954368,value_loss,0.033410124480724335
954368,policy_loss,-0.019313544034957886
954368,approx_kl,0.011360728181898594
954368,clipfrac,0.033837890625
954368,explained_variance,0.1527126431465149
954368,sps,609.0
954368,kl_beta,0.25
954953,episodic_return,1145.6501265363652
954953,episodic_length,1000.0
955954,episodic_return,1188.2925565372248
955954,episodic_length,1000.0
956416,value_loss,0.049157511442899704
956416,policy_loss,-0.0019181054085493088
956416,approx_kl,0.008571825921535492
956416,clipfrac,0.042822265625
956416,explained_variance,0.14770722389221191
956416,sps,609.0
956416,kl_beta,0.25
956955,episodic_return,1217.366582999944
956955,episodic_length,1000.0
957956,episodic_return,1282.394053131819
957956,episodic_length,1000.0
958464,value_loss,0.008487366139888763
958464,policy_loss,-0.015100880526006222
958464,approx_kl,0.006536577828228474
958464,clipfrac,0.026708984375
958464,explained_variance,0.1294124722480774
958464,sps,609.0
958464,kl_beta,0.125
958957,episodic_return,1215.9429921567726
958957,episodic_length,1000.0
959958,episodic_return,1186.0091787852177
959958,episodic_length,1000.0
960512,value_loss,0.0584682896733284
960512,policy_loss,-0.02095264568924904
960512,approx_kl,0.013722236268222332
960512,clipfrac,0.063623046875
960512,explained_variance,0.03166311979293823
960512,sps,609.0
960512,kl_beta,0.125
960959,episodic_return,1190.3966372483308
960959,episodic_length,1000.0
961960,episodic_return,1137.0264454644537
961960,episodic_length,1000.0
962560,value_loss,0.013060390017926693
962560,policy_loss,-0.0023137317039072514
962560,approx_kl,0.008074055425822735
962560,clipfrac,0.035986328125
962560,explained_variance,0.15853744745254517
962560,sps,609.0
962560,kl_beta,0.125
962961,episodic_return,1179.3259652849458
962961,episodic_length,1000.0
963962,episodic_return,1222.4738457146407
963962,episodic_length,1000.0
964608,value_loss,0.0037399879656732082
964608,policy_loss,0.008665886707603931
964608,approx_kl,0.006969430483877659
964608,clipfrac,0.0240234375
964608,explained_variance,0.1449373960494995
964608,sps,609.0
964608,kl_beta,0.125
964963,episodic_return,1237.7921223000994
964963,episodic_length,1000.0
965964,episodic_return,1204.7708796773586
965964,episodic_length,1000.0
966656,value_loss,0.004467672668397427
966656,policy_loss,-0.02473531849682331
966656,approx_kl,0.011469646356999874
966656,clipfrac,0.063671875
966656,explained_variance,0.12161052227020264
966656,sps,609.0
966656,kl_beta,0.125
966965,episodic_return,1230.5387394128634
966965,episodic_length,1000.0
967966,episodic_return,1250.9651388733587
967966,episodic_length,1000.0
968704,value_loss,0.005182170309126377
968704,policy_loss,-0.02591601386666298
968704,approx_kl,0.006431493908166885
968704,clipfrac,0.023046875
968704,explained_variance,0.10660821199417114
968704,sps,609.0
968704,kl_beta,0.0625
968967,episodic_return,1228.615623258534
968967,episodic_length,1000.0
969968,episodic_return,1141.386823657841
969968,episodic_length,1000.0
970752,value_loss,0.05259891226887703
970752,policy_loss,-0.0165542159229517
970752,approx_kl,0.012062491849064827
970752,clipfrac,0.021826171875
970752,explained_variance,0.1531708836555481
970752,sps,609.0
970752,kl_beta,0.0625
970969,episodic_return,1217.6034438078927
970969,episodic_length,1000.0
971970,episodic_return,1225.9530163364354
971970,episodic_length,1000.0
972800,value_loss,0.0034455875866115093
972800,policy_loss,-0.022760841995477676
972800,approx_kl,0.00769649725407362
972800,clipfrac,0.02109375
972800,explained_variance,0.03811246156692505
972800,sps,609.0
972800,kl_beta,0.0625
972971,episodic_return,1271.7358229610682
972971,episodic_length,1000.0
973972,episodic_return,1238.0251397624963
973972,episodic_length,1000.0
974848,value_loss,0.0860486626625061
974848,policy_loss,-0.029896842315793037
974848,approx_kl,0.004820400848984718
974848,clipfrac,0.009130859375
974848,explained_variance,0.08716750144958496
974848,sps,609.0
974848,kl_beta,0.03125
974973,episodic_return,1312.2280421431105
974973,episodic_length,1000.0
975974,episodic_return,1190.6880873091523
975974,episodic_length,1000.0
976896,value_loss,0.005448277108371258
976896,policy_loss,-0.033050671219825745
976896,approx_kl,0.007560485042631626
976896,clipfrac,0.014599609375
976896,explained_variance,0.06947815418243408
976896,sps,609.0
976896,kl_beta,0.03125
976975,episodic_return,1223.3202218336876
976975,episodic_length,1000.0
977976,episodic_return,1208.286019804104
977976,episodic_length,1000.0
978944,value_loss,0.12587890028953552
978944,policy_loss,-0.027936512604355812
978944,approx_kl,0.0036055678501725197
978944,clipfrac,0.004345703125
978944,explained_variance,0.14794594049453735
978944,sps,609.0
978944,kl_beta,0.015625
978977,episodic_return,1303.3474934719584
978977,episodic_length,1000.0
979978,episodic_return,1279.314761549474
979978,episodic_length,1000.0
980979,episodic_return,1197.3851762320992
980979,episodic_length,1000.0
980992,value_loss,0.01301433052867651
980992,policy_loss,-0.02461174875497818
980992,approx_kl,0.004571872763335705
980992,clipfrac,0.00556640625
980992,explained_variance,0.03847450017929077
980992,sps,609.0
980992,kl_beta,0.0078125
981980,episodic_return,1174.5200294783986
981980,episodic_length,1000.0
982981,episodic_return,1208.0580718184765
982981,episodic_length,1000.0
983040,value_loss,0.0071524870581924915
983040,policy_loss,-0.019431820139288902
983040,approx_kl,0.003990812227129936
983040,clipfrac,0.004150390625
983040,explained_variance,0.14167183637619019
983040,sps,609.0
983040,kl_beta,0.00390625
983982,episodic_return,1211.6417074008566
983982,episodic_length,1000.0
984983,episodic_return,1186.82389144941
984983,episodic_length,1000.0
985088,value_loss,0.020544949918985367
985088,policy_loss,0.006152095273137093
985088,approx_kl,0.0017614606767892838
985088,clipfrac,0.001123046875
985088,explained_variance,0.20276808738708496
985088,sps,609.0
985088,kl_beta,0.001953125
985984,episodic_return,1184.1786784265569
985984,episodic_length,1000.0
986985,episodic_return,1249.225483614503
986985,episodic_length,1000.0
987136,value_loss,0.010505083948373795
987136,policy_loss,-0.008272574283182621
987136,approx_kl,0.0010753730311989784
987136,clipfrac,9.765625e-05
987136,explained_variance,0.0734439492225647
987136,sps,609.0
987136,kl_beta,0.0009765625
987986,episodic_return,1265.2628418537927
987986,episodic_length,1000.0
988987,episodic_return,1221.4181132947358
988987,episodic_length,1000.0
989184,value_loss,0.06622599065303802
989184,policy_loss,-0.004100187681615353
989184,approx_kl,0.0007334612309932709
989184,clipfrac,0.0
989184,explained_variance,0.11190122365951538
989184,sps,609.0
989184,kl_beta,0.00048828125
989988,episodic_return,1271.958434932239
989988,episodic_length,1000.0
990989,episodic_return,1182.50836710276
990989,episodic_length,1000.0
991232,value_loss,0.006003428250551224
991232,policy_loss,-0.0018757281359285116
991232,approx_kl,0.0014041783288121223
991232,clipfrac,0.000146484375
991232,explained_variance,0.1844925880432129
991232,sps,609.0
991232,kl_beta,0.000244140625
991990,episodic_return,1244.471988164639
991990,episodic_length,1000.0
992991,episodic_return,1185.3191446547346
992991,episodic_length,1000.0
993280,value_loss,0.013782949186861515
993280,policy_loss,-0.003654398024082184
993280,approx_kl,0.00031317491084337234
993280,clipfrac,0.0
993280,explained_variance,0.1694636344909668
993280,sps,609.0
993280,kl_beta,0.0001220703125
993992,episodic_return,1179.0466238538636
993992,episodic_length,1000.0
994993,episodic_return,1222.7248671738184
994993,episodic_length,1000.0
995328,value_loss,0.007890679873526096
995328,policy_loss,-0.0002278639585711062
995328,approx_kl,0.00028178561478853226
995328,clipfrac,0.0
995328,explained_variance,0.05223017930984497
995328,sps,609.0
995328,kl_beta,0.0001
995994,episodic_return,1212.7280141015035
995994,episodic_length,1000.0
996995,episodic_return,1289.0567079708117
996995,episodic_length,1000.0
997376,value_loss,0.009843694046139717
997376,policy_loss,-0.0019162938697263598
997376,approx_kl,0.00017838552594184875
997376,clipfrac,0.0
997376,explained_variance,0.15447431802749634
997376,sps,609.0
997376,kl_beta,0.0001
997996,episodic_return,1262.477790481811
997996,episodic_length,1000.0
998997,episodic_return,1196.6506041351413
998997,episodic_length,1000.0
999424,value_loss,0.013610237278044224
999424,policy_loss,-0.0010883170180022717
999424,approx_kl,4.152022302150726e-05
999424,clipfrac,0.0
999424,explained_variance,0.18339592218399048
999424,sps,609.0
999424,kl_beta,0.0001
