global_step,metric,value
6,episodic_return,5.0
6,episodic_length,6.0
19,episodic_return,11.0
19,episodic_length,12.0
29,episodic_return,8.0
29,episodic_length,9.0
55,episodic_return,24.0
55,episodic_length,25.0
60,episodic_return,3.0
60,episodic_length,4.0
67,episodic_return,5.0
67,episodic_length,6.0
77,episodic_return,8.0
77,episodic_length,9.0
86,episodic_return,7.0
86,episodic_length,8.0
99,episodic_return,11.0
99,episodic_length,12.0
117,episodic_return,16.0
117,episodic_length,17.0
122,episodic_return,3.0
122,episodic_length,4.0
133,episodic_return,9.0
133,episodic_length,10.0
147,episodic_return,12.0
147,episodic_length,13.0
172,episodic_return,23.0
172,episodic_length,24.0
189,episodic_return,15.0
189,episodic_length,16.0
195,episodic_return,4.0
195,episodic_length,5.0
225,episodic_return,28.0
225,episodic_length,29.0
235,episodic_return,8.0
235,episodic_length,9.0
239,episodic_return,2.0
239,episodic_length,3.0
245,episodic_return,4.0
245,episodic_length,5.0
252,episodic_return,5.0
252,episodic_length,6.0
261,episodic_return,7.0
261,episodic_length,8.0
269,episodic_return,6.0
269,episodic_length,7.0
278,episodic_return,7.0
278,episodic_length,8.0
283,episodic_return,3.0
283,episodic_length,4.0
293,episodic_return,8.0
293,episodic_length,9.0
307,episodic_return,12.0
307,episodic_length,13.0
312,episodic_return,3.0
312,episodic_length,4.0
318,episodic_return,4.0
318,episodic_length,5.0
328,episodic_return,8.0
328,episodic_length,9.0
335,episodic_return,5.0
335,episodic_length,6.0
342,episodic_return,5.0
342,episodic_length,6.0
348,episodic_return,4.0
348,episodic_length,5.0
355,episodic_return,5.0
355,episodic_length,6.0
361,episodic_return,4.0
361,episodic_length,5.0
374,episodic_return,11.0
374,episodic_length,12.0
386,episodic_return,10.0
386,episodic_length,11.0
392,episodic_return,4.0
392,episodic_length,5.0
402,episodic_return,8.0
402,episodic_length,9.0
410,episodic_return,6.0
410,episodic_length,7.0
419,episodic_return,7.0
419,episodic_length,8.0
428,episodic_return,7.0
428,episodic_length,8.0
434,episodic_return,4.0
434,episodic_length,5.0
439,episodic_return,3.0
439,episodic_length,4.0
445,episodic_return,4.0
445,episodic_length,5.0
459,episodic_return,12.0
459,episodic_length,13.0
463,episodic_return,2.0
463,episodic_length,3.0
474,episodic_return,9.0
474,episodic_length,10.0
479,episodic_return,3.0
479,episodic_length,4.0
489,episodic_return,8.0
489,episodic_length,9.0
495,episodic_return,4.0
495,episodic_length,5.0
499,episodic_return,2.0
499,episodic_length,3.0
508,episodic_return,7.0
508,episodic_length,8.0
522,episodic_return,12.0
522,episodic_length,13.0
532,episodic_return,8.0
532,episodic_length,9.0
537,episodic_return,3.0
537,episodic_length,4.0
542,episodic_return,3.0
542,episodic_length,4.0
552,episodic_return,8.0
552,episodic_length,9.0
565,episodic_return,11.0
565,episodic_length,12.0
570,episodic_return,3.0
570,episodic_length,4.0
577,episodic_return,5.0
577,episodic_length,6.0
583,episodic_return,4.0
583,episodic_length,5.0
594,episodic_return,9.0
594,episodic_length,10.0
605,episodic_return,9.0
605,episodic_length,10.0
615,episodic_return,8.0
615,episodic_length,9.0
621,episodic_return,4.0
621,episodic_length,5.0
628,episodic_return,5.0
628,episodic_length,6.0
633,episodic_return,3.0
633,episodic_length,4.0
638,episodic_return,3.0
638,episodic_length,4.0
647,episodic_return,7.0
647,episodic_length,8.0
658,episodic_return,9.0
658,episodic_length,10.0
668,episodic_return,8.0
668,episodic_length,9.0
679,episodic_return,9.0
679,episodic_length,10.0
686,episodic_return,5.0
686,episodic_length,6.0
693,episodic_return,5.0
693,episodic_length,6.0
713,episodic_return,18.0
713,episodic_length,19.0
721,episodic_return,6.0
721,episodic_length,7.0
744,episodic_return,21.0
744,episodic_length,22.0
754,episodic_return,8.0
754,episodic_length,9.0
760,episodic_return,4.0
760,episodic_length,5.0
767,episodic_return,5.0
767,episodic_length,6.0
777,episodic_return,8.0
777,episodic_length,9.0
787,episodic_return,8.0
787,episodic_length,9.0
796,episodic_return,7.0
796,episodic_length,8.0
812,episodic_return,14.0
812,episodic_length,15.0
818,episodic_return,4.0
818,episodic_length,5.0
825,episodic_return,5.0
825,episodic_length,6.0
853,episodic_return,26.0
853,episodic_length,27.0
871,episodic_return,16.0
871,episodic_length,17.0
885,episodic_return,12.0
885,episodic_length,13.0
897,episodic_return,10.0
897,episodic_length,11.0
908,episodic_return,9.0
908,episodic_length,10.0
919,episodic_return,9.0
919,episodic_length,10.0
923,episodic_return,2.0
923,episodic_length,3.0
932,episodic_return,7.0
932,episodic_length,8.0
941,episodic_return,7.0
941,episodic_length,8.0
953,episodic_return,10.0
953,episodic_length,11.0
957,episodic_return,2.0
957,episodic_length,3.0
967,episodic_return,8.0
967,episodic_length,9.0
977,episodic_return,8.0
977,episodic_length,9.0
985,episodic_return,6.0
985,episodic_length,7.0
995,episodic_return,8.0
995,episodic_length,9.0
1001,episodic_return,4.0
1001,episodic_length,5.0
1033,episodic_return,30.0
1033,episodic_length,31.0
1044,episodic_return,9.0
1044,episodic_length,10.0
1050,episodic_return,4.0
1050,episodic_length,5.0
1057,episodic_return,5.0
1057,episodic_length,6.0
1066,episodic_return,7.0
1066,episodic_length,8.0
1081,episodic_return,13.0
1081,episodic_length,14.0
1095,episodic_return,12.0
1095,episodic_length,13.0
1103,episodic_return,6.0
1103,episodic_length,7.0
1110,episodic_return,5.0
1110,episodic_length,6.0
1116,episodic_return,4.0
1116,episodic_length,5.0
1121,episodic_return,3.0
1121,episodic_length,4.0
1127,episodic_return,4.0
1127,episodic_length,5.0
1134,episodic_return,5.0
1134,episodic_length,6.0
1141,episodic_return,5.0
1141,episodic_length,6.0
1156,episodic_return,13.0
1156,episodic_length,14.0
1160,episodic_return,2.0
1160,episodic_length,3.0
1174,episodic_return,12.0
1174,episodic_length,13.0
1183,episodic_return,7.0
1183,episodic_length,8.0
1189,episodic_return,4.0
1189,episodic_length,5.0
1207,episodic_return,16.0
1207,episodic_length,17.0
1216,episodic_return,7.0
1216,episodic_length,8.0
1224,episodic_return,6.0
1224,episodic_length,7.0
1243,episodic_return,17.0
1243,episodic_length,18.0
1253,episodic_return,8.0
1253,episodic_length,9.0
1267,episodic_return,12.0
1267,episodic_length,13.0
1283,episodic_return,14.0
1283,episodic_length,15.0
1287,episodic_return,2.0
1287,episodic_length,3.0
1292,episodic_return,3.0
1292,episodic_length,4.0
1308,episodic_return,14.0
1308,episodic_length,15.0
1314,episodic_return,4.0
1314,episodic_length,5.0
1320,episodic_return,4.0
1320,episodic_length,5.0
1327,episodic_return,5.0
1327,episodic_length,6.0
1333,episodic_return,4.0
1333,episodic_length,5.0
1341,episodic_return,6.0
1341,episodic_length,7.0
1357,episodic_return,14.0
1357,episodic_length,15.0
1363,episodic_return,4.0
1363,episodic_length,5.0
1370,episodic_return,5.0
1370,episodic_length,6.0
1378,episodic_return,6.0
1378,episodic_length,7.0
1384,episodic_return,4.0
1384,episodic_length,5.0
1392,episodic_return,6.0
1392,episodic_length,7.0
1404,episodic_return,10.0
1404,episodic_length,11.0
1409,episodic_return,3.0
1409,episodic_length,4.0
1417,episodic_return,6.0
1417,episodic_length,7.0
1429,episodic_return,10.0
1429,episodic_length,11.0
1436,episodic_return,5.0
1436,episodic_length,6.0
1443,episodic_return,5.0
1443,episodic_length,6.0
1453,episodic_return,8.0
1453,episodic_length,9.0
1461,episodic_return,6.0
1461,episodic_length,7.0
1468,episodic_return,5.0
1468,episodic_length,6.0
1473,episodic_return,3.0
1473,episodic_length,4.0
1480,episodic_return,5.0
1480,episodic_length,6.0
1490,episodic_return,8.0
1490,episodic_length,9.0
1497,episodic_return,5.0
1497,episodic_length,6.0
1509,episodic_return,10.0
1509,episodic_length,11.0
1516,episodic_return,5.0
1516,episodic_length,6.0
1527,episodic_return,9.0
1527,episodic_length,10.0
1534,episodic_return,5.0
1534,episodic_length,6.0
1544,episodic_return,8.0
1544,episodic_length,9.0
1555,episodic_return,9.0
1555,episodic_length,10.0
1566,episodic_return,9.0
1566,episodic_length,10.0
1574,episodic_return,6.0
1574,episodic_length,7.0
1595,episodic_return,19.0
1595,episodic_length,20.0
1604,episodic_return,7.0
1604,episodic_length,8.0
1618,episodic_return,12.0
1618,episodic_length,13.0
1627,episodic_return,7.0
1627,episodic_length,8.0
1640,episodic_return,11.0
1640,episodic_length,12.0
1645,episodic_return,3.0
1645,episodic_length,4.0
1657,episodic_return,10.0
1657,episodic_length,11.0
1667,episodic_return,8.0
1667,episodic_length,9.0
1681,episodic_return,12.0
1681,episodic_length,13.0
1686,episodic_return,3.0
1686,episodic_length,4.0
1699,episodic_return,11.0
1699,episodic_length,12.0
1707,episodic_return,6.0
1707,episodic_length,7.0
1715,episodic_return,6.0
1715,episodic_length,7.0
1720,episodic_return,3.0
1720,episodic_length,4.0
1724,episodic_return,2.0
1724,episodic_length,3.0
1735,episodic_return,9.0
1735,episodic_length,10.0
1741,episodic_return,4.0
1741,episodic_length,5.0
1748,episodic_return,5.0
1748,episodic_length,6.0
1761,episodic_return,11.0
1761,episodic_length,12.0
1775,episodic_return,12.0
1775,episodic_length,13.0
1785,episodic_return,8.0
1785,episodic_length,9.0
1794,episodic_return,7.0
1794,episodic_length,8.0
1800,episodic_return,4.0
1800,episodic_length,5.0
1808,episodic_return,6.0
1808,episodic_length,7.0
1814,episodic_return,4.0
1814,episodic_length,5.0
1826,episodic_return,10.0
1826,episodic_length,11.0
1830,episodic_return,2.0
1830,episodic_length,3.0
1839,episodic_return,7.0
1839,episodic_length,8.0
1845,episodic_return,4.0
1845,episodic_length,5.0
1850,episodic_return,3.0
1850,episodic_length,4.0
1856,episodic_return,4.0
1856,episodic_length,5.0
1861,episodic_return,3.0
1861,episodic_length,4.0
1869,episodic_return,6.0
1869,episodic_length,7.0
1884,episodic_return,13.0
1884,episodic_length,14.0
1894,episodic_return,8.0
1894,episodic_length,9.0
1906,episodic_return,10.0
1906,episodic_length,11.0
1916,episodic_return,8.0
1916,episodic_length,9.0
1927,episodic_return,9.0
1927,episodic_length,10.0
1946,episodic_return,17.0
1946,episodic_length,18.0
1952,episodic_return,4.0
1952,episodic_length,5.0
1973,episodic_return,19.0
1973,episodic_length,20.0
1980,episodic_return,5.0
1980,episodic_length,6.0
1985,episodic_return,3.0
1985,episodic_length,4.0
1990,episodic_return,3.0
1990,episodic_length,4.0
2000,episodic_return,8.0
2000,episodic_length,9.0
2014,episodic_return,12.0
2014,episodic_length,13.0
2031,episodic_return,15.0
2031,episodic_length,16.0
2048,value_loss,0.40193265676498413
2048,policy_loss,-0.07175203412771225
2048,approx_kl,0.026392869651317596
2048,clipfrac,0.201318359375
2048,explained_variance,-0.0030204057693481445
2048,sps,497.0
2048,kl_beta,2.0
2071,episodic_return,38.0
2071,episodic_length,39.0
2078,episodic_return,5.0
2078,episodic_length,6.0
2100,episodic_return,20.0
2100,episodic_length,21.0
2119,episodic_return,17.0
2119,episodic_length,18.0
2129,episodic_return,8.0
2129,episodic_length,9.0
2157,episodic_return,26.0
2157,episodic_length,27.0
2164,episodic_return,5.0
2164,episodic_length,6.0
2178,episodic_return,12.0
2178,episodic_length,13.0
2187,episodic_return,7.0
2187,episodic_length,8.0
2197,episodic_return,8.0
2197,episodic_length,9.0
2213,episodic_return,14.0
2213,episodic_length,15.0
2222,episodic_return,7.0
2222,episodic_length,8.0
2231,episodic_return,7.0
2231,episodic_length,8.0
2248,episodic_return,15.0
2248,episodic_length,16.0
2254,episodic_return,4.0
2254,episodic_length,5.0
2274,episodic_return,18.0
2274,episodic_length,19.0
2284,episodic_return,8.0
2284,episodic_length,9.0
2291,episodic_return,5.0
2291,episodic_length,6.0
2304,episodic_return,11.0
2304,episodic_length,12.0
2310,episodic_return,4.0
2310,episodic_length,5.0
2320,episodic_return,8.0
2320,episodic_length,9.0
2330,episodic_return,8.0
2330,episodic_length,9.0
2336,episodic_return,4.0
2336,episodic_length,5.0
2345,episodic_return,7.0
2345,episodic_length,8.0
2351,episodic_return,4.0
2351,episodic_length,5.0
2362,episodic_return,9.0
2362,episodic_length,10.0
2373,episodic_return,9.0
2373,episodic_length,10.0
2400,episodic_return,25.0
2400,episodic_length,26.0
2405,episodic_return,3.0
2405,episodic_length,4.0
2424,episodic_return,17.0
2424,episodic_length,18.0
2434,episodic_return,8.0
2434,episodic_length,9.0
2440,episodic_return,4.0
2440,episodic_length,5.0
2447,episodic_return,5.0
2447,episodic_length,6.0
2461,episodic_return,12.0
2461,episodic_length,13.0
2469,episodic_return,6.0
2469,episodic_length,7.0
2475,episodic_return,4.0
2475,episodic_length,5.0
2487,episodic_return,10.0
2487,episodic_length,11.0
2502,episodic_return,13.0
2502,episodic_length,14.0
2514,episodic_return,10.0
2514,episodic_length,11.0
2520,episodic_return,4.0
2520,episodic_length,5.0
2527,episodic_return,5.0
2527,episodic_length,6.0
2544,episodic_return,15.0
2544,episodic_length,16.0
2557,episodic_return,11.0
2557,episodic_length,12.0
2566,episodic_return,7.0
2566,episodic_length,8.0
2573,episodic_return,5.0
2573,episodic_length,6.0
2592,episodic_return,17.0
2592,episodic_length,18.0
2606,episodic_return,12.0
2606,episodic_length,13.0
2612,episodic_return,4.0
2612,episodic_length,5.0
2627,episodic_return,13.0
2627,episodic_length,14.0
2634,episodic_return,5.0
2634,episodic_length,6.0
2645,episodic_return,9.0
2645,episodic_length,10.0
2653,episodic_return,6.0
2653,episodic_length,7.0
2673,episodic_return,18.0
2673,episodic_length,19.0
2680,episodic_return,5.0
2680,episodic_length,6.0
2696,episodic_return,14.0
2696,episodic_length,15.0
2704,episodic_return,6.0
2704,episodic_length,7.0
2730,episodic_return,24.0
2730,episodic_length,25.0
2749,episodic_return,17.0
2749,episodic_length,18.0
2761,episodic_return,10.0
2761,episodic_length,11.0
2766,episodic_return,3.0
2766,episodic_length,4.0
2789,episodic_return,21.0
2789,episodic_length,22.0
2819,episodic_return,28.0
2819,episodic_length,29.0
2839,episodic_return,18.0
2839,episodic_length,19.0
2851,episodic_return,10.0
2851,episodic_length,11.0
2888,episodic_return,35.0
2888,episodic_length,36.0
2906,episodic_return,16.0
2906,episodic_length,17.0
2915,episodic_return,7.0
2915,episodic_length,8.0
2937,episodic_return,20.0
2937,episodic_length,21.0
2946,episodic_return,7.0
2946,episodic_length,8.0
2952,episodic_return,4.0
2952,episodic_length,5.0
2961,episodic_return,7.0
2961,episodic_length,8.0
2968,episodic_return,5.0
2968,episodic_length,6.0
2975,episodic_return,5.0
2975,episodic_length,6.0
2992,episodic_return,15.0
2992,episodic_length,16.0
3007,episodic_return,13.0
3007,episodic_length,14.0
3022,episodic_return,13.0
3022,episodic_length,14.0
3029,episodic_return,5.0
3029,episodic_length,6.0
3048,episodic_return,17.0
3048,episodic_length,18.0
3066,episodic_return,16.0
3066,episodic_length,17.0
3074,episodic_return,6.0
3074,episodic_length,7.0
3080,episodic_return,4.0
3080,episodic_length,5.0
3104,episodic_return,22.0
3104,episodic_length,23.0
3120,episodic_return,14.0
3120,episodic_length,15.0
3128,episodic_return,6.0
3128,episodic_length,7.0
3145,episodic_return,15.0
3145,episodic_length,16.0
3167,episodic_return,20.0
3167,episodic_length,21.0
3183,episodic_return,14.0
3183,episodic_length,15.0
3194,episodic_return,9.0
3194,episodic_length,10.0
3206,episodic_return,10.0
3206,episodic_length,11.0
3213,episodic_return,5.0
3213,episodic_length,6.0
3220,episodic_return,5.0
3220,episodic_length,6.0
3234,episodic_return,12.0
3234,episodic_length,13.0
3245,episodic_return,9.0
3245,episodic_length,10.0
3254,episodic_return,7.0
3254,episodic_length,8.0
3269,episodic_return,13.0
3269,episodic_length,14.0
3275,episodic_return,4.0
3275,episodic_length,5.0
3281,episodic_return,4.0
3281,episodic_length,5.0
3303,episodic_return,20.0
3303,episodic_length,21.0
3310,episodic_return,5.0
3310,episodic_length,6.0
3317,episodic_return,5.0
3317,episodic_length,6.0
3330,episodic_return,11.0
3330,episodic_length,12.0
3341,episodic_return,9.0
3341,episodic_length,10.0
3350,episodic_return,7.0
3350,episodic_length,8.0
3355,episodic_return,3.0
3355,episodic_length,4.0
3360,episodic_return,3.0
3360,episodic_length,4.0
3374,episodic_return,12.0
3374,episodic_length,13.0
3388,episodic_return,12.0
3388,episodic_length,13.0
3394,episodic_return,4.0
3394,episodic_length,5.0
3414,episodic_return,18.0
3414,episodic_length,19.0
3421,episodic_return,5.0
3421,episodic_length,6.0
3439,episodic_return,16.0
3439,episodic_length,17.0
3444,episodic_return,3.0
3444,episodic_length,4.0
3460,episodic_return,14.0
3460,episodic_length,15.0
3490,episodic_return,28.0
3490,episodic_length,29.0
3497,episodic_return,5.0
3497,episodic_length,6.0
3513,episodic_return,14.0
3513,episodic_length,15.0
3518,episodic_return,3.0
3518,episodic_length,4.0
3529,episodic_return,9.0
3529,episodic_length,10.0
3536,episodic_return,5.0
3536,episodic_length,6.0
3542,episodic_return,4.0
3542,episodic_length,5.0
3546,episodic_return,2.0
3546,episodic_length,3.0
3559,episodic_return,11.0
3559,episodic_length,12.0
3575,episodic_return,14.0
3575,episodic_length,15.0
3600,episodic_return,23.0
3600,episodic_length,24.0
3610,episodic_return,8.0
3610,episodic_length,9.0
3616,episodic_return,4.0
3616,episodic_length,5.0
3631,episodic_return,13.0
3631,episodic_length,14.0
3644,episodic_return,11.0
3644,episodic_length,12.0
3650,episodic_return,4.0
3650,episodic_length,5.0
3656,episodic_return,4.0
3656,episodic_length,5.0
3668,episodic_return,10.0
3668,episodic_length,11.0
3690,episodic_return,20.0
3690,episodic_length,21.0
3695,episodic_return,3.0
3695,episodic_length,4.0
3707,episodic_return,10.0
3707,episodic_length,11.0
3715,episodic_return,6.0
3715,episodic_length,7.0
3736,episodic_return,19.0
3736,episodic_length,20.0
3748,episodic_return,10.0
3748,episodic_length,11.0
3758,episodic_return,8.0
3758,episodic_length,9.0
3774,episodic_return,14.0
3774,episodic_length,15.0
3780,episodic_return,4.0
3780,episodic_length,5.0
3797,episodic_return,15.0
3797,episodic_length,16.0
3822,episodic_return,23.0
3822,episodic_length,24.0
3837,episodic_return,13.0
3837,episodic_length,14.0
3853,episodic_return,14.0
3853,episodic_length,15.0
3864,episodic_return,9.0
3864,episodic_length,10.0
3873,episodic_return,7.0
3873,episodic_length,8.0
3886,episodic_return,11.0
3886,episodic_length,12.0
3894,episodic_return,6.0
3894,episodic_length,7.0
3908,episodic_return,12.0
3908,episodic_length,13.0
3918,episodic_return,8.0
3918,episodic_length,9.0
3934,episodic_return,14.0
3934,episodic_length,15.0
3939,episodic_return,3.0
3939,episodic_length,4.0
3962,episodic_return,21.0
3962,episodic_length,22.0
3969,episodic_return,5.0
3969,episodic_length,6.0
3987,episodic_return,16.0
3987,episodic_length,17.0
3996,episodic_return,7.0
3996,episodic_length,8.0
4029,episodic_return,31.0
4029,episodic_length,32.0
4043,episodic_return,12.0
4043,episodic_length,13.0
4069,episodic_return,24.0
4069,episodic_length,25.0
4075,episodic_return,4.0
4075,episodic_length,5.0
4096,value_loss,0.4808354675769806
4096,policy_loss,-0.027618855237960815
4096,approx_kl,0.006930649280548096
4096,clipfrac,0.099560546875
4096,explained_variance,0.025290191173553467
4096,sps,550.0
4096,kl_beta,2.0
4106,episodic_return,29.0
4106,episodic_length,30.0
4118,episodic_return,10.0
4118,episodic_length,11.0
4125,episodic_return,5.0
4125,episodic_length,6.0
4158,episodic_return,31.0
4158,episodic_length,32.0
4162,episodic_return,2.0
4162,episodic_length,3.0
4174,episodic_return,10.0
4174,episodic_length,11.0
4195,episodic_return,19.0
4195,episodic_length,20.0
4204,episodic_return,7.0
4204,episodic_length,8.0
4213,episodic_return,7.0
4213,episodic_length,8.0
4226,episodic_return,11.0
4226,episodic_length,12.0
4243,episodic_return,15.0
4243,episodic_length,16.0
4255,episodic_return,10.0
4255,episodic_length,11.0
4265,episodic_return,8.0
4265,episodic_length,9.0
4279,episodic_return,12.0
4279,episodic_length,13.0
4284,episodic_return,3.0
4284,episodic_length,4.0
4293,episodic_return,7.0
4293,episodic_length,8.0
4301,episodic_return,6.0
4301,episodic_length,7.0
4317,episodic_return,14.0
4317,episodic_length,15.0
4326,episodic_return,7.0
4326,episodic_length,8.0
4335,episodic_return,7.0
4335,episodic_length,8.0
4348,episodic_return,11.0
4348,episodic_length,12.0
4361,episodic_return,11.0
4361,episodic_length,12.0
4369,episodic_return,6.0
4369,episodic_length,7.0
4378,episodic_return,7.0
4378,episodic_length,8.0
4395,episodic_return,15.0
4395,episodic_length,16.0
4413,episodic_return,16.0
4413,episodic_length,17.0
4419,episodic_return,4.0
4419,episodic_length,5.0
4435,episodic_return,14.0
4435,episodic_length,15.0
4448,episodic_return,11.0
4448,episodic_length,12.0
4465,episodic_return,15.0
4465,episodic_length,16.0
4499,episodic_return,32.0
4499,episodic_length,33.0
4508,episodic_return,7.0
4508,episodic_length,8.0
4520,episodic_return,10.0
4520,episodic_length,11.0
4557,episodic_return,35.0
4557,episodic_length,36.0
4569,episodic_return,10.0
4569,episodic_length,11.0
4588,episodic_return,17.0
4588,episodic_length,18.0
4599,episodic_return,9.0
4599,episodic_length,10.0
4618,episodic_return,17.0
4618,episodic_length,18.0
4627,episodic_return,7.0
4627,episodic_length,8.0
4637,episodic_return,8.0
4637,episodic_length,9.0
4659,episodic_return,20.0
4659,episodic_length,21.0
4666,episodic_return,5.0
4666,episodic_length,6.0
4690,episodic_return,22.0
4690,episodic_length,23.0
4706,episodic_return,14.0
4706,episodic_length,15.0
4734,episodic_return,26.0
4734,episodic_length,27.0
4741,episodic_return,5.0
4741,episodic_length,6.0
4761,episodic_return,18.0
4761,episodic_length,19.0
4772,episodic_return,9.0
4772,episodic_length,10.0
4803,episodic_return,29.0
4803,episodic_length,30.0
4814,episodic_return,9.0
4814,episodic_length,10.0
4827,episodic_return,11.0
4827,episodic_length,12.0
4842,episodic_return,13.0
4842,episodic_length,14.0
4850,episodic_return,6.0
4850,episodic_length,7.0
4861,episodic_return,9.0
4861,episodic_length,10.0
4880,episodic_return,17.0
4880,episodic_length,18.0
4893,episodic_return,11.0
4893,episodic_length,12.0
4904,episodic_return,9.0
4904,episodic_length,10.0
4946,episodic_return,40.0
4946,episodic_length,41.0
4953,episodic_return,5.0
4953,episodic_length,6.0
4958,episodic_return,3.0
4958,episodic_length,4.0
4968,episodic_return,8.0
4968,episodic_length,9.0
4983,episodic_return,13.0
4983,episodic_length,14.0
4994,episodic_return,9.0
4994,episodic_length,10.0
5022,episodic_return,26.0
5022,episodic_length,27.0
5033,episodic_return,9.0
5033,episodic_length,10.0
5076,episodic_return,41.0
5076,episodic_length,42.0
5091,episodic_return,13.0
5091,episodic_length,14.0
5100,episodic_return,7.0
5100,episodic_length,8.0
5109,episodic_return,7.0
5109,episodic_length,8.0
5125,episodic_return,14.0
5125,episodic_length,15.0
5140,episodic_return,13.0
5140,episodic_length,14.0
5150,episodic_return,8.0
5150,episodic_length,9.0
5179,episodic_return,27.0
5179,episodic_length,28.0
5201,episodic_return,20.0
5201,episodic_length,21.0
5215,episodic_return,12.0
5215,episodic_length,13.0
5228,episodic_return,11.0
5228,episodic_length,12.0
5252,episodic_return,22.0
5252,episodic_length,23.0
5259,episodic_return,5.0
5259,episodic_length,6.0
5271,episodic_return,10.0
5271,episodic_length,11.0
5284,episodic_return,11.0
5284,episodic_length,12.0
5294,episodic_return,8.0
5294,episodic_length,9.0
5313,episodic_return,17.0
5313,episodic_length,18.0
5329,episodic_return,14.0
5329,episodic_length,15.0
5361,episodic_return,30.0
5361,episodic_length,31.0
5370,episodic_return,7.0
5370,episodic_length,8.0
5377,episodic_return,5.0
5377,episodic_length,6.0
5391,episodic_return,12.0
5391,episodic_length,13.0
5410,episodic_return,17.0
5410,episodic_length,18.0
5416,episodic_return,4.0
5416,episodic_length,5.0
5453,episodic_return,35.0
5453,episodic_length,36.0
5462,episodic_return,7.0
5462,episodic_length,8.0
5469,episodic_return,5.0
5469,episodic_length,6.0
5474,episodic_return,3.0
5474,episodic_length,4.0
5497,episodic_return,21.0
5497,episodic_length,22.0
5508,episodic_return,9.0
5508,episodic_length,10.0
5519,episodic_return,9.0
5519,episodic_length,10.0
5527,episodic_return,6.0
5527,episodic_length,7.0
5536,episodic_return,7.0
5536,episodic_length,8.0
5551,episodic_return,13.0
5551,episodic_length,14.0
5560,episodic_return,7.0
5560,episodic_length,8.0
5574,episodic_return,12.0
5574,episodic_length,13.0
5580,episodic_return,4.0
5580,episodic_length,5.0
5587,episodic_return,5.0
5587,episodic_length,6.0
5592,episodic_return,3.0
5592,episodic_length,4.0
5617,episodic_return,23.0
5617,episodic_length,24.0
5646,episodic_return,27.0
5646,episodic_length,28.0
5686,episodic_return,38.0
5686,episodic_length,39.0
5697,episodic_return,9.0
5697,episodic_length,10.0
5705,episodic_return,6.0
5705,episodic_length,7.0
5741,episodic_return,34.0
5741,episodic_length,35.0
5758,episodic_return,15.0
5758,episodic_length,16.0
5778,episodic_return,18.0
5778,episodic_length,19.0
5794,episodic_return,14.0
5794,episodic_length,15.0
5814,episodic_return,18.0
5814,episodic_length,19.0
5822,episodic_return,6.0
5822,episodic_length,7.0
5831,episodic_return,7.0
5831,episodic_length,8.0
5845,episodic_return,12.0
5845,episodic_length,13.0
5853,episodic_return,6.0
5853,episodic_length,7.0
5866,episodic_return,11.0
5866,episodic_length,12.0
5873,episodic_return,5.0
5873,episodic_length,6.0
5935,episodic_return,60.0
5935,episodic_length,61.0
5956,episodic_return,19.0
5956,episodic_length,20.0
6000,episodic_return,42.0
6000,episodic_length,43.0
6013,episodic_return,11.0
6013,episodic_length,12.0
6031,episodic_return,16.0
6031,episodic_length,17.0
6054,episodic_return,21.0
6054,episodic_length,22.0
6073,episodic_return,17.0
6073,episodic_length,18.0
6082,episodic_return,7.0
6082,episodic_length,8.0
6110,episodic_return,26.0
6110,episodic_length,27.0
6121,episodic_return,9.0
6121,episodic_length,10.0
6131,episodic_return,8.0
6131,episodic_length,9.0
6138,episodic_return,5.0
6138,episodic_length,6.0
6144,value_loss,0.4546352028846741
6144,policy_loss,0.004098923876881599
6144,approx_kl,0.0032515013590455055
6144,clipfrac,0.091162109375
6144,explained_variance,0.038160860538482666
6144,sps,574.0
6144,kl_beta,1.0
6149,episodic_return,9.0
6149,episodic_length,10.0
6157,episodic_return,6.0
6157,episodic_length,7.0
6168,episodic_return,9.0
6168,episodic_length,10.0
6177,episodic_return,7.0
6177,episodic_length,8.0
6244,episodic_return,65.0
6244,episodic_length,66.0
6260,episodic_return,14.0
6260,episodic_length,15.0
6266,episodic_return,4.0
6266,episodic_length,5.0
6274,episodic_return,6.0
6274,episodic_length,7.0
6311,episodic_return,35.0
6311,episodic_length,36.0
6320,episodic_return,7.0
6320,episodic_length,8.0
6329,episodic_return,7.0
6329,episodic_length,8.0
6342,episodic_return,11.0
6342,episodic_length,12.0
6350,episodic_return,6.0
6350,episodic_length,7.0
6364,episodic_return,12.0
6364,episodic_length,13.0
6374,episodic_return,8.0
6374,episodic_length,9.0
6396,episodic_return,20.0
6396,episodic_length,21.0
6428,episodic_return,30.0
6428,episodic_length,31.0
6436,episodic_return,6.0
6436,episodic_length,7.0
6454,episodic_return,16.0
6454,episodic_length,17.0
6467,episodic_return,11.0
6467,episodic_length,12.0
6489,episodic_return,20.0
6489,episodic_length,21.0
6506,episodic_return,15.0
6506,episodic_length,16.0
6511,episodic_return,3.0
6511,episodic_length,4.0
6557,episodic_return,44.0
6557,episodic_length,45.0
6567,episodic_return,8.0
6567,episodic_length,9.0
6584,episodic_return,15.0
6584,episodic_length,16.0
6633,episodic_return,47.0
6633,episodic_length,48.0
6673,episodic_return,38.0
6673,episodic_length,39.0
6683,episodic_return,8.0
6683,episodic_length,9.0
6694,episodic_return,9.0
6694,episodic_length,10.0
6714,episodic_return,18.0
6714,episodic_length,19.0
6740,episodic_return,24.0
6740,episodic_length,25.0
6781,episodic_return,39.0
6781,episodic_length,40.0
6822,episodic_return,39.0
6822,episodic_length,40.0
6830,episodic_return,6.0
6830,episodic_length,7.0
6851,episodic_return,19.0
6851,episodic_length,20.0
6861,episodic_return,8.0
6861,episodic_length,9.0
6884,episodic_return,21.0
6884,episodic_length,22.0
6899,episodic_return,13.0
6899,episodic_length,14.0
6930,episodic_return,29.0
6930,episodic_length,30.0
6950,episodic_return,18.0
6950,episodic_length,19.0
6962,episodic_return,10.0
6962,episodic_length,11.0
6992,episodic_return,28.0
6992,episodic_length,29.0
7018,episodic_return,24.0
7018,episodic_length,25.0
7027,episodic_return,7.0
7027,episodic_length,8.0
7054,episodic_return,25.0
7054,episodic_length,26.0
7095,episodic_return,39.0
7095,episodic_length,40.0
7101,episodic_return,4.0
7101,episodic_length,5.0
7127,episodic_return,24.0
7127,episodic_length,25.0
7147,episodic_return,18.0
7147,episodic_length,19.0
7167,episodic_return,18.0
7167,episodic_length,19.0
7178,episodic_return,9.0
7178,episodic_length,10.0
7187,episodic_return,7.0
7187,episodic_length,8.0
7216,episodic_return,27.0
7216,episodic_length,28.0
7239,episodic_return,21.0
7239,episodic_length,22.0
7264,episodic_return,23.0
7264,episodic_length,24.0
7277,episodic_return,11.0
7277,episodic_length,12.0
7295,episodic_return,16.0
7295,episodic_length,17.0
7304,episodic_return,7.0
7304,episodic_length,8.0
7324,episodic_return,18.0
7324,episodic_length,19.0
7366,episodic_return,40.0
7366,episodic_length,41.0
7373,episodic_return,5.0
7373,episodic_length,6.0
7384,episodic_return,9.0
7384,episodic_length,10.0
7399,episodic_return,13.0
7399,episodic_length,14.0
7422,episodic_return,21.0
7422,episodic_length,22.0
7442,episodic_return,18.0
7442,episodic_length,19.0
7481,episodic_return,37.0
7481,episodic_length,38.0
7513,episodic_return,30.0
7513,episodic_length,31.0
7520,episodic_return,5.0
7520,episodic_length,6.0
7527,episodic_return,5.0
7527,episodic_length,6.0
7553,episodic_return,24.0
7553,episodic_length,25.0
7571,episodic_return,16.0
7571,episodic_length,17.0
7602,episodic_return,29.0
7602,episodic_length,30.0
7631,episodic_return,27.0
7631,episodic_length,28.0
7669,episodic_return,36.0
7669,episodic_length,37.0
7680,episodic_return,9.0
7680,episodic_length,10.0
7690,episodic_return,8.0
7690,episodic_length,9.0
7699,episodic_return,7.0
7699,episodic_length,8.0
7706,episodic_return,5.0
7706,episodic_length,6.0
7727,episodic_return,19.0
7727,episodic_length,20.0
7739,episodic_return,10.0
7739,episodic_length,11.0
7774,episodic_return,33.0
7774,episodic_length,34.0
7798,episodic_return,22.0
7798,episodic_length,23.0
7803,episodic_return,3.0
7803,episodic_length,4.0
7835,episodic_return,30.0
7835,episodic_length,31.0
7899,episodic_return,62.0
7899,episodic_length,63.0
7918,episodic_return,17.0
7918,episodic_length,18.0
7931,episodic_return,11.0
7931,episodic_length,12.0
7942,episodic_return,9.0
7942,episodic_length,10.0
7950,episodic_return,6.0
7950,episodic_length,7.0
7963,episodic_return,11.0
7963,episodic_length,12.0
7970,episodic_return,5.0
7970,episodic_length,6.0
7999,episodic_return,27.0
7999,episodic_length,28.0
8037,episodic_return,36.0
8037,episodic_length,37.0
8058,episodic_return,19.0
8058,episodic_length,20.0
8090,episodic_return,30.0
8090,episodic_length,31.0
8098,episodic_return,6.0
8098,episodic_length,7.0
8122,episodic_return,22.0
8122,episodic_length,23.0
8182,episodic_return,58.0
8182,episodic_length,59.0
8192,value_loss,0.33310598134994507
8192,policy_loss,-0.058078959584236145
8192,approx_kl,0.02368457429111004
8192,clipfrac,0.250048828125
8192,explained_variance,0.04205596446990967
8192,sps,580.0
8192,kl_beta,2.0
8226,episodic_return,42.0
8226,episodic_length,43.0
8263,episodic_return,35.0
8263,episodic_length,36.0
8339,episodic_return,74.0
8339,episodic_length,75.0
8355,episodic_return,14.0
8355,episodic_length,15.0
8396,episodic_return,39.0
8396,episodic_length,40.0
8403,episodic_return,5.0
8403,episodic_length,6.0
8434,episodic_return,29.0
8434,episodic_length,30.0
8505,episodic_return,69.0
8505,episodic_length,70.0
8534,episodic_return,27.0
8534,episodic_length,28.0
8580,episodic_return,44.0
8580,episodic_length,45.0
8601,episodic_return,19.0
8601,episodic_length,20.0
8614,episodic_return,11.0
8614,episodic_length,12.0
8631,episodic_return,15.0
8631,episodic_length,16.0
8643,episodic_return,10.0
8643,episodic_length,11.0
8659,episodic_return,14.0
8659,episodic_length,15.0
8760,episodic_return,99.0
8760,episodic_length,100.0
8813,episodic_return,51.0
8813,episodic_length,52.0
8842,episodic_return,27.0
8842,episodic_length,28.0
8904,episodic_return,60.0
8904,episodic_length,61.0
8943,episodic_return,37.0
8943,episodic_length,38.0
8983,episodic_return,38.0
8983,episodic_length,39.0
8991,episodic_return,6.0
8991,episodic_length,7.0
9033,episodic_return,40.0
9033,episodic_length,41.0
9045,episodic_return,10.0
9045,episodic_length,11.0
9079,episodic_return,32.0
9079,episodic_length,33.0
9113,episodic_return,32.0
9113,episodic_length,33.0
9136,episodic_return,21.0
9136,episodic_length,22.0
9192,episodic_return,54.0
9192,episodic_length,55.0
9216,episodic_return,22.0
9216,episodic_length,23.0
9266,episodic_return,48.0
9266,episodic_length,49.0
9307,episodic_return,39.0
9307,episodic_length,40.0
9313,episodic_return,4.0
9313,episodic_length,5.0
9449,episodic_return,134.0
9449,episodic_length,135.0
9477,episodic_return,26.0
9477,episodic_length,27.0
9525,episodic_return,46.0
9525,episodic_length,47.0
9575,episodic_return,48.0
9575,episodic_length,49.0
9620,episodic_return,43.0
9620,episodic_length,44.0
9644,episodic_return,22.0
9644,episodic_length,23.0
9673,episodic_return,27.0
9673,episodic_length,28.0
9712,episodic_return,37.0
9712,episodic_length,38.0
9727,episodic_return,13.0
9727,episodic_length,14.0
9736,episodic_return,7.0
9736,episodic_length,8.0
9769,episodic_return,31.0
9769,episodic_length,32.0
9790,episodic_return,19.0
9790,episodic_length,20.0
9807,episodic_return,15.0
9807,episodic_length,16.0
9850,episodic_return,41.0
9850,episodic_length,42.0
9875,episodic_return,23.0
9875,episodic_length,24.0
9890,episodic_return,13.0
9890,episodic_length,14.0
9903,episodic_return,11.0
9903,episodic_length,12.0
9954,episodic_return,49.0
9954,episodic_length,50.0
9988,episodic_return,32.0
9988,episodic_length,33.0
10008,episodic_return,18.0
10008,episodic_length,19.0
10066,episodic_return,56.0
10066,episodic_length,57.0
10097,episodic_return,29.0
10097,episodic_length,30.0
10107,episodic_return,8.0
10107,episodic_length,9.0
10120,episodic_return,11.0
10120,episodic_length,12.0
10169,episodic_return,47.0
10169,episodic_length,48.0
10221,episodic_return,50.0
10221,episodic_length,51.0
10240,value_loss,0.34065482020378113
10240,policy_loss,-0.039423033595085144
10240,approx_kl,0.009160784073174
10240,clipfrac,0.07705078125
10240,explained_variance,0.06728219985961914
10240,sps,584.0
10240,kl_beta,2.0
10241,episodic_return,18.0
10241,episodic_length,19.0
10268,episodic_return,25.0
10268,episodic_length,26.0
10331,episodic_return,61.0
10331,episodic_length,62.0
10417,episodic_return,84.0
10417,episodic_length,85.0
10451,episodic_return,32.0
10451,episodic_length,33.0
10515,episodic_return,62.0
10515,episodic_length,63.0
10572,episodic_return,55.0
10572,episodic_length,56.0
10617,episodic_return,43.0
10617,episodic_length,44.0
10692,episodic_return,73.0
10692,episodic_length,74.0
10734,episodic_return,40.0
10734,episodic_length,41.0
10767,episodic_return,31.0
10767,episodic_length,32.0
10851,episodic_return,82.0
10851,episodic_length,83.0
10923,episodic_return,70.0
10923,episodic_length,71.0
11043,episodic_return,118.0
11043,episodic_length,119.0
11052,episodic_return,7.0
11052,episodic_length,8.0
11122,episodic_return,68.0
11122,episodic_length,69.0
11152,episodic_return,28.0
11152,episodic_length,29.0
11215,episodic_return,61.0
11215,episodic_length,62.0
11227,episodic_return,10.0
11227,episodic_length,11.0
11337,episodic_return,108.0
11337,episodic_length,109.0
11417,episodic_return,78.0
11417,episodic_length,79.0
11493,episodic_return,74.0
11493,episodic_length,75.0
11562,episodic_return,67.0
11562,episodic_length,68.0
11684,episodic_return,120.0
11684,episodic_length,121.0
11752,episodic_return,66.0
11752,episodic_length,67.0
11797,episodic_return,43.0
11797,episodic_length,44.0
11874,episodic_return,75.0
11874,episodic_length,76.0
11903,episodic_return,27.0
11903,episodic_length,28.0
11978,episodic_return,73.0
11978,episodic_length,74.0
12027,episodic_return,47.0
12027,episodic_length,48.0
12040,episodic_return,11.0
12040,episodic_length,12.0
12115,episodic_return,73.0
12115,episodic_length,74.0
12187,episodic_return,70.0
12187,episodic_length,71.0
12200,episodic_return,11.0
12200,episodic_length,12.0
12211,episodic_return,9.0
12211,episodic_length,10.0
12288,value_loss,0.26619115471839905
12288,policy_loss,0.0004266910254955292
12288,approx_kl,0.0036841463297605515
12288,clipfrac,0.056103515625
12288,explained_variance,0.19287079572677612
12288,sps,588.0
12288,kl_beta,1.0
12292,episodic_return,79.0
12292,episodic_length,80.0
12323,episodic_return,29.0
12323,episodic_length,30.0
12336,episodic_return,11.0
12336,episodic_length,12.0
12354,episodic_return,16.0
12354,episodic_length,17.0
12408,episodic_return,52.0
12408,episodic_length,53.0
12466,episodic_return,56.0
12466,episodic_length,57.0
12528,episodic_return,60.0
12528,episodic_length,61.0
12630,episodic_return,100.0
12630,episodic_length,101.0
12655,episodic_return,23.0
12655,episodic_length,24.0
12707,episodic_return,50.0
12707,episodic_length,51.0
12788,episodic_return,79.0
12788,episodic_length,80.0
12844,episodic_return,54.0
12844,episodic_length,55.0
12940,episodic_return,94.0
12940,episodic_length,95.0
13004,episodic_return,62.0
13004,episodic_length,63.0
13123,episodic_return,117.0
13123,episodic_length,118.0
13206,episodic_return,81.0
13206,episodic_length,82.0
13261,episodic_return,53.0
13261,episodic_length,54.0
13375,episodic_return,112.0
13375,episodic_length,113.0
13387,episodic_return,10.0
13387,episodic_length,11.0
13476,episodic_return,87.0
13476,episodic_length,88.0
13586,episodic_return,108.0
13586,episodic_length,109.0
13649,episodic_return,61.0
13649,episodic_length,62.0
13730,episodic_return,79.0
13730,episodic_length,80.0
13791,episodic_return,59.0
13791,episodic_length,60.0
13828,episodic_return,35.0
13828,episodic_length,36.0
13900,episodic_return,70.0
13900,episodic_length,71.0
13992,episodic_return,90.0
13992,episodic_length,91.0
14065,episodic_return,71.0
14065,episodic_length,72.0
14094,episodic_return,27.0
14094,episodic_length,28.0
14114,episodic_return,18.0
14114,episodic_length,19.0
14248,episodic_return,132.0
14248,episodic_length,133.0
14327,episodic_return,77.0
14327,episodic_length,78.0
14336,value_loss,0.14963887631893158
14336,policy_loss,-0.008596503175795078
14336,approx_kl,0.013830429874360561
14336,clipfrac,0.094921875
14336,explained_variance,0.31924766302108765
14336,sps,591.0
14336,kl_beta,1.0
14558,episodic_return,229.0
14558,episodic_length,230.0
14618,episodic_return,58.0
14618,episodic_length,59.0
14725,episodic_return,105.0
14725,episodic_length,106.0
14773,episodic_return,46.0
14773,episodic_length,47.0
14862,episodic_return,87.0
14862,episodic_length,88.0
15007,episodic_return,143.0
15007,episodic_length,144.0
15095,episodic_return,86.0
15095,episodic_length,87.0
15179,episodic_return,82.0
15179,episodic_length,83.0
15454,episodic_return,273.0
15454,episodic_length,274.0
15539,episodic_return,83.0
15539,episodic_length,84.0
15611,episodic_return,70.0
15611,episodic_length,71.0
15664,episodic_return,51.0
15664,episodic_length,52.0
15844,episodic_return,178.0
15844,episodic_length,179.0
15972,episodic_return,126.0
15972,episodic_length,127.0
16041,episodic_return,67.0
16041,episodic_length,68.0
16293,episodic_return,250.0
16293,episodic_length,251.0
16384,value_loss,0.07970288395881653
16384,policy_loss,-0.0036334246397018433
16384,approx_kl,0.004692506045103073
16384,clipfrac,0.054833984375
16384,explained_variance,0.49186331033706665
16384,sps,594.0
16384,kl_beta,0.5
16425,episodic_return,130.0
16425,episodic_length,131.0
16642,episodic_return,215.0
16642,episodic_length,216.0
16721,episodic_return,77.0
16721,episodic_length,78.0
16854,episodic_return,131.0
16854,episodic_length,132.0
16922,episodic_return,66.0
16922,episodic_length,67.0
16992,episodic_return,68.0
16992,episodic_length,69.0
17153,episodic_return,159.0
17153,episodic_length,160.0
17348,episodic_return,193.0
17348,episodic_length,194.0
17491,episodic_return,141.0
17491,episodic_length,142.0
17648,episodic_return,155.0
17648,episodic_length,156.0
17735,episodic_return,85.0
17735,episodic_length,86.0
17925,episodic_return,188.0
17925,episodic_length,189.0
18030,episodic_return,103.0
18030,episodic_length,104.0
18214,episodic_return,182.0
18214,episodic_length,183.0
18298,episodic_return,82.0
18298,episodic_length,83.0
18398,episodic_return,98.0
18398,episodic_length,99.0
18432,value_loss,0.03053056076169014
18432,policy_loss,-0.021277595311403275
18432,approx_kl,0.012694290839135647
18432,clipfrac,0.197802734375
18432,explained_variance,0.61091747879982
18432,sps,597.0
18432,kl_beta,0.5
18974,episodic_return,574.0
18974,episodic_length,575.0
19135,episodic_return,159.0
19135,episodic_length,160.0
19362,episodic_return,225.0
19362,episodic_length,226.0
20008,episodic_return,644.0
20008,episodic_length,645.0
20480,value_loss,0.01611393690109253
20480,policy_loss,-0.051069825887680054
20480,approx_kl,0.028751062229275703
20480,clipfrac,0.2724609375
20480,explained_variance,0.67308309674263
20480,sps,600.0
20480,kl_beta,1.0
21009,episodic_return,1000.0
21009,episodic_length,1000.0
22010,episodic_return,1000.0
22010,episodic_length,1000.0
22528,value_loss,0.08872053772211075
22528,policy_loss,-0.0010858317837119102
22528,approx_kl,0.004774660803377628
22528,clipfrac,0.047705078125
22528,explained_variance,0.04364079236984253
22528,sps,601.0
22528,kl_beta,0.5
23011,episodic_return,1000.0
23011,episodic_length,1000.0
24012,episodic_return,1000.0
24012,episodic_length,1000.0
24576,value_loss,0.005838609300553799
24576,policy_loss,-0.019650135189294815
24576,approx_kl,0.006859086453914642
24576,clipfrac,0.072412109375
24576,explained_variance,0.07484418153762817
24576,sps,603.0
24576,kl_beta,0.5
25013,episodic_return,1000.0
25013,episodic_length,1000.0
26014,episodic_return,1000.0
26014,episodic_length,1000.0
26624,value_loss,0.0018619606271386147
26624,policy_loss,0.02231542579829693
26624,approx_kl,0.006942626088857651
26624,clipfrac,0.0419921875
26624,explained_variance,-0.03707575798034668
26624,sps,605.0
26624,kl_beta,0.5
27015,episodic_return,1000.0
27015,episodic_length,1000.0
28016,episodic_return,1000.0
28016,episodic_length,1000.0
28672,value_loss,0.005652645602822304
28672,policy_loss,0.041367217898368835
28672,approx_kl,0.01087881624698639
28672,clipfrac,0.0517578125
28672,explained_variance,-0.03023993968963623
28672,sps,606.0
28672,kl_beta,0.5
29017,episodic_return,1000.0
29017,episodic_length,1000.0
30018,episodic_return,1000.0
30018,episodic_length,1000.0
30720,value_loss,0.06745260208845139
30720,policy_loss,0.01975470967590809
30720,approx_kl,0.021661270409822464
30720,clipfrac,0.207275390625
30720,explained_variance,-0.024345874786376953
30720,sps,608.0
30720,kl_beta,1.0
31019,episodic_return,1000.0
31019,episodic_length,1000.0
32020,episodic_return,1000.0
32020,episodic_length,1000.0
32768,value_loss,0.0028001652099192142
32768,policy_loss,-0.004065393470227718
32768,approx_kl,0.0016760146245360374
32768,clipfrac,0.019677734375
32768,explained_variance,-0.017136216163635254
32768,sps,610.0
32768,kl_beta,0.5
33021,episodic_return,1000.0
33021,episodic_length,1000.0
34022,episodic_return,1000.0
34022,episodic_length,1000.0
34816,value_loss,0.054107390344142914
34816,policy_loss,-0.0003628479316830635
34816,approx_kl,0.0013207849115133286
34816,clipfrac,0.02080078125
34816,explained_variance,-0.029386520385742188
34816,sps,613.0
34816,kl_beta,0.25
35023,episodic_return,1000.0
35023,episodic_length,1000.0
36024,episodic_return,1000.0
36024,episodic_length,1000.0
36864,value_loss,0.02976151555776596
36864,policy_loss,0.012197013944387436
36864,approx_kl,0.00734652578830719
36864,clipfrac,0.062939453125
36864,explained_variance,-0.008430242538452148
36864,sps,611.0
36864,kl_beta,0.25
37025,episodic_return,1000.0
37025,episodic_length,1000.0
38026,episodic_return,1000.0
38026,episodic_length,1000.0
38912,value_loss,0.01615927368402481
38912,policy_loss,-0.0003425274044275284
38912,approx_kl,0.0037151500582695007
38912,clipfrac,0.075439453125
38912,explained_variance,0.0005295276641845703
38912,sps,610.0
38912,kl_beta,0.125
39027,episodic_return,1000.0
39027,episodic_length,1000.0
40028,episodic_return,1000.0
40028,episodic_length,1000.0
40960,value_loss,0.020315490663051605
40960,policy_loss,-0.08862654864788055
40960,approx_kl,0.15868450701236725
40960,clipfrac,0.45224609375
40960,explained_variance,0.04514282941818237
40960,sps,609.0
40960,kl_beta,0.25
41029,episodic_return,1000.0
41029,episodic_length,1000.0
41240,episodic_return,209.0
41240,episodic_length,210.0
41377,episodic_return,135.0
41377,episodic_length,136.0
41555,episodic_return,176.0
41555,episodic_length,177.0
41702,episodic_return,145.0
41702,episodic_length,146.0
41876,episodic_return,172.0
41876,episodic_length,173.0
42039,episodic_return,161.0
42039,episodic_length,162.0
42224,episodic_return,183.0
42224,episodic_length,184.0
42389,episodic_return,163.0
42389,episodic_length,164.0
42550,episodic_return,159.0
42550,episodic_length,160.0
42715,episodic_return,163.0
42715,episodic_length,164.0
42878,episodic_return,161.0
42878,episodic_length,162.0
43008,value_loss,0.028004787862300873
43008,policy_loss,0.009558018296957016
43008,approx_kl,0.030203893780708313
43008,clipfrac,0.179541015625
43008,explained_variance,0.5693168938159943
43008,sps,609.0
43008,kl_beta,0.5
43068,episodic_return,188.0
43068,episodic_length,189.0
43245,episodic_return,175.0
43245,episodic_length,176.0
43442,episodic_return,195.0
43442,episodic_length,196.0
43648,episodic_return,204.0
43648,episodic_length,205.0
43840,episodic_return,190.0
43840,episodic_length,191.0
44083,episodic_return,241.0
44083,episodic_length,242.0
44221,episodic_return,136.0
44221,episodic_length,137.0
44385,episodic_return,162.0
44385,episodic_length,163.0
44535,episodic_return,148.0
44535,episodic_length,149.0
44675,episodic_return,138.0
44675,episodic_length,139.0
44860,episodic_return,183.0
44860,episodic_length,184.0
45028,episodic_return,166.0
45028,episodic_length,167.0
45056,value_loss,0.011658819392323494
45056,policy_loss,0.015384189784526825
45056,approx_kl,0.06104087829589844
45056,clipfrac,0.337060546875
45056,explained_variance,0.6888412535190582
45056,sps,609.0
45056,kl_beta,1.0
45329,episodic_return,299.0
45329,episodic_length,300.0
45598,episodic_return,267.0
45598,episodic_length,268.0
45865,episodic_return,265.0
45865,episodic_length,266.0
46089,episodic_return,222.0
46089,episodic_length,223.0
46349,episodic_return,258.0
46349,episodic_length,259.0
46612,episodic_return,261.0
46612,episodic_length,262.0
46880,episodic_return,266.0
46880,episodic_length,267.0
47104,value_loss,0.012469800189137459
47104,policy_loss,-0.01072550006210804
47104,approx_kl,0.010354002937674522
47104,clipfrac,0.09970703125
47104,explained_variance,0.7279669046401978
47104,sps,610.0
47104,kl_beta,1.0
47231,episodic_return,349.0
47231,episodic_length,350.0
47525,episodic_return,292.0
47525,episodic_length,293.0
47780,episodic_return,253.0
47780,episodic_length,254.0
48044,episodic_return,262.0
48044,episodic_length,263.0
48322,episodic_return,276.0
48322,episodic_length,277.0
48699,episodic_return,375.0
48699,episodic_length,376.0
49055,episodic_return,354.0
49055,episodic_length,355.0
49152,value_loss,0.012205296196043491
49152,policy_loss,-0.013390088453888893
49152,approx_kl,0.007334278896450996
49152,clipfrac,0.12490234375
49152,explained_variance,0.7198420763015747
49152,sps,609.0
49152,kl_beta,1.0
49407,episodic_return,350.0
49407,episodic_length,351.0
49781,episodic_return,372.0
49781,episodic_length,373.0
49994,episodic_return,211.0
49994,episodic_length,212.0
50266,episodic_return,270.0
50266,episodic_length,271.0
50618,episodic_return,350.0
50618,episodic_length,351.0
50946,episodic_return,326.0
50946,episodic_length,327.0
51200,value_loss,0.030162237584590912
51200,policy_loss,-0.02659284882247448
51200,approx_kl,0.015945473685860634
51200,clipfrac,0.152685546875
51200,explained_variance,0.7027531564235687
51200,sps,610.0
51200,kl_beta,2.0
51249,episodic_return,301.0
51249,episodic_length,302.0
51617,episodic_return,366.0
51617,episodic_length,367.0
52320,episodic_return,701.0
52320,episodic_length,702.0
52721,episodic_return,399.0
52721,episodic_length,400.0
53079,episodic_return,356.0
53079,episodic_length,357.0
53248,value_loss,0.022081628441810608
53248,policy_loss,-0.044784460216760635
53248,approx_kl,0.006868438795208931
53248,clipfrac,0.057373046875
53248,explained_variance,0.6940307915210724
53248,sps,611.0
53248,kl_beta,2.0
53485,episodic_return,404.0
53485,episodic_length,405.0
53963,episodic_return,476.0
53963,episodic_length,477.0
54542,episodic_return,577.0
54542,episodic_length,578.0
54803,episodic_return,259.0
54803,episodic_length,260.0
55153,episodic_return,348.0
55153,episodic_length,349.0
55296,value_loss,0.023184262216091156
55296,policy_loss,-0.008488256484270096
55296,approx_kl,0.0005666483193635941
55296,clipfrac,0.022412109375
55296,explained_variance,0.6839363873004913
55296,sps,611.0
55296,kl_beta,1.0
55712,episodic_return,557.0
55712,episodic_length,558.0
56085,episodic_return,371.0
56085,episodic_length,372.0
56396,episodic_return,309.0
56396,episodic_length,310.0
56694,episodic_return,296.0
56694,episodic_length,297.0
56984,episodic_return,288.0
56984,episodic_length,289.0
57099,episodic_return,113.0
57099,episodic_length,114.0
57232,episodic_return,131.0
57232,episodic_length,132.0
57344,value_loss,0.04619170352816582
57344,policy_loss,0.024882597848773003
57344,approx_kl,0.023064902052283287
57344,clipfrac,0.1322265625
57344,explained_variance,0.5787029564380646
57344,sps,612.0
57344,kl_beta,2.0
58095,episodic_return,861.0
58095,episodic_length,862.0
58565,episodic_return,468.0
58565,episodic_length,469.0
59134,episodic_return,567.0
59134,episodic_length,568.0
59392,value_loss,0.01905019022524357
59392,policy_loss,0.02068403922021389
59392,approx_kl,0.003334282897412777
59392,clipfrac,0.024462890625
59392,explained_variance,0.6479933261871338
59392,sps,613.0
59392,kl_beta,1.0
59401,episodic_return,265.0
59401,episodic_length,266.0
60007,episodic_return,604.0
60007,episodic_length,605.0
60352,episodic_return,343.0
60352,episodic_length,344.0
60640,episodic_return,286.0
60640,episodic_length,287.0
60971,episodic_return,329.0
60971,episodic_length,330.0
61262,episodic_return,289.0
61262,episodic_length,290.0
61440,value_loss,0.02878592535853386
61440,policy_loss,-0.037228114902973175
61440,approx_kl,0.00881127454340458
61440,clipfrac,0.14833984375
61440,explained_variance,0.6887359023094177
61440,sps,615.0
61440,kl_beta,1.0
61854,episodic_return,590.0
61854,episodic_length,591.0
62315,episodic_return,459.0
62315,episodic_length,460.0
63021,episodic_return,704.0
63021,episodic_length,705.0
63342,episodic_return,319.0
63342,episodic_length,320.0
63488,value_loss,0.013179157860577106
63488,policy_loss,-0.00652722641825676
63488,approx_kl,0.007292699068784714
63488,clipfrac,0.088427734375
63488,explained_variance,0.7167105078697205
63488,sps,615.0
63488,kl_beta,1.0
64007,episodic_return,663.0
64007,episodic_length,664.0
64493,episodic_return,484.0
64493,episodic_length,485.0
65494,episodic_return,1000.0
65494,episodic_length,1000.0
65536,value_loss,0.02256007120013237
65536,policy_loss,-0.016164589673280716
65536,approx_kl,0.013938297517597675
65536,clipfrac,0.125732421875
65536,explained_variance,0.5361416041851044
65536,sps,615.0
65536,kl_beta,1.0
66495,episodic_return,1000.0
66495,episodic_length,1000.0
67496,episodic_return,1000.0
67496,episodic_length,1000.0
67584,value_loss,0.003266250714659691
67584,policy_loss,0.0009357063099741936
67584,approx_kl,0.01179428119212389
67584,clipfrac,0.103076171875
67584,explained_variance,-0.14911282062530518
67584,sps,614.0
67584,kl_beta,1.0
68497,episodic_return,1000.0
68497,episodic_length,1000.0
69498,episodic_return,1000.0
69498,episodic_length,1000.0
69632,value_loss,0.007301319390535355
69632,policy_loss,-0.009314111433923244
69632,approx_kl,0.0022728750482201576
69632,clipfrac,0.032275390625
69632,explained_variance,0.00779038667678833
69632,sps,615.0
69632,kl_beta,0.5
70499,episodic_return,1000.0
70499,episodic_length,1000.0
71500,episodic_return,1000.0
71500,episodic_length,1000.0
71680,value_loss,0.051646437495946884
71680,policy_loss,-0.007428616750985384
71680,approx_kl,0.0025771399959921837
71680,clipfrac,0.037939453125
71680,explained_variance,0.007615923881530762
71680,sps,616.0
71680,kl_beta,0.25
72501,episodic_return,1000.0
72501,episodic_length,1000.0
73502,episodic_return,1000.0
73502,episodic_length,1000.0
73728,value_loss,0.0008743254584260285
73728,policy_loss,-0.03840002417564392
73728,approx_kl,0.030475499108433723
73728,clipfrac,0.301025390625
73728,explained_variance,0.03387993574142456
73728,sps,617.0
73728,kl_beta,0.5
74503,episodic_return,1000.0
74503,episodic_length,1000.0
75504,episodic_return,1000.0
75504,episodic_length,1000.0
75776,value_loss,0.015762152150273323
75776,policy_loss,0.0013450440019369125
75776,approx_kl,0.001794125884771347
75776,clipfrac,0.0359375
75776,explained_variance,-0.04134869575500488
75776,sps,617.0
75776,kl_beta,0.25
76505,episodic_return,1000.0
76505,episodic_length,1000.0
77506,episodic_return,1000.0
77506,episodic_length,1000.0
77824,value_loss,0.09420885890722275
77824,policy_loss,-0.016797054558992386
77824,approx_kl,0.0036819428205490112
77824,clipfrac,0.08759765625
77824,explained_variance,-0.03181934356689453
77824,sps,617.0
77824,kl_beta,0.125
78507,episodic_return,1000.0
78507,episodic_length,1000.0
79508,episodic_return,1000.0
79508,episodic_length,1000.0
79872,value_loss,0.025992615148425102
79872,policy_loss,-0.02464892715215683
79872,approx_kl,0.07468538731336594
79872,clipfrac,0.2857421875
79872,explained_variance,-0.01430356502532959
79872,sps,618.0
79872,kl_beta,0.25
80509,episodic_return,1000.0
80509,episodic_length,1000.0
81510,episodic_return,1000.0
81510,episodic_length,1000.0
81920,value_loss,0.07390309125185013
81920,policy_loss,0.0477675125002861
81920,approx_kl,0.03893730789422989
81920,clipfrac,0.241748046875
81920,explained_variance,0.013776719570159912
81920,sps,617.0
81920,kl_beta,0.5
82511,episodic_return,1000.0
82511,episodic_length,1000.0
83512,episodic_return,1000.0
83512,episodic_length,1000.0
83968,value_loss,0.00800723023712635
83968,policy_loss,0.009886600077152252
83968,approx_kl,0.011596747674047947
83968,clipfrac,0.062744140625
83968,explained_variance,0.046535611152648926
83968,sps,619.0
83968,kl_beta,0.5
84513,episodic_return,1000.0
84513,episodic_length,1000.0
85514,episodic_return,1000.0
85514,episodic_length,1000.0
86016,value_loss,0.02675445005297661
86016,policy_loss,0.0035949228331446648
86016,approx_kl,0.0031677763909101486
86016,clipfrac,0.063037109375
86016,explained_variance,0.011640310287475586
86016,sps,618.0
86016,kl_beta,0.25
86515,episodic_return,1000.0
86515,episodic_length,1000.0
87513,episodic_return,996.0
87513,episodic_length,997.0
88064,value_loss,0.035319533199071884
88064,policy_loss,0.023377124220132828
88064,approx_kl,0.008466276340186596
88064,clipfrac,0.07470703125
88064,explained_variance,0.2291700839996338
88064,sps,617.0
88064,kl_beta,0.25
88514,episodic_return,1000.0
88514,episodic_length,1000.0
88520,episodic_return,4.0
88520,episodic_length,5.0
89521,episodic_return,1000.0
89521,episodic_length,1000.0
90112,value_loss,0.08022455871105194
90112,policy_loss,-0.014465568587183952
90112,approx_kl,0.009144344367086887
90112,clipfrac,0.23857421875
90112,explained_variance,0.02381497621536255
90112,sps,619.0
90112,kl_beta,0.25
90522,episodic_return,1000.0
90522,episodic_length,1000.0
91523,episodic_return,1000.0
91523,episodic_length,1000.0
92160,value_loss,0.059488922357559204
92160,policy_loss,-0.024126872420310974
92160,approx_kl,0.04375213012099266
92160,clipfrac,0.364013671875
92160,explained_variance,0.048704683780670166
92160,sps,619.0
92160,kl_beta,0.5
92351,episodic_return,826.0
92351,episodic_length,827.0
92878,episodic_return,525.0
92878,episodic_length,526.0
93126,episodic_return,246.0
93126,episodic_length,247.0
93559,episodic_return,431.0
93559,episodic_length,432.0
93879,episodic_return,318.0
93879,episodic_length,319.0
94208,value_loss,0.0360538512468338
94208,policy_loss,-0.03968611732125282
94208,approx_kl,0.004740176722407341
94208,clipfrac,0.02890625
94208,explained_variance,0.2684672474861145
94208,sps,617.0
94208,kl_beta,0.25
94221,episodic_return,340.0
94221,episodic_length,341.0
94541,episodic_return,318.0
94541,episodic_length,319.0
95040,episodic_return,497.0
95040,episodic_length,498.0
95452,episodic_return,410.0
95452,episodic_length,411.0
95888,episodic_return,434.0
95888,episodic_length,435.0
96256,value_loss,0.040484361350536346
96256,policy_loss,-0.03806868568062782
96256,approx_kl,0.024882357567548752
96256,clipfrac,0.135302734375
96256,explained_variance,0.48002690076828003
96256,sps,617.0
96256,kl_beta,0.5
96593,episodic_return,703.0
96593,episodic_length,704.0
97594,episodic_return,1000.0
97594,episodic_length,1000.0
98304,value_loss,0.01633140817284584
98304,policy_loss,-0.031331829726696014
98304,approx_kl,0.014719202183187008
98304,clipfrac,0.139111328125
98304,explained_variance,-0.050994038581848145
98304,sps,616.0
98304,kl_beta,0.5
98595,episodic_return,1000.0
98595,episodic_length,1000.0
99596,episodic_return,1000.0
99596,episodic_length,1000.0
100352,value_loss,0.0015564323402941227
100352,policy_loss,-0.006901536602526903
100352,approx_kl,0.0018141930922865868
100352,clipfrac,0.049658203125
100352,explained_variance,0.03271692991256714
100352,sps,615.0
100352,kl_beta,0.25
100597,episodic_return,1000.0
100597,episodic_length,1000.0
101598,episodic_return,1000.0
101598,episodic_length,1000.0
102400,value_loss,0.04511271417140961
102400,policy_loss,-0.01645868644118309
102400,approx_kl,0.025960013270378113
102400,clipfrac,0.33662109375
102400,explained_variance,0.017577826976776123
102400,sps,616.0
102400,kl_beta,0.5
102599,episodic_return,1000.0
102599,episodic_length,1000.0
103600,episodic_return,1000.0
103600,episodic_length,1000.0
104448,value_loss,0.007041681557893753
104448,policy_loss,-0.0025995709002017975
104448,approx_kl,0.00410475954413414
104448,clipfrac,0.04033203125
104448,explained_variance,-0.0033801794052124023
104448,sps,615.0
104448,kl_beta,0.25
104601,episodic_return,1000.0
104601,episodic_length,1000.0
105602,episodic_return,1000.0
105602,episodic_length,1000.0
106496,value_loss,0.03800131008028984
106496,policy_loss,-0.018758611753582954
106496,approx_kl,0.015226339921355247
106496,clipfrac,0.164404296875
106496,explained_variance,0.039917051792144775
106496,sps,615.0
106496,kl_beta,0.5
106603,episodic_return,1000.0
106603,episodic_length,1000.0
107061,episodic_return,456.0
107061,episodic_length,457.0
107328,episodic_return,265.0
107328,episodic_length,266.0
108329,episodic_return,1000.0
108329,episodic_length,1000.0
108544,value_loss,0.07165279239416122
108544,policy_loss,-0.037494171410799026
108544,approx_kl,0.00695919431746006
108544,clipfrac,0.0419921875
108544,explained_variance,0.03781533241271973
108544,sps,615.0
108544,kl_beta,0.5
109330,episodic_return,1000.0
109330,episodic_length,1000.0
110331,episodic_return,1000.0
110331,episodic_length,1000.0
110592,value_loss,0.014389083720743656
110592,policy_loss,0.007247247267514467
110592,approx_kl,0.005715386010706425
110592,clipfrac,0.041845703125
110592,explained_variance,0.0009992718696594238
110592,sps,614.0
110592,kl_beta,0.25
111332,episodic_return,1000.0
111332,episodic_length,1000.0
112333,episodic_return,1000.0
112333,episodic_length,1000.0
112640,value_loss,0.0013191206380724907
112640,policy_loss,0.006075085140764713
112640,approx_kl,0.003980281762778759
112640,clipfrac,0.07255859375
112640,explained_variance,-0.024960875511169434
112640,sps,613.0
112640,kl_beta,0.125
113054,episodic_return,719.0
113054,episodic_length,720.0
114055,episodic_return,1000.0
114055,episodic_length,1000.0
114688,value_loss,0.00484165083616972
114688,policy_loss,0.01777590811252594
114688,approx_kl,0.03639209270477295
114688,clipfrac,0.28955078125
114688,explained_variance,0.03780841827392578
114688,sps,613.0
114688,kl_beta,0.25
115056,episodic_return,1000.0
115056,episodic_length,1000.0
115871,episodic_return,813.0
115871,episodic_length,814.0
116736,value_loss,0.007237547542899847
116736,policy_loss,-0.0021740971133112907
116736,approx_kl,0.00497131422162056
116736,clipfrac,0.043896484375
116736,explained_variance,0.032205283641815186
116736,sps,614.0
116736,kl_beta,0.125
116872,episodic_return,1000.0
116872,episodic_length,1000.0
117873,episodic_return,1000.0
117873,episodic_length,1000.0
118784,value_loss,0.03728725388646126
118784,policy_loss,0.08320613950490952
118784,approx_kl,0.10092920809984207
118784,clipfrac,0.28291015625
118784,explained_variance,0.0305367112159729
118784,sps,615.0
118784,kl_beta,0.25
118874,episodic_return,1000.0
118874,episodic_length,1000.0
119875,episodic_return,1000.0
119875,episodic_length,1000.0
120832,value_loss,0.036733999848365784
120832,policy_loss,-0.011312639340758324
120832,approx_kl,0.0024105384945869446
120832,clipfrac,0.0212890625
120832,explained_variance,0.012413978576660156
120832,sps,615.0
120832,kl_beta,0.125
120876,episodic_return,1000.0
120876,episodic_length,1000.0
121877,episodic_return,1000.0
121877,episodic_length,1000.0
122878,episodic_return,1000.0
122878,episodic_length,1000.0
122880,value_loss,0.03428245335817337
122880,policy_loss,0.01057455688714981
122880,approx_kl,0.056728363037109375
122880,clipfrac,0.29609375
122880,explained_variance,0.05263197422027588
122880,sps,615.0
122880,kl_beta,0.25
123879,episodic_return,1000.0
123879,episodic_length,1000.0
124806,episodic_return,925.0
124806,episodic_length,926.0
124928,value_loss,0.03494264930486679
124928,policy_loss,0.021706262603402138
124928,approx_kl,0.015239064581692219
124928,clipfrac,0.14072265625
124928,explained_variance,0.06932705640792847
124928,sps,614.0
124928,kl_beta,0.5
125807,episodic_return,1000.0
125807,episodic_length,1000.0
126808,episodic_return,1000.0
126808,episodic_length,1000.0
126976,value_loss,0.002268595155328512
126976,policy_loss,0.008926717564463615
126976,approx_kl,0.0010846145451068878
126976,clipfrac,0.010693359375
126976,explained_variance,0.04883742332458496
126976,sps,614.0
126976,kl_beta,0.25
127809,episodic_return,1000.0
127809,episodic_length,1000.0
128810,episodic_return,1000.0
128810,episodic_length,1000.0
129024,value_loss,0.02117672748863697
129024,policy_loss,0.009614470414817333
129024,approx_kl,0.005907486192882061
129024,clipfrac,0.052880859375
129024,explained_variance,0.029675006866455078
129024,sps,614.0
129024,kl_beta,0.125
129811,episodic_return,1000.0
129811,episodic_length,1000.0
130812,episodic_return,1000.0
130812,episodic_length,1000.0
131072,value_loss,0.03015766106545925
131072,policy_loss,0.088370181620121
131072,approx_kl,0.017942138016223907
131072,clipfrac,0.06767578125
131072,explained_variance,-0.014687299728393555
131072,sps,614.0
131072,kl_beta,0.25
131813,episodic_return,1000.0
131813,episodic_length,1000.0
132814,episodic_return,1000.0
132814,episodic_length,1000.0
133120,value_loss,0.02758725732564926
133120,policy_loss,-0.005513906944543123
133120,approx_kl,0.012102482840418816
133120,clipfrac,0.179248046875
133120,explained_variance,0.0029802322387695312
133120,sps,615.0
133120,kl_beta,0.25
133815,episodic_return,1000.0
133815,episodic_length,1000.0
134816,episodic_return,1000.0
134816,episodic_length,1000.0
135168,value_loss,0.0254596509039402
135168,policy_loss,-0.006424750201404095
135168,approx_kl,0.0037640370428562164
135168,clipfrac,0.10654296875
135168,explained_variance,0.021486222743988037
135168,sps,614.0
135168,kl_beta,0.125
135817,episodic_return,1000.0
135817,episodic_length,1000.0
136818,episodic_return,1000.0
136818,episodic_length,1000.0
137216,value_loss,0.015781568363308907
137216,policy_loss,0.010907607153058052
137216,approx_kl,0.04892422631382942
137216,clipfrac,0.32919921875
137216,explained_variance,0.006622791290283203
137216,sps,613.0
137216,kl_beta,0.25
137819,episodic_return,1000.0
137819,episodic_length,1000.0
138820,episodic_return,1000.0
138820,episodic_length,1000.0
139264,value_loss,0.05730241909623146
139264,policy_loss,8.044624701142311e-05
139264,approx_kl,0.021149450913071632
139264,clipfrac,0.178955078125
139264,explained_variance,0.07207977771759033
139264,sps,613.0
139264,kl_beta,0.5
139821,episodic_return,1000.0
139821,episodic_length,1000.0
140822,episodic_return,1000.0
140822,episodic_length,1000.0
140851,episodic_return,27.0
140851,episodic_length,28.0
141312,value_loss,0.026661012321710587
141312,policy_loss,-0.0005030883476138115
141312,approx_kl,0.004800396040081978
141312,clipfrac,0.08095703125
141312,explained_variance,-0.04583609104156494
141312,sps,613.0
141312,kl_beta,0.25
141852,episodic_return,1000.0
141852,episodic_length,1000.0
141856,episodic_return,2.0
141856,episodic_length,3.0
142857,episodic_return,1000.0
142857,episodic_length,1000.0
143360,value_loss,0.013232728466391563
143360,policy_loss,0.006770579144358635
143360,approx_kl,0.004546395502984524
143360,clipfrac,0.13994140625
143360,explained_variance,0.008157193660736084
143360,sps,613.0
143360,kl_beta,0.125
143858,episodic_return,1000.0
143858,episodic_length,1000.0
144859,episodic_return,1000.0
144859,episodic_length,1000.0
145408,value_loss,0.029522594064474106
145408,policy_loss,-0.012270022183656693
145408,approx_kl,0.026643365621566772
145408,clipfrac,0.173876953125
145408,explained_variance,0.005915224552154541
145408,sps,613.0
145408,kl_beta,0.25
145860,episodic_return,1000.0
145860,episodic_length,1000.0
146501,episodic_return,639.0
146501,episodic_length,640.0
146509,episodic_return,6.0
146509,episodic_length,7.0
147456,value_loss,0.017141763120889664
147456,policy_loss,-0.004506025463342667
147456,approx_kl,0.011908595450222492
147456,clipfrac,0.14921875
147456,explained_variance,0.025320589542388916
147456,sps,612.0
147456,kl_beta,0.25
147510,episodic_return,1000.0
147510,episodic_length,1000.0
147744,episodic_return,232.0
147744,episodic_length,233.0
147748,episodic_return,2.0
147748,episodic_length,3.0
148749,episodic_return,1000.0
148749,episodic_length,1000.0
149504,value_loss,0.06826149672269821
149504,policy_loss,-0.023626169189810753
149504,approx_kl,0.004261801950633526
149504,clipfrac,0.068310546875
149504,explained_variance,0.0580294132232666
149504,sps,612.0
149504,kl_beta,0.125
149750,episodic_return,1000.0
149750,episodic_length,1000.0
150004,episodic_return,252.0
150004,episodic_length,253.0
151005,episodic_return,1000.0
151005,episodic_length,1000.0
151246,episodic_return,239.0
151246,episodic_length,240.0
151552,value_loss,0.039347026497125626
151552,policy_loss,-0.014484796673059464
151552,approx_kl,0.039073292165994644
151552,clipfrac,0.139892578125
151552,explained_variance,0.23706775903701782
151552,sps,612.0
151552,kl_beta,0.25
151631,episodic_return,383.0
151631,episodic_length,384.0
151635,episodic_return,2.0
151635,episodic_length,3.0
151979,episodic_return,342.0
151979,episodic_length,343.0
152980,episodic_return,1000.0
152980,episodic_length,1000.0
153390,episodic_return,408.0
153390,episodic_length,409.0
153600,value_loss,0.05193585902452469
153600,policy_loss,-0.014767258428037167
153600,approx_kl,0.03864869847893715
153600,clipfrac,0.31181640625
153600,explained_variance,0.40807777643203735
153600,sps,612.0
153600,kl_beta,0.5
154391,episodic_return,1000.0
154391,episodic_length,1000.0
155392,episodic_return,1000.0
155392,episodic_length,1000.0
155648,value_loss,0.005801054649055004
155648,policy_loss,-4.260241985321045e-05
155648,approx_kl,0.020669247955083847
155648,clipfrac,0.17314453125
155648,explained_variance,0.09022349119186401
155648,sps,612.0
155648,kl_beta,1.0
156393,episodic_return,1000.0
156393,episodic_length,1000.0
157394,episodic_return,1000.0
157394,episodic_length,1000.0
157696,value_loss,0.07911747694015503
157696,policy_loss,0.004344295710325241
157696,approx_kl,0.0029080621898174286
157696,clipfrac,0.02216796875
157696,explained_variance,-0.0016398429870605469
157696,sps,612.0
157696,kl_beta,0.5
158395,episodic_return,1000.0
158395,episodic_length,1000.0
159396,episodic_return,1000.0
159396,episodic_length,1000.0
159744,value_loss,0.009515357203781605
159744,policy_loss,-0.004535176325589418
159744,approx_kl,0.0023452183231711388
159744,clipfrac,0.007958984375
159744,explained_variance,0.019825279712677002
159744,sps,611.0
159744,kl_beta,0.25
160397,episodic_return,1000.0
160397,episodic_length,1000.0
161398,episodic_return,1000.0
161398,episodic_length,1000.0
161792,value_loss,0.06646998226642609
161792,policy_loss,-0.0032512913458049297
161792,approx_kl,0.002090664580464363
161792,clipfrac,0.021044921875
161792,explained_variance,0.022280216217041016
161792,sps,611.0
161792,kl_beta,0.125
162399,episodic_return,1000.0
162399,episodic_length,1000.0
163400,episodic_return,1000.0
163400,episodic_length,1000.0
163840,value_loss,0.024484125897288322
163840,policy_loss,-0.023844530805945396
163840,approx_kl,0.05586351454257965
163840,clipfrac,0.315771484375
163840,explained_variance,0.020070433616638184
163840,sps,611.0
163840,kl_beta,0.25
164401,episodic_return,1000.0
164401,episodic_length,1000.0
165344,episodic_return,941.0
165344,episodic_length,942.0
165611,episodic_return,265.0
165611,episodic_length,266.0
165888,value_loss,0.09289099276065826
165888,policy_loss,-0.006231348495930433
165888,approx_kl,0.007900873199105263
165888,clipfrac,0.132470703125
165888,explained_variance,0.09422433376312256
165888,sps,611.0
165888,kl_beta,0.25
166612,episodic_return,1000.0
166612,episodic_length,1000.0
167613,episodic_return,1000.0
167613,episodic_length,1000.0
167936,value_loss,0.002950888592749834
167936,policy_loss,-0.019929682835936546
167936,approx_kl,0.0065317824482917786
167936,clipfrac,0.078271484375
167936,explained_variance,0.061923861503601074
167936,sps,611.0
167936,kl_beta,0.125
168614,episodic_return,1000.0
168614,episodic_length,1000.0
169615,episodic_return,1000.0
169615,episodic_length,1000.0
169984,value_loss,0.04938853159546852
169984,policy_loss,0.018833618611097336
169984,approx_kl,0.0845772847533226
169984,clipfrac,0.36953125
169984,explained_variance,0.024203717708587646
169984,sps,610.0
169984,kl_beta,0.25
170234,episodic_return,617.0
170234,episodic_length,618.0
170240,episodic_return,4.0
170240,episodic_length,5.0
170445,episodic_return,203.0
170445,episodic_length,204.0
170450,episodic_return,3.0
170450,episodic_length,4.0
170458,episodic_return,6.0
170458,episodic_length,7.0
170463,episodic_return,3.0
170463,episodic_length,4.0
170508,episodic_return,43.0
170508,episodic_length,44.0
170512,episodic_return,2.0
170512,episodic_length,3.0
170517,episodic_return,3.0
170517,episodic_length,4.0
170793,episodic_return,274.0
170793,episodic_length,275.0
170798,episodic_return,3.0
170798,episodic_length,4.0
170805,episodic_return,5.0
170805,episodic_length,6.0
170932,episodic_return,125.0
170932,episodic_length,126.0
170938,episodic_return,4.0
170938,episodic_length,5.0
171236,episodic_return,296.0
171236,episodic_length,297.0
171241,episodic_return,3.0
171241,episodic_length,4.0
171247,episodic_return,4.0
171247,episodic_length,5.0
171257,episodic_return,8.0
171257,episodic_length,9.0
171261,episodic_return,2.0
171261,episodic_length,3.0
171530,episodic_return,267.0
171530,episodic_length,268.0
171535,episodic_return,3.0
171535,episodic_length,4.0
172032,value_loss,0.2879951000213623
172032,policy_loss,-0.04309079423546791
172032,approx_kl,0.07576103508472443
172032,clipfrac,0.3705078125
172032,explained_variance,-0.013941168785095215
172032,sps,610.0
172032,kl_beta,0.5
172536,episodic_return,1000.0
172536,episodic_length,1000.0
173372,episodic_return,834.0
173372,episodic_length,835.0
174080,value_loss,0.00159791624173522
174080,policy_loss,-0.00416543148458004
174080,approx_kl,0.007865820080041885
174080,clipfrac,0.068359375
174080,explained_variance,-0.00963294506072998
174080,sps,611.0
174080,kl_beta,0.5
174373,episodic_return,1000.0
174373,episodic_length,1000.0
174923,episodic_return,548.0
174923,episodic_length,549.0
175924,episodic_return,1000.0
175924,episodic_length,1000.0
175928,episodic_return,2.0
175928,episodic_length,3.0
176128,value_loss,0.09705892950296402
176128,policy_loss,0.00850670412182808
176128,approx_kl,0.00876323226839304
176128,clipfrac,0.126904296875
176128,explained_variance,0.05183595418930054
176128,sps,611.0
176128,kl_beta,0.5
176929,episodic_return,1000.0
176929,episodic_length,1000.0
177930,episodic_return,1000.0
177930,episodic_length,1000.0
178176,value_loss,0.07855444401502609
178176,policy_loss,-0.008538014255464077
178176,approx_kl,0.0028524864464998245
178176,clipfrac,0.03125
178176,explained_variance,0.03919142484664917
178176,sps,612.0
178176,kl_beta,0.25
178931,episodic_return,1000.0
178931,episodic_length,1000.0
179932,episodic_return,1000.0
179932,episodic_length,1000.0
180224,value_loss,0.016641445457935333
180224,policy_loss,0.01923608034849167
180224,approx_kl,0.009458928368985653
180224,clipfrac,0.128173828125
180224,explained_variance,0.06275713443756104
180224,sps,611.0
180224,kl_beta,0.25
180933,episodic_return,1000.0
180933,episodic_length,1000.0
181239,episodic_return,304.0
181239,episodic_length,305.0
182240,episodic_return,1000.0
182240,episodic_length,1000.0
182272,value_loss,0.022048957645893097
182272,policy_loss,0.0008728550747036934
182272,approx_kl,0.018414247781038284
182272,clipfrac,0.164990234375
182272,explained_variance,0.04199117422103882
182272,sps,611.0
182272,kl_beta,0.5
183241,episodic_return,1000.0
183241,episodic_length,1000.0
184242,episodic_return,1000.0
184242,episodic_length,1000.0
184320,value_loss,0.0950152799487114
184320,policy_loss,-0.010599423199892044
184320,approx_kl,0.0019789794459939003
184320,clipfrac,0.041552734375
184320,explained_variance,0.006336212158203125
184320,sps,611.0
184320,kl_beta,0.25
185243,episodic_return,1000.0
185243,episodic_length,1000.0
186244,episodic_return,1000.0
186244,episodic_length,1000.0
186368,value_loss,0.01105242408812046
186368,policy_loss,0.018101653084158897
186368,approx_kl,0.005053183063864708
186368,clipfrac,0.048486328125
186368,explained_variance,0.010275423526763916
186368,sps,610.0
186368,kl_beta,0.125
187245,episodic_return,1000.0
187245,episodic_length,1000.0
188246,episodic_return,1000.0
188246,episodic_length,1000.0
188416,value_loss,0.03544173389673233
188416,policy_loss,0.04068504646420479
188416,approx_kl,0.06316235661506653
188416,clipfrac,0.2162109375
188416,explained_variance,0.02742469310760498
188416,sps,610.0
188416,kl_beta,0.25
189247,episodic_return,1000.0
189247,episodic_length,1000.0
189721,episodic_return,472.0
189721,episodic_length,473.0
190464,value_loss,0.003588151652365923
190464,policy_loss,-0.007173591759055853
190464,approx_kl,0.009537095203995705
190464,clipfrac,0.125732421875
190464,explained_variance,0.04978024959564209
190464,sps,610.0
190464,kl_beta,0.25
190722,episodic_return,1000.0
190722,episodic_length,1000.0
190953,episodic_return,229.0
190953,episodic_length,230.0
191954,episodic_return,1000.0
191954,episodic_length,1000.0
192512,value_loss,0.008635119535028934
192512,policy_loss,-0.004817815497517586
192512,approx_kl,0.010202743113040924
192512,clipfrac,0.08193359375
192512,explained_variance,0.05344557762145996
192512,sps,610.0
192512,kl_beta,0.25
192955,episodic_return,1000.0
192955,episodic_length,1000.0
193956,episodic_return,1000.0
193956,episodic_length,1000.0
194282,episodic_return,324.0
194282,episodic_length,325.0
194560,value_loss,0.023372087627649307
194560,policy_loss,0.017663422971963882
194560,approx_kl,0.023859728127717972
194560,clipfrac,0.22802734375
194560,explained_variance,0.022080659866333008
194560,sps,610.0
194560,kl_beta,0.5
195283,episodic_return,1000.0
195283,episodic_length,1000.0
196284,episodic_return,1000.0
196284,episodic_length,1000.0
196608,value_loss,0.01291286014020443
196608,policy_loss,-0.028023691847920418
196608,approx_kl,0.0019791163504123688
196608,clipfrac,0.011083984375
196608,explained_variance,0.005676746368408203
196608,sps,610.0
196608,kl_beta,0.25
197285,episodic_return,1000.0
197285,episodic_length,1000.0
198286,episodic_return,1000.0
198286,episodic_length,1000.0
198656,value_loss,0.05556396394968033
198656,policy_loss,0.002443851437419653
198656,approx_kl,0.030070429667830467
198656,clipfrac,0.151904296875
198656,explained_variance,-0.008490204811096191
198656,sps,611.0
198656,kl_beta,0.5
199287,episodic_return,1000.0
199287,episodic_length,1000.0
200126,episodic_return,837.0
200126,episodic_length,838.0
200704,value_loss,0.034635238349437714
200704,policy_loss,-0.009713727980852127
200704,approx_kl,0.0021743634715676308
200704,clipfrac,0.03876953125
200704,explained_variance,-0.00574803352355957
200704,sps,611.0
200704,kl_beta,0.25
201127,episodic_return,1000.0
201127,episodic_length,1000.0
202128,episodic_return,1000.0
202128,episodic_length,1000.0
202752,value_loss,0.0018241162179037929
202752,policy_loss,-0.025319822132587433
202752,approx_kl,0.005879996344447136
202752,clipfrac,0.10751953125
202752,explained_variance,-0.0028873682022094727
202752,sps,612.0
202752,kl_beta,0.125
203129,episodic_return,1000.0
203129,episodic_length,1000.0
203134,episodic_return,3.0
203134,episodic_length,4.0
204135,episodic_return,1000.0
204135,episodic_length,1000.0
204800,value_loss,0.005699232220649719
204800,policy_loss,-0.010004648938775063
204800,approx_kl,0.129074364900589
204800,clipfrac,0.44755859375
204800,explained_variance,0.010218679904937744
204800,sps,612.0
204800,kl_beta,0.25
205136,episodic_return,1000.0
205136,episodic_length,1000.0
206137,episodic_return,1000.0
206137,episodic_length,1000.0
206848,value_loss,0.02917136810719967
206848,policy_loss,-0.006750902161002159
206848,approx_kl,0.002419448457658291
206848,clipfrac,0.02685546875
206848,explained_variance,-0.011416912078857422
206848,sps,613.0
206848,kl_beta,0.125
207138,episodic_return,1000.0
207138,episodic_length,1000.0
208139,episodic_return,1000.0
208139,episodic_length,1000.0
208896,value_loss,0.011902287602424622
208896,policy_loss,-0.00727905984967947
208896,approx_kl,0.006943754851818085
208896,clipfrac,0.034130859375
208896,explained_variance,-0.019295692443847656
208896,sps,613.0
208896,kl_beta,0.125
209140,episodic_return,1000.0
209140,episodic_length,1000.0
210141,episodic_return,1000.0
210141,episodic_length,1000.0
210944,value_loss,0.005168108269572258
210944,policy_loss,0.008612245321273804
210944,approx_kl,0.02208193950355053
210944,clipfrac,0.142333984375
210944,explained_variance,0.0063114166259765625
210944,sps,613.0
210944,kl_beta,0.25
211142,episodic_return,1000.0
211142,episodic_length,1000.0
212143,episodic_return,1000.0
212143,episodic_length,1000.0
212992,value_loss,0.07178304344415665
212992,policy_loss,0.007619662210345268
212992,approx_kl,0.010142630897462368
212992,clipfrac,0.107763671875
212992,explained_variance,-0.013271212577819824
212992,sps,614.0
212992,kl_beta,0.25
213144,episodic_return,1000.0
213144,episodic_length,1000.0
214145,episodic_return,1000.0
214145,episodic_length,1000.0
215040,value_loss,0.09871920198202133
215040,policy_loss,-0.0015121223405003548
215040,approx_kl,0.006543409079313278
215040,clipfrac,0.05576171875
215040,explained_variance,0.0017605423927307129
215040,sps,615.0
215040,kl_beta,0.125
215146,episodic_return,1000.0
215146,episodic_length,1000.0
216147,episodic_return,1000.0
216147,episodic_length,1000.0
217088,value_loss,0.02558753453195095
217088,policy_loss,0.0004015527665615082
217088,approx_kl,0.058452993631362915
217088,clipfrac,0.254150390625
217088,explained_variance,0.009487390518188477
217088,sps,615.0
217088,kl_beta,0.25
217148,episodic_return,1000.0
217148,episodic_length,1000.0
218149,episodic_return,1000.0
218149,episodic_length,1000.0
219136,value_loss,0.0030906321480870247
219136,policy_loss,-0.018671691417694092
219136,approx_kl,0.015049693174660206
219136,clipfrac,0.08876953125
219136,explained_variance,0.024230897426605225
219136,sps,615.0
219136,kl_beta,0.5
219150,episodic_return,1000.0
219150,episodic_length,1000.0
220151,episodic_return,1000.0
220151,episodic_length,1000.0
220180,episodic_return,27.0
220180,episodic_length,28.0
221181,episodic_return,1000.0
221181,episodic_length,1000.0
221184,value_loss,0.06375360488891602
221184,policy_loss,-0.07239766418933868
221184,approx_kl,0.02727057971060276
221184,clipfrac,0.099560546875
221184,explained_variance,0.001705467700958252
221184,sps,615.0
221184,kl_beta,1.0
222182,episodic_return,1000.0
222182,episodic_length,1000.0
222849,episodic_return,665.0
222849,episodic_length,666.0
223232,value_loss,0.016893377527594566
223232,policy_loss,-0.0023238323628902435
223232,approx_kl,0.0017816722393035889
223232,clipfrac,0.011474609375
223232,explained_variance,-0.007175803184509277
223232,sps,616.0
223232,kl_beta,0.5
223713,episodic_return,862.0
223713,episodic_length,863.0
224711,episodic_return,996.0
224711,episodic_length,997.0
225280,value_loss,0.005579982418566942
225280,policy_loss,-0.022100988775491714
225280,approx_kl,0.006310738623142242
225280,clipfrac,0.052001953125
225280,explained_variance,0.03439229726791382
225280,sps,616.0
225280,kl_beta,0.25
225712,episodic_return,1000.0
225712,episodic_length,1000.0
226713,episodic_return,1000.0
226713,episodic_length,1000.0
227328,value_loss,0.0027783282566815615
227328,policy_loss,-0.015814781188964844
227328,approx_kl,0.014866827987134457
227328,clipfrac,0.12392578125
227328,explained_variance,-0.02546870708465576
227328,sps,616.0
227328,kl_beta,0.25
227714,episodic_return,1000.0
227714,episodic_length,1000.0
228715,episodic_return,1000.0
228715,episodic_length,1000.0
229376,value_loss,0.06540439277887344
229376,policy_loss,-0.000863928347826004
229376,approx_kl,0.014394208788871765
229376,clipfrac,0.120263671875
229376,explained_variance,-0.008247137069702148
229376,sps,617.0
229376,kl_beta,0.25
229716,episodic_return,1000.0
229716,episodic_length,1000.0
230717,episodic_return,1000.0
230717,episodic_length,1000.0
231424,value_loss,0.003134549129754305
231424,policy_loss,-0.00017978530377149582
231424,approx_kl,0.006595093756914139
231424,clipfrac,0.052099609375
231424,explained_variance,-0.008904814720153809
231424,sps,617.0
231424,kl_beta,0.125
231718,episodic_return,1000.0
231718,episodic_length,1000.0
232126,episodic_return,406.0
232126,episodic_length,407.0
233127,episodic_return,1000.0
233127,episodic_length,1000.0
233472,value_loss,0.038697630167007446
233472,policy_loss,-0.02077522873878479
233472,approx_kl,0.017556138336658478
233472,clipfrac,0.145703125
233472,explained_variance,-0.008180379867553711
233472,sps,618.0
233472,kl_beta,0.25
234128,episodic_return,1000.0
234128,episodic_length,1000.0
235129,episodic_return,1000.0
235129,episodic_length,1000.0
235520,value_loss,0.07624101638793945
235520,policy_loss,0.009312821552157402
235520,approx_kl,0.004651659168303013
235520,clipfrac,0.016943359375
235520,explained_variance,-0.008509993553161621
235520,sps,618.0
235520,kl_beta,0.125
236130,episodic_return,1000.0
236130,episodic_length,1000.0
236170,episodic_return,38.0
236170,episodic_length,39.0
236292,episodic_return,120.0
236292,episodic_length,121.0
236787,episodic_return,493.0
236787,episodic_length,494.0
237568,value_loss,0.1524481475353241
237568,policy_loss,-0.006717441603541374
237568,approx_kl,0.004277123138308525
237568,clipfrac,0.065576171875
237568,explained_variance,0.0073029398918151855
237568,sps,618.0
237568,kl_beta,0.0625
237788,episodic_return,1000.0
237788,episodic_length,1000.0
237997,episodic_return,207.0
237997,episodic_length,208.0
238056,episodic_return,57.0
238056,episodic_length,58.0
239057,episodic_return,1000.0
239057,episodic_length,1000.0
239346,episodic_return,287.0
239346,episodic_length,288.0
239616,value_loss,0.13660070300102234
239616,policy_loss,0.0018131067045032978
239616,approx_kl,0.12410033494234085
239616,clipfrac,0.336376953125
239616,explained_variance,0.009709596633911133
239616,sps,618.0
239616,kl_beta,0.125
239714,episodic_return,366.0
239714,episodic_length,367.0
239953,episodic_return,237.0
239953,episodic_length,238.0
240088,episodic_return,133.0
240088,episodic_length,134.0
240266,episodic_return,176.0
240266,episodic_length,177.0
240771,episodic_return,503.0
240771,episodic_length,504.0
240992,episodic_return,219.0
240992,episodic_length,220.0
241144,episodic_return,150.0
241144,episodic_length,151.0
241500,episodic_return,354.0
241500,episodic_length,355.0
241664,value_loss,0.13711613416671753
241664,policy_loss,-0.012109115719795227
241664,approx_kl,0.024897407740354538
241664,clipfrac,0.231005859375
241664,explained_variance,0.05124521255493164
241664,sps,618.0
241664,kl_beta,0.25
242172,episodic_return,670.0
242172,episodic_length,671.0
243173,episodic_return,1000.0
243173,episodic_length,1000.0
243712,value_loss,0.023946361616253853
243712,policy_loss,-0.0026950889732688665
243712,approx_kl,0.006042667664587498
243712,clipfrac,0.086181640625
243712,explained_variance,-0.017305731773376465
243712,sps,619.0
243712,kl_beta,0.125
244174,episodic_return,1000.0
244174,episodic_length,1000.0
245175,episodic_return,1000.0
245175,episodic_length,1000.0
245634,episodic_return,457.0
245634,episodic_length,458.0
245760,value_loss,0.1595231592655182
245760,policy_loss,0.0014263712801039219
245760,approx_kl,0.040613580495119095
245760,clipfrac,0.23212890625
245760,explained_variance,-0.0015653371810913086
245760,sps,619.0
245760,kl_beta,0.25
246500,episodic_return,864.0
246500,episodic_length,865.0
247501,episodic_return,1000.0
247501,episodic_length,1000.0
247571,episodic_return,68.0
247571,episodic_length,69.0
247808,value_loss,0.07395586371421814
247808,policy_loss,0.009969862177968025
247808,approx_kl,0.001207835040986538
247808,clipfrac,0.030908203125
247808,explained_variance,0.0007935166358947754
247808,sps,620.0
247808,kl_beta,0.125
247854,episodic_return,281.0
247854,episodic_length,282.0
248855,episodic_return,1000.0
248855,episodic_length,1000.0
248912,episodic_return,55.0
248912,episodic_length,56.0
249431,episodic_return,517.0
249431,episodic_length,518.0
249856,value_loss,0.09935515373945236
249856,policy_loss,0.004448236897587776
249856,approx_kl,0.07126535475254059
249856,clipfrac,0.3302734375
249856,explained_variance,0.037834227085113525
249856,sps,620.0
249856,kl_beta,0.25
250432,episodic_return,1000.0
250432,episodic_length,1000.0
251433,episodic_return,1000.0
251433,episodic_length,1000.0
251904,value_loss,0.09209010004997253
251904,policy_loss,-0.0023044515401124954
251904,approx_kl,0.0023883208632469177
251904,clipfrac,0.00888671875
251904,explained_variance,-0.0662761926651001
251904,sps,620.0
251904,kl_beta,0.125
252434,episodic_return,1000.0
252434,episodic_length,1000.0
253435,episodic_return,1000.0
253435,episodic_length,1000.0
253952,value_loss,0.05533256381750107
253952,policy_loss,-0.010130846872925758
253952,approx_kl,0.0031406451016664505
253952,clipfrac,0.093798828125
253952,explained_variance,0.02252054214477539
253952,sps,620.0
253952,kl_beta,0.0625
254436,episodic_return,1000.0
254436,episodic_length,1000.0
255437,episodic_return,1000.0
255437,episodic_length,1000.0
256000,value_loss,0.062269486486911774
256000,policy_loss,-0.010246639139950275
256000,approx_kl,0.10984663665294647
256000,clipfrac,0.379296875
256000,explained_variance,0.027706503868103027
256000,sps,620.0
256000,kl_beta,0.125
256438,episodic_return,1000.0
256438,episodic_length,1000.0
257439,episodic_return,1000.0
257439,episodic_length,1000.0
257532,episodic_return,91.0
257532,episodic_length,92.0
258048,value_loss,0.23970845341682434
258048,policy_loss,0.01959672011435032
258048,approx_kl,0.014649939723312855
258048,clipfrac,0.1689453125
258048,explained_variance,0.0325741171836853
258048,sps,620.0
258048,kl_beta,0.125
258533,episodic_return,1000.0
258533,episodic_length,1000.0
259534,episodic_return,1000.0
259534,episodic_length,1000.0
260096,value_loss,0.002925085136666894
260096,policy_loss,-0.013807804323732853
260096,approx_kl,0.022822313010692596
260096,clipfrac,0.19638671875
260096,explained_variance,-0.03588056564331055
260096,sps,620.0
260096,kl_beta,0.25
260200,episodic_return,664.0
260200,episodic_length,665.0
260397,episodic_return,195.0
260397,episodic_length,196.0
260451,episodic_return,52.0
260451,episodic_length,53.0
260790,episodic_return,337.0
260790,episodic_length,338.0
261436,episodic_return,644.0
261436,episodic_length,645.0
261603,episodic_return,165.0
261603,episodic_length,166.0
261870,episodic_return,265.0
261870,episodic_length,266.0
262071,episodic_return,199.0
262071,episodic_length,200.0
262144,value_loss,0.18857213854789734
262144,policy_loss,-0.04396983981132507
262144,approx_kl,0.04323964565992355
262144,clipfrac,0.252294921875
262144,explained_variance,-0.003203868865966797
262144,sps,620.0
262144,kl_beta,0.5
263072,episodic_return,1000.0
263072,episodic_length,1000.0
264073,episodic_return,1000.0
264073,episodic_length,1000.0
264192,value_loss,0.0022488776594400406
264192,policy_loss,-0.013276845216751099
264192,approx_kl,0.005565212108194828
264192,clipfrac,0.0126953125
264192,explained_variance,-0.00021147727966308594
264192,sps,620.0
264192,kl_beta,0.25
264495,episodic_return,420.0
264495,episodic_length,421.0
265496,episodic_return,1000.0
265496,episodic_length,1000.0
266240,value_loss,0.00837909895926714
266240,policy_loss,-0.006645942106842995
266240,approx_kl,0.021774329245090485
266240,clipfrac,0.15673828125
266240,explained_variance,0.005614042282104492
266240,sps,620.0
266240,kl_beta,0.5
266256,episodic_return,758.0
266256,episodic_length,759.0
267257,episodic_return,1000.0
267257,episodic_length,1000.0
267470,episodic_return,211.0
267470,episodic_length,212.0
267611,episodic_return,139.0
267611,episodic_length,140.0
268288,value_loss,0.06821899116039276
268288,policy_loss,-0.017016734927892685
268288,approx_kl,0.006322124041616917
268288,clipfrac,0.04970703125
268288,explained_variance,-0.0032787322998046875
268288,sps,621.0
268288,kl_beta,0.25
268366,episodic_return,753.0
268366,episodic_length,754.0
268522,episodic_return,154.0
268522,episodic_length,155.0
269227,episodic_return,703.0
269227,episodic_length,704.0
270228,episodic_return,1000.0
270228,episodic_length,1000.0
270336,value_loss,0.15009643137454987
270336,policy_loss,-0.009113069623708725
270336,approx_kl,0.009126946330070496
270336,clipfrac,0.065771484375
270336,explained_variance,0.03428858518600464
270336,sps,621.0
270336,kl_beta,0.25
270438,episodic_return,208.0
270438,episodic_length,209.0
270728,episodic_return,288.0
270728,episodic_length,289.0
271188,episodic_return,458.0
271188,episodic_length,459.0
271336,episodic_return,146.0
271336,episodic_length,147.0
271727,episodic_return,389.0
271727,episodic_length,390.0
272211,episodic_return,482.0
272211,episodic_length,483.0
272384,value_loss,0.12836503982543945
272384,policy_loss,0.11844374239444733
272384,approx_kl,0.03601094335317612
272384,clipfrac,0.149755859375
272384,explained_variance,0.013766288757324219
272384,sps,620.0
272384,kl_beta,0.5
273212,episodic_return,1000.0
273212,episodic_length,1000.0
273803,episodic_return,589.0
273803,episodic_length,590.0
274432,value_loss,0.1778927445411682
274432,policy_loss,-0.002545346971601248
274432,approx_kl,0.0067397477105259895
274432,clipfrac,0.005908203125
274432,explained_variance,0.08796173334121704
274432,sps,620.0
274432,kl_beta,0.5
274804,episodic_return,1000.0
274804,episodic_length,1000.0
275805,episodic_return,1000.0
275805,episodic_length,1000.0
276480,value_loss,0.16108596324920654
276480,policy_loss,0.022707242518663406
276480,approx_kl,0.004090509377419949
276480,clipfrac,0.025830078125
276480,explained_variance,0.11400127410888672
276480,sps,620.0
276480,kl_beta,0.25
276806,episodic_return,1000.0
276806,episodic_length,1000.0
277807,episodic_return,1000.0
277807,episodic_length,1000.0
277893,episodic_return,84.0
277893,episodic_length,85.0
278528,value_loss,0.2039223611354828
278528,policy_loss,-0.010691515170037746
278528,approx_kl,0.013481798581779003
278528,clipfrac,0.14384765625
278528,explained_variance,0.005030035972595215
278528,sps,620.0
278528,kl_beta,0.25
278894,episodic_return,1000.0
278894,episodic_length,1000.0
279895,episodic_return,1000.0
279895,episodic_length,1000.0
280576,value_loss,0.0036357431672513485
280576,policy_loss,-0.013297568075358868
280576,approx_kl,0.004513087682425976
280576,clipfrac,0.028076171875
280576,explained_variance,0.020496666431427002
280576,sps,620.0
280576,kl_beta,0.125
280896,episodic_return,1000.0
280896,episodic_length,1000.0
281897,episodic_return,1000.0
281897,episodic_length,1000.0
282240,episodic_return,341.0
282240,episodic_length,342.0
282624,value_loss,0.0254525039345026
282624,policy_loss,-0.052402712404727936
282624,approx_kl,0.1539248377084732
282624,clipfrac,0.345361328125
282624,explained_variance,0.08679157495498657
282624,sps,620.0
282624,kl_beta,0.25
283241,episodic_return,1000.0
283241,episodic_length,1000.0
284242,episodic_return,1000.0
284242,episodic_length,1000.0
284672,value_loss,0.007869308814406395
284672,policy_loss,0.026056576520204544
284672,approx_kl,0.018546294420957565
284672,clipfrac,0.135205078125
284672,explained_variance,-0.0013659000396728516
284672,sps,620.0
284672,kl_beta,0.5
285243,episodic_return,1000.0
285243,episodic_length,1000.0
285277,episodic_return,32.0
285277,episodic_length,33.0
286278,episodic_return,1000.0
286278,episodic_length,1000.0
286720,value_loss,0.05466601252555847
286720,policy_loss,0.001239364966750145
286720,approx_kl,0.0007596872746944427
286720,clipfrac,0.016552734375
286720,explained_variance,-0.02128016948699951
286720,sps,620.0
286720,kl_beta,0.25
287279,episodic_return,1000.0
287279,episodic_length,1000.0
288280,episodic_return,1000.0
288280,episodic_length,1000.0
288768,value_loss,0.06414806842803955
288768,policy_loss,0.004592602606862783
288768,approx_kl,0.00829111598432064
288768,clipfrac,0.065771484375
288768,explained_variance,0.008892416954040527
288768,sps,620.0
288768,kl_beta,0.25
289281,episodic_return,1000.0
289281,episodic_length,1000.0
289426,episodic_return,143.0
289426,episodic_length,144.0
289672,episodic_return,244.0
289672,episodic_length,245.0
289707,episodic_return,33.0
289707,episodic_length,34.0
290708,episodic_return,1000.0
290708,episodic_length,1000.0
290816,value_loss,0.16071432828903198
290816,policy_loss,-0.01211373321712017
290816,approx_kl,0.034047871828079224
290816,clipfrac,0.1876953125
290816,explained_variance,0.030701875686645508
290816,sps,620.0
290816,kl_beta,0.5
291709,episodic_return,1000.0
291709,episodic_length,1000.0
292710,episodic_return,1000.0
292710,episodic_length,1000.0
292864,value_loss,0.15747316181659698
292864,policy_loss,-0.0013971636071801186
292864,approx_kl,0.0012364070862531662
292864,clipfrac,0.015966796875
292864,explained_variance,-0.04175519943237305
292864,sps,620.0
292864,kl_beta,0.25
293711,episodic_return,1000.0
293711,episodic_length,1000.0
294712,episodic_return,1000.0
294712,episodic_length,1000.0
294912,value_loss,0.010279970243573189
294912,policy_loss,-0.0014044030103832483
294912,approx_kl,0.0024708276614546776
294912,clipfrac,0.029833984375
294912,explained_variance,-0.008528590202331543
294912,sps,620.0
294912,kl_beta,0.125
295713,episodic_return,1000.0
295713,episodic_length,1000.0
296714,episodic_return,1000.0
296714,episodic_length,1000.0
296960,value_loss,0.10502861440181732
296960,policy_loss,-0.02244589850306511
296960,approx_kl,0.013801840133965015
296960,clipfrac,0.105517578125
296960,explained_variance,0.009959518909454346
296960,sps,620.0
296960,kl_beta,0.125
297715,episodic_return,1000.0
297715,episodic_length,1000.0
298716,episodic_return,1000.0
298716,episodic_length,1000.0
299008,value_loss,0.06665719300508499
299008,policy_loss,0.011999178677797318
299008,approx_kl,0.09502574801445007
299008,clipfrac,0.424951171875
299008,explained_variance,0.04394114017486572
299008,sps,620.0
299008,kl_beta,0.25
299717,episodic_return,1000.0
299717,episodic_length,1000.0
300329,episodic_return,610.0
300329,episodic_length,611.0
301056,value_loss,0.0013968470739200711
301056,policy_loss,-0.024664629250764847
301056,approx_kl,0.009146373718976974
301056,clipfrac,0.051416015625
301056,explained_variance,-0.02151191234588623
301056,sps,619.0
301056,kl_beta,0.25
301330,episodic_return,1000.0
301330,episodic_length,1000.0
301809,episodic_return,477.0
301809,episodic_length,478.0
302810,episodic_return,1000.0
302810,episodic_length,1000.0
303104,value_loss,0.22389958798885345
303104,policy_loss,-0.036049894988536835
303104,approx_kl,0.03079903870820999
303104,clipfrac,0.214208984375
303104,explained_variance,0.010404527187347412
303104,sps,619.0
303104,kl_beta,0.5
303811,episodic_return,1000.0
303811,episodic_length,1000.0
304812,episodic_return,1000.0
304812,episodic_length,1000.0
305152,value_loss,0.14630970358848572
305152,policy_loss,-0.009309221990406513
305152,approx_kl,0.003672858700156212
305152,clipfrac,0.063720703125
305152,explained_variance,-0.020149707794189453
305152,sps,619.0
305152,kl_beta,0.25
305813,episodic_return,1000.0
305813,episodic_length,1000.0
306814,episodic_return,1000.0
306814,episodic_length,1000.0
307200,value_loss,0.13658826053142548
307200,policy_loss,-0.006058063358068466
307200,approx_kl,0.005186750553548336
307200,clipfrac,0.068310546875
307200,explained_variance,-0.009423136711120605
307200,sps,619.0
307200,kl_beta,0.125
307815,episodic_return,1000.0
307815,episodic_length,1000.0
308204,episodic_return,387.0
308204,episodic_length,388.0
309205,episodic_return,1000.0
309205,episodic_length,1000.0
309248,value_loss,0.08292314410209656
309248,policy_loss,0.016304118558764458
309248,approx_kl,0.050344210118055344
309248,clipfrac,0.219189453125
309248,explained_variance,0.01642477512359619
309248,sps,619.0
309248,kl_beta,0.25
310206,episodic_return,1000.0
310206,episodic_length,1000.0
311207,episodic_return,1000.0
311207,episodic_length,1000.0
311296,value_loss,0.04264892637729645
311296,policy_loss,-0.02006547525525093
311296,approx_kl,0.06732578575611115
311296,clipfrac,0.19150390625
311296,explained_variance,-0.013843297958374023
311296,sps,619.0
311296,kl_beta,0.5
312208,episodic_return,1000.0
312208,episodic_length,1000.0
313209,episodic_return,1000.0
313209,episodic_length,1000.0
313344,value_loss,0.11451824009418488
313344,policy_loss,0.0009962539188563824
313344,approx_kl,0.0014007901772856712
313344,clipfrac,0.007373046875
313344,explained_variance,-0.036148667335510254
313344,sps,619.0
313344,kl_beta,0.25
314210,episodic_return,1000.0
314210,episodic_length,1000.0
314757,episodic_return,545.0
314757,episodic_length,546.0
315392,value_loss,0.0029638903215527534
315392,policy_loss,-0.008373958058655262
315392,approx_kl,0.002085489220917225
315392,clipfrac,0.006884765625
315392,explained_variance,-0.001912832260131836
315392,sps,619.0
315392,kl_beta,0.125
315758,episodic_return,1000.0
315758,episodic_length,1000.0
316759,episodic_return,1000.0
316759,episodic_length,1000.0
317440,value_loss,0.0029698084108531475
317440,policy_loss,0.014421114698052406
317440,approx_kl,0.018966423347592354
317440,clipfrac,0.1123046875
317440,explained_variance,-0.007384538650512695
317440,sps,619.0
317440,kl_beta,0.25
317731,episodic_return,970.0
317731,episodic_length,971.0
318732,episodic_return,1000.0
318732,episodic_length,1000.0
319488,value_loss,0.022405192255973816
319488,policy_loss,-0.022652294486761093
319488,approx_kl,0.006847979500889778
319488,clipfrac,0.043212890625
319488,explained_variance,-0.01256096363067627
319488,sps,619.0
319488,kl_beta,0.25
319733,episodic_return,1000.0
319733,episodic_length,1000.0
320734,episodic_return,1000.0
320734,episodic_length,1000.0
321536,value_loss,0.06324514001607895
321536,policy_loss,-0.0067620184272527695
321536,approx_kl,0.026760876178741455
321536,clipfrac,0.14814453125
321536,explained_variance,0.07646775245666504
321536,sps,619.0
321536,kl_beta,0.5
321735,episodic_return,1000.0
321735,episodic_length,1000.0
322736,episodic_return,1000.0
322736,episodic_length,1000.0
323584,value_loss,0.005022292025387287
323584,policy_loss,-0.010859303176403046
323584,approx_kl,0.0009436914697289467
323584,clipfrac,0.003125
323584,explained_variance,0.011052191257476807
323584,sps,619.0
323584,kl_beta,0.25
323737,episodic_return,1000.0
323737,episodic_length,1000.0
323967,episodic_return,228.0
323967,episodic_length,229.0
324968,episodic_return,1000.0
324968,episodic_length,1000.0
325632,value_loss,0.07269639521837234
325632,policy_loss,0.010354872792959213
325632,approx_kl,0.005748839117586613
325632,clipfrac,0.04130859375
325632,explained_variance,0.021822571754455566
325632,sps,619.0
325632,kl_beta,0.125
325969,episodic_return,1000.0
325969,episodic_length,1000.0
326970,episodic_return,1000.0
326970,episodic_length,1000.0
327680,value_loss,0.0007751862867735326
327680,policy_loss,0.004644616041332483
327680,approx_kl,0.002554047852754593
327680,clipfrac,0.014697265625
327680,explained_variance,0.0068912506103515625
327680,sps,619.0
327680,kl_beta,0.0625
327971,episodic_return,1000.0
327971,episodic_length,1000.0
328811,episodic_return,838.0
328811,episodic_length,839.0
329728,value_loss,0.06199895590543747
329728,policy_loss,0.21663779020309448
329728,approx_kl,0.15966083109378815
329728,clipfrac,0.348681640625
329728,explained_variance,0.09585857391357422
329728,sps,619.0
329728,kl_beta,0.125
329812,episodic_return,1000.0
329812,episodic_length,1000.0
330104,episodic_return,290.0
330104,episodic_length,291.0
331105,episodic_return,1000.0
331105,episodic_length,1000.0
331776,value_loss,0.009433243423700333
331776,policy_loss,-0.006445701699703932
331776,approx_kl,0.038582030683755875
331776,clipfrac,0.144091796875
331776,explained_variance,-0.003972291946411133
331776,sps,619.0
331776,kl_beta,0.25
331867,episodic_return,760.0
331867,episodic_length,761.0
332446,episodic_return,577.0
332446,episodic_length,578.0
332688,episodic_return,240.0
332688,episodic_length,241.0
332931,episodic_return,241.0
332931,episodic_length,242.0
333094,episodic_return,161.0
333094,episodic_length,162.0
333824,value_loss,0.24349576234817505
333824,policy_loss,-0.022408433258533478
333824,approx_kl,0.014789345674216747
333824,clipfrac,0.084814453125
333824,explained_variance,0.013148486614227295
333824,sps,619.0
333824,kl_beta,0.25
334095,episodic_return,1000.0
334095,episodic_length,1000.0
335096,episodic_return,1000.0
335096,episodic_length,1000.0
335872,value_loss,0.00691073527559638
335872,policy_loss,-0.02897849678993225
335872,approx_kl,0.004413961432874203
335872,clipfrac,0.04794921875
335872,explained_variance,-0.01766812801361084
335872,sps,619.0
335872,kl_beta,0.125
336097,episodic_return,1000.0
336097,episodic_length,1000.0
336294,episodic_return,195.0
336294,episodic_length,196.0
336647,episodic_return,351.0
336647,episodic_length,352.0
337648,episodic_return,1000.0
337648,episodic_length,1000.0
337920,value_loss,0.04564763978123665
337920,policy_loss,-0.009340544231235981
337920,approx_kl,0.011120877228677273
337920,clipfrac,0.071728515625
337920,explained_variance,0.0016170740127563477
337920,sps,619.0
337920,kl_beta,0.125
338649,episodic_return,1000.0
338649,episodic_length,1000.0
339650,episodic_return,1000.0
339650,episodic_length,1000.0
339968,value_loss,0.16006579995155334
339968,policy_loss,-0.09509730339050293
339968,approx_kl,0.036256514489650726
339968,clipfrac,0.168798828125
339968,explained_variance,0.028644442558288574
339968,sps,620.0
339968,kl_beta,0.25
340651,episodic_return,1000.0
340651,episodic_length,1000.0
341622,episodic_return,969.0
341622,episodic_length,970.0
342016,value_loss,0.007708430755883455
342016,policy_loss,0.005439601838588715
342016,approx_kl,0.0020401999354362488
342016,clipfrac,0.043017578125
342016,explained_variance,0.04315030574798584
342016,sps,620.0
342016,kl_beta,0.125
342318,episodic_return,694.0
342318,episodic_length,695.0
343319,episodic_return,1000.0
343319,episodic_length,1000.0
344064,value_loss,0.12903840839862823
344064,policy_loss,0.08036176860332489
344064,approx_kl,0.06082327663898468
344064,clipfrac,0.268505859375
344064,explained_variance,0.05182492733001709
344064,sps,620.0
344064,kl_beta,0.25
344320,episodic_return,1000.0
344320,episodic_length,1000.0
345321,episodic_return,1000.0
345321,episodic_length,1000.0
346112,value_loss,0.008591661229729652
346112,policy_loss,0.0075637465342879295
346112,approx_kl,0.0015624603256583214
346112,clipfrac,0.0138671875
346112,explained_variance,0.025752246379852295
346112,sps,620.0
346112,kl_beta,0.125
346322,episodic_return,1000.0
346322,episodic_length,1000.0
346346,episodic_return,22.0
346346,episodic_length,23.0
347172,episodic_return,824.0
347172,episodic_length,825.0
347772,episodic_return,598.0
347772,episodic_length,599.0
348160,value_loss,0.12481585890054703
348160,policy_loss,-0.014620808884501457
348160,approx_kl,0.038641590625047684
348160,clipfrac,0.147412109375
348160,explained_variance,0.07158547639846802
348160,sps,620.0
348160,kl_beta,0.25
348291,episodic_return,517.0
348291,episodic_length,518.0
348822,episodic_return,529.0
348822,episodic_length,530.0
349391,episodic_return,567.0
349391,episodic_length,568.0
350161,episodic_return,768.0
350161,episodic_length,769.0
350208,value_loss,0.12360867112874985
350208,policy_loss,-0.06918678432703018
350208,approx_kl,0.026496795937418938
350208,clipfrac,0.202734375
350208,explained_variance,-0.05680370330810547
350208,sps,620.0
350208,kl_beta,0.5
351162,episodic_return,1000.0
351162,episodic_length,1000.0
351346,episodic_return,182.0
351346,episodic_length,183.0
351989,episodic_return,641.0
351989,episodic_length,642.0
352256,value_loss,0.16828669607639313
352256,policy_loss,-0.043998345732688904
352256,approx_kl,0.003841061145067215
352256,clipfrac,0.018603515625
352256,explained_variance,0.014120936393737793
352256,sps,620.0
352256,kl_beta,0.25
352990,episodic_return,1000.0
352990,episodic_length,1000.0
353991,episodic_return,1000.0
353991,episodic_length,1000.0
354304,value_loss,0.03493160381913185
354304,policy_loss,0.019046666100621223
354304,approx_kl,0.013725773431360722
354304,clipfrac,0.051025390625
354304,explained_variance,-0.05909109115600586
354304,sps,620.0
354304,kl_beta,0.25
354633,episodic_return,640.0
354633,episodic_length,641.0
355328,episodic_return,693.0
355328,episodic_length,694.0
356323,episodic_return,993.0
356323,episodic_length,994.0
356352,value_loss,0.061072275042533875
356352,policy_loss,0.0005441708490252495
356352,approx_kl,0.019289549440145493
356352,clipfrac,0.144189453125
356352,explained_variance,0.019826829433441162
356352,sps,620.0
356352,kl_beta,0.5
357324,episodic_return,1000.0
357324,episodic_length,1000.0
358325,episodic_return,1000.0
358325,episodic_length,1000.0
358400,value_loss,0.08366742730140686
358400,policy_loss,0.005457490216940641
358400,approx_kl,0.0016048913821578026
358400,clipfrac,0.008447265625
358400,explained_variance,0.08198016881942749
358400,sps,620.0
358400,kl_beta,0.25
359326,episodic_return,1000.0
359326,episodic_length,1000.0
360327,episodic_return,1000.0
360327,episodic_length,1000.0
360448,value_loss,0.01457216963171959
360448,policy_loss,-0.015358214266598225
360448,approx_kl,0.007941748015582561
360448,clipfrac,0.090576171875
360448,explained_variance,-0.04307293891906738
360448,sps,620.0
360448,kl_beta,0.25
361328,episodic_return,1000.0
361328,episodic_length,1000.0
362329,episodic_return,1000.0
362329,episodic_length,1000.0
362496,value_loss,0.0029901345260441303
362496,policy_loss,-0.018263254314661026
362496,approx_kl,0.02497290074825287
362496,clipfrac,0.12021484375
362496,explained_variance,0.0004196763038635254
362496,sps,621.0
362496,kl_beta,0.5
362983,episodic_return,652.0
362983,episodic_length,653.0
363984,episodic_return,1000.0
363984,episodic_length,1000.0
364016,episodic_return,30.0
364016,episodic_length,31.0
364544,value_loss,0.01667109690606594
364544,policy_loss,0.0017711631953716278
364544,approx_kl,0.008432246744632721
364544,clipfrac,0.040283203125
364544,explained_variance,0.03291654586791992
364544,sps,620.0
364544,kl_beta,0.5
365017,episodic_return,1000.0
365017,episodic_length,1000.0
365421,episodic_return,402.0
365421,episodic_length,403.0
365463,episodic_return,40.0
365463,episodic_length,41.0
366464,episodic_return,1000.0
366464,episodic_length,1000.0
366592,value_loss,0.02826632931828499
366592,policy_loss,-0.0013790596276521683
366592,approx_kl,0.0029301755130290985
366592,clipfrac,0.01279296875
366592,explained_variance,0.01119840145111084
366592,sps,621.0
366592,kl_beta,0.25
366982,episodic_return,516.0
366982,episodic_length,517.0
367983,episodic_return,1000.0
367983,episodic_length,1000.0
368640,value_loss,0.028667310252785683
368640,policy_loss,-0.0036419460084289312
368640,approx_kl,0.003208109177649021
368640,clipfrac,0.022607421875
368640,explained_variance,-0.019494056701660156
368640,sps,621.0
368640,kl_beta,0.125
368984,episodic_return,1000.0
368984,episodic_length,1000.0
369985,episodic_return,1000.0
369985,episodic_length,1000.0
370688,value_loss,0.0830887034535408
370688,policy_loss,0.03236497938632965
370688,approx_kl,0.06992512941360474
370688,clipfrac,0.1892578125
370688,explained_variance,-0.014079451560974121
370688,sps,621.0
370688,kl_beta,0.25
370986,episodic_return,1000.0
370986,episodic_length,1000.0
371987,episodic_return,1000.0
371987,episodic_length,1000.0
372736,value_loss,0.00408266531303525
372736,policy_loss,0.004856702871620655
372736,approx_kl,0.016903597861528397
372736,clipfrac,0.152685546875
372736,explained_variance,-0.03310501575469971
372736,sps,621.0
372736,kl_beta,0.5
372988,episodic_return,1000.0
372988,episodic_length,1000.0
373989,episodic_return,1000.0
373989,episodic_length,1000.0
374784,value_loss,0.00994595792144537
374784,policy_loss,-0.000411277636885643
374784,approx_kl,0.001935560256242752
374784,clipfrac,0.00224609375
374784,explained_variance,-0.011461615562438965
374784,sps,621.0
374784,kl_beta,0.25
374990,episodic_return,1000.0
374990,episodic_length,1000.0
375991,episodic_return,1000.0
375991,episodic_length,1000.0
376832,value_loss,0.014774011448025703
376832,policy_loss,0.0008642510510981083
376832,approx_kl,0.0035643819719552994
376832,clipfrac,0.03173828125
376832,explained_variance,0.004323363304138184
376832,sps,621.0
376832,kl_beta,0.125
376992,episodic_return,1000.0
376992,episodic_length,1000.0
377993,episodic_return,1000.0
377993,episodic_length,1000.0
378880,value_loss,0.010140716098248959
378880,policy_loss,-0.07254466414451599
378880,approx_kl,0.05372463911771774
378880,clipfrac,0.195361328125
378880,explained_variance,0.01686716079711914
378880,sps,621.0
378880,kl_beta,0.25
378994,episodic_return,1000.0
378994,episodic_length,1000.0
379032,episodic_return,36.0
379032,episodic_length,37.0
379293,episodic_return,259.0
379293,episodic_length,260.0
380294,episodic_return,1000.0
380294,episodic_length,1000.0
380690,episodic_return,394.0
380690,episodic_length,395.0
380928,value_loss,0.13586829602718353
380928,policy_loss,-0.005775911267846823
380928,approx_kl,0.022226551547646523
380928,clipfrac,0.1623046875
380928,explained_variance,0.006979584693908691
380928,sps,621.0
380928,kl_beta,0.5
381691,episodic_return,1000.0
381691,episodic_length,1000.0
382247,episodic_return,554.0
382247,episodic_length,555.0
382976,value_loss,0.01146438904106617
382976,policy_loss,0.013674784451723099
382976,approx_kl,0.008300849236547947
382976,clipfrac,0.032373046875
382976,explained_variance,-0.009289145469665527
382976,sps,621.0
382976,kl_beta,0.5
383248,episodic_return,1000.0
383248,episodic_length,1000.0
384249,episodic_return,1000.0
384249,episodic_length,1000.0
385024,value_loss,0.023349031805992126
385024,policy_loss,-0.00770676089450717
385024,approx_kl,0.0008533457294106483
385024,clipfrac,0.002099609375
385024,explained_variance,-0.022002577781677246
385024,sps,621.0
385024,kl_beta,0.25
385250,episodic_return,1000.0
385250,episodic_length,1000.0
386251,episodic_return,1000.0
386251,episodic_length,1000.0
387072,value_loss,0.15035608410835266
387072,policy_loss,-0.0027361076790839434
387072,approx_kl,0.0044287992641329765
387072,clipfrac,0.05615234375
387072,explained_variance,0.07472854852676392
387072,sps,621.0
387072,kl_beta,0.125
387252,episodic_return,1000.0
387252,episodic_length,1000.0
388253,episodic_return,1000.0
388253,episodic_length,1000.0
388819,episodic_return,564.0
388819,episodic_length,565.0
389120,value_loss,0.14385420083999634
389120,policy_loss,-0.0008311152923852205
389120,approx_kl,0.007942399010062218
389120,clipfrac,0.0521484375
389120,explained_variance,0.045804500579833984
389120,sps,621.0
389120,kl_beta,0.125
389439,episodic_return,618.0
389439,episodic_length,619.0
390440,episodic_return,1000.0
390440,episodic_length,1000.0
391168,value_loss,0.029145844280719757
391168,policy_loss,0.004140427336096764
391168,approx_kl,0.0719820111989975
391168,clipfrac,0.282177734375
391168,explained_variance,0.08250170946121216
391168,sps,621.0
391168,kl_beta,0.25
391441,episodic_return,1000.0
391441,episodic_length,1000.0
392442,episodic_return,1000.0
392442,episodic_length,1000.0
393216,value_loss,0.09289902448654175
393216,policy_loss,-0.004801769740879536
393216,approx_kl,0.003416072577238083
393216,clipfrac,0.032568359375
393216,explained_variance,-0.028987526893615723
393216,sps,621.0
393216,kl_beta,0.125
393443,episodic_return,1000.0
393443,episodic_length,1000.0
394444,episodic_return,1000.0
394444,episodic_length,1000.0
395264,value_loss,0.04436655715107918
395264,policy_loss,-0.025568630546331406
395264,approx_kl,0.02174478769302368
395264,clipfrac,0.189697265625
395264,explained_variance,0.018543481826782227
395264,sps,621.0
395264,kl_beta,0.25
395445,episodic_return,1000.0
395445,episodic_length,1000.0
396446,episodic_return,1000.0
396446,episodic_length,1000.0
397312,value_loss,0.2222217321395874
397312,policy_loss,-0.029077760875225067
397312,approx_kl,0.011264992877840996
397312,clipfrac,0.113525390625
397312,explained_variance,-0.026415348052978516
397312,sps,621.0
397312,kl_beta,0.25
397447,episodic_return,1000.0
397447,episodic_length,1000.0
398448,episodic_return,1000.0
398448,episodic_length,1000.0
399360,value_loss,0.11423962563276291
399360,policy_loss,0.004635542631149292
399360,approx_kl,0.004879922606050968
399360,clipfrac,0.092919921875
399360,explained_variance,0.05864238739013672
399360,sps,621.0
399360,kl_beta,0.125
399449,episodic_return,1000.0
399449,episodic_length,1000.0
399541,episodic_return,90.0
399541,episodic_length,91.0
400542,episodic_return,1000.0
400542,episodic_length,1000.0
401408,value_loss,0.08821912109851837
401408,policy_loss,-0.00044453656300902367
401408,approx_kl,0.061827439814805984
401408,clipfrac,0.245458984375
401408,explained_variance,0.010062336921691895
401408,sps,621.0
401408,kl_beta,0.25
401543,episodic_return,1000.0
401543,episodic_length,1000.0
402544,episodic_return,1000.0
402544,episodic_length,1000.0
403456,value_loss,0.11516746878623962
403456,policy_loss,0.02434869110584259
403456,approx_kl,0.03505571186542511
403456,clipfrac,0.144677734375
403456,explained_variance,0.004839658737182617
403456,sps,621.0
403456,kl_beta,0.5
403545,episodic_return,1000.0
403545,episodic_length,1000.0
404546,episodic_return,1000.0
404546,episodic_length,1000.0
405504,value_loss,0.01493758149445057
405504,policy_loss,-0.001476773526519537
405504,approx_kl,0.0010525146499276161
405504,clipfrac,0.001123046875
405504,explained_variance,-0.008495450019836426
405504,sps,621.0
405504,kl_beta,0.25
405547,episodic_return,1000.0
405547,episodic_length,1000.0
406548,episodic_return,1000.0
406548,episodic_length,1000.0
407549,episodic_return,1000.0
407549,episodic_length,1000.0
407552,value_loss,0.057899050414562225
407552,policy_loss,-0.045605938881635666
407552,approx_kl,0.025831401348114014
407552,clipfrac,0.196435546875
407552,explained_variance,0.004683256149291992
407552,sps,621.0
407552,kl_beta,0.5
408550,episodic_return,1000.0
408550,episodic_length,1000.0
409551,episodic_return,1000.0
409551,episodic_length,1000.0
409600,value_loss,0.09585848450660706
409600,policy_loss,-0.0038550449535250664
409600,approx_kl,0.004160100594162941
409600,clipfrac,0.031884765625
409600,explained_variance,-0.020869135856628418
409600,sps,621.0
409600,kl_beta,0.25
410552,episodic_return,1000.0
410552,episodic_length,1000.0
411553,episodic_return,1000.0
411553,episodic_length,1000.0
411648,value_loss,0.066073939204216
411648,policy_loss,-0.020066507160663605
411648,approx_kl,0.0066155362874269485
411648,clipfrac,0.096728515625
411648,explained_variance,-0.017426490783691406
411648,sps,621.0
411648,kl_beta,0.125
412554,episodic_return,1000.0
412554,episodic_length,1000.0
413555,episodic_return,1000.0
413555,episodic_length,1000.0
413696,value_loss,0.068391814827919
413696,policy_loss,-0.07727055251598358
413696,approx_kl,0.09959492087364197
413696,clipfrac,0.205029296875
413696,explained_variance,0.029511451721191406
413696,sps,621.0
413696,kl_beta,0.25
414556,episodic_return,1000.0
414556,episodic_length,1000.0
415557,episodic_return,1000.0
415557,episodic_length,1000.0
415744,value_loss,0.02983952686190605
415744,policy_loss,-0.03697038069367409
415744,approx_kl,0.0173700749874115
415744,clipfrac,0.1611328125
415744,explained_variance,0.009416818618774414
415744,sps,621.0
415744,kl_beta,0.5
416132,episodic_return,573.0
416132,episodic_length,574.0
416383,episodic_return,249.0
416383,episodic_length,250.0
417384,episodic_return,1000.0
417384,episodic_length,1000.0
417415,episodic_return,29.0
417415,episodic_length,30.0
417792,value_loss,0.163700670003891
417792,policy_loss,-0.0022393683902919292
417792,approx_kl,0.002673768438398838
417792,clipfrac,0.01513671875
417792,explained_variance,0.003506302833557129
417792,sps,620.0
417792,kl_beta,0.25
418416,episodic_return,1000.0
418416,episodic_length,1000.0
419417,episodic_return,1000.0
419417,episodic_length,1000.0
419840,value_loss,0.006695158779621124
419840,policy_loss,0.02893473021686077
419840,approx_kl,0.020899198949337006
419840,clipfrac,0.136767578125
419840,explained_variance,-0.005681037902832031
419840,sps,620.0
419840,kl_beta,0.5
420418,episodic_return,1000.0
420418,episodic_length,1000.0
421419,episodic_return,1000.0
421419,episodic_length,1000.0
421888,value_loss,0.00725818844512105
421888,policy_loss,-0.007029933854937553
421888,approx_kl,0.001325402408838272
421888,clipfrac,0.01103515625
421888,explained_variance,-0.003260016441345215
421888,sps,621.0
421888,kl_beta,0.25
422420,episodic_return,1000.0
422420,episodic_length,1000.0
423421,episodic_return,1000.0
423421,episodic_length,1000.0
423936,value_loss,0.04761088266968727
423936,policy_loss,-0.0025192047469317913
423936,approx_kl,0.006740527227520943
423936,clipfrac,0.074755859375
423936,explained_variance,0.013446807861328125
423936,sps,620.0
423936,kl_beta,0.25
424422,episodic_return,1000.0
424422,episodic_length,1000.0
424609,episodic_return,185.0
424609,episodic_length,186.0
425235,episodic_return,624.0
425235,episodic_length,625.0
425984,value_loss,0.1679120659828186
425984,policy_loss,0.05868571251630783
425984,approx_kl,0.015709780156612396
425984,clipfrac,0.09189453125
425984,explained_variance,0.04397207498550415
425984,sps,620.0
425984,kl_beta,0.5
426236,episodic_return,1000.0
426236,episodic_length,1000.0
426570,episodic_return,332.0
426570,episodic_length,333.0
427571,episodic_return,1000.0
427571,episodic_length,1000.0
428032,value_loss,0.39963993430137634
428032,policy_loss,0.0005072187632322311
428032,approx_kl,0.003638964146375656
428032,clipfrac,0.026806640625
428032,explained_variance,0.02342677116394043
428032,sps,620.0
428032,kl_beta,0.25
428572,episodic_return,1000.0
428572,episodic_length,1000.0
428825,episodic_return,251.0
428825,episodic_length,252.0
429826,episodic_return,1000.0
429826,episodic_length,1000.0
430080,value_loss,0.0973970964550972
430080,policy_loss,0.00014943373389542103
430080,approx_kl,0.002456982620060444
430080,clipfrac,0.015478515625
430080,explained_variance,0.009401023387908936
430080,sps,620.0
430080,kl_beta,0.125
430827,episodic_return,1000.0
430827,episodic_length,1000.0
431828,episodic_return,1000.0
431828,episodic_length,1000.0
432128,value_loss,0.08160626888275146
432128,policy_loss,0.019847046583890915
432128,approx_kl,0.03510066121816635
432128,clipfrac,0.141943359375
432128,explained_variance,0.023383736610412598
432128,sps,620.0
432128,kl_beta,0.25
432829,episodic_return,1000.0
432829,episodic_length,1000.0
433830,episodic_return,1000.0
433830,episodic_length,1000.0
434176,value_loss,0.034590356051921844
434176,policy_loss,0.009167930111289024
434176,approx_kl,0.00862052384763956
434176,clipfrac,0.0671875
434176,explained_variance,0.017956018447875977
434176,sps,620.0
434176,kl_beta,0.25
434521,episodic_return,689.0
434521,episodic_length,690.0
435522,episodic_return,1000.0
435522,episodic_length,1000.0
436224,value_loss,0.009238073602318764
436224,policy_loss,-0.00790912751108408
436224,approx_kl,0.002890673466026783
436224,clipfrac,0.012255859375
436224,explained_variance,0.01188194751739502
436224,sps,620.0
436224,kl_beta,0.125
436523,episodic_return,1000.0
436523,episodic_length,1000.0
437524,episodic_return,1000.0
437524,episodic_length,1000.0
438272,value_loss,0.1171690970659256
438272,policy_loss,0.0027818363159894943
438272,approx_kl,0.02725176513195038
438272,clipfrac,0.191162109375
438272,explained_variance,0.017641723155975342
438272,sps,620.0
438272,kl_beta,0.25
438525,episodic_return,1000.0
438525,episodic_length,1000.0
439361,episodic_return,834.0
439361,episodic_length,835.0
440320,value_loss,0.004885144531726837
440320,policy_loss,-0.027958940714597702
440320,approx_kl,0.014360533095896244
440320,clipfrac,0.170361328125
440320,explained_variance,0.012336254119873047
440320,sps,620.0
440320,kl_beta,0.25
440362,episodic_return,1000.0
440362,episodic_length,1000.0
440447,episodic_return,83.0
440447,episodic_length,84.0
441448,episodic_return,1000.0
441448,episodic_length,1000.0
442368,value_loss,0.058868784457445145
442368,policy_loss,0.00316041917540133
442368,approx_kl,0.005450406111776829
442368,clipfrac,0.08779296875
442368,explained_variance,0.007027268409729004
442368,sps,620.0
442368,kl_beta,0.125
442449,episodic_return,1000.0
442449,episodic_length,1000.0
442909,episodic_return,458.0
442909,episodic_length,459.0
443478,episodic_return,567.0
443478,episodic_length,568.0
443742,episodic_return,262.0
443742,episodic_length,263.0
444416,value_loss,0.015342328697443008
444416,policy_loss,0.00501287542283535
444416,approx_kl,0.015201881527900696
444416,clipfrac,0.13583984375
444416,explained_variance,-0.02669835090637207
444416,sps,620.0
444416,kl_beta,0.25
444663,episodic_return,919.0
444663,episodic_length,920.0
444987,episodic_return,322.0
444987,episodic_length,323.0
445273,episodic_return,284.0
445273,episodic_length,285.0
446027,episodic_return,752.0
446027,episodic_length,753.0
446347,episodic_return,318.0
446347,episodic_length,319.0
446464,value_loss,0.18658912181854248
446464,policy_loss,-0.010111585259437561
446464,approx_kl,0.025538364425301552
446464,clipfrac,0.201513671875
446464,explained_variance,0.09602546691894531
446464,sps,620.0
446464,kl_beta,0.5
447348,episodic_return,1000.0
447348,episodic_length,1000.0
448349,episodic_return,1000.0
448349,episodic_length,1000.0
448512,value_loss,0.07994537055492401
448512,policy_loss,-0.001963229849934578
448512,approx_kl,0.003668826073408127
448512,clipfrac,0.060693359375
448512,explained_variance,-0.03803670406341553
448512,sps,620.0
448512,kl_beta,0.25
449350,episodic_return,1000.0
449350,episodic_length,1000.0
450351,episodic_return,1000.0
450351,episodic_length,1000.0
450560,value_loss,0.005618950817734003
450560,policy_loss,-0.00274846819229424
450560,approx_kl,0.006018216721713543
450560,clipfrac,0.0630859375
450560,explained_variance,0.01639533042907715
450560,sps,620.0
450560,kl_beta,0.125
451082,episodic_return,729.0
451082,episodic_length,730.0
451621,episodic_return,537.0
451621,episodic_length,538.0
452608,value_loss,0.030018502846360207
452608,policy_loss,0.0003008082276210189
452608,approx_kl,0.010504799894988537
452608,clipfrac,0.07431640625
452608,explained_variance,0.09295213222503662
452608,sps,620.0
452608,kl_beta,0.125
452622,episodic_return,1000.0
452622,episodic_length,1000.0
453446,episodic_return,822.0
453446,episodic_length,823.0
454447,episodic_return,1000.0
454447,episodic_length,1000.0
454471,episodic_return,22.0
454471,episodic_length,23.0
454656,value_loss,0.15935786068439484
454656,policy_loss,0.002476572524756193
454656,approx_kl,0.03212660178542137
454656,clipfrac,0.252490234375
454656,explained_variance,-0.0259019136428833
454656,sps,620.0
454656,kl_beta,0.25
454975,episodic_return,502.0
454975,episodic_length,503.0
455657,episodic_return,680.0
455657,episodic_length,681.0
455833,episodic_return,174.0
455833,episodic_length,175.0
456551,episodic_return,716.0
456551,episodic_length,717.0
456694,episodic_return,141.0
456694,episodic_length,142.0
456704,value_loss,0.1699085235595703
456704,policy_loss,-0.01073926780372858
456704,approx_kl,0.01960548385977745
456704,clipfrac,0.14052734375
456704,explained_variance,0.11378258466720581
456704,sps,620.0
456704,kl_beta,0.5
457695,episodic_return,1000.0
457695,episodic_length,1000.0
458696,episodic_return,1000.0
458696,episodic_length,1000.0
458752,value_loss,0.07798081636428833
458752,policy_loss,-0.03691282123327255
458752,approx_kl,0.01031583547592163
458752,clipfrac,0.0666015625
458752,explained_variance,0.10834658145904541
458752,sps,620.0
458752,kl_beta,0.5
459697,episodic_return,1000.0
459697,episodic_length,1000.0
460698,episodic_return,1000.0
460698,episodic_length,1000.0
460800,value_loss,0.006588146090507507
460800,policy_loss,0.02468014881014824
460800,approx_kl,0.004162287339568138
460800,clipfrac,0.019189453125
460800,explained_variance,0.0688546895980835
460800,sps,620.0
460800,kl_beta,0.25
461699,episodic_return,1000.0
461699,episodic_length,1000.0
462700,episodic_return,1000.0
462700,episodic_length,1000.0
462848,value_loss,0.005952071398496628
462848,policy_loss,-0.01239440031349659
462848,approx_kl,0.0272769033908844
462848,clipfrac,0.237841796875
462848,explained_variance,0.06451362371444702
462848,sps,620.0
462848,kl_beta,0.5
463701,episodic_return,1000.0
463701,episodic_length,1000.0
464702,episodic_return,1000.0
464702,episodic_length,1000.0
464896,value_loss,0.12990352511405945
464896,policy_loss,-0.012192880734801292
464896,approx_kl,0.017656851559877396
464896,clipfrac,0.091845703125
464896,explained_variance,0.05020111799240112
464896,sps,620.0
464896,kl_beta,1.0
465703,episodic_return,1000.0
465703,episodic_length,1000.0
466704,episodic_return,1000.0
466704,episodic_length,1000.0
466944,value_loss,0.015943313017487526
466944,policy_loss,-0.001409001648426056
466944,approx_kl,0.0006084740161895752
466944,clipfrac,0.001318359375
466944,explained_variance,0.028497159481048584
466944,sps,620.0
466944,kl_beta,0.5
467705,episodic_return,1000.0
467705,episodic_length,1000.0
468706,episodic_return,1000.0
468706,episodic_length,1000.0
468992,value_loss,0.023428164422512054
468992,policy_loss,-0.0020408863201737404
468992,approx_kl,0.0011487137526273727
468992,clipfrac,0.026953125
468992,explained_variance,0.015273094177246094
468992,sps,619.0
468992,kl_beta,0.25
469707,episodic_return,1000.0
469707,episodic_length,1000.0
470708,episodic_return,1000.0
470708,episodic_length,1000.0
471040,value_loss,0.01366432849317789
471040,policy_loss,-0.009610351175069809
471040,approx_kl,0.010448498651385307
471040,clipfrac,0.125537109375
471040,explained_variance,0.003878772258758545
471040,sps,619.0
471040,kl_beta,0.25
471709,episodic_return,1000.0
471709,episodic_length,1000.0
472378,episodic_return,667.0
472378,episodic_length,668.0
473088,value_loss,0.20196911692619324
473088,policy_loss,-0.026990938931703568
473088,approx_kl,0.010341990739107132
473088,clipfrac,0.091552734375
473088,explained_variance,0.07153236865997314
473088,sps,619.0
473088,kl_beta,0.25
473379,episodic_return,1000.0
473379,episodic_length,1000.0
474380,episodic_return,1000.0
474380,episodic_length,1000.0
475136,value_loss,0.085267573595047
475136,policy_loss,-0.004486799240112305
475136,approx_kl,0.011029153130948544
475136,clipfrac,0.09033203125
475136,explained_variance,-0.009788274765014648
475136,sps,619.0
475136,kl_beta,0.25
475381,episodic_return,1000.0
475381,episodic_length,1000.0
476382,episodic_return,1000.0
476382,episodic_length,1000.0
477184,value_loss,0.03602997586131096
477184,policy_loss,0.021852612495422363
477184,approx_kl,0.007578135468065739
477184,clipfrac,0.05205078125
477184,explained_variance,-0.010816097259521484
477184,sps,619.0
477184,kl_beta,0.25
477383,episodic_return,1000.0
477383,episodic_length,1000.0
478384,episodic_return,1000.0
478384,episodic_length,1000.0
478520,episodic_return,134.0
478520,episodic_length,135.0
479232,value_loss,0.10895316302776337
479232,policy_loss,-0.008490890264511108
479232,approx_kl,0.009506402537226677
479232,clipfrac,0.06845703125
479232,explained_variance,0.0063533782958984375
479232,sps,619.0
479232,kl_beta,0.25
479521,episodic_return,1000.0
479521,episodic_length,1000.0
480522,episodic_return,1000.0
480522,episodic_length,1000.0
481280,value_loss,0.019850894808769226
481280,policy_loss,0.008595414459705353
481280,approx_kl,0.005097420886158943
481280,clipfrac,0.039208984375
481280,explained_variance,-0.04549205303192139
481280,sps,619.0
481280,kl_beta,0.125
481523,episodic_return,1000.0
481523,episodic_length,1000.0
482524,episodic_return,1000.0
482524,episodic_length,1000.0
483328,value_loss,0.026099033653736115
483328,policy_loss,0.06141435354948044
483328,approx_kl,0.06589369475841522
483328,clipfrac,0.19931640625
483328,explained_variance,-0.011667609214782715
483328,sps,619.0
483328,kl_beta,0.25
483525,episodic_return,1000.0
483525,episodic_length,1000.0
484526,episodic_return,1000.0
484526,episodic_length,1000.0
485376,value_loss,0.03996024280786514
485376,policy_loss,-9.720376692712307e-05
485376,approx_kl,0.011450008489191532
485376,clipfrac,0.086376953125
485376,explained_variance,0.009869039058685303
485376,sps,619.0
485376,kl_beta,0.25
485527,episodic_return,1000.0
485527,episodic_length,1000.0
486528,episodic_return,1000.0
486528,episodic_length,1000.0
487424,value_loss,0.007990715093910694
487424,policy_loss,-0.010831896215677261
487424,approx_kl,0.03228899836540222
487424,clipfrac,0.14248046875
487424,explained_variance,-0.02419877052307129
487424,sps,619.0
487424,kl_beta,0.5
487529,episodic_return,1000.0
487529,episodic_length,1000.0
488530,episodic_return,1000.0
488530,episodic_length,1000.0
489472,value_loss,0.08587522804737091
489472,policy_loss,-0.0025209025479853153
489472,approx_kl,0.00027040671557188034
489472,clipfrac,0.000341796875
489472,explained_variance,-0.0039855241775512695
489472,sps,619.0
489472,kl_beta,0.25
489531,episodic_return,1000.0
489531,episodic_length,1000.0
490532,episodic_return,1000.0
490532,episodic_length,1000.0
491520,value_loss,0.1324956715106964
491520,policy_loss,-0.0034652219619601965
491520,approx_kl,0.0006332928314805031
491520,clipfrac,0.00078125
491520,explained_variance,0.005973935127258301
491520,sps,619.0
491520,kl_beta,0.125
491533,episodic_return,1000.0
491533,episodic_length,1000.0
492534,episodic_return,1000.0
492534,episodic_length,1000.0
493535,episodic_return,1000.0
493535,episodic_length,1000.0
493568,value_loss,0.0427483394742012
493568,policy_loss,0.0016493597067892551
493568,approx_kl,0.03475655987858772
493568,clipfrac,0.130517578125
493568,explained_variance,-0.008378028869628906
493568,sps,619.0
493568,kl_beta,0.25
494536,episodic_return,1000.0
494536,episodic_length,1000.0
495537,episodic_return,1000.0
495537,episodic_length,1000.0
495616,value_loss,0.09492546319961548
495616,policy_loss,-0.04514649882912636
495616,approx_kl,0.019496243447065353
495616,clipfrac,0.127880859375
495616,explained_variance,-0.01278078556060791
495616,sps,619.0
495616,kl_beta,0.5
496538,episodic_return,1000.0
496538,episodic_length,1000.0
497539,episodic_return,1000.0
497539,episodic_length,1000.0
497664,value_loss,0.09539594501256943
497664,policy_loss,0.0014357357285916805
497664,approx_kl,0.0011952919885516167
497664,clipfrac,0.0052734375
497664,explained_variance,0.0023822784423828125
497664,sps,619.0
497664,kl_beta,0.25
498540,episodic_return,1000.0
498540,episodic_length,1000.0
499541,episodic_return,1000.0
499541,episodic_length,1000.0
499712,value_loss,0.25573843717575073
499712,policy_loss,-0.02289380505681038
499712,approx_kl,0.006092594936490059
499712,clipfrac,0.036279296875
499712,explained_variance,-0.0029897689819335938
499712,sps,619.0
499712,kl_beta,0.125
500542,episodic_return,1000.0
500542,episodic_length,1000.0
501543,episodic_return,1000.0
501543,episodic_length,1000.0
501760,value_loss,0.1331905573606491
501760,policy_loss,0.0019008476519957185
501760,approx_kl,0.014350798912346363
501760,clipfrac,0.04599609375
501760,explained_variance,0.014879047870635986
501760,sps,619.0
501760,kl_beta,0.125
502544,episodic_return,1000.0
502544,episodic_length,1000.0
503545,episodic_return,1000.0
503545,episodic_length,1000.0
503808,value_loss,0.17396040260791779
503808,policy_loss,0.04893520474433899
503808,approx_kl,0.11653605103492737
503808,clipfrac,0.273486328125
503808,explained_variance,0.010869801044464111
503808,sps,619.0
503808,kl_beta,0.25
504221,episodic_return,674.0
504221,episodic_length,675.0
505222,episodic_return,1000.0
505222,episodic_length,1000.0
505856,value_loss,0.08904489874839783
505856,policy_loss,-0.004800418857485056
505856,approx_kl,0.01313992403447628
505856,clipfrac,0.105078125
505856,explained_variance,0.0008780956268310547
505856,sps,618.0
505856,kl_beta,0.25
506033,episodic_return,809.0
506033,episodic_length,810.0
507034,episodic_return,1000.0
507034,episodic_length,1000.0
507098,episodic_return,62.0
507098,episodic_length,63.0
507200,episodic_return,100.0
507200,episodic_length,101.0
507904,value_loss,0.025748103857040405
507904,policy_loss,0.0004394063726067543
507904,approx_kl,0.0026627518236637115
507904,clipfrac,0.0513671875
507904,explained_variance,0.023186147212982178
507904,sps,618.0
507904,kl_beta,0.125
508201,episodic_return,1000.0
508201,episodic_length,1000.0
509202,episodic_return,1000.0
509202,episodic_length,1000.0
509952,value_loss,0.011769269593060017
509952,policy_loss,0.00587045680731535
509952,approx_kl,0.0219128355383873
509952,clipfrac,0.0693359375
509952,explained_variance,-0.02638852596282959
509952,sps,618.0
509952,kl_beta,0.25
510203,episodic_return,1000.0
510203,episodic_length,1000.0
510391,episodic_return,186.0
510391,episodic_length,187.0
510888,episodic_return,495.0
510888,episodic_length,496.0
511741,episodic_return,851.0
511741,episodic_length,852.0
512000,value_loss,0.023999415338039398
512000,policy_loss,-0.02258211374282837
512000,approx_kl,0.009179295040667057
512000,clipfrac,0.060546875
512000,explained_variance,0.020051181316375732
512000,sps,618.0
512000,kl_beta,0.25
512742,episodic_return,1000.0
512742,episodic_length,1000.0
513743,episodic_return,1000.0
513743,episodic_length,1000.0
514048,value_loss,0.010162284597754478
514048,policy_loss,0.02906704694032669
514048,approx_kl,0.015500662848353386
514048,clipfrac,0.135986328125
514048,explained_variance,0.035816967487335205
514048,sps,618.0
514048,kl_beta,0.5
514744,episodic_return,1000.0
514744,episodic_length,1000.0
515745,episodic_return,1000.0
515745,episodic_length,1000.0
516096,value_loss,0.3062785267829895
516096,policy_loss,-0.0077986507676541805
516096,approx_kl,0.005603489466011524
516096,clipfrac,0.04658203125
516096,explained_variance,-0.014484286308288574
516096,sps,618.0
516096,kl_beta,0.25
516746,episodic_return,1000.0
516746,episodic_length,1000.0
517747,episodic_return,1000.0
517747,episodic_length,1000.0
518144,value_loss,0.08242830634117126
518144,policy_loss,-0.001529661938548088
518144,approx_kl,0.005040742456912994
518144,clipfrac,0.06142578125
518144,explained_variance,-0.026783227920532227
518144,sps,618.0
518144,kl_beta,0.125
518748,episodic_return,1000.0
518748,episodic_length,1000.0
519418,episodic_return,668.0
519418,episodic_length,669.0
520192,value_loss,0.022875797003507614
520192,policy_loss,-0.011524498462677002
520192,approx_kl,0.015633326023817062
520192,clipfrac,0.09375
520192,explained_variance,0.018623709678649902
520192,sps,618.0
520192,kl_beta,0.25
520419,episodic_return,1000.0
520419,episodic_length,1000.0
521420,episodic_return,1000.0
521420,episodic_length,1000.0
522240,value_loss,0.10159195959568024
522240,policy_loss,-0.029398305341601372
522240,approx_kl,0.026381470263004303
522240,clipfrac,0.150927734375
522240,explained_variance,0.013578712940216064
522240,sps,618.0
522240,kl_beta,0.5
522421,episodic_return,1000.0
522421,episodic_length,1000.0
523422,episodic_return,1000.0
523422,episodic_length,1000.0
524288,value_loss,0.012910209596157074
524288,policy_loss,-0.0052874330431222916
524288,approx_kl,0.003855448216199875
524288,clipfrac,0.019091796875
524288,explained_variance,-0.048577070236206055
524288,sps,618.0
524288,kl_beta,0.25
524423,episodic_return,1000.0
524423,episodic_length,1000.0
525424,episodic_return,1000.0
525424,episodic_length,1000.0
526336,value_loss,0.13230568170547485
526336,policy_loss,0.008886607363820076
526336,approx_kl,0.01584072969853878
526336,clipfrac,0.132080078125
526336,explained_variance,0.0008155703544616699
526336,sps,618.0
526336,kl_beta,0.5
526425,episodic_return,1000.0
526425,episodic_length,1000.0
526826,episodic_return,399.0
526826,episodic_length,400.0
527827,episodic_return,1000.0
527827,episodic_length,1000.0
528365,episodic_return,536.0
528365,episodic_length,537.0
528384,value_loss,0.09845009446144104
528384,policy_loss,0.0045147244818508625
528384,approx_kl,0.005946041084825993
528384,clipfrac,0.047705078125
528384,explained_variance,0.01567673683166504
528384,sps,618.0
528384,kl_beta,0.25
529366,episodic_return,1000.0
529366,episodic_length,1000.0
530367,episodic_return,1000.0
530367,episodic_length,1000.0
530432,value_loss,0.018344838172197342
530432,policy_loss,0.01113333459943533
530432,approx_kl,0.0036104293540120125
530432,clipfrac,0.050830078125
530432,explained_variance,0.044717252254486084
530432,sps,618.0
530432,kl_beta,0.125
531368,episodic_return,1000.0
531368,episodic_length,1000.0
532369,episodic_return,1000.0
532369,episodic_length,1000.0
532396,episodic_return,25.0
532396,episodic_length,26.0
532480,value_loss,0.08366116136312485
532480,policy_loss,-0.005762303713709116
532480,approx_kl,0.055489759892225266
532480,clipfrac,0.16982421875
532480,explained_variance,0.0132598876953125
532480,sps,618.0
532480,kl_beta,0.25
533038,episodic_return,640.0
533038,episodic_length,641.0
534039,episodic_return,1000.0
534039,episodic_length,1000.0
534528,value_loss,0.06144799664616585
534528,policy_loss,-0.0004012028221040964
534528,approx_kl,0.012385561130940914
534528,clipfrac,0.080859375
534528,explained_variance,-0.012597084045410156
534528,sps,618.0
534528,kl_beta,0.25
535040,episodic_return,1000.0
535040,episodic_length,1000.0
536041,episodic_return,1000.0
536041,episodic_length,1000.0
536576,value_loss,0.014156900346279144
536576,policy_loss,-0.0023213194217532873
536576,approx_kl,0.0018209153786301613
536576,clipfrac,0.01201171875
536576,explained_variance,-0.005280256271362305
536576,sps,618.0
536576,kl_beta,0.125
537042,episodic_return,1000.0
537042,episodic_length,1000.0
538043,episodic_return,1000.0
538043,episodic_length,1000.0
538102,episodic_return,57.0
538102,episodic_length,58.0
538624,value_loss,0.1831229329109192
538624,policy_loss,0.001652226783335209
538624,approx_kl,0.02205628901720047
538624,clipfrac,0.12041015625
538624,explained_variance,-0.014055252075195312
538624,sps,618.0
538624,kl_beta,0.25
539103,episodic_return,1000.0
539103,episodic_length,1000.0
540104,episodic_return,1000.0
540104,episodic_length,1000.0
540672,value_loss,0.027874192222952843
540672,policy_loss,0.00415310263633728
540672,approx_kl,0.010364680550992489
540672,clipfrac,0.058740234375
540672,explained_variance,-0.009255647659301758
540672,sps,618.0
540672,kl_beta,0.25
540948,episodic_return,842.0
540948,episodic_length,843.0
541949,episodic_return,1000.0
541949,episodic_length,1000.0
542720,value_loss,0.06377945840358734
542720,policy_loss,0.0013834151905030012
542720,approx_kl,0.00463478546589613
542720,clipfrac,0.020068359375
542720,explained_variance,0.016421854496002197
542720,sps,618.0
542720,kl_beta,0.125
542950,episodic_return,1000.0
542950,episodic_length,1000.0
543951,episodic_return,1000.0
543951,episodic_length,1000.0
544768,value_loss,0.004543091636151075
544768,policy_loss,0.0130330054089427
544768,approx_kl,0.019092701375484467
544768,clipfrac,0.158935546875
544768,explained_variance,-0.0018535852432250977
544768,sps,618.0
544768,kl_beta,0.25
544952,episodic_return,1000.0
544952,episodic_length,1000.0
545953,episodic_return,1000.0
545953,episodic_length,1000.0
546816,value_loss,0.004207305610179901
546816,policy_loss,-0.03161916509270668
546816,approx_kl,0.008836009539663792
546816,clipfrac,0.05146484375
546816,explained_variance,-0.010882735252380371
546816,sps,618.0
546816,kl_beta,0.25
546954,episodic_return,1000.0
546954,episodic_length,1000.0
547955,episodic_return,1000.0
547955,episodic_length,1000.0
548864,value_loss,0.009862726554274559
548864,policy_loss,-0.0022740422282367945
548864,approx_kl,0.004476047120988369
548864,clipfrac,0.03515625
548864,explained_variance,-0.0034842491149902344
548864,sps,619.0
548864,kl_beta,0.125
548956,episodic_return,1000.0
548956,episodic_length,1000.0
549957,episodic_return,1000.0
549957,episodic_length,1000.0
550912,value_loss,0.010051241144537926
550912,policy_loss,-0.01558320876210928
550912,approx_kl,0.025936760008335114
550912,clipfrac,0.157568359375
550912,explained_variance,-0.0002835988998413086
550912,sps,619.0
550912,kl_beta,0.25
550958,episodic_return,1000.0
550958,episodic_length,1000.0
551959,episodic_return,1000.0
551959,episodic_length,1000.0
552960,episodic_return,1000.0
552960,episodic_length,1000.0
552960,value_loss,0.2221047580242157
552960,policy_loss,0.00063356664031744
552960,approx_kl,0.0038095898926258087
552960,clipfrac,0.013037109375
552960,explained_variance,-0.010443449020385742
552960,sps,619.0
552960,kl_beta,0.125
553961,episodic_return,1000.0
553961,episodic_length,1000.0
554962,episodic_return,1000.0
554962,episodic_length,1000.0
555008,value_loss,0.026307834312319756
555008,policy_loss,0.006601962726563215
555008,approx_kl,0.011618402786552906
555008,clipfrac,0.03916015625
555008,explained_variance,0.004067897796630859
555008,sps,619.0
555008,kl_beta,0.125
555963,episodic_return,1000.0
555963,episodic_length,1000.0
556964,episodic_return,1000.0
556964,episodic_length,1000.0
557056,value_loss,0.001961627509444952
557056,policy_loss,-0.03441431745886803
557056,approx_kl,0.027978628873825073
557056,clipfrac,0.1404296875
557056,explained_variance,-0.010802149772644043
557056,sps,619.0
557056,kl_beta,0.25
557642,episodic_return,676.0
557642,episodic_length,677.0
558643,episodic_return,1000.0
558643,episodic_length,1000.0
559104,value_loss,0.009877649135887623
559104,policy_loss,-0.0024807085283100605
559104,approx_kl,0.0003573130816221237
559104,clipfrac,0.003515625
559104,explained_variance,0.00615924596786499
559104,sps,618.0
559104,kl_beta,0.125
559644,episodic_return,1000.0
559644,episodic_length,1000.0
560645,episodic_return,1000.0
560645,episodic_length,1000.0
561152,value_loss,0.03996000066399574
561152,policy_loss,-0.015997858718037605
561152,approx_kl,0.036197710782289505
561152,clipfrac,0.140771484375
561152,explained_variance,-0.004938006401062012
561152,sps,618.0
561152,kl_beta,0.25
561646,episodic_return,1000.0
561646,episodic_length,1000.0
562647,episodic_return,1000.0
562647,episodic_length,1000.0
563200,value_loss,0.1364561915397644
563200,policy_loss,-0.01024224516004324
563200,approx_kl,0.00431143119931221
563200,clipfrac,0.032080078125
563200,explained_variance,0.012273728847503662
563200,sps,618.0
563200,kl_beta,0.125
563648,episodic_return,1000.0
563648,episodic_length,1000.0
564222,episodic_return,572.0
564222,episodic_length,573.0
565223,episodic_return,1000.0
565223,episodic_length,1000.0
565248,value_loss,0.17199978232383728
565248,policy_loss,-0.0020401100628077984
565248,approx_kl,0.02090311422944069
565248,clipfrac,0.101416015625
565248,explained_variance,0.0502009391784668
565248,sps,618.0
565248,kl_beta,0.25
566224,episodic_return,1000.0
566224,episodic_length,1000.0
567225,episodic_return,1000.0
567225,episodic_length,1000.0
567296,value_loss,0.008394327946007252
567296,policy_loss,-0.002016417682170868
567296,approx_kl,0.013886094093322754
567296,clipfrac,0.119140625
567296,explained_variance,0.007618606090545654
567296,sps,618.0
567296,kl_beta,0.25
568226,episodic_return,1000.0
568226,episodic_length,1000.0
569227,episodic_return,1000.0
569227,episodic_length,1000.0
569344,value_loss,0.008539881557226181
569344,policy_loss,-0.003818496596068144
569344,approx_kl,0.004216240718960762
569344,clipfrac,0.0328125
569344,explained_variance,0.012454628944396973
569344,sps,618.0
569344,kl_beta,0.125
570228,episodic_return,1000.0
570228,episodic_length,1000.0
571229,episodic_return,1000.0
571229,episodic_length,1000.0
571392,value_loss,0.0965888649225235
571392,policy_loss,0.01866399124264717
571392,approx_kl,0.05776503309607506
571392,clipfrac,0.147998046875
571392,explained_variance,0.024357199668884277
571392,sps,618.0
571392,kl_beta,0.25
572230,episodic_return,1000.0
572230,episodic_length,1000.0
573231,episodic_return,1000.0
573231,episodic_length,1000.0
573440,value_loss,0.05591201409697533
573440,policy_loss,-0.006310751661658287
573440,approx_kl,0.0014589810743927956
573440,clipfrac,0.022607421875
573440,explained_variance,-0.008529305458068848
573440,sps,618.0
573440,kl_beta,0.125
574232,episodic_return,1000.0
574232,episodic_length,1000.0
575233,episodic_return,1000.0
575233,episodic_length,1000.0
575488,value_loss,0.004225262440741062
575488,policy_loss,0.027278631925582886
575488,approx_kl,0.01544210035353899
575488,clipfrac,0.07763671875
575488,explained_variance,0.034542083740234375
575488,sps,618.0
575488,kl_beta,0.25
576234,episodic_return,1000.0
576234,episodic_length,1000.0
577235,episodic_return,1000.0
577235,episodic_length,1000.0
577536,value_loss,0.13262774050235748
577536,policy_loss,0.006483449600636959
577536,approx_kl,0.005584093742072582
577536,clipfrac,0.04404296875
577536,explained_variance,3.4570693969726562e-06
577536,sps,618.0
577536,kl_beta,0.125
578236,episodic_return,1000.0
578236,episodic_length,1000.0
579237,episodic_return,1000.0
579237,episodic_length,1000.0
579584,value_loss,0.28822675347328186
579584,policy_loss,-0.015012547373771667
579584,approx_kl,0.026001576334238052
579584,clipfrac,0.1384765625
579584,explained_variance,0.01894080638885498
579584,sps,618.0
579584,kl_beta,0.25
580238,episodic_return,1000.0
580238,episodic_length,1000.0
581239,episodic_return,1000.0
581239,episodic_length,1000.0
581624,episodic_return,383.0
581624,episodic_length,384.0
581632,value_loss,0.155293807387352
581632,policy_loss,-0.0029809714760631323
581632,approx_kl,0.004338436760008335
581632,clipfrac,0.05009765625
581632,explained_variance,0.012014806270599365
581632,sps,618.0
581632,kl_beta,0.125
582625,episodic_return,1000.0
582625,episodic_length,1000.0
583626,episodic_return,1000.0
583626,episodic_length,1000.0
583680,value_loss,0.22192096710205078
583680,policy_loss,-0.009155439212918282
583680,approx_kl,0.016182824969291687
583680,clipfrac,0.093896484375
583680,explained_variance,0.001705467700958252
583680,sps,618.0
583680,kl_beta,0.25
584627,episodic_return,1000.0
584627,episodic_length,1000.0
584874,episodic_return,245.0
584874,episodic_length,246.0
585728,value_loss,0.0696243941783905
585728,policy_loss,-0.0616225004196167
585728,approx_kl,0.010606047697365284
585728,clipfrac,0.059765625
585728,explained_variance,0.008742570877075195
585728,sps,618.0
585728,kl_beta,0.25
585875,episodic_return,1000.0
585875,episodic_length,1000.0
586876,episodic_return,1000.0
586876,episodic_length,1000.0
587419,episodic_return,541.0
587419,episodic_length,542.0
587776,value_loss,0.2166597694158554
587776,policy_loss,-0.001862828154116869
587776,approx_kl,0.0030390750616788864
587776,clipfrac,0.014306640625
587776,explained_variance,0.02495342493057251
587776,sps,618.0
587776,kl_beta,0.125
588420,episodic_return,1000.0
588420,episodic_length,1000.0
589421,episodic_return,1000.0
589421,episodic_length,1000.0
589824,value_loss,0.039455264806747437
589824,policy_loss,-0.011025507003068924
589824,approx_kl,0.01932332292199135
589824,clipfrac,0.1046875
589824,explained_variance,-0.01690673828125
589824,sps,618.0
589824,kl_beta,0.25
590422,episodic_return,1000.0
590422,episodic_length,1000.0
591423,episodic_return,1000.0
591423,episodic_length,1000.0
591872,value_loss,0.16653881967067719
591872,policy_loss,-0.012040229514241219
591872,approx_kl,0.008723072707653046
591872,clipfrac,0.055859375
591872,explained_variance,0.03412890434265137
591872,sps,618.0
591872,kl_beta,0.25
592424,episodic_return,1000.0
592424,episodic_length,1000.0
593425,episodic_return,1000.0
593425,episodic_length,1000.0
593920,value_loss,0.13343574106693268
593920,policy_loss,0.0034094201400876045
593920,approx_kl,0.018824491649866104
593920,clipfrac,0.158154296875
593920,explained_variance,0.05129683017730713
593920,sps,618.0
593920,kl_beta,0.5
594426,episodic_return,1000.0
594426,episodic_length,1000.0
595427,episodic_return,1000.0
595427,episodic_length,1000.0
595968,value_loss,0.2758159935474396
595968,policy_loss,0.004497229121625423
595968,approx_kl,0.00043755583465099335
595968,clipfrac,0.00224609375
595968,explained_variance,-0.0243302583694458
595968,sps,618.0
595968,kl_beta,0.25
596428,episodic_return,1000.0
596428,episodic_length,1000.0
597429,episodic_return,1000.0
597429,episodic_length,1000.0
597511,episodic_return,80.0
597511,episodic_length,81.0
598016,value_loss,0.11833915114402771
598016,policy_loss,-0.005541365593671799
598016,approx_kl,0.005279406905174255
598016,clipfrac,0.0365234375
598016,explained_variance,0.026195108890533447
598016,sps,618.0
598016,kl_beta,0.125
598499,episodic_return,986.0
598499,episodic_length,987.0
599500,episodic_return,1000.0
599500,episodic_length,1000.0
600064,value_loss,0.05264398083090782
600064,policy_loss,0.012264453805983067
600064,approx_kl,0.026258893311023712
600064,clipfrac,0.158447265625
600064,explained_variance,0.08459359407424927
600064,sps,618.0
600064,kl_beta,0.25
600501,episodic_return,1000.0
600501,episodic_length,1000.0
601502,episodic_return,1000.0
601502,episodic_length,1000.0
602112,value_loss,0.14852160215377808
602112,policy_loss,-0.00213786237873137
602112,approx_kl,0.000998212955892086
602112,clipfrac,0.00390625
602112,explained_variance,-0.020183801651000977
602112,sps,618.0
602112,kl_beta,0.125
602503,episodic_return,1000.0
602503,episodic_length,1000.0
603504,episodic_return,1000.0
603504,episodic_length,1000.0
604160,value_loss,0.004052449017763138
604160,policy_loss,-0.007719562388956547
604160,approx_kl,0.018558496609330177
604160,clipfrac,0.03984375
604160,explained_variance,-0.024355530738830566
604160,sps,618.0
604160,kl_beta,0.25
604505,episodic_return,1000.0
604505,episodic_length,1000.0
605506,episodic_return,1000.0
605506,episodic_length,1000.0
606208,value_loss,0.025107111781835556
606208,policy_loss,-0.007898569107055664
606208,approx_kl,0.019776267930865288
606208,clipfrac,0.1029296875
606208,explained_variance,0.00481182336807251
606208,sps,618.0
606208,kl_beta,0.5
606507,episodic_return,1000.0
606507,episodic_length,1000.0
607221,episodic_return,712.0
607221,episodic_length,713.0
608222,episodic_return,1000.0
608222,episodic_length,1000.0
608256,value_loss,0.34117838740348816
608256,policy_loss,-0.016490794718265533
608256,approx_kl,0.004127995111048222
608256,clipfrac,0.016845703125
608256,explained_variance,0.012661576271057129
608256,sps,618.0
608256,kl_beta,0.25
609223,episodic_return,1000.0
609223,episodic_length,1000.0
610224,episodic_return,1000.0
610224,episodic_length,1000.0
610304,value_loss,0.050838157534599304
610304,policy_loss,0.004081266466528177
610304,approx_kl,0.009033123031258583
610304,clipfrac,0.059765625
610304,explained_variance,-0.01385033130645752
610304,sps,618.0
610304,kl_beta,0.25
611225,episodic_return,1000.0
611225,episodic_length,1000.0
612226,episodic_return,1000.0
612226,episodic_length,1000.0
612352,value_loss,0.031997691839933395
612352,policy_loss,-0.0009589160326868296
612352,approx_kl,0.0012989630922675133
612352,clipfrac,0.005615234375
612352,explained_variance,-0.023443937301635742
612352,sps,618.0
612352,kl_beta,0.125
613227,episodic_return,1000.0
613227,episodic_length,1000.0
614228,episodic_return,1000.0
614228,episodic_length,1000.0
614400,value_loss,0.16688823699951172
614400,policy_loss,0.042898453772068024
614400,approx_kl,0.007445329800248146
614400,clipfrac,0.030712890625
614400,explained_variance,-0.0006666183471679688
614400,sps,618.0
614400,kl_beta,0.125
614557,episodic_return,327.0
614557,episodic_length,328.0
615146,episodic_return,587.0
615146,episodic_length,588.0
616147,episodic_return,1000.0
616147,episodic_length,1000.0
616448,value_loss,0.22320878505706787
616448,policy_loss,-0.005515232216566801
616448,approx_kl,0.004752832464873791
616448,clipfrac,0.021484375
616448,explained_variance,0.012375235557556152
616448,sps,618.0
616448,kl_beta,0.0625
617148,episodic_return,1000.0
617148,episodic_length,1000.0
618149,episodic_return,1000.0
618149,episodic_length,1000.0
618496,value_loss,0.0865696594119072
618496,policy_loss,0.010937436483800411
618496,approx_kl,0.03906653821468353
618496,clipfrac,0.1150390625
618496,explained_variance,0.014502644538879395
618496,sps,618.0
618496,kl_beta,0.125
619150,episodic_return,1000.0
619150,episodic_length,1000.0
620151,episodic_return,1000.0
620151,episodic_length,1000.0
620544,value_loss,0.1450832188129425
620544,policy_loss,-0.0031545362435281277
620544,approx_kl,0.011578996665775776
620544,clipfrac,0.07568359375
620544,explained_variance,-0.022077560424804688
620544,sps,618.0
620544,kl_beta,0.125
621152,episodic_return,1000.0
621152,episodic_length,1000.0
622153,episodic_return,1000.0
622153,episodic_length,1000.0
622592,value_loss,0.11032970249652863
622592,policy_loss,-0.007809868082404137
622592,approx_kl,0.005982355214655399
622592,clipfrac,0.0291015625
622592,explained_variance,-0.005924105644226074
622592,sps,618.0
622592,kl_beta,0.0625
623154,episodic_return,1000.0
623154,episodic_length,1000.0
624155,episodic_return,1000.0
624155,episodic_length,1000.0
624640,value_loss,0.014475427567958832
624640,policy_loss,0.049046438187360764
624640,approx_kl,0.10926420986652374
624640,clipfrac,0.162646484375
624640,explained_variance,0.002902686595916748
624640,sps,618.0
624640,kl_beta,0.125
625156,episodic_return,1000.0
625156,episodic_length,1000.0
626157,episodic_return,1000.0
626157,episodic_length,1000.0
626688,value_loss,0.062450677156448364
626688,policy_loss,-0.002042878419160843
626688,approx_kl,0.0017553577199578285
626688,clipfrac,0.005908203125
626688,explained_variance,-0.008962512016296387
626688,sps,618.0
626688,kl_beta,0.0625
627158,episodic_return,1000.0
627158,episodic_length,1000.0
628159,episodic_return,1000.0
628159,episodic_length,1000.0
628736,value_loss,0.209036186337471
628736,policy_loss,-0.03305256366729736
628736,approx_kl,0.027323590591549873
628736,clipfrac,0.10927734375
628736,explained_variance,0.004316866397857666
628736,sps,618.0
628736,kl_beta,0.125
629160,episodic_return,1000.0
629160,episodic_length,1000.0
630161,episodic_return,1000.0
630161,episodic_length,1000.0
630784,value_loss,0.09892915189266205
630784,policy_loss,-0.009238649159669876
630784,approx_kl,0.029326289892196655
630784,clipfrac,0.0796875
630784,explained_variance,0.014666557312011719
630784,sps,618.0
630784,kl_beta,0.25
631162,episodic_return,1000.0
631162,episodic_length,1000.0
632163,episodic_return,1000.0
632163,episodic_length,1000.0
632832,value_loss,0.02568482980132103
632832,policy_loss,-0.013765556737780571
632832,approx_kl,0.0011085662990808487
632832,clipfrac,0.017431640625
632832,explained_variance,0.010491490364074707
632832,sps,619.0
632832,kl_beta,0.125
633164,episodic_return,1000.0
633164,episodic_length,1000.0
634165,episodic_return,1000.0
634165,episodic_length,1000.0
634880,value_loss,0.016601912677288055
634880,policy_loss,-0.028705213218927383
634880,approx_kl,0.04688921943306923
634880,clipfrac,0.153466796875
634880,explained_variance,0.029478251934051514
634880,sps,619.0
634880,kl_beta,0.25
635166,episodic_return,1000.0
635166,episodic_length,1000.0
636167,episodic_return,1000.0
636167,episodic_length,1000.0
636928,value_loss,0.12756672501564026
636928,policy_loss,0.008032260462641716
636928,approx_kl,0.0017781490460038185
636928,clipfrac,0.018115234375
636928,explained_variance,0.007037520408630371
636928,sps,619.0
636928,kl_beta,0.125
637168,episodic_return,1000.0
637168,episodic_length,1000.0
638169,episodic_return,1000.0
638169,episodic_length,1000.0
638976,value_loss,0.08945450186729431
638976,policy_loss,-0.0596083365380764
638976,approx_kl,0.015198281966149807
638976,clipfrac,0.137939453125
638976,explained_variance,0.06580626964569092
638976,sps,619.0
638976,kl_beta,0.25
639170,episodic_return,1000.0
639170,episodic_length,1000.0
640171,episodic_return,1000.0
640171,episodic_length,1000.0
641024,value_loss,0.10761595517396927
641024,policy_loss,0.002581896260380745
641024,approx_kl,0.012952066957950592
641024,clipfrac,0.110546875
641024,explained_variance,0.1024823784828186
641024,sps,619.0
641024,kl_beta,0.25
641172,episodic_return,1000.0
641172,episodic_length,1000.0
642173,episodic_return,1000.0
642173,episodic_length,1000.0
643072,value_loss,0.11287765204906464
643072,policy_loss,-0.042437463998794556
643072,approx_kl,0.01599372923374176
643072,clipfrac,0.07421875
643072,explained_variance,-0.019533514976501465
643072,sps,619.0
643072,kl_beta,0.5
643174,episodic_return,1000.0
643174,episodic_length,1000.0
643577,episodic_return,401.0
643577,episodic_length,402.0
644578,episodic_return,1000.0
644578,episodic_length,1000.0
645120,value_loss,0.2736583352088928
645120,policy_loss,-0.005232826806604862
645120,approx_kl,0.0024168770760297775
645120,clipfrac,0.017919921875
645120,explained_variance,0.013060271739959717
645120,sps,619.0
645120,kl_beta,0.25
645579,episodic_return,1000.0
645579,episodic_length,1000.0
646580,episodic_return,1000.0
646580,episodic_length,1000.0
647168,value_loss,0.15205977857112885
647168,policy_loss,0.021325036883354187
647168,approx_kl,0.0029599061235785484
647168,clipfrac,0.038671875
647168,explained_variance,-0.04524374008178711
647168,sps,619.0
647168,kl_beta,0.125
647581,episodic_return,1000.0
647581,episodic_length,1000.0
648582,episodic_return,1000.0
648582,episodic_length,1000.0
649216,value_loss,0.04873546585440636
649216,policy_loss,0.06120481342077255
649216,approx_kl,0.01527397707104683
649216,clipfrac,0.022216796875
649216,explained_variance,0.00841677188873291
649216,sps,619.0
649216,kl_beta,0.25
649583,episodic_return,1000.0
649583,episodic_length,1000.0
650584,episodic_return,1000.0
650584,episodic_length,1000.0
651264,value_loss,0.08111348003149033
651264,policy_loss,0.00289768329821527
651264,approx_kl,0.00448168721050024
651264,clipfrac,0.03388671875
651264,explained_variance,-0.008727550506591797
651264,sps,619.0
651264,kl_beta,0.125
651585,episodic_return,1000.0
651585,episodic_length,1000.0
652586,episodic_return,1000.0
652586,episodic_length,1000.0
653312,value_loss,0.03051154688000679
653312,policy_loss,0.00791169237345457
653312,approx_kl,0.009646138176321983
653312,clipfrac,0.033740234375
653312,explained_variance,-0.00018787384033203125
653312,sps,619.0
653312,kl_beta,0.125
653396,episodic_return,808.0
653396,episodic_length,809.0
654397,episodic_return,1000.0
654397,episodic_length,1000.0
655360,value_loss,0.16441652178764343
655360,policy_loss,0.019291801378130913
655360,approx_kl,0.045161228626966476
655360,clipfrac,0.121484375
655360,explained_variance,-0.015878915786743164
655360,sps,619.0
655360,kl_beta,0.25
655398,episodic_return,1000.0
655398,episodic_length,1000.0
656399,episodic_return,1000.0
656399,episodic_length,1000.0
657400,episodic_return,1000.0
657400,episodic_length,1000.0
657408,value_loss,0.3781988322734833
657408,policy_loss,0.007510078139603138
657408,approx_kl,0.02146497741341591
657408,clipfrac,0.09658203125
657408,explained_variance,0.006454944610595703
657408,sps,619.0
657408,kl_beta,0.5
658401,episodic_return,1000.0
658401,episodic_length,1000.0
659402,episodic_return,1000.0
659402,episodic_length,1000.0
659456,value_loss,0.034992288798093796
659456,policy_loss,-0.00035124458372592926
659456,approx_kl,0.0004101209342479706
659456,clipfrac,0.0013671875
659456,explained_variance,-0.006224989891052246
659456,sps,619.0
659456,kl_beta,0.25
660403,episodic_return,1000.0
660403,episodic_length,1000.0
661404,episodic_return,1000.0
661404,episodic_length,1000.0
661504,value_loss,0.06540229916572571
661504,policy_loss,-0.005067541263997555
661504,approx_kl,0.0013901488855481148
661504,clipfrac,0.02041015625
661504,explained_variance,-0.004271030426025391
661504,sps,619.0
661504,kl_beta,0.125
662405,episodic_return,1000.0
662405,episodic_length,1000.0
663406,episodic_return,1000.0
663406,episodic_length,1000.0
663552,value_loss,0.062409140169620514
663552,policy_loss,0.01826111413538456
663552,approx_kl,0.00940223690122366
663552,clipfrac,0.03798828125
663552,explained_variance,-0.005057215690612793
663552,sps,619.0
663552,kl_beta,0.125
663936,episodic_return,528.0
663936,episodic_length,529.0
664937,episodic_return,1000.0
664937,episodic_length,1000.0
665600,value_loss,0.005786180030554533
665600,policy_loss,-0.011725914664566517
665600,approx_kl,0.005820653401315212
665600,clipfrac,0.02734375
665600,explained_variance,0.04932790994644165
665600,sps,619.0
665600,kl_beta,0.0625
665938,episodic_return,1000.0
665938,episodic_length,1000.0
666939,episodic_return,1000.0
666939,episodic_length,1000.0
667648,value_loss,0.005167667753994465
667648,policy_loss,-0.007434234954416752
667648,approx_kl,0.046185750514268875
667648,clipfrac,0.108203125
667648,explained_variance,0.05075192451477051
667648,sps,619.0
667648,kl_beta,0.125
667851,episodic_return,910.0
667851,episodic_length,911.0
668852,episodic_return,1000.0
668852,episodic_length,1000.0
669696,value_loss,0.01181858591735363
669696,policy_loss,-0.01584102213382721
669696,approx_kl,0.008334734477102757
669696,clipfrac,0.0392578125
669696,explained_variance,-0.047994136810302734
669696,sps,619.0
669696,kl_beta,0.125
669818,episodic_return,964.0
669818,episodic_length,965.0
669863,episodic_return,43.0
669863,episodic_length,44.0
670864,episodic_return,1000.0
670864,episodic_length,1000.0
670921,episodic_return,55.0
670921,episodic_length,56.0
671034,episodic_return,111.0
671034,episodic_length,112.0
671111,episodic_return,75.0
671111,episodic_length,76.0
671744,value_loss,0.5115711688995361
671744,policy_loss,-0.1275472342967987
671744,approx_kl,0.1727122813463211
671744,clipfrac,0.150732421875
671744,explained_variance,0.03231251239776611
671744,sps,619.0
671744,kl_beta,0.25
672112,episodic_return,1000.0
672112,episodic_length,1000.0
673113,episodic_return,1000.0
673113,episodic_length,1000.0
673232,episodic_return,117.0
673232,episodic_length,118.0
673792,value_loss,0.14285102486610413
673792,policy_loss,0.010267635807394981
673792,approx_kl,0.0035443371161818504
673792,clipfrac,0.04208984375
673792,explained_variance,1.1682510375976562e-05
673792,sps,619.0
673792,kl_beta,0.125
674233,episodic_return,1000.0
674233,episodic_length,1000.0
674580,episodic_return,345.0
674580,episodic_length,346.0
675581,episodic_return,1000.0
675581,episodic_length,1000.0
675840,value_loss,0.4050405025482178
675840,policy_loss,-0.012222923338413239
675840,approx_kl,0.04132610559463501
675840,clipfrac,0.084912109375
675840,explained_variance,0.005339682102203369
675840,sps,619.0
675840,kl_beta,0.25
676582,episodic_return,1000.0
676582,episodic_length,1000.0
676618,episodic_return,34.0
676618,episodic_length,35.0
677619,episodic_return,1000.0
677619,episodic_length,1000.0
677888,value_loss,0.19967427849769592
677888,policy_loss,-0.0014067897573113441
677888,approx_kl,0.0007351450622081757
677888,clipfrac,0.0005859375
677888,explained_variance,-0.01538848876953125
677888,sps,619.0
677888,kl_beta,0.125
678620,episodic_return,1000.0
678620,episodic_length,1000.0
679621,episodic_return,1000.0
679621,episodic_length,1000.0
679936,value_loss,0.08602555096149445
679936,policy_loss,-0.03650282695889473
679936,approx_kl,0.07062440365552902
679936,clipfrac,0.140380859375
679936,explained_variance,-0.003734588623046875
679936,sps,619.0
679936,kl_beta,0.25
680622,episodic_return,1000.0
680622,episodic_length,1000.0
681593,episodic_return,969.0
681593,episodic_length,970.0
681984,value_loss,0.039405252784490585
681984,policy_loss,-0.0011263000778853893
681984,approx_kl,0.0007200557738542557
681984,clipfrac,0.0009765625
681984,explained_variance,0.003345668315887451
681984,sps,619.0
681984,kl_beta,0.125
682290,episodic_return,695.0
682290,episodic_length,696.0
683291,episodic_return,1000.0
683291,episodic_length,1000.0
684032,value_loss,0.025283627212047577
684032,policy_loss,0.0020527024753391743
684032,approx_kl,0.0025790371000766754
684032,clipfrac,0.024169921875
684032,explained_variance,0.007567703723907471
684032,sps,619.0
684032,kl_beta,0.0625
684292,episodic_return,1000.0
684292,episodic_length,1000.0
685293,episodic_return,1000.0
685293,episodic_length,1000.0
686080,value_loss,0.07186533510684967
686080,policy_loss,-0.0032562166452407837
686080,approx_kl,0.0004125824198126793
686080,clipfrac,0.0001953125
686080,explained_variance,-0.011048436164855957
686080,sps,619.0
686080,kl_beta,0.03125
686294,episodic_return,1000.0
686294,episodic_length,1000.0
687295,episodic_return,1000.0
687295,episodic_length,1000.0
688128,value_loss,0.11729338020086288
688128,policy_loss,-0.021899539977312088
688128,approx_kl,0.013702125288546085
688128,clipfrac,0.071826171875
688128,explained_variance,0.006940901279449463
688128,sps,619.0
688128,kl_beta,0.03125
688296,episodic_return,1000.0
688296,episodic_length,1000.0
689297,episodic_return,1000.0
689297,episodic_length,1000.0
690176,value_loss,0.025266746059060097
690176,policy_loss,-0.029703451320528984
690176,approx_kl,0.02220432087779045
690176,clipfrac,0.056298828125
690176,explained_variance,0.004788815975189209
690176,sps,619.0
690176,kl_beta,0.0625
690298,episodic_return,1000.0
690298,episodic_length,1000.0
691299,episodic_return,1000.0
691299,episodic_length,1000.0
692224,value_loss,0.10804646462202072
692224,policy_loss,0.00841638445854187
692224,approx_kl,0.01676279492676258
692224,clipfrac,0.051904296875
692224,explained_variance,0.0022947192192077637
692224,sps,619.0
692224,kl_beta,0.125
692300,episodic_return,1000.0
692300,episodic_length,1000.0
693301,episodic_return,1000.0
693301,episodic_length,1000.0
693671,episodic_return,368.0
693671,episodic_length,369.0
694272,value_loss,0.13019341230392456
694272,policy_loss,-0.01528913900256157
694272,approx_kl,0.014554638415575027
694272,clipfrac,0.0830078125
694272,explained_variance,0.04268825054168701
694272,sps,619.0
694272,kl_beta,0.125
694672,episodic_return,1000.0
694672,episodic_length,1000.0
695673,episodic_return,1000.0
695673,episodic_length,1000.0
696199,episodic_return,524.0
696199,episodic_length,525.0
696320,value_loss,0.3337439298629761
696320,policy_loss,-0.06715155392885208
696320,approx_kl,0.037230800837278366
696320,clipfrac,0.096875
696320,explained_variance,-0.024548768997192383
696320,sps,619.0
696320,kl_beta,0.25
697200,episodic_return,1000.0
697200,episodic_length,1000.0
698201,episodic_return,1000.0
698201,episodic_length,1000.0
698368,value_loss,0.09469037503004074
698368,policy_loss,0.018766749650239944
698368,approx_kl,0.010981474071741104
698368,clipfrac,0.03701171875
698368,explained_variance,0.0038167834281921387
698368,sps,619.0
698368,kl_beta,0.25
699202,episodic_return,1000.0
699202,episodic_length,1000.0
700203,episodic_return,1000.0
700203,episodic_length,1000.0
700416,value_loss,0.17193955183029175
700416,policy_loss,0.002300228923559189
700416,approx_kl,0.0037294477224349976
700416,clipfrac,0.027685546875
700416,explained_variance,-0.018836617469787598
700416,sps,619.0
700416,kl_beta,0.125
701204,episodic_return,1000.0
701204,episodic_length,1000.0
701475,episodic_return,269.0
701475,episodic_length,270.0
702464,value_loss,0.29630374908447266
702464,policy_loss,-0.041811585426330566
702464,approx_kl,0.0156845785677433
702464,clipfrac,0.039306640625
702464,explained_variance,0.00029987096786499023
702464,sps,619.0
702464,kl_beta,0.25
702476,episodic_return,1000.0
702476,episodic_length,1000.0
702673,episodic_return,195.0
702673,episodic_length,196.0
703674,episodic_return,1000.0
703674,episodic_length,1000.0
704512,value_loss,0.004666167311370373
704512,policy_loss,-0.00023415382020175457
704512,approx_kl,0.0016288692131638527
704512,clipfrac,0.03544921875
704512,explained_variance,-0.005924344062805176
704512,sps,619.0
704512,kl_beta,0.125
704675,episodic_return,1000.0
704675,episodic_length,1000.0
705676,episodic_return,1000.0
705676,episodic_length,1000.0
706560,value_loss,0.12524518370628357
706560,policy_loss,0.003302015597000718
706560,approx_kl,0.0008591730147600174
706560,clipfrac,0.00576171875
706560,explained_variance,-0.0012443065643310547
706560,sps,619.0
706560,kl_beta,0.0625
706677,episodic_return,1000.0
706677,episodic_length,1000.0
707678,episodic_return,1000.0
707678,episodic_length,1000.0
708608,value_loss,0.30444633960723877
708608,policy_loss,-0.001524478429928422
708608,approx_kl,0.0014785490930080414
708608,clipfrac,0.014404296875
708608,explained_variance,0.005579888820648193
708608,sps,620.0
708608,kl_beta,0.03125
708679,episodic_return,1000.0
708679,episodic_length,1000.0
709354,episodic_return,673.0
709354,episodic_length,674.0
710355,episodic_return,1000.0
710355,episodic_length,1000.0
710656,value_loss,0.15766265988349915
710656,policy_loss,-0.010173289105296135
710656,approx_kl,0.09840899705886841
710656,clipfrac,0.077392578125
710656,explained_variance,0.0023179054260253906
710656,sps,620.0
710656,kl_beta,0.0625
711356,episodic_return,1000.0
711356,episodic_length,1000.0
712033,episodic_return,675.0
712033,episodic_length,676.0
712704,value_loss,0.0698482096195221
712704,policy_loss,0.006630668416619301
712704,approx_kl,0.004210561513900757
712704,clipfrac,0.0251953125
712704,explained_variance,0.05546271800994873
712704,sps,620.0
712704,kl_beta,0.03125
713034,episodic_return,1000.0
713034,episodic_length,1000.0
714035,episodic_return,1000.0
714035,episodic_length,1000.0
714752,value_loss,0.10074778646230698
714752,policy_loss,0.010095934383571148
714752,approx_kl,0.01082536205649376
714752,clipfrac,0.08271484375
714752,explained_variance,0.007424592971801758
714752,sps,620.0
714752,kl_beta,0.03125
715036,episodic_return,1000.0
715036,episodic_length,1000.0
716037,episodic_return,1000.0
716037,episodic_length,1000.0
716800,value_loss,0.09609517455101013
716800,policy_loss,-0.014047347940504551
716800,approx_kl,0.008257109671831131
716800,clipfrac,0.040966796875
716800,explained_variance,0.02403998374938965
716800,sps,620.0
716800,kl_beta,0.03125
717038,episodic_return,1000.0
717038,episodic_length,1000.0
718039,episodic_return,1000.0
718039,episodic_length,1000.0
718848,value_loss,0.20088757574558258
718848,policy_loss,0.040055111050605774
718848,approx_kl,0.03150544315576553
718848,clipfrac,0.096337890625
718848,explained_variance,-0.058867692947387695
718848,sps,620.0
718848,kl_beta,0.0625
719040,episodic_return,1000.0
719040,episodic_length,1000.0
720041,episodic_return,1000.0
720041,episodic_length,1000.0
720896,value_loss,0.00974501483142376
720896,policy_loss,-0.00394550571218133
720896,approx_kl,0.04311635345220566
720896,clipfrac,0.06962890625
720896,explained_variance,-0.02495861053466797
720896,sps,620.0
720896,kl_beta,0.125
721042,episodic_return,1000.0
721042,episodic_length,1000.0
722043,episodic_return,1000.0
722043,episodic_length,1000.0
722944,value_loss,0.06752314418554306
722944,policy_loss,0.0054801953956484795
722944,approx_kl,0.055982671678066254
722944,clipfrac,0.131640625
722944,explained_variance,-0.009984016418457031
722944,sps,620.0
722944,kl_beta,0.25
723044,episodic_return,1000.0
723044,episodic_length,1000.0
723940,episodic_return,894.0
723940,episodic_length,895.0
724941,episodic_return,1000.0
724941,episodic_length,1000.0
724992,value_loss,0.1789579838514328
724992,policy_loss,0.009556197561323643
724992,approx_kl,0.005635726265609264
724992,clipfrac,0.02939453125
724992,explained_variance,0.009153425693511963
724992,sps,620.0
724992,kl_beta,0.125
725942,episodic_return,1000.0
725942,episodic_length,1000.0
726943,episodic_return,1000.0
726943,episodic_length,1000.0
727040,value_loss,0.17095595598220825
727040,policy_loss,-0.0023792560677975416
727040,approx_kl,0.001108149066567421
727040,clipfrac,0.002685546875
727040,explained_variance,-0.02498459815979004
727040,sps,620.0
727040,kl_beta,0.0625
727944,episodic_return,1000.0
727944,episodic_length,1000.0
728945,episodic_return,1000.0
728945,episodic_length,1000.0
729088,value_loss,0.0757538378238678
729088,policy_loss,0.00042547297198325396
729088,approx_kl,0.016235115006566048
729088,clipfrac,0.061865234375
729088,explained_variance,0.018673062324523926
729088,sps,620.0
729088,kl_beta,0.125
729946,episodic_return,1000.0
729946,episodic_length,1000.0
730947,episodic_return,1000.0
730947,episodic_length,1000.0
731136,value_loss,0.11378470063209534
731136,policy_loss,0.0027366559952497482
731136,approx_kl,0.008339568972587585
731136,clipfrac,0.05322265625
731136,explained_variance,-0.009882688522338867
731136,sps,620.0
731136,kl_beta,0.125
731948,episodic_return,1000.0
731948,episodic_length,1000.0
732949,episodic_return,1000.0
732949,episodic_length,1000.0
733184,value_loss,0.009405667893588543
733184,policy_loss,-0.01849985122680664
733184,approx_kl,0.015292137861251831
733184,clipfrac,0.08349609375
733184,explained_variance,0.03526616096496582
733184,sps,620.0
733184,kl_beta,0.25
733950,episodic_return,1000.0
733950,episodic_length,1000.0
734951,episodic_return,1000.0
734951,episodic_length,1000.0
735232,value_loss,0.014051719568669796
735232,policy_loss,0.004809706471860409
735232,approx_kl,0.0060171158984303474
735232,clipfrac,0.025244140625
735232,explained_variance,-0.00037598609924316406
735232,sps,620.0
735232,kl_beta,0.125
735952,episodic_return,1000.0
735952,episodic_length,1000.0
736953,episodic_return,1000.0
736953,episodic_length,1000.0
737280,value_loss,0.037625573575496674
737280,policy_loss,0.009258429519832134
737280,approx_kl,0.004238659515976906
737280,clipfrac,0.0255859375
737280,explained_variance,0.04615563154220581
737280,sps,620.0
737280,kl_beta,0.0625
737954,episodic_return,1000.0
737954,episodic_length,1000.0
738671,episodic_return,715.0
738671,episodic_length,716.0
739328,value_loss,0.15603211522102356
739328,policy_loss,0.001801706850528717
739328,approx_kl,0.014002620242536068
739328,clipfrac,0.078857421875
739328,explained_variance,0.0454564094543457
739328,sps,619.0
739328,kl_beta,0.0625
739672,episodic_return,1000.0
739672,episodic_length,1000.0
740673,episodic_return,1000.0
740673,episodic_length,1000.0
741376,value_loss,0.16282673180103302
741376,policy_loss,0.003154948353767395
741376,approx_kl,0.004544256255030632
741376,clipfrac,0.038134765625
741376,explained_variance,-0.0011664628982543945
741376,sps,619.0
741376,kl_beta,0.03125
741674,episodic_return,1000.0
741674,episodic_length,1000.0
742675,episodic_return,1000.0
742675,episodic_length,1000.0
743424,value_loss,0.4795621633529663
743424,policy_loss,0.0028065384831279516
743424,approx_kl,0.015901794657111168
743424,clipfrac,0.026806640625
743424,explained_variance,1.996755599975586e-05
743424,sps,619.0
743424,kl_beta,0.0625
743676,episodic_return,1000.0
743676,episodic_length,1000.0
744677,episodic_return,1000.0
744677,episodic_length,1000.0
745472,value_loss,0.008828548714518547
745472,policy_loss,0.00023548590252175927
745472,approx_kl,0.009089157916605473
745472,clipfrac,0.044580078125
745472,explained_variance,0.010610342025756836
745472,sps,619.0
745472,kl_beta,0.0625
745678,episodic_return,1000.0
745678,episodic_length,1000.0
746679,episodic_return,1000.0
746679,episodic_length,1000.0
747520,value_loss,0.03501034528017044
747520,policy_loss,-0.0016564091201871634
747520,approx_kl,0.007234695367515087
747520,clipfrac,0.035595703125
747520,explained_variance,-0.0028502941131591797
747520,sps,620.0
747520,kl_beta,0.0625
747680,episodic_return,1000.0
747680,episodic_length,1000.0
748681,episodic_return,1000.0
748681,episodic_length,1000.0
749568,value_loss,0.15428441762924194
749568,policy_loss,0.0060452306643128395
749568,approx_kl,0.020250696688890457
749568,clipfrac,0.062548828125
749568,explained_variance,0.01376575231552124
749568,sps,620.0
749568,kl_beta,0.125
749682,episodic_return,1000.0
749682,episodic_length,1000.0
750683,episodic_return,1000.0
750683,episodic_length,1000.0
751616,value_loss,0.07322760671377182
751616,policy_loss,-0.0013084757374599576
751616,approx_kl,0.005771777592599392
751616,clipfrac,0.02861328125
751616,explained_variance,0.001030564308166504
751616,sps,620.0
751616,kl_beta,0.0625
751684,episodic_return,1000.0
751684,episodic_length,1000.0
752685,episodic_return,1000.0
752685,episodic_length,1000.0
753664,value_loss,0.3880431056022644
753664,policy_loss,-0.0072048199363052845
753664,approx_kl,0.0030824141576886177
753664,clipfrac,0.03076171875
753664,explained_variance,-0.010408759117126465
753664,sps,620.0
753664,kl_beta,0.03125
753686,episodic_return,1000.0
753686,episodic_length,1000.0
754687,episodic_return,1000.0
754687,episodic_length,1000.0
755688,episodic_return,1000.0
755688,episodic_length,1000.0
755712,value_loss,0.15398412942886353
755712,policy_loss,-0.005782533902674913
755712,approx_kl,0.03058110736310482
755712,clipfrac,0.078564453125
755712,explained_variance,0.011269450187683105
755712,sps,620.0
755712,kl_beta,0.0625
756689,episodic_return,1000.0
756689,episodic_length,1000.0
757690,episodic_return,1000.0
757690,episodic_length,1000.0
757760,value_loss,0.07165844738483429
757760,policy_loss,-0.0007297208067029715
757760,approx_kl,0.0248723067343235
757760,clipfrac,0.062744140625
757760,explained_variance,-0.05086064338684082
757760,sps,620.0
757760,kl_beta,0.125
758691,episodic_return,1000.0
758691,episodic_length,1000.0
759692,episodic_return,1000.0
759692,episodic_length,1000.0
759808,value_loss,0.3165607154369354
759808,policy_loss,0.00774084497243166
759808,approx_kl,0.005575815215706825
759808,clipfrac,0.0115234375
759808,explained_variance,0.003143489360809326
759808,sps,620.0
759808,kl_beta,0.0625
760693,episodic_return,1000.0
760693,episodic_length,1000.0
761694,episodic_return,1000.0
761694,episodic_length,1000.0
761856,value_loss,0.31599050760269165
761856,policy_loss,-0.020271556451916695
761856,approx_kl,0.014262168668210506
761856,clipfrac,0.028125
761856,explained_variance,0.031620919704437256
761856,sps,620.0
761856,kl_beta,0.0625
762695,episodic_return,1000.0
762695,episodic_length,1000.0
763696,episodic_return,1000.0
763696,episodic_length,1000.0
763904,value_loss,0.15431468188762665
763904,policy_loss,-0.007313743699342012
763904,approx_kl,0.0012086564674973488
763904,clipfrac,0.001708984375
763904,explained_variance,0.02386397123336792
763904,sps,620.0
763904,kl_beta,0.03125
764697,episodic_return,1000.0
764697,episodic_length,1000.0
765698,episodic_return,1000.0
765698,episodic_length,1000.0
765952,value_loss,0.01689988374710083
765952,policy_loss,-0.035250406712293625
765952,approx_kl,0.008092507719993591
765952,clipfrac,0.042431640625
765952,explained_variance,0.008483052253723145
765952,sps,620.0
765952,kl_beta,0.03125
766699,episodic_return,1000.0
766699,episodic_length,1000.0
767700,episodic_return,1000.0
767700,episodic_length,1000.0
768000,value_loss,0.20034201443195343
768000,policy_loss,0.0029804168734699488
768000,approx_kl,0.002956576645374298
768000,clipfrac,0.005224609375
768000,explained_variance,-0.03167712688446045
768000,sps,620.0
768000,kl_beta,0.015625
768701,episodic_return,1000.0
768701,episodic_length,1000.0
769702,episodic_return,1000.0
769702,episodic_length,1000.0
770048,value_loss,0.03872915729880333
770048,policy_loss,-0.002782015595585108
770048,approx_kl,0.060967057943344116
770048,clipfrac,0.05419921875
770048,explained_variance,-0.006015300750732422
770048,sps,620.0
770048,kl_beta,0.03125
770703,episodic_return,1000.0
770703,episodic_length,1000.0
771435,episodic_return,730.0
771435,episodic_length,731.0
772096,value_loss,0.07358219474554062
772096,policy_loss,-0.02554028108716011
772096,approx_kl,0.11514854431152344
772096,clipfrac,0.13955078125
772096,explained_variance,0.008804380893707275
772096,sps,620.0
772096,kl_beta,0.0625
772436,episodic_return,1000.0
772436,episodic_length,1000.0
772742,episodic_return,304.0
772742,episodic_length,305.0
773743,episodic_return,1000.0
773743,episodic_length,1000.0
774071,episodic_return,326.0
774071,episodic_length,327.0
774144,value_loss,0.41061434149742126
774144,policy_loss,-0.12096430361270905
774144,approx_kl,0.22535112500190735
774144,clipfrac,0.148388671875
774144,explained_variance,0.012536585330963135
774144,sps,620.0
774144,kl_beta,0.125
774855,episodic_return,782.0
774855,episodic_length,783.0
775856,episodic_return,1000.0
775856,episodic_length,1000.0
776028,episodic_return,170.0
776028,episodic_length,171.0
776192,value_loss,0.25023752450942993
776192,policy_loss,-0.007545263506472111
776192,approx_kl,0.01737358421087265
776192,clipfrac,0.072998046875
776192,explained_variance,0.02388298511505127
776192,sps,620.0
776192,kl_beta,0.25
777029,episodic_return,1000.0
777029,episodic_length,1000.0
778030,episodic_return,1000.0
778030,episodic_length,1000.0
778240,value_loss,0.12014612555503845
778240,policy_loss,-0.0029345874208956957
778240,approx_kl,0.0021957112476229668
778240,clipfrac,0.018798828125
778240,explained_variance,-0.021626830101013184
778240,sps,620.0
778240,kl_beta,0.125
779031,episodic_return,1000.0
779031,episodic_length,1000.0
780032,episodic_return,1000.0
780032,episodic_length,1000.0
780251,episodic_return,217.0
780251,episodic_length,218.0
780288,value_loss,0.22331851720809937
780288,policy_loss,0.0332108736038208
780288,approx_kl,0.005563250742852688
780288,clipfrac,0.02177734375
780288,explained_variance,0.011824548244476318
780288,sps,620.0
780288,kl_beta,0.0625
781252,episodic_return,1000.0
781252,episodic_length,1000.0
781842,episodic_return,588.0
781842,episodic_length,589.0
782336,value_loss,0.2403603196144104
782336,policy_loss,-0.011281435377895832
782336,approx_kl,0.012708643451333046
782336,clipfrac,0.060888671875
782336,explained_variance,0.020199894905090332
782336,sps,620.0
782336,kl_beta,0.0625
782843,episodic_return,1000.0
782843,episodic_length,1000.0
783844,episodic_return,1000.0
783844,episodic_length,1000.0
784384,value_loss,0.19577153027057648
784384,policy_loss,-0.012239858508110046
784384,approx_kl,0.03326081484556198
784384,clipfrac,0.0642578125
784384,explained_variance,0.006405234336853027
784384,sps,620.0
784384,kl_beta,0.125
784845,episodic_return,1000.0
784845,episodic_length,1000.0
785846,episodic_return,1000.0
785846,episodic_length,1000.0
786432,value_loss,0.5451339483261108
786432,policy_loss,0.008414845913648605
786432,approx_kl,0.006458938121795654
786432,clipfrac,0.017236328125
786432,explained_variance,-0.003132939338684082
786432,sps,620.0
786432,kl_beta,0.0625
786847,episodic_return,1000.0
786847,episodic_length,1000.0
787848,episodic_return,1000.0
787848,episodic_length,1000.0
788480,value_loss,0.13516734540462494
788480,policy_loss,-0.01651758700609207
788480,approx_kl,0.0062377480790019035
788480,clipfrac,0.016845703125
788480,explained_variance,-0.025083422660827637
788480,sps,620.0
788480,kl_beta,0.03125
788849,episodic_return,1000.0
788849,episodic_length,1000.0
789215,episodic_return,364.0
789215,episodic_length,365.0
790216,episodic_return,1000.0
790216,episodic_length,1000.0
790528,value_loss,0.1439022272825241
790528,policy_loss,0.0026912172324955463
790528,approx_kl,0.020080704241991043
790528,clipfrac,0.082666015625
790528,explained_variance,0.0010753870010375977
790528,sps,620.0
790528,kl_beta,0.0625
791217,episodic_return,1000.0
791217,episodic_length,1000.0
792218,episodic_return,999.0
792218,episodic_length,1000.0
792576,value_loss,0.014748124405741692
792576,policy_loss,-0.010403676889836788
792576,approx_kl,0.00530900526791811
792576,clipfrac,0.025146484375
792576,explained_variance,0.010317027568817139
792576,sps,619.0
792576,kl_beta,0.03125
793219,episodic_return,1000.0
793219,episodic_length,1000.0
794212,episodic_return,991.0
794212,episodic_length,992.0
794515,episodic_return,301.0
794515,episodic_length,302.0
794624,value_loss,0.6152553558349609
794624,policy_loss,-0.005781896878033876
794624,approx_kl,0.00723789818584919
794624,clipfrac,0.0146484375
794624,explained_variance,0.00960075855255127
794624,sps,619.0
794624,kl_beta,0.03125
795178,episodic_return,661.0
795178,episodic_length,662.0
795536,episodic_return,356.0
795536,episodic_length,357.0
796537,episodic_return,1000.0
796537,episodic_length,1000.0
796672,value_loss,0.023746564984321594
796672,policy_loss,0.007286850828677416
796672,approx_kl,0.02847566083073616
796672,clipfrac,0.0724609375
796672,explained_variance,0.05176067352294922
796672,sps,620.0
796672,kl_beta,0.0625
797538,episodic_return,1000.0
797538,episodic_length,1000.0
798539,episodic_return,1000.0
798539,episodic_length,1000.0
798720,value_loss,0.01097478624433279
798720,policy_loss,-0.011970847845077515
798720,approx_kl,0.010376276448369026
798720,clipfrac,0.0390625
798720,explained_variance,-0.013467550277709961
798720,sps,620.0
798720,kl_beta,0.0625
799296,episodic_return,755.0
799296,episodic_length,756.0
799883,episodic_return,585.0
799883,episodic_length,586.0
800567,episodic_return,682.0
800567,episodic_length,683.0
800768,value_loss,0.01616537943482399
800768,policy_loss,0.0010382748441770673
800768,approx_kl,0.0006592143326997757
800768,clipfrac,0.001123046875
800768,explained_variance,0.031324803829193115
800768,sps,620.0
800768,kl_beta,0.03125
801568,episodic_return,1000.0
801568,episodic_length,1000.0
802273,episodic_return,703.0
802273,episodic_length,704.0
802816,value_loss,0.18843866884708405
802816,policy_loss,-0.011949623934924603
802816,approx_kl,0.0160079225897789
802816,clipfrac,0.07900390625
802816,explained_variance,0.018907129764556885
802816,sps,620.0
802816,kl_beta,0.0625
803274,episodic_return,1000.0
803274,episodic_length,1000.0
803558,episodic_return,282.0
803558,episodic_length,283.0
803585,episodic_return,25.0
803585,episodic_length,26.0
804586,episodic_return,1000.0
804586,episodic_length,1000.0
804864,value_loss,0.17984764277935028
804864,policy_loss,-0.0019400957971811295
804864,approx_kl,0.0017443588003516197
804864,clipfrac,0.015380859375
804864,explained_variance,0.0005981326103210449
804864,sps,620.0
804864,kl_beta,0.03125
805587,episodic_return,1000.0
805587,episodic_length,1000.0
806588,episodic_return,1000.0
806588,episodic_length,1000.0
806912,value_loss,0.08572957664728165
806912,policy_loss,0.008010810241103172
806912,approx_kl,0.03256147354841232
806912,clipfrac,0.074755859375
806912,explained_variance,0.0004982948303222656
806912,sps,620.0
806912,kl_beta,0.0625
807589,episodic_return,1000.0
807589,episodic_length,1000.0
808590,episodic_return,1000.0
808590,episodic_length,1000.0
808960,value_loss,0.1640048772096634
808960,policy_loss,-0.0015570060350000858
808960,approx_kl,0.0018606409430503845
808960,clipfrac,0.004296875
808960,explained_variance,-0.01144266128540039
808960,sps,620.0
808960,kl_beta,0.03125
809075,episodic_return,483.0
809075,episodic_length,484.0
810076,episodic_return,1000.0
810076,episodic_length,1000.0
811008,value_loss,0.062187135219573975
811008,policy_loss,0.013148775324225426
811008,approx_kl,0.009169054217636585
811008,clipfrac,0.04755859375
811008,explained_variance,0.013603925704956055
811008,sps,620.0
811008,kl_beta,0.03125
811077,episodic_return,1000.0
811077,episodic_length,1000.0
812078,episodic_return,1000.0
812078,episodic_length,1000.0
813056,value_loss,0.006245029624551535
813056,policy_loss,-0.01429879292845726
813056,approx_kl,0.005566227249801159
813056,clipfrac,0.01728515625
813056,explained_variance,-0.008164048194885254
813056,sps,620.0
813056,kl_beta,0.015625
813079,episodic_return,1000.0
813079,episodic_length,1000.0
814080,episodic_return,1000.0
814080,episodic_length,1000.0
815081,episodic_return,1000.0
815081,episodic_length,1000.0
815104,value_loss,0.0949874073266983
815104,policy_loss,0.00198925519362092
815104,approx_kl,0.05613484978675842
815104,clipfrac,0.098779296875
815104,explained_variance,0.02130270004272461
815104,sps,620.0
815104,kl_beta,0.03125
816082,episodic_return,1000.0
816082,episodic_length,1000.0
817083,episodic_return,1000.0
817083,episodic_length,1000.0
817152,value_loss,0.21155819296836853
817152,policy_loss,4.29088540840894e-05
817152,approx_kl,0.0014984915032982826
817152,clipfrac,0.014697265625
817152,explained_variance,0.007857203483581543
817152,sps,620.0
817152,kl_beta,0.015625
818084,episodic_return,1000.0
818084,episodic_length,1000.0
819085,episodic_return,1000.0
819085,episodic_length,1000.0
819200,value_loss,0.0890783816576004
819200,policy_loss,-0.000498126377351582
819200,approx_kl,0.005842738784849644
819200,clipfrac,0.020751953125
819200,explained_variance,0.005054593086242676
819200,sps,620.0
819200,kl_beta,0.0078125
820086,episodic_return,1000.0
820086,episodic_length,1000.0
821087,episodic_return,1000.0
821087,episodic_length,1000.0
821106,episodic_return,17.0
821106,episodic_length,18.0
821248,value_loss,0.09193838387727737
821248,policy_loss,-0.0003534457937348634
821248,approx_kl,0.024778660386800766
821248,clipfrac,0.080078125
821248,explained_variance,-0.0024813413619995117
821248,sps,620.0
821248,kl_beta,0.015625
821267,episodic_return,159.0
821267,episodic_length,160.0
822268,episodic_return,1000.0
822268,episodic_length,1000.0
823070,episodic_return,800.0
823070,episodic_length,801.0
823296,value_loss,0.4242141842842102
823296,policy_loss,-0.028595834970474243
823296,approx_kl,0.014944061636924744
823296,clipfrac,0.06396484375
823296,explained_variance,-0.008776307106018066
823296,sps,620.0
823296,kl_beta,0.015625
824071,episodic_return,1000.0
824071,episodic_length,1000.0
825072,episodic_return,1000.0
825072,episodic_length,1000.0
825344,value_loss,0.06300602108240128
825344,policy_loss,0.0060864039696753025
825344,approx_kl,0.010674145072698593
825344,clipfrac,0.065966796875
825344,explained_variance,-0.008384466171264648
825344,sps,620.0
825344,kl_beta,0.015625
826073,episodic_return,1000.0
826073,episodic_length,1000.0
826284,episodic_return,209.0
826284,episodic_length,210.0
827285,episodic_return,1000.0
827285,episodic_length,1000.0
827392,value_loss,0.04782073199748993
827392,policy_loss,-0.015703273937106133
827392,approx_kl,0.01139799878001213
827392,clipfrac,0.05888671875
827392,explained_variance,0.024800419807434082
827392,sps,620.0
827392,kl_beta,0.015625
828286,episodic_return,1000.0
828286,episodic_length,1000.0
829287,episodic_return,1000.0
829287,episodic_length,1000.0
829440,value_loss,0.18335269391536713
829440,policy_loss,-0.016922559589147568
829440,approx_kl,0.013827518559992313
829440,clipfrac,0.0373046875
829440,explained_variance,-0.00423586368560791
829440,sps,620.0
829440,kl_beta,0.015625
830288,episodic_return,1000.0
830288,episodic_length,1000.0
831289,episodic_return,1000.0
831289,episodic_length,1000.0
831488,value_loss,0.10619649291038513
831488,policy_loss,-0.0008206362836062908
831488,approx_kl,0.005139857530593872
831488,clipfrac,0.02177734375
831488,explained_variance,-0.00621485710144043
831488,sps,620.0
831488,kl_beta,0.0078125
832290,episodic_return,1000.0
832290,episodic_length,1000.0
833291,episodic_return,1000.0
833291,episodic_length,1000.0
833536,value_loss,0.07274557650089264
833536,policy_loss,0.0011481536785140634
833536,approx_kl,0.0019155358895659447
833536,clipfrac,0.018798828125
833536,explained_variance,-0.010632157325744629
833536,sps,620.0
833536,kl_beta,0.00390625
834292,episodic_return,1000.0
834292,episodic_length,1000.0
835293,episodic_return,1000.0
835293,episodic_length,1000.0
835584,value_loss,0.14820824563503265
835584,policy_loss,-0.0003558550961315632
835584,approx_kl,8.094683289527893e-05
835584,clipfrac,0.0
835584,explained_variance,-0.003971695899963379
835584,sps,620.0
835584,kl_beta,0.001953125
836294,episodic_return,1000.0
836294,episodic_length,1000.0
837295,episodic_return,1000.0
837295,episodic_length,1000.0
837632,value_loss,0.09059655666351318
837632,policy_loss,0.0014186616754159331
837632,approx_kl,0.004678917117416859
837632,clipfrac,0.014892578125
837632,explained_variance,0.005716979503631592
837632,sps,620.0
837632,kl_beta,0.0009765625
838296,episodic_return,1000.0
838296,episodic_length,1000.0
838890,episodic_return,592.0
838890,episodic_length,593.0
839680,value_loss,0.04926908016204834
839680,policy_loss,-0.0059548793360590935
839680,approx_kl,0.0028313612565398216
839680,clipfrac,0.020703125
839680,explained_variance,0.01685154438018799
839680,sps,620.0
839680,kl_beta,0.00048828125
839891,episodic_return,1000.0
839891,episodic_length,1000.0
840892,episodic_return,1000.0
840892,episodic_length,1000.0
841728,value_loss,0.004296264611184597
841728,policy_loss,-0.01753387600183487
841728,approx_kl,0.006158649921417236
841728,clipfrac,0.01904296875
841728,explained_variance,-0.0045212507247924805
841728,sps,620.0
841728,kl_beta,0.000244140625
841893,episodic_return,1000.0
841893,episodic_length,1000.0
842894,episodic_return,1000.0
842894,episodic_length,1000.0
843776,value_loss,0.007775365374982357
843776,policy_loss,0.0005800992948934436
843776,approx_kl,0.009707939811050892
843776,clipfrac,0.0607421875
843776,explained_variance,-0.006005406379699707
843776,sps,620.0
843776,kl_beta,0.000244140625
843895,episodic_return,1000.0
843895,episodic_length,1000.0
844530,episodic_return,633.0
844530,episodic_length,634.0
845531,episodic_return,1000.0
845531,episodic_length,1000.0
845824,value_loss,0.4915871024131775
845824,policy_loss,-0.017643844708800316
845824,approx_kl,0.008843357674777508
845824,clipfrac,0.037060546875
845824,explained_variance,0.010745227336883545
845824,sps,620.0
845824,kl_beta,0.000244140625
846532,episodic_return,1000.0
846532,episodic_length,1000.0
847533,episodic_return,1000.0
847533,episodic_length,1000.0
847872,value_loss,0.2918887138366699
847872,policy_loss,-0.0019289687043055892
847872,approx_kl,0.001531907357275486
847872,clipfrac,0.0095703125
847872,explained_variance,-0.010066509246826172
847872,sps,620.0
847872,kl_beta,0.0001220703125
848534,episodic_return,1000.0
848534,episodic_length,1000.0
848838,episodic_return,302.0
848838,episodic_length,303.0
849839,episodic_return,1000.0
849839,episodic_length,1000.0
849920,value_loss,0.03158550709486008
849920,policy_loss,0.0032848301343619823
849920,approx_kl,0.0255080908536911
849920,clipfrac,0.07177734375
849920,explained_variance,0.0070626139640808105
849920,sps,621.0
849920,kl_beta,0.000244140625
850004,episodic_return,163.0
850004,episodic_length,164.0
851005,episodic_return,1000.0
851005,episodic_length,1000.0
851968,value_loss,0.004467795602977276
851968,policy_loss,0.005675177555531263
851968,approx_kl,0.010085024870932102
851968,clipfrac,0.03466796875
851968,explained_variance,0.004115402698516846
851968,sps,621.0
851968,kl_beta,0.000244140625
852006,episodic_return,1000.0
852006,episodic_length,1000.0
853007,episodic_return,1000.0
853007,episodic_length,1000.0
853049,episodic_return,40.0
853049,episodic_length,41.0
853134,episodic_return,83.0
853134,episodic_length,84.0
853936,episodic_return,800.0
853936,episodic_length,801.0
854016,value_loss,0.34921184182167053
854016,policy_loss,-0.012637370266020298
854016,approx_kl,0.00693294033408165
854016,clipfrac,0.01884765625
854016,explained_variance,0.014259636402130127
854016,sps,621.0
854016,kl_beta,0.000244140625
854937,episodic_return,1000.0
854937,episodic_length,1000.0
855938,episodic_return,1000.0
855938,episodic_length,1000.0
856064,value_loss,0.014248382300138474
856064,policy_loss,-0.0033712598960846663
856064,approx_kl,0.005254204384982586
856064,clipfrac,0.01923828125
856064,explained_variance,-0.0042639970779418945
856064,sps,620.0
856064,kl_beta,0.0001220703125
856939,episodic_return,1000.0
856939,episodic_length,1000.0
857940,episodic_return,1000.0
857940,episodic_length,1000.0
858112,value_loss,0.00347329443320632
858112,policy_loss,0.0028683042619377375
858112,approx_kl,0.0006280932575464249
858112,clipfrac,0.0
858112,explained_variance,-0.0067250728607177734
858112,sps,620.0
858112,kl_beta,0.0001
858941,episodic_return,1000.0
858941,episodic_length,1000.0
859942,episodic_return,1000.0
859942,episodic_length,1000.0
860160,value_loss,0.004730246961116791
860160,policy_loss,-0.012878837995231152
860160,approx_kl,0.007498444058001041
860160,clipfrac,0.00927734375
860160,explained_variance,-0.001919865608215332
860160,sps,620.0
860160,kl_beta,0.0001
860943,episodic_return,1000.0
860943,episodic_length,1000.0
861944,episodic_return,1000.0
861944,episodic_length,1000.0
862208,value_loss,0.04177725315093994
862208,policy_loss,0.007531884126365185
862208,approx_kl,0.016567982733249664
862208,clipfrac,0.040087890625
862208,explained_variance,-0.0019823312759399414
862208,sps,620.0
862208,kl_beta,0.0002
862945,episodic_return,1000.0
862945,episodic_length,1000.0
863946,episodic_return,1000.0
863946,episodic_length,1000.0
864256,value_loss,0.004490104503929615
864256,policy_loss,-0.014400639571249485
864256,approx_kl,0.07574962079524994
864256,clipfrac,0.0890625
864256,explained_variance,-0.0008206367492675781
864256,sps,620.0
864256,kl_beta,0.0004
864947,episodic_return,1000.0
864947,episodic_length,1000.0
865948,episodic_return,1000.0
865948,episodic_length,1000.0
866304,value_loss,0.05699210986495018
866304,policy_loss,0.004171405918896198
866304,approx_kl,0.0015767049044370651
866304,clipfrac,0.001953125
866304,explained_variance,-0.008792638778686523
866304,sps,620.0
866304,kl_beta,0.0002
866949,episodic_return,1000.0
866949,episodic_length,1000.0
867950,episodic_return,1000.0
867950,episodic_length,1000.0
868352,value_loss,0.15114398300647736
868352,policy_loss,-0.003950466401875019
868352,approx_kl,0.001746957190334797
868352,clipfrac,0.016259765625
868352,explained_variance,-0.0018421411514282227
868352,sps,620.0
868352,kl_beta,0.0001
868951,episodic_return,1000.0
868951,episodic_length,1000.0
869952,episodic_return,1000.0
869952,episodic_length,1000.0
870400,value_loss,0.1743953675031662
870400,policy_loss,-0.0018724590772762895
870400,approx_kl,0.005200732499361038
870400,clipfrac,0.01533203125
870400,explained_variance,-0.008864283561706543
870400,sps,620.0
870400,kl_beta,0.0001
870953,episodic_return,1000.0
870953,episodic_length,1000.0
871954,episodic_return,1000.0
871954,episodic_length,1000.0
872448,value_loss,0.14821594953536987
872448,policy_loss,0.003437418956309557
872448,approx_kl,0.006934580393135548
872448,clipfrac,0.042822265625
872448,explained_variance,-0.0024819374084472656
872448,sps,620.0
872448,kl_beta,0.0001
872955,episodic_return,1000.0
872955,episodic_length,1000.0
873956,episodic_return,1000.0
873956,episodic_length,1000.0
874496,value_loss,0.05907214432954788
874496,policy_loss,-0.004740030970424414
874496,approx_kl,0.003935026936233044
874496,clipfrac,0.0203125
874496,explained_variance,0.00044465065002441406
874496,sps,620.0
874496,kl_beta,0.0001
874957,episodic_return,1000.0
874957,episodic_length,1000.0
875958,episodic_return,1000.0
875958,episodic_length,1000.0
876544,value_loss,0.03318537026643753
876544,policy_loss,0.002777277259156108
876544,approx_kl,0.012635525315999985
876544,clipfrac,0.02294921875
876544,explained_variance,-0.005275726318359375
876544,sps,620.0
876544,kl_beta,0.0001
876959,episodic_return,1000.0
876959,episodic_length,1000.0
877960,episodic_return,1000.0
877960,episodic_length,1000.0
878592,value_loss,0.004768352955579758
878592,policy_loss,0.0038029891438782215
878592,approx_kl,0.0020535271614789963
878592,clipfrac,0.00732421875
878592,explained_variance,0.007955968379974365
878592,sps,620.0
878592,kl_beta,0.0001
878961,episodic_return,1000.0
878961,episodic_length,1000.0
879141,episodic_return,178.0
879141,episodic_length,179.0
880142,episodic_return,1000.0
880142,episodic_length,1000.0
880257,episodic_return,113.0
880257,episodic_length,114.0
880640,value_loss,0.21618008613586426
880640,policy_loss,-0.006660345010459423
880640,approx_kl,0.013272061012685299
880640,clipfrac,0.0330078125
880640,explained_variance,0.008966565132141113
880640,sps,620.0
880640,kl_beta,0.0001
881258,episodic_return,1000.0
881258,episodic_length,1000.0
881659,episodic_return,399.0
881659,episodic_length,400.0
882606,episodic_return,945.0
882606,episodic_length,946.0
882688,value_loss,0.1503390371799469
882688,policy_loss,-0.00026539465761743486
882688,approx_kl,0.002110961824655533
882688,clipfrac,0.01962890625
882688,explained_variance,0.024835646152496338
882688,sps,620.0
882688,kl_beta,0.0001
883607,episodic_return,1000.0
883607,episodic_length,1000.0
884608,episodic_return,1000.0
884608,episodic_length,1000.0
884661,episodic_return,51.0
884661,episodic_length,52.0
884736,value_loss,0.14968141913414001
884736,policy_loss,-0.016124408692121506
884736,approx_kl,0.006526569835841656
884736,clipfrac,0.04375
884736,explained_variance,0.009131669998168945
884736,sps,620.0
884736,kl_beta,0.0001
885662,episodic_return,1000.0
885662,episodic_length,1000.0
886663,episodic_return,1000.0
886663,episodic_length,1000.0
886784,value_loss,0.08402625471353531
886784,policy_loss,0.0021482945885509253
886784,approx_kl,0.0003150086849927902
886784,clipfrac,0.00029296875
886784,explained_variance,-0.024750232696533203
886784,sps,620.0
886784,kl_beta,0.0001
886836,episodic_return,171.0
886836,episodic_length,172.0
887837,episodic_return,1000.0
887837,episodic_length,1000.0
888832,value_loss,0.007568190805613995
888832,policy_loss,0.004282156005501747
888832,approx_kl,0.0009147031232714653
888832,clipfrac,0.00419921875
888832,explained_variance,0.02089846134185791
888832,sps,620.0
888832,kl_beta,0.0001
888838,episodic_return,1000.0
888838,episodic_length,1000.0
889839,episodic_return,1000.0
889839,episodic_length,1000.0
890840,episodic_return,1000.0
890840,episodic_length,1000.0
890880,value_loss,0.06364180147647858
890880,policy_loss,-0.0006841356516815722
890880,approx_kl,0.0005115587264299393
890880,clipfrac,4.8828125e-05
890880,explained_variance,-0.010130882263183594
890880,sps,620.0
890880,kl_beta,0.0001
891841,episodic_return,1000.0
891841,episodic_length,1000.0
892842,episodic_return,1000.0
892842,episodic_length,1000.0
892928,value_loss,0.1309826523065567
892928,policy_loss,-0.008773613721132278
892928,approx_kl,0.0012625064700841904
892928,clipfrac,0.002001953125
892928,explained_variance,-0.0028291940689086914
892928,sps,620.0
892928,kl_beta,0.0001
892970,episodic_return,126.0
892970,episodic_length,127.0
893971,episodic_return,1000.0
893971,episodic_length,1000.0
894972,episodic_return,1000.0
894972,episodic_length,1000.0
894976,value_loss,0.3057596683502197
894976,policy_loss,-0.0012536098947748542
894976,approx_kl,0.004494478926062584
894976,clipfrac,0.011669921875
894976,explained_variance,-0.0020682811737060547
894976,sps,620.0
894976,kl_beta,0.0001
895973,episodic_return,1000.0
895973,episodic_length,1000.0
896974,episodic_return,1000.0
896974,episodic_length,1000.0
897024,value_loss,0.0093425577506423
897024,policy_loss,6.308452611847315e-06
897024,approx_kl,0.001226082444190979
897024,clipfrac,0.009423828125
897024,explained_variance,-0.002579212188720703
897024,sps,620.0
897024,kl_beta,0.0001
897975,episodic_return,1000.0
897975,episodic_length,1000.0
898976,episodic_return,1000.0
898976,episodic_length,1000.0
899072,value_loss,0.009127255529165268
899072,policy_loss,-0.004875766113400459
899072,approx_kl,0.002551339566707611
899072,clipfrac,0.009912109375
899072,explained_variance,0.00043648481369018555
899072,sps,620.0
899072,kl_beta,0.0001
899977,episodic_return,1000.0
899977,episodic_length,1000.0
900978,episodic_return,1000.0
900978,episodic_length,1000.0
901120,value_loss,0.20405477285385132
901120,policy_loss,0.0016880369512364268
901120,approx_kl,0.006368811242282391
901120,clipfrac,0.02734375
901120,explained_variance,-0.003208756446838379
901120,sps,620.0
901120,kl_beta,0.0001
901979,episodic_return,1000.0
901979,episodic_length,1000.0
902980,episodic_return,1000.0
902980,episodic_length,1000.0
903168,value_loss,0.007773656863719225
903168,policy_loss,-0.005357429385185242
903168,approx_kl,0.001228424720466137
903168,clipfrac,0.0021484375
903168,explained_variance,0.0013896822929382324
903168,sps,620.0
903168,kl_beta,0.0001
903981,episodic_return,1000.0
903981,episodic_length,1000.0
904982,episodic_return,1000.0
904982,episodic_length,1000.0
905216,value_loss,0.008278043940663338
905216,policy_loss,-0.0018795185023918748
905216,approx_kl,0.0037479093298316
905216,clipfrac,0.015869140625
905216,explained_variance,0.00051116943359375
905216,sps,620.0
905216,kl_beta,0.0001
905983,episodic_return,1000.0
905983,episodic_length,1000.0
906984,episodic_return,1000.0
906984,episodic_length,1000.0
907264,value_loss,0.12013141065835953
907264,policy_loss,-0.0011198889696970582
907264,approx_kl,0.0011209622025489807
907264,clipfrac,0.001611328125
907264,explained_variance,-0.011282682418823242
907264,sps,620.0
907264,kl_beta,0.0001
907635,episodic_return,649.0
907635,episodic_length,650.0
908636,episodic_return,1000.0
908636,episodic_length,1000.0
909312,value_loss,0.1442854404449463
909312,policy_loss,0.0003651648876257241
909312,approx_kl,0.0008644405752420425
909312,clipfrac,0.003271484375
909312,explained_variance,0.007706642150878906
909312,sps,620.0
909312,kl_beta,0.0001
909637,episodic_return,1000.0
909637,episodic_length,1000.0
910638,episodic_return,1000.0
910638,episodic_length,1000.0
911360,value_loss,0.00426879059523344
911360,policy_loss,0.00018106696370523423
911360,approx_kl,0.000998055562376976
911360,clipfrac,0.01484375
911360,explained_variance,-0.0001804828643798828
911360,sps,620.0
911360,kl_beta,0.0001
911639,episodic_return,1000.0
911639,episodic_length,1000.0
912640,episodic_return,1000.0
912640,episodic_length,1000.0
913408,value_loss,0.06883566081523895
913408,policy_loss,-0.005108196288347244
913408,approx_kl,0.006966691464185715
913408,clipfrac,0.029638671875
913408,explained_variance,-0.0035251379013061523
913408,sps,620.0
913408,kl_beta,0.0001
913641,episodic_return,1000.0
913641,episodic_length,1000.0
914642,episodic_return,1000.0
914642,episodic_length,1000.0
915456,value_loss,0.30912092328071594
915456,policy_loss,-0.002083664061501622
915456,approx_kl,0.0005466090515255928
915456,clipfrac,0.0
915456,explained_variance,-0.002017378807067871
915456,sps,620.0
915456,kl_beta,0.0001
915643,episodic_return,1000.0
915643,episodic_length,1000.0
916644,episodic_return,1000.0
916644,episodic_length,1000.0
917504,value_loss,0.01908208429813385
917504,policy_loss,-0.0014680058229714632
917504,approx_kl,0.003880777396261692
917504,clipfrac,0.0173828125
917504,explained_variance,-0.0022170543670654297
917504,sps,620.0
917504,kl_beta,0.0001
917645,episodic_return,1000.0
917645,episodic_length,1000.0
918646,episodic_return,1000.0
918646,episodic_length,1000.0
919552,value_loss,0.23834969103336334
919552,policy_loss,0.0006332662305794656
919552,approx_kl,0.0004886100068688393
919552,clipfrac,0.00048828125
919552,explained_variance,-0.007147669792175293
919552,sps,620.0
919552,kl_beta,0.0001
919647,episodic_return,1000.0
919647,episodic_length,1000.0
920648,episodic_return,1000.0
920648,episodic_length,1000.0
921600,value_loss,0.02898414619266987
921600,policy_loss,-0.0018595407018437982
921600,approx_kl,0.00023629609495401382
921600,clipfrac,4.8828125e-05
921600,explained_variance,-0.004949092864990234
921600,sps,620.0
921600,kl_beta,0.0001
921649,episodic_return,1000.0
921649,episodic_length,1000.0
922650,episodic_return,1000.0
922650,episodic_length,1000.0
923648,value_loss,0.003996606450527906
923648,policy_loss,0.0031842458993196487
923648,approx_kl,0.0008934848010540009
923648,clipfrac,0.0021484375
923648,explained_variance,-0.0030252933502197266
923648,sps,620.0
923648,kl_beta,0.0001
923651,episodic_return,1000.0
923651,episodic_length,1000.0
924385,episodic_return,732.0
924385,episodic_length,733.0
925386,episodic_return,1000.0
925386,episodic_length,1000.0
925696,value_loss,0.23087629675865173
925696,policy_loss,-0.0012344367569312453
925696,approx_kl,0.001020769588649273
925696,clipfrac,0.000244140625
925696,explained_variance,0.019653737545013428
925696,sps,620.0
925696,kl_beta,0.0001
926387,episodic_return,1000.0
926387,episodic_length,1000.0
926536,episodic_return,147.0
926536,episodic_length,148.0
927537,episodic_return,1000.0
927537,episodic_length,1000.0
927744,value_loss,0.22184614837169647
927744,policy_loss,-0.0044480799697339535
927744,approx_kl,0.0016247853636741638
927744,clipfrac,0.007080078125
927744,explained_variance,0.0068801045417785645
927744,sps,620.0
927744,kl_beta,0.0001
928538,episodic_return,1000.0
928538,episodic_length,1000.0
929539,episodic_return,1000.0
929539,episodic_length,1000.0
929792,value_loss,0.0052640726789832115
929792,policy_loss,-0.002501928713172674
929792,approx_kl,0.0010296925902366638
929792,clipfrac,0.000390625
929792,explained_variance,-0.0012526512145996094
929792,sps,620.0
929792,kl_beta,0.0001
930540,episodic_return,1000.0
930540,episodic_length,1000.0
931541,episodic_return,1000.0
931541,episodic_length,1000.0
931840,value_loss,0.3704921007156372
931840,policy_loss,-0.0014244028134271502
931840,approx_kl,0.0007372461259365082
931840,clipfrac,0.00400390625
931840,explained_variance,-0.0008963346481323242
931840,sps,620.0
931840,kl_beta,0.0001
932244,episodic_return,701.0
932244,episodic_length,702.0
933245,episodic_return,1000.0
933245,episodic_length,1000.0
933888,value_loss,0.08245474845170975
933888,policy_loss,-0.00038599580875597894
933888,approx_kl,0.00018773972988128662
933888,clipfrac,0.0
933888,explained_variance,0.004562795162200928
933888,sps,620.0
933888,kl_beta,0.0001
934246,episodic_return,1000.0
934246,episodic_length,1000.0
934294,episodic_return,46.0
934294,episodic_length,47.0
935295,episodic_return,1000.0
935295,episodic_length,1000.0
935936,value_loss,0.00782769639045
935936,policy_loss,0.005075405817478895
935936,approx_kl,0.002863326109945774
935936,clipfrac,0.004345703125
935936,explained_variance,0.011830151081085205
935936,sps,620.0
935936,kl_beta,0.0001
936296,episodic_return,1000.0
936296,episodic_length,1000.0
937297,episodic_return,1000.0
937297,episodic_length,1000.0
937984,value_loss,0.22498048841953278
937984,policy_loss,0.00019161081581842154
937984,approx_kl,4.2387284338474274e-05
937984,clipfrac,0.0
937984,explained_variance,-0.0013099908828735352
937984,sps,620.0
937984,kl_beta,0.0001
938298,episodic_return,1000.0
938298,episodic_length,1000.0
939299,episodic_return,1000.0
939299,episodic_length,1000.0
940032,value_loss,0.06871304661035538
940032,policy_loss,0.004818076733499765
940032,approx_kl,0.0004693176597356796
940032,clipfrac,0.00146484375
940032,explained_variance,-0.006166219711303711
940032,sps,621.0
940032,kl_beta,0.0001
940300,episodic_return,1000.0
940300,episodic_length,1000.0
940759,episodic_return,457.0
940759,episodic_length,458.0
941760,episodic_return,1000.0
941760,episodic_length,1000.0
942080,value_loss,0.043588027358055115
942080,policy_loss,0.003031951142475009
942080,approx_kl,0.0019057970494031906
942080,clipfrac,0.006884765625
942080,explained_variance,0.0048111677169799805
942080,sps,621.0
942080,kl_beta,0.0001
942761,episodic_return,1000.0
942761,episodic_length,1000.0
943762,episodic_return,1000.0
943762,episodic_length,1000.0
944128,value_loss,0.05508927255868912
944128,policy_loss,0.006412872578948736
944128,approx_kl,0.000612165778875351
944128,clipfrac,0.0033203125
944128,explained_variance,0.0028441548347473145
944128,sps,621.0
944128,kl_beta,0.0001
944763,episodic_return,1000.0
944763,episodic_length,1000.0
945764,episodic_return,1000.0
945764,episodic_length,1000.0
946176,value_loss,0.10283076018095016
946176,policy_loss,-0.007198203355073929
946176,approx_kl,0.00040933582931756973
946176,clipfrac,0.00283203125
946176,explained_variance,-0.00017535686492919922
946176,sps,621.0
946176,kl_beta,0.0001
946765,episodic_return,1000.0
946765,episodic_length,1000.0
947766,episodic_return,1000.0
947766,episodic_length,1000.0
948224,value_loss,0.19503414630889893
948224,policy_loss,-0.007872030138969421
948224,approx_kl,0.0032740850001573563
948224,clipfrac,0.00595703125
948224,explained_variance,0.002019047737121582
948224,sps,621.0
948224,kl_beta,0.0001
948767,episodic_return,1000.0
948767,episodic_length,1000.0
949768,episodic_return,1000.0
949768,episodic_length,1000.0
950272,value_loss,0.026147492229938507
950272,policy_loss,0.008031610399484634
950272,approx_kl,0.0010793786495923996
950272,clipfrac,0.00126953125
950272,explained_variance,0.012459754943847656
950272,sps,621.0
950272,kl_beta,0.0001
950769,episodic_return,1000.0
950769,episodic_length,1000.0
951770,episodic_return,1000.0
951770,episodic_length,1000.0
952320,value_loss,0.04734857380390167
952320,policy_loss,0.0049425032921135426
952320,approx_kl,4.2961910367012024e-05
952320,clipfrac,0.0
952320,explained_variance,-0.0032472610473632812
952320,sps,621.0
952320,kl_beta,0.0001
952771,episodic_return,1000.0
952771,episodic_length,1000.0
953772,episodic_return,1000.0
953772,episodic_length,1000.0
954368,value_loss,0.23497220873832703
954368,policy_loss,-0.0007407998200505972
954368,approx_kl,0.0005981326103210449
954368,clipfrac,0.00068359375
954368,explained_variance,0.001628279685974121
954368,sps,621.0
954368,kl_beta,0.0001
954773,episodic_return,1000.0
954773,episodic_length,1000.0
955774,episodic_return,1000.0
955774,episodic_length,1000.0
956416,value_loss,0.15707053244113922
956416,policy_loss,0.0044180238619446754
956416,approx_kl,0.0003450065851211548
956416,clipfrac,0.000634765625
956416,explained_variance,-0.0030711889266967773
956416,sps,621.0
956416,kl_beta,0.0001
956615,episodic_return,839.0
956615,episodic_length,840.0
957616,episodic_return,1000.0
957616,episodic_length,1000.0
958464,value_loss,0.012805948965251446
958464,policy_loss,-0.015083076432347298
958464,approx_kl,0.00023974385112524033
958464,clipfrac,0.0
958464,explained_variance,0.029190778732299805
958464,sps,621.0
958464,kl_beta,0.0001
958617,episodic_return,1000.0
958617,episodic_length,1000.0
959618,episodic_return,1000.0
959618,episodic_length,1000.0
960512,value_loss,0.28935879468917847
960512,policy_loss,-0.0004313829995226115
960512,approx_kl,0.0008012214675545692
960512,clipfrac,0.000732421875
960512,explained_variance,-0.0018391609191894531
960512,sps,621.0
960512,kl_beta,0.0001
960619,episodic_return,1000.0
960619,episodic_length,1000.0
960731,episodic_return,110.0
960731,episodic_length,111.0
961732,episodic_return,1000.0
961732,episodic_length,1000.0
962560,value_loss,0.1932757943868637
962560,policy_loss,-0.0010842219926416874
962560,approx_kl,1.431349664926529e-05
962560,clipfrac,0.0
962560,explained_variance,0.009253203868865967
962560,sps,621.0
962560,kl_beta,0.0001
962733,episodic_return,1000.0
962733,episodic_length,1000.0
963734,episodic_return,1000.0
963734,episodic_length,1000.0
964608,value_loss,0.32464712858200073
964608,policy_loss,-0.00408265320584178
964608,approx_kl,0.00019032694399356842
964608,clipfrac,0.0
964608,explained_variance,-0.002819538116455078
964608,sps,621.0
964608,kl_beta,0.0001
964735,episodic_return,1000.0
964735,episodic_length,1000.0
965736,episodic_return,1000.0
965736,episodic_length,1000.0
966656,value_loss,0.00557397585362196
966656,policy_loss,0.0014796407194808125
966656,approx_kl,0.0002250252291560173
966656,clipfrac,9.765625e-05
966656,explained_variance,-0.009088754653930664
966656,sps,621.0
966656,kl_beta,0.0001
966737,episodic_return,1000.0
966737,episodic_length,1000.0
966749,episodic_return,10.0
966749,episodic_length,11.0
967750,episodic_return,1000.0
967750,episodic_length,1000.0
968704,value_loss,0.013806730508804321
968704,policy_loss,5.553706068894826e-05
968704,approx_kl,0.00015335343778133392
968704,clipfrac,0.0
968704,explained_variance,0.0051056742668151855
968704,sps,620.0
968704,kl_beta,0.0001
968751,episodic_return,1000.0
968751,episodic_length,1000.0
969752,episodic_return,1000.0
969752,episodic_length,1000.0
970752,value_loss,0.150061696767807
970752,policy_loss,-0.0019666303414851427
970752,approx_kl,0.0003987066447734833
970752,clipfrac,0.000390625
970752,explained_variance,0.0032492876052856445
970752,sps,620.0
970752,kl_beta,0.0001
970753,episodic_return,1000.0
970753,episodic_length,1000.0
971754,episodic_return,1000.0
971754,episodic_length,1000.0
972755,episodic_return,1000.0
972755,episodic_length,1000.0
972800,value_loss,0.29001638293266296
972800,policy_loss,-0.002931318711489439
972800,approx_kl,0.0001918543130159378
972800,clipfrac,0.0001953125
972800,explained_variance,0.005869090557098389
972800,sps,620.0
972800,kl_beta,0.0001
973756,episodic_return,1000.0
973756,episodic_length,1000.0
974757,episodic_return,1000.0
974757,episodic_length,1000.0
974848,value_loss,0.051348648965358734
974848,policy_loss,9.810270421439782e-05
974848,approx_kl,8.363649249076843e-05
974848,clipfrac,0.0
974848,explained_variance,-0.0051985979080200195
974848,sps,620.0
974848,kl_beta,0.0001
975758,episodic_return,1000.0
975758,episodic_length,1000.0
976350,episodic_return,590.0
976350,episodic_length,591.0
976896,value_loss,0.4310315251350403
976896,policy_loss,0.002462230157107115
976896,approx_kl,0.00014379434287548065
976896,clipfrac,0.0
976896,explained_variance,0.029609978199005127
976896,sps,620.0
976896,kl_beta,0.0001
977351,episodic_return,1000.0
977351,episodic_length,1000.0
978352,episodic_return,1000.0
978352,episodic_length,1000.0
978944,value_loss,0.0533578097820282
978944,policy_loss,0.0005276842275634408
978944,approx_kl,4.2943283915519714e-05
978944,clipfrac,0.0
978944,explained_variance,-0.0042639970779418945
978944,sps,620.0
978944,kl_beta,0.0001
979353,episodic_return,1000.0
979353,episodic_length,1000.0
980354,episodic_return,1000.0
980354,episodic_length,1000.0
980992,value_loss,0.07888633012771606
980992,policy_loss,0.0012653582962229848
980992,approx_kl,0.00011309701949357986
980992,clipfrac,0.0
980992,explained_variance,-0.00026357173919677734
980992,sps,620.0
980992,kl_beta,0.0001
981202,episodic_return,846.0
981202,episodic_length,847.0
982203,episodic_return,1000.0
982203,episodic_length,1000.0
983040,value_loss,0.4243243336677551
983040,policy_loss,-0.001838252181187272
983040,approx_kl,0.00022170133888721466
983040,clipfrac,0.0
983040,explained_variance,0.008135437965393066
983040,sps,620.0
983040,kl_beta,0.0001
983204,episodic_return,1000.0
983204,episodic_length,1000.0
984205,episodic_return,1000.0
984205,episodic_length,1000.0
985088,value_loss,0.20855985581874847
985088,policy_loss,0.0006127665983512998
985088,approx_kl,1.0507181286811829e-05
985088,clipfrac,0.0
985088,explained_variance,-0.002204418182373047
985088,sps,620.0
985088,kl_beta,0.0001
985206,episodic_return,1000.0
985206,episodic_length,1000.0
986207,episodic_return,1000.0
986207,episodic_length,1000.0
987136,value_loss,0.3624267578125
987136,policy_loss,-0.00015421866555698216
987136,approx_kl,9.06083732843399e-06
987136,clipfrac,0.0
987136,explained_variance,-0.0065152645111083984
987136,sps,620.0
987136,kl_beta,0.0001
987208,episodic_return,1000.0
987208,episodic_length,1000.0
988209,episodic_return,1000.0
988209,episodic_length,1000.0
989184,value_loss,0.4119023084640503
989184,policy_loss,-0.00030977450660429895
989184,approx_kl,5.741231143474579e-05
989184,clipfrac,0.0
989184,explained_variance,-0.005587220191955566
989184,sps,620.0
989184,kl_beta,0.0001
989210,episodic_return,1000.0
989210,episodic_length,1000.0
990211,episodic_return,1000.0
990211,episodic_length,1000.0
991212,episodic_return,1000.0
991212,episodic_length,1000.0
991232,value_loss,0.018414156511425972
991232,policy_loss,-6.0113572544651106e-05
991232,approx_kl,8.886400610208511e-05
991232,clipfrac,0.0
991232,explained_variance,-0.0005354881286621094
991232,sps,620.0
991232,kl_beta,0.0001
992213,episodic_return,1000.0
992213,episodic_length,1000.0
993214,episodic_return,1000.0
993214,episodic_length,1000.0
993280,value_loss,0.006147128529846668
993280,policy_loss,-0.00035596598172560334
993280,approx_kl,3.9637088775634766e-06
993280,clipfrac,0.0
993280,explained_variance,-0.0005931854248046875
993280,sps,620.0
993280,kl_beta,0.0001
994215,episodic_return,1000.0
994215,episodic_length,1000.0
995216,episodic_return,1000.0
995216,episodic_length,1000.0
995328,value_loss,0.40728166699409485
995328,policy_loss,-0.0004828935780096799
995328,approx_kl,9.020790457725525e-06
995328,clipfrac,0.0
995328,explained_variance,-0.006585836410522461
995328,sps,620.0
995328,kl_beta,0.0001
996217,episodic_return,1000.0
996217,episodic_length,1000.0
997218,episodic_return,1000.0
997218,episodic_length,1000.0
997376,value_loss,0.19780448079109192
997376,policy_loss,-0.001790224458090961
997376,approx_kl,1.0095536708831787e-05
997376,clipfrac,0.0
997376,explained_variance,-0.002249479293823242
997376,sps,620.0
997376,kl_beta,0.0001
998219,episodic_return,1000.0
998219,episodic_length,1000.0
999220,episodic_return,1000.0
999220,episodic_length,1000.0
999424,value_loss,0.27794015407562256
999424,policy_loss,-0.0001322998432442546
999424,approx_kl,1.146458089351654e-06
999424,clipfrac,0.0
999424,explained_variance,0.002832651138305664
999424,sps,620.0
999424,kl_beta,0.0001
