global_step,metric,value
6,episodic_return,5.0
6,episodic_length,6.0
19,episodic_return,11.0
19,episodic_length,12.0
29,episodic_return,8.0
29,episodic_length,9.0
55,episodic_return,24.0
55,episodic_length,25.0
60,episodic_return,3.0
60,episodic_length,4.0
67,episodic_return,5.0
67,episodic_length,6.0
77,episodic_return,8.0
77,episodic_length,9.0
86,episodic_return,7.0
86,episodic_length,8.0
99,episodic_return,11.0
99,episodic_length,12.0
117,episodic_return,16.0
117,episodic_length,17.0
122,episodic_return,3.0
122,episodic_length,4.0
133,episodic_return,9.0
133,episodic_length,10.0
147,episodic_return,12.0
147,episodic_length,13.0
172,episodic_return,23.0
172,episodic_length,24.0
189,episodic_return,15.0
189,episodic_length,16.0
195,episodic_return,4.0
195,episodic_length,5.0
225,episodic_return,28.0
225,episodic_length,29.0
235,episodic_return,8.0
235,episodic_length,9.0
239,episodic_return,2.0
239,episodic_length,3.0
245,episodic_return,4.0
245,episodic_length,5.0
252,episodic_return,5.0
252,episodic_length,6.0
261,episodic_return,7.0
261,episodic_length,8.0
269,episodic_return,6.0
269,episodic_length,7.0
278,episodic_return,7.0
278,episodic_length,8.0
283,episodic_return,3.0
283,episodic_length,4.0
293,episodic_return,8.0
293,episodic_length,9.0
307,episodic_return,12.0
307,episodic_length,13.0
312,episodic_return,3.0
312,episodic_length,4.0
318,episodic_return,4.0
318,episodic_length,5.0
328,episodic_return,8.0
328,episodic_length,9.0
335,episodic_return,5.0
335,episodic_length,6.0
342,episodic_return,5.0
342,episodic_length,6.0
348,episodic_return,4.0
348,episodic_length,5.0
355,episodic_return,5.0
355,episodic_length,6.0
361,episodic_return,4.0
361,episodic_length,5.0
374,episodic_return,11.0
374,episodic_length,12.0
386,episodic_return,10.0
386,episodic_length,11.0
392,episodic_return,4.0
392,episodic_length,5.0
402,episodic_return,8.0
402,episodic_length,9.0
410,episodic_return,6.0
410,episodic_length,7.0
419,episodic_return,7.0
419,episodic_length,8.0
428,episodic_return,7.0
428,episodic_length,8.0
434,episodic_return,4.0
434,episodic_length,5.0
439,episodic_return,3.0
439,episodic_length,4.0
445,episodic_return,4.0
445,episodic_length,5.0
459,episodic_return,12.0
459,episodic_length,13.0
463,episodic_return,2.0
463,episodic_length,3.0
474,episodic_return,9.0
474,episodic_length,10.0
479,episodic_return,3.0
479,episodic_length,4.0
489,episodic_return,8.0
489,episodic_length,9.0
495,episodic_return,4.0
495,episodic_length,5.0
499,episodic_return,2.0
499,episodic_length,3.0
508,episodic_return,7.0
508,episodic_length,8.0
522,episodic_return,12.0
522,episodic_length,13.0
532,episodic_return,8.0
532,episodic_length,9.0
537,episodic_return,3.0
537,episodic_length,4.0
542,episodic_return,3.0
542,episodic_length,4.0
552,episodic_return,8.0
552,episodic_length,9.0
565,episodic_return,11.0
565,episodic_length,12.0
570,episodic_return,3.0
570,episodic_length,4.0
577,episodic_return,5.0
577,episodic_length,6.0
583,episodic_return,4.0
583,episodic_length,5.0
594,episodic_return,9.0
594,episodic_length,10.0
605,episodic_return,9.0
605,episodic_length,10.0
615,episodic_return,8.0
615,episodic_length,9.0
621,episodic_return,4.0
621,episodic_length,5.0
628,episodic_return,5.0
628,episodic_length,6.0
633,episodic_return,3.0
633,episodic_length,4.0
638,episodic_return,3.0
638,episodic_length,4.0
647,episodic_return,7.0
647,episodic_length,8.0
658,episodic_return,9.0
658,episodic_length,10.0
668,episodic_return,8.0
668,episodic_length,9.0
679,episodic_return,9.0
679,episodic_length,10.0
686,episodic_return,5.0
686,episodic_length,6.0
693,episodic_return,5.0
693,episodic_length,6.0
713,episodic_return,18.0
713,episodic_length,19.0
721,episodic_return,6.0
721,episodic_length,7.0
744,episodic_return,21.0
744,episodic_length,22.0
754,episodic_return,8.0
754,episodic_length,9.0
760,episodic_return,4.0
760,episodic_length,5.0
767,episodic_return,5.0
767,episodic_length,6.0
777,episodic_return,8.0
777,episodic_length,9.0
787,episodic_return,8.0
787,episodic_length,9.0
796,episodic_return,7.0
796,episodic_length,8.0
812,episodic_return,14.0
812,episodic_length,15.0
818,episodic_return,4.0
818,episodic_length,5.0
825,episodic_return,5.0
825,episodic_length,6.0
853,episodic_return,26.0
853,episodic_length,27.0
871,episodic_return,16.0
871,episodic_length,17.0
885,episodic_return,12.0
885,episodic_length,13.0
897,episodic_return,10.0
897,episodic_length,11.0
908,episodic_return,9.0
908,episodic_length,10.0
919,episodic_return,9.0
919,episodic_length,10.0
923,episodic_return,2.0
923,episodic_length,3.0
932,episodic_return,7.0
932,episodic_length,8.0
941,episodic_return,7.0
941,episodic_length,8.0
953,episodic_return,10.0
953,episodic_length,11.0
957,episodic_return,2.0
957,episodic_length,3.0
967,episodic_return,8.0
967,episodic_length,9.0
977,episodic_return,8.0
977,episodic_length,9.0
985,episodic_return,6.0
985,episodic_length,7.0
995,episodic_return,8.0
995,episodic_length,9.0
1001,episodic_return,4.0
1001,episodic_length,5.0
1033,episodic_return,30.0
1033,episodic_length,31.0
1044,episodic_return,9.0
1044,episodic_length,10.0
1050,episodic_return,4.0
1050,episodic_length,5.0
1057,episodic_return,5.0
1057,episodic_length,6.0
1066,episodic_return,7.0
1066,episodic_length,8.0
1081,episodic_return,13.0
1081,episodic_length,14.0
1095,episodic_return,12.0
1095,episodic_length,13.0
1103,episodic_return,6.0
1103,episodic_length,7.0
1110,episodic_return,5.0
1110,episodic_length,6.0
1116,episodic_return,4.0
1116,episodic_length,5.0
1121,episodic_return,3.0
1121,episodic_length,4.0
1127,episodic_return,4.0
1127,episodic_length,5.0
1134,episodic_return,5.0
1134,episodic_length,6.0
1141,episodic_return,5.0
1141,episodic_length,6.0
1156,episodic_return,13.0
1156,episodic_length,14.0
1160,episodic_return,2.0
1160,episodic_length,3.0
1174,episodic_return,12.0
1174,episodic_length,13.0
1183,episodic_return,7.0
1183,episodic_length,8.0
1189,episodic_return,4.0
1189,episodic_length,5.0
1207,episodic_return,16.0
1207,episodic_length,17.0
1216,episodic_return,7.0
1216,episodic_length,8.0
1224,episodic_return,6.0
1224,episodic_length,7.0
1243,episodic_return,17.0
1243,episodic_length,18.0
1253,episodic_return,8.0
1253,episodic_length,9.0
1267,episodic_return,12.0
1267,episodic_length,13.0
1283,episodic_return,14.0
1283,episodic_length,15.0
1287,episodic_return,2.0
1287,episodic_length,3.0
1292,episodic_return,3.0
1292,episodic_length,4.0
1308,episodic_return,14.0
1308,episodic_length,15.0
1314,episodic_return,4.0
1314,episodic_length,5.0
1320,episodic_return,4.0
1320,episodic_length,5.0
1327,episodic_return,5.0
1327,episodic_length,6.0
1333,episodic_return,4.0
1333,episodic_length,5.0
1341,episodic_return,6.0
1341,episodic_length,7.0
1357,episodic_return,14.0
1357,episodic_length,15.0
1363,episodic_return,4.0
1363,episodic_length,5.0
1370,episodic_return,5.0
1370,episodic_length,6.0
1378,episodic_return,6.0
1378,episodic_length,7.0
1384,episodic_return,4.0
1384,episodic_length,5.0
1392,episodic_return,6.0
1392,episodic_length,7.0
1404,episodic_return,10.0
1404,episodic_length,11.0
1409,episodic_return,3.0
1409,episodic_length,4.0
1417,episodic_return,6.0
1417,episodic_length,7.0
1429,episodic_return,10.0
1429,episodic_length,11.0
1436,episodic_return,5.0
1436,episodic_length,6.0
1443,episodic_return,5.0
1443,episodic_length,6.0
1453,episodic_return,8.0
1453,episodic_length,9.0
1461,episodic_return,6.0
1461,episodic_length,7.0
1468,episodic_return,5.0
1468,episodic_length,6.0
1473,episodic_return,3.0
1473,episodic_length,4.0
1480,episodic_return,5.0
1480,episodic_length,6.0
1490,episodic_return,8.0
1490,episodic_length,9.0
1497,episodic_return,5.0
1497,episodic_length,6.0
1509,episodic_return,10.0
1509,episodic_length,11.0
1516,episodic_return,5.0
1516,episodic_length,6.0
1527,episodic_return,9.0
1527,episodic_length,10.0
1534,episodic_return,5.0
1534,episodic_length,6.0
1544,episodic_return,8.0
1544,episodic_length,9.0
1555,episodic_return,9.0
1555,episodic_length,10.0
1566,episodic_return,9.0
1566,episodic_length,10.0
1574,episodic_return,6.0
1574,episodic_length,7.0
1595,episodic_return,19.0
1595,episodic_length,20.0
1604,episodic_return,7.0
1604,episodic_length,8.0
1618,episodic_return,12.0
1618,episodic_length,13.0
1627,episodic_return,7.0
1627,episodic_length,8.0
1640,episodic_return,11.0
1640,episodic_length,12.0
1645,episodic_return,3.0
1645,episodic_length,4.0
1657,episodic_return,10.0
1657,episodic_length,11.0
1667,episodic_return,8.0
1667,episodic_length,9.0
1681,episodic_return,12.0
1681,episodic_length,13.0
1686,episodic_return,3.0
1686,episodic_length,4.0
1699,episodic_return,11.0
1699,episodic_length,12.0
1707,episodic_return,6.0
1707,episodic_length,7.0
1715,episodic_return,6.0
1715,episodic_length,7.0
1720,episodic_return,3.0
1720,episodic_length,4.0
1724,episodic_return,2.0
1724,episodic_length,3.0
1735,episodic_return,9.0
1735,episodic_length,10.0
1741,episodic_return,4.0
1741,episodic_length,5.0
1748,episodic_return,5.0
1748,episodic_length,6.0
1761,episodic_return,11.0
1761,episodic_length,12.0
1775,episodic_return,12.0
1775,episodic_length,13.0
1785,episodic_return,8.0
1785,episodic_length,9.0
1794,episodic_return,7.0
1794,episodic_length,8.0
1800,episodic_return,4.0
1800,episodic_length,5.0
1808,episodic_return,6.0
1808,episodic_length,7.0
1814,episodic_return,4.0
1814,episodic_length,5.0
1826,episodic_return,10.0
1826,episodic_length,11.0
1830,episodic_return,2.0
1830,episodic_length,3.0
1839,episodic_return,7.0
1839,episodic_length,8.0
1845,episodic_return,4.0
1845,episodic_length,5.0
1850,episodic_return,3.0
1850,episodic_length,4.0
1856,episodic_return,4.0
1856,episodic_length,5.0
1861,episodic_return,3.0
1861,episodic_length,4.0
1869,episodic_return,6.0
1869,episodic_length,7.0
1884,episodic_return,13.0
1884,episodic_length,14.0
1894,episodic_return,8.0
1894,episodic_length,9.0
1906,episodic_return,10.0
1906,episodic_length,11.0
1916,episodic_return,8.0
1916,episodic_length,9.0
1927,episodic_return,9.0
1927,episodic_length,10.0
1946,episodic_return,17.0
1946,episodic_length,18.0
1952,episodic_return,4.0
1952,episodic_length,5.0
1973,episodic_return,19.0
1973,episodic_length,20.0
1980,episodic_return,5.0
1980,episodic_length,6.0
1985,episodic_return,3.0
1985,episodic_length,4.0
1990,episodic_return,3.0
1990,episodic_length,4.0
2000,episodic_return,8.0
2000,episodic_length,9.0
2014,episodic_return,12.0
2014,episodic_length,13.0
2031,episodic_return,15.0
2031,episodic_length,16.0
2048,value_loss,0.40196043252944946
2048,policy_loss,-0.05137446150183678
2048,approx_kl,0.015158131718635559
2048,clipfrac,0.170458984375
2048,explained_variance,-0.0030204057693481445
2048,sps,486.0
2069,episodic_return,36.0
2069,episodic_length,37.0
2080,episodic_return,9.0
2080,episodic_length,10.0
2098,episodic_return,16.0
2098,episodic_length,17.0
2112,episodic_return,12.0
2112,episodic_length,13.0
2117,episodic_return,3.0
2117,episodic_length,4.0
2122,episodic_return,3.0
2122,episodic_length,4.0
2130,episodic_return,6.0
2130,episodic_length,7.0
2136,episodic_return,4.0
2136,episodic_length,5.0
2161,episodic_return,23.0
2161,episodic_length,24.0
2183,episodic_return,20.0
2183,episodic_length,21.0
2188,episodic_return,3.0
2188,episodic_length,4.0
2196,episodic_return,6.0
2196,episodic_length,7.0
2213,episodic_return,15.0
2213,episodic_length,16.0
2221,episodic_return,6.0
2221,episodic_length,7.0
2233,episodic_return,10.0
2233,episodic_length,11.0
2249,episodic_return,14.0
2249,episodic_length,15.0
2255,episodic_return,4.0
2255,episodic_length,5.0
2277,episodic_return,20.0
2277,episodic_length,21.0
2291,episodic_return,12.0
2291,episodic_length,13.0
2303,episodic_return,10.0
2303,episodic_length,11.0
2310,episodic_return,5.0
2310,episodic_length,6.0
2319,episodic_return,7.0
2319,episodic_length,8.0
2327,episodic_return,6.0
2327,episodic_length,7.0
2340,episodic_return,11.0
2340,episodic_length,12.0
2345,episodic_return,3.0
2345,episodic_length,4.0
2350,episodic_return,3.0
2350,episodic_length,4.0
2360,episodic_return,8.0
2360,episodic_length,9.0
2374,episodic_return,12.0
2374,episodic_length,13.0
2402,episodic_return,26.0
2402,episodic_length,27.0
2424,episodic_return,20.0
2424,episodic_length,21.0
2434,episodic_return,8.0
2434,episodic_length,9.0
2440,episodic_return,4.0
2440,episodic_length,5.0
2447,episodic_return,5.0
2447,episodic_length,6.0
2460,episodic_return,11.0
2460,episodic_length,12.0
2471,episodic_return,9.0
2471,episodic_length,10.0
2475,episodic_return,2.0
2475,episodic_length,3.0
2486,episodic_return,9.0
2486,episodic_length,10.0
2497,episodic_return,9.0
2497,episodic_length,10.0
2502,episodic_return,3.0
2502,episodic_length,4.0
2513,episodic_return,9.0
2513,episodic_length,10.0
2521,episodic_return,6.0
2521,episodic_length,7.0
2534,episodic_return,11.0
2534,episodic_length,12.0
2556,episodic_return,20.0
2556,episodic_length,21.0
2575,episodic_return,17.0
2575,episodic_length,18.0
2584,episodic_return,7.0
2584,episodic_length,8.0
2600,episodic_return,14.0
2600,episodic_length,15.0
2608,episodic_return,6.0
2608,episodic_length,7.0
2617,episodic_return,7.0
2617,episodic_length,8.0
2625,episodic_return,6.0
2625,episodic_length,7.0
2637,episodic_return,10.0
2637,episodic_length,11.0
2643,episodic_return,4.0
2643,episodic_length,5.0
2654,episodic_return,9.0
2654,episodic_length,10.0
2667,episodic_return,11.0
2667,episodic_length,12.0
2674,episodic_return,5.0
2674,episodic_length,6.0
2693,episodic_return,17.0
2693,episodic_length,18.0
2698,episodic_return,3.0
2698,episodic_length,4.0
2704,episodic_return,4.0
2704,episodic_length,5.0
2731,episodic_return,25.0
2731,episodic_length,26.0
2753,episodic_return,20.0
2753,episodic_length,21.0
2768,episodic_return,13.0
2768,episodic_length,14.0
2777,episodic_return,7.0
2777,episodic_length,8.0
2786,episodic_return,7.0
2786,episodic_length,8.0
2795,episodic_return,7.0
2795,episodic_length,8.0
2807,episodic_return,10.0
2807,episodic_length,11.0
2814,episodic_return,5.0
2814,episodic_length,6.0
2823,episodic_return,7.0
2823,episodic_length,8.0
2832,episodic_return,7.0
2832,episodic_length,8.0
2838,episodic_return,4.0
2838,episodic_length,5.0
2852,episodic_return,12.0
2852,episodic_length,13.0
2874,episodic_return,20.0
2874,episodic_length,21.0
2888,episodic_return,12.0
2888,episodic_length,13.0
2896,episodic_return,6.0
2896,episodic_length,7.0
2914,episodic_return,16.0
2914,episodic_length,17.0
2925,episodic_return,9.0
2925,episodic_length,10.0
2932,episodic_return,5.0
2932,episodic_length,6.0
2940,episodic_return,6.0
2940,episodic_length,7.0
2945,episodic_return,3.0
2945,episodic_length,4.0
2951,episodic_return,4.0
2951,episodic_length,5.0
2969,episodic_return,16.0
2969,episodic_length,17.0
2975,episodic_return,4.0
2975,episodic_length,5.0
2992,episodic_return,15.0
2992,episodic_length,16.0
3008,episodic_return,14.0
3008,episodic_length,15.0
3023,episodic_return,13.0
3023,episodic_length,14.0
3030,episodic_return,5.0
3030,episodic_length,6.0
3050,episodic_return,18.0
3050,episodic_length,19.0
3068,episodic_return,16.0
3068,episodic_length,17.0
3075,episodic_return,5.0
3075,episodic_length,6.0
3087,episodic_return,10.0
3087,episodic_length,11.0
3136,episodic_return,47.0
3136,episodic_length,48.0
3144,episodic_return,6.0
3144,episodic_length,7.0
3165,episodic_return,19.0
3165,episodic_length,20.0
3169,episodic_return,2.0
3169,episodic_length,3.0
3177,episodic_return,6.0
3177,episodic_length,7.0
3185,episodic_return,6.0
3185,episodic_length,7.0
3205,episodic_return,18.0
3205,episodic_length,19.0
3213,episodic_return,6.0
3213,episodic_length,7.0
3220,episodic_return,5.0
3220,episodic_length,6.0
3233,episodic_return,11.0
3233,episodic_length,12.0
3244,episodic_return,9.0
3244,episodic_length,10.0
3252,episodic_return,6.0
3252,episodic_length,7.0
3270,episodic_return,16.0
3270,episodic_length,17.0
3280,episodic_return,8.0
3280,episodic_length,9.0
3310,episodic_return,28.0
3310,episodic_length,29.0
3317,episodic_return,5.0
3317,episodic_length,6.0
3329,episodic_return,10.0
3329,episodic_length,11.0
3336,episodic_return,5.0
3336,episodic_length,6.0
3345,episodic_return,7.0
3345,episodic_length,8.0
3355,episodic_return,8.0
3355,episodic_length,9.0
3360,episodic_return,3.0
3360,episodic_length,4.0
3372,episodic_return,10.0
3372,episodic_length,11.0
3377,episodic_return,3.0
3377,episodic_length,4.0
3404,episodic_return,25.0
3404,episodic_length,26.0
3417,episodic_return,11.0
3417,episodic_length,12.0
3421,episodic_return,2.0
3421,episodic_length,3.0
3442,episodic_return,19.0
3442,episodic_length,20.0
3449,episodic_return,5.0
3449,episodic_length,6.0
3468,episodic_return,17.0
3468,episodic_length,18.0
3488,episodic_return,18.0
3488,episodic_length,19.0
3495,episodic_return,5.0
3495,episodic_length,6.0
3503,episodic_return,6.0
3503,episodic_length,7.0
3511,episodic_return,6.0
3511,episodic_length,7.0
3519,episodic_return,6.0
3519,episodic_length,7.0
3528,episodic_return,7.0
3528,episodic_length,8.0
3533,episodic_return,3.0
3533,episodic_length,4.0
3541,episodic_return,6.0
3541,episodic_length,7.0
3548,episodic_return,5.0
3548,episodic_length,6.0
3558,episodic_return,8.0
3558,episodic_length,9.0
3573,episodic_return,13.0
3573,episodic_length,14.0
3603,episodic_return,28.0
3603,episodic_length,29.0
3610,episodic_return,5.0
3610,episodic_length,6.0
3616,episodic_return,4.0
3616,episodic_length,5.0
3630,episodic_return,12.0
3630,episodic_length,13.0
3644,episodic_return,12.0
3644,episodic_length,13.0
3649,episodic_return,3.0
3649,episodic_length,4.0
3658,episodic_return,7.0
3658,episodic_length,8.0
3668,episodic_return,8.0
3668,episodic_length,9.0
3689,episodic_return,19.0
3689,episodic_length,20.0
3695,episodic_return,4.0
3695,episodic_length,5.0
3708,episodic_return,11.0
3708,episodic_length,12.0
3716,episodic_return,6.0
3716,episodic_length,7.0
3736,episodic_return,18.0
3736,episodic_length,19.0
3748,episodic_return,10.0
3748,episodic_length,11.0
3757,episodic_return,7.0
3757,episodic_length,8.0
3773,episodic_return,14.0
3773,episodic_length,15.0
3781,episodic_return,6.0
3781,episodic_length,7.0
3798,episodic_return,15.0
3798,episodic_length,16.0
3812,episodic_return,12.0
3812,episodic_length,13.0
3823,episodic_return,9.0
3823,episodic_length,10.0
3842,episodic_return,17.0
3842,episodic_length,18.0
3853,episodic_return,9.0
3853,episodic_length,10.0
3862,episodic_return,7.0
3862,episodic_length,8.0
3866,episodic_return,2.0
3866,episodic_length,3.0
3871,episodic_return,3.0
3871,episodic_length,4.0
3894,episodic_return,21.0
3894,episodic_length,22.0
3909,episodic_return,13.0
3909,episodic_length,14.0
3918,episodic_return,7.0
3918,episodic_length,8.0
3934,episodic_return,14.0
3934,episodic_length,15.0
3939,episodic_return,3.0
3939,episodic_length,4.0
3949,episodic_return,8.0
3949,episodic_length,9.0
3955,episodic_return,4.0
3955,episodic_length,5.0
3968,episodic_return,11.0
3968,episodic_length,12.0
3987,episodic_return,17.0
3987,episodic_length,18.0
3995,episodic_return,6.0
3995,episodic_length,7.0
4002,episodic_return,5.0
4002,episodic_length,6.0
4019,episodic_return,15.0
4019,episodic_length,16.0
4037,episodic_return,16.0
4037,episodic_length,17.0
4051,episodic_return,12.0
4051,episodic_length,13.0
4056,episodic_return,3.0
4056,episodic_length,4.0
4062,episodic_return,4.0
4062,episodic_length,5.0
4079,episodic_return,15.0
4079,episodic_length,16.0
4093,episodic_return,12.0
4093,episodic_length,13.0
4096,value_loss,0.4042787551879883
4096,policy_loss,-0.042973026633262634
4096,approx_kl,0.02239745482802391
4096,clipfrac,0.2068359375
4096,explained_variance,0.019258439540863037
4096,sps,518.0
4106,episodic_return,11.0
4106,episodic_length,12.0
4118,episodic_return,10.0
4118,episodic_length,11.0
4125,episodic_return,5.0
4125,episodic_length,6.0
4159,episodic_return,32.0
4159,episodic_length,33.0
4171,episodic_return,10.0
4171,episodic_length,11.0
4197,episodic_return,24.0
4197,episodic_length,25.0
4214,episodic_return,15.0
4214,episodic_length,16.0
4227,episodic_return,11.0
4227,episodic_length,12.0
4241,episodic_return,12.0
4241,episodic_length,13.0
4248,episodic_return,5.0
4248,episodic_length,6.0
4255,episodic_return,5.0
4255,episodic_length,6.0
4265,episodic_return,8.0
4265,episodic_length,9.0
4279,episodic_return,12.0
4279,episodic_length,13.0
4284,episodic_return,3.0
4284,episodic_length,4.0
4293,episodic_return,7.0
4293,episodic_length,8.0
4301,episodic_return,6.0
4301,episodic_length,7.0
4317,episodic_return,14.0
4317,episodic_length,15.0
4326,episodic_return,7.0
4326,episodic_length,8.0
4335,episodic_return,7.0
4335,episodic_length,8.0
4348,episodic_return,11.0
4348,episodic_length,12.0
4361,episodic_return,11.0
4361,episodic_length,12.0
4369,episodic_return,6.0
4369,episodic_length,7.0
4379,episodic_return,8.0
4379,episodic_length,9.0
4395,episodic_return,14.0
4395,episodic_length,15.0
4414,episodic_return,17.0
4414,episodic_length,18.0
4421,episodic_return,5.0
4421,episodic_length,6.0
4436,episodic_return,13.0
4436,episodic_length,14.0
4449,episodic_return,11.0
4449,episodic_length,12.0
4462,episodic_return,11.0
4462,episodic_length,12.0
4483,episodic_return,19.0
4483,episodic_length,20.0
4520,episodic_return,35.0
4520,episodic_length,36.0
4557,episodic_return,35.0
4557,episodic_length,36.0
4569,episodic_return,10.0
4569,episodic_length,11.0
4588,episodic_return,17.0
4588,episodic_length,18.0
4599,episodic_return,9.0
4599,episodic_length,10.0
4618,episodic_return,17.0
4618,episodic_length,18.0
4627,episodic_return,7.0
4627,episodic_length,8.0
4637,episodic_return,8.0
4637,episodic_length,9.0
4659,episodic_return,20.0
4659,episodic_length,21.0
4666,episodic_return,5.0
4666,episodic_length,6.0
4690,episodic_return,22.0
4690,episodic_length,23.0
4706,episodic_return,14.0
4706,episodic_length,15.0
4738,episodic_return,30.0
4738,episodic_length,31.0
4744,episodic_return,4.0
4744,episodic_length,5.0
4761,episodic_return,15.0
4761,episodic_length,16.0
4772,episodic_return,9.0
4772,episodic_length,10.0
4803,episodic_return,29.0
4803,episodic_length,30.0
4816,episodic_return,11.0
4816,episodic_length,12.0
4843,episodic_return,25.0
4843,episodic_length,26.0
4861,episodic_return,16.0
4861,episodic_length,17.0
4880,episodic_return,17.0
4880,episodic_length,18.0
4893,episodic_return,11.0
4893,episodic_length,12.0
4904,episodic_return,9.0
4904,episodic_length,10.0
4948,episodic_return,42.0
4948,episodic_length,43.0
4959,episodic_return,9.0
4959,episodic_length,10.0
4970,episodic_return,9.0
4970,episodic_length,10.0
4984,episodic_return,12.0
4984,episodic_length,13.0
4994,episodic_return,8.0
4994,episodic_length,9.0
5009,episodic_return,13.0
5009,episodic_length,14.0
5023,episodic_return,12.0
5023,episodic_length,13.0
5030,episodic_return,5.0
5030,episodic_length,6.0
5039,episodic_return,7.0
5039,episodic_length,8.0
5072,episodic_return,31.0
5072,episodic_length,32.0
5091,episodic_return,17.0
5091,episodic_length,18.0
5100,episodic_return,7.0
5100,episodic_length,8.0
5109,episodic_return,7.0
5109,episodic_length,8.0
5154,episodic_return,43.0
5154,episodic_length,44.0
5179,episodic_return,23.0
5179,episodic_length,24.0
5223,episodic_return,42.0
5223,episodic_length,43.0
5240,episodic_return,15.0
5240,episodic_length,16.0
5252,episodic_return,10.0
5252,episodic_length,11.0
5259,episodic_return,5.0
5259,episodic_length,6.0
5271,episodic_return,10.0
5271,episodic_length,11.0
5285,episodic_return,12.0
5285,episodic_length,13.0
5293,episodic_return,6.0
5293,episodic_length,7.0
5304,episodic_return,9.0
5304,episodic_length,10.0
5310,episodic_return,4.0
5310,episodic_length,5.0
5322,episodic_return,10.0
5322,episodic_length,11.0
5360,episodic_return,36.0
5360,episodic_length,37.0
5372,episodic_return,10.0
5372,episodic_length,11.0
5379,episodic_return,5.0
5379,episodic_length,6.0
5390,episodic_return,9.0
5390,episodic_length,10.0
5412,episodic_return,20.0
5412,episodic_length,21.0
5425,episodic_return,11.0
5425,episodic_length,12.0
5454,episodic_return,27.0
5454,episodic_length,28.0
5467,episodic_return,11.0
5467,episodic_length,12.0
5473,episodic_return,4.0
5473,episodic_length,5.0
5502,episodic_return,27.0
5502,episodic_length,28.0
5518,episodic_return,14.0
5518,episodic_length,15.0
5527,episodic_return,7.0
5527,episodic_length,8.0
5536,episodic_return,7.0
5536,episodic_length,8.0
5551,episodic_return,13.0
5551,episodic_length,14.0
5561,episodic_return,8.0
5561,episodic_length,9.0
5575,episodic_return,12.0
5575,episodic_length,13.0
5582,episodic_return,5.0
5582,episodic_length,6.0
5597,episodic_return,13.0
5597,episodic_length,14.0
5602,episodic_return,3.0
5602,episodic_length,4.0
5616,episodic_return,12.0
5616,episodic_length,13.0
5646,episodic_return,28.0
5646,episodic_length,29.0
5686,episodic_return,38.0
5686,episodic_length,39.0
5698,episodic_return,10.0
5698,episodic_length,11.0
5751,episodic_return,51.0
5751,episodic_length,52.0
5760,episodic_return,7.0
5760,episodic_length,8.0
5796,episodic_return,34.0
5796,episodic_length,35.0
5813,episodic_return,15.0
5813,episodic_length,16.0
5821,episodic_return,6.0
5821,episodic_length,7.0
5832,episodic_return,9.0
5832,episodic_length,10.0
5843,episodic_return,9.0
5843,episodic_length,10.0
5851,episodic_return,6.0
5851,episodic_length,7.0
5866,episodic_return,13.0
5866,episodic_length,14.0
5874,episodic_return,6.0
5874,episodic_length,7.0
5936,episodic_return,60.0
5936,episodic_length,61.0
5956,episodic_return,18.0
5956,episodic_length,19.0
5998,episodic_return,40.0
5998,episodic_length,41.0
6008,episodic_return,8.0
6008,episodic_length,9.0
6019,episodic_return,9.0
6019,episodic_length,10.0
6030,episodic_return,9.0
6030,episodic_length,10.0
6054,episodic_return,22.0
6054,episodic_length,23.0
6074,episodic_return,18.0
6074,episodic_length,19.0
6080,episodic_return,4.0
6080,episodic_length,5.0
6089,episodic_return,7.0
6089,episodic_length,8.0
6109,episodic_return,18.0
6109,episodic_length,19.0
6121,episodic_return,10.0
6121,episodic_length,11.0
6131,episodic_return,8.0
6131,episodic_length,9.0
6138,episodic_return,5.0
6138,episodic_length,6.0
6144,value_loss,0.5883832573890686
6144,policy_loss,-0.014162372797727585
6144,approx_kl,0.013571301475167274
6144,clipfrac,0.154736328125
6144,explained_variance,0.012417495250701904
6144,sps,525.0
6149,episodic_return,9.0
6149,episodic_length,10.0
6168,episodic_return,17.0
6168,episodic_length,18.0
6199,episodic_return,29.0
6199,episodic_length,30.0
6258,episodic_return,57.0
6258,episodic_length,58.0
6267,episodic_return,7.0
6267,episodic_length,8.0
6303,episodic_return,34.0
6303,episodic_length,35.0
6321,episodic_return,16.0
6321,episodic_length,17.0
6330,episodic_return,7.0
6330,episodic_length,8.0
6348,episodic_return,16.0
6348,episodic_length,17.0
6364,episodic_return,14.0
6364,episodic_length,15.0
6374,episodic_return,8.0
6374,episodic_length,9.0
6397,episodic_return,21.0
6397,episodic_length,22.0
6427,episodic_return,28.0
6427,episodic_length,29.0
6437,episodic_return,8.0
6437,episodic_length,9.0
6455,episodic_return,16.0
6455,episodic_length,17.0
6467,episodic_return,10.0
6467,episodic_length,11.0
6489,episodic_return,20.0
6489,episodic_length,21.0
6506,episodic_return,15.0
6506,episodic_length,16.0
6511,episodic_return,3.0
6511,episodic_length,4.0
6558,episodic_return,45.0
6558,episodic_length,46.0
6571,episodic_return,11.0
6571,episodic_length,12.0
6630,episodic_return,57.0
6630,episodic_length,58.0
6684,episodic_return,52.0
6684,episodic_length,53.0
6713,episodic_return,27.0
6713,episodic_length,28.0
6740,episodic_return,25.0
6740,episodic_length,26.0
6781,episodic_return,39.0
6781,episodic_length,40.0
6822,episodic_return,39.0
6822,episodic_length,40.0
6830,episodic_return,6.0
6830,episodic_length,7.0
6852,episodic_return,20.0
6852,episodic_length,21.0
6861,episodic_return,7.0
6861,episodic_length,8.0
6900,episodic_return,37.0
6900,episodic_length,38.0
6932,episodic_return,30.0
6932,episodic_length,31.0
6951,episodic_return,17.0
6951,episodic_length,18.0
6961,episodic_return,8.0
6961,episodic_length,9.0
7019,episodic_return,56.0
7019,episodic_length,57.0
7068,episodic_return,47.0
7068,episodic_length,48.0
7095,episodic_return,25.0
7095,episodic_length,26.0
7102,episodic_return,5.0
7102,episodic_length,6.0
7159,episodic_return,55.0
7159,episodic_length,56.0
7169,episodic_return,8.0
7169,episodic_length,9.0
7180,episodic_return,9.0
7180,episodic_length,10.0
7217,episodic_return,35.0
7217,episodic_length,36.0
7239,episodic_return,20.0
7239,episodic_length,21.0
7265,episodic_return,24.0
7265,episodic_length,25.0
7296,episodic_return,29.0
7296,episodic_length,30.0
7305,episodic_return,7.0
7305,episodic_length,8.0
7325,episodic_return,18.0
7325,episodic_length,19.0
7366,episodic_return,39.0
7366,episodic_length,40.0
7384,episodic_return,16.0
7384,episodic_length,17.0
7400,episodic_return,14.0
7400,episodic_length,15.0
7422,episodic_return,20.0
7422,episodic_length,21.0
7442,episodic_return,18.0
7442,episodic_length,19.0
7479,episodic_return,35.0
7479,episodic_length,36.0
7487,episodic_return,6.0
7487,episodic_length,7.0
7513,episodic_return,24.0
7513,episodic_length,25.0
7527,episodic_return,12.0
7527,episodic_length,13.0
7553,episodic_return,24.0
7553,episodic_length,25.0
7571,episodic_return,16.0
7571,episodic_length,17.0
7603,episodic_return,30.0
7603,episodic_length,31.0
7649,episodic_return,44.0
7649,episodic_length,45.0
7680,episodic_return,29.0
7680,episodic_length,30.0
7690,episodic_return,8.0
7690,episodic_length,9.0
7705,episodic_return,13.0
7705,episodic_length,14.0
7729,episodic_return,22.0
7729,episodic_length,23.0
7739,episodic_return,8.0
7739,episodic_length,9.0
7794,episodic_return,53.0
7794,episodic_length,54.0
7798,episodic_return,2.0
7798,episodic_length,3.0
7803,episodic_return,3.0
7803,episodic_length,4.0
7852,episodic_return,47.0
7852,episodic_length,48.0
7899,episodic_return,45.0
7899,episodic_length,46.0
7919,episodic_return,18.0
7919,episodic_length,19.0
7931,episodic_return,10.0
7931,episodic_length,11.0
7943,episodic_return,10.0
7943,episodic_length,11.0
7964,episodic_return,19.0
7964,episodic_length,20.0
7975,episodic_return,9.0
7975,episodic_length,10.0
8059,episodic_return,82.0
8059,episodic_length,83.0
8068,episodic_return,7.0
8068,episodic_length,8.0
8087,episodic_return,17.0
8087,episodic_length,18.0
8122,episodic_return,33.0
8122,episodic_length,34.0
8181,episodic_return,57.0
8181,episodic_length,58.0
8192,value_loss,0.2852160632610321
8192,policy_loss,-0.014914557337760925
8192,approx_kl,0.010683491826057434
8192,clipfrac,0.136572265625
8192,explained_variance,0.06068837642669678
8192,sps,535.0
8226,episodic_return,43.0
8226,episodic_length,44.0
8263,episodic_return,35.0
8263,episodic_length,36.0
8342,episodic_return,77.0
8342,episodic_length,78.0
8355,episodic_return,11.0
8355,episodic_length,12.0
8395,episodic_return,38.0
8395,episodic_length,39.0
8404,episodic_return,7.0
8404,episodic_length,8.0
8434,episodic_return,28.0
8434,episodic_length,29.0
8532,episodic_return,96.0
8532,episodic_length,97.0
8580,episodic_return,46.0
8580,episodic_length,47.0
8601,episodic_return,19.0
8601,episodic_length,20.0
8615,episodic_return,12.0
8615,episodic_length,13.0
8631,episodic_return,14.0
8631,episodic_length,15.0
8643,episodic_return,10.0
8643,episodic_length,11.0
8698,episodic_return,53.0
8698,episodic_length,54.0
8797,episodic_return,97.0
8797,episodic_length,98.0
8840,episodic_return,41.0
8840,episodic_length,42.0
8941,episodic_return,99.0
8941,episodic_length,100.0
8983,episodic_return,40.0
8983,episodic_length,41.0
8991,episodic_return,6.0
8991,episodic_length,7.0
9042,episodic_return,49.0
9042,episodic_length,50.0
9046,episodic_return,2.0
9046,episodic_length,3.0
9090,episodic_return,42.0
9090,episodic_length,43.0
9112,episodic_return,20.0
9112,episodic_length,21.0
9137,episodic_return,23.0
9137,episodic_length,24.0
9192,episodic_return,53.0
9192,episodic_length,54.0
9216,episodic_return,22.0
9216,episodic_length,23.0
9270,episodic_return,52.0
9270,episodic_length,53.0
9314,episodic_return,42.0
9314,episodic_length,43.0
9359,episodic_return,43.0
9359,episodic_length,44.0
9445,episodic_return,84.0
9445,episodic_length,85.0
9477,episodic_return,30.0
9477,episodic_length,31.0
9525,episodic_return,46.0
9525,episodic_length,47.0
9577,episodic_return,50.0
9577,episodic_length,51.0
9623,episodic_return,44.0
9623,episodic_length,45.0
9644,episodic_return,19.0
9644,episodic_length,20.0
9673,episodic_return,27.0
9673,episodic_length,28.0
9712,episodic_return,37.0
9712,episodic_length,38.0
9736,episodic_return,22.0
9736,episodic_length,23.0
9769,episodic_return,31.0
9769,episodic_length,32.0
9805,episodic_return,34.0
9805,episodic_length,35.0
9844,episodic_return,37.0
9844,episodic_length,38.0
9875,episodic_return,29.0
9875,episodic_length,30.0
9890,episodic_return,13.0
9890,episodic_length,14.0
9903,episodic_return,11.0
9903,episodic_length,12.0
9964,episodic_return,59.0
9964,episodic_length,60.0
9988,episodic_return,22.0
9988,episodic_length,23.0
10008,episodic_return,18.0
10008,episodic_length,19.0
10068,episodic_return,58.0
10068,episodic_length,59.0
10097,episodic_return,27.0
10097,episodic_length,28.0
10107,episodic_return,8.0
10107,episodic_length,9.0
10120,episodic_return,11.0
10120,episodic_length,12.0
10169,episodic_return,47.0
10169,episodic_length,48.0
10220,episodic_return,49.0
10220,episodic_length,50.0
10240,value_loss,0.30661746859550476
10240,policy_loss,-0.04234498366713524
10240,approx_kl,0.0073296017944812775
10240,clipfrac,0.10126953125
10240,explained_variance,0.081451416015625
10240,sps,538.0
10241,episodic_return,19.0
10241,episodic_length,20.0
10269,episodic_return,26.0
10269,episodic_length,27.0
10331,episodic_return,60.0
10331,episodic_length,61.0
10421,episodic_return,88.0
10421,episodic_length,89.0
10452,episodic_return,29.0
10452,episodic_length,30.0
10515,episodic_return,61.0
10515,episodic_length,62.0
10610,episodic_return,93.0
10610,episodic_length,94.0
10616,episodic_return,4.0
10616,episodic_length,5.0
10681,episodic_return,63.0
10681,episodic_length,64.0
10708,episodic_return,25.0
10708,episodic_length,26.0
10734,episodic_return,24.0
10734,episodic_length,25.0
10767,episodic_return,31.0
10767,episodic_length,32.0
10852,episodic_return,83.0
10852,episodic_length,84.0
10931,episodic_return,77.0
10931,episodic_length,78.0
11012,episodic_return,79.0
11012,episodic_length,80.0
11052,episodic_return,38.0
11052,episodic_length,39.0
11122,episodic_return,68.0
11122,episodic_length,69.0
11152,episodic_return,28.0
11152,episodic_length,29.0
11359,episodic_return,205.0
11359,episodic_length,206.0
11416,episodic_return,55.0
11416,episodic_length,56.0
11492,episodic_return,74.0
11492,episodic_length,75.0
11563,episodic_return,69.0
11563,episodic_length,70.0
11670,episodic_return,105.0
11670,episodic_length,106.0
11725,episodic_return,53.0
11725,episodic_length,54.0
11788,episodic_return,61.0
11788,episodic_length,62.0
11843,episodic_return,53.0
11843,episodic_length,54.0
11903,episodic_return,58.0
11903,episodic_length,59.0
11979,episodic_return,74.0
11979,episodic_length,75.0
12026,episodic_return,45.0
12026,episodic_length,46.0
12040,episodic_return,12.0
12040,episodic_length,13.0
12113,episodic_return,71.0
12113,episodic_length,72.0
12198,episodic_return,83.0
12198,episodic_length,84.0
12211,episodic_return,11.0
12211,episodic_length,12.0
12288,value_loss,0.2373427450656891
12288,policy_loss,3.978610038757324e-06
12288,approx_kl,0.004673391580581665
12288,clipfrac,0.059716796875
12288,explained_variance,0.17189186811447144
12288,sps,542.0
12292,episodic_return,79.0
12292,episodic_length,80.0
12323,episodic_return,29.0
12323,episodic_length,30.0
12336,episodic_return,11.0
12336,episodic_length,12.0
12355,episodic_return,17.0
12355,episodic_length,18.0
12409,episodic_return,52.0
12409,episodic_length,53.0
12471,episodic_return,60.0
12471,episodic_length,61.0
12574,episodic_return,101.0
12574,episodic_length,102.0
12633,episodic_return,57.0
12633,episodic_length,58.0
12655,episodic_return,20.0
12655,episodic_length,21.0
12708,episodic_return,51.0
12708,episodic_length,52.0
12788,episodic_return,78.0
12788,episodic_length,79.0
12846,episodic_return,56.0
12846,episodic_length,57.0
12941,episodic_return,93.0
12941,episodic_length,94.0
13015,episodic_return,72.0
13015,episodic_length,73.0
13134,episodic_return,117.0
13134,episodic_length,118.0
13237,episodic_return,101.0
13237,episodic_length,102.0
13351,episodic_return,112.0
13351,episodic_length,113.0
13415,episodic_return,62.0
13415,episodic_length,63.0
13476,episodic_return,59.0
13476,episodic_length,60.0
13597,episodic_return,119.0
13597,episodic_length,120.0
13668,episodic_return,69.0
13668,episodic_length,70.0
13749,episodic_return,79.0
13749,episodic_length,80.0
13866,episodic_return,115.0
13866,episodic_length,116.0
13936,episodic_return,68.0
13936,episodic_length,69.0
13989,episodic_return,51.0
13989,episodic_length,52.0
14066,episodic_return,75.0
14066,episodic_length,76.0
14095,episodic_return,27.0
14095,episodic_length,28.0
14115,episodic_return,18.0
14115,episodic_length,19.0
14249,episodic_return,132.0
14249,episodic_length,133.0
14336,value_loss,0.1344258338212967
14336,policy_loss,-0.02224031835794449
14336,approx_kl,0.002970426343381405
14336,clipfrac,0.04931640625
14336,explained_variance,0.3201303482055664
14336,sps,545.0
14348,episodic_return,97.0
14348,episodic_length,98.0
14442,episodic_return,92.0
14442,episodic_length,93.0
14529,episodic_return,85.0
14529,episodic_length,86.0
14574,episodic_return,43.0
14574,episodic_length,44.0
14628,episodic_return,52.0
14628,episodic_length,53.0
14705,episodic_return,75.0
14705,episodic_length,76.0
14755,episodic_return,48.0
14755,episodic_length,49.0
14848,episodic_return,91.0
14848,episodic_length,92.0
14944,episodic_return,94.0
14944,episodic_length,95.0
15051,episodic_return,105.0
15051,episodic_length,106.0
15183,episodic_return,130.0
15183,episodic_length,131.0
15531,episodic_return,346.0
15531,episodic_length,347.0
15608,episodic_return,75.0
15608,episodic_length,76.0
15660,episodic_return,50.0
15660,episodic_length,51.0
15864,episodic_return,202.0
15864,episodic_length,203.0
15988,episodic_return,122.0
15988,episodic_length,123.0
16261,episodic_return,271.0
16261,episodic_length,272.0
16331,episodic_return,68.0
16331,episodic_length,69.0
16384,value_loss,0.08933413773775101
16384,policy_loss,-0.012774411588907242
16384,approx_kl,0.004189319908618927
16384,clipfrac,0.054052734375
16384,explained_variance,0.49558186531066895
16384,sps,548.0
16424,episodic_return,91.0
16424,episodic_length,92.0
16539,episodic_return,113.0
16539,episodic_length,114.0
16629,episodic_return,88.0
16629,episodic_length,89.0
16699,episodic_return,68.0
16699,episodic_length,69.0
16812,episodic_return,111.0
16812,episodic_length,112.0
16892,episodic_return,78.0
16892,episodic_length,79.0
16944,episodic_return,50.0
16944,episodic_length,51.0
16996,episodic_return,50.0
16996,episodic_length,51.0
17140,episodic_return,142.0
17140,episodic_length,143.0
17243,episodic_return,101.0
17243,episodic_length,102.0
17341,episodic_return,96.0
17341,episodic_length,97.0
17481,episodic_return,138.0
17481,episodic_length,139.0
17545,episodic_return,62.0
17545,episodic_length,63.0
17698,episodic_return,151.0
17698,episodic_length,152.0
17791,episodic_return,91.0
17791,episodic_length,92.0
18031,episodic_return,238.0
18031,episodic_length,239.0
18097,episodic_return,64.0
18097,episodic_length,65.0
18186,episodic_return,87.0
18186,episodic_length,88.0
18271,episodic_return,83.0
18271,episodic_length,84.0
18366,episodic_return,93.0
18366,episodic_length,94.0
18428,episodic_return,60.0
18428,episodic_length,61.0
18432,value_loss,0.02232974022626877
18432,policy_loss,-0.008919524028897285
18432,approx_kl,0.005378267727792263
18432,clipfrac,0.081494140625
18432,explained_variance,0.7026939392089844
18432,sps,548.0
18520,episodic_return,90.0
18520,episodic_length,91.0
18682,episodic_return,160.0
18682,episodic_length,161.0
18901,episodic_return,217.0
18901,episodic_length,218.0
18985,episodic_return,82.0
18985,episodic_length,83.0
19117,episodic_return,130.0
19117,episodic_length,131.0
19204,episodic_return,85.0
19204,episodic_length,86.0
19277,episodic_return,71.0
19277,episodic_length,72.0
19373,episodic_return,94.0
19373,episodic_length,95.0
19479,episodic_return,104.0
19479,episodic_length,105.0
19571,episodic_return,90.0
19571,episodic_length,91.0
19855,episodic_return,282.0
19855,episodic_length,283.0
19990,episodic_return,133.0
19990,episodic_length,134.0
20321,episodic_return,329.0
20321,episodic_length,330.0
20402,episodic_return,79.0
20402,episodic_length,80.0
20480,value_loss,0.04762621968984604
20480,policy_loss,-0.027585111558437347
20480,approx_kl,0.008308622986078262
20480,clipfrac,0.100146484375
20480,explained_variance,0.7775257527828217
20480,sps,551.0
20502,episodic_return,98.0
20502,episodic_length,99.0
20655,episodic_return,151.0
20655,episodic_length,152.0
20798,episodic_return,141.0
20798,episodic_length,142.0
20976,episodic_return,176.0
20976,episodic_length,177.0
21380,episodic_return,402.0
21380,episodic_length,403.0
21781,episodic_return,399.0
21781,episodic_length,400.0
22028,episodic_return,245.0
22028,episodic_length,246.0
22330,episodic_return,300.0
22330,episodic_length,301.0
22528,value_loss,0.01227385550737381
22528,policy_loss,-0.001629948616027832
22528,approx_kl,0.007646084763109684
22528,clipfrac,0.08955078125
22528,explained_variance,0.7839230448007584
22528,sps,557.0
22725,episodic_return,393.0
22725,episodic_length,394.0
22883,episodic_return,156.0
22883,episodic_length,157.0
23513,episodic_return,628.0
23513,episodic_length,629.0
24514,episodic_return,1000.0
24514,episodic_length,1000.0
24576,value_loss,0.039400503039360046
24576,policy_loss,-0.02095954492688179
24576,approx_kl,0.00595351867377758
24576,clipfrac,0.065380859375
24576,explained_variance,0.3165895342826843
24576,sps,559.0
24907,episodic_return,391.0
24907,episodic_length,392.0
25908,episodic_return,1000.0
25908,episodic_length,1000.0
26624,value_loss,0.05937584489583969
26624,policy_loss,-0.015329994261264801
26624,approx_kl,0.012214514426887035
26624,clipfrac,0.07177734375
26624,explained_variance,-0.010923385620117188
26624,sps,558.0
26909,episodic_return,1000.0
26909,episodic_length,1000.0
27910,episodic_return,1000.0
27910,episodic_length,1000.0
28672,value_loss,0.006638897582888603
28672,policy_loss,0.004890933632850647
28672,approx_kl,0.009866210632026196
28672,clipfrac,0.076513671875
28672,explained_variance,0.07152944803237915
28672,sps,565.0
28911,episodic_return,1000.0
28911,episodic_length,1000.0
29912,episodic_return,1000.0
29912,episodic_length,1000.0
30720,value_loss,0.04187439754605293
30720,policy_loss,0.0060262903571128845
30720,approx_kl,0.006260504946112633
30720,clipfrac,0.056005859375
30720,explained_variance,0.014234304428100586
30720,sps,565.0
30913,episodic_return,1000.0
30913,episodic_length,1000.0
31914,episodic_return,1000.0
31914,episodic_length,1000.0
32768,value_loss,0.019052505493164062
32768,policy_loss,-0.005519680678844452
32768,approx_kl,0.007627658545970917
32768,clipfrac,0.084130859375
32768,explained_variance,0.014659702777862549
32768,sps,565.0
32915,episodic_return,1000.0
32915,episodic_length,1000.0
33060,episodic_return,143.0
33060,episodic_length,144.0
34061,episodic_return,1000.0
34061,episodic_length,1000.0
34816,value_loss,0.004331197589635849
34816,policy_loss,-0.011839186772704124
34816,approx_kl,0.002445632591843605
34816,clipfrac,0.024755859375
34816,explained_variance,0.04381924867630005
34816,sps,565.0
35062,episodic_return,1000.0
35062,episodic_length,1000.0
36063,episodic_return,1000.0
36063,episodic_length,1000.0
36864,value_loss,0.06421662122011185
36864,policy_loss,-0.007804321125149727
36864,approx_kl,0.009011325426399708
36864,clipfrac,0.06474609375
36864,explained_variance,-0.02063286304473877
36864,sps,566.0
37064,episodic_return,1000.0
37064,episodic_length,1000.0
38065,episodic_return,1000.0
38065,episodic_length,1000.0
38912,value_loss,0.002966182539239526
38912,policy_loss,-0.01740652322769165
38912,approx_kl,0.002711552195250988
38912,clipfrac,0.05107421875
38912,explained_variance,-0.042317986488342285
38912,sps,566.0
39066,episodic_return,1000.0
39066,episodic_length,1000.0
40067,episodic_return,1000.0
40067,episodic_length,1000.0
40960,value_loss,0.0022740550339221954
40960,policy_loss,-0.002215929329395294
40960,approx_kl,0.0010470617562532425
40960,clipfrac,0.025732421875
40960,explained_variance,0.01522451639175415
40960,sps,566.0
41068,episodic_return,1000.0
41068,episodic_length,1000.0
42069,episodic_return,1000.0
42069,episodic_length,1000.0
43008,value_loss,0.01596239022910595
43008,policy_loss,0.006781257688999176
43008,approx_kl,0.0021912138909101486
43008,clipfrac,0.026611328125
43008,explained_variance,-0.03156149387359619
43008,sps,569.0
43070,episodic_return,1000.0
43070,episodic_length,1000.0
44071,episodic_return,1000.0
44071,episodic_length,1000.0
45056,value_loss,0.01115610171109438
45056,policy_loss,0.017200686037540436
45056,approx_kl,0.009165373630821705
45056,clipfrac,0.0732421875
45056,explained_variance,-0.02492976188659668
45056,sps,570.0
45072,episodic_return,1000.0
45072,episodic_length,1000.0
46073,episodic_return,1000.0
46073,episodic_length,1000.0
47074,episodic_return,1000.0
47074,episodic_length,1000.0
47104,value_loss,0.024130092933773994
47104,policy_loss,0.0031209737062454224
47104,approx_kl,0.004572087898850441
47104,clipfrac,0.047265625
47104,explained_variance,-0.04701089859008789
47104,sps,574.0
48075,episodic_return,1000.0
48075,episodic_length,1000.0
49076,episodic_return,1000.0
49076,episodic_length,1000.0
49152,value_loss,0.018258050084114075
49152,policy_loss,-0.004776857793331146
49152,approx_kl,0.008678320795297623
49152,clipfrac,0.117822265625
49152,explained_variance,-0.013463735580444336
49152,sps,576.0
50077,episodic_return,1000.0
50077,episodic_length,1000.0
51078,episodic_return,1000.0
51078,episodic_length,1000.0
51200,value_loss,0.010981847532093525
51200,policy_loss,0.003124713897705078
51200,approx_kl,0.004394237883388996
51200,clipfrac,0.092578125
51200,explained_variance,0.015824556350708008
51200,sps,577.0
52079,episodic_return,1000.0
52079,episodic_length,1000.0
53080,episodic_return,1000.0
53080,episodic_length,1000.0
53248,value_loss,0.02578037418425083
53248,policy_loss,0.011958196759223938
53248,approx_kl,0.01388203538954258
53248,clipfrac,0.096484375
53248,explained_variance,0.008813619613647461
53248,sps,577.0
54081,episodic_return,1000.0
54081,episodic_length,1000.0
55082,episodic_return,1000.0
55082,episodic_length,1000.0
55296,value_loss,0.03546690568327904
55296,policy_loss,0.01168718934059143
55296,approx_kl,0.0012317216023802757
55296,clipfrac,0.02626953125
55296,explained_variance,-0.05025124549865723
55296,sps,577.0
56083,episodic_return,1000.0
56083,episodic_length,1000.0
56355,episodic_return,270.0
56355,episodic_length,271.0
57344,value_loss,0.05389507859945297
57344,policy_loss,0.0023031681776046753
57344,approx_kl,0.002020486630499363
57344,clipfrac,0.018798828125
57344,explained_variance,-0.036606669425964355
57344,sps,576.0
57356,episodic_return,1000.0
57356,episodic_length,1000.0
58357,episodic_return,1000.0
58357,episodic_length,1000.0
59358,episodic_return,1000.0
59358,episodic_length,1000.0
59392,value_loss,0.015838509425520897
59392,policy_loss,-0.020991772413253784
59392,approx_kl,0.012174488045275211
59392,clipfrac,0.068310546875
59392,explained_variance,-0.02216804027557373
59392,sps,576.0
60359,episodic_return,1000.0
60359,episodic_length,1000.0
61360,episodic_return,1000.0
61360,episodic_length,1000.0
61440,value_loss,0.029434626922011375
61440,policy_loss,0.03540177643299103
61440,approx_kl,0.004281907342374325
61440,clipfrac,0.046142578125
61440,explained_variance,-0.0011203289031982422
61440,sps,575.0
62361,episodic_return,1000.0
62361,episodic_length,1000.0
62545,episodic_return,182.0
62545,episodic_length,183.0
63488,value_loss,0.05848497152328491
63488,policy_loss,-0.014340981841087341
63488,approx_kl,0.01076548732817173
63488,clipfrac,0.083984375
63488,explained_variance,-0.00806283950805664
63488,sps,575.0
63546,episodic_return,1000.0
63546,episodic_length,1000.0
64547,episodic_return,1000.0
64547,episodic_length,1000.0
65536,value_loss,0.01704544946551323
65536,policy_loss,-0.027953702956438065
65536,approx_kl,0.006280815228819847
65536,clipfrac,0.0265625
65536,explained_variance,-0.019122600555419922
65536,sps,575.0
65548,episodic_return,1000.0
65548,episodic_length,1000.0
66549,episodic_return,1000.0
66549,episodic_length,1000.0
67550,episodic_return,1000.0
67550,episodic_length,1000.0
67584,value_loss,0.014381003566086292
67584,policy_loss,0.0038726963102817535
67584,approx_kl,0.002052593044936657
67584,clipfrac,0.048876953125
67584,explained_variance,-0.025829315185546875
67584,sps,577.0
68551,episodic_return,1000.0
68551,episodic_length,1000.0
68589,episodic_return,36.0
68589,episodic_length,37.0
69590,episodic_return,1000.0
69590,episodic_length,1000.0
69632,value_loss,0.03726879879832268
69632,policy_loss,0.007959432899951935
69632,approx_kl,0.0038966117426753044
69632,clipfrac,0.0537109375
69632,explained_variance,-0.0051670074462890625
69632,sps,577.0
70591,episodic_return,1000.0
70591,episodic_length,1000.0
71170,episodic_return,577.0
71170,episodic_length,578.0
71680,value_loss,0.0251508466899395
71680,policy_loss,0.011925522238016129
71680,approx_kl,0.008029674179852009
71680,clipfrac,0.07138671875
71680,explained_variance,-0.03670763969421387
71680,sps,576.0
72171,episodic_return,1000.0
72171,episodic_length,1000.0
73172,episodic_return,1000.0
73172,episodic_length,1000.0
73728,value_loss,0.011299149133265018
73728,policy_loss,0.004780758172273636
73728,approx_kl,0.005544055253267288
73728,clipfrac,0.05654296875
73728,explained_variance,-0.02208232879638672
73728,sps,575.0
74173,episodic_return,1000.0
74173,episodic_length,1000.0
75174,episodic_return,1000.0
75174,episodic_length,1000.0
75776,value_loss,0.010637108236551285
75776,policy_loss,0.0046538859605789185
75776,approx_kl,0.0027751950547099113
75776,clipfrac,0.0591796875
75776,explained_variance,-0.04135763645172119
75776,sps,575.0
76175,episodic_return,1000.0
76175,episodic_length,1000.0
77176,episodic_return,1000.0
77176,episodic_length,1000.0
77824,value_loss,0.02490239590406418
77824,policy_loss,0.06380754709243774
77824,approx_kl,0.010735099203884602
77824,clipfrac,0.039697265625
77824,explained_variance,0.0010232925415039062
77824,sps,574.0
78177,episodic_return,1000.0
78177,episodic_length,1000.0
79178,episodic_return,1000.0
79178,episodic_length,1000.0
79872,value_loss,0.02941318042576313
79872,policy_loss,-0.028993703424930573
79872,approx_kl,0.007355840876698494
79872,clipfrac,0.07265625
79872,explained_variance,-0.006312251091003418
79872,sps,576.0
80179,episodic_return,1000.0
80179,episodic_length,1000.0
81180,episodic_return,1000.0
81180,episodic_length,1000.0
81920,value_loss,0.006213181186467409
81920,policy_loss,0.003001689910888672
81920,approx_kl,0.00499308854341507
81920,clipfrac,0.0591796875
81920,explained_variance,-0.009365320205688477
81920,sps,575.0
82181,episodic_return,1000.0
82181,episodic_length,1000.0
83182,episodic_return,1000.0
83182,episodic_length,1000.0
83968,value_loss,0.007352832704782486
83968,policy_loss,0.000748954713344574
83968,approx_kl,0.004086838103830814
83968,clipfrac,0.052392578125
83968,explained_variance,-0.03498351573944092
83968,sps,575.0
84183,episodic_return,1000.0
84183,episodic_length,1000.0
85184,episodic_return,1000.0
85184,episodic_length,1000.0
86016,value_loss,0.025414474308490753
86016,policy_loss,0.002033531665802002
86016,approx_kl,0.003736126236617565
86016,clipfrac,0.050830078125
86016,explained_variance,0.03600931167602539
86016,sps,575.0
86185,episodic_return,1000.0
86185,episodic_length,1000.0
87186,episodic_return,1000.0
87186,episodic_length,1000.0
88064,value_loss,0.002014514058828354
88064,policy_loss,0.028478294610977173
88064,approx_kl,0.006603444926440716
88064,clipfrac,0.05146484375
88064,explained_variance,-0.04461669921875
88064,sps,575.0
88187,episodic_return,1000.0
88187,episodic_length,1000.0
89188,episodic_return,1000.0
89188,episodic_length,1000.0
90112,value_loss,0.011334468610584736
90112,policy_loss,-0.005367361009120941
90112,approx_kl,0.0013723066076636314
90112,clipfrac,0.0302734375
90112,explained_variance,0.020832479000091553
90112,sps,576.0
90189,episodic_return,1000.0
90189,episodic_length,1000.0
90196,episodic_return,5.0
90196,episodic_length,6.0
91197,episodic_return,1000.0
91197,episodic_length,1000.0
92160,value_loss,0.032536350190639496
92160,policy_loss,0.00859154760837555
92160,approx_kl,0.008375879377126694
92160,clipfrac,0.064892578125
92160,explained_variance,-0.024567484855651855
92160,sps,578.0
92198,episodic_return,1000.0
92198,episodic_length,1000.0
93199,episodic_return,1000.0
93199,episodic_length,1000.0
94200,episodic_return,1000.0
94200,episodic_length,1000.0
94208,value_loss,0.01392478495836258
94208,policy_loss,-0.013574857264757156
94208,approx_kl,0.005417186766862869
94208,clipfrac,0.052392578125
94208,explained_variance,-0.0019196271896362305
94208,sps,580.0
95201,episodic_return,1000.0
95201,episodic_length,1000.0
96202,episodic_return,1000.0
96202,episodic_length,1000.0
96256,value_loss,0.02866293117403984
96256,policy_loss,-0.008596237748861313
96256,approx_kl,0.014304676093161106
96256,clipfrac,0.19326171875
96256,explained_variance,-0.019304275512695312
96256,sps,581.0
97203,episodic_return,1000.0
97203,episodic_length,1000.0
98204,episodic_return,1000.0
98204,episodic_length,1000.0
98304,value_loss,0.038844749331474304
98304,policy_loss,0.0868508517742157
98304,approx_kl,0.012486019171774387
98304,clipfrac,0.091943359375
98304,explained_variance,-0.004751682281494141
98304,sps,581.0
99205,episodic_return,1000.0
99205,episodic_length,1000.0
100206,episodic_return,1000.0
100206,episodic_length,1000.0
100352,value_loss,0.04434172809123993
100352,policy_loss,-0.008412357419729233
100352,approx_kl,0.004003563895821571
100352,clipfrac,0.076953125
100352,explained_variance,0.0346866250038147
100352,sps,581.0
101207,episodic_return,1000.0
101207,episodic_length,1000.0
102208,episodic_return,1000.0
102208,episodic_length,1000.0
102400,value_loss,0.01765212044119835
102400,policy_loss,-0.010360587388277054
102400,approx_kl,0.006474718451499939
102400,clipfrac,0.039453125
102400,explained_variance,-0.045798540115356445
102400,sps,583.0
103209,episodic_return,1000.0
103209,episodic_length,1000.0
104210,episodic_return,1000.0
104210,episodic_length,1000.0
104448,value_loss,0.0019848509691655636
104448,policy_loss,0.011899497359991074
104448,approx_kl,0.00317973829805851
104448,clipfrac,0.023486328125
104448,explained_variance,-0.02194809913635254
104448,sps,582.0
105211,episodic_return,1000.0
105211,episodic_length,1000.0
106212,episodic_return,1000.0
106212,episodic_length,1000.0
106496,value_loss,0.012118658982217312
106496,policy_loss,0.016001418232917786
106496,approx_kl,0.0034207571297883987
106496,clipfrac,0.020849609375
106496,explained_variance,-0.031945109367370605
106496,sps,582.0
107213,episodic_return,1000.0
107213,episodic_length,1000.0
107861,episodic_return,646.0
107861,episodic_length,647.0
108544,value_loss,0.006828725337982178
108544,policy_loss,-0.011827198788523674
108544,approx_kl,0.004387025721371174
108544,clipfrac,0.0470703125
108544,explained_variance,0.023406565189361572
108544,sps,582.0
108862,episodic_return,1000.0
108862,episodic_length,1000.0
109459,episodic_return,595.0
109459,episodic_length,596.0
110460,episodic_return,1000.0
110460,episodic_length,1000.0
110592,value_loss,0.06533562391996384
110592,policy_loss,-0.023187872022390366
110592,approx_kl,0.0035884762182831764
110592,clipfrac,0.03291015625
110592,explained_variance,-0.013867855072021484
110592,sps,582.0
111461,episodic_return,1000.0
111461,episodic_length,1000.0
112462,episodic_return,1000.0
112462,episodic_length,1000.0
112640,value_loss,0.10031366348266602
112640,policy_loss,-0.011358082294464111
112640,approx_kl,0.0014062859117984772
112640,clipfrac,0.039794921875
112640,explained_variance,-0.027687907218933105
112640,sps,583.0
113463,episodic_return,1000.0
113463,episodic_length,1000.0
114464,episodic_return,1000.0
114464,episodic_length,1000.0
114688,value_loss,0.020410902798175812
114688,policy_loss,0.006163164973258972
114688,approx_kl,0.0014428561553359032
114688,clipfrac,0.0525390625
114688,explained_variance,-0.032158613204956055
114688,sps,584.0
115465,episodic_return,1000.0
115465,episodic_length,1000.0
116466,episodic_return,1000.0
116466,episodic_length,1000.0
116736,value_loss,0.05510155111551285
116736,policy_loss,0.035810526460409164
116736,approx_kl,0.008046021685004234
116736,clipfrac,0.031689453125
116736,explained_variance,-0.0021538734436035156
116736,sps,584.0
117467,episodic_return,1000.0
117467,episodic_length,1000.0
118468,episodic_return,1000.0
118468,episodic_length,1000.0
118784,value_loss,0.06825949996709824
118784,policy_loss,0.004992377012968063
118784,approx_kl,0.002148509956896305
118784,clipfrac,0.015087890625
118784,explained_variance,-0.014696002006530762
118784,sps,584.0
119469,episodic_return,1000.0
119469,episodic_length,1000.0
120470,episodic_return,1000.0
120470,episodic_length,1000.0
120596,episodic_return,124.0
120596,episodic_length,125.0
120832,value_loss,0.06340709328651428
120832,policy_loss,0.004381701350212097
120832,approx_kl,0.0021772710606455803
120832,clipfrac,0.028271484375
120832,explained_variance,0.006980419158935547
120832,sps,584.0
121597,episodic_return,1000.0
121597,episodic_length,1000.0
122598,episodic_return,1000.0
122598,episodic_length,1000.0
122880,value_loss,0.053843993693590164
122880,policy_loss,-0.01862378418445587
122880,approx_kl,0.005204076878726482
122880,clipfrac,0.10537109375
122880,explained_variance,-0.057970404624938965
122880,sps,583.0
123104,episodic_return,504.0
123104,episodic_length,505.0
124105,episodic_return,1000.0
124105,episodic_length,1000.0
124928,value_loss,0.025049975141882896
124928,policy_loss,-0.022071175277233124
124928,approx_kl,0.005222096107900143
124928,clipfrac,0.093798828125
124928,explained_variance,0.09587055444717407
124928,sps,583.0
125106,episodic_return,1000.0
125106,episodic_length,1000.0
126107,episodic_return,1000.0
126107,episodic_length,1000.0
126976,value_loss,0.003001066856086254
126976,policy_loss,-0.011677611619234085
126976,approx_kl,0.0066876523196697235
126976,clipfrac,0.0501953125
126976,explained_variance,0.003854215145111084
126976,sps,583.0
127108,episodic_return,1000.0
127108,episodic_length,1000.0
128109,episodic_return,1000.0
128109,episodic_length,1000.0
128843,episodic_return,732.0
128843,episodic_length,733.0
129024,value_loss,0.05816512554883957
129024,policy_loss,-0.0029538869857788086
129024,approx_kl,0.004497016780078411
129024,clipfrac,0.0615234375
129024,explained_variance,0.02582228183746338
129024,sps,583.0
129844,episodic_return,1000.0
129844,episodic_length,1000.0
130845,episodic_return,1000.0
130845,episodic_length,1000.0
131072,value_loss,0.06993995606899261
131072,policy_loss,-0.021847791969776154
131072,approx_kl,0.0034499624744057655
131072,clipfrac,0.081396484375
131072,explained_variance,-0.011896610260009766
131072,sps,584.0
131846,episodic_return,1000.0
131846,episodic_length,1000.0
132847,episodic_return,1000.0
132847,episodic_length,1000.0
133120,value_loss,0.04098740965127945
133120,policy_loss,0.002497151494026184
133120,approx_kl,0.003062887117266655
133120,clipfrac,0.04501953125
133120,explained_variance,0.0008200407028198242
133120,sps,585.0
133848,episodic_return,1000.0
133848,episodic_length,1000.0
134849,episodic_return,1000.0
134849,episodic_length,1000.0
135168,value_loss,0.013644695281982422
135168,policy_loss,-0.018118537962436676
135168,approx_kl,0.004802408628165722
135168,clipfrac,0.050537109375
135168,explained_variance,0.040951550006866455
135168,sps,584.0
135850,episodic_return,1000.0
135850,episodic_length,1000.0
136851,episodic_return,1000.0
136851,episodic_length,1000.0
137168,episodic_return,315.0
137168,episodic_length,316.0
137216,value_loss,0.0022785167675465345
137216,policy_loss,0.008319888263940811
137216,approx_kl,0.003656097687780857
137216,clipfrac,0.046875
137216,explained_variance,-0.011509537696838379
137216,sps,584.0
138169,episodic_return,1000.0
138169,episodic_length,1000.0
139170,episodic_return,1000.0
139170,episodic_length,1000.0
139264,value_loss,0.009135632775723934
139264,policy_loss,-0.005021695047616959
139264,approx_kl,0.0025526834651827812
139264,clipfrac,0.06064453125
139264,explained_variance,0.029828369617462158
139264,sps,584.0
140171,episodic_return,1000.0
140171,episodic_length,1000.0
141172,episodic_return,1000.0
141172,episodic_length,1000.0
141312,value_loss,0.003501269966363907
141312,policy_loss,0.004665110260248184
141312,approx_kl,0.010954486206173897
141312,clipfrac,0.10810546875
141312,explained_variance,0.004763007164001465
141312,sps,584.0
142173,episodic_return,1000.0
142173,episodic_length,1000.0
143174,episodic_return,1000.0
143174,episodic_length,1000.0
143360,value_loss,0.03493376076221466
143360,policy_loss,-0.012511350214481354
143360,approx_kl,0.004309292882680893
143360,clipfrac,0.07080078125
143360,explained_variance,0.005958497524261475
143360,sps,584.0
144175,episodic_return,1000.0
144175,episodic_length,1000.0
145176,episodic_return,1000.0
145176,episodic_length,1000.0
145408,value_loss,0.005967095959931612
145408,policy_loss,-0.0015778765082359314
145408,approx_kl,0.0021401578560471535
145408,clipfrac,0.031689453125
145408,explained_variance,-0.005033612251281738
145408,sps,584.0
146177,episodic_return,1000.0
146177,episodic_length,1000.0
147178,episodic_return,1000.0
147178,episodic_length,1000.0
147456,value_loss,0.0486518070101738
147456,policy_loss,0.00022514909505844116
147456,approx_kl,0.003209221176803112
147456,clipfrac,0.0599609375
147456,explained_variance,0.008268237113952637
147456,sps,584.0
148179,episodic_return,1000.0
148179,episodic_length,1000.0
149180,episodic_return,1000.0
149180,episodic_length,1000.0
149504,value_loss,0.04823699966073036
149504,policy_loss,0.030936218798160553
149504,approx_kl,0.010790679603815079
149504,clipfrac,0.07158203125
149504,explained_variance,0.06613713502883911
149504,sps,584.0
150181,episodic_return,1000.0
150181,episodic_length,1000.0
151182,episodic_return,1000.0
151182,episodic_length,1000.0
151552,value_loss,0.06294697523117065
151552,policy_loss,-0.0028557516634464264
151552,approx_kl,0.008708645589649677
151552,clipfrac,0.060595703125
151552,explained_variance,-0.17643952369689941
151552,sps,584.0
151643,episodic_return,459.0
151643,episodic_length,460.0
152644,episodic_return,1000.0
152644,episodic_length,1000.0
153600,value_loss,0.013372473418712616
153600,policy_loss,-0.009022511541843414
153600,approx_kl,0.008815834298729897
153600,clipfrac,0.0615234375
153600,explained_variance,0.037621378898620605
153600,sps,584.0
153645,episodic_return,1000.0
153645,episodic_length,1000.0
154646,episodic_return,1000.0
154646,episodic_length,1000.0
155408,episodic_return,760.0
155408,episodic_length,761.0
155648,value_loss,0.047405824065208435
155648,policy_loss,0.005957886576652527
155648,approx_kl,0.002711932174861431
155648,clipfrac,0.052978515625
155648,explained_variance,0.0895509123802185
155648,sps,584.0
155778,episodic_return,368.0
155778,episodic_length,369.0
156779,episodic_return,1000.0
156779,episodic_length,1000.0
157696,value_loss,0.014643397182226181
157696,policy_loss,-0.014422662556171417
157696,approx_kl,0.009184146299958229
157696,clipfrac,0.15068359375
157696,explained_variance,0.08068829774856567
157696,sps,585.0
157780,episodic_return,1000.0
157780,episodic_length,1000.0
158781,episodic_return,1000.0
158781,episodic_length,1000.0
159744,value_loss,0.052754323929548264
159744,policy_loss,0.015963077545166016
159744,approx_kl,0.019094059243798256
159744,clipfrac,0.14775390625
159744,explained_variance,0.19139379262924194
159744,sps,585.0
159782,episodic_return,1000.0
159782,episodic_length,1000.0
160783,episodic_return,1000.0
160783,episodic_length,1000.0
161784,episodic_return,1000.0
161784,episodic_length,1000.0
161792,value_loss,0.08814819157123566
161792,policy_loss,0.0052840132266283035
161792,approx_kl,0.010844770818948746
161792,clipfrac,0.143017578125
161792,explained_variance,0.023833394050598145
161792,sps,585.0
161933,episodic_return,147.0
161933,episodic_length,148.0
162934,episodic_return,1000.0
162934,episodic_length,1000.0
163840,value_loss,0.02495155856013298
163840,policy_loss,-0.019779950380325317
163840,approx_kl,0.012433615513145924
163840,clipfrac,0.135302734375
163840,explained_variance,0.031340181827545166
163840,sps,585.0
163935,episodic_return,1000.0
163935,episodic_length,1000.0
164357,episodic_return,420.0
164357,episodic_length,421.0
165358,episodic_return,1000.0
165358,episodic_length,1000.0
165611,episodic_return,251.0
165611,episodic_length,252.0
165814,episodic_return,201.0
165814,episodic_length,202.0
165888,value_loss,0.07857349514961243
165888,policy_loss,0.014949895441532135
165888,approx_kl,0.0036496277898550034
165888,clipfrac,0.06796875
165888,explained_variance,0.02123028039932251
165888,sps,584.0
166813,episodic_return,997.0
166813,episodic_length,998.0
167814,episodic_return,1000.0
167814,episodic_length,1000.0
167936,value_loss,0.07851901650428772
167936,policy_loss,-0.02340693399310112
167936,approx_kl,0.005139444023370743
167936,clipfrac,0.06181640625
167936,explained_variance,0.016536474227905273
167936,sps,584.0
168745,episodic_return,929.0
168745,episodic_length,930.0
169746,episodic_return,1000.0
169746,episodic_length,1000.0
169984,value_loss,0.09765584766864777
169984,policy_loss,-0.012256301939487457
169984,approx_kl,0.004156589508056641
169984,clipfrac,0.066796875
169984,explained_variance,0.0061759352684021
169984,sps,585.0
170234,episodic_return,486.0
170234,episodic_length,487.0
171235,episodic_return,1000.0
171235,episodic_length,1000.0
172032,value_loss,0.057539455592632294
172032,policy_loss,-0.01562982238829136
172032,approx_kl,0.004682724364101887
172032,clipfrac,0.084228515625
172032,explained_variance,0.03362166881561279
172032,sps,585.0
172236,episodic_return,1000.0
172236,episodic_length,1000.0
173237,episodic_return,1000.0
173237,episodic_length,1000.0
174080,value_loss,0.056014999747276306
174080,policy_loss,-0.023033902049064636
174080,approx_kl,0.011087851598858833
174080,clipfrac,0.111376953125
174080,explained_variance,0.08662301301956177
174080,sps,585.0
174238,episodic_return,1000.0
174238,episodic_length,1000.0
175239,episodic_return,1000.0
175239,episodic_length,1000.0
176128,value_loss,0.01336519606411457
176128,policy_loss,-0.02754122018814087
176128,approx_kl,0.012719479389488697
176128,clipfrac,0.120068359375
176128,explained_variance,0.1755179762840271
176128,sps,585.0
176240,episodic_return,1000.0
176240,episodic_length,1000.0
177241,episodic_return,1000.0
177241,episodic_length,1000.0
178176,value_loss,0.044531773775815964
178176,policy_loss,-0.013053540140390396
178176,approx_kl,0.005993892438709736
178176,clipfrac,0.115771484375
178176,explained_variance,0.09763753414154053
178176,sps,586.0
178242,episodic_return,1000.0
178242,episodic_length,1000.0
178577,episodic_return,333.0
178577,episodic_length,334.0
179578,episodic_return,1000.0
179578,episodic_length,1000.0
180224,value_loss,0.037967972457408905
180224,policy_loss,0.015910159796476364
180224,approx_kl,0.004597955383360386
180224,clipfrac,0.048974609375
180224,explained_variance,-0.06085991859436035
180224,sps,586.0
180579,episodic_return,1000.0
180579,episodic_length,1000.0
181580,episodic_return,1000.0
181580,episodic_length,1000.0
182272,value_loss,0.002450167667120695
182272,policy_loss,0.004765450954437256
182272,approx_kl,0.007398029789328575
182272,clipfrac,0.035107421875
182272,explained_variance,0.012537658214569092
182272,sps,586.0
182581,episodic_return,1000.0
182581,episodic_length,1000.0
183582,episodic_return,1000.0
183582,episodic_length,1000.0
184320,value_loss,0.030030496418476105
184320,policy_loss,0.0014706030488014221
184320,approx_kl,0.008879735134541988
184320,clipfrac,0.070166015625
184320,explained_variance,0.04940080642700195
184320,sps,586.0
184583,episodic_return,1000.0
184583,episodic_length,1000.0
185584,episodic_return,1000.0
185584,episodic_length,1000.0
186368,value_loss,0.04432528465986252
186368,policy_loss,-0.012610603123903275
186368,approx_kl,0.004442468285560608
186368,clipfrac,0.081396484375
186368,explained_variance,0.04854196310043335
186368,sps,585.0
186585,episodic_return,1000.0
186585,episodic_length,1000.0
187586,episodic_return,1000.0
187586,episodic_length,1000.0
188416,value_loss,0.14896367490291595
188416,policy_loss,-0.022166065871715546
188416,approx_kl,0.01070387102663517
188416,clipfrac,0.11650390625
188416,explained_variance,-0.032775163650512695
188416,sps,585.0
188587,episodic_return,1000.0
188587,episodic_length,1000.0
189588,episodic_return,1000.0
189588,episodic_length,1000.0
190464,value_loss,0.036298856139183044
190464,policy_loss,-0.0005208738148212433
190464,approx_kl,0.004296270199120045
190464,clipfrac,0.037060546875
190464,explained_variance,-0.006242632865905762
190464,sps,585.0
190589,episodic_return,1000.0
190589,episodic_length,1000.0
191590,episodic_return,1000.0
191590,episodic_length,1000.0
192512,value_loss,0.1613740772008896
192512,policy_loss,-0.0034242309629917145
192512,approx_kl,0.0027515431866049767
192512,clipfrac,0.05224609375
192512,explained_variance,0.05758392810821533
192512,sps,585.0
192591,episodic_return,1000.0
192591,episodic_length,1000.0
193592,episodic_return,1000.0
193592,episodic_length,1000.0
194283,episodic_return,689.0
194283,episodic_length,690.0
194560,value_loss,0.034490328282117844
194560,policy_loss,0.009152695536613464
194560,approx_kl,0.0068704187870025635
194560,clipfrac,0.041552734375
194560,explained_variance,0.0407184362411499
194560,sps,585.0
195284,episodic_return,1000.0
195284,episodic_length,1000.0
196148,episodic_return,862.0
196148,episodic_length,863.0
196608,value_loss,0.008914867416024208
196608,policy_loss,-0.016948997974395752
196608,approx_kl,0.003414059989154339
196608,clipfrac,0.059716796875
196608,explained_variance,0.13081496953964233
196608,sps,585.0
197149,episodic_return,1000.0
197149,episodic_length,1000.0
198150,episodic_return,1000.0
198150,episodic_length,1000.0
198656,value_loss,0.09050637483596802
198656,policy_loss,-0.00791860744357109
198656,approx_kl,0.0013107452541589737
198656,clipfrac,0.03876953125
198656,explained_variance,0.0030421018600463867
198656,sps,585.0
199151,episodic_return,1000.0
199151,episodic_length,1000.0
200152,episodic_return,1000.0
200152,episodic_length,1000.0
200704,value_loss,0.04876406490802765
200704,policy_loss,-0.0007424168288707733
200704,approx_kl,0.0028199264779686928
200704,clipfrac,0.054443359375
200704,explained_variance,-0.011503338813781738
200704,sps,585.0
201153,episodic_return,1000.0
201153,episodic_length,1000.0
202154,episodic_return,1000.0
202154,episodic_length,1000.0
202752,value_loss,0.06895728409290314
202752,policy_loss,-0.003578789532184601
202752,approx_kl,0.004770400933921337
202752,clipfrac,0.043896484375
202752,explained_variance,0.014221668243408203
202752,sps,585.0
203155,episodic_return,1000.0
203155,episodic_length,1000.0
204156,episodic_return,1000.0
204156,episodic_length,1000.0
204800,value_loss,0.10639113187789917
204800,policy_loss,-0.004045106470584869
204800,approx_kl,0.008062032051384449
204800,clipfrac,0.0998046875
204800,explained_variance,-0.01528322696685791
204800,sps,585.0
205157,episodic_return,1000.0
205157,episodic_length,1000.0
206158,episodic_return,1000.0
206158,episodic_length,1000.0
206848,value_loss,0.012708527967333794
206848,policy_loss,0.00040271133184432983
206848,approx_kl,0.0034534474834799767
206848,clipfrac,0.04150390625
206848,explained_variance,-0.0021419525146484375
206848,sps,586.0
207159,episodic_return,1000.0
207159,episodic_length,1000.0
208160,episodic_return,1000.0
208160,episodic_length,1000.0
208896,value_loss,0.0019150240113958716
208896,policy_loss,-0.015824317932128906
208896,approx_kl,0.014487888664007187
208896,clipfrac,0.078466796875
208896,explained_variance,0.01069796085357666
208896,sps,586.0
209102,episodic_return,940.0
209102,episodic_length,941.0
210103,episodic_return,1000.0
210103,episodic_length,1000.0
210944,value_loss,0.03190504387021065
210944,policy_loss,-0.01956002414226532
210944,approx_kl,0.006695901975035667
210944,clipfrac,0.1177734375
210944,explained_variance,0.025522828102111816
210944,sps,585.0
211104,episodic_return,1000.0
211104,episodic_length,1000.0
212105,episodic_return,1000.0
212105,episodic_length,1000.0
212992,value_loss,0.05213695019483566
212992,policy_loss,-0.011777155101299286
212992,approx_kl,0.007543440908193588
212992,clipfrac,0.063916015625
212992,explained_variance,0.017937541007995605
212992,sps,585.0
213106,episodic_return,1000.0
213106,episodic_length,1000.0
214107,episodic_return,1000.0
214107,episodic_length,1000.0
215040,value_loss,0.06041168421506882
215040,policy_loss,-0.001253696158528328
215040,approx_kl,0.0021910862997174263
215040,clipfrac,0.0462890625
215040,explained_variance,0.017232656478881836
215040,sps,585.0
215108,episodic_return,1000.0
215108,episodic_length,1000.0
216109,episodic_return,1000.0
216109,episodic_length,1000.0
217088,value_loss,0.16050797700881958
217088,policy_loss,0.026319235563278198
217088,approx_kl,0.003279011696577072
217088,clipfrac,0.036572265625
217088,explained_variance,-0.018036365509033203
217088,sps,585.0
217110,episodic_return,1000.0
217110,episodic_length,1000.0
218111,episodic_return,1000.0
218111,episodic_length,1000.0
219112,episodic_return,1000.0
219112,episodic_length,1000.0
219136,value_loss,0.020111866295337677
219136,policy_loss,0.008841827511787415
219136,approx_kl,0.005860225297510624
219136,clipfrac,0.0451171875
219136,explained_variance,0.017684876918792725
219136,sps,586.0
220113,episodic_return,1000.0
220113,episodic_length,1000.0
221114,episodic_return,1000.0
221114,episodic_length,1000.0
221184,value_loss,0.08767526596784592
221184,policy_loss,-0.004075177013874054
221184,approx_kl,0.002733956091105938
221184,clipfrac,0.040283203125
221184,explained_variance,0.0013271570205688477
221184,sps,586.0
222115,episodic_return,1000.0
222115,episodic_length,1000.0
222670,episodic_return,553.0
222670,episodic_length,554.0
223232,value_loss,0.17374657094478607
223232,policy_loss,0.007543884217739105
223232,approx_kl,0.004385543987154961
223232,clipfrac,0.04248046875
223232,explained_variance,0.030287623405456543
223232,sps,586.0
223671,episodic_return,1000.0
223671,episodic_length,1000.0
224672,episodic_return,1000.0
224672,episodic_length,1000.0
225280,value_loss,0.018845725804567337
225280,policy_loss,-0.0015550479292869568
225280,approx_kl,0.007195554673671722
225280,clipfrac,0.118701171875
225280,explained_variance,-0.007978677749633789
225280,sps,585.0
225673,episodic_return,1000.0
225673,episodic_length,1000.0
226674,episodic_return,1000.0
226674,episodic_length,1000.0
227328,value_loss,0.01647048257291317
227328,policy_loss,0.010592598468065262
227328,approx_kl,0.0022453730925917625
227328,clipfrac,0.042919921875
227328,explained_variance,-0.00264132022857666
227328,sps,585.0
227675,episodic_return,1000.0
227675,episodic_length,1000.0
228676,episodic_return,1000.0
228676,episodic_length,1000.0
229376,value_loss,0.014606601558625698
229376,policy_loss,-0.0018237829208374023
229376,approx_kl,0.002593095414340496
229376,clipfrac,0.033447265625
229376,explained_variance,-0.00496983528137207
229376,sps,585.0
229677,episodic_return,1000.0
229677,episodic_length,1000.0
230678,episodic_return,1000.0
230678,episodic_length,1000.0
231308,episodic_return,628.0
231308,episodic_length,629.0
231424,value_loss,0.0040863025933504105
231424,policy_loss,0.012566640973091125
231424,approx_kl,0.0030394410714507103
231424,clipfrac,0.04287109375
231424,explained_variance,0.007057368755340576
231424,sps,585.0
232309,episodic_return,1000.0
232309,episodic_length,1000.0
233252,episodic_return,941.0
233252,episodic_length,942.0
233472,value_loss,0.03524661064147949
233472,policy_loss,-0.0039215609431266785
233472,approx_kl,0.005779920145869255
233472,clipfrac,0.0875
233472,explained_variance,-0.016448497772216797
233472,sps,585.0
234253,episodic_return,1000.0
234253,episodic_length,1000.0
235254,episodic_return,1000.0
235254,episodic_length,1000.0
235520,value_loss,0.03187966346740723
235520,policy_loss,-0.004257902503013611
235520,approx_kl,0.005087167955935001
235520,clipfrac,0.070166015625
235520,explained_variance,0.01563328504562378
235520,sps,586.0
236255,episodic_return,1000.0
236255,episodic_length,1000.0
237256,episodic_return,1000.0
237256,episodic_length,1000.0
237568,value_loss,0.030537400394678116
237568,policy_loss,0.006728768348693848
237568,approx_kl,0.0063895536586642265
237568,clipfrac,0.07568359375
237568,explained_variance,0.10805636644363403
237568,sps,586.0
238257,episodic_return,1000.0
238257,episodic_length,1000.0
239258,episodic_return,1000.0
239258,episodic_length,1000.0
239616,value_loss,0.012515166774392128
239616,policy_loss,-0.0099656842648983
239616,approx_kl,0.0058790454640984535
239616,clipfrac,0.077978515625
239616,explained_variance,0.04153287410736084
239616,sps,586.0
240259,episodic_return,1000.0
240259,episodic_length,1000.0
241260,episodic_return,1000.0
241260,episodic_length,1000.0
241664,value_loss,0.10368773341178894
241664,policy_loss,0.00191584974527359
241664,approx_kl,0.004074538126587868
241664,clipfrac,0.06962890625
241664,explained_variance,0.05831432342529297
241664,sps,586.0
242172,episodic_return,910.0
242172,episodic_length,911.0
243173,episodic_return,1000.0
243173,episodic_length,1000.0
243712,value_loss,0.03524288907647133
243712,policy_loss,-6.721168756484985e-05
243712,approx_kl,0.003734978847205639
243712,clipfrac,0.048388671875
243712,explained_variance,0.021463990211486816
243712,sps,585.0
244174,episodic_return,1000.0
244174,episodic_length,1000.0
245175,episodic_return,1000.0
245175,episodic_length,1000.0
245760,value_loss,0.13617411255836487
245760,policy_loss,0.005813896656036377
245760,approx_kl,0.0026413556188344955
245760,clipfrac,0.04658203125
245760,explained_variance,-0.0246812105178833
245760,sps,585.0
246176,episodic_return,1000.0
246176,episodic_length,1000.0
246570,episodic_return,392.0
246570,episodic_length,393.0
247571,episodic_return,1000.0
247571,episodic_length,1000.0
247808,value_loss,0.15206699073314667
247808,policy_loss,0.01042775809764862
247808,approx_kl,0.0072270771488547325
247808,clipfrac,0.054833984375
247808,explained_variance,0.003946959972381592
247808,sps,585.0
248572,episodic_return,1000.0
248572,episodic_length,1000.0
249573,episodic_return,1000.0
249573,episodic_length,1000.0
249856,value_loss,0.05298640578985214
249856,policy_loss,-0.009681649506092072
249856,approx_kl,0.008235453628003597
249856,clipfrac,0.09306640625
249856,explained_variance,-0.009856462478637695
249856,sps,585.0
250034,episodic_return,459.0
250034,episodic_length,460.0
251035,episodic_return,1000.0
251035,episodic_length,1000.0
251904,value_loss,0.11016330868005753
251904,policy_loss,-0.002553138881921768
251904,approx_kl,0.0028357012197375298
251904,clipfrac,0.010791015625
251904,explained_variance,0.0063443779945373535
251904,sps,585.0
252036,episodic_return,1000.0
252036,episodic_length,1000.0
253037,episodic_return,1000.0
253037,episodic_length,1000.0
253952,value_loss,0.008555122651159763
253952,policy_loss,-0.0033791884779930115
253952,approx_kl,0.0034507382661104202
253952,clipfrac,0.069482421875
253952,explained_variance,-0.01057422161102295
253952,sps,585.0
254038,episodic_return,1000.0
254038,episodic_length,1000.0
255039,episodic_return,1000.0
255039,episodic_length,1000.0
256000,value_loss,0.055057018995285034
256000,policy_loss,-0.010228866711258888
256000,approx_kl,0.0075087593868374825
256000,clipfrac,0.088232421875
256000,explained_variance,-0.0015906095504760742
256000,sps,585.0
256040,episodic_return,1000.0
256040,episodic_length,1000.0
257041,episodic_return,1000.0
257041,episodic_length,1000.0
258042,episodic_return,1000.0
258042,episodic_length,1000.0
258048,value_loss,0.09222818166017532
258048,policy_loss,-0.005099812522530556
258048,approx_kl,0.003911981359124184
258048,clipfrac,0.103662109375
258048,explained_variance,-0.009819388389587402
258048,sps,586.0
259043,episodic_return,1000.0
259043,episodic_length,1000.0
260044,episodic_return,1000.0
260044,episodic_length,1000.0
260096,value_loss,0.11012115329504013
260096,policy_loss,-0.010707996785640717
260096,approx_kl,0.005075470544397831
260096,clipfrac,0.044970703125
260096,explained_variance,-0.0067185163497924805
260096,sps,586.0
261045,episodic_return,1000.0
261045,episodic_length,1000.0
262046,episodic_return,1000.0
262046,episodic_length,1000.0
262144,value_loss,0.08791965246200562
262144,policy_loss,0.0003769621253013611
262144,approx_kl,0.0045615751296281815
262144,clipfrac,0.0693359375
262144,explained_variance,0.006448924541473389
262144,sps,586.0
263047,episodic_return,1000.0
263047,episodic_length,1000.0
264048,episodic_return,1000.0
264048,episodic_length,1000.0
264192,value_loss,0.0029310104437172413
264192,policy_loss,0.0143759585916996
264192,approx_kl,0.005208481103181839
264192,clipfrac,0.071435546875
264192,explained_variance,-0.007008910179138184
264192,sps,586.0
265049,episodic_return,1000.0
265049,episodic_length,1000.0
266050,episodic_return,1000.0
266050,episodic_length,1000.0
266240,value_loss,0.0030622147023677826
266240,policy_loss,0.0002535209059715271
266240,approx_kl,0.006513690575957298
266240,clipfrac,0.04794921875
266240,explained_variance,-0.010552644729614258
266240,sps,586.0
266257,episodic_return,205.0
266257,episodic_length,206.0
267258,episodic_return,1000.0
267258,episodic_length,1000.0
267611,episodic_return,351.0
267611,episodic_length,352.0
268288,value_loss,0.080278180539608
268288,policy_loss,-0.011295292526483536
268288,approx_kl,0.0037644440308213234
268288,clipfrac,0.0615234375
268288,explained_variance,0.012868046760559082
268288,sps,586.0
268612,episodic_return,1000.0
268612,episodic_length,1000.0
269613,episodic_return,1000.0
269613,episodic_length,1000.0
270336,value_loss,0.006266429089009762
270336,policy_loss,-0.008558932691812515
270336,approx_kl,0.005899498239159584
270336,clipfrac,0.070947265625
270336,explained_variance,-0.0498046875
270336,sps,586.0
270614,episodic_return,1000.0
270614,episodic_length,1000.0
271615,episodic_return,1000.0
271615,episodic_length,1000.0
272384,value_loss,0.03825485706329346
272384,policy_loss,-0.02983015775680542
272384,approx_kl,0.00522046722471714
272384,clipfrac,0.05380859375
272384,explained_variance,-0.0014303922653198242
272384,sps,586.0
272616,episodic_return,1000.0
272616,episodic_length,1000.0
273617,episodic_return,1000.0
273617,episodic_length,1000.0
274432,value_loss,0.030116505920886993
274432,policy_loss,0.011639662086963654
274432,approx_kl,0.004845111630856991
274432,clipfrac,0.06162109375
274432,explained_variance,-0.006403803825378418
274432,sps,586.0
274618,episodic_return,1000.0
274618,episodic_length,1000.0
275619,episodic_return,1000.0
275619,episodic_length,1000.0
276480,value_loss,0.27689826488494873
276480,policy_loss,-0.006029261276125908
276480,approx_kl,0.005052553489804268
276480,clipfrac,0.075537109375
276480,explained_variance,0.0011116862297058105
276480,sps,586.0
276620,episodic_return,1000.0
276620,episodic_length,1000.0
277032,episodic_return,410.0
277032,episodic_length,411.0
277527,episodic_return,493.0
277527,episodic_length,494.0
278528,episodic_return,1000.0
278528,episodic_length,1000.0
278528,value_loss,0.2952152490615845
278528,policy_loss,-0.027283944189548492
278528,approx_kl,0.004612947814166546
278528,clipfrac,0.041455078125
278528,explained_variance,-0.011794209480285645
278528,sps,586.0
279529,episodic_return,1000.0
279529,episodic_length,1000.0
280530,episodic_return,1000.0
280530,episodic_length,1000.0
280576,value_loss,0.2154838889837265
280576,policy_loss,0.014923010021448135
280576,approx_kl,0.002722109667956829
280576,clipfrac,0.016845703125
280576,explained_variance,0.0014294981956481934
280576,sps,586.0
281531,episodic_return,1000.0
281531,episodic_length,1000.0
282532,episodic_return,1000.0
282532,episodic_length,1000.0
282624,value_loss,0.0928020104765892
282624,policy_loss,-0.014049224555492401
282624,approx_kl,0.004825117997825146
282624,clipfrac,0.054541015625
282624,explained_variance,-0.014749526977539062
282624,sps,586.0
282793,episodic_return,259.0
282793,episodic_length,260.0
283794,episodic_return,1000.0
283794,episodic_length,1000.0
283871,episodic_return,75.0
283871,episodic_length,76.0
284672,value_loss,0.06492190062999725
284672,policy_loss,0.01994512230157852
284672,approx_kl,0.0027669621631503105
284672,clipfrac,0.037841796875
284672,explained_variance,0.004494667053222656
284672,sps,586.0
284872,episodic_return,1000.0
284872,episodic_length,1000.0
285690,episodic_return,816.0
285690,episodic_length,817.0
286691,episodic_return,1000.0
286691,episodic_length,1000.0
286720,value_loss,0.10723590105772018
286720,policy_loss,-0.004619203507900238
286720,approx_kl,0.004712233319878578
286720,clipfrac,0.049951171875
286720,explained_variance,0.03353792428970337
286720,sps,586.0
287692,episodic_return,1000.0
287692,episodic_length,1000.0
288693,episodic_return,1000.0
288693,episodic_length,1000.0
288768,value_loss,0.05544280260801315
288768,policy_loss,0.008481763303279877
288768,approx_kl,0.004036633297801018
288768,clipfrac,0.08212890625
288768,explained_variance,-0.03238487243652344
288768,sps,587.0
288968,episodic_return,273.0
288968,episodic_length,274.0
289969,episodic_return,1000.0
289969,episodic_length,1000.0
290816,value_loss,0.01992616057395935
290816,policy_loss,5.529075860977173e-05
290816,approx_kl,0.007120955735445023
290816,clipfrac,0.0693359375
290816,explained_variance,-0.010069966316223145
290816,sps,587.0
290970,episodic_return,1000.0
290970,episodic_length,1000.0
291971,episodic_return,1000.0
291971,episodic_length,1000.0
292758,episodic_return,785.0
292758,episodic_length,786.0
292864,value_loss,0.1434670090675354
292864,policy_loss,-0.010984349995851517
292864,approx_kl,0.007862803526222706
292864,clipfrac,0.07744140625
292864,explained_variance,0.04974675178527832
292864,sps,587.0
293551,episodic_return,791.0
293551,episodic_length,792.0
293897,episodic_return,344.0
293897,episodic_length,345.0
294898,episodic_return,1000.0
294898,episodic_length,1000.0
294912,value_loss,0.33659809827804565
294912,policy_loss,-0.031514257192611694
294912,approx_kl,0.003314374014735222
294912,clipfrac,0.040576171875
294912,explained_variance,0.06333905458450317
294912,sps,586.0
295899,episodic_return,1000.0
295899,episodic_length,1000.0
296900,episodic_return,1000.0
296900,episodic_length,1000.0
296960,value_loss,0.04460243508219719
296960,policy_loss,-0.007198423147201538
296960,approx_kl,0.009057109244167805
296960,clipfrac,0.072509765625
296960,explained_variance,0.0036692023277282715
296960,sps,587.0
297901,episodic_return,1000.0
297901,episodic_length,1000.0
298902,episodic_return,1000.0
298902,episodic_length,1000.0
299008,value_loss,0.05202215909957886
299008,policy_loss,-0.003045313060283661
299008,approx_kl,0.003982593305408955
299008,clipfrac,0.058203125
299008,explained_variance,0.04046618938446045
299008,sps,586.0
299903,episodic_return,1000.0
299903,episodic_length,1000.0
299938,episodic_return,33.0
299938,episodic_length,34.0
300939,episodic_return,1000.0
300939,episodic_length,1000.0
301056,value_loss,0.0605735257267952
301056,policy_loss,-0.029854238033294678
301056,approx_kl,0.005091811530292034
301056,clipfrac,0.106982421875
301056,explained_variance,0.01245206594467163
301056,sps,586.0
301940,episodic_return,1000.0
301940,episodic_length,1000.0
301958,episodic_return,16.0
301958,episodic_length,17.0
302959,episodic_return,1000.0
302959,episodic_length,1000.0
303104,value_loss,0.0516510084271431
303104,policy_loss,-0.020057372748851776
303104,approx_kl,0.004898205399513245
303104,clipfrac,0.04716796875
303104,explained_variance,-0.009557604789733887
303104,sps,586.0
303960,episodic_return,1000.0
303960,episodic_length,1000.0
304961,episodic_return,1000.0
304961,episodic_length,1000.0
305152,value_loss,0.027285924181342125
305152,policy_loss,0.01518215797841549
305152,approx_kl,0.007965226657688618
305152,clipfrac,0.050830078125
305152,explained_variance,0.006256520748138428
305152,sps,586.0
305962,episodic_return,1000.0
305962,episodic_length,1000.0
306198,episodic_return,234.0
306198,episodic_length,235.0
307199,episodic_return,1000.0
307199,episodic_length,1000.0
307200,value_loss,0.011419879272580147
307200,policy_loss,-0.0035151951014995575
307200,approx_kl,0.001796327531337738
307200,clipfrac,0.02392578125
307200,explained_variance,-0.02763688564300537
307200,sps,586.0
308200,episodic_return,1000.0
308200,episodic_length,1000.0
309201,episodic_return,1000.0
309201,episodic_length,1000.0
309248,value_loss,0.08680559694766998
309248,policy_loss,-0.00581754744052887
309248,approx_kl,0.006561502814292908
309248,clipfrac,0.055712890625
309248,explained_variance,0.02279496192932129
309248,sps,586.0
310202,episodic_return,1000.0
310202,episodic_length,1000.0
311203,episodic_return,1000.0
311203,episodic_length,1000.0
311296,value_loss,0.08710574358701706
311296,policy_loss,0.02673036977648735
311296,approx_kl,0.018263764679431915
311296,clipfrac,0.084619140625
311296,explained_variance,0.00309908390045166
311296,sps,586.0
312204,episodic_return,1000.0
312204,episodic_length,1000.0
313205,episodic_return,1000.0
313205,episodic_length,1000.0
313344,value_loss,0.22655946016311646
313344,policy_loss,6.873160600662231e-05
313344,approx_kl,0.004411960951983929
313344,clipfrac,0.04140625
313344,explained_variance,-0.004622459411621094
313344,sps,586.0
314206,episodic_return,1000.0
314206,episodic_length,1000.0
315207,episodic_return,1000.0
315207,episodic_length,1000.0
315392,value_loss,0.14722669124603271
315392,policy_loss,0.018395893275737762
315392,approx_kl,0.0020000897347927094
315392,clipfrac,0.023486328125
315392,explained_variance,-0.013054370880126953
315392,sps,586.0
316208,episodic_return,1000.0
316208,episodic_length,1000.0
317209,episodic_return,1000.0
317209,episodic_length,1000.0
317440,value_loss,0.031202208250761032
317440,policy_loss,-0.013408679515123367
317440,approx_kl,0.008417372591793537
317440,clipfrac,0.07431640625
317440,explained_variance,0.002313673496246338
317440,sps,586.0
318210,episodic_return,1000.0
318210,episodic_length,1000.0
319211,episodic_return,1000.0
319211,episodic_length,1000.0
319488,value_loss,0.02849600277841091
319488,policy_loss,-0.026372116059064865
319488,approx_kl,0.009695078246295452
319488,clipfrac,0.08466796875
319488,explained_variance,-0.004209041595458984
319488,sps,586.0
320212,episodic_return,1000.0
320212,episodic_length,1000.0
321213,episodic_return,1000.0
321213,episodic_length,1000.0
321536,value_loss,0.017879856750369072
321536,policy_loss,-0.023311033844947815
321536,approx_kl,0.007361338473856449
321536,clipfrac,0.0853515625
321536,explained_variance,-0.04051673412322998
321536,sps,586.0
322214,episodic_return,1000.0
322214,episodic_length,1000.0
323215,episodic_return,1000.0
323215,episodic_length,1000.0
323584,value_loss,0.10638225823640823
323584,policy_loss,-0.008012309670448303
323584,approx_kl,0.008914669044315815
323584,clipfrac,0.071875
323584,explained_variance,-0.03273963928222656
323584,sps,586.0
324216,episodic_return,1000.0
324216,episodic_length,1000.0
325217,episodic_return,1000.0
325217,episodic_length,1000.0
325632,value_loss,0.0862521380186081
325632,policy_loss,-0.01036660373210907
325632,approx_kl,0.005011771805584431
325632,clipfrac,0.047119140625
325632,explained_variance,0.0007086992263793945
325632,sps,586.0
326218,episodic_return,1000.0
326218,episodic_length,1000.0
327219,episodic_return,1000.0
327219,episodic_length,1000.0
327680,value_loss,0.11133090406656265
327680,policy_loss,-0.0010845288634300232
327680,approx_kl,0.005766707472503185
327680,clipfrac,0.085986328125
327680,explained_variance,-0.035431742668151855
327680,sps,586.0
328220,episodic_return,1000.0
328220,episodic_length,1000.0
329044,episodic_return,822.0
329044,episodic_length,823.0
329728,value_loss,0.028676511719822884
329728,policy_loss,-6.258487701416016e-06
329728,approx_kl,0.002786211669445038
329728,clipfrac,0.038720703125
329728,explained_variance,0.0035321712493896484
329728,sps,585.0
330045,episodic_return,1000.0
330045,episodic_length,1000.0
331046,episodic_return,1000.0
331046,episodic_length,1000.0
331776,value_loss,0.004325235262513161
331776,policy_loss,-0.008380945771932602
331776,approx_kl,0.007402784191071987
331776,clipfrac,0.065966796875
331776,explained_variance,0.007809937000274658
331776,sps,586.0
332047,episodic_return,1000.0
332047,episodic_length,1000.0
333048,episodic_return,1000.0
333048,episodic_length,1000.0
333824,value_loss,0.028263423591852188
333824,policy_loss,-0.01034044474363327
333824,approx_kl,0.003978830762207508
333824,clipfrac,0.049658203125
333824,explained_variance,-0.014740586280822754
333824,sps,585.0
334049,episodic_return,1000.0
334049,episodic_length,1000.0
335050,episodic_return,1000.0
335050,episodic_length,1000.0
335872,value_loss,0.1470651626586914
335872,policy_loss,-0.013939198106527328
335872,approx_kl,0.0065004946663975716
335872,clipfrac,0.067626953125
335872,explained_variance,-0.011490345001220703
335872,sps,585.0
336051,episodic_return,1000.0
336051,episodic_length,1000.0
336925,episodic_return,872.0
336925,episodic_length,873.0
336943,episodic_return,16.0
336943,episodic_length,17.0
337920,value_loss,0.09144967049360275
337920,policy_loss,-0.02026819810271263
337920,approx_kl,0.009792621247470379
337920,clipfrac,0.079736328125
337920,explained_variance,0.007833421230316162
337920,sps,585.0
337944,episodic_return,1000.0
337944,episodic_length,1000.0
338945,episodic_return,1000.0
338945,episodic_length,1000.0
339946,episodic_return,1000.0
339946,episodic_length,1000.0
339968,value_loss,0.22102075815200806
339968,policy_loss,0.004917953163385391
339968,approx_kl,0.002234482206404209
339968,clipfrac,0.03251953125
339968,explained_variance,0.006623327732086182
339968,sps,585.0
340947,episodic_return,1000.0
340947,episodic_length,1000.0
341948,episodic_return,1000.0
341948,episodic_length,1000.0
342016,value_loss,0.0045239245519042015
342016,policy_loss,-0.011021168902516365
342016,approx_kl,0.002187691628932953
342016,clipfrac,0.01962890625
342016,explained_variance,-0.012176871299743652
342016,sps,585.0
342319,episodic_return,369.0
342319,episodic_length,370.0
343320,episodic_return,1000.0
343320,episodic_length,1000.0
344064,value_loss,0.14513078331947327
344064,policy_loss,0.03387884795665741
344064,approx_kl,0.005805452354252338
344064,clipfrac,0.024169921875
344064,explained_variance,-0.026161670684814453
344064,sps,584.0
344321,episodic_return,1000.0
344321,episodic_length,1000.0
345322,episodic_return,1000.0
345322,episodic_length,1000.0
346112,value_loss,0.008512825705111027
346112,policy_loss,0.0004461333155632019
346112,approx_kl,0.0019937390461564064
346112,clipfrac,0.0076171875
346112,explained_variance,0.02643030881881714
346112,sps,584.0
346323,episodic_return,1000.0
346323,episodic_length,1000.0
347172,episodic_return,847.0
347172,episodic_length,848.0
348160,value_loss,0.138555645942688
348160,policy_loss,-0.0051974281668663025
348160,approx_kl,0.0015617888420820236
348160,clipfrac,0.015234375
348160,explained_variance,-0.038558125495910645
348160,sps,584.0
348173,episodic_return,1000.0
348173,episodic_length,1000.0
349174,episodic_return,1000.0
349174,episodic_length,1000.0
350175,episodic_return,1000.0
350175,episodic_length,1000.0
350208,value_loss,0.40907174348831177
350208,policy_loss,-0.012785807251930237
350208,approx_kl,0.006507790647447109
350208,clipfrac,0.054541015625
350208,explained_variance,0.02225792407989502
350208,sps,584.0
351055,episodic_return,878.0
351055,episodic_length,879.0
351988,episodic_return,931.0
351988,episodic_length,932.0
352256,value_loss,0.055804233998060226
352256,policy_loss,-0.02019321173429489
352256,approx_kl,0.011512496508657932
352256,clipfrac,0.08388671875
352256,explained_variance,0.012551367282867432
352256,sps,584.0
352989,episodic_return,1000.0
352989,episodic_length,1000.0
353008,episodic_return,17.0
353008,episodic_length,18.0
354009,episodic_return,1000.0
354009,episodic_length,1000.0
354304,value_loss,0.19061046838760376
354304,policy_loss,-0.008941717445850372
354304,approx_kl,0.0034045223146677017
354304,clipfrac,0.02314453125
354304,explained_variance,0.004260540008544922
354304,sps,585.0
355010,episodic_return,1000.0
355010,episodic_length,1000.0
356011,episodic_return,1000.0
356011,episodic_length,1000.0
356352,value_loss,0.1299295276403427
356352,policy_loss,-0.012162789702415466
356352,approx_kl,0.005481190048158169
356352,clipfrac,0.0345703125
356352,explained_variance,-0.013312697410583496
356352,sps,585.0
357012,episodic_return,1000.0
357012,episodic_length,1000.0
358013,episodic_return,1000.0
358013,episodic_length,1000.0
358400,value_loss,0.0017664238112047315
358400,policy_loss,-0.004333021119236946
358400,approx_kl,0.007088583894073963
358400,clipfrac,0.06943359375
358400,explained_variance,-0.013780951499938965
358400,sps,585.0
359014,episodic_return,1000.0
359014,episodic_length,1000.0
360015,episodic_return,1000.0
360015,episodic_length,1000.0
360448,value_loss,0.007453263737261295
360448,policy_loss,-0.014868021011352539
360448,approx_kl,0.006836333312094212
360448,clipfrac,0.05390625
360448,explained_variance,-0.0046656131744384766
360448,sps,584.0
361016,episodic_return,1000.0
361016,episodic_length,1000.0
361171,episodic_return,153.0
361171,episodic_length,154.0
362172,episodic_return,1000.0
362172,episodic_length,1000.0
362496,value_loss,0.3035270571708679
362496,policy_loss,0.010131869465112686
362496,approx_kl,0.003985825926065445
362496,clipfrac,0.03486328125
362496,explained_variance,0.005963444709777832
362496,sps,584.0
363173,episodic_return,1000.0
363173,episodic_length,1000.0
364174,episodic_return,1000.0
364174,episodic_length,1000.0
364544,value_loss,0.1621604859828949
364544,policy_loss,-0.00034023821353912354
364544,approx_kl,0.006143753416836262
364544,clipfrac,0.085693359375
364544,explained_variance,-0.0019959211349487305
364544,sps,584.0
365175,episodic_return,1000.0
365175,episodic_length,1000.0
366176,episodic_return,1000.0
366176,episodic_length,1000.0
366592,value_loss,0.13915100693702698
366592,policy_loss,0.014996085315942764
366592,approx_kl,0.005054187029600143
366592,clipfrac,0.06494140625
366592,explained_variance,-0.02311992645263672
366592,sps,584.0
367177,episodic_return,1000.0
367177,episodic_length,1000.0
368178,episodic_return,1000.0
368178,episodic_length,1000.0
368640,value_loss,0.0023222302552312613
368640,policy_loss,-0.012189209461212158
368640,approx_kl,0.004229974001646042
368640,clipfrac,0.0296875
368640,explained_variance,0.0013911128044128418
368640,sps,584.0
369179,episodic_return,1000.0
369179,episodic_length,1000.0
370180,episodic_return,1000.0
370180,episodic_length,1000.0
370688,value_loss,0.004759424831718206
370688,policy_loss,-0.007409043610095978
370688,approx_kl,0.0022690417245030403
370688,clipfrac,0.03125
370688,explained_variance,0.006393611431121826
370688,sps,584.0
371181,episodic_return,1000.0
371181,episodic_length,1000.0
372182,episodic_return,1000.0
372182,episodic_length,1000.0
372736,value_loss,0.15420138835906982
372736,policy_loss,-0.00849352777004242
372736,approx_kl,0.00880257599055767
372736,clipfrac,0.124951171875
372736,explained_variance,0.011344671249389648
372736,sps,584.0
373183,episodic_return,1000.0
373183,episodic_length,1000.0
374184,episodic_return,1000.0
374184,episodic_length,1000.0
374784,value_loss,0.001965485978871584
374784,policy_loss,-0.035813137888908386
374784,approx_kl,0.008764996193349361
374784,clipfrac,0.041015625
374784,explained_variance,-0.016394853591918945
374784,sps,584.0
375185,episodic_return,1000.0
375185,episodic_length,1000.0
376186,episodic_return,1000.0
376186,episodic_length,1000.0
376832,value_loss,0.3302636444568634
376832,policy_loss,-0.005724713206291199
376832,approx_kl,0.005463786423206329
376832,clipfrac,0.0580078125
376832,explained_variance,0.007800042629241943
376832,sps,584.0
377187,episodic_return,1000.0
377187,episodic_length,1000.0
378188,episodic_return,1000.0
378188,episodic_length,1000.0
378880,value_loss,0.007428890094161034
378880,policy_loss,0.0008914023637771606
378880,approx_kl,0.0032846489921212196
378880,clipfrac,0.051904296875
378880,explained_variance,0.004324615001678467
378880,sps,585.0
379189,episodic_return,1000.0
379189,episodic_length,1000.0
380190,episodic_return,1000.0
380190,episodic_length,1000.0
380928,value_loss,0.09856219589710236
380928,policy_loss,0.0016266852617263794
380928,approx_kl,0.0047601861879229546
380928,clipfrac,0.079833984375
380928,explained_variance,0.025381147861480713
380928,sps,585.0
381191,episodic_return,1000.0
381191,episodic_length,1000.0
382192,episodic_return,1000.0
382192,episodic_length,1000.0
382591,episodic_return,397.0
382591,episodic_length,398.0
382976,value_loss,0.05906563252210617
382976,policy_loss,-0.01067715510725975
382976,approx_kl,0.005441547371447086
382976,clipfrac,0.017431640625
382976,explained_variance,-0.039275169372558594
382976,sps,585.0
383592,episodic_return,1000.0
383592,episodic_length,1000.0
384593,episodic_return,1000.0
384593,episodic_length,1000.0
385024,value_loss,0.04400660842657089
385024,policy_loss,-0.02073235809803009
385024,approx_kl,0.009750097058713436
385024,clipfrac,0.069970703125
385024,explained_variance,-0.0005854368209838867
385024,sps,584.0
385594,episodic_return,1000.0
385594,episodic_length,1000.0
386595,episodic_return,1000.0
386595,episodic_length,1000.0
386673,episodic_return,76.0
386673,episodic_length,77.0
386754,episodic_return,79.0
386754,episodic_length,80.0
387072,value_loss,0.5215471982955933
387072,policy_loss,-0.0023769475519657135
387072,approx_kl,0.0021111471578478813
387072,clipfrac,0.043212890625
387072,explained_variance,0.007808804512023926
387072,sps,585.0
387755,episodic_return,1000.0
387755,episodic_length,1000.0
388058,episodic_return,301.0
388058,episodic_length,302.0
389059,episodic_return,1000.0
389059,episodic_length,1000.0
389120,value_loss,0.05336273834109306
389120,policy_loss,-0.001796480268239975
389120,approx_kl,0.005674540065228939
389120,clipfrac,0.074169921875
389120,explained_variance,0.006707727909088135
389120,sps,585.0
390060,episodic_return,1000.0
390060,episodic_length,1000.0
391061,episodic_return,1000.0
391061,episodic_length,1000.0
391168,value_loss,0.14877772331237793
391168,policy_loss,0.011637583374977112
391168,approx_kl,0.00452763494104147
391168,clipfrac,0.0470703125
391168,explained_variance,-0.0024574995040893555
391168,sps,585.0
392062,episodic_return,1000.0
392062,episodic_length,1000.0
393063,episodic_return,1000.0
393063,episodic_length,1000.0
393216,value_loss,0.18408086895942688
393216,policy_loss,0.007922608405351639
393216,approx_kl,0.003147234208881855
393216,clipfrac,0.0421875
393216,explained_variance,0.024346888065338135
393216,sps,585.0
394064,episodic_return,1000.0
394064,episodic_length,1000.0
395065,episodic_return,1000.0
395065,episodic_length,1000.0
395264,value_loss,0.10334652662277222
395264,policy_loss,-0.005326263606548309
395264,approx_kl,0.0028040604665875435
395264,clipfrac,0.040966796875
395264,explained_variance,0.005308270454406738
395264,sps,585.0
396066,episodic_return,1000.0
396066,episodic_length,1000.0
397067,episodic_return,1000.0
397067,episodic_length,1000.0
397312,value_loss,0.10375593602657318
397312,policy_loss,-0.023126985877752304
397312,approx_kl,0.00445170421153307
397312,clipfrac,0.051708984375
397312,explained_variance,0.006711304187774658
397312,sps,584.0
398068,episodic_return,1000.0
398068,episodic_length,1000.0
399069,episodic_return,1000.0
399069,episodic_length,1000.0
399360,value_loss,0.13850653171539307
399360,policy_loss,0.0030056610703468323
399360,approx_kl,0.008343820460140705
399360,clipfrac,0.0490234375
399360,explained_variance,0.03607320785522461
399360,sps,585.0
400070,episodic_return,1000.0
400070,episodic_length,1000.0
401071,episodic_return,1000.0
401071,episodic_length,1000.0
401408,value_loss,0.17880290746688843
401408,policy_loss,-0.03113170713186264
401408,approx_kl,0.006973914802074432
401408,clipfrac,0.11318359375
401408,explained_variance,0.0391499400138855
401408,sps,585.0
402072,episodic_return,1000.0
402072,episodic_length,1000.0
403073,episodic_return,1000.0
403073,episodic_length,1000.0
403456,value_loss,0.15263958275318146
403456,policy_loss,-0.014117173850536346
403456,approx_kl,0.005375244654715061
403456,clipfrac,0.125390625
403456,explained_variance,0.005139052867889404
403456,sps,584.0
404074,episodic_return,1000.0
404074,episodic_length,1000.0
405075,episodic_return,1000.0
405075,episodic_length,1000.0
405504,value_loss,0.16953110694885254
405504,policy_loss,0.008650191128253937
405504,approx_kl,0.01490470115095377
405504,clipfrac,0.094140625
405504,explained_variance,0.022727489471435547
405504,sps,584.0
406076,episodic_return,1000.0
406076,episodic_length,1000.0
407077,episodic_return,1000.0
407077,episodic_length,1000.0
407552,value_loss,0.008071588352322578
407552,policy_loss,-0.013689201325178146
407552,approx_kl,0.005236181430518627
407552,clipfrac,0.039599609375
407552,explained_variance,0.009185552597045898
407552,sps,584.0
408078,episodic_return,1000.0
408078,episodic_length,1000.0
409079,episodic_return,1000.0
409079,episodic_length,1000.0
409600,value_loss,0.3194577097892761
409600,policy_loss,-0.004559045657515526
409600,approx_kl,0.00567703228443861
409600,clipfrac,0.059716796875
409600,explained_variance,0.12808114290237427
409600,sps,584.0
410080,episodic_return,1000.0
410080,episodic_length,1000.0
411081,episodic_return,1000.0
411081,episodic_length,1000.0
411648,value_loss,0.04592624679207802
411648,policy_loss,-0.01818910241127014
411648,approx_kl,0.003430166281759739
411648,clipfrac,0.03173828125
411648,explained_variance,0.03945338726043701
411648,sps,585.0
412082,episodic_return,1000.0
412082,episodic_length,1000.0
413083,episodic_return,1000.0
413083,episodic_length,1000.0
413696,value_loss,0.01896684244275093
413696,policy_loss,0.005396679043769836
413696,approx_kl,0.0036965571343898773
413696,clipfrac,0.03447265625
413696,explained_variance,0.03187936544418335
413696,sps,585.0
414084,episodic_return,1000.0
414084,episodic_length,1000.0
415085,episodic_return,1000.0
415085,episodic_length,1000.0
415744,value_loss,0.012899060733616352
415744,policy_loss,-0.013138346374034882
415744,approx_kl,0.01054585725069046
415744,clipfrac,0.097021484375
415744,explained_variance,-0.0026460886001586914
415744,sps,585.0
416086,episodic_return,1000.0
416086,episodic_length,1000.0
417087,episodic_return,1000.0
417087,episodic_length,1000.0
417792,value_loss,0.07792429625988007
417792,policy_loss,-0.015589507296681404
417792,approx_kl,0.007412527687847614
417792,clipfrac,0.086962890625
417792,explained_variance,0.02648317813873291
417792,sps,585.0
418088,episodic_return,1000.0
418088,episodic_length,1000.0
419089,episodic_return,1000.0
419089,episodic_length,1000.0
419840,value_loss,0.07963596284389496
419840,policy_loss,-0.0018624328076839447
419840,approx_kl,0.0031997906044125557
419840,clipfrac,0.037255859375
419840,explained_variance,-0.022795796394348145
419840,sps,585.0
420090,episodic_return,1000.0
420090,episodic_length,1000.0
421091,episodic_return,1000.0
421091,episodic_length,1000.0
421888,value_loss,0.2237575650215149
421888,policy_loss,-0.010205145925283432
421888,approx_kl,0.011274942196905613
421888,clipfrac,0.156884765625
421888,explained_variance,-0.0061997175216674805
421888,sps,585.0
422092,episodic_return,1000.0
422092,episodic_length,1000.0
423093,episodic_return,1000.0
423093,episodic_length,1000.0
423936,value_loss,0.15002809464931488
423936,policy_loss,-0.012369375675916672
423936,approx_kl,0.007723410613834858
423936,clipfrac,0.09677734375
423936,explained_variance,0.02890193462371826
423936,sps,585.0
424094,episodic_return,1000.0
424094,episodic_length,1000.0
425095,episodic_return,1000.0
425095,episodic_length,1000.0
425984,value_loss,0.15966248512268066
425984,policy_loss,-0.0039249807596206665
425984,approx_kl,0.005491718649864197
425984,clipfrac,0.0564453125
425984,explained_variance,0.0036970973014831543
425984,sps,584.0
426096,episodic_return,1000.0
426096,episodic_length,1000.0
427097,episodic_return,1000.0
427097,episodic_length,1000.0
428032,value_loss,0.03331397473812103
428032,policy_loss,0.0029145032167434692
428032,approx_kl,0.008778181858360767
428032,clipfrac,0.0859375
428032,explained_variance,-0.0009189844131469727
428032,sps,584.0
428098,episodic_return,1000.0
428098,episodic_length,1000.0
428825,episodic_return,725.0
428825,episodic_length,726.0
429826,episodic_return,1000.0
429826,episodic_length,1000.0
430080,value_loss,0.13651128113269806
430080,policy_loss,0.011157810688018799
430080,approx_kl,0.0017389850690960884
430080,clipfrac,0.021435546875
430080,explained_variance,-0.017647743225097656
430080,sps,584.0
430827,episodic_return,1000.0
430827,episodic_length,1000.0
431828,episodic_return,1000.0
431828,episodic_length,1000.0
432128,value_loss,0.12495214492082596
432128,policy_loss,-0.007995307445526123
432128,approx_kl,0.009069726802408695
432128,clipfrac,0.031884765625
432128,explained_variance,0.018149375915527344
432128,sps,584.0
432829,episodic_return,1000.0
432829,episodic_length,1000.0
433830,episodic_return,1000.0
433830,episodic_length,1000.0
434176,value_loss,0.06210549548268318
434176,policy_loss,-0.010078221559524536
434176,approx_kl,0.007696455344557762
434176,clipfrac,0.05849609375
434176,explained_variance,0.037619709968566895
434176,sps,584.0
434831,episodic_return,1000.0
434831,episodic_length,1000.0
435024,episodic_return,191.0
435024,episodic_length,192.0
436025,episodic_return,1000.0
436025,episodic_length,1000.0
436224,value_loss,0.27712762355804443
436224,policy_loss,-0.005986794829368591
436224,approx_kl,0.0032191500067710876
436224,clipfrac,0.016162109375
436224,explained_variance,0.04048079252243042
436224,sps,584.0
436660,episodic_return,633.0
436660,episodic_length,634.0
437661,episodic_return,1000.0
437661,episodic_length,1000.0
438272,value_loss,0.01843951642513275
438272,policy_loss,-0.0013208743184804916
438272,approx_kl,0.0029830941930413246
438272,clipfrac,0.0166015625
438272,explained_variance,0.047562599182128906
438272,sps,584.0
438662,episodic_return,1000.0
438662,episodic_length,1000.0
439663,episodic_return,1000.0
439663,episodic_length,1000.0
440320,value_loss,0.5030433535575867
440320,policy_loss,0.009655628353357315
440320,approx_kl,0.0031443173065781593
440320,clipfrac,0.073046875
440320,explained_variance,0.009160399436950684
440320,sps,584.0
440664,episodic_return,1000.0
440664,episodic_length,1000.0
441665,episodic_return,1000.0
441665,episodic_length,1000.0
442368,value_loss,0.005027924198657274
442368,policy_loss,0.007090345025062561
442368,approx_kl,0.001981949433684349
442368,clipfrac,0.061181640625
442368,explained_variance,-0.025464177131652832
442368,sps,584.0
442666,episodic_return,1000.0
442666,episodic_length,1000.0
443667,episodic_return,1000.0
443667,episodic_length,1000.0
444416,value_loss,0.026555262506008148
444416,policy_loss,-0.004357956349849701
444416,approx_kl,0.003923146054148674
444416,clipfrac,0.055322265625
444416,explained_variance,-0.03099656105041504
444416,sps,584.0
444668,episodic_return,1000.0
444668,episodic_length,1000.0
445102,episodic_return,432.0
445102,episodic_length,433.0
446007,episodic_return,903.0
446007,episodic_length,904.0
446464,value_loss,0.09959222376346588
446464,policy_loss,-0.035758256912231445
446464,approx_kl,0.003650321625173092
446464,clipfrac,0.033447265625
446464,explained_variance,0.05056023597717285
446464,sps,584.0
447008,episodic_return,1000.0
447008,episodic_length,1000.0
448009,episodic_return,1000.0
448009,episodic_length,1000.0
448512,value_loss,0.005984052550047636
448512,policy_loss,-0.0005721300840377808
448512,approx_kl,0.006274260580539703
448512,clipfrac,0.0490234375
448512,explained_variance,-0.008806228637695312
448512,sps,584.0
449010,episodic_return,1000.0
449010,episodic_length,1000.0
449341,episodic_return,329.0
449341,episodic_length,330.0
450342,episodic_return,1000.0
450342,episodic_length,1000.0
450560,value_loss,0.019213039427995682
450560,policy_loss,-0.00701514258980751
450560,approx_kl,0.005064577795565128
450560,clipfrac,0.036962890625
450560,explained_variance,0.012130379676818848
450560,sps,585.0
451343,episodic_return,1000.0
451343,episodic_length,1000.0
451488,episodic_return,143.0
451488,episodic_length,144.0
451779,episodic_return,289.0
451779,episodic_length,290.0
452608,value_loss,0.4461735188961029
452608,policy_loss,-0.0033505186438560486
452608,approx_kl,0.0035312380641698837
452608,clipfrac,0.01943359375
452608,explained_variance,-0.012263655662536621
452608,sps,585.0
452780,episodic_return,1000.0
452780,episodic_length,1000.0
453781,episodic_return,1000.0
453781,episodic_length,1000.0
454656,value_loss,0.12049085646867752
454656,policy_loss,-0.0028345733880996704
454656,approx_kl,0.0031420662999153137
454656,clipfrac,0.0314453125
454656,explained_variance,0.0017927885055541992
454656,sps,585.0
454782,episodic_return,1000.0
454782,episodic_length,1000.0
454988,episodic_return,204.0
454988,episodic_length,205.0
455426,episodic_return,436.0
455426,episodic_length,437.0
456427,episodic_return,1000.0
456427,episodic_length,1000.0
456704,value_loss,0.21492476761341095
456704,policy_loss,-0.0017104223370552063
456704,approx_kl,0.00499569159001112
456704,clipfrac,0.040478515625
456704,explained_variance,0.009053468704223633
456704,sps,585.0
457027,episodic_return,598.0
457027,episodic_length,599.0
458028,episodic_return,1000.0
458028,episodic_length,1000.0
458752,value_loss,0.05671181529760361
458752,policy_loss,-0.006380174309015274
458752,approx_kl,0.007133981212973595
458752,clipfrac,0.068115234375
458752,explained_variance,-0.02845144271850586
458752,sps,585.0
459029,episodic_return,1000.0
459029,episodic_length,1000.0
459172,episodic_return,141.0
459172,episodic_length,142.0
459246,episodic_return,72.0
459246,episodic_length,73.0
460247,episodic_return,1000.0
460247,episodic_length,1000.0
460800,value_loss,0.04633665084838867
460800,policy_loss,0.005288753658533096
460800,approx_kl,0.0034813042730093002
460800,clipfrac,0.023193359375
460800,explained_variance,0.0022349953651428223
460800,sps,585.0
461248,episodic_return,1000.0
461248,episodic_length,1000.0
462200,episodic_return,950.0
462200,episodic_length,951.0
462848,value_loss,0.11480192840099335
462848,policy_loss,0.0009644851088523865
462848,approx_kl,0.0005074189975857735
462848,clipfrac,0.0021484375
462848,explained_variance,-0.0045375823974609375
462848,sps,585.0
463201,episodic_return,1000.0
463201,episodic_length,1000.0
464202,episodic_return,1000.0
464202,episodic_length,1000.0
464896,value_loss,0.16610941290855408
464896,policy_loss,-0.00025794655084609985
464896,approx_kl,0.008238703943789005
464896,clipfrac,0.07001953125
464896,explained_variance,-0.013309121131896973
464896,sps,585.0
465203,episodic_return,1000.0
465203,episodic_length,1000.0
465638,episodic_return,433.0
465638,episodic_length,434.0
466639,episodic_return,1000.0
466639,episodic_length,1000.0
466944,value_loss,0.08459983766078949
466944,policy_loss,0.0010825470089912415
466944,approx_kl,0.0032094018533825874
466944,clipfrac,0.008203125
466944,explained_variance,-0.00494992733001709
466944,sps,585.0
467640,episodic_return,1000.0
467640,episodic_length,1000.0
468641,episodic_return,1000.0
468641,episodic_length,1000.0
468992,value_loss,0.12365419417619705
468992,policy_loss,-0.0003950446844100952
468992,approx_kl,0.00571180135011673
468992,clipfrac,0.03046875
468992,explained_variance,-0.0038399696350097656
468992,sps,585.0
469642,episodic_return,1000.0
469642,episodic_length,1000.0
470350,episodic_return,706.0
470350,episodic_length,707.0
471040,value_loss,0.00434988783672452
471040,policy_loss,-0.0046877674758434296
471040,approx_kl,0.001221679151058197
471040,clipfrac,0.042626953125
471040,explained_variance,0.01036912202835083
471040,sps,585.0
471351,episodic_return,1000.0
471351,episodic_length,1000.0
471695,episodic_return,342.0
471695,episodic_length,343.0
472378,episodic_return,681.0
472378,episodic_length,682.0
472806,episodic_return,426.0
472806,episodic_length,427.0
473088,value_loss,0.29524171352386475
473088,policy_loss,-0.02252274379134178
473088,approx_kl,0.0063943881541490555
473088,clipfrac,0.079638671875
473088,explained_variance,0.012712597846984863
473088,sps,585.0
473807,episodic_return,1000.0
473807,episodic_length,1000.0
474808,episodic_return,1000.0
474808,episodic_length,1000.0
475136,value_loss,0.0048704673536121845
475136,policy_loss,-0.01031079888343811
475136,approx_kl,0.003956155851483345
475136,clipfrac,0.05380859375
475136,explained_variance,-0.015098333358764648
475136,sps,585.0
475809,episodic_return,1000.0
475809,episodic_length,1000.0
476207,episodic_return,396.0
476207,episodic_length,397.0
477184,value_loss,0.005905400961637497
477184,policy_loss,0.0005676150321960449
477184,approx_kl,0.007230027578771114
477184,clipfrac,0.05146484375
477184,explained_variance,-0.003981590270996094
477184,sps,585.0
477208,episodic_return,1000.0
477208,episodic_length,1000.0
478209,episodic_return,1000.0
478209,episodic_length,1000.0
479210,episodic_return,1000.0
479210,episodic_length,1000.0
479232,value_loss,0.0789601132273674
479232,policy_loss,-0.008335895836353302
479232,approx_kl,0.01175800058990717
479232,clipfrac,0.044091796875
479232,explained_variance,0.026058316230773926
479232,sps,585.0
480211,episodic_return,1000.0
480211,episodic_length,1000.0
481212,episodic_return,1000.0
481212,episodic_length,1000.0
481280,value_loss,0.07464683800935745
481280,policy_loss,-0.0185064896941185
481280,approx_kl,0.006209828890860081
481280,clipfrac,0.052197265625
481280,explained_variance,-0.02348637580871582
481280,sps,585.0
482213,episodic_return,1000.0
482213,episodic_length,1000.0
483214,episodic_return,1000.0
483214,episodic_length,1000.0
483328,value_loss,0.12991562485694885
483328,policy_loss,-0.014505364000797272
483328,approx_kl,0.0027546798810362816
483328,clipfrac,0.017724609375
483328,explained_variance,0.020485341548919678
483328,sps,585.0
484215,episodic_return,1000.0
484215,episodic_length,1000.0
485216,episodic_return,1000.0
485216,episodic_length,1000.0
485330,episodic_return,112.0
485330,episodic_length,113.0
485376,value_loss,0.14238816499710083
485376,policy_loss,-0.0017209649085998535
485376,approx_kl,0.004626298323273659
485376,clipfrac,0.047265625
485376,explained_variance,0.005213320255279541
485376,sps,584.0
486331,episodic_return,1000.0
486331,episodic_length,1000.0
487332,episodic_return,1000.0
487332,episodic_length,1000.0
487424,value_loss,0.08595555275678635
487424,policy_loss,0.0023700296878814697
487424,approx_kl,0.0030030841007828712
487424,clipfrac,0.020458984375
487424,explained_variance,-0.014090895652770996
487424,sps,585.0
488333,episodic_return,1000.0
488333,episodic_length,1000.0
489334,episodic_return,1000.0
489334,episodic_length,1000.0
489472,value_loss,0.09430135786533356
489472,policy_loss,0.03029046207666397
489472,approx_kl,0.007933085784316063
489472,clipfrac,0.067578125
489472,explained_variance,-0.009583592414855957
489472,sps,585.0
490335,episodic_return,1000.0
490335,episodic_length,1000.0
490746,episodic_return,409.0
490746,episodic_length,410.0
491197,episodic_return,449.0
491197,episodic_length,450.0
491520,value_loss,0.1532347947359085
491520,policy_loss,-0.0036713071167469025
491520,approx_kl,0.006094958633184433
491520,clipfrac,0.0818359375
491520,explained_variance,0.007687687873840332
491520,sps,585.0
492198,episodic_return,1000.0
492198,episodic_length,1000.0
493199,episodic_return,1000.0
493199,episodic_length,1000.0
493568,value_loss,0.005172009114176035
493568,policy_loss,0.015696629881858826
493568,approx_kl,0.004025516100227833
493568,clipfrac,0.0666015625
493568,explained_variance,-0.006819248199462891
493568,sps,585.0
494200,episodic_return,1000.0
494200,episodic_length,1000.0
495201,episodic_return,1000.0
495201,episodic_length,1000.0
495320,episodic_return,117.0
495320,episodic_length,118.0
495616,value_loss,0.16138988733291626
495616,policy_loss,0.016646940261125565
495616,approx_kl,0.001857152208685875
495616,clipfrac,0.016064453125
495616,explained_variance,0.00940614938735962
495616,sps,585.0
496321,episodic_return,1000.0
496321,episodic_length,1000.0
496333,episodic_return,10.0
496333,episodic_length,11.0
497334,episodic_return,1000.0
497334,episodic_length,1000.0
497664,value_loss,0.27151724696159363
497664,policy_loss,0.007655322551727295
497664,approx_kl,0.0013073189184069633
497664,clipfrac,0.017236328125
497664,explained_variance,0.012293100357055664
497664,sps,585.0
498335,episodic_return,1000.0
498335,episodic_length,1000.0
498967,episodic_return,630.0
498967,episodic_length,631.0
499712,value_loss,0.23615318536758423
499712,policy_loss,-0.0025883354246616364
499712,approx_kl,0.005720188841223717
499712,clipfrac,0.03505859375
499712,explained_variance,0.008620381355285645
499712,sps,585.0
499968,episodic_return,1000.0
499968,episodic_length,1000.0
500969,episodic_return,1000.0
500969,episodic_length,1000.0
501760,value_loss,0.29126787185668945
501760,policy_loss,0.023548852652311325
501760,approx_kl,0.010278168134391308
501760,clipfrac,0.084130859375
501760,explained_variance,-0.0013098716735839844
501760,sps,585.0
501970,episodic_return,1000.0
501970,episodic_length,1000.0
502971,episodic_return,1000.0
502971,episodic_length,1000.0
503808,value_loss,0.08967364579439163
503808,policy_loss,0.025134235620498657
503808,approx_kl,0.004601342603564262
503808,clipfrac,0.055517578125
503808,explained_variance,-0.021643519401550293
503808,sps,585.0
503972,episodic_return,1000.0
503972,episodic_length,1000.0
504973,episodic_return,1000.0
504973,episodic_length,1000.0
505856,value_loss,0.014402459375560284
505856,policy_loss,-0.01663874089717865
505856,approx_kl,0.0047234781086444855
505856,clipfrac,0.08828125
505856,explained_variance,-0.009752035140991211
505856,sps,585.0
505974,episodic_return,1000.0
505974,episodic_length,1000.0
506041,episodic_return,65.0
506041,episodic_length,66.0
507042,episodic_return,1000.0
507042,episodic_length,1000.0
507098,episodic_return,54.0
507098,episodic_length,55.0
507260,episodic_return,160.0
507260,episodic_length,161.0
507904,value_loss,0.3825535774230957
507904,policy_loss,6.908364593982697e-05
507904,approx_kl,0.0024029789492487907
507904,clipfrac,0.0322265625
507904,explained_variance,0.012644350528717041
507904,sps,585.0
507927,episodic_return,665.0
507927,episodic_length,666.0
508225,episodic_return,296.0
508225,episodic_length,297.0
508968,episodic_return,741.0
508968,episodic_length,742.0
509300,episodic_return,330.0
509300,episodic_length,331.0
509952,value_loss,0.06715954840183258
509952,policy_loss,0.0037459805607795715
509952,approx_kl,0.005482529290020466
509952,clipfrac,0.037548828125
509952,explained_variance,0.031209945678710938
509952,sps,585.0
510301,episodic_return,1000.0
510301,episodic_length,1000.0
510659,episodic_return,356.0
510659,episodic_length,357.0
511114,episodic_return,453.0
511114,episodic_length,454.0
512000,value_loss,0.05979347601532936
512000,policy_loss,-0.00011457502841949463
512000,approx_kl,0.006015487015247345
512000,clipfrac,0.071826171875
512000,explained_variance,0.02132970094680786
512000,sps,585.0
512115,episodic_return,1000.0
512115,episodic_length,1000.0
512427,episodic_return,310.0
512427,episodic_length,311.0
513428,episodic_return,1000.0
513428,episodic_length,1000.0
513883,episodic_return,453.0
513883,episodic_length,454.0
514048,value_loss,0.2581840455532074
514048,policy_loss,-0.002940598875284195
514048,approx_kl,0.00532570481300354
514048,clipfrac,0.0791015625
514048,explained_variance,0.039598703384399414
514048,sps,585.0
514884,episodic_return,1000.0
514884,episodic_length,1000.0
515115,episodic_return,229.0
515115,episodic_length,230.0
516096,value_loss,0.12178564816713333
516096,policy_loss,0.0070974454283714294
516096,approx_kl,0.006639176979660988
516096,clipfrac,0.083984375
516096,explained_variance,0.03310680389404297
516096,sps,586.0
516116,episodic_return,1000.0
516116,episodic_length,1000.0
517117,episodic_return,1000.0
517117,episodic_length,1000.0
518118,episodic_return,1000.0
518118,episodic_length,1000.0
518144,value_loss,0.13576850295066833
518144,policy_loss,-0.016209203749895096
518144,approx_kl,0.0077677322551608086
518144,clipfrac,0.090869140625
518144,explained_variance,0.0012146830558776855
518144,sps,585.0
519119,episodic_return,1000.0
519119,episodic_length,1000.0
520120,episodic_return,1000.0
520120,episodic_length,1000.0
520192,value_loss,0.04306945204734802
520192,policy_loss,0.0013901665806770325
520192,approx_kl,0.002465791068971157
520192,clipfrac,0.050830078125
520192,explained_variance,-0.00716710090637207
520192,sps,585.0
521121,episodic_return,1000.0
521121,episodic_length,1000.0
522122,episodic_return,1000.0
522122,episodic_length,1000.0
522240,value_loss,0.1737593412399292
522240,policy_loss,0.0005426183342933655
522240,approx_kl,0.003246394917368889
522240,clipfrac,0.02275390625
522240,explained_variance,-0.02941155433654785
522240,sps,585.0
523123,episodic_return,1000.0
523123,episodic_length,1000.0
524124,episodic_return,1000.0
524124,episodic_length,1000.0
524288,value_loss,0.005128729157149792
524288,policy_loss,0.0015811920166015625
524288,approx_kl,0.002336360514163971
524288,clipfrac,0.039306640625
524288,explained_variance,-0.007718443870544434
524288,sps,585.0
525125,episodic_return,1000.0
525125,episodic_length,1000.0
526126,episodic_return,1000.0
526126,episodic_length,1000.0
526336,value_loss,0.4829091429710388
526336,policy_loss,0.02603350579738617
526336,approx_kl,0.005405253730714321
526336,clipfrac,0.024462890625
526336,explained_variance,0.03576415777206421
526336,sps,585.0
527127,episodic_return,1000.0
527127,episodic_length,1000.0
528128,episodic_return,1000.0
528128,episodic_length,1000.0
528384,value_loss,0.19653451442718506
528384,policy_loss,0.0011803358793258667
528384,approx_kl,0.003254719078540802
528384,clipfrac,0.0373046875
528384,explained_variance,0.013350605964660645
528384,sps,585.0
529129,episodic_return,1000.0
529129,episodic_length,1000.0
530130,episodic_return,1000.0
530130,episodic_length,1000.0
530432,value_loss,0.06072470173239708
530432,policy_loss,0.0011696331202983856
530432,approx_kl,0.004666316322982311
530432,clipfrac,0.048681640625
530432,explained_variance,-0.0053479671478271484
530432,sps,585.0
531131,episodic_return,1000.0
531131,episodic_length,1000.0
531442,episodic_return,309.0
531442,episodic_length,310.0
531500,episodic_return,56.0
531500,episodic_length,57.0
532466,episodic_return,964.0
532466,episodic_length,965.0
532480,value_loss,0.2772338390350342
532480,policy_loss,-0.006886042654514313
532480,approx_kl,0.004080933518707752
532480,clipfrac,0.042236328125
532480,explained_variance,-0.00035452842712402344
532480,sps,585.0
533038,episodic_return,570.0
533038,episodic_length,571.0
534039,episodic_return,1000.0
534039,episodic_length,1000.0
534528,value_loss,0.08111294358968735
534528,policy_loss,0.0006714425981044769
534528,approx_kl,0.003658338449895382
534528,clipfrac,0.041455078125
534528,explained_variance,0.007748842239379883
534528,sps,585.0
535040,episodic_return,1000.0
535040,episodic_length,1000.0
535105,episodic_return,63.0
535105,episodic_length,64.0
535345,episodic_return,238.0
535345,episodic_length,239.0
535931,episodic_return,584.0
535931,episodic_length,585.0
536500,episodic_return,567.0
536500,episodic_length,568.0
536576,value_loss,0.10951951891183853
536576,policy_loss,0.005244601517915726
536576,approx_kl,0.0029560020193457603
536576,clipfrac,0.023046875
536576,explained_variance,0.022918105125427246
536576,sps,585.0
537501,episodic_return,1000.0
537501,episodic_length,1000.0
538102,episodic_return,599.0
538102,episodic_length,600.0
538624,value_loss,0.16416920721530914
538624,policy_loss,0.011988550424575806
538624,approx_kl,0.005260230042040348
538624,clipfrac,0.072900390625
538624,explained_variance,0.01970815658569336
538624,sps,585.0
539103,episodic_return,1000.0
539103,episodic_length,1000.0
539143,episodic_return,38.0
539143,episodic_length,39.0
539743,episodic_return,598.0
539743,episodic_length,599.0
540672,value_loss,0.013329308480024338
540672,policy_loss,-0.009530920535326004
540672,approx_kl,0.003156537190079689
540672,clipfrac,0.060986328125
540672,explained_variance,0.03536134958267212
540672,sps,585.0
540744,episodic_return,1000.0
540744,episodic_length,1000.0
541745,episodic_return,1000.0
541745,episodic_length,1000.0
542720,value_loss,0.00547232199460268
542720,policy_loss,-0.03289405256509781
542720,approx_kl,0.007368069142103195
542720,clipfrac,0.07138671875
542720,explained_variance,-0.018909573554992676
542720,sps,585.0
542746,episodic_return,1000.0
542746,episodic_length,1000.0
543747,episodic_return,1000.0
543747,episodic_length,1000.0
544374,episodic_return,625.0
544374,episodic_length,626.0
544768,value_loss,0.1433236300945282
544768,policy_loss,-0.005767069756984711
544768,approx_kl,0.005060537718236446
544768,clipfrac,0.0369140625
544768,explained_variance,-0.0016160011291503906
544768,sps,585.0
545375,episodic_return,1000.0
545375,episodic_length,1000.0
546376,episodic_return,1000.0
546376,episodic_length,1000.0
546816,value_loss,0.05321040004491806
546816,policy_loss,-0.0033539384603500366
546816,approx_kl,0.007714608684182167
546816,clipfrac,0.093310546875
546816,explained_variance,0.004920005798339844
546816,sps,585.0
547377,episodic_return,1000.0
547377,episodic_length,1000.0
547670,episodic_return,291.0
547670,episodic_length,292.0
548421,episodic_return,749.0
548421,episodic_length,750.0
548864,value_loss,0.231757253408432
548864,policy_loss,0.029312726110219955
548864,approx_kl,0.004706782288849354
548864,clipfrac,0.059423828125
548864,explained_variance,0.011551856994628906
548864,sps,585.0
549422,episodic_return,1000.0
549422,episodic_length,1000.0
549885,episodic_return,461.0
549885,episodic_length,462.0
550661,episodic_return,774.0
550661,episodic_length,775.0
550912,value_loss,0.14623838663101196
550912,policy_loss,0.013014428317546844
550912,approx_kl,0.009137557819485664
550912,clipfrac,0.0548828125
550912,explained_variance,0.022398710250854492
550912,sps,585.0
551662,episodic_return,1000.0
551662,episodic_length,1000.0
552663,episodic_return,1000.0
552663,episodic_length,1000.0
552960,value_loss,0.0908127874135971
552960,policy_loss,-0.009712614119052887
552960,approx_kl,0.006022322922945023
552960,clipfrac,0.056982421875
552960,explained_variance,0.04601496458053589
552960,sps,585.0
553057,episodic_return,392.0
553057,episodic_length,393.0
553195,episodic_return,136.0
553195,episodic_length,137.0
554008,episodic_return,811.0
554008,episodic_length,812.0
555008,value_loss,0.18315258622169495
555008,policy_loss,0.0006981082260608673
555008,approx_kl,0.002480671741068363
555008,clipfrac,0.0484375
555008,explained_variance,0.06235349178314209
555008,sps,585.0
555009,episodic_return,1000.0
555009,episodic_length,1000.0
556010,episodic_return,1000.0
556010,episodic_length,1000.0
557011,episodic_return,1000.0
557011,episodic_length,1000.0
557056,value_loss,0.2739875912666321
557056,policy_loss,0.019404292106628418
557056,approx_kl,0.005367080681025982
557056,clipfrac,0.059375
557056,explained_variance,0.05029958486557007
557056,sps,585.0
558012,episodic_return,1000.0
558012,episodic_length,1000.0
559013,episodic_return,1000.0
559013,episodic_length,1000.0
559104,value_loss,0.16083408892154694
559104,policy_loss,0.0315941721200943
559104,approx_kl,0.0074021946638822556
559104,clipfrac,0.052734375
559104,explained_variance,0.19996345043182373
559104,sps,585.0
559401,episodic_return,386.0
559401,episodic_length,387.0
559678,episodic_return,275.0
559678,episodic_length,276.0
560679,episodic_return,1000.0
560679,episodic_length,1000.0
561152,value_loss,0.1843642145395279
561152,policy_loss,0.016335293650627136
561152,approx_kl,0.0058997077867388725
561152,clipfrac,0.04130859375
561152,explained_variance,0.12325501441955566
561152,sps,585.0
561680,episodic_return,1000.0
561680,episodic_length,1000.0
562681,episodic_return,1000.0
562681,episodic_length,1000.0
563200,value_loss,0.024357734248042107
563200,policy_loss,-0.026727765798568726
563200,approx_kl,0.003953763283789158
563200,clipfrac,0.072607421875
563200,explained_variance,-0.014927387237548828
563200,sps,585.0
563682,episodic_return,1000.0
563682,episodic_length,1000.0
564683,episodic_return,1000.0
564683,episodic_length,1000.0
565248,value_loss,0.28421953320503235
565248,policy_loss,-0.008152574300765991
565248,approx_kl,0.006233901716768742
565248,clipfrac,0.102197265625
565248,explained_variance,0.07683765888214111
565248,sps,585.0
565684,episodic_return,1000.0
565684,episodic_length,1000.0
566685,episodic_return,1000.0
566685,episodic_length,1000.0
567296,value_loss,0.05926598608493805
567296,policy_loss,0.013456150889396667
567296,approx_kl,0.010329347103834152
567296,clipfrac,0.0791015625
567296,explained_variance,0.026219725608825684
567296,sps,585.0
567686,episodic_return,1000.0
567686,episodic_length,1000.0
568687,episodic_return,1000.0
568687,episodic_length,1000.0
569344,value_loss,0.10574697703123093
569344,policy_loss,-0.007944326847791672
569344,approx_kl,0.0015154127031564713
569344,clipfrac,0.01455078125
569344,explained_variance,0.03479677438735962
569344,sps,585.0
569688,episodic_return,1000.0
569688,episodic_length,1000.0
570108,episodic_return,418.0
570108,episodic_length,419.0
571109,episodic_return,1000.0
571109,episodic_length,1000.0
571392,value_loss,0.09061884880065918
571392,policy_loss,-0.004436485469341278
571392,approx_kl,0.002320941537618637
571392,clipfrac,0.02041015625
571392,explained_variance,0.021860957145690918
571392,sps,585.0
572110,episodic_return,1000.0
572110,episodic_length,1000.0
573111,episodic_return,1000.0
573111,episodic_length,1000.0
573440,value_loss,0.10163186490535736
573440,policy_loss,-0.0067375898361206055
573440,approx_kl,0.0035533756017684937
573440,clipfrac,0.06162109375
573440,explained_variance,0.006935477256774902
573440,sps,585.0
574112,episodic_return,1000.0
574112,episodic_length,1000.0
575113,episodic_return,1000.0
575113,episodic_length,1000.0
575488,value_loss,0.17284031212329865
575488,policy_loss,0.006268616765737534
575488,approx_kl,0.004906794987618923
575488,clipfrac,0.05458984375
575488,explained_variance,-0.0293656587600708
575488,sps,585.0
576114,episodic_return,1000.0
576114,episodic_length,1000.0
577115,episodic_return,1000.0
577115,episodic_length,1000.0
577536,value_loss,0.3383624255657196
577536,policy_loss,-0.0007110387086868286
577536,approx_kl,0.00415722094476223
577536,clipfrac,0.01982421875
577536,explained_variance,-0.01584184169769287
577536,sps,585.0
578116,episodic_return,1000.0
578116,episodic_length,1000.0
579117,episodic_return,1000.0
579117,episodic_length,1000.0
579584,value_loss,0.042402856051921844
579584,policy_loss,0.003991246223449707
579584,approx_kl,0.006026124581694603
579584,clipfrac,0.0265625
579584,explained_variance,0.0030345916748046875
579584,sps,585.0
580118,episodic_return,1000.0
580118,episodic_length,1000.0
581119,episodic_return,1000.0
581119,episodic_length,1000.0
581632,value_loss,0.08797691017389297
581632,policy_loss,-0.007853493094444275
581632,approx_kl,0.0020880717784166336
581632,clipfrac,0.021875
581632,explained_variance,0.0888817310333252
581632,sps,585.0
582120,episodic_return,1000.0
582120,episodic_length,1000.0
583121,episodic_return,1000.0
583121,episodic_length,1000.0
583680,value_loss,0.006527808494865894
583680,policy_loss,0.016976498067378998
583680,approx_kl,0.004554790444672108
583680,clipfrac,0.0138671875
583680,explained_variance,-0.022997260093688965
583680,sps,586.0
583824,episodic_return,701.0
583824,episodic_length,702.0
584825,episodic_return,1000.0
584825,episodic_length,1000.0
585728,value_loss,0.1348033845424652
585728,policy_loss,0.000600072555243969
585728,approx_kl,0.0037873676046729088
585728,clipfrac,0.052880859375
585728,explained_variance,0.008850157260894775
585728,sps,586.0
585826,episodic_return,1000.0
585826,episodic_length,1000.0
586827,episodic_return,1000.0
586827,episodic_length,1000.0
587776,value_loss,0.18288403749465942
587776,policy_loss,-0.020811446011066437
587776,approx_kl,0.010676059871912003
587776,clipfrac,0.070361328125
587776,explained_variance,0.0018831491470336914
587776,sps,586.0
587828,episodic_return,1000.0
587828,episodic_length,1000.0
588829,episodic_return,1000.0
588829,episodic_length,1000.0
589824,value_loss,0.08511553704738617
589824,policy_loss,0.005384825170040131
589824,approx_kl,0.0029390929266810417
589824,clipfrac,0.0115234375
589824,explained_variance,0.031447768211364746
589824,sps,586.0
589830,episodic_return,1000.0
589830,episodic_length,1000.0
590831,episodic_return,1000.0
590831,episodic_length,1000.0
591832,episodic_return,1000.0
591832,episodic_length,1000.0
591872,value_loss,0.04828214645385742
591872,policy_loss,-0.007670246064662933
591872,approx_kl,0.002672554925084114
591872,clipfrac,0.01513671875
591872,explained_variance,-0.04138803482055664
591872,sps,586.0
592833,episodic_return,1000.0
592833,episodic_length,1000.0
593834,episodic_return,1000.0
593834,episodic_length,1000.0
593920,value_loss,0.1124611422419548
593920,policy_loss,-0.004404444247484207
593920,approx_kl,0.0008672615513205528
593920,clipfrac,0.00595703125
593920,explained_variance,0.012356281280517578
593920,sps,586.0
594835,episodic_return,1000.0
594835,episodic_length,1000.0
595836,episodic_return,1000.0
595836,episodic_length,1000.0
595968,value_loss,0.21110112965106964
595968,policy_loss,-0.015328735113143921
595968,approx_kl,0.005512450821697712
595968,clipfrac,0.0666015625
595968,explained_variance,0.062360405921936035
595968,sps,585.0
596837,episodic_return,1000.0
596837,episodic_length,1000.0
597838,episodic_return,1000.0
597838,episodic_length,1000.0
598016,value_loss,0.015794040635228157
598016,policy_loss,-0.009239867329597473
598016,approx_kl,0.009950957261025906
598016,clipfrac,0.101220703125
598016,explained_variance,0.012456715106964111
598016,sps,585.0
598499,episodic_return,659.0
598499,episodic_length,660.0
599500,episodic_return,1000.0
599500,episodic_length,1000.0
600064,value_loss,0.07768198102712631
600064,policy_loss,-0.012262403964996338
600064,approx_kl,0.00826831255108118
600064,clipfrac,0.07978515625
600064,explained_variance,-0.03247833251953125
600064,sps,585.0
600501,episodic_return,1000.0
600501,episodic_length,1000.0
601502,episodic_return,1000.0
601502,episodic_length,1000.0
602112,value_loss,0.18040409684181213
602112,policy_loss,-0.012453857809305191
602112,approx_kl,0.005443480797111988
602112,clipfrac,0.088623046875
602112,explained_variance,0.007936656475067139
602112,sps,585.0
602503,episodic_return,1000.0
602503,episodic_length,1000.0
603504,episodic_return,1000.0
603504,episodic_length,1000.0
604160,value_loss,0.006253053434193134
604160,policy_loss,-0.026920419186353683
604160,approx_kl,0.009327249601483345
604160,clipfrac,0.095166015625
604160,explained_variance,0.005842924118041992
604160,sps,585.0
604505,episodic_return,1000.0
604505,episodic_length,1000.0
605506,episodic_return,1000.0
605506,episodic_length,1000.0
606208,value_loss,0.033590108156204224
606208,policy_loss,-0.01277446374297142
606208,approx_kl,0.005714718252420425
606208,clipfrac,0.063427734375
606208,explained_variance,0.06925660371780396
606208,sps,585.0
606507,episodic_return,1000.0
606507,episodic_length,1000.0
607508,episodic_return,1000.0
607508,episodic_length,1000.0
608256,value_loss,0.17734095454216003
608256,policy_loss,0.002186266705393791
608256,approx_kl,0.0032303277403116226
608256,clipfrac,0.03896484375
608256,explained_variance,0.0018282532691955566
608256,sps,585.0
608509,episodic_return,1000.0
608509,episodic_length,1000.0
609510,episodic_return,1000.0
609510,episodic_length,1000.0
610304,value_loss,0.00602172315120697
610304,policy_loss,0.012516879476606846
610304,approx_kl,0.002568386495113373
610304,clipfrac,0.02802734375
610304,explained_variance,0.008763015270233154
610304,sps,585.0
610440,episodic_return,928.0
610440,episodic_length,929.0
611441,episodic_return,1000.0
611441,episodic_length,1000.0
612352,value_loss,0.084462970495224
612352,policy_loss,-0.02827625349164009
612352,approx_kl,0.005519131198525429
612352,clipfrac,0.069140625
612352,explained_variance,0.04321771860122681
612352,sps,585.0
612442,episodic_return,1000.0
612442,episodic_length,1000.0
613443,episodic_return,1000.0
613443,episodic_length,1000.0
614400,value_loss,0.23941682279109955
614400,policy_loss,-0.006188973784446716
614400,approx_kl,0.0026094960048794746
614400,clipfrac,0.029052734375
614400,explained_variance,0.001944124698638916
614400,sps,585.0
614444,episodic_return,1000.0
614444,episodic_length,1000.0
615445,episodic_return,1000.0
615445,episodic_length,1000.0
616446,episodic_return,1000.0
616446,episodic_length,1000.0
616448,value_loss,0.5608060359954834
616448,policy_loss,0.010349731892347336
616448,approx_kl,0.004311935976147652
616448,clipfrac,0.03203125
616448,explained_variance,0.0023964643478393555
616448,sps,585.0
617447,episodic_return,1000.0
617447,episodic_length,1000.0
618448,episodic_return,1000.0
618448,episodic_length,1000.0
618496,value_loss,0.10499954968690872
618496,policy_loss,-0.007068067789077759
618496,approx_kl,0.007546274922788143
618496,clipfrac,0.03759765625
618496,explained_variance,0.005422472953796387
618496,sps,585.0
619449,episodic_return,1000.0
619449,episodic_length,1000.0
620450,episodic_return,1000.0
620450,episodic_length,1000.0
620544,value_loss,0.20756828784942627
620544,policy_loss,0.0008442848920822144
620544,approx_kl,0.005787276662886143
620544,clipfrac,0.0666015625
620544,explained_variance,-0.02281796932220459
620544,sps,585.0
621451,episodic_return,1000.0
621451,episodic_length,1000.0
622452,episodic_return,1000.0
622452,episodic_length,1000.0
622592,value_loss,0.08433700352907181
622592,policy_loss,0.0012418963015079498
622592,approx_kl,0.00916746724396944
622592,clipfrac,0.099755859375
622592,explained_variance,0.007075011730194092
622592,sps,585.0
623453,episodic_return,1000.0
623453,episodic_length,1000.0
624454,episodic_return,1000.0
624454,episodic_length,1000.0
624640,value_loss,0.011957828886806965
624640,policy_loss,0.00426596961915493
624640,approx_kl,0.0028535928577184677
624640,clipfrac,0.027001953125
624640,explained_variance,-0.009321212768554688
624640,sps,585.0
624773,episodic_return,317.0
624773,episodic_length,318.0
625774,episodic_return,1000.0
625774,episodic_length,1000.0
626688,value_loss,0.2939911484718323
626688,policy_loss,0.01473887637257576
626688,approx_kl,0.009147820062935352
626688,clipfrac,0.084716796875
626688,explained_variance,-0.01670384407043457
626688,sps,585.0
626775,episodic_return,1000.0
626775,episodic_length,1000.0
627776,episodic_return,1000.0
627776,episodic_length,1000.0
628736,value_loss,0.1503487080335617
628736,policy_loss,-0.014084406197071075
628736,approx_kl,0.004543989896774292
628736,clipfrac,0.048486328125
628736,explained_variance,-0.0032472610473632812
628736,sps,585.0
628777,episodic_return,1000.0
628777,episodic_length,1000.0
629778,episodic_return,1000.0
629778,episodic_length,1000.0
630779,episodic_return,1000.0
630779,episodic_length,1000.0
630784,value_loss,0.38305675983428955
630784,policy_loss,4.494562745094299e-05
630784,approx_kl,0.0010614432394504547
630784,clipfrac,0.009765625
630784,explained_variance,0.008431077003479004
630784,sps,585.0
631780,episodic_return,1000.0
631780,episodic_length,1000.0
632781,episodic_return,1000.0
632781,episodic_length,1000.0
632832,value_loss,0.19716845452785492
632832,policy_loss,0.0005395002663135529
632832,approx_kl,0.0049954308196902275
632832,clipfrac,0.078515625
632832,explained_variance,0.04203486442565918
632832,sps,585.0
633782,episodic_return,1000.0
633782,episodic_length,1000.0
633937,episodic_return,153.0
633937,episodic_length,154.0
634880,value_loss,0.13800516724586487
634880,policy_loss,0.016544289886951447
634880,approx_kl,0.004532984457910061
634880,clipfrac,0.026416015625
634880,explained_variance,0.020758092403411865
634880,sps,585.0
634938,episodic_return,1000.0
634938,episodic_length,1000.0
635939,episodic_return,1000.0
635939,episodic_length,1000.0
636928,value_loss,0.21630454063415527
636928,policy_loss,-0.006992477923631668
636928,approx_kl,0.00813191570341587
636928,clipfrac,0.050048828125
636928,explained_variance,-0.03356528282165527
636928,sps,585.0
636940,episodic_return,1000.0
636940,episodic_length,1000.0
637941,episodic_return,1000.0
637941,episodic_length,1000.0
638942,episodic_return,1000.0
638942,episodic_length,1000.0
638976,value_loss,0.10612896829843521
638976,policy_loss,-0.0003562048077583313
638976,approx_kl,0.0030082659795880318
638976,clipfrac,0.021728515625
638976,explained_variance,-0.0008902549743652344
638976,sps,585.0
639943,episodic_return,1000.0
639943,episodic_length,1000.0
640944,episodic_return,1000.0
640944,episodic_length,1000.0
641024,value_loss,0.6174483299255371
641024,policy_loss,-0.005906049162149429
641024,approx_kl,0.004137769341468811
641024,clipfrac,0.0380859375
641024,explained_variance,0.01555556058883667
641024,sps,585.0
641397,episodic_return,451.0
641397,episodic_length,452.0
642141,episodic_return,742.0
642141,episodic_length,743.0
643072,value_loss,0.12484686076641083
643072,policy_loss,0.005545632913708687
643072,approx_kl,0.006575104780495167
643072,clipfrac,0.062060546875
643072,explained_variance,0.014341175556182861
643072,sps,585.0
643142,episodic_return,1000.0
643142,episodic_length,1000.0
643577,episodic_return,433.0
643577,episodic_length,434.0
644578,episodic_return,1000.0
644578,episodic_length,1000.0
644760,episodic_return,180.0
644760,episodic_length,181.0
645120,value_loss,0.6141642332077026
645120,policy_loss,-0.020110145211219788
645120,approx_kl,0.005643812939524651
645120,clipfrac,0.02412109375
645120,explained_variance,0.018878698348999023
645120,sps,584.0
645761,episodic_return,1000.0
645761,episodic_length,1000.0
645777,episodic_return,14.0
645777,episodic_length,15.0
646778,episodic_return,1000.0
646778,episodic_length,1000.0
647168,value_loss,0.05296184867620468
647168,policy_loss,-0.017111212015151978
647168,approx_kl,0.0039078230038285255
647168,clipfrac,0.05458984375
647168,explained_variance,-0.005166411399841309
647168,sps,584.0
647779,episodic_return,1000.0
647779,episodic_length,1000.0
648780,episodic_return,1000.0
648780,episodic_length,1000.0
649216,value_loss,0.04976711422204971
649216,policy_loss,-0.017130855470895767
649216,approx_kl,0.0064120301976799965
649216,clipfrac,0.0833984375
649216,explained_variance,0.003323197364807129
649216,sps,584.0
649781,episodic_return,1000.0
649781,episodic_length,1000.0
650782,episodic_return,1000.0
650782,episodic_length,1000.0
651264,value_loss,0.17774516344070435
651264,policy_loss,-0.0042544174939394
651264,approx_kl,0.011021069251000881
651264,clipfrac,0.092578125
651264,explained_variance,-0.004129886627197266
651264,sps,584.0
651783,episodic_return,1000.0
651783,episodic_length,1000.0
651862,episodic_return,77.0
651862,episodic_length,78.0
652372,episodic_return,508.0
652372,episodic_length,509.0
653312,value_loss,0.31819385290145874
653312,policy_loss,0.0011827386915683746
653312,approx_kl,0.004333494231104851
653312,clipfrac,0.05498046875
653312,explained_variance,0.0013102889060974121
653312,sps,585.0
653373,episodic_return,1000.0
653373,episodic_length,1000.0
654374,episodic_return,1000.0
654374,episodic_length,1000.0
655311,episodic_return,935.0
655311,episodic_length,936.0
655360,value_loss,0.12456898391246796
655360,policy_loss,0.010210618376731873
655360,approx_kl,0.0038850056007504463
655360,clipfrac,0.041796875
655360,explained_variance,0.012132108211517334
655360,sps,584.0
656312,episodic_return,1000.0
656312,episodic_length,1000.0
657313,episodic_return,1000.0
657313,episodic_length,1000.0
657408,value_loss,0.09681534022092819
657408,policy_loss,-0.005892716348171234
657408,approx_kl,0.0051332078874111176
657408,clipfrac,0.05986328125
657408,explained_variance,-0.007048368453979492
657408,sps,584.0
658314,episodic_return,1000.0
658314,episodic_length,1000.0
659315,episodic_return,1000.0
659315,episodic_length,1000.0
659456,episodic_return,139.0
659456,episodic_length,140.0
659456,value_loss,0.19349460303783417
659456,policy_loss,0.0029794909060001373
659456,approx_kl,0.0017966032028198242
659456,clipfrac,0.01552734375
659456,explained_variance,0.007568776607513428
659456,sps,584.0
660457,episodic_return,1000.0
660457,episodic_length,1000.0
661208,episodic_return,749.0
661208,episodic_length,750.0
661504,value_loss,0.004315939731895924
661504,policy_loss,-0.015049748122692108
661504,approx_kl,0.006049911491572857
661504,clipfrac,0.066845703125
661504,explained_variance,0.011452257633209229
661504,sps,584.0
662209,episodic_return,1000.0
662209,episodic_length,1000.0
663210,episodic_return,1000.0
663210,episodic_length,1000.0
663552,value_loss,0.2390507012605667
663552,policy_loss,-0.02076541632413864
663552,approx_kl,0.005952830426394939
663552,clipfrac,0.05869140625
663552,explained_variance,0.0005439519882202148
663552,sps,584.0
664211,episodic_return,1000.0
664211,episodic_length,1000.0
664243,episodic_return,30.0
664243,episodic_length,31.0
665244,episodic_return,1000.0
665244,episodic_length,1000.0
665264,episodic_return,18.0
665264,episodic_length,19.0
665600,value_loss,0.07133752852678299
665600,policy_loss,-0.0264851413667202
665600,approx_kl,0.004819651134312153
665600,clipfrac,0.057666015625
665600,explained_variance,-0.018144726753234863
665600,sps,584.0
666265,episodic_return,1000.0
666265,episodic_length,1000.0
667266,episodic_return,1000.0
667266,episodic_length,1000.0
667316,episodic_return,48.0
667316,episodic_length,49.0
667648,value_loss,0.06721191853284836
667648,policy_loss,-0.015652760863304138
667648,approx_kl,0.00817810744047165
667648,clipfrac,0.07529296875
667648,explained_variance,0.01287984848022461
667648,sps,584.0
667922,episodic_return,604.0
667922,episodic_length,605.0
668923,episodic_return,1000.0
668923,episodic_length,1000.0
669696,value_loss,0.030885938555002213
669696,policy_loss,-0.008031100034713745
669696,approx_kl,0.0029192687943577766
669696,clipfrac,0.02470703125
669696,explained_variance,-0.001294851303100586
669696,sps,584.0
669924,episodic_return,1000.0
669924,episodic_length,1000.0
670925,episodic_return,1000.0
670925,episodic_length,1000.0
671353,episodic_return,426.0
671353,episodic_length,427.0
671744,value_loss,0.14320504665374756
671744,policy_loss,-0.011169973760843277
671744,approx_kl,0.003742980770766735
671744,clipfrac,0.042138671875
671744,explained_variance,0.0045073628425598145
671744,sps,584.0
672354,episodic_return,1000.0
672354,episodic_length,1000.0
673004,episodic_return,648.0
673004,episodic_length,649.0
673792,value_loss,0.009721806272864342
673792,policy_loss,-0.004243478178977966
673792,approx_kl,0.0034520309418439865
673792,clipfrac,0.031787109375
673792,explained_variance,0.012675702571868896
673792,sps,585.0
674005,episodic_return,1000.0
674005,episodic_length,1000.0
674580,episodic_return,573.0
674580,episodic_length,574.0
675581,episodic_return,1000.0
675581,episodic_length,1000.0
675840,value_loss,0.46973109245300293
675840,policy_loss,-0.014283917844295502
675840,approx_kl,0.00410123635083437
675840,clipfrac,0.075048828125
675840,explained_variance,-0.0007493495941162109
675840,sps,585.0
676582,episodic_return,1000.0
676582,episodic_length,1000.0
677583,episodic_return,1000.0
677583,episodic_length,1000.0
677888,value_loss,0.2265501320362091
677888,policy_loss,-0.027056358754634857
677888,approx_kl,0.007091343402862549
677888,clipfrac,0.035986328125
677888,explained_variance,0.008710205554962158
677888,sps,585.0
678584,episodic_return,1000.0
678584,episodic_length,1000.0
679585,episodic_return,1000.0
679585,episodic_length,1000.0
679681,episodic_return,94.0
679681,episodic_length,95.0
679936,value_loss,0.1400226354598999
679936,policy_loss,-0.0034241974353790283
679936,approx_kl,0.0053450241684913635
679936,clipfrac,0.06484375
679936,explained_variance,-0.003214240074157715
679936,sps,585.0
680391,episodic_return,708.0
680391,episodic_length,709.0
681099,episodic_return,706.0
681099,episodic_length,707.0
681984,value_loss,0.2039453685283661
681984,policy_loss,-0.008045218884944916
681984,approx_kl,0.005931583233177662
681984,clipfrac,0.071142578125
681984,explained_variance,-0.006208539009094238
681984,sps,585.0
682100,episodic_return,1000.0
682100,episodic_length,1000.0
683041,episodic_return,939.0
683041,episodic_length,940.0
683544,episodic_return,501.0
683544,episodic_length,502.0
684032,value_loss,0.16466912627220154
684032,policy_loss,0.007869701832532883
684032,approx_kl,0.004097380675375462
684032,clipfrac,0.0138671875
684032,explained_variance,0.01955413818359375
684032,sps,585.0
684232,episodic_return,686.0
684232,episodic_length,687.0
685233,episodic_return,1000.0
685233,episodic_length,1000.0
686080,value_loss,0.15822528302669525
686080,policy_loss,-0.009863615036010742
686080,approx_kl,0.006045736372470856
686080,clipfrac,0.063818359375
686080,explained_variance,0.02006930112838745
686080,sps,585.0
686234,episodic_return,1000.0
686234,episodic_length,1000.0
687235,episodic_return,1000.0
687235,episodic_length,1000.0
688128,value_loss,0.017175234854221344
688128,policy_loss,0.002747371792793274
688128,approx_kl,0.0009610699489712715
688128,clipfrac,0.01142578125
688128,explained_variance,-0.0134352445602417
688128,sps,585.0
688236,episodic_return,1000.0
688236,episodic_length,1000.0
688774,episodic_return,536.0
688774,episodic_length,537.0
689350,episodic_return,574.0
689350,episodic_length,575.0
690066,episodic_return,714.0
690066,episodic_length,715.0
690176,value_loss,0.03442949801683426
690176,policy_loss,0.011478539556264877
690176,approx_kl,0.0041276076808571815
690176,clipfrac,0.014111328125
690176,explained_variance,0.0195314884185791
690176,sps,585.0
690827,episodic_return,759.0
690827,episodic_length,760.0
691828,episodic_return,1000.0
691828,episodic_length,1000.0
692224,value_loss,0.07739996910095215
692224,policy_loss,0.007924862205982208
692224,approx_kl,0.002486126497387886
692224,clipfrac,0.032568359375
692224,explained_variance,0.020793616771697998
692224,sps,585.0
692270,episodic_return,440.0
692270,episodic_length,441.0
693271,episodic_return,1000.0
693271,episodic_length,1000.0
694272,episodic_return,1000.0
694272,episodic_length,1000.0
694272,value_loss,0.06029720604419708
694272,policy_loss,0.002466738224029541
694272,approx_kl,0.003611207939684391
694272,clipfrac,0.08427734375
694272,explained_variance,-0.01300811767578125
694272,sps,585.0
694333,episodic_return,59.0
694333,episodic_length,60.0
694577,episodic_return,242.0
694577,episodic_length,243.0
694641,episodic_return,62.0
694641,episodic_length,63.0
695642,episodic_return,1000.0
695642,episodic_length,1000.0
696199,episodic_return,555.0
696199,episodic_length,556.0
696320,value_loss,0.4174465835094452
696320,policy_loss,-0.008452758193016052
696320,approx_kl,0.0020221713930368423
696320,clipfrac,0.00546875
696320,explained_variance,0.029381930828094482
696320,sps,585.0
696439,episodic_return,238.0
696439,episodic_length,239.0
696861,episodic_return,420.0
696861,episodic_length,421.0
697288,episodic_return,425.0
697288,episodic_length,426.0
697579,episodic_return,289.0
697579,episodic_length,290.0
697769,episodic_return,188.0
697769,episodic_length,189.0
698368,value_loss,0.35827696323394775
698368,policy_loss,-0.003137551248073578
698368,approx_kl,0.004230143502354622
698368,clipfrac,0.037353515625
698368,explained_variance,0.024637222290039062
698368,sps,585.0
698436,episodic_return,665.0
698436,episodic_length,666.0
699437,episodic_return,1000.0
699437,episodic_length,1000.0
700416,value_loss,0.1720193773508072
700416,policy_loss,-0.018777545541524887
700416,approx_kl,0.0027941353619098663
700416,clipfrac,0.012890625
700416,explained_variance,0.042508840560913086
700416,sps,585.0
700438,episodic_return,1000.0
700438,episodic_length,1000.0
701397,episodic_return,957.0
701397,episodic_length,958.0
701474,episodic_return,75.0
701474,episodic_length,76.0
701685,episodic_return,209.0
701685,episodic_length,210.0
702464,value_loss,0.46791529655456543
702464,policy_loss,0.008604422211647034
702464,approx_kl,0.002453356049954891
702464,clipfrac,0.027490234375
702464,explained_variance,0.016851365566253662
702464,sps,585.0
702686,episodic_return,1000.0
702686,episodic_length,1000.0
702889,episodic_return,201.0
702889,episodic_length,202.0
703704,episodic_return,813.0
703704,episodic_length,814.0
703766,episodic_return,60.0
703766,episodic_length,61.0
704512,value_loss,0.10805879533290863
704512,policy_loss,0.0014116652309894562
704512,approx_kl,0.0028067370876669884
704512,clipfrac,0.03017578125
704512,explained_variance,0.03673684597015381
704512,sps,585.0
704767,episodic_return,1000.0
704767,episodic_length,1000.0
704816,episodic_return,47.0
704816,episodic_length,48.0
705817,episodic_return,1000.0
705817,episodic_length,1000.0
706560,value_loss,0.27247586846351624
706560,policy_loss,-0.0007397383451461792
706560,approx_kl,0.0029852772131562233
706560,clipfrac,0.013134765625
706560,explained_variance,0.007580697536468506
706560,sps,585.0
706818,episodic_return,1000.0
706818,episodic_length,1000.0
707819,episodic_return,1000.0
707819,episodic_length,1000.0
708093,episodic_return,272.0
708093,episodic_length,273.0
708407,episodic_return,312.0
708407,episodic_length,313.0
708608,value_loss,0.05829058587551117
708608,policy_loss,-0.016104891896247864
708608,approx_kl,0.006379503756761551
708608,clipfrac,0.036669921875
708608,explained_variance,0.030862510204315186
708608,sps,585.0
708712,episodic_return,303.0
708712,episodic_length,304.0
709713,episodic_return,1000.0
709713,episodic_length,1000.0
710656,value_loss,0.3412002921104431
710656,policy_loss,-0.012070700526237488
710656,approx_kl,0.005771313793957233
710656,clipfrac,0.09130859375
710656,explained_variance,0.04171532392501831
710656,sps,585.0
710714,episodic_return,1000.0
710714,episodic_length,1000.0
711715,episodic_return,1000.0
711715,episodic_length,1000.0
712704,value_loss,0.03196362033486366
712704,policy_loss,0.008753351867198944
712704,approx_kl,0.002398093231022358
712704,clipfrac,0.0072265625
712704,explained_variance,0.03619396686553955
712704,sps,585.0
712716,episodic_return,1000.0
712716,episodic_length,1000.0
713717,episodic_return,1000.0
713717,episodic_length,1000.0
714718,episodic_return,1000.0
714718,episodic_length,1000.0
714752,value_loss,0.006715846247971058
714752,policy_loss,-0.01959923654794693
714752,approx_kl,0.005228373222053051
714752,clipfrac,0.0396484375
714752,explained_variance,0.006828963756561279
714752,sps,585.0
715719,episodic_return,1000.0
715719,episodic_length,1000.0
716720,episodic_return,1000.0
716720,episodic_length,1000.0
716800,value_loss,0.07649277150630951
716800,policy_loss,0.010774124413728714
716800,approx_kl,0.004569234326481819
716800,clipfrac,0.04951171875
716800,explained_variance,0.026423215866088867
716800,sps,585.0
717721,episodic_return,1000.0
717721,episodic_length,1000.0
718722,episodic_return,1000.0
718722,episodic_length,1000.0
718848,value_loss,0.12182895094156265
718848,policy_loss,0.006332684308290482
718848,approx_kl,0.005080036818981171
718848,clipfrac,0.036083984375
718848,explained_variance,-0.02202010154724121
718848,sps,585.0
719723,episodic_return,1000.0
719723,episodic_length,1000.0
720145,episodic_return,420.0
720145,episodic_length,421.0
720896,value_loss,0.025935187935829163
720896,policy_loss,0.004573853686451912
720896,approx_kl,0.001989043317735195
720896,clipfrac,0.021337890625
720896,explained_variance,0.05857902765274048
720896,sps,585.0
721146,episodic_return,1000.0
721146,episodic_length,1000.0
722147,episodic_return,1000.0
722147,episodic_length,1000.0
722944,value_loss,0.3827436566352844
722944,policy_loss,0.012897990643978119
722944,approx_kl,0.005110530182719231
722944,clipfrac,0.04267578125
722944,explained_variance,-0.024459481239318848
722944,sps,585.0
723148,episodic_return,1000.0
723148,episodic_length,1000.0
723940,episodic_return,790.0
723940,episodic_length,791.0
724776,episodic_return,834.0
724776,episodic_length,835.0
724992,value_loss,0.17010921239852905
724992,policy_loss,0.004799950867891312
724992,approx_kl,0.005653103813529015
724992,clipfrac,0.053271484375
724992,explained_variance,0.01874244213104248
724992,sps,585.0
725777,episodic_return,1000.0
725777,episodic_length,1000.0
726778,episodic_return,1000.0
726778,episodic_length,1000.0
727040,value_loss,0.004570875316858292
727040,policy_loss,0.009540125727653503
727040,approx_kl,0.003428664058446884
727040,clipfrac,0.057421875
727040,explained_variance,-0.0015406608581542969
727040,sps,585.0
727779,episodic_return,1000.0
727779,episodic_length,1000.0
728780,episodic_return,1000.0
728780,episodic_length,1000.0
729088,value_loss,0.023794805631041527
729088,policy_loss,-0.011731456965208054
729088,approx_kl,0.002572711557149887
729088,clipfrac,0.02294921875
729088,explained_variance,-0.01232612133026123
729088,sps,585.0
729781,episodic_return,1000.0
729781,episodic_length,1000.0
730782,episodic_return,1000.0
730782,episodic_length,1000.0
731136,value_loss,0.09152244031429291
731136,policy_loss,0.031844496726989746
731136,approx_kl,0.0036874404177069664
731136,clipfrac,0.02763671875
731136,explained_variance,-0.0033838748931884766
731136,sps,585.0
731632,episodic_return,848.0
731632,episodic_length,849.0
732633,episodic_return,1000.0
732633,episodic_length,1000.0
733184,value_loss,0.01863686554133892
733184,policy_loss,-0.0013798922300338745
733184,approx_kl,0.002227986231446266
733184,clipfrac,0.0279296875
733184,explained_variance,0.002366364002227783
733184,sps,585.0
733634,episodic_return,1000.0
733634,episodic_length,1000.0
733833,episodic_return,197.0
733833,episodic_length,198.0
734834,episodic_return,1000.0
734834,episodic_length,1000.0
735232,value_loss,0.044375233352184296
735232,policy_loss,0.004816062748432159
735232,approx_kl,0.003497747704386711
735232,clipfrac,0.014208984375
735232,explained_variance,0.007912397384643555
735232,sps,585.0
735835,episodic_return,1000.0
735835,episodic_length,1000.0
736090,episodic_return,253.0
736090,episodic_length,254.0
736974,episodic_return,882.0
736974,episodic_length,883.0
737280,value_loss,0.03448336943984032
737280,policy_loss,-0.02080516330897808
737280,approx_kl,0.005853964947164059
737280,clipfrac,0.037939453125
737280,explained_variance,0.02063971757888794
737280,sps,585.0
737573,episodic_return,597.0
737573,episodic_length,598.0
738356,episodic_return,781.0
738356,episodic_length,782.0
739328,value_loss,0.07484953105449677
739328,policy_loss,0.00481000542640686
739328,approx_kl,0.003006606362760067
739328,clipfrac,0.017041015625
739328,explained_variance,-0.008370637893676758
739328,sps,585.0
739357,episodic_return,1000.0
739357,episodic_length,1000.0
740358,episodic_return,1000.0
740358,episodic_length,1000.0
741359,episodic_return,1000.0
741359,episodic_length,1000.0
741376,value_loss,0.27242720127105713
741376,policy_loss,0.003285203129053116
741376,approx_kl,0.004184534773230553
741376,clipfrac,0.05703125
741376,explained_variance,0.007437407970428467
741376,sps,585.0
742360,episodic_return,1000.0
742360,episodic_length,1000.0
743091,episodic_return,729.0
743091,episodic_length,730.0
743424,value_loss,0.04680828005075455
743424,policy_loss,0.010110009461641312
743424,approx_kl,0.004938414320349693
743424,clipfrac,0.031201171875
743424,explained_variance,-0.0049457550048828125
743424,sps,585.0
744092,episodic_return,1000.0
744092,episodic_length,1000.0
745093,episodic_return,1000.0
745093,episodic_length,1000.0
745472,value_loss,0.01845216378569603
745472,policy_loss,-0.009544864296913147
745472,approx_kl,0.004215845838189125
745472,clipfrac,0.04521484375
745472,explained_variance,-0.009654402732849121
745472,sps,585.0
745717,episodic_return,622.0
745717,episodic_length,623.0
746718,episodic_return,1000.0
746718,episodic_length,1000.0
747520,value_loss,0.41694092750549316
747520,policy_loss,-0.00349334254860878
747520,approx_kl,0.006502334959805012
747520,clipfrac,0.036572265625
747520,explained_variance,0.006251871585845947
747520,sps,585.0
747719,episodic_return,1000.0
747719,episodic_length,1000.0
747953,episodic_return,232.0
747953,episodic_length,233.0
748192,episodic_return,237.0
748192,episodic_length,238.0
748261,episodic_return,67.0
748261,episodic_length,68.0
748871,episodic_return,608.0
748871,episodic_length,609.0
749225,episodic_return,352.0
749225,episodic_length,353.0
749568,value_loss,0.22995883226394653
749568,policy_loss,-0.005305103957653046
749568,approx_kl,0.00337781198322773
749568,clipfrac,0.031103515625
749568,explained_variance,0.010994970798492432
749568,sps,585.0
750226,episodic_return,1000.0
750226,episodic_length,1000.0
751227,episodic_return,1000.0
751227,episodic_length,1000.0
751616,value_loss,0.14421290159225464
751616,policy_loss,0.0027257129549980164
751616,approx_kl,0.005393532104790211
751616,clipfrac,0.012548828125
751616,explained_variance,0.022093236446380615
751616,sps,585.0
751816,episodic_return,587.0
751816,episodic_length,588.0
752817,episodic_return,1000.0
752817,episodic_length,1000.0
753664,value_loss,0.15560440719127655
753664,policy_loss,-0.019946090877056122
753664,approx_kl,0.006910131312906742
753664,clipfrac,0.06357421875
753664,explained_variance,-0.007844090461730957
753664,sps,585.0
753818,episodic_return,1000.0
753818,episodic_length,1000.0
754158,episodic_return,338.0
754158,episodic_length,339.0
754348,episodic_return,188.0
754348,episodic_length,189.0
755349,episodic_return,1000.0
755349,episodic_length,1000.0
755712,value_loss,0.5075737237930298
755712,policy_loss,-0.009224776178598404
755712,approx_kl,0.004042265936732292
755712,clipfrac,0.012060546875
755712,explained_variance,0.02002429962158203
755712,sps,585.0
756350,episodic_return,1000.0
756350,episodic_length,1000.0
757351,episodic_return,1000.0
757351,episodic_length,1000.0
757760,value_loss,0.11150908470153809
757760,policy_loss,-0.003856915980577469
757760,approx_kl,0.002569948323071003
757760,clipfrac,0.0076171875
757760,explained_variance,0.079933762550354
757760,sps,585.0
758352,episodic_return,1000.0
758352,episodic_length,1000.0
759353,episodic_return,1000.0
759353,episodic_length,1000.0
759444,episodic_return,89.0
759444,episodic_length,90.0
759808,value_loss,0.1439710408449173
759808,policy_loss,-0.008066605776548386
759808,approx_kl,0.009747021831572056
759808,clipfrac,0.051708984375
759808,explained_variance,0.010780870914459229
759808,sps,585.0
760445,episodic_return,1000.0
760445,episodic_length,1000.0
761044,episodic_return,597.0
761044,episodic_length,598.0
761856,value_loss,0.05591241270303726
761856,policy_loss,-0.010554239153862
761856,approx_kl,0.00499449297785759
761856,clipfrac,0.0294921875
761856,explained_variance,-0.006647706031799316
761856,sps,585.0
762045,episodic_return,1000.0
762045,episodic_length,1000.0
762718,episodic_return,671.0
762718,episodic_length,672.0
763719,episodic_return,1000.0
763719,episodic_length,1000.0
763904,value_loss,0.016183681786060333
763904,policy_loss,0.006302781403064728
763904,approx_kl,0.00305052287876606
763904,clipfrac,0.006396484375
763904,explained_variance,0.007270753383636475
763904,sps,585.0
764720,episodic_return,1000.0
764720,episodic_length,1000.0
765721,episodic_return,1000.0
765721,episodic_length,1000.0
765952,value_loss,0.005827908404171467
765952,policy_loss,0.01546962559223175
765952,approx_kl,0.005135425366461277
765952,clipfrac,0.037451171875
765952,explained_variance,0.02827167510986328
765952,sps,585.0
766722,episodic_return,1000.0
766722,episodic_length,1000.0
767723,episodic_return,1000.0
767723,episodic_length,1000.0
768000,value_loss,0.034740716218948364
768000,policy_loss,0.0037575215101242065
768000,approx_kl,0.0075443461537361145
768000,clipfrac,0.044580078125
768000,explained_variance,0.045582354068756104
768000,sps,585.0
768584,episodic_return,859.0
768584,episodic_length,860.0
769585,episodic_return,1000.0
769585,episodic_length,1000.0
770048,value_loss,0.051830731332302094
770048,policy_loss,-0.01244981586933136
770048,approx_kl,0.006803854368627071
770048,clipfrac,0.040087890625
770048,explained_variance,0.06341421604156494
770048,sps,585.0
770586,episodic_return,1000.0
770586,episodic_length,1000.0
771587,episodic_return,1000.0
771587,episodic_length,1000.0
772096,value_loss,0.021399065852165222
772096,policy_loss,-0.013099484145641327
772096,approx_kl,0.002867930568754673
772096,clipfrac,0.014013671875
772096,explained_variance,-0.0827869176864624
772096,sps,585.0
772588,episodic_return,1000.0
772588,episodic_length,1000.0
773589,episodic_return,1000.0
773589,episodic_length,1000.0
774144,value_loss,0.006808070000261068
774144,policy_loss,-0.0021428056061267853
774144,approx_kl,0.0011236146092414856
774144,clipfrac,0.000634765625
774144,explained_variance,0.017789602279663086
774144,sps,585.0
774590,episodic_return,1000.0
774590,episodic_length,1000.0
775591,episodic_return,1000.0
775591,episodic_length,1000.0
776028,episodic_return,435.0
776028,episodic_length,436.0
776192,value_loss,0.6403592824935913
776192,policy_loss,0.004800029098987579
776192,approx_kl,0.003165028989315033
776192,clipfrac,0.01982421875
776192,explained_variance,0.0052283406257629395
776192,sps,585.0
777029,episodic_return,1000.0
777029,episodic_length,1000.0
778030,episodic_return,1000.0
778030,episodic_length,1000.0
778240,value_loss,0.1271076649427414
778240,policy_loss,-0.004969973117113113
778240,approx_kl,0.00950250867754221
778240,clipfrac,0.06259765625
778240,explained_variance,-0.03265810012817383
778240,sps,585.0
779031,episodic_return,1000.0
779031,episodic_length,1000.0
780032,episodic_return,1000.0
780032,episodic_length,1000.0
780288,value_loss,0.1170346587896347
780288,policy_loss,0.006641864776611328
780288,approx_kl,0.005057848058640957
780288,clipfrac,0.049365234375
780288,explained_variance,-0.005822300910949707
780288,sps,585.0
781033,episodic_return,1000.0
781033,episodic_length,1000.0
782034,episodic_return,1000.0
782034,episodic_length,1000.0
782336,value_loss,0.19678954780101776
782336,policy_loss,0.00961284339427948
782336,approx_kl,0.004054520279169083
782336,clipfrac,0.0208984375
782336,explained_variance,-0.007918596267700195
782336,sps,585.0
783035,episodic_return,1000.0
783035,episodic_length,1000.0
783627,episodic_return,590.0
783627,episodic_length,591.0
784384,value_loss,0.024531619623303413
784384,policy_loss,-0.002673272043466568
784384,approx_kl,0.0038457391783595085
784384,clipfrac,0.0275390625
784384,explained_variance,0.024650156497955322
784384,sps,585.0
784628,episodic_return,1000.0
784628,episodic_length,1000.0
785629,episodic_return,1000.0
785629,episodic_length,1000.0
786432,value_loss,0.15390586853027344
786432,policy_loss,0.002394929528236389
786432,approx_kl,0.005827882327139378
786432,clipfrac,0.045458984375
786432,explained_variance,-0.004687786102294922
786432,sps,585.0
786630,episodic_return,1000.0
786630,episodic_length,1000.0
787631,episodic_return,1000.0
787631,episodic_length,1000.0
788480,value_loss,0.071192167699337
788480,policy_loss,-0.02039743959903717
788480,approx_kl,0.0031512174755334854
788480,clipfrac,0.010888671875
788480,explained_variance,-0.012709975242614746
788480,sps,585.0
788632,episodic_return,1000.0
788632,episodic_length,1000.0
789633,episodic_return,1000.0
789633,episodic_length,1000.0
790528,value_loss,0.2452848255634308
790528,policy_loss,0.001740776002407074
790528,approx_kl,0.003536393865942955
790528,clipfrac,0.018994140625
790528,explained_variance,-0.013737678527832031
790528,sps,585.0
790634,episodic_return,1000.0
790634,episodic_length,1000.0
791635,episodic_return,1000.0
791635,episodic_length,1000.0
792576,value_loss,0.003709259908646345
792576,policy_loss,0.021177802234888077
792576,approx_kl,0.005223623476922512
792576,clipfrac,0.017529296875
792576,explained_variance,-0.011048078536987305
792576,sps,585.0
792636,episodic_return,1000.0
792636,episodic_length,1000.0
793637,episodic_return,1000.0
793637,episodic_length,1000.0
794515,episodic_return,876.0
794515,episodic_length,877.0
794624,value_loss,0.2156481146812439
794624,policy_loss,-0.004722811281681061
794624,approx_kl,0.0031839217990636826
794624,clipfrac,0.023486328125
794624,explained_variance,-0.006209254264831543
794624,sps,585.0
795516,episodic_return,1000.0
795516,episodic_length,1000.0
796517,episodic_return,1000.0
796517,episodic_length,1000.0
796672,value_loss,0.11397399008274078
796672,policy_loss,-0.0010235197842121124
796672,approx_kl,0.0019548628479242325
796672,clipfrac,0.018017578125
796672,explained_variance,0.019154787063598633
796672,sps,585.0
797518,episodic_return,1000.0
797518,episodic_length,1000.0
798519,episodic_return,1000.0
798519,episodic_length,1000.0
798720,value_loss,0.13157951831817627
798720,policy_loss,0.0013297125697135925
798720,approx_kl,0.0030973749235272408
798720,clipfrac,0.008154296875
798720,explained_variance,0.010238230228424072
798720,sps,585.0
799520,episodic_return,1000.0
799520,episodic_length,1000.0
800521,episodic_return,1000.0
800521,episodic_length,1000.0
800768,value_loss,0.2610660195350647
800768,policy_loss,-0.008112624287605286
800768,approx_kl,0.0021335072815418243
800768,clipfrac,0.0185546875
800768,explained_variance,0.0707738995552063
800768,sps,585.0
801522,episodic_return,1000.0
801522,episodic_length,1000.0
802523,episodic_return,1000.0
802523,episodic_length,1000.0
802816,value_loss,0.13126246631145477
802816,policy_loss,-0.006620779633522034
802816,approx_kl,0.004777507856488228
802816,clipfrac,0.022314453125
802816,explained_variance,0.056404173374176025
802816,sps,585.0
803524,episodic_return,1000.0
803524,episodic_length,1000.0
804525,episodic_return,1000.0
804525,episodic_length,1000.0
804864,value_loss,0.1816125065088272
804864,policy_loss,0.03618934750556946
804864,approx_kl,0.0050731198862195015
804864,clipfrac,0.030322265625
804864,explained_variance,0.008040130138397217
804864,sps,585.0
805226,episodic_return,699.0
805226,episodic_length,700.0
806227,episodic_return,1000.0
806227,episodic_length,1000.0
806912,value_loss,0.004956440068781376
806912,policy_loss,-0.0018112659454345703
806912,approx_kl,0.009279257617890835
806912,clipfrac,0.04248046875
806912,explained_variance,0.01031792163848877
806912,sps,585.0
807228,episodic_return,1000.0
807228,episodic_length,1000.0
808229,episodic_return,1000.0
808229,episodic_length,1000.0
808960,value_loss,0.05338744819164276
808960,policy_loss,-0.006799198687076569
808960,approx_kl,0.002754013054072857
808960,clipfrac,0.061767578125
808960,explained_variance,-0.022386550903320312
808960,sps,585.0
809230,episodic_return,1000.0
809230,episodic_length,1000.0
810231,episodic_return,1000.0
810231,episodic_length,1000.0
811008,value_loss,0.17126303911209106
811008,policy_loss,-0.0028711482882499695
811008,approx_kl,0.0008433926850557327
811008,clipfrac,0.00322265625
811008,explained_variance,-0.006978034973144531
811008,sps,585.0
811232,episodic_return,1000.0
811232,episodic_length,1000.0
812233,episodic_return,1000.0
812233,episodic_length,1000.0
813056,value_loss,0.391730934381485
813056,policy_loss,-0.008974090218544006
813056,approx_kl,0.005389033816754818
813056,clipfrac,0.01982421875
813056,explained_variance,-0.01615726947784424
813056,sps,585.0
813234,episodic_return,1000.0
813234,episodic_length,1000.0
814235,episodic_return,1000.0
814235,episodic_length,1000.0
815104,value_loss,0.14839237928390503
815104,policy_loss,-0.0013798624277114868
815104,approx_kl,0.005496432073414326
815104,clipfrac,0.052978515625
815104,explained_variance,-0.013761043548583984
815104,sps,585.0
815236,episodic_return,1000.0
815236,episodic_length,1000.0
816237,episodic_return,1000.0
816237,episodic_length,1000.0
817152,value_loss,0.05800408497452736
817152,policy_loss,-0.008832219988107681
817152,approx_kl,0.0033779293298721313
817152,clipfrac,0.0064453125
817152,explained_variance,-0.004242539405822754
817152,sps,585.0
817238,episodic_return,1000.0
817238,episodic_length,1000.0
818239,episodic_return,1000.0
818239,episodic_length,1000.0
819200,value_loss,0.06632822006940842
819200,policy_loss,0.005012281239032745
819200,approx_kl,0.0021802354604005814
819200,clipfrac,0.00361328125
819200,explained_variance,-0.009785652160644531
819200,sps,585.0
819240,episodic_return,1000.0
819240,episodic_length,1000.0
820241,episodic_return,1000.0
820241,episodic_length,1000.0
821242,episodic_return,1000.0
821242,episodic_length,1000.0
821248,value_loss,0.28026875853538513
821248,policy_loss,-0.015347346663475037
821248,approx_kl,0.006501238793134689
821248,clipfrac,0.0244140625
821248,explained_variance,0.012321531772613525
821248,sps,585.0
822243,episodic_return,1000.0
822243,episodic_length,1000.0
823244,episodic_return,1000.0
823244,episodic_length,1000.0
823296,value_loss,0.08091168850660324
823296,policy_loss,-0.0034131407737731934
823296,approx_kl,0.005477088503539562
823296,clipfrac,0.05322265625
823296,explained_variance,0.035138726234436035
823296,sps,585.0
824245,episodic_return,1000.0
824245,episodic_length,1000.0
825246,episodic_return,1000.0
825246,episodic_length,1000.0
825344,value_loss,0.07082965970039368
825344,policy_loss,0.010621972382068634
825344,approx_kl,0.002169143408536911
825344,clipfrac,0.010107421875
825344,explained_variance,-0.016507983207702637
825344,sps,585.0
826247,episodic_return,1000.0
826247,episodic_length,1000.0
827248,episodic_return,1000.0
827248,episodic_length,1000.0
827392,value_loss,0.09449873864650726
827392,policy_loss,0.011514617130160332
827392,approx_kl,0.0044948020949959755
827392,clipfrac,0.030078125
827392,explained_variance,0.002995014190673828
827392,sps,585.0
828249,episodic_return,1000.0
828249,episodic_length,1000.0
829250,episodic_return,1000.0
829250,episodic_length,1000.0
829440,value_loss,0.06226649135351181
829440,policy_loss,-0.012853696942329407
829440,approx_kl,0.0013793399557471275
829440,clipfrac,0.002001953125
829440,explained_variance,0.017136991024017334
829440,sps,585.0
830251,episodic_return,1000.0
830251,episodic_length,1000.0
831252,episodic_return,1000.0
831252,episodic_length,1000.0
831488,value_loss,0.22509567439556122
831488,policy_loss,0.026413563638925552
831488,approx_kl,0.004345082677900791
831488,clipfrac,0.033203125
831488,explained_variance,0.04732614755630493
831488,sps,585.0
832253,episodic_return,1000.0
832253,episodic_length,1000.0
833254,episodic_return,1000.0
833254,episodic_length,1000.0
833536,value_loss,0.019216526299715042
833536,policy_loss,0.0018225349485874176
833536,approx_kl,0.006410405971109867
833536,clipfrac,0.031884765625
833536,explained_variance,0.05039715766906738
833536,sps,585.0
834255,episodic_return,1000.0
834255,episodic_length,1000.0
835256,episodic_return,1000.0
835256,episodic_length,1000.0
835584,value_loss,0.09312031418085098
835584,policy_loss,-0.023992516100406647
835584,approx_kl,0.0036761220544576645
835584,clipfrac,0.0095703125
835584,explained_variance,0.04658317565917969
835584,sps,585.0
836257,episodic_return,1000.0
836257,episodic_length,1000.0
837258,episodic_return,1000.0
837258,episodic_length,1000.0
837632,value_loss,0.007171106990426779
837632,policy_loss,-0.009054109454154968
837632,approx_kl,0.004430321045219898
837632,clipfrac,0.01318359375
837632,explained_variance,0.04584360122680664
837632,sps,585.0
838259,episodic_return,1000.0
838259,episodic_length,1000.0
839260,episodic_return,1000.0
839260,episodic_length,1000.0
839680,value_loss,0.11042508482933044
839680,policy_loss,0.004137963056564331
839680,approx_kl,0.0027453601360321045
839680,clipfrac,0.0080078125
839680,explained_variance,0.1525954008102417
839680,sps,585.0
840261,episodic_return,1000.0
840261,episodic_length,1000.0
841262,episodic_return,1000.0
841262,episodic_length,1000.0
841728,value_loss,0.22322845458984375
841728,policy_loss,-0.02432938478887081
841728,approx_kl,0.004154517315328121
841728,clipfrac,0.031396484375
841728,explained_variance,0.02750474214553833
841728,sps,585.0
842263,episodic_return,1000.0
842263,episodic_length,1000.0
843264,episodic_return,1000.0
843264,episodic_length,1000.0
843776,value_loss,0.2778046131134033
843776,policy_loss,-0.0005727335810661316
843776,approx_kl,0.004461393691599369
843776,clipfrac,0.023095703125
843776,explained_variance,0.044997215270996094
843776,sps,585.0
844265,episodic_return,1000.0
844265,episodic_length,1000.0
845266,episodic_return,1000.0
845266,episodic_length,1000.0
845824,value_loss,0.27068689465522766
845824,policy_loss,-0.020754851400852203
845824,approx_kl,0.0035380395129323006
845824,clipfrac,0.00966796875
845824,explained_variance,-0.06076693534851074
845824,sps,585.0
846267,episodic_return,1000.0
846267,episodic_length,1000.0
847268,episodic_return,1000.0
847268,episodic_length,1000.0
847872,value_loss,0.27312371134757996
847872,policy_loss,0.027680158615112305
847872,approx_kl,0.006178892217576504
847872,clipfrac,0.031005859375
847872,explained_variance,-0.005082130432128906
847872,sps,585.0
848269,episodic_return,1000.0
848269,episodic_length,1000.0
849270,episodic_return,1000.0
849270,episodic_length,1000.0
849920,value_loss,0.09535807371139526
849920,policy_loss,-0.0033007748425006866
849920,approx_kl,0.004479745402932167
849920,clipfrac,0.0216796875
849920,explained_variance,-0.023776650428771973
849920,sps,585.0
850271,episodic_return,1000.0
850271,episodic_length,1000.0
851272,episodic_return,1000.0
851272,episodic_length,1000.0
851968,value_loss,0.060256827622652054
851968,policy_loss,0.003315463662147522
851968,approx_kl,0.0022712955251336098
851968,clipfrac,0.00869140625
851968,explained_variance,-0.005108356475830078
851968,sps,585.0
852273,episodic_return,1000.0
852273,episodic_length,1000.0
853274,episodic_return,1000.0
853274,episodic_length,1000.0
854016,value_loss,0.1293412446975708
854016,policy_loss,-0.006119757890701294
854016,approx_kl,0.003379211761057377
854016,clipfrac,0.001416015625
854016,explained_variance,-0.0048111677169799805
854016,sps,585.0
854275,episodic_return,1000.0
854275,episodic_length,1000.0
855276,episodic_return,1000.0
855276,episodic_length,1000.0
856064,value_loss,0.08780495077371597
856064,policy_loss,-0.016829784959554672
856064,approx_kl,0.0043767299503088
856064,clipfrac,0.016015625
856064,explained_variance,-0.0025997161865234375
856064,sps,585.0
856277,episodic_return,1000.0
856277,episodic_length,1000.0
857278,episodic_return,1000.0
857278,episodic_length,1000.0
858112,value_loss,0.26925647258758545
858112,policy_loss,-0.022435735911130905
858112,approx_kl,0.007279476150870323
858112,clipfrac,0.01552734375
858112,explained_variance,-0.01836073398590088
858112,sps,586.0
858279,episodic_return,1000.0
858279,episodic_length,1000.0
859280,episodic_return,1000.0
859280,episodic_length,1000.0
860160,value_loss,0.16844521462917328
860160,policy_loss,0.0026704519987106323
860160,approx_kl,0.003178720362484455
860160,clipfrac,0.0099609375
860160,explained_variance,0.0014165043830871582
860160,sps,586.0
860281,episodic_return,1000.0
860281,episodic_length,1000.0
861282,episodic_return,1000.0
861282,episodic_length,1000.0
862208,value_loss,0.22905276715755463
862208,policy_loss,-0.0010685846209526062
862208,approx_kl,0.0012698620557785034
862208,clipfrac,0.00205078125
862208,explained_variance,0.02931034564971924
862208,sps,586.0
862283,episodic_return,1000.0
862283,episodic_length,1000.0
863284,episodic_return,1000.0
863284,episodic_length,1000.0
864256,value_loss,0.04422682151198387
864256,policy_loss,-0.024034664034843445
864256,approx_kl,0.004390818998217583
864256,clipfrac,0.013720703125
864256,explained_variance,-0.04256761074066162
864256,sps,586.0
864285,episodic_return,1000.0
864285,episodic_length,1000.0
865159,episodic_return,872.0
865159,episodic_length,873.0
866160,episodic_return,1000.0
866160,episodic_length,1000.0
866304,value_loss,0.17199695110321045
866304,policy_loss,0.02169805020093918
866304,approx_kl,0.004623468965291977
866304,clipfrac,0.026953125
866304,explained_variance,0.013429820537567139
866304,sps,586.0
867161,episodic_return,1000.0
867161,episodic_length,1000.0
868162,episodic_return,1000.0
868162,episodic_length,1000.0
868352,value_loss,0.07680273801088333
868352,policy_loss,0.0028084740042686462
868352,approx_kl,0.0023057982325553894
868352,clipfrac,0.005322265625
868352,explained_variance,0.027222931385040283
868352,sps,586.0
869163,episodic_return,1000.0
869163,episodic_length,1000.0
870164,episodic_return,1000.0
870164,episodic_length,1000.0
870400,value_loss,0.4395886957645416
870400,policy_loss,0.006415724754333496
870400,approx_kl,0.0028486233204603195
870400,clipfrac,0.02275390625
870400,explained_variance,0.0015309453010559082
870400,sps,586.0
871165,episodic_return,1000.0
871165,episodic_length,1000.0
872166,episodic_return,1000.0
872166,episodic_length,1000.0
872448,value_loss,0.030411578714847565
872448,policy_loss,0.011648787185549736
872448,approx_kl,0.0022406326606869698
872448,clipfrac,0.012060546875
872448,explained_variance,-0.01112663745880127
872448,sps,586.0
873167,episodic_return,1000.0
873167,episodic_length,1000.0
874168,episodic_return,1000.0
874168,episodic_length,1000.0
874496,value_loss,0.17571508884429932
874496,policy_loss,-0.010032683610916138
874496,approx_kl,0.007284633815288544
874496,clipfrac,0.063671875
874496,explained_variance,0.009500503540039062
874496,sps,585.0
875169,episodic_return,1000.0
875169,episodic_length,1000.0
876170,episodic_return,1000.0
876170,episodic_length,1000.0
876348,episodic_return,176.0
876348,episodic_length,177.0
876544,value_loss,0.30144280195236206
876544,policy_loss,-0.013268034905195236
876544,approx_kl,0.0037760818377137184
876544,clipfrac,0.00693359375
876544,explained_variance,0.029755592346191406
876544,sps,585.0
877349,episodic_return,1000.0
877349,episodic_length,1000.0
878205,episodic_return,854.0
878205,episodic_length,855.0
878592,value_loss,0.006428294815123081
878592,policy_loss,0.004848167300224304
878592,approx_kl,0.0027946345508098602
878592,clipfrac,0.016455078125
878592,explained_variance,0.02583932876586914
878592,sps,585.0
879206,episodic_return,1000.0
879206,episodic_length,1000.0
880207,episodic_return,1000.0
880207,episodic_length,1000.0
880257,episodic_return,48.0
880257,episodic_length,49.0
880587,episodic_return,328.0
880587,episodic_length,329.0
880640,value_loss,0.1450640857219696
880640,policy_loss,0.00211448036134243
880640,approx_kl,0.0035094954073429108
880640,clipfrac,0.006884765625
880640,explained_variance,0.036929428577423096
880640,sps,585.0
881588,episodic_return,1000.0
881588,episodic_length,1000.0
881747,episodic_return,157.0
881747,episodic_length,158.0
882050,episodic_return,301.0
882050,episodic_length,302.0
882688,value_loss,0.056398965418338776
882688,policy_loss,0.008562181144952774
882688,approx_kl,0.0028787562623620033
882688,clipfrac,0.02041015625
882688,explained_variance,0.00789731740951538
882688,sps,586.0
883051,episodic_return,1000.0
883051,episodic_length,1000.0
884052,episodic_return,1000.0
884052,episodic_length,1000.0
884533,episodic_return,479.0
884533,episodic_length,480.0
884736,value_loss,0.07268211245536804
884736,policy_loss,0.03065592050552368
884736,approx_kl,0.0056426310911774635
884736,clipfrac,0.0203125
884736,explained_variance,0.0029008984565734863
884736,sps,585.0
885534,episodic_return,1000.0
885534,episodic_length,1000.0
885667,episodic_return,131.0
885667,episodic_length,132.0
886668,episodic_return,1000.0
886668,episodic_length,1000.0
886784,value_loss,0.09202301502227783
886784,policy_loss,0.008141934871673584
886784,approx_kl,0.004794569686055183
886784,clipfrac,0.00595703125
886784,explained_variance,0.04354065656661987
886784,sps,585.0
887669,episodic_return,1000.0
887669,episodic_length,1000.0
888670,episodic_return,1000.0
888670,episodic_length,1000.0
888832,value_loss,0.34903964400291443
888832,policy_loss,-0.01807788759469986
888832,approx_kl,0.008237069472670555
888832,clipfrac,0.03095703125
888832,explained_variance,0.00444561243057251
888832,sps,585.0
889671,episodic_return,1000.0
889671,episodic_length,1000.0
890672,episodic_return,1000.0
890672,episodic_length,1000.0
890788,episodic_return,114.0
890788,episodic_length,115.0
890880,value_loss,0.18667720258235931
890880,policy_loss,0.0006273910403251648
890880,approx_kl,0.005486376583576202
890880,clipfrac,0.036279296875
890880,explained_variance,0.02545565366744995
890880,sps,586.0
891789,episodic_return,1000.0
891789,episodic_length,1000.0
892790,episodic_return,1000.0
892790,episodic_length,1000.0
892928,value_loss,0.04519086703658104
892928,policy_loss,-0.013383947312831879
892928,approx_kl,0.005473028868436813
892928,clipfrac,0.032080078125
892928,explained_variance,-0.009211897850036621
892928,sps,586.0
893383,episodic_return,591.0
893383,episodic_length,592.0
894045,episodic_return,660.0
894045,episodic_length,661.0
894976,value_loss,0.25732603669166565
894976,policy_loss,-0.021747775375843048
894976,approx_kl,0.006369582377374172
894976,clipfrac,0.030224609375
894976,explained_variance,0.02339857816696167
894976,sps,586.0
895046,episodic_return,1000.0
895046,episodic_length,1000.0
895330,episodic_return,282.0
895330,episodic_length,283.0
895885,episodic_return,553.0
895885,episodic_length,554.0
896493,episodic_return,606.0
896493,episodic_length,607.0
897024,value_loss,0.5754339098930359
897024,policy_loss,-0.018760278820991516
897024,approx_kl,0.003833332099020481
897024,clipfrac,0.021728515625
897024,explained_variance,-0.007494926452636719
897024,sps,586.0
897494,episodic_return,1000.0
897494,episodic_length,1000.0
898495,episodic_return,1000.0
898495,episodic_length,1000.0
899072,value_loss,0.029923677444458008
899072,policy_loss,0.0009409673511981964
899072,approx_kl,0.004481509327888489
899072,clipfrac,0.00478515625
899072,explained_variance,-0.01210165023803711
899072,sps,586.0
899496,episodic_return,1000.0
899496,episodic_length,1000.0
900497,episodic_return,1000.0
900497,episodic_length,1000.0
901120,value_loss,0.27122893929481506
901120,policy_loss,-0.009783066809177399
901120,approx_kl,0.005810307338833809
901120,clipfrac,0.0431640625
901120,explained_variance,0.003903329372406006
901120,sps,586.0
901253,episodic_return,754.0
901253,episodic_length,755.0
901878,episodic_return,623.0
901878,episodic_length,624.0
902879,episodic_return,1000.0
902879,episodic_length,1000.0
903168,value_loss,0.07683026045560837
903168,policy_loss,0.005929134786128998
903168,approx_kl,0.00231814943253994
903168,clipfrac,0.0033203125
903168,explained_variance,0.017735719680786133
903168,sps,586.0
903491,episodic_return,610.0
903491,episodic_length,611.0
904492,episodic_return,1000.0
904492,episodic_length,1000.0
905216,value_loss,0.009207934141159058
905216,policy_loss,-0.002911332994699478
905216,approx_kl,0.005449392832815647
905216,clipfrac,0.02705078125
905216,explained_variance,0.05593198537826538
905216,sps,586.0
905493,episodic_return,1000.0
905493,episodic_length,1000.0
906494,episodic_return,1000.0
906494,episodic_length,1000.0
907264,value_loss,0.23226092755794525
907264,policy_loss,-0.014553837478160858
907264,approx_kl,0.00654253363609314
907264,clipfrac,0.022314453125
907264,explained_variance,0.019277751445770264
907264,sps,586.0
907495,episodic_return,1000.0
907495,episodic_length,1000.0
907635,episodic_return,138.0
907635,episodic_length,139.0
908028,episodic_return,391.0
908028,episodic_length,392.0
909029,episodic_return,1000.0
909029,episodic_length,1000.0
909312,value_loss,0.3203103542327881
909312,policy_loss,-0.010155335068702698
909312,approx_kl,0.0033263983204960823
909312,clipfrac,0.0037109375
909312,explained_variance,0.04027968645095825
909312,sps,586.0
909748,episodic_return,717.0
909748,episodic_length,718.0
910749,episodic_return,1000.0
910749,episodic_length,1000.0
911360,value_loss,0.0491066500544548
911360,policy_loss,0.0003389231860637665
911360,approx_kl,0.0015484979376196861
911360,clipfrac,0.001904296875
911360,explained_variance,-0.024693965911865234
911360,sps,586.0
911750,episodic_return,1000.0
911750,episodic_length,1000.0
912751,episodic_return,1000.0
912751,episodic_length,1000.0
913408,value_loss,0.30321618914604187
913408,policy_loss,-0.00867839902639389
913408,approx_kl,0.006315188482403755
913408,clipfrac,0.02529296875
913408,explained_variance,-0.0027151107788085938
913408,sps,586.0
913752,episodic_return,1000.0
913752,episodic_length,1000.0
914753,episodic_return,1000.0
914753,episodic_length,1000.0
915101,episodic_return,346.0
915101,episodic_length,347.0
915456,value_loss,0.08617795258760452
915456,policy_loss,-0.012524724006652832
915456,approx_kl,0.002265459857881069
915456,clipfrac,0.00263671875
915456,explained_variance,0.030765950679779053
915456,sps,586.0
916102,episodic_return,1000.0
916102,episodic_length,1000.0
916614,episodic_return,510.0
916614,episodic_length,511.0
917504,value_loss,0.23325882852077484
917504,policy_loss,-0.019925881177186966
917504,approx_kl,0.0017683813348412514
917504,clipfrac,0.0005859375
917504,explained_variance,0.04106038808822632
917504,sps,586.0
917615,episodic_return,1000.0
917615,episodic_length,1000.0
918616,episodic_return,1000.0
918616,episodic_length,1000.0
918977,episodic_return,359.0
918977,episodic_length,360.0
919181,episodic_return,202.0
919181,episodic_length,203.0
919344,episodic_return,161.0
919344,episodic_length,162.0
919552,value_loss,0.47560691833496094
919552,policy_loss,0.0018542557954788208
919552,approx_kl,0.0014120573177933693
919552,clipfrac,0.014306640625
919552,explained_variance,0.06105417013168335
919552,sps,586.0
920345,episodic_return,1000.0
920345,episodic_length,1000.0
920880,episodic_return,533.0
920880,episodic_length,534.0
921366,episodic_return,484.0
921366,episodic_length,485.0
921600,value_loss,0.10961142182350159
921600,policy_loss,0.0032267719507217407
921600,approx_kl,0.002445163205265999
921600,clipfrac,0.00810546875
921600,explained_variance,0.10061240196228027
921600,sps,586.0
922367,episodic_return,1000.0
922367,episodic_length,1000.0
922527,episodic_return,158.0
922527,episodic_length,159.0
923342,episodic_return,813.0
923342,episodic_length,814.0
923500,episodic_return,156.0
923500,episodic_length,157.0
923588,episodic_return,86.0
923588,episodic_length,87.0
923648,value_loss,0.25873643159866333
923648,policy_loss,-0.003232087939977646
923648,approx_kl,0.001025698147714138
923648,clipfrac,0.000732421875
923648,explained_variance,0.07040989398956299
923648,sps,586.0
924414,episodic_return,824.0
924414,episodic_length,825.0
925415,episodic_return,1000.0
925415,episodic_length,1000.0
925696,value_loss,0.340569406747818
925696,policy_loss,0.023003414273262024
925696,approx_kl,0.0055318232625722885
925696,clipfrac,0.005615234375
925696,explained_variance,0.10873544216156006
925696,sps,586.0
926416,episodic_return,1000.0
926416,episodic_length,1000.0
926536,episodic_return,118.0
926536,episodic_length,119.0
927537,episodic_return,1000.0
927537,episodic_length,1000.0
927689,episodic_return,150.0
927689,episodic_length,151.0
927744,value_loss,0.19034771621227264
927744,policy_loss,-0.017932087182998657
927744,approx_kl,0.005340412259101868
927744,clipfrac,0.02451171875
927744,explained_variance,0.12623238563537598
927744,sps,586.0
928160,episodic_return,469.0
928160,episodic_length,470.0
929161,episodic_return,1000.0
929161,episodic_length,1000.0
929792,value_loss,0.05195169523358345
929792,policy_loss,-0.029016666114330292
929792,approx_kl,0.0034556919708848
929792,clipfrac,0.0046875
929792,explained_variance,0.16752052307128906
929792,sps,586.0
930162,episodic_return,1000.0
930162,episodic_length,1000.0
931163,episodic_return,1000.0
931163,episodic_length,1000.0
931840,value_loss,0.13347378373146057
931840,policy_loss,-0.016025513410568237
931840,approx_kl,0.0047791581600904465
931840,clipfrac,0.023779296875
931840,explained_variance,0.04016381502151489
931840,sps,586.0
932164,episodic_return,1000.0
932164,episodic_length,1000.0
933165,episodic_return,1000.0
933165,episodic_length,1000.0
933888,value_loss,0.021194983273744583
933888,policy_loss,-0.006224228069186211
933888,approx_kl,0.0017258413136005402
933888,clipfrac,0.002392578125
933888,explained_variance,0.001132369041442871
933888,sps,586.0
934166,episodic_return,1000.0
934166,episodic_length,1000.0
935167,episodic_return,1000.0
935167,episodic_length,1000.0
935936,value_loss,0.26409465074539185
935936,policy_loss,-0.0033631548285484314
935936,approx_kl,0.001207207329571247
935936,clipfrac,0.000341796875
935936,explained_variance,0.03789395093917847
935936,sps,586.0
936168,episodic_return,1000.0
936168,episodic_length,1000.0
937169,episodic_return,1000.0
937169,episodic_length,1000.0
937984,value_loss,0.13483329117298126
937984,policy_loss,-0.004223007708787918
937984,approx_kl,0.0023445915430784225
937984,clipfrac,0.002197265625
937984,explained_variance,0.04927217960357666
937984,sps,586.0
938170,episodic_return,1000.0
938170,episodic_length,1000.0
939171,episodic_return,1000.0
939171,episodic_length,1000.0
940032,value_loss,0.023004567250609398
940032,policy_loss,-0.004440411925315857
940032,approx_kl,0.0023959027603268623
940032,clipfrac,0.00458984375
940032,explained_variance,0.050953209400177
940032,sps,586.0
940172,episodic_return,1000.0
940172,episodic_length,1000.0
940408,episodic_return,234.0
940408,episodic_length,235.0
941409,episodic_return,1000.0
941409,episodic_length,1000.0
942080,value_loss,0.148690328001976
942080,policy_loss,-0.01332264393568039
942080,approx_kl,0.001165430061519146
942080,clipfrac,0.000634765625
942080,explained_variance,0.08970057964324951
942080,sps,586.0
942410,episodic_return,1000.0
942410,episodic_length,1000.0
943411,episodic_return,1000.0
943411,episodic_length,1000.0
944128,value_loss,0.08030535280704498
944128,policy_loss,-0.002536281943321228
944128,approx_kl,0.0013379128649830818
944128,clipfrac,0.00048828125
944128,explained_variance,-0.026581525802612305
944128,sps,586.0
944412,episodic_return,1000.0
944412,episodic_length,1000.0
945413,episodic_return,1000.0
945413,episodic_length,1000.0
945610,episodic_return,195.0
945610,episodic_length,196.0
945682,episodic_return,70.0
945682,episodic_length,71.0
946176,value_loss,0.15232093632221222
946176,policy_loss,-0.006083257496356964
946176,approx_kl,0.0011690063402056694
946176,clipfrac,0.000146484375
946176,explained_variance,-0.0035657882690429688
946176,sps,586.0
946208,episodic_return,524.0
946208,episodic_length,525.0
947209,episodic_return,1000.0
947209,episodic_length,1000.0
948210,episodic_return,1000.0
948210,episodic_length,1000.0
948224,value_loss,0.28654739260673523
948224,policy_loss,-0.010921306908130646
948224,approx_kl,0.0008298000320792198
948224,clipfrac,0.000537109375
948224,explained_variance,0.034052491188049316
948224,sps,586.0
949211,episodic_return,1000.0
949211,episodic_length,1000.0
949741,episodic_return,528.0
949741,episodic_length,529.0
950272,value_loss,0.17786040902137756
950272,policy_loss,0.004078976809978485
950272,approx_kl,0.0005001397803425789
950272,clipfrac,0.0
950272,explained_variance,0.05262017250061035
950272,sps,586.0
950742,episodic_return,1000.0
950742,episodic_length,1000.0
951743,episodic_return,1000.0
951743,episodic_length,1000.0
952320,value_loss,0.16892816126346588
952320,policy_loss,-0.00117599219083786
952320,approx_kl,0.00014273356646299362
952320,clipfrac,0.0
952320,explained_variance,-0.02630472183227539
952320,sps,586.0
952744,episodic_return,1000.0
952744,episodic_length,1000.0
953745,episodic_return,1000.0
953745,episodic_length,1000.0
954340,episodic_return,593.0
954340,episodic_length,594.0
954368,value_loss,0.04546520859003067
954368,policy_loss,0.00480477511882782
954368,approx_kl,0.0008163852617144585
954368,clipfrac,9.765625e-05
954368,explained_variance,0.022625267505645752
954368,sps,586.0
955341,episodic_return,1000.0
955341,episodic_length,1000.0
956342,episodic_return,1000.0
956342,episodic_length,1000.0
956416,value_loss,0.17262230813503265
956416,policy_loss,-0.008467018604278564
956416,approx_kl,0.0007878867909312248
956416,clipfrac,0.0
956416,explained_variance,-0.02761232852935791
956416,sps,586.0
957203,episodic_return,859.0
957203,episodic_length,860.0
958204,episodic_return,1000.0
958204,episodic_length,1000.0
958464,value_loss,0.009124133735895157
958464,policy_loss,-0.004702040925621986
958464,approx_kl,0.0008835513144731522
958464,clipfrac,0.0005859375
958464,explained_variance,0.02785015106201172
958464,sps,586.0
959205,episodic_return,1000.0
959205,episodic_length,1000.0
960206,episodic_return,1000.0
960206,episodic_length,1000.0
960512,value_loss,0.06877560168504715
960512,policy_loss,0.00035240501165390015
960512,approx_kl,0.00024609267711639404
960512,clipfrac,0.0
960512,explained_variance,0.0031083226203918457
960512,sps,586.0
961130,episodic_return,922.0
961130,episodic_length,923.0
962131,episodic_return,1000.0
962131,episodic_length,1000.0
962560,value_loss,0.016151657328009605
962560,policy_loss,0.0006404146552085876
962560,approx_kl,3.1742267310619354e-05
962560,clipfrac,0.0
962560,explained_variance,0.007486581802368164
962560,sps,586.0
962714,episodic_return,581.0
962714,episodic_length,582.0
963715,episodic_return,1000.0
963715,episodic_length,1000.0
964608,value_loss,0.48470258712768555
964608,policy_loss,0.0045957304537296295
964608,approx_kl,0.00012873206287622452
964608,clipfrac,0.0
964608,explained_variance,-0.0003268718719482422
964608,sps,586.0
964716,episodic_return,1000.0
964716,episodic_length,1000.0
965717,episodic_return,1000.0
965717,episodic_length,1000.0
966656,value_loss,0.038576990365982056
966656,policy_loss,-0.008308008313179016
966656,approx_kl,0.0016726497560739517
966656,clipfrac,0.000390625
966656,explained_variance,0.00035840272903442383
966656,sps,586.0
966718,episodic_return,1000.0
966718,episodic_length,1000.0
967065,episodic_return,345.0
967065,episodic_length,346.0
968066,episodic_return,1000.0
968066,episodic_length,1000.0
968704,value_loss,0.198052316904068
968704,policy_loss,-0.0037164390087127686
968704,approx_kl,0.00010370276868343353
968704,clipfrac,0.0
968704,explained_variance,-0.017047882080078125
968704,sps,586.0
969067,episodic_return,1000.0
969067,episodic_length,1000.0
970068,episodic_return,1000.0
970068,episodic_length,1000.0
970752,value_loss,0.5740218758583069
970752,policy_loss,-0.00017715245485305786
970752,approx_kl,0.00021145213395357132
970752,clipfrac,0.0
970752,explained_variance,-0.016384124755859375
970752,sps,586.0
971069,episodic_return,1000.0
971069,episodic_length,1000.0
972070,episodic_return,1000.0
972070,episodic_length,1000.0
972800,value_loss,0.0063827261328697205
972800,policy_loss,-0.00037129223346710205
972800,approx_kl,0.00010542105883359909
972800,clipfrac,0.0
972800,explained_variance,0.0025168657302856445
972800,sps,586.0
973071,episodic_return,1000.0
973071,episodic_length,1000.0
974072,episodic_return,1000.0
974072,episodic_length,1000.0
974848,value_loss,0.0758863240480423
974848,policy_loss,-0.0026358962059020996
974848,approx_kl,0.00013383105397224426
974848,clipfrac,4.8828125e-05
974848,explained_variance,0.008402764797210693
974848,sps,586.0
975073,episodic_return,1000.0
975073,episodic_length,1000.0
976074,episodic_return,1000.0
976074,episodic_length,1000.0
976896,value_loss,0.23559676110744476
976896,policy_loss,-0.0014006011188030243
976896,approx_kl,8.554477244615555e-05
976896,clipfrac,0.0
976896,explained_variance,0.0050868988037109375
976896,sps,586.0
977075,episodic_return,1000.0
977075,episodic_length,1000.0
978076,episodic_return,1000.0
978076,episodic_length,1000.0
978944,value_loss,0.24358633160591125
978944,policy_loss,-0.0037331506609916687
978944,approx_kl,5.691125988960266e-05
978944,clipfrac,0.0
978944,explained_variance,0.007695972919464111
978944,sps,586.0
979077,episodic_return,1000.0
979077,episodic_length,1000.0
980078,episodic_return,1000.0
980078,episodic_length,1000.0
980220,episodic_return,140.0
980220,episodic_length,141.0
980992,value_loss,0.1486981362104416
980992,policy_loss,0.0078611820936203
980992,approx_kl,0.000819845125079155
980992,clipfrac,0.0
980992,explained_variance,0.01588129997253418
980992,sps,586.0
981202,episodic_return,980.0
981202,episodic_length,981.0
981594,episodic_return,390.0
981594,episodic_length,391.0
981743,episodic_return,147.0
981743,episodic_length,148.0
981759,episodic_return,14.0
981759,episodic_length,15.0
982093,episodic_return,332.0
982093,episodic_length,333.0
982612,episodic_return,517.0
982612,episodic_length,518.0
983040,value_loss,0.8398652672767639
983040,policy_loss,-0.01931179314851761
983040,approx_kl,0.0008990569040179253
983040,clipfrac,0.0
983040,explained_variance,0.03609585762023926
983040,sps,586.0
983613,episodic_return,1000.0
983613,episodic_length,1000.0
984614,episodic_return,1000.0
984614,episodic_length,1000.0
985088,value_loss,0.25923487544059753
985088,policy_loss,0.000988788902759552
985088,approx_kl,1.3514421880245209e-05
985088,clipfrac,0.0
985088,explained_variance,0.008493661880493164
985088,sps,586.0
985615,episodic_return,1000.0
985615,episodic_length,1000.0
986616,episodic_return,1000.0
986616,episodic_length,1000.0
987136,value_loss,0.14454583823680878
987136,policy_loss,-0.00018674135208129883
987136,approx_kl,6.582681089639664e-05
987136,clipfrac,0.0
987136,explained_variance,-0.0100783109664917
987136,sps,586.0
987617,episodic_return,1000.0
987617,episodic_length,1000.0
988618,episodic_return,1000.0
988618,episodic_length,1000.0
989184,value_loss,0.004759212490171194
989184,policy_loss,-0.0005223173648118973
989184,approx_kl,1.5266239643096924e-05
989184,clipfrac,0.0
989184,explained_variance,-0.0087127685546875
989184,sps,586.0
989619,episodic_return,1000.0
989619,episodic_length,1000.0
990620,episodic_return,1000.0
990620,episodic_length,1000.0
991232,value_loss,0.11391269415616989
991232,policy_loss,0.0004088990390300751
991232,approx_kl,8.999556303024292e-05
991232,clipfrac,0.0
991232,explained_variance,0.006770789623260498
991232,sps,586.0
991402,episodic_return,780.0
991402,episodic_length,781.0
992403,episodic_return,1000.0
992403,episodic_length,1000.0
993218,episodic_return,813.0
993218,episodic_length,814.0
993280,value_loss,0.22156530618667603
993280,policy_loss,-0.0007342100143432617
993280,approx_kl,9.298324584960938e-06
993280,clipfrac,0.0
993280,explained_variance,0.006023883819580078
993280,sps,586.0
994219,episodic_return,1000.0
994219,episodic_length,1000.0
995220,episodic_return,1000.0
995220,episodic_length,1000.0
995328,value_loss,0.26933595538139343
995328,policy_loss,-0.0004375353455543518
995328,approx_kl,1.4020130038261414e-05
995328,clipfrac,0.0
995328,explained_variance,0.006755232810974121
995328,sps,586.0
996221,episodic_return,1000.0
996221,episodic_length,1000.0
997222,episodic_return,1000.0
997222,episodic_length,1000.0
997376,value_loss,0.1358490288257599
997376,policy_loss,-0.0016703158617019653
997376,approx_kl,1.816730946302414e-05
997376,clipfrac,0.0
997376,explained_variance,0.0044242143630981445
997376,sps,586.0
998223,episodic_return,1000.0
998223,episodic_length,1000.0
999224,episodic_return,1000.0
999224,episodic_length,1000.0
999424,value_loss,0.18957610428333282
999424,policy_loss,-0.0001356378197669983
999424,approx_kl,2.841465175151825e-06
999424,clipfrac,0.0
999424,explained_variance,0.012573063373565674
999424,sps,586.0
