global_step,metric,value
1000,episodic_return,-357.26982107809687
1000,episodic_length,1000.0
2001,episodic_return,-319.6215545258403
2001,episodic_length,1000.0
2048,value_loss,0.20055390894412994
2048,policy_loss,-0.012266907840967178
2048,approx_kl,0.011324333027005196
2048,clipfrac,0.121142578125
2048,explained_variance,-0.8526695966720581
2048,sps,441.0
3002,episodic_return,-329.82715612160814
3002,episodic_length,1000.0
4003,episodic_return,-286.4779237128197
4003,episodic_length,1000.0
4096,value_loss,0.10643365979194641
4096,policy_loss,-0.02900746464729309
4096,approx_kl,0.011485747992992401
4096,clipfrac,0.137451171875
4096,explained_variance,-1.198929786682129
4096,sps,481.0
5004,episodic_return,-364.63483340878304
5004,episodic_length,1000.0
6005,episodic_return,-373.7114762535771
6005,episodic_length,1000.0
6144,value_loss,0.07748983800411224
6144,policy_loss,-0.01952890306711197
6144,approx_kl,0.013169543817639351
6144,clipfrac,0.139892578125
6144,explained_variance,-0.2133251428604126
6144,sps,495.0
7006,episodic_return,-337.27049698339863
7006,episodic_length,1000.0
8007,episodic_return,-351.40550549174685
8007,episodic_length,1000.0
8192,value_loss,0.09408372640609741
8192,policy_loss,-0.027374759316444397
8192,approx_kl,0.017042459920048714
8192,clipfrac,0.12314453125
8192,explained_variance,-0.1015099287033081
8192,sps,503.0
9008,episodic_return,-358.20304298025854
9008,episodic_length,1000.0
10009,episodic_return,-266.6846458119004
10009,episodic_length,1000.0
10240,value_loss,0.07464095205068588
10240,policy_loss,-0.03363519906997681
10240,approx_kl,0.009001709520816803
10240,clipfrac,0.133349609375
10240,explained_variance,0.11239361763000488
10240,sps,512.0
11010,episodic_return,-299.8166063556616
11010,episodic_length,1000.0
12011,episodic_return,-242.48730658496365
12011,episodic_length,1000.0
12288,value_loss,0.06687629967927933
12288,policy_loss,-0.014516491442918777
12288,approx_kl,0.01263484451919794
12288,clipfrac,0.140087890625
12288,explained_variance,0.1783212423324585
12288,sps,515.0
13012,episodic_return,-379.2678397108318
13012,episodic_length,1000.0
14013,episodic_return,-258.17021384228
14013,episodic_length,1000.0
14336,value_loss,0.07319177687168121
14336,policy_loss,-0.01066327840089798
14336,approx_kl,0.01690404862165451
14336,clipfrac,0.132080078125
14336,explained_variance,0.1521185040473938
14336,sps,524.0
15014,episodic_return,-256.32678468174527
15014,episodic_length,1000.0
16015,episodic_return,-271.07614750000704
16015,episodic_length,1000.0
16384,value_loss,0.048788126558065414
16384,policy_loss,-0.008261766284704208
16384,approx_kl,0.012142574414610863
16384,clipfrac,0.1212890625
16384,explained_variance,0.25045299530029297
16384,sps,529.0
17016,episodic_return,-272.8323065400533
17016,episodic_length,1000.0
18017,episodic_return,-344.55911077689655
18017,episodic_length,1000.0
18432,value_loss,0.06002495437860489
18432,policy_loss,-0.03610353544354439
18432,approx_kl,0.022217275574803352
18432,clipfrac,0.152294921875
18432,explained_variance,0.15111684799194336
18432,sps,530.0
19018,episodic_return,-373.51744230117475
19018,episodic_length,1000.0
20019,episodic_return,-269.47049753274007
20019,episodic_length,1000.0
20480,value_loss,0.09831550717353821
20480,policy_loss,-0.057017982006073
20480,approx_kl,0.010728193446993828
20480,clipfrac,0.14609375
20480,explained_variance,0.3058866858482361
20480,sps,535.0
21020,episodic_return,-321.88255011904056
21020,episodic_length,1000.0
22021,episodic_return,-220.4835792171759
22021,episodic_length,1000.0
22528,value_loss,0.06248951703310013
22528,policy_loss,-0.03799256682395935
22528,approx_kl,0.009255464188754559
22528,clipfrac,0.14169921875
22528,explained_variance,0.17370140552520752
22528,sps,540.0
23022,episodic_return,-290.85269356903746
23022,episodic_length,1000.0
24023,episodic_return,-233.00762175427698
24023,episodic_length,1000.0
24576,value_loss,0.051496587693691254
24576,policy_loss,-0.04498640447854996
24576,approx_kl,0.011818718165159225
24576,clipfrac,0.133984375
24576,explained_variance,0.3682926297187805
24576,sps,540.0
25024,episodic_return,-225.5197021947387
25024,episodic_length,1000.0
26025,episodic_return,-331.71704018605317
26025,episodic_length,1000.0
26624,value_loss,0.06256165355443954
26624,policy_loss,-0.042990680783987045
26624,approx_kl,0.010388785973191261
26624,clipfrac,0.1517578125
26624,explained_variance,0.32938146591186523
26624,sps,544.0
27026,episodic_return,-225.50149746770137
27026,episodic_length,1000.0
28027,episodic_return,-231.251704599168
28027,episodic_length,1000.0
28672,value_loss,0.06818529963493347
28672,policy_loss,-0.035447657108306885
28672,approx_kl,0.016633085906505585
28672,clipfrac,0.16220703125
28672,explained_variance,0.346996009349823
28672,sps,549.0
29028,episodic_return,-207.57514035199603
29028,episodic_length,1000.0
30029,episodic_return,-252.87366493187147
30029,episodic_length,1000.0
30720,value_loss,0.038638465106487274
30720,policy_loss,-0.03148460015654564
30720,approx_kl,0.015205539762973785
30720,clipfrac,0.1708984375
30720,explained_variance,0.27903813123703003
30720,sps,549.0
31030,episodic_return,-227.39490093213806
31030,episodic_length,1000.0
32031,episodic_return,-172.52193437896878
32031,episodic_length,1000.0
32768,value_loss,0.04270327836275101
32768,policy_loss,-0.02209623157978058
32768,approx_kl,0.012432887218892574
32768,clipfrac,0.1568359375
32768,explained_variance,0.33441072702407837
32768,sps,552.0
33032,episodic_return,-220.6930779720684
33032,episodic_length,1000.0
34033,episodic_return,-74.43964161287613
34033,episodic_length,1000.0
34816,value_loss,0.04891175031661987
34816,policy_loss,-0.026403572410345078
34816,approx_kl,0.013488312251865864
34816,clipfrac,0.14189453125
34816,explained_variance,0.45253485441207886
34816,sps,551.0
35034,episodic_return,-120.89897314749152
35034,episodic_length,1000.0
36035,episodic_return,-214.23179392615236
36035,episodic_length,1000.0
36864,value_loss,0.06809865683317184
36864,policy_loss,-0.05493258684873581
36864,approx_kl,0.018620185554027557
36864,clipfrac,0.15546875
36864,explained_variance,0.017693519592285156
36864,sps,550.0
37036,episodic_return,-253.42857628757164
37036,episodic_length,1000.0
38037,episodic_return,-198.64867052640207
38037,episodic_length,1000.0
38912,value_loss,0.035344261676073074
38912,policy_loss,-0.05022657662630081
38912,approx_kl,0.010535337962210178
38912,clipfrac,0.135986328125
38912,explained_variance,0.20982509851455688
38912,sps,550.0
39038,episodic_return,-165.66982868928685
39038,episodic_length,1000.0
40039,episodic_return,-109.75143524267754
40039,episodic_length,1000.0
40960,value_loss,0.028187578544020653
40960,policy_loss,-0.05575831979513168
40960,approx_kl,0.012339324690401554
40960,clipfrac,0.167138671875
40960,explained_variance,0.20024865865707397
40960,sps,549.0
41040,episodic_return,-204.0373358378548
41040,episodic_length,1000.0
42041,episodic_return,-115.18895801219912
42041,episodic_length,1000.0
43008,value_loss,0.04665251076221466
43008,policy_loss,-0.044188886880874634
43008,approx_kl,0.011207214556634426
43008,clipfrac,0.140966796875
43008,explained_variance,0.2079184651374817
43008,sps,551.0
43042,episodic_return,-206.35923587243659
43042,episodic_length,1000.0
44043,episodic_return,-152.86169643295185
44043,episodic_length,1000.0
45044,episodic_return,-174.91391183726435
45044,episodic_length,1000.0
45056,value_loss,0.04014866426587105
45056,policy_loss,-0.04375744238495827
45056,approx_kl,0.013072866946458817
45056,clipfrac,0.158935546875
45056,explained_variance,0.30762553215026855
45056,sps,551.0
46045,episodic_return,-162.1197186302046
46045,episodic_length,1000.0
47046,episodic_return,-197.51046758547443
47046,episodic_length,1000.0
47104,value_loss,0.03866739571094513
47104,policy_loss,-0.03565366938710213
47104,approx_kl,0.01721503958106041
47104,clipfrac,0.189697265625
47104,explained_variance,0.26050829887390137
47104,sps,553.0
48047,episodic_return,-84.29236101793158
48047,episodic_length,1000.0
49048,episodic_return,-130.25742975337855
49048,episodic_length,1000.0
49152,value_loss,0.049390267580747604
49152,policy_loss,-0.049224987626075745
49152,approx_kl,0.01540945190936327
49152,clipfrac,0.13359375
49152,explained_variance,0.23078608512878418
49152,sps,555.0
50049,episodic_return,-137.3258030597996
50049,episodic_length,1000.0
51050,episodic_return,-192.54787645173562
51050,episodic_length,1000.0
51200,value_loss,0.031304772943258286
51200,policy_loss,-0.013148151338100433
51200,approx_kl,0.011342980898916721
51200,clipfrac,0.14794921875
51200,explained_variance,0.34537404775619507
51200,sps,555.0
52051,episodic_return,-106.57399709998721
52051,episodic_length,1000.0
53052,episodic_return,-142.8141574542151
53052,episodic_length,1000.0
53248,value_loss,0.0380120575428009
53248,policy_loss,-0.055466290563344955
53248,approx_kl,0.0098337447270751
53248,clipfrac,0.137890625
53248,explained_variance,0.22992712259292603
53248,sps,553.0
54053,episodic_return,-101.88557002433768
54053,episodic_length,1000.0
55054,episodic_return,-33.599092958422574
55054,episodic_length,1000.0
55296,value_loss,0.05051674321293831
55296,policy_loss,-0.0442705936729908
55296,approx_kl,0.010818093083798885
55296,clipfrac,0.1646484375
55296,explained_variance,0.28329968452453613
55296,sps,555.0
56055,episodic_return,-92.05626328499777
56055,episodic_length,1000.0
57056,episodic_return,-177.37678888213395
57056,episodic_length,1000.0
57344,value_loss,0.05721934512257576
57344,policy_loss,-0.04665886238217354
57344,approx_kl,0.011210820637643337
57344,clipfrac,0.148681640625
57344,explained_variance,0.1424606442451477
57344,sps,557.0
58057,episodic_return,-88.09309701041067
58057,episodic_length,1000.0
59058,episodic_return,-242.18803862830222
59058,episodic_length,1000.0
59392,value_loss,0.04249840974807739
59392,policy_loss,-0.03968922421336174
59392,approx_kl,0.015918835997581482
59392,clipfrac,0.1587890625
59392,explained_variance,0.4525681734085083
59392,sps,559.0
60059,episodic_return,-45.38021200162747
60059,episodic_length,1000.0
61060,episodic_return,-39.260469319114875
61060,episodic_length,1000.0
61440,value_loss,0.025938721373677254
61440,policy_loss,-0.032354168593883514
61440,approx_kl,0.009147441014647484
61440,clipfrac,0.158056640625
61440,explained_variance,0.17059946060180664
61440,sps,558.0
62061,episodic_return,9.757499630025725
62061,episodic_length,1000.0
63062,episodic_return,-122.44149119952262
63062,episodic_length,1000.0
63488,value_loss,0.03978842869400978
63488,policy_loss,-0.053474679589271545
63488,approx_kl,0.019853372126817703
63488,clipfrac,0.16123046875
63488,explained_variance,0.4697986841201782
63488,sps,558.0
64063,episodic_return,-47.56388977256103
64063,episodic_length,1000.0
65064,episodic_return,7.937679265062983
65064,episodic_length,1000.0
65536,value_loss,0.0287595447152853
65536,policy_loss,-0.050155967473983765
65536,approx_kl,0.014445430599153042
65536,clipfrac,0.15283203125
65536,explained_variance,0.5636762082576752
65536,sps,557.0
66065,episodic_return,-84.77072702046566
66065,episodic_length,1000.0
67066,episodic_return,21.48746531691236
67066,episodic_length,1000.0
67584,value_loss,0.03062688559293747
67584,policy_loss,-0.037164390087127686
67584,approx_kl,0.013721780851483345
67584,clipfrac,0.170556640625
67584,explained_variance,0.4465022683143616
67584,sps,556.0
68067,episodic_return,49.81428595961543
68067,episodic_length,1000.0
69068,episodic_return,-22.480884264363624
69068,episodic_length,1000.0
69632,value_loss,0.027284005656838417
69632,policy_loss,-0.057712167501449585
69632,approx_kl,0.015596512705087662
69632,clipfrac,0.16064453125
69632,explained_variance,0.13178521394729614
69632,sps,555.0
70069,episodic_return,34.962064170512306
70069,episodic_length,1000.0
71070,episodic_return,56.474746721989604
71070,episodic_length,1000.0
71680,value_loss,0.02393525466322899
71680,policy_loss,-0.044508080929517746
71680,approx_kl,0.013135051354765892
71680,clipfrac,0.17177734375
71680,explained_variance,0.4719572067260742
71680,sps,554.0
72071,episodic_return,22.2580139146344
72071,episodic_length,1000.0
73072,episodic_return,73.84780909331494
73072,episodic_length,1000.0
73728,value_loss,0.01547328196465969
73728,policy_loss,-0.046124909073114395
73728,approx_kl,0.011499343439936638
73728,clipfrac,0.182763671875
73728,explained_variance,0.4501393437385559
73728,sps,556.0
74073,episodic_return,41.22014956592061
74073,episodic_length,1000.0
75074,episodic_return,-16.953605507814096
75074,episodic_length,1000.0
75776,value_loss,0.027109738439321518
75776,policy_loss,-0.02758018672466278
75776,approx_kl,0.013531608507037163
75776,clipfrac,0.16728515625
75776,explained_variance,0.5348747968673706
75776,sps,557.0
76075,episodic_return,26.064391785266128
76075,episodic_length,1000.0
77076,episodic_return,68.47977438122474
77076,episodic_length,1000.0
77824,value_loss,0.019569512456655502
77824,policy_loss,-0.06208067759871483
77824,approx_kl,0.010817984119057655
77824,clipfrac,0.17431640625
77824,explained_variance,0.4871082901954651
77824,sps,557.0
78077,episodic_return,2.192739369021408
78077,episodic_length,1000.0
79078,episodic_return,117.96169687140693
79078,episodic_length,1000.0
79872,value_loss,0.020051080733537674
79872,policy_loss,-0.031635794788599014
79872,approx_kl,0.01176039781421423
79872,clipfrac,0.1748046875
79872,explained_variance,0.31378382444381714
79872,sps,557.0
80079,episodic_return,114.64248807684861
80079,episodic_length,1000.0
81080,episodic_return,108.22372509560488
81080,episodic_length,1000.0
81920,value_loss,0.014972602017223835
81920,policy_loss,-0.044649530202150345
81920,approx_kl,0.016462277621030807
81920,clipfrac,0.1669921875
81920,explained_variance,0.20437169075012207
81920,sps,556.0
82081,episodic_return,115.19601246035718
82081,episodic_length,1000.0
83082,episodic_return,89.92795005740577
83082,episodic_length,1000.0
83968,value_loss,0.01998220756649971
83968,policy_loss,-0.04331164434552193
83968,approx_kl,0.010829820297658443
83968,clipfrac,0.1798828125
83968,explained_variance,0.2796916961669922
83968,sps,556.0
84083,episodic_return,94.24503944689489
84083,episodic_length,1000.0
85084,episodic_return,91.24721913741085
85084,episodic_length,1000.0
86016,value_loss,0.02228371798992157
86016,policy_loss,-0.04026675224304199
86016,approx_kl,0.011477809399366379
86016,clipfrac,0.14912109375
86016,explained_variance,0.35352885723114014
86016,sps,556.0
86085,episodic_return,146.82701537602293
86085,episodic_length,1000.0
87086,episodic_return,174.13460646553474
87086,episodic_length,1000.0
88064,value_loss,0.022855084389448166
88064,policy_loss,-0.04325110837817192
88064,approx_kl,0.011314931325614452
88064,clipfrac,0.138623046875
88064,explained_variance,0.22805160284042358
88064,sps,556.0
88087,episodic_return,178.8679436280985
88087,episodic_length,1000.0
89088,episodic_return,70.69146262110104
89088,episodic_length,1000.0
90089,episodic_return,95.84591229765756
90089,episodic_length,1000.0
90112,value_loss,0.020340170711278915
90112,policy_loss,-0.051725439727306366
90112,approx_kl,0.012073629535734653
90112,clipfrac,0.15888671875
90112,explained_variance,0.3687991499900818
90112,sps,556.0
91090,episodic_return,220.68853123058778
91090,episodic_length,1000.0
92091,episodic_return,104.27995012766296
92091,episodic_length,1000.0
92160,value_loss,0.018452029675245285
92160,policy_loss,-0.05036681890487671
92160,approx_kl,0.016825776547193527
92160,clipfrac,0.216552734375
92160,explained_variance,0.3231375217437744
92160,sps,555.0
93092,episodic_return,108.78529417286212
93092,episodic_length,1000.0
94093,episodic_return,88.13063292613596
94093,episodic_length,1000.0
94208,value_loss,0.02900337427854538
94208,policy_loss,-0.05307965725660324
94208,approx_kl,0.011172807775437832
94208,clipfrac,0.157568359375
94208,explained_variance,0.5746509432792664
94208,sps,555.0
95094,episodic_return,188.0913808287541
95094,episodic_length,1000.0
96095,episodic_return,-20.98421270812325
96095,episodic_length,1000.0
96256,value_loss,0.032539550215005875
96256,policy_loss,-0.037499796599149704
96256,approx_kl,0.014097780920565128
96256,clipfrac,0.191650390625
96256,explained_variance,0.7093607485294342
96256,sps,554.0
97096,episodic_return,275.2930752925324
97096,episodic_length,1000.0
98097,episodic_return,182.37638202923506
98097,episodic_length,1000.0
98304,value_loss,0.016719359904527664
98304,policy_loss,-0.0408351868391037
98304,approx_kl,0.01694425381720066
98304,clipfrac,0.16630859375
98304,explained_variance,0.22520923614501953
98304,sps,554.0
99098,episodic_return,259.107324306812
99098,episodic_length,1000.0
100099,episodic_return,156.42550975544208
100099,episodic_length,1000.0
100352,value_loss,0.019077647477388382
100352,policy_loss,-0.0483279824256897
100352,approx_kl,0.011972188949584961
100352,clipfrac,0.174951171875
100352,explained_variance,0.7020930051803589
100352,sps,555.0
101100,episodic_return,116.31675752450796
101100,episodic_length,1000.0
102101,episodic_return,164.98999518539375
102101,episodic_length,1000.0
102400,value_loss,0.03126087412238121
102400,policy_loss,-0.0701131671667099
102400,approx_kl,0.012858830392360687
102400,clipfrac,0.18525390625
102400,explained_variance,0.7424187362194061
102400,sps,554.0
103102,episodic_return,213.68956669587143
103102,episodic_length,1000.0
104103,episodic_return,258.43734943236075
104103,episodic_length,1000.0
104448,value_loss,0.021321870386600494
104448,policy_loss,-0.06836078315973282
104448,approx_kl,0.015958422794938087
104448,clipfrac,0.193603515625
104448,explained_variance,0.4760087728500366
104448,sps,554.0
105104,episodic_return,290.44689583298197
105104,episodic_length,1000.0
106105,episodic_return,276.52162389055235
106105,episodic_length,1000.0
106496,value_loss,0.017478516325354576
106496,policy_loss,-0.050655946135520935
106496,approx_kl,0.012832029722630978
106496,clipfrac,0.17373046875
106496,explained_variance,0.28794199228286743
106496,sps,554.0
107106,episodic_return,340.1770611424327
107106,episodic_length,1000.0
108107,episodic_return,323.8992501838457
108107,episodic_length,1000.0
108544,value_loss,0.023322679102420807
108544,policy_loss,-0.038782425224781036
108544,approx_kl,0.019719507545232773
108544,clipfrac,0.214599609375
108544,explained_variance,0.4746614694595337
108544,sps,554.0
109108,episodic_return,340.6026221771868
109108,episodic_length,1000.0
110109,episodic_return,330.7096959514113
110109,episodic_length,1000.0
110592,value_loss,0.02805190533399582
110592,policy_loss,-0.05739235877990723
110592,approx_kl,0.026391252875328064
110592,clipfrac,0.183544921875
110592,explained_variance,0.4834338426589966
110592,sps,553.0
111110,episodic_return,388.63169017149056
111110,episodic_length,1000.0
112111,episodic_return,352.2395769767071
112111,episodic_length,1000.0
112640,value_loss,0.038104042410850525
112640,policy_loss,-0.05989322066307068
112640,approx_kl,0.01381624210625887
112640,clipfrac,0.1875
112640,explained_variance,0.17541629076004028
112640,sps,553.0
113112,episodic_return,363.6602847878364
113112,episodic_length,1000.0
114113,episodic_return,269.0180775843963
114113,episodic_length,1000.0
114688,value_loss,0.026157008484005928
114688,policy_loss,-0.05203200504183769
114688,approx_kl,0.012897500768303871
114688,clipfrac,0.183251953125
114688,explained_variance,0.5005475580692291
114688,sps,552.0
115114,episodic_return,345.32881470108714
115114,episodic_length,1000.0
116115,episodic_return,409.5164287817774
116115,episodic_length,1000.0
116736,value_loss,0.01812869869172573
116736,policy_loss,-0.03902658820152283
116736,approx_kl,0.015072598122060299
116736,clipfrac,0.16640625
116736,explained_variance,0.18297302722930908
116736,sps,552.0
117116,episodic_return,344.14900421661696
117116,episodic_length,1000.0
118117,episodic_return,292.182188203358
118117,episodic_length,1000.0
118784,value_loss,0.02043686807155609
118784,policy_loss,-0.06476790457963943
118784,approx_kl,0.015304706059396267
118784,clipfrac,0.19208984375
118784,explained_variance,0.22400128841400146
118784,sps,553.0
119118,episodic_return,458.6894765530616
119118,episodic_length,1000.0
120119,episodic_return,368.0602614534751
120119,episodic_length,1000.0
120832,value_loss,0.015968959778547287
120832,policy_loss,-0.058240726590156555
120832,approx_kl,0.023861875757575035
120832,clipfrac,0.19775390625
120832,explained_variance,0.286923348903656
120832,sps,554.0
121120,episodic_return,400.5177891378709
121120,episodic_length,1000.0
122121,episodic_return,435.5154971634231
122121,episodic_length,1000.0
122880,value_loss,0.013943234458565712
122880,policy_loss,-0.048858970403671265
122880,approx_kl,0.023767784237861633
122880,clipfrac,0.20166015625
122880,explained_variance,0.11438214778900146
122880,sps,555.0
123122,episodic_return,395.8598587094204
123122,episodic_length,1000.0
124123,episodic_return,395.14853858769726
124123,episodic_length,1000.0
124928,value_loss,0.03845323622226715
124928,policy_loss,-0.05149206891655922
124928,approx_kl,0.013415444642305374
124928,clipfrac,0.175244140625
124928,explained_variance,0.48560094833374023
124928,sps,555.0
125124,episodic_return,277.0109888582289
125124,episodic_length,1000.0
126125,episodic_return,371.53289866509846
126125,episodic_length,1000.0
126976,value_loss,0.020193304866552353
126976,policy_loss,-0.042101334780454636
126976,approx_kl,0.016298823058605194
126976,clipfrac,0.2037109375
126976,explained_variance,0.47166192531585693
126976,sps,555.0
127126,episodic_return,468.1963098435942
127126,episodic_length,1000.0
128127,episodic_return,448.93474742495084
128127,episodic_length,1000.0
129024,value_loss,0.013017931021749973
129024,policy_loss,-0.04680664837360382
129024,approx_kl,0.01659654639661312
129024,clipfrac,0.171142578125
129024,explained_variance,0.5465026497840881
129024,sps,555.0
129128,episodic_return,395.06475257805585
129128,episodic_length,1000.0
130129,episodic_return,-201.94162768216236
130129,episodic_length,1000.0
131072,value_loss,0.02418229728937149
131072,policy_loss,-0.05304583162069321
131072,approx_kl,0.009575648233294487
131072,clipfrac,0.173583984375
131072,explained_variance,0.858159601688385
131072,sps,554.0
131130,episodic_return,354.55754378244205
131130,episodic_length,1000.0
132131,episodic_return,501.3215402764646
132131,episodic_length,1000.0
133120,value_loss,0.022725047543644905
133120,policy_loss,-0.04096272960305214
133120,approx_kl,0.025342559441924095
133120,clipfrac,0.20654296875
133120,explained_variance,0.30041956901550293
133120,sps,554.0
133132,episodic_return,496.99467916560565
133132,episodic_length,1000.0
134133,episodic_return,498.89887729919417
134133,episodic_length,1000.0
135134,episodic_return,423.41506387703316
135134,episodic_length,1000.0
135168,value_loss,0.015023836866021156
135168,policy_loss,-0.05368980020284653
135168,approx_kl,0.018386270850896835
135168,clipfrac,0.207763671875
135168,explained_variance,0.5334952175617218
135168,sps,554.0
136135,episodic_return,530.6677047813631
136135,episodic_length,1000.0
137136,episodic_return,446.7378253989084
137136,episodic_length,1000.0
137216,value_loss,0.015287479385733604
137216,policy_loss,-0.029145289212465286
137216,approx_kl,0.014094513840973377
137216,clipfrac,0.192138671875
137216,explained_variance,0.6075377464294434
137216,sps,553.0
138137,episodic_return,485.1342105064773
138137,episodic_length,1000.0
139138,episodic_return,285.4079367373075
139138,episodic_length,1000.0
139264,value_loss,0.03641839325428009
139264,policy_loss,-0.026749789714813232
139264,approx_kl,0.013683666475117207
139264,clipfrac,0.18662109375
139264,explained_variance,0.784538209438324
139264,sps,553.0
140139,episodic_return,485.61604622238866
140139,episodic_length,1000.0
141140,episodic_return,469.9999819687748
141140,episodic_length,1000.0
141312,value_loss,0.018714211881160736
141312,policy_loss,-0.06647278368473053
141312,approx_kl,0.01534044835716486
141312,clipfrac,0.19111328125
141312,explained_variance,0.7545892000198364
141312,sps,553.0
142141,episodic_return,481.9986916597558
142141,episodic_length,1000.0
143142,episodic_return,506.7237315073253
143142,episodic_length,1000.0
143360,value_loss,0.029827754944562912
143360,policy_loss,-0.03480136767029762
143360,approx_kl,0.013225555419921875
143360,clipfrac,0.18583984375
143360,explained_variance,0.42607665061950684
143360,sps,552.0
144143,episodic_return,494.1708481887639
144143,episodic_length,1000.0
145144,episodic_return,535.6385640395108
145144,episodic_length,1000.0
145408,value_loss,0.024417303502559662
145408,policy_loss,-0.0321974903345108
145408,approx_kl,0.01598251983523369
145408,clipfrac,0.2021484375
145408,explained_variance,0.527184933423996
145408,sps,552.0
146145,episodic_return,547.4450989746528
146145,episodic_length,1000.0
147146,episodic_return,514.2091166338058
147146,episodic_length,1000.0
147456,value_loss,0.03880155831575394
147456,policy_loss,-0.05016450583934784
147456,approx_kl,0.0189274400472641
147456,clipfrac,0.19658203125
147456,explained_variance,0.08191883563995361
147456,sps,552.0
148147,episodic_return,533.3461761649273
148147,episodic_length,1000.0
149148,episodic_return,499.84855871620124
149148,episodic_length,1000.0
149504,value_loss,0.021405598148703575
149504,policy_loss,-0.044280946254730225
149504,approx_kl,0.0164664126932621
149504,clipfrac,0.20732421875
149504,explained_variance,0.14691627025604248
149504,sps,552.0
150149,episodic_return,576.2680402889661
150149,episodic_length,1000.0
151150,episodic_return,559.0214730590912
151150,episodic_length,1000.0
151552,value_loss,0.008944637142121792
151552,policy_loss,-0.04204031825065613
151552,approx_kl,0.01447475515305996
151552,clipfrac,0.19833984375
151552,explained_variance,0.18273985385894775
151552,sps,552.0
152151,episodic_return,552.223218138944
152151,episodic_length,1000.0
153152,episodic_return,587.8859331209718
153152,episodic_length,1000.0
153600,value_loss,0.013004966080188751
153600,policy_loss,-0.051053691655397415
153600,approx_kl,0.026099294424057007
153600,clipfrac,0.198828125
153600,explained_variance,0.33164459466934204
153600,sps,552.0
154153,episodic_return,576.2474102258708
154153,episodic_length,1000.0
155154,episodic_return,601.6260129466755
155154,episodic_length,1000.0
155648,value_loss,0.02583765611052513
155648,policy_loss,-0.026458527892827988
155648,approx_kl,0.01273434516042471
155648,clipfrac,0.19619140625
155648,explained_variance,0.18111544847488403
155648,sps,553.0
156155,episodic_return,678.9323173056563
156155,episodic_length,1000.0
157156,episodic_return,573.6389706221132
157156,episodic_length,1000.0
157696,value_loss,0.031216055154800415
157696,policy_loss,-0.0593547448515892
157696,approx_kl,0.020055647939443588
157696,clipfrac,0.214208984375
157696,explained_variance,0.15564388036727905
157696,sps,554.0
158157,episodic_return,642.6768355357551
158157,episodic_length,1000.0
159158,episodic_return,666.7474653344706
159158,episodic_length,1000.0
159744,value_loss,0.029740285128355026
159744,policy_loss,-0.05033419281244278
159744,approx_kl,0.023729786276817322
159744,clipfrac,0.222265625
159744,explained_variance,0.23413324356079102
159744,sps,554.0
160159,episodic_return,532.824317377969
160159,episodic_length,1000.0
161160,episodic_return,627.9750119262848
161160,episodic_length,1000.0
161792,value_loss,0.01618865132331848
161792,policy_loss,-0.023341499269008636
161792,approx_kl,0.020392080768942833
161792,clipfrac,0.209423828125
161792,explained_variance,0.19277441501617432
161792,sps,555.0
162161,episodic_return,469.04948596368064
162161,episodic_length,1000.0
163162,episodic_return,631.3468824443281
163162,episodic_length,1000.0
163840,value_loss,0.013491829857230186
163840,policy_loss,-0.06155214458703995
163840,approx_kl,0.017211442813277245
163840,clipfrac,0.214697265625
163840,explained_variance,0.345855712890625
163840,sps,556.0
164163,episodic_return,614.3785727372281
164163,episodic_length,1000.0
165164,episodic_return,636.1927948050479
165164,episodic_length,1000.0
165888,value_loss,0.013079116120934486
165888,policy_loss,-0.06023689731955528
165888,approx_kl,0.014776971191167831
165888,clipfrac,0.20380859375
165888,explained_variance,0.10128790140151978
165888,sps,556.0
166165,episodic_return,621.0896874223001
166165,episodic_length,1000.0
167166,episodic_return,592.5217102118808
167166,episodic_length,1000.0
167936,value_loss,0.007194469217211008
167936,policy_loss,-0.043873634189367294
167936,approx_kl,0.020175457000732422
167936,clipfrac,0.244189453125
167936,explained_variance,0.21652710437774658
167936,sps,557.0
168167,episodic_return,638.5412134774314
168167,episodic_length,1000.0
169168,episodic_return,700.6614381256027
169168,episodic_length,1000.0
169984,value_loss,0.01808314211666584
169984,policy_loss,-0.03447820991277695
169984,approx_kl,0.014542249962687492
169984,clipfrac,0.22626953125
169984,explained_variance,0.2342485785484314
169984,sps,557.0
170169,episodic_return,682.1738062406871
170169,episodic_length,1000.0
171170,episodic_return,676.5897977533772
171170,episodic_length,1000.0
172032,value_loss,0.006091057322919369
172032,policy_loss,-0.04821189120411873
172032,approx_kl,0.022946570068597794
172032,clipfrac,0.230615234375
172032,explained_variance,0.24595415592193604
172032,sps,558.0
172171,episodic_return,788.6506439564051
172171,episodic_length,1000.0
173172,episodic_return,796.6254574847018
173172,episodic_length,1000.0
174080,value_loss,0.006569902412593365
174080,policy_loss,-0.049860719591379166
174080,approx_kl,0.01860952004790306
174080,clipfrac,0.1947265625
174080,explained_variance,0.1159520149230957
174080,sps,558.0
174173,episodic_return,675.092199970954
174173,episodic_length,1000.0
175174,episodic_return,649.9365702158892
175174,episodic_length,1000.0
176128,value_loss,0.028005603700876236
176128,policy_loss,-0.0471474714577198
176128,approx_kl,0.02078925631940365
176128,clipfrac,0.22451171875
176128,explained_variance,0.20688283443450928
176128,sps,559.0
176175,episodic_return,747.4185530019992
176175,episodic_length,1000.0
177176,episodic_return,658.932193728325
177176,episodic_length,1000.0
178176,value_loss,0.0033451300114393234
178176,policy_loss,-0.048653118312358856
178176,approx_kl,0.017379838973283768
178176,clipfrac,0.197607421875
178176,explained_variance,0.2183123230934143
178176,sps,560.0
178177,episodic_return,662.4488895326431
178177,episodic_length,1000.0
179178,episodic_return,714.7725473233885
179178,episodic_length,1000.0
180179,episodic_return,449.84318867449974
180179,episodic_length,1000.0
180224,value_loss,0.009048123843967915
180224,policy_loss,-0.03864806517958641
180224,approx_kl,0.02131000906229019
180224,clipfrac,0.212548828125
180224,explained_variance,0.8444455116987228
180224,sps,559.0
181180,episodic_return,605.1702356015778
181180,episodic_length,1000.0
182181,episodic_return,732.1867656773951
182181,episodic_length,1000.0
182272,value_loss,0.024996142834424973
182272,policy_loss,-0.05499986931681633
182272,approx_kl,0.011417681351304054
182272,clipfrac,0.19228515625
182272,explained_variance,0.5227145254611969
182272,sps,559.0
183182,episodic_return,745.3216364631627
183182,episodic_length,1000.0
184183,episodic_return,747.3763277155077
184183,episodic_length,1000.0
184320,value_loss,0.017643695697188377
184320,policy_loss,-0.030303988605737686
184320,approx_kl,0.01382262259721756
184320,clipfrac,0.223486328125
184320,explained_variance,0.28865212202072144
184320,sps,558.0
185184,episodic_return,709.1348472135192
185184,episodic_length,1000.0
186185,episodic_return,808.7895577057014
186185,episodic_length,1000.0
186368,value_loss,0.012656815350055695
186368,policy_loss,-0.04679974913597107
186368,approx_kl,0.01896670274436474
186368,clipfrac,0.217578125
186368,explained_variance,0.3591550588607788
186368,sps,558.0
187186,episodic_return,738.2563248431309
187186,episodic_length,1000.0
188187,episodic_return,370.317441885269
188187,episodic_length,1000.0
188416,value_loss,0.013619082979857922
188416,policy_loss,-0.044898658990859985
188416,approx_kl,0.022360965609550476
188416,clipfrac,0.20498046875
188416,explained_variance,0.6726946830749512
188416,sps,559.0
189188,episodic_return,744.3169328863078
189188,episodic_length,1000.0
190189,episodic_return,495.9841146781156
190189,episodic_length,1000.0
190464,value_loss,0.031048905104398727
190464,policy_loss,-0.036669258028268814
190464,approx_kl,0.015682250261306763
190464,clipfrac,0.223046875
190464,explained_variance,0.6640214920043945
190464,sps,559.0
191190,episodic_return,751.3556192778608
191190,episodic_length,1000.0
192191,episodic_return,788.2105261956964
192191,episodic_length,1000.0
192512,value_loss,0.041779205203056335
192512,policy_loss,-0.037380658090114594
192512,approx_kl,0.014835949055850506
192512,clipfrac,0.2234375
192512,explained_variance,0.4071453809738159
192512,sps,559.0
193192,episodic_return,755.885955991536
193192,episodic_length,1000.0
194193,episodic_return,794.1705243562964
194193,episodic_length,1000.0
194560,value_loss,0.007348152808845043
194560,policy_loss,-0.014368623495101929
194560,approx_kl,0.01833648607134819
194560,clipfrac,0.217138671875
194560,explained_variance,0.2786281704902649
194560,sps,559.0
195194,episodic_return,834.1675666208308
195194,episodic_length,1000.0
196195,episodic_return,596.2460605220061
196195,episodic_length,1000.0
196608,value_loss,0.011484408751130104
196608,policy_loss,-0.028641507029533386
196608,approx_kl,0.015744514763355255
196608,clipfrac,0.220703125
196608,explained_variance,0.7184558808803558
196608,sps,559.0
197196,episodic_return,725.2099995528935
197196,episodic_length,1000.0
198197,episodic_return,806.3466513869381
198197,episodic_length,1000.0
198656,value_loss,0.018821828067302704
198656,policy_loss,-0.05207972601056099
198656,approx_kl,0.018132708966732025
198656,clipfrac,0.213232421875
198656,explained_variance,0.03577965497970581
198656,sps,560.0
199198,episodic_return,817.1805287092764
199198,episodic_length,1000.0
200199,episodic_return,831.398929226957
200199,episodic_length,1000.0
200704,value_loss,0.013533477671444416
200704,policy_loss,-0.02874910831451416
200704,approx_kl,0.01478867419064045
200704,clipfrac,0.2380859375
200704,explained_variance,0.26293349266052246
200704,sps,559.0
201200,episodic_return,904.6854229385758
201200,episodic_length,1000.0
202201,episodic_return,763.5028632786351
202201,episodic_length,1000.0
202752,value_loss,0.015951460227370262
202752,policy_loss,-0.053078070282936096
202752,approx_kl,0.027120260521769524
202752,clipfrac,0.209228515625
202752,explained_variance,0.10758644342422485
202752,sps,559.0
203202,episodic_return,872.6069093649354
203202,episodic_length,1000.0
204203,episodic_return,847.6837434548788
204203,episodic_length,1000.0
204800,value_loss,0.006330347619950771
204800,policy_loss,-0.05192042142152786
204800,approx_kl,0.018986929208040237
204800,clipfrac,0.231005859375
204800,explained_variance,0.14937347173690796
204800,sps,559.0
205204,episodic_return,847.8263874046401
205204,episodic_length,1000.0
206205,episodic_return,484.503746854993
206205,episodic_length,1000.0
206848,value_loss,0.010680392384529114
206848,policy_loss,-0.05226649343967438
206848,approx_kl,0.015334836207330227
206848,clipfrac,0.18935546875
206848,explained_variance,0.8000040501356125
206848,sps,559.0
207206,episodic_return,811.1111972475737
207206,episodic_length,1000.0
208207,episodic_return,-244.19376286292774
208207,episodic_length,1000.0
208896,value_loss,0.01120376493781805
208896,policy_loss,-0.027682432904839516
208896,approx_kl,0.01766936480998993
208896,clipfrac,0.19423828125
208896,explained_variance,0.8993247896432877
208896,sps,559.0
209208,episodic_return,797.737243929968
209208,episodic_length,1000.0
210209,episodic_return,875.0882211577859
210209,episodic_length,1000.0
210944,value_loss,0.01571122743189335
210944,policy_loss,-0.04837626963853836
210944,approx_kl,0.015837296843528748
210944,clipfrac,0.219140625
210944,explained_variance,0.22397947311401367
210944,sps,560.0
211210,episodic_return,755.0166295686017
211210,episodic_length,1000.0
212211,episodic_return,792.3844172487121
212211,episodic_length,1000.0
212992,value_loss,0.03519193455576897
212992,policy_loss,-0.0479893684387207
212992,approx_kl,0.01693577878177166
212992,clipfrac,0.232177734375
212992,explained_variance,0.3618934154510498
212992,sps,560.0
213212,episodic_return,808.0670866677722
213212,episodic_length,1000.0
214213,episodic_return,853.6385573943801
214213,episodic_length,1000.0
215040,value_loss,0.0056496430188417435
215040,policy_loss,-0.02843748778104782
215040,approx_kl,0.014732728712260723
215040,clipfrac,0.233935546875
215040,explained_variance,0.35851210355758667
215040,sps,561.0
215214,episodic_return,931.119472183718
215214,episodic_length,1000.0
216215,episodic_return,921.6930559117103
216215,episodic_length,1000.0
217088,value_loss,0.025526629760861397
217088,policy_loss,-0.05589120835065842
217088,approx_kl,0.019874360412359238
217088,clipfrac,0.208935546875
217088,explained_variance,0.11666762828826904
217088,sps,561.0
217216,episodic_return,915.3648815324027
217216,episodic_length,1000.0
218217,episodic_return,882.7144626556151
218217,episodic_length,1000.0
219136,value_loss,0.006885048467665911
219136,policy_loss,-0.05827582627534866
219136,approx_kl,0.031146451830863953
219136,clipfrac,0.211767578125
219136,explained_variance,0.3527420163154602
219136,sps,561.0
219218,episodic_return,761.60256924563
219218,episodic_length,1000.0
220219,episodic_return,885.6838409799539
220219,episodic_length,1000.0
221184,value_loss,0.032739926129579544
221184,policy_loss,-0.03725948929786682
221184,approx_kl,0.016118235886096954
221184,clipfrac,0.2162109375
221184,explained_variance,0.1524108648300171
221184,sps,561.0
221220,episodic_return,905.0360318652642
221220,episodic_length,1000.0
222221,episodic_return,853.3781619315323
222221,episodic_length,1000.0
223222,episodic_return,826.0244826010526
223222,episodic_length,1000.0
223232,value_loss,0.07338683307170868
223232,policy_loss,-0.050612762570381165
223232,approx_kl,0.015112672932446003
223232,clipfrac,0.222705078125
223232,explained_variance,0.1525457501411438
223232,sps,561.0
224223,episodic_return,914.8977398151258
224223,episodic_length,1000.0
225224,episodic_return,1000.9399399994404
225224,episodic_length,1000.0
225280,value_loss,0.04977449029684067
225280,policy_loss,-0.04134681820869446
225280,approx_kl,0.01667674258351326
225280,clipfrac,0.221142578125
225280,explained_variance,0.1466030478477478
225280,sps,561.0
226225,episodic_return,908.8365018915841
226225,episodic_length,1000.0
227226,episodic_return,815.8883294741507
227226,episodic_length,1000.0
227328,value_loss,0.026013052091002464
227328,policy_loss,-0.04311789944767952
227328,approx_kl,0.022621698677539825
227328,clipfrac,0.206396484375
227328,explained_variance,0.17093968391418457
227328,sps,561.0
228227,episodic_return,879.092589170725
228227,episodic_length,1000.0
229228,episodic_return,876.429042454485
229228,episodic_length,1000.0
229376,value_loss,0.01892913319170475
229376,policy_loss,-0.03384952247142792
229376,approx_kl,0.02321375161409378
229376,clipfrac,0.25849609375
229376,explained_variance,0.23446696996688843
229376,sps,560.0
230229,episodic_return,872.2306109248981
230229,episodic_length,1000.0
231230,episodic_return,897.698179569027
231230,episodic_length,1000.0
231424,value_loss,0.006323304958641529
231424,policy_loss,-0.04512074962258339
231424,approx_kl,0.015618792735040188
231424,clipfrac,0.2138671875
231424,explained_variance,0.29252463579177856
231424,sps,560.0
232231,episodic_return,903.2268372360488
232231,episodic_length,1000.0
233232,episodic_return,875.0923243060519
233232,episodic_length,1000.0
233472,value_loss,0.026142358779907227
233472,policy_loss,-0.05221530422568321
233472,approx_kl,0.014327260665595531
233472,clipfrac,0.223095703125
233472,explained_variance,0.18642932176589966
233472,sps,560.0
234233,episodic_return,895.8261733394285
234233,episodic_length,1000.0
235234,episodic_return,892.008592173026
235234,episodic_length,1000.0
235520,value_loss,0.005190313793718815
235520,policy_loss,-0.04994551092386246
235520,approx_kl,0.02317085489630699
235520,clipfrac,0.2541015625
235520,explained_variance,0.32851022481918335
235520,sps,560.0
236235,episodic_return,805.686270258661
236235,episodic_length,1000.0
237236,episodic_return,925.950789681314
237236,episodic_length,1000.0
237568,value_loss,0.005075213499367237
237568,policy_loss,-0.04626956582069397
237568,approx_kl,0.013414701446890831
237568,clipfrac,0.218505859375
237568,explained_variance,0.26710009574890137
237568,sps,560.0
238237,episodic_return,919.1727655479448
238237,episodic_length,1000.0
239238,episodic_return,902.162377792716
239238,episodic_length,1000.0
239616,value_loss,0.009385930374264717
239616,policy_loss,-0.016367372125387192
239616,approx_kl,0.01970786228775978
239616,clipfrac,0.2201171875
239616,explained_variance,0.22581344842910767
239616,sps,559.0
240239,episodic_return,935.3673930528407
240239,episodic_length,1000.0
241240,episodic_return,884.8635298561877
241240,episodic_length,1000.0
241664,value_loss,0.010349007323384285
241664,policy_loss,-0.05051170289516449
241664,approx_kl,0.013559878803789616
241664,clipfrac,0.235400390625
241664,explained_variance,0.1904718279838562
241664,sps,559.0
242241,episodic_return,922.0997474624079
242241,episodic_length,1000.0
243242,episodic_return,947.7795171425802
243242,episodic_length,1000.0
243712,value_loss,0.015587647445499897
243712,policy_loss,-0.03907389938831329
243712,approx_kl,0.017778728157281876
243712,clipfrac,0.23759765625
243712,explained_variance,0.16685402393341064
243712,sps,559.0
244243,episodic_return,927.1992843324153
244243,episodic_length,1000.0
245244,episodic_return,903.1477632973091
245244,episodic_length,1000.0
245760,value_loss,0.036560192704200745
245760,policy_loss,-0.03247891366481781
245760,approx_kl,0.027431879192590714
245760,clipfrac,0.248095703125
245760,explained_variance,0.1261771321296692
245760,sps,559.0
246245,episodic_return,945.3839093739317
246245,episodic_length,1000.0
247246,episodic_return,984.4790672075429
247246,episodic_length,1000.0
247808,value_loss,0.010727925226092339
247808,policy_loss,-0.04298071563243866
247808,approx_kl,0.017155341804027557
247808,clipfrac,0.2236328125
247808,explained_variance,0.10314154624938965
247808,sps,558.0
248247,episodic_return,942.6491469776835
248247,episodic_length,1000.0
249248,episodic_return,974.2649725135874
249248,episodic_length,1000.0
249856,value_loss,0.02910260669887066
249856,policy_loss,-0.033291012048721313
249856,approx_kl,0.024820195510983467
249856,clipfrac,0.23095703125
249856,explained_variance,0.1541757583618164
249856,sps,558.0
250249,episodic_return,934.0396175875652
250249,episodic_length,1000.0
251250,episodic_return,934.7380238631879
251250,episodic_length,1000.0
251904,value_loss,0.03178756311535835
251904,policy_loss,-0.06850067526102066
251904,approx_kl,0.01887691766023636
251904,clipfrac,0.20224609375
251904,explained_variance,0.13990211486816406
251904,sps,558.0
252251,episodic_return,974.8830966310575
252251,episodic_length,1000.0
253252,episodic_return,1006.8694566329624
253252,episodic_length,1000.0
253952,value_loss,0.013590984977781773
253952,policy_loss,-0.030477292835712433
253952,approx_kl,0.017746925354003906
253952,clipfrac,0.238330078125
253952,explained_variance,0.11102396249771118
253952,sps,558.0
254253,episodic_return,1019.4126528630464
254253,episodic_length,1000.0
255254,episodic_return,978.610070667235
255254,episodic_length,1000.0
256000,value_loss,0.012666641734540462
256000,policy_loss,-0.03169795125722885
256000,approx_kl,0.014870931394398212
256000,clipfrac,0.22197265625
256000,explained_variance,0.16079801321029663
256000,sps,559.0
256255,episodic_return,893.8937139780952
256255,episodic_length,1000.0
257256,episodic_return,961.695998323808
257256,episodic_length,1000.0
258048,value_loss,0.037458278238773346
258048,policy_loss,-0.039828963577747345
258048,approx_kl,0.01495384331792593
258048,clipfrac,0.22138671875
258048,explained_variance,0.17508459091186523
258048,sps,559.0
258257,episodic_return,1040.3347127446036
258257,episodic_length,1000.0
259258,episodic_return,979.9634554816229
259258,episodic_length,1000.0
260096,value_loss,0.004812637344002724
260096,policy_loss,0.03346677124500275
260096,approx_kl,0.019738756120204926
260096,clipfrac,0.237744140625
260096,explained_variance,0.24587476253509521
260096,sps,559.0
260259,episodic_return,1111.4434269425296
260259,episodic_length,1000.0
261260,episodic_return,998.8614037919307
261260,episodic_length,1000.0
262144,value_loss,0.027875283733010292
262144,policy_loss,-0.028523601591587067
262144,approx_kl,0.019593141973018646
262144,clipfrac,0.221826171875
262144,explained_variance,0.05905449390411377
262144,sps,560.0
262261,episodic_return,1011.2733425318428
262261,episodic_length,1000.0
263262,episodic_return,1066.5233014298751
263262,episodic_length,1000.0
264192,value_loss,0.016152070835232735
264192,policy_loss,-0.0351923406124115
264192,approx_kl,0.017604459077119827
264192,clipfrac,0.22666015625
264192,explained_variance,0.169680655002594
264192,sps,560.0
264263,episodic_return,1074.64465146762
264263,episodic_length,1000.0
265264,episodic_return,988.1981802868661
265264,episodic_length,1000.0
266240,value_loss,0.009725898504257202
266240,policy_loss,-0.05165611952543259
266240,approx_kl,0.01748751848936081
266240,clipfrac,0.2451171875
266240,explained_variance,0.16387516260147095
266240,sps,560.0
266265,episodic_return,1060.3788438042227
266265,episodic_length,1000.0
267266,episodic_return,1026.0028573466948
267266,episodic_length,1000.0
268267,episodic_return,1009.4129096833146
268267,episodic_length,1000.0
268288,value_loss,0.058051545172929764
268288,policy_loss,-0.042204298079013824
268288,approx_kl,0.0215500108897686
268288,clipfrac,0.249169921875
268288,explained_variance,0.0996396541595459
268288,sps,560.0
269268,episodic_return,987.7021434874072
269268,episodic_length,1000.0
270269,episodic_return,980.0759298907631
270269,episodic_length,1000.0
270336,value_loss,0.004162291530519724
270336,policy_loss,-0.0408620648086071
270336,approx_kl,0.021906353533267975
270336,clipfrac,0.2361328125
270336,explained_variance,0.17369496822357178
270336,sps,560.0
271270,episodic_return,1092.1059412615505
271270,episodic_length,1000.0
272271,episodic_return,962.0737559016369
272271,episodic_length,1000.0
272384,value_loss,0.03872980549931526
272384,policy_loss,-0.03952018916606903
272384,approx_kl,0.01297322940081358
272384,clipfrac,0.234130859375
272384,explained_variance,0.1335906982421875
272384,sps,560.0
273272,episodic_return,1098.0662700618684
273272,episodic_length,1000.0
274273,episodic_return,967.9938660109178
274273,episodic_length,1000.0
274432,value_loss,0.03208322450518608
274432,policy_loss,-0.043231040239334106
274432,approx_kl,0.019006703048944473
274432,clipfrac,0.2384765625
274432,explained_variance,0.1595839262008667
274432,sps,560.0
275274,episodic_return,946.0607343230672
275274,episodic_length,1000.0
276275,episodic_return,1017.7802757929294
276275,episodic_length,1000.0
276480,value_loss,0.010118530131876469
276480,policy_loss,-0.03980648145079613
276480,approx_kl,0.014223738573491573
276480,clipfrac,0.238525390625
276480,explained_variance,0.20869708061218262
276480,sps,560.0
277276,episodic_return,909.9471134796945
277276,episodic_length,1000.0
278277,episodic_return,1076.9496160772715
278277,episodic_length,1000.0
278528,value_loss,0.029566755518317223
278528,policy_loss,-0.03767767921090126
278528,approx_kl,0.01219346933066845
278528,clipfrac,0.229931640625
278528,explained_variance,0.1555193066596985
278528,sps,560.0
279278,episodic_return,988.1270386713537
279278,episodic_length,1000.0
280279,episodic_return,1017.8192244736975
280279,episodic_length,1000.0
280576,value_loss,0.022538013756275177
280576,policy_loss,-0.054145604372024536
280576,approx_kl,0.024511560797691345
280576,clipfrac,0.239697265625
280576,explained_variance,0.19933700561523438
280576,sps,561.0
281280,episodic_return,1038.2329328794635
281280,episodic_length,1000.0
282281,episodic_return,1036.735697016598
282281,episodic_length,1000.0
282624,value_loss,0.03455379977822304
282624,policy_loss,-0.027484111487865448
282624,approx_kl,0.017389070242643356
282624,clipfrac,0.222021484375
282624,explained_variance,0.2740362882614136
282624,sps,561.0
283282,episodic_return,987.3373193341569
283282,episodic_length,1000.0
284283,episodic_return,1034.9372948722746
284283,episodic_length,1000.0
284672,value_loss,0.014645714312791824
284672,policy_loss,-0.031247105449438095
284672,approx_kl,0.019028153270483017
284672,clipfrac,0.244921875
284672,explained_variance,0.12922245264053345
284672,sps,561.0
285284,episodic_return,1045.9358269157535
285284,episodic_length,1000.0
286285,episodic_return,994.580846726642
286285,episodic_length,1000.0
286720,value_loss,0.009132043458521366
286720,policy_loss,-0.027598857879638672
286720,approx_kl,0.02172761969268322
286720,clipfrac,0.261376953125
286720,explained_variance,0.2521452307701111
286720,sps,561.0
287286,episodic_return,1061.0335969245104
287286,episodic_length,1000.0
288287,episodic_return,1093.1070367822556
288287,episodic_length,1000.0
288768,value_loss,0.013563659973442554
288768,policy_loss,-0.011761367321014404
288768,approx_kl,0.0231267549097538
288768,clipfrac,0.230859375
288768,explained_variance,0.38208240270614624
288768,sps,561.0
289288,episodic_return,999.8247055108473
289288,episodic_length,1000.0
290289,episodic_return,1057.4071928050594
290289,episodic_length,1000.0
290816,value_loss,0.05630926042795181
290816,policy_loss,-0.03017757087945938
290816,approx_kl,0.021243911236524582
290816,clipfrac,0.21923828125
290816,explained_variance,0.8307855725288391
290816,sps,561.0
291290,episodic_return,-5.029617928583739
291290,episodic_length,1000.0
292291,episodic_return,988.7482150912105
292291,episodic_length,1000.0
292864,value_loss,0.005041054449975491
292864,policy_loss,-0.03739280253648758
292864,approx_kl,0.013264548033475876
292864,clipfrac,0.2236328125
292864,explained_variance,0.9457006976008415
292864,sps,561.0
293292,episodic_return,1033.561687258499
293292,episodic_length,1000.0
294293,episodic_return,1115.9598328408658
294293,episodic_length,1000.0
294912,value_loss,0.004717383533716202
294912,policy_loss,-0.016693536192178726
294912,approx_kl,0.02855035662651062
294912,clipfrac,0.257861328125
294912,explained_variance,0.21321630477905273
294912,sps,562.0
295294,episodic_return,1096.2232367564663
295294,episodic_length,1000.0
296295,episodic_return,1076.5996577017204
296295,episodic_length,1000.0
296960,value_loss,0.06661999225616455
296960,policy_loss,-0.03999800235033035
296960,approx_kl,0.02442649006843567
296960,clipfrac,0.234375
296960,explained_variance,0.5625748336315155
296960,sps,562.0
297296,episodic_return,697.8133071553257
297296,episodic_length,1000.0
298297,episodic_return,1057.12597196142
298297,episodic_length,1000.0
299008,value_loss,0.010521691292524338
299008,policy_loss,-0.05734293907880783
299008,approx_kl,0.02183867059648037
299008,clipfrac,0.2609375
299008,explained_variance,0.5162397921085358
299008,sps,562.0
299298,episodic_return,995.9598564782203
299298,episodic_length,1000.0
300299,episodic_return,1121.287208352096
300299,episodic_length,1000.0
301056,value_loss,0.010894478298723698
301056,policy_loss,-0.01887192577123642
301056,approx_kl,0.01607147976756096
301056,clipfrac,0.230712890625
301056,explained_variance,0.1252574920654297
301056,sps,562.0
301300,episodic_return,1160.5604762696805
301300,episodic_length,1000.0
302301,episodic_return,1144.1170916975516
302301,episodic_length,1000.0
303104,value_loss,0.009813208132982254
303104,policy_loss,-0.013593660667538643
303104,approx_kl,0.021569427102804184
303104,clipfrac,0.248046875
303104,explained_variance,0.19920355081558228
303104,sps,563.0
303302,episodic_return,1095.84250079731
303302,episodic_length,1000.0
304303,episodic_return,1037.80934210144
304303,episodic_length,1000.0
305152,value_loss,0.004005902446806431
305152,policy_loss,-0.006456032395362854
305152,approx_kl,0.019894693046808243
305152,clipfrac,0.25029296875
305152,explained_variance,0.26321178674697876
305152,sps,563.0
305304,episodic_return,1180.66027689038
305304,episodic_length,1000.0
306305,episodic_return,1099.5065498771567
306305,episodic_length,1000.0
307200,value_loss,0.013489260338246822
307200,policy_loss,-0.02806362509727478
307200,approx_kl,0.022356171160936356
307200,clipfrac,0.272265625
307200,explained_variance,0.15605545043945312
307200,sps,563.0
307306,episodic_return,1152.4160525687748
307306,episodic_length,1000.0
308307,episodic_return,1095.4562492415619
308307,episodic_length,1000.0
309248,value_loss,0.008742734789848328
309248,policy_loss,-0.02624635212123394
309248,approx_kl,0.01934005506336689
309248,clipfrac,0.2158203125
309248,explained_variance,0.530098021030426
309248,sps,563.0
309308,episodic_return,857.6213104039583
309308,episodic_length,1000.0
310309,episodic_return,1087.0244164960338
310309,episodic_length,1000.0
311296,value_loss,0.02087436430156231
311296,policy_loss,-0.03715655580163002
311296,approx_kl,0.018308071419596672
311296,clipfrac,0.202099609375
311296,explained_variance,0.23342138528823853
311296,sps,563.0
311310,episodic_return,1099.146709315358
311310,episodic_length,1000.0
312311,episodic_return,1086.669989598058
312311,episodic_length,1000.0
313312,episodic_return,1116.8760929698717
313312,episodic_length,1000.0
313344,value_loss,0.01985870487987995
313344,policy_loss,-0.037964560091495514
313344,approx_kl,0.030015431344509125
313344,clipfrac,0.27099609375
313344,explained_variance,0.07560747861862183
313344,sps,564.0
314313,episodic_return,1061.0891478046121
314313,episodic_length,1000.0
315314,episodic_return,1032.422057233871
315314,episodic_length,1000.0
315392,value_loss,0.004431070759892464
315392,policy_loss,-0.044227562844753265
315392,approx_kl,0.015204992145299911
315392,clipfrac,0.228271484375
315392,explained_variance,0.1634138822555542
315392,sps,564.0
316315,episodic_return,1124.7701483741694
316315,episodic_length,1000.0
317316,episodic_return,1082.7638440428464
317316,episodic_length,1000.0
317440,value_loss,0.032284267246723175
317440,policy_loss,-0.029584888368844986
317440,approx_kl,0.019888125360012054
317440,clipfrac,0.222998046875
317440,explained_variance,0.21431821584701538
317440,sps,564.0
318317,episodic_return,1170.8830717377887
318317,episodic_length,1000.0
319318,episodic_return,1073.093297317036
319318,episodic_length,1000.0
319488,value_loss,0.03476739674806595
319488,policy_loss,-0.03470846638083458
319488,approx_kl,0.01716916635632515
319488,clipfrac,0.241845703125
319488,explained_variance,0.1543169617652893
319488,sps,564.0
320319,episodic_return,1065.5062905211694
320319,episodic_length,1000.0
321320,episodic_return,1097.7896242574163
321320,episodic_length,1000.0
321536,value_loss,0.04385846108198166
321536,policy_loss,-0.04734881967306137
321536,approx_kl,0.013378296978771687
321536,clipfrac,0.235546875
321536,explained_variance,0.13215398788452148
321536,sps,564.0
322321,episodic_return,1116.1387425432247
322321,episodic_length,1000.0
323322,episodic_return,1102.8704460065871
323322,episodic_length,1000.0
323584,value_loss,0.04839250072836876
323584,policy_loss,-0.037318870425224304
323584,approx_kl,0.025283511728048325
323584,clipfrac,0.23046875
323584,explained_variance,0.15554994344711304
323584,sps,564.0
324323,episodic_return,1079.4375172758096
324323,episodic_length,1000.0
325324,episodic_return,1127.3754667887392
325324,episodic_length,1000.0
325632,value_loss,0.03932231664657593
325632,policy_loss,-0.04339994490146637
325632,approx_kl,0.0163985975086689
325632,clipfrac,0.23017578125
325632,explained_variance,0.16887730360031128
325632,sps,563.0
326325,episodic_return,1129.8646660453855
326325,episodic_length,1000.0
327326,episodic_return,1159.5297671889275
327326,episodic_length,1000.0
327680,value_loss,0.014279687777161598
327680,policy_loss,-0.04196678847074509
327680,approx_kl,0.018470890820026398
327680,clipfrac,0.23193359375
327680,explained_variance,0.18832188844680786
327680,sps,563.0
328327,episodic_return,1063.2198159524648
328327,episodic_length,1000.0
329328,episodic_return,1089.6519046086014
329328,episodic_length,1000.0
329728,value_loss,0.008385714143514633
329728,policy_loss,-0.0390542633831501
329728,approx_kl,0.02222549356520176
329728,clipfrac,0.2361328125
329728,explained_variance,0.2015729546546936
329728,sps,563.0
330329,episodic_return,1038.6835078740814
330329,episodic_length,1000.0
331330,episodic_return,1035.58908872889
331330,episodic_length,1000.0
331776,value_loss,0.008993403986096382
331776,policy_loss,-0.03096681460738182
331776,approx_kl,0.016967277973890305
331776,clipfrac,0.244580078125
331776,explained_variance,0.10267788171768188
331776,sps,563.0
332331,episodic_return,1216.0133967862919
332331,episodic_length,1000.0
333332,episodic_return,1093.7533754707536
333332,episodic_length,1000.0
333824,value_loss,0.008737793192267418
333824,policy_loss,-0.03508331999182701
333824,approx_kl,0.01950766146183014
333824,clipfrac,0.2275390625
333824,explained_variance,0.24706929922103882
333824,sps,563.0
334333,episodic_return,1162.037695991547
334333,episodic_length,1000.0
335334,episodic_return,1172.9541846088057
335334,episodic_length,1000.0
335872,value_loss,0.046914853155612946
335872,policy_loss,-0.03522811830043793
335872,approx_kl,0.02388020232319832
335872,clipfrac,0.268505859375
335872,explained_variance,0.09684628248214722
335872,sps,562.0
336335,episodic_return,1155.6600849834724
336335,episodic_length,1000.0
337336,episodic_return,1139.8300465715042
337336,episodic_length,1000.0
337920,value_loss,0.0038783240597695112
337920,policy_loss,-0.017345279455184937
337920,approx_kl,0.02075657621026039
337920,clipfrac,0.21826171875
337920,explained_variance,0.14259237051010132
337920,sps,562.0
338337,episodic_return,1166.9524562092058
338337,episodic_length,1000.0
339338,episodic_return,1104.6244454097712
339338,episodic_length,1000.0
339968,value_loss,0.013186853379011154
339968,policy_loss,-0.04349832609295845
339968,approx_kl,0.016369782388210297
339968,clipfrac,0.23173828125
339968,explained_variance,0.16135621070861816
339968,sps,562.0
340339,episodic_return,1162.0080740288608
340339,episodic_length,1000.0
341340,episodic_return,1123.4198821011055
341340,episodic_length,1000.0
342016,value_loss,0.004167456645518541
342016,policy_loss,-0.0641820877790451
342016,approx_kl,0.018510786816477776
342016,clipfrac,0.2439453125
342016,explained_variance,0.19773918390274048
342016,sps,562.0
342341,episodic_return,1118.7040619375805
342341,episodic_length,1000.0
343342,episodic_return,1131.743346915166
343342,episodic_length,1000.0
344064,value_loss,0.012863656505942345
344064,policy_loss,-0.03689710795879364
344064,approx_kl,0.018382109701633453
344064,clipfrac,0.246484375
344064,explained_variance,0.13546127080917358
344064,sps,562.0
344343,episodic_return,1128.271632952204
344343,episodic_length,1000.0
345344,episodic_return,1061.421447181063
345344,episodic_length,1000.0
346112,value_loss,0.035408031195402145
346112,policy_loss,-0.024655867367982864
346112,approx_kl,0.01938319206237793
346112,clipfrac,0.211376953125
346112,explained_variance,0.14843374490737915
346112,sps,562.0
346345,episodic_return,1108.398901604465
346345,episodic_length,1000.0
347346,episodic_return,1161.7064258526896
347346,episodic_length,1000.0
348160,value_loss,0.004124905448406935
348160,policy_loss,-0.03377878665924072
348160,approx_kl,0.020738601684570312
348160,clipfrac,0.24208984375
348160,explained_variance,0.23639482259750366
348160,sps,562.0
348347,episodic_return,1189.226184663283
348347,episodic_length,1000.0
349348,episodic_return,1156.9633326909016
349348,episodic_length,1000.0
350208,value_loss,0.019422024488449097
350208,policy_loss,-0.02308984473347664
350208,approx_kl,0.014863429591059685
350208,clipfrac,0.2392578125
350208,explained_variance,0.19655728340148926
350208,sps,562.0
350349,episodic_return,1124.9770960194376
350349,episodic_length,1000.0
351350,episodic_return,1216.549933898298
351350,episodic_length,1000.0
352256,value_loss,0.05603950470685959
352256,policy_loss,-0.04095905274152756
352256,approx_kl,0.03738171234726906
352256,clipfrac,0.253515625
352256,explained_variance,0.15557855367660522
352256,sps,561.0
352351,episodic_return,1242.1956528574162
352351,episodic_length,1000.0
353352,episodic_return,1068.8223112481367
353352,episodic_length,1000.0
354304,value_loss,0.004859285894781351
354304,policy_loss,-0.03626014664769173
354304,approx_kl,0.020758189260959625
354304,clipfrac,0.25712890625
354304,explained_variance,0.1584874987602234
354304,sps,561.0
354353,episodic_return,1197.933061476367
354353,episodic_length,1000.0
355354,episodic_return,1193.7173274401653
355354,episodic_length,1000.0
356352,value_loss,0.014981715008616447
356352,policy_loss,-0.041498228907585144
356352,approx_kl,0.029241612181067467
356352,clipfrac,0.239404296875
356352,explained_variance,0.15216177701950073
356352,sps,562.0
356355,episodic_return,1204.1191556380948
356355,episodic_length,1000.0
357356,episodic_return,1215.0983328548045
357356,episodic_length,1000.0
358357,episodic_return,1166.5918294226306
358357,episodic_length,1000.0
358400,value_loss,0.02160206064581871
358400,policy_loss,-0.027919746935367584
358400,approx_kl,0.017736271023750305
358400,clipfrac,0.22578125
358400,explained_variance,0.1219831109046936
358400,sps,562.0
359358,episodic_return,1216.21166031588
359358,episodic_length,1000.0
360359,episodic_return,1088.5708185444669
360359,episodic_length,1000.0
360448,value_loss,0.04400719702243805
360448,policy_loss,-0.04916665703058243
360448,approx_kl,0.0251545961946249
360448,clipfrac,0.25068359375
360448,explained_variance,0.2047167420387268
360448,sps,562.0
361360,episodic_return,1149.9837594169853
361360,episodic_length,1000.0
362361,episodic_return,1174.123340532095
362361,episodic_length,1000.0
362496,value_loss,0.005072030238807201
362496,policy_loss,-0.01707427203655243
362496,approx_kl,0.01603858545422554
362496,clipfrac,0.23388671875
362496,explained_variance,0.15235334634780884
362496,sps,562.0
363362,episodic_return,1175.255353471078
363362,episodic_length,1000.0
364363,episodic_return,1184.256959754191
364363,episodic_length,1000.0
364544,value_loss,0.01160332653671503
364544,policy_loss,-0.036933109164237976
364544,approx_kl,0.017451796680688858
364544,clipfrac,0.222998046875
364544,explained_variance,0.1089482307434082
364544,sps,562.0
365364,episodic_return,1189.798255897933
365364,episodic_length,1000.0
366365,episodic_return,1103.9528684991437
366365,episodic_length,1000.0
366592,value_loss,0.0036614087875932455
366592,policy_loss,-0.002454746514558792
366592,approx_kl,0.028040152043104172
366592,clipfrac,0.229150390625
366592,explained_variance,0.12846553325653076
366592,sps,562.0
367366,episodic_return,1143.5494903536476
367366,episodic_length,1000.0
368367,episodic_return,1211.4528956120835
368367,episodic_length,1000.0
368640,value_loss,0.039487119764089584
368640,policy_loss,-0.04345187172293663
368640,approx_kl,0.01671050861477852
368640,clipfrac,0.23642578125
368640,explained_variance,0.18300366401672363
368640,sps,562.0
369368,episodic_return,1173.102341503088
369368,episodic_length,1000.0
370369,episodic_return,1088.540212693208
370369,episodic_length,1000.0
370688,value_loss,0.018999330699443817
370688,policy_loss,-0.02876824513077736
370688,approx_kl,0.022321326658129692
370688,clipfrac,0.26015625
370688,explained_variance,0.1099463701248169
370688,sps,562.0
371370,episodic_return,1141.0505434126144
371370,episodic_length,1000.0
372371,episodic_return,1067.8921691558805
372371,episodic_length,1000.0
372736,value_loss,0.009184816852211952
372736,policy_loss,-0.047371722757816315
372736,approx_kl,0.022512752562761307
372736,clipfrac,0.216943359375
372736,explained_variance,0.2459060549736023
372736,sps,562.0
373372,episodic_return,1145.4512968126946
373372,episodic_length,1000.0
374373,episodic_return,1172.614910697234
374373,episodic_length,1000.0
374784,value_loss,0.08727448433637619
374784,policy_loss,-0.05005312338471413
374784,approx_kl,0.021905507892370224
374784,clipfrac,0.23837890625
374784,explained_variance,0.10255980491638184
374784,sps,561.0
375374,episodic_return,1199.7033451004388
375374,episodic_length,1000.0
376375,episodic_return,1226.018007653214
376375,episodic_length,1000.0
376832,value_loss,0.03617766126990318
376832,policy_loss,-0.033897534012794495
376832,approx_kl,0.010612648911774158
376832,clipfrac,0.230126953125
376832,explained_variance,0.1414182186126709
376832,sps,561.0
377376,episodic_return,1173.6536535014923
377376,episodic_length,1000.0
378377,episodic_return,1166.1998910976265
378377,episodic_length,1000.0
378880,value_loss,0.004965474829077721
378880,policy_loss,-0.02676001749932766
378880,approx_kl,0.016083287075161934
378880,clipfrac,0.23359375
378880,explained_variance,0.07633423805236816
378880,sps,561.0
379378,episodic_return,1139.789527658509
379378,episodic_length,1000.0
380379,episodic_return,1149.1434062787712
380379,episodic_length,1000.0
380928,value_loss,0.05858297646045685
380928,policy_loss,-0.047203805297613144
380928,approx_kl,0.018089652061462402
380928,clipfrac,0.2091796875
380928,explained_variance,0.36682868003845215
380928,sps,561.0
381380,episodic_return,1038.506787022346
381380,episodic_length,1000.0
382381,episodic_return,1231.1806066348818
382381,episodic_length,1000.0
382976,value_loss,0.04954557493329048
382976,policy_loss,-0.05505724623799324
382976,approx_kl,0.022594869136810303
382976,clipfrac,0.25908203125
382976,explained_variance,0.16716605424880981
382976,sps,562.0
383382,episodic_return,1235.937145003849
383382,episodic_length,1000.0
384383,episodic_return,1101.3173402594953
384383,episodic_length,1000.0
385024,value_loss,0.04369180276989937
385024,policy_loss,-0.04478345811367035
385024,approx_kl,0.023132413625717163
385024,clipfrac,0.251318359375
385024,explained_variance,0.15487295389175415
385024,sps,562.0
385384,episodic_return,1219.4103236469957
385384,episodic_length,1000.0
386385,episodic_return,1035.2276462729824
386385,episodic_length,1000.0
387072,value_loss,0.008402999490499496
387072,policy_loss,-0.024692367762327194
387072,approx_kl,0.021338772028684616
387072,clipfrac,0.232275390625
387072,explained_variance,0.35775089263916016
387072,sps,562.0
387386,episodic_return,1212.6622142444176
387386,episodic_length,1000.0
388387,episodic_return,1210.3118690461533
388387,episodic_length,1000.0
389120,value_loss,0.0043381801806390285
389120,policy_loss,-0.0500834621489048
389120,approx_kl,0.018479134887456894
389120,clipfrac,0.250244140625
389120,explained_variance,0.23661845922470093
389120,sps,562.0
389388,episodic_return,1212.9549163044608
389388,episodic_length,1000.0
390389,episodic_return,1241.6975995179291
390389,episodic_length,1000.0
391168,value_loss,0.010418313555419445
391168,policy_loss,-0.03827761113643646
391168,approx_kl,0.025103285908699036
391168,clipfrac,0.2568359375
391168,explained_variance,0.09786862134933472
391168,sps,562.0
391390,episodic_return,1168.2132663099742
391390,episodic_length,1000.0
392391,episodic_return,1222.2170340360813
392391,episodic_length,1000.0
393216,value_loss,0.0487259179353714
393216,policy_loss,-0.04130019247531891
393216,approx_kl,0.023329980671405792
393216,clipfrac,0.25
393216,explained_variance,0.12393766641616821
393216,sps,562.0
393392,episodic_return,1142.8663210906439
393392,episodic_length,1000.0
394393,episodic_return,1187.2525157378118
394393,episodic_length,1000.0
395264,value_loss,0.03992222994565964
395264,policy_loss,-0.02603663131594658
395264,approx_kl,0.026324983686208725
395264,clipfrac,0.243017578125
395264,explained_variance,0.07662361860275269
395264,sps,562.0
395394,episodic_return,1210.1747815724164
395394,episodic_length,1000.0
396395,episodic_return,1237.5718932046054
396395,episodic_length,1000.0
397312,value_loss,0.015593389049172401
397312,policy_loss,-0.045601919293403625
397312,approx_kl,0.014127090573310852
397312,clipfrac,0.2294921875
397312,explained_variance,0.10370784997940063
397312,sps,562.0
397396,episodic_return,1229.4213945004683
397396,episodic_length,1000.0
398397,episodic_return,1073.164328758933
398397,episodic_length,1000.0
399360,value_loss,0.038457322865724564
399360,policy_loss,-0.026476332917809486
399360,approx_kl,0.012121502310037613
399360,clipfrac,0.2302734375
399360,explained_variance,0.44111645221710205
399360,sps,562.0
399398,episodic_return,1185.3361852147607
399398,episodic_length,1000.0
400399,episodic_return,1154.2868071785808
400399,episodic_length,1000.0
401400,episodic_return,1043.6510827071652
401400,episodic_length,1000.0
401408,value_loss,0.05024712532758713
401408,policy_loss,-0.04361160099506378
401408,approx_kl,0.025764960795640945
401408,clipfrac,0.238330078125
401408,explained_variance,0.44181889295578003
401408,sps,562.0
402401,episodic_return,1260.7289298568817
402401,episodic_length,1000.0
403402,episodic_return,1273.8848823956137
403402,episodic_length,1000.0
403456,value_loss,0.004600103013217449
403456,policy_loss,-0.0502091646194458
403456,approx_kl,0.0195109061896801
403456,clipfrac,0.2587890625
403456,explained_variance,0.14545148611068726
403456,sps,563.0
404403,episodic_return,1173.7573585146183
404403,episodic_length,1000.0
405404,episodic_return,1130.6395207586327
405404,episodic_length,1000.0
405504,value_loss,0.021808965131640434
405504,policy_loss,-0.04845232143998146
405504,approx_kl,0.016011063009500504
405504,clipfrac,0.245654296875
405504,explained_variance,0.1422492265701294
405504,sps,563.0
406405,episodic_return,1252.075576656783
406405,episodic_length,1000.0
407406,episodic_return,1227.304143686412
407406,episodic_length,1000.0
407552,value_loss,0.04164813458919525
407552,policy_loss,-0.03379661589860916
407552,approx_kl,0.01993349939584732
407552,clipfrac,0.242626953125
407552,explained_variance,0.15428906679153442
407552,sps,563.0
408407,episodic_return,1276.798174315319
408407,episodic_length,1000.0
409408,episodic_return,1152.6631404141065
409408,episodic_length,1000.0
409600,value_loss,0.0054114218801259995
409600,policy_loss,-0.009389519691467285
409600,approx_kl,0.022749947383999825
409600,clipfrac,0.234375
409600,explained_variance,0.5221194922924042
409600,sps,563.0
410409,episodic_return,1211.9055164180395
410409,episodic_length,1000.0
411410,episodic_return,1286.194294114554
411410,episodic_length,1000.0
411648,value_loss,0.027691535651683807
411648,policy_loss,-0.027038678526878357
411648,approx_kl,0.014224081300199032
411648,clipfrac,0.224365234375
411648,explained_variance,0.10656332969665527
411648,sps,564.0
412411,episodic_return,1288.4646722770972
412411,episodic_length,1000.0
413412,episodic_return,1310.8768570286475
413412,episodic_length,1000.0
413696,value_loss,0.02157490886747837
413696,policy_loss,-0.021037917584180832
413696,approx_kl,0.021452192217111588
413696,clipfrac,0.238037109375
413696,explained_variance,0.11010348796844482
413696,sps,564.0
414413,episodic_return,1211.4481850383004
414413,episodic_length,1000.0
415414,episodic_return,1142.075410926365
415414,episodic_length,1000.0
415744,value_loss,0.014275177381932735
415744,policy_loss,-0.01850854977965355
415744,approx_kl,0.023152876645326614
415744,clipfrac,0.23359375
415744,explained_variance,0.18498682975769043
415744,sps,563.0
416415,episodic_return,1263.018675996032
416415,episodic_length,1000.0
417416,episodic_return,1248.235288111837
417416,episodic_length,1000.0
417792,value_loss,0.009649732150137424
417792,policy_loss,-0.04637051746249199
417792,approx_kl,0.016644388437271118
417792,clipfrac,0.24755859375
417792,explained_variance,0.1770685315132141
417792,sps,563.0
418417,episodic_return,1309.3743604161032
418417,episodic_length,1000.0
419418,episodic_return,1294.6945449327834
419418,episodic_length,1000.0
419840,value_loss,0.004017182160168886
419840,policy_loss,-0.034589774906635284
419840,approx_kl,0.0238669253885746
419840,clipfrac,0.22998046875
419840,explained_variance,0.08179318904876709
419840,sps,564.0
420419,episodic_return,1298.7197356430538
420419,episodic_length,1000.0
421420,episodic_return,1292.3371849529824
421420,episodic_length,1000.0
421888,value_loss,0.004887616261839867
421888,policy_loss,-0.04241834580898285
421888,approx_kl,0.020459400489926338
421888,clipfrac,0.25419921875
421888,explained_variance,0.1410154104232788
421888,sps,564.0
422421,episodic_return,1253.0798522460384
422421,episodic_length,1000.0
423422,episodic_return,1321.5036073601877
423422,episodic_length,1000.0
423936,value_loss,0.014058256521821022
423936,policy_loss,-0.04619787633419037
423936,approx_kl,0.024829301983118057
423936,clipfrac,0.2248046875
423936,explained_variance,0.21684741973876953
423936,sps,564.0
424423,episodic_return,1235.6220621989996
424423,episodic_length,1000.0
425424,episodic_return,1249.2482459569503
425424,episodic_length,1000.0
425984,value_loss,0.010747101157903671
425984,policy_loss,-0.05258845537900925
425984,approx_kl,0.026307201012969017
425984,clipfrac,0.23193359375
425984,explained_variance,0.0649825930595398
425984,sps,564.0
426425,episodic_return,1197.5427856376937
426425,episodic_length,1000.0
427426,episodic_return,1337.043676888432
427426,episodic_length,1000.0
428032,value_loss,0.0029081187676638365
428032,policy_loss,-0.009102806448936462
428032,approx_kl,0.015546049922704697
428032,clipfrac,0.214892578125
428032,explained_variance,0.13567620515823364
428032,sps,564.0
428427,episodic_return,1270.569714284309
428427,episodic_length,1000.0
429428,episodic_return,1267.7683969640648
429428,episodic_length,1000.0
430080,value_loss,0.02359195426106453
430080,policy_loss,-0.030245088040828705
430080,approx_kl,0.024752885103225708
430080,clipfrac,0.270751953125
430080,explained_variance,0.07023817300796509
430080,sps,564.0
430429,episodic_return,1281.7130172155175
430429,episodic_length,1000.0
431430,episodic_return,1257.0549300130144
431430,episodic_length,1000.0
432128,value_loss,0.02387714944779873
432128,policy_loss,-0.025205612182617188
432128,approx_kl,0.01460187416523695
432128,clipfrac,0.228662109375
432128,explained_variance,0.1742774248123169
432128,sps,564.0
432431,episodic_return,1240.9930994382134
432431,episodic_length,1000.0
433432,episodic_return,1282.6244619054266
433432,episodic_length,1000.0
434176,value_loss,0.010469655506312847
434176,policy_loss,-0.04169270396232605
434176,approx_kl,0.016936473548412323
434176,clipfrac,0.243017578125
434176,explained_variance,0.16456520557403564
434176,sps,564.0
434433,episodic_return,1290.6365846477368
434433,episodic_length,1000.0
435434,episodic_return,1227.3621913190836
435434,episodic_length,1000.0
436224,value_loss,0.006171682849526405
436224,policy_loss,-0.025806844234466553
436224,approx_kl,0.023570483550429344
436224,clipfrac,0.21123046875
436224,explained_variance,0.12654811143875122
436224,sps,564.0
436435,episodic_return,1259.5949020800392
436435,episodic_length,1000.0
437436,episodic_return,1262.908211999226
437436,episodic_length,1000.0
438272,value_loss,0.008093390613794327
438272,policy_loss,-0.04487580806016922
438272,approx_kl,0.015429108403623104
438272,clipfrac,0.234375
438272,explained_variance,0.18270528316497803
438272,sps,563.0
438437,episodic_return,1263.2785615329278
438437,episodic_length,1000.0
439438,episodic_return,1229.1925148790292
439438,episodic_length,1000.0
440320,value_loss,0.03602868691086769
440320,policy_loss,-0.029896482825279236
440320,approx_kl,0.01688549667596817
440320,clipfrac,0.245703125
440320,explained_variance,0.35806286334991455
440320,sps,563.0
440439,episodic_return,1249.4888383844914
440439,episodic_length,1000.0
441440,episodic_return,1269.7172904984654
441440,episodic_length,1000.0
442368,value_loss,0.02840622514486313
442368,policy_loss,-0.040031395852565765
442368,approx_kl,0.014926664531230927
442368,clipfrac,0.222216796875
442368,explained_variance,0.10999906063079834
442368,sps,563.0
442441,episodic_return,1306.1218827148807
442441,episodic_length,1000.0
443442,episodic_return,1313.783235749069
443442,episodic_length,1000.0
444416,value_loss,0.004600769840180874
444416,policy_loss,0.008964994922280312
444416,approx_kl,0.01713540591299534
444416,clipfrac,0.2541015625
444416,explained_variance,0.11702114343643188
444416,sps,563.0
444443,episodic_return,1317.0769798183132
444443,episodic_length,1000.0
445444,episodic_return,1146.8386344204582
445444,episodic_length,1000.0
446445,episodic_return,1365.4764109938571
446445,episodic_length,1000.0
446464,value_loss,0.10240212082862854
446464,policy_loss,-0.04495328664779663
446464,approx_kl,0.013580463826656342
446464,clipfrac,0.22412109375
446464,explained_variance,0.28918468952178955
446464,sps,563.0
447446,episodic_return,1313.5769706989809
447446,episodic_length,1000.0
448447,episodic_return,1220.6154550385977
448447,episodic_length,1000.0
448512,value_loss,0.03927702456712723
448512,policy_loss,-0.021777473390102386
448512,approx_kl,0.011211236007511616
448512,clipfrac,0.237158203125
448512,explained_variance,0.09091299772262573
448512,sps,563.0
449448,episodic_return,1358.1549614712262
449448,episodic_length,1000.0
450449,episodic_return,1294.65450304738
450449,episodic_length,1000.0
450560,value_loss,0.004343692678958178
450560,policy_loss,-0.0553780272603035
450560,approx_kl,0.02499832957983017
450560,clipfrac,0.220849609375
450560,explained_variance,0.10569208860397339
450560,sps,563.0
451450,episodic_return,1284.9486208467665
451450,episodic_length,1000.0
452451,episodic_return,1288.0933895335756
452451,episodic_length,1000.0
452608,value_loss,0.04513733088970184
452608,policy_loss,-0.04633320868015289
452608,approx_kl,0.019536824896931648
452608,clipfrac,0.240380859375
452608,explained_variance,0.10819762945175171
452608,sps,562.0
453452,episodic_return,1297.4033644175306
453452,episodic_length,1000.0
454453,episodic_return,1290.7476901141715
454453,episodic_length,1000.0
454656,value_loss,0.023716486990451813
454656,policy_loss,-0.03341451287269592
454656,approx_kl,0.017083430662751198
454656,clipfrac,0.237451171875
454656,explained_variance,0.09280776977539062
454656,sps,562.0
455454,episodic_return,1345.5476762485364
455454,episodic_length,1000.0
456455,episodic_return,1351.5123581029952
456455,episodic_length,1000.0
456704,value_loss,0.004060481674969196
456704,policy_loss,-0.035074569284915924
456704,approx_kl,0.03252384066581726
456704,clipfrac,0.243994140625
456704,explained_variance,0.07679486274719238
456704,sps,562.0
457456,episodic_return,1287.3332091740879
457456,episodic_length,1000.0
458457,episodic_return,1326.0775584719524
458457,episodic_length,1000.0
458752,value_loss,0.006382075138390064
458752,policy_loss,-0.04044431447982788
458752,approx_kl,0.026479005813598633
458752,clipfrac,0.22197265625
458752,explained_variance,0.12134933471679688
458752,sps,562.0
459458,episodic_return,1298.449800035488
459458,episodic_length,1000.0
460459,episodic_return,1324.4367364203372
460459,episodic_length,1000.0
460800,value_loss,0.037515994161367416
460800,policy_loss,-0.03277534246444702
460800,approx_kl,0.019137363880872726
460800,clipfrac,0.244970703125
460800,explained_variance,0.058035314083099365
460800,sps,562.0
461460,episodic_return,1335.4067104513917
461460,episodic_length,1000.0
462461,episodic_return,1308.628890474546
462461,episodic_length,1000.0
462848,value_loss,0.05057758092880249
462848,policy_loss,-0.04251614958047867
462848,approx_kl,0.017829284071922302
462848,clipfrac,0.232861328125
462848,explained_variance,0.08877217769622803
462848,sps,562.0
463462,episodic_return,1318.7336775032554
463462,episodic_length,1000.0
464463,episodic_return,1269.2000819071745
464463,episodic_length,1000.0
464896,value_loss,0.00415587006136775
464896,policy_loss,-0.01311446726322174
464896,approx_kl,0.02275601029396057
464896,clipfrac,0.21162109375
464896,explained_variance,0.12890398502349854
464896,sps,562.0
465464,episodic_return,1234.6811237273494
465464,episodic_length,1000.0
466465,episodic_return,1338.3851346247307
466465,episodic_length,1000.0
466944,value_loss,0.02204352244734764
466944,policy_loss,-0.02580392360687256
466944,approx_kl,0.017021432518959045
466944,clipfrac,0.233056640625
466944,explained_variance,0.13593173027038574
466944,sps,561.0
467466,episodic_return,1266.2963671550567
467466,episodic_length,1000.0
468467,episodic_return,1302.5124148238551
468467,episodic_length,1000.0
468992,value_loss,0.01599305495619774
468992,policy_loss,-0.033253028988838196
468992,approx_kl,0.016643542796373367
468992,clipfrac,0.219287109375
468992,explained_variance,0.14464163780212402
468992,sps,562.0
469468,episodic_return,1370.9953896231013
469468,episodic_length,1000.0
470469,episodic_return,1328.3082012123891
470469,episodic_length,1000.0
471040,value_loss,0.007561794947832823
471040,policy_loss,-0.05804168060421944
471040,approx_kl,0.013747112825512886
471040,clipfrac,0.23505859375
471040,explained_variance,0.08506518602371216
471040,sps,562.0
471470,episodic_return,1244.833296729904
471470,episodic_length,1000.0
472471,episodic_return,1305.9727820519654
472471,episodic_length,1000.0
473088,value_loss,0.02776332013309002
473088,policy_loss,-0.04549112915992737
473088,approx_kl,0.019494231790304184
473088,clipfrac,0.233203125
473088,explained_variance,0.1288089156150818
473088,sps,562.0
473472,episodic_return,1238.9722457647724
473472,episodic_length,1000.0
474473,episodic_return,1379.874029532558
474473,episodic_length,1000.0
475136,value_loss,0.006101956125348806
475136,policy_loss,-0.024913229048252106
475136,approx_kl,0.01872718706727028
475136,clipfrac,0.209423828125
475136,explained_variance,0.08768028020858765
475136,sps,562.0
475474,episodic_return,1395.511812626126
475474,episodic_length,1000.0
476475,episodic_return,1255.138785429303
476475,episodic_length,1000.0
477184,value_loss,0.03306861221790314
477184,policy_loss,-0.030683206394314766
477184,approx_kl,0.0157986618578434
477184,clipfrac,0.239111328125
477184,explained_variance,0.06473517417907715
477184,sps,562.0
477476,episodic_return,1352.363466572396
477476,episodic_length,1000.0
478477,episodic_return,1382.7171545647639
478477,episodic_length,1000.0
479232,value_loss,0.042988307774066925
479232,policy_loss,-0.041447483003139496
479232,approx_kl,0.015116709284484386
479232,clipfrac,0.232568359375
479232,explained_variance,0.03563094139099121
479232,sps,562.0
479478,episodic_return,1265.7816363851803
479478,episodic_length,1000.0
480479,episodic_return,1373.1655890354255
480479,episodic_length,1000.0
481280,value_loss,0.027328724041581154
481280,policy_loss,-0.04142806679010391
481280,approx_kl,0.01638220250606537
481280,clipfrac,0.228955078125
481280,explained_variance,0.12138831615447998
481280,sps,563.0
481480,episodic_return,1360.2800815023402
481480,episodic_length,1000.0
482481,episodic_return,1385.5619365606356
482481,episodic_length,1000.0
483328,value_loss,0.00952833704650402
483328,policy_loss,-0.03025839477777481
483328,approx_kl,0.019671805202960968
483328,clipfrac,0.220068359375
483328,explained_variance,0.05834466218948364
483328,sps,563.0
483482,episodic_return,1200.3729271867467
483482,episodic_length,1000.0
484483,episodic_return,1304.916065297352
484483,episodic_length,1000.0
485376,value_loss,0.009017330594360828
485376,policy_loss,-0.03818024694919586
485376,approx_kl,0.0250856876373291
485376,clipfrac,0.24423828125
485376,explained_variance,0.0773158073425293
485376,sps,563.0
485484,episodic_return,1359.7356634667678
485484,episodic_length,1000.0
486485,episodic_return,1333.6937642367873
486485,episodic_length,1000.0
487424,value_loss,0.058548055589199066
487424,policy_loss,-0.015999101102352142
487424,approx_kl,0.022804971784353256
487424,clipfrac,0.223828125
487424,explained_variance,0.0812264084815979
487424,sps,563.0
487486,episodic_return,1334.8045653532822
487486,episodic_length,1000.0
488487,episodic_return,1358.7195985386606
488487,episodic_length,1000.0
489472,value_loss,0.040062982589006424
489472,policy_loss,-0.062337152659893036
489472,approx_kl,0.022904273122549057
489472,clipfrac,0.21884765625
489472,explained_variance,0.10047024488449097
489472,sps,563.0
489488,episodic_return,1361.561707683813
489488,episodic_length,1000.0
490489,episodic_return,1308.6883751120622
490489,episodic_length,1000.0
491490,episodic_return,1295.9770026444126
491490,episodic_length,1000.0
491520,value_loss,0.019338229671120644
491520,policy_loss,-0.03532838821411133
491520,approx_kl,0.017605548724532127
491520,clipfrac,0.235302734375
491520,explained_variance,0.12243890762329102
491520,sps,563.0
492491,episodic_return,1375.763586109773
492491,episodic_length,1000.0
493492,episodic_return,1322.092841141745
493492,episodic_length,1000.0
493568,value_loss,0.006117364391684532
493568,policy_loss,-0.036819469183683395
493568,approx_kl,0.015796184539794922
493568,clipfrac,0.237744140625
493568,explained_variance,0.11456543207168579
493568,sps,563.0
494493,episodic_return,1349.2640221918448
494493,episodic_length,1000.0
495494,episodic_return,1314.4407805682642
495494,episodic_length,1000.0
495616,value_loss,0.008011477999389172
495616,policy_loss,-0.023586735129356384
495616,approx_kl,0.01681937649846077
495616,clipfrac,0.21689453125
495616,explained_variance,0.1015729308128357
495616,sps,563.0
496495,episodic_return,1346.7798274359282
496495,episodic_length,1000.0
497496,episodic_return,1302.6296107596886
497496,episodic_length,1000.0
497664,value_loss,0.008811679668724537
497664,policy_loss,-0.03372376039624214
497664,approx_kl,0.025371383875608444
497664,clipfrac,0.224755859375
497664,explained_variance,0.05827736854553223
497664,sps,563.0
498497,episodic_return,1404.3405943104535
498497,episodic_length,1000.0
499498,episodic_return,1332.9256152836845
499498,episodic_length,1000.0
499712,value_loss,0.005621842108666897
499712,policy_loss,-0.017509814351797104
499712,approx_kl,0.01662188395857811
499712,clipfrac,0.229345703125
499712,explained_variance,0.07691150903701782
499712,sps,563.0
500499,episodic_return,1286.6489342115565
500499,episodic_length,1000.0
501500,episodic_return,1341.6010396926472
501500,episodic_length,1000.0
501760,value_loss,0.013884035870432854
501760,policy_loss,-0.04013942927122116
501760,approx_kl,0.015636291354894638
501760,clipfrac,0.218994140625
501760,explained_variance,0.08775597810745239
501760,sps,564.0
502501,episodic_return,1313.0082722971808
502501,episodic_length,1000.0
503502,episodic_return,1372.7543048065806
503502,episodic_length,1000.0
503808,value_loss,0.0037407767958939075
503808,policy_loss,-0.015514668077230453
503808,approx_kl,0.01932663843035698
503808,clipfrac,0.237451171875
503808,explained_variance,0.11235105991363525
503808,sps,564.0
504503,episodic_return,1288.9905416602367
504503,episodic_length,1000.0
505504,episodic_return,1343.5667774615733
505504,episodic_length,1000.0
505856,value_loss,0.00518500991165638
505856,policy_loss,-0.025974072515964508
505856,approx_kl,0.009902724996209145
505856,clipfrac,0.22646484375
505856,explained_variance,0.029739975929260254
505856,sps,564.0
506505,episodic_return,1406.6715773619192
506505,episodic_length,1000.0
507506,episodic_return,1238.6430062990084
507506,episodic_length,1000.0
507904,value_loss,0.0031034816056489944
507904,policy_loss,-0.021092668175697327
507904,approx_kl,0.01504100114107132
507904,clipfrac,0.22099609375
507904,explained_variance,0.21155893802642822
507904,sps,564.0
508507,episodic_return,1363.2400674984174
508507,episodic_length,1000.0
509508,episodic_return,1271.123713742827
509508,episodic_length,1000.0
509952,value_loss,0.049069322645664215
509952,policy_loss,-0.007396712899208069
509952,approx_kl,0.01680135540664196
509952,clipfrac,0.227783203125
509952,explained_variance,0.09255111217498779
509952,sps,564.0
510509,episodic_return,1308.9191117166856
510509,episodic_length,1000.0
511510,episodic_return,1289.4610445440305
511510,episodic_length,1000.0
512000,value_loss,0.029509402811527252
512000,policy_loss,-0.03715410828590393
512000,approx_kl,0.015236521139740944
512000,clipfrac,0.227197265625
512000,explained_variance,0.13767844438552856
512000,sps,564.0
512511,episodic_return,1315.7245351547201
512511,episodic_length,1000.0
513512,episodic_return,1323.8556273456318
513512,episodic_length,1000.0
514048,value_loss,0.006430266425013542
514048,policy_loss,-0.03073013573884964
514048,approx_kl,0.01098269410431385
514048,clipfrac,0.2138671875
514048,explained_variance,0.01889348030090332
514048,sps,564.0
514513,episodic_return,1283.9098777856536
514513,episodic_length,1000.0
515514,episodic_return,1300.5754032257946
515514,episodic_length,1000.0
516096,value_loss,0.0034685961436480284
516096,policy_loss,-0.03481554985046387
516096,approx_kl,0.016185646876692772
516096,clipfrac,0.225927734375
516096,explained_variance,0.05191558599472046
516096,sps,564.0
516515,episodic_return,1294.7037535210904
516515,episodic_length,1000.0
517516,episodic_return,1354.717051311864
517516,episodic_length,1000.0
518144,value_loss,0.01035297755151987
518144,policy_loss,-0.04222322255373001
518144,approx_kl,0.02041700854897499
518144,clipfrac,0.226123046875
518144,explained_variance,0.10048419237136841
518144,sps,564.0
518517,episodic_return,1395.1131200394987
518517,episodic_length,1000.0
519518,episodic_return,1330.3059741717398
519518,episodic_length,1000.0
520192,value_loss,0.040357980877161026
520192,policy_loss,-0.028516575694084167
520192,approx_kl,0.015584008768200874
520192,clipfrac,0.2265625
520192,explained_variance,0.09500479698181152
520192,sps,564.0
520519,episodic_return,1448.2510716837016
520519,episodic_length,1000.0
521520,episodic_return,1393.1422206786815
521520,episodic_length,1000.0
522240,value_loss,0.0034794630482792854
522240,policy_loss,-0.011550210416316986
522240,approx_kl,0.017517685890197754
522240,clipfrac,0.204638671875
522240,explained_variance,0.04277318716049194
522240,sps,564.0
522521,episodic_return,1358.5818542443099
522521,episodic_length,1000.0
523522,episodic_return,1349.8845269718902
523522,episodic_length,1000.0
524288,value_loss,0.06209758669137955
524288,policy_loss,-0.03611095994710922
524288,approx_kl,0.015889599919319153
524288,clipfrac,0.24189453125
524288,explained_variance,0.07033199071884155
524288,sps,565.0
524523,episodic_return,1274.749349201199
524523,episodic_length,1000.0
525524,episodic_return,1416.8561501106924
525524,episodic_length,1000.0
526336,value_loss,0.04308583214879036
526336,policy_loss,-0.03187836706638336
526336,approx_kl,0.02104082703590393
526336,clipfrac,0.220166015625
526336,explained_variance,0.11486220359802246
526336,sps,565.0
526525,episodic_return,1364.1201537871268
526525,episodic_length,1000.0
527526,episodic_return,1358.6484914730684
527526,episodic_length,1000.0
528384,value_loss,0.02402595616877079
528384,policy_loss,-0.03608619421720505
528384,approx_kl,0.020863281562924385
528384,clipfrac,0.225830078125
528384,explained_variance,0.13270848989486694
528384,sps,565.0
528527,episodic_return,1423.8883129865085
528527,episodic_length,1000.0
529528,episodic_return,1374.2030183870952
529528,episodic_length,1000.0
530432,value_loss,0.04611537978053093
530432,policy_loss,-0.01961052417755127
530432,approx_kl,0.01623222604393959
530432,clipfrac,0.2150390625
530432,explained_variance,0.11701029539108276
530432,sps,565.0
530529,episodic_return,1349.8875415580114
530529,episodic_length,1000.0
531530,episodic_return,1303.077895619255
531530,episodic_length,1000.0
532480,value_loss,0.0038951607421040535
532480,policy_loss,-0.03249232843518257
532480,approx_kl,0.016506073996424675
532480,clipfrac,0.218701171875
532480,explained_variance,0.06998670101165771
532480,sps,565.0
532531,episodic_return,1344.390986639318
532531,episodic_length,1000.0
533532,episodic_return,1351.9721661825417
533532,episodic_length,1000.0
534528,value_loss,0.01674075797200203
534528,policy_loss,-0.04812733456492424
534528,approx_kl,0.01782071776688099
534528,clipfrac,0.225
534528,explained_variance,0.07904702425003052
534528,sps,566.0
534533,episodic_return,1292.597815543356
534533,episodic_length,1000.0
535534,episodic_return,1357.809876249641
535534,episodic_length,1000.0
536535,episodic_return,1350.025932236671
536535,episodic_length,1000.0
536576,value_loss,0.05235512554645538
536576,policy_loss,-0.020227380096912384
536576,approx_kl,0.015977634117007256
536576,clipfrac,0.241552734375
536576,explained_variance,0.06293356418609619
536576,sps,566.0
537536,episodic_return,1287.0768736600362
537536,episodic_length,1000.0
538537,episodic_return,1321.8093190822533
538537,episodic_length,1000.0
538624,value_loss,0.04814611002802849
538624,policy_loss,-0.04448896646499634
538624,approx_kl,0.012437259778380394
538624,clipfrac,0.245458984375
538624,explained_variance,0.03696548938751221
538624,sps,566.0
539538,episodic_return,1349.0298072755008
539538,episodic_length,1000.0
540539,episodic_return,1344.364374147439
540539,episodic_length,1000.0
540672,value_loss,0.004320550709962845
540672,policy_loss,-0.021847130730748177
540672,approx_kl,0.012517059221863747
540672,clipfrac,0.2435546875
540672,explained_variance,0.11031371355056763
540672,sps,566.0
541540,episodic_return,1369.965219248474
541540,episodic_length,1000.0
542541,episodic_return,1339.6665812291226
542541,episodic_length,1000.0
542720,value_loss,0.012254549190402031
542720,policy_loss,-0.022585727274417877
542720,approx_kl,0.021266380324959755
542720,clipfrac,0.224658203125
542720,explained_variance,0.06608593463897705
542720,sps,566.0
543542,episodic_return,1350.4937238252578
543542,episodic_length,1000.0
544543,episodic_return,1345.5926301399497
544543,episodic_length,1000.0
544768,value_loss,0.028361141681671143
544768,policy_loss,-0.052432842552661896
544768,approx_kl,0.014464476145803928
544768,clipfrac,0.239013671875
544768,explained_variance,0.07440811395645142
544768,sps,566.0
545544,episodic_return,1393.9436640126567
545544,episodic_length,1000.0
546545,episodic_return,1277.4376401068355
546545,episodic_length,1000.0
546816,value_loss,0.02614171989262104
546816,policy_loss,-0.02903531864285469
546816,approx_kl,0.018100779503583908
546816,clipfrac,0.235302734375
546816,explained_variance,0.057707130908966064
546816,sps,566.0
547546,episodic_return,1399.4194285708818
547546,episodic_length,1000.0
548547,episodic_return,1299.8367509973036
548547,episodic_length,1000.0
548864,value_loss,0.0341891348361969
548864,policy_loss,-0.002421382814645767
548864,approx_kl,0.020610537379980087
548864,clipfrac,0.22587890625
548864,explained_variance,0.09191739559173584
548864,sps,566.0
549548,episodic_return,1378.5408453517923
549548,episodic_length,1000.0
550549,episodic_return,1304.3971230712345
550549,episodic_length,1000.0
550912,value_loss,0.013560675084590912
550912,policy_loss,-0.03426351025700569
550912,approx_kl,0.013186585158109665
550912,clipfrac,0.209521484375
550912,explained_variance,0.16516751050949097
550912,sps,567.0
551550,episodic_return,1240.373392550075
551550,episodic_length,1000.0
552551,episodic_return,1396.7590095770345
552551,episodic_length,1000.0
552960,value_loss,0.014071873389184475
552960,policy_loss,-0.05579081177711487
552960,approx_kl,0.013125328347086906
552960,clipfrac,0.227197265625
552960,explained_variance,0.0660664439201355
552960,sps,567.0
553552,episodic_return,1390.435849624555
553552,episodic_length,1000.0
554553,episodic_return,1324.1238913094155
554553,episodic_length,1000.0
555008,value_loss,0.014869093894958496
555008,policy_loss,-0.052170999348163605
555008,approx_kl,0.021381540223956108
555008,clipfrac,0.22529296875
555008,explained_variance,0.11356842517852783
555008,sps,567.0
555554,episodic_return,1355.4478436613967
555554,episodic_length,1000.0
556555,episodic_return,1370.979176593553
556555,episodic_length,1000.0
557056,value_loss,0.020723389461636543
557056,policy_loss,-0.0040283724665641785
557056,approx_kl,0.014351250603795052
557056,clipfrac,0.221826171875
557056,explained_variance,0.10110461711883545
557056,sps,567.0
557556,episodic_return,1347.487316598581
557556,episodic_length,1000.0
558557,episodic_return,1445.8816576574175
558557,episodic_length,1000.0
559104,value_loss,0.006386707536876202
559104,policy_loss,-0.03678502142429352
559104,approx_kl,0.01574680581688881
559104,clipfrac,0.223291015625
559104,explained_variance,0.13895505666732788
559104,sps,567.0
559558,episodic_return,1333.6347939385664
559558,episodic_length,1000.0
560559,episodic_return,1415.6507885175636
560559,episodic_length,1000.0
561152,value_loss,0.006141618359833956
561152,policy_loss,-0.04812902957201004
561152,approx_kl,0.01854177564382553
561152,clipfrac,0.1869140625
561152,explained_variance,0.0686686635017395
561152,sps,567.0
561560,episodic_return,1356.2370763818772
561560,episodic_length,1000.0
562561,episodic_return,1367.184178684177
562561,episodic_length,1000.0
563200,value_loss,0.012675896286964417
563200,policy_loss,-0.03744193911552429
563200,approx_kl,0.011349212378263474
563200,clipfrac,0.227783203125
563200,explained_variance,0.0915290117263794
563200,sps,567.0
563562,episodic_return,1330.1992874230423
563562,episodic_length,1000.0
564563,episodic_return,1366.2884437656123
564563,episodic_length,1000.0
565248,value_loss,0.006028101779520512
565248,policy_loss,-0.05952507257461548
565248,approx_kl,0.018052441999316216
565248,clipfrac,0.230810546875
565248,explained_variance,0.1046188473701477
565248,sps,567.0
565564,episodic_return,1377.1749379925816
565564,episodic_length,1000.0
566565,episodic_return,1229.0720351888287
566565,episodic_length,1000.0
567296,value_loss,0.03654714301228523
567296,policy_loss,-0.027079861611127853
567296,approx_kl,0.01626579463481903
567296,clipfrac,0.239111328125
567296,explained_variance,0.2318609356880188
567296,sps,568.0
567566,episodic_return,1298.367983947839
567566,episodic_length,1000.0
568567,episodic_return,1293.1226578200524
568567,episodic_length,1000.0
569344,value_loss,0.007021715864539146
569344,policy_loss,-0.040112823247909546
569344,approx_kl,0.0154576376080513
569344,clipfrac,0.192578125
569344,explained_variance,0.17661172151565552
569344,sps,568.0
569568,episodic_return,1322.5168622713343
569568,episodic_length,1000.0
570569,episodic_return,1379.5315382300355
570569,episodic_length,1000.0
571392,value_loss,0.004890791606158018
571392,policy_loss,-0.017986729741096497
571392,approx_kl,0.02867395430803299
571392,clipfrac,0.2359375
571392,explained_variance,0.06785154342651367
571392,sps,568.0
571570,episodic_return,1314.2205590658564
571570,episodic_length,1000.0
572571,episodic_return,1374.6460926487193
572571,episodic_length,1000.0
573440,value_loss,0.0434909462928772
573440,policy_loss,-0.057202115654945374
573440,approx_kl,0.02291877754032612
573440,clipfrac,0.2439453125
573440,explained_variance,0.03915393352508545
573440,sps,568.0
573572,episodic_return,1276.4917854833654
573572,episodic_length,1000.0
574573,episodic_return,1323.025989925685
574573,episodic_length,1000.0
575488,value_loss,0.005870532244443893
575488,policy_loss,-0.02293684147298336
575488,approx_kl,0.014242056757211685
575488,clipfrac,0.215185546875
575488,explained_variance,0.0852547287940979
575488,sps,567.0
575574,episodic_return,1401.9132670799202
575574,episodic_length,1000.0
576575,episodic_return,1355.1614962616716
576575,episodic_length,1000.0
577536,value_loss,0.043082885444164276
577536,policy_loss,-0.022753577679395676
577536,approx_kl,0.019728638231754303
577536,clipfrac,0.2146484375
577536,explained_variance,0.04452115297317505
577536,sps,567.0
577576,episodic_return,1299.5895900550752
577576,episodic_length,1000.0
578577,episodic_return,1316.587461028924
578577,episodic_length,1000.0
579578,episodic_return,1399.4213822757781
579578,episodic_length,1000.0
579584,value_loss,0.012572476640343666
579584,policy_loss,-0.018781425431370735
579584,approx_kl,0.017687302082777023
579584,clipfrac,0.227392578125
579584,explained_variance,0.05531817674636841
579584,sps,567.0
580579,episodic_return,1392.6869775473233
580579,episodic_length,1000.0
581580,episodic_return,1379.8669758824562
581580,episodic_length,1000.0
581632,value_loss,0.004747426137328148
581632,policy_loss,-0.03296896070241928
581632,approx_kl,0.02338455617427826
581632,clipfrac,0.226123046875
581632,explained_variance,0.06481170654296875
581632,sps,567.0
582581,episodic_return,1327.2857926396357
582581,episodic_length,1000.0
583582,episodic_return,1269.5792652328564
583582,episodic_length,1000.0
583680,value_loss,0.038466621190309525
583680,policy_loss,-0.027796290814876556
583680,approx_kl,0.014637917280197144
583680,clipfrac,0.18466796875
583680,explained_variance,0.1278974413871765
583680,sps,567.0
584583,episodic_return,1391.3119175767415
584583,episodic_length,1000.0
585584,episodic_return,1249.7247052003372
585584,episodic_length,1000.0
585728,value_loss,0.006481781601905823
585728,policy_loss,-0.06066880375146866
585728,approx_kl,0.019052494317293167
585728,clipfrac,0.2068359375
585728,explained_variance,0.10245716571807861
585728,sps,567.0
586585,episodic_return,1366.6280147566558
586585,episodic_length,1000.0
587586,episodic_return,1351.244875157106
587586,episodic_length,1000.0
587776,value_loss,0.026618512347340584
587776,policy_loss,-0.0317142978310585
587776,approx_kl,0.01606449857354164
587776,clipfrac,0.214697265625
587776,explained_variance,0.13077962398529053
587776,sps,567.0
588587,episodic_return,1404.614727232768
588587,episodic_length,1000.0
589588,episodic_return,1371.2462165947945
589588,episodic_length,1000.0
589824,value_loss,0.004377154167741537
589824,policy_loss,-0.008911184966564178
589824,approx_kl,0.01709531433880329
589824,clipfrac,0.194873046875
589824,explained_variance,0.12747138738632202
589824,sps,567.0
590589,episodic_return,1277.6309043433034
590589,episodic_length,1000.0
591590,episodic_return,1314.5211820388267
591590,episodic_length,1000.0
591872,value_loss,0.009481506422162056
591872,policy_loss,-0.06553368270397186
591872,approx_kl,0.017865391448140144
591872,clipfrac,0.2080078125
591872,explained_variance,0.14056140184402466
591872,sps,567.0
592591,episodic_return,1294.1721808840698
592591,episodic_length,1000.0
593592,episodic_return,1307.3400848961983
593592,episodic_length,1000.0
593920,value_loss,0.014288775622844696
593920,policy_loss,-0.03007964789867401
593920,approx_kl,0.013447572477161884
593920,clipfrac,0.189208984375
593920,explained_variance,0.05762910842895508
593920,sps,567.0
594593,episodic_return,1279.3889876707892
594593,episodic_length,1000.0
595594,episodic_return,1370.9188668511938
595594,episodic_length,1000.0
595968,value_loss,0.003930039703845978
595968,policy_loss,-0.06500905007123947
595968,approx_kl,0.019517475739121437
595968,clipfrac,0.2291015625
595968,explained_variance,0.060881614685058594
595968,sps,567.0
596595,episodic_return,1391.4543492829393
596595,episodic_length,1000.0
597596,episodic_return,1398.37209108168
597596,episodic_length,1000.0
598016,value_loss,0.00534537248313427
598016,policy_loss,-0.011820875108242035
598016,approx_kl,0.01971483789384365
598016,clipfrac,0.1994140625
598016,explained_variance,0.14972561597824097
598016,sps,567.0
598597,episodic_return,1367.9762639097908
598597,episodic_length,1000.0
599598,episodic_return,1335.355129369507
599598,episodic_length,1000.0
600064,value_loss,0.08003288507461548
600064,policy_loss,-0.03608173131942749
600064,approx_kl,0.015074139460921288
600064,clipfrac,0.207421875
600064,explained_variance,0.08282983303070068
600064,sps,566.0
600599,episodic_return,1306.8461168239244
600599,episodic_length,1000.0
601600,episodic_return,1316.053310881323
601600,episodic_length,1000.0
602112,value_loss,0.03767405450344086
602112,policy_loss,-0.041800130158662796
602112,approx_kl,0.024361470714211464
602112,clipfrac,0.208984375
602112,explained_variance,0.0697474479675293
602112,sps,566.0
602601,episodic_return,1368.4115901248097
602601,episodic_length,1000.0
603602,episodic_return,1356.9153877800022
603602,episodic_length,1000.0
604160,value_loss,0.01801430433988571
604160,policy_loss,-0.038146376609802246
604160,approx_kl,0.020513173192739487
604160,clipfrac,0.236865234375
604160,explained_variance,0.0903511643409729
604160,sps,566.0
604603,episodic_return,1362.536945570231
604603,episodic_length,1000.0
605604,episodic_return,1285.149647400612
605604,episodic_length,1000.0
606208,value_loss,0.05225251615047455
606208,policy_loss,-0.017130866646766663
606208,approx_kl,0.00904969684779644
606208,clipfrac,0.21650390625
606208,explained_variance,0.04673480987548828
606208,sps,566.0
606605,episodic_return,1342.2108560967636
606605,episodic_length,1000.0
607606,episodic_return,1324.0104763559373
607606,episodic_length,1000.0
608256,value_loss,0.010704774409532547
608256,policy_loss,-0.05432727932929993
608256,approx_kl,0.016604825854301453
608256,clipfrac,0.2119140625
608256,explained_variance,0.08120131492614746
608256,sps,566.0
608607,episodic_return,1410.3639459375745
608607,episodic_length,1000.0
609608,episodic_return,1350.6728064644674
609608,episodic_length,1000.0
610304,value_loss,0.007012976799160242
610304,policy_loss,-0.02493034303188324
610304,approx_kl,0.016357403248548508
610304,clipfrac,0.212060546875
610304,explained_variance,0.0644153356552124
610304,sps,566.0
610609,episodic_return,1415.1513929695375
610609,episodic_length,1000.0
611610,episodic_return,1326.6555209169037
611610,episodic_length,1000.0
612352,value_loss,0.025128541514277458
612352,policy_loss,-0.03919043391942978
612352,approx_kl,0.01606324315071106
612352,clipfrac,0.203662109375
612352,explained_variance,0.10348016023635864
612352,sps,566.0
612611,episodic_return,1333.9297897337813
612611,episodic_length,1000.0
613612,episodic_return,1424.8052076594074
613612,episodic_length,1000.0
614400,value_loss,0.03340963274240494
614400,policy_loss,-0.03343905508518219
614400,approx_kl,0.017779840156435966
614400,clipfrac,0.218603515625
614400,explained_variance,0.1208069920539856
614400,sps,567.0
614613,episodic_return,1334.4262488758561
614613,episodic_length,1000.0
615614,episodic_return,1311.7458635109924
615614,episodic_length,1000.0
616448,value_loss,0.01336191687732935
616448,policy_loss,-0.0437617152929306
616448,approx_kl,0.019217602908611298
616448,clipfrac,0.226123046875
616448,explained_variance,0.14554423093795776
616448,sps,567.0
616615,episodic_return,1289.8652877678742
616615,episodic_length,1000.0
617616,episodic_return,1351.6009913075582
617616,episodic_length,1000.0
618496,value_loss,0.01870114915072918
618496,policy_loss,-0.03484561666846275
618496,approx_kl,0.015490811318159103
618496,clipfrac,0.20732421875
618496,explained_variance,0.13435864448547363
618496,sps,567.0
618617,episodic_return,1318.695165076805
618617,episodic_length,1000.0
619618,episodic_return,1419.292042030395
619618,episodic_length,1000.0
620544,value_loss,0.0341007336974144
620544,policy_loss,-0.03095419704914093
620544,approx_kl,0.017053427174687386
620544,clipfrac,0.206884765625
620544,explained_variance,0.07321715354919434
620544,sps,567.0
620619,episodic_return,1327.9142977437343
620619,episodic_length,1000.0
621620,episodic_return,1366.4154464419878
621620,episodic_length,1000.0
622592,value_loss,0.031022191047668457
622592,policy_loss,-0.02099671959877014
622592,approx_kl,0.011164803989231586
622592,clipfrac,0.197509765625
622592,explained_variance,0.0811571478843689
622592,sps,567.0
622621,episodic_return,1358.8303076357126
622621,episodic_length,1000.0
623622,episodic_return,1373.8161196063988
623622,episodic_length,1000.0
624623,episodic_return,1353.8279035161172
624623,episodic_length,1000.0
624640,value_loss,0.014337478205561638
624640,policy_loss,0.002574983984231949
624640,approx_kl,0.01887042447924614
624640,clipfrac,0.247021484375
624640,explained_variance,0.07329589128494263
624640,sps,567.0
625624,episodic_return,1359.6932074138329
625624,episodic_length,1000.0
626625,episodic_return,1330.6348697186202
626625,episodic_length,1000.0
626688,value_loss,0.007369141094386578
626688,policy_loss,-0.03180127963423729
626688,approx_kl,0.015667356550693512
626688,clipfrac,0.24296875
626688,explained_variance,0.10872083902359009
626688,sps,567.0
627626,episodic_return,1267.147242751482
627626,episodic_length,1000.0
628627,episodic_return,1331.2554102131267
628627,episodic_length,1000.0
628736,value_loss,0.0236703809350729
628736,policy_loss,-0.04526470601558685
628736,approx_kl,0.022604577243328094
628736,clipfrac,0.207275390625
628736,explained_variance,0.1244809627532959
628736,sps,567.0
629628,episodic_return,1406.6610754018798
629628,episodic_length,1000.0
630629,episodic_return,1313.0882225353776
630629,episodic_length,1000.0
630784,value_loss,0.011890127323567867
630784,policy_loss,-0.025299638509750366
630784,approx_kl,0.012599935755133629
630784,clipfrac,0.203076171875
630784,explained_variance,0.1381654143333435
630784,sps,567.0
631630,episodic_return,1418.6151257670015
631630,episodic_length,1000.0
632631,episodic_return,1372.116119070425
632631,episodic_length,1000.0
632832,value_loss,0.04127917066216469
632832,policy_loss,-0.026627175509929657
632832,approx_kl,0.017938246950507164
632832,clipfrac,0.1865234375
632832,explained_variance,0.13417983055114746
632832,sps,567.0
633632,episodic_return,1494.8369505517155
633632,episodic_length,1000.0
634633,episodic_return,1382.854937323469
634633,episodic_length,1000.0
634880,value_loss,0.02435567043721676
634880,policy_loss,-0.03354653716087341
634880,approx_kl,0.017923526465892792
634880,clipfrac,0.19287109375
634880,explained_variance,0.09332704544067383
634880,sps,567.0
635634,episodic_return,1402.7551763465058
635634,episodic_length,1000.0
636635,episodic_return,1361.7997388942115
636635,episodic_length,1000.0
636928,value_loss,0.10321787744760513
636928,policy_loss,-0.04574654623866081
636928,approx_kl,0.020836353302001953
636928,clipfrac,0.1896484375
636928,explained_variance,0.18046754598617554
636928,sps,567.0
637636,episodic_return,1348.961073049555
637636,episodic_length,1000.0
638637,episodic_return,1297.7873667355457
638637,episodic_length,1000.0
638976,value_loss,0.037795014679431915
638976,policy_loss,-0.03415365889668465
638976,approx_kl,0.01985740289092064
638976,clipfrac,0.191015625
638976,explained_variance,0.3901023864746094
638976,sps,566.0
639638,episodic_return,1331.8304871672965
639638,episodic_length,1000.0
640639,episodic_return,1326.2119419483417
640639,episodic_length,1000.0
641024,value_loss,0.03415001183748245
641024,policy_loss,-0.04479213431477547
641024,approx_kl,0.019318556413054466
641024,clipfrac,0.193994140625
641024,explained_variance,0.11065417528152466
641024,sps,566.0
641640,episodic_return,1426.3315680134729
641640,episodic_length,1000.0
642641,episodic_return,1306.470194267704
642641,episodic_length,1000.0
643072,value_loss,0.013702855445444584
643072,policy_loss,-0.034155912697315216
643072,approx_kl,0.015369894914329052
643072,clipfrac,0.188232421875
643072,explained_variance,0.0826980471611023
643072,sps,566.0
643642,episodic_return,1370.9904889279132
643642,episodic_length,1000.0
644643,episodic_return,1405.6192857223218
644643,episodic_length,1000.0
645120,value_loss,0.003333974163979292
645120,policy_loss,-0.035440996289253235
645120,approx_kl,0.012343848124146461
645120,clipfrac,0.19296875
645120,explained_variance,0.1380978226661682
645120,sps,567.0
645644,episodic_return,1369.62296744301
645644,episodic_length,1000.0
646645,episodic_return,1409.9382737198919
646645,episodic_length,1000.0
647168,value_loss,0.034416314214468
647168,policy_loss,-0.017718687653541565
647168,approx_kl,0.01862253248691559
647168,clipfrac,0.1845703125
647168,explained_variance,0.14851796627044678
647168,sps,567.0
647646,episodic_return,1431.33048875341
647646,episodic_length,1000.0
648647,episodic_return,1422.5132643503596
648647,episodic_length,1000.0
649216,value_loss,0.08016946911811829
649216,policy_loss,-0.05040862411260605
649216,approx_kl,0.014102919027209282
649216,clipfrac,0.155029296875
649216,explained_variance,0.1504412293434143
649216,sps,567.0
649648,episodic_return,1428.1339004230124
649648,episodic_length,1000.0
650649,episodic_return,1389.2189051485739
650649,episodic_length,1000.0
651264,value_loss,0.016119567677378654
651264,policy_loss,-0.03299874812364578
651264,approx_kl,0.01049717515707016
651264,clipfrac,0.180322265625
651264,explained_variance,0.0919032096862793
651264,sps,567.0
651650,episodic_return,1410.7045853964885
651650,episodic_length,1000.0
652651,episodic_return,1397.1193858468514
652651,episodic_length,1000.0
653312,value_loss,0.04137241095304489
653312,policy_loss,-0.033865734934806824
653312,approx_kl,0.012464716099202633
653312,clipfrac,0.209228515625
653312,explained_variance,0.08978796005249023
653312,sps,567.0
653652,episodic_return,1397.6165240181379
653652,episodic_length,1000.0
654653,episodic_return,1356.1767796721213
654653,episodic_length,1000.0
655360,value_loss,0.00924116000533104
655360,policy_loss,-0.035886138677597046
655360,approx_kl,0.0141849834471941
655360,clipfrac,0.18095703125
655360,explained_variance,0.1126699447631836
655360,sps,567.0
655654,episodic_return,1295.98922299266
655654,episodic_length,1000.0
656655,episodic_return,1343.9224170336963
656655,episodic_length,1000.0
657408,value_loss,0.006546872667968273
657408,policy_loss,0.000276859849691391
657408,approx_kl,0.014337089844048023
657408,clipfrac,0.184521484375
657408,explained_variance,0.10172992944717407
657408,sps,567.0
657656,episodic_return,1424.7479135235908
657656,episodic_length,1000.0
658657,episodic_return,1399.7114593788933
658657,episodic_length,1000.0
659456,value_loss,0.00318845734000206
659456,policy_loss,-0.0070028044283390045
659456,approx_kl,0.012286413460969925
659456,clipfrac,0.214306640625
659456,explained_variance,0.12127721309661865
659456,sps,567.0
659658,episodic_return,1383.8792401910807
659658,episodic_length,1000.0
660659,episodic_return,1445.137285005923
660659,episodic_length,1000.0
661504,value_loss,0.09060496836900711
661504,policy_loss,-0.05338464304804802
661504,approx_kl,0.012285849079489708
661504,clipfrac,0.186279296875
661504,explained_variance,0.18083465099334717
661504,sps,568.0
661660,episodic_return,1375.9211863800083
661660,episodic_length,1000.0
662661,episodic_return,1380.7785223103256
662661,episodic_length,1000.0
663552,value_loss,0.003994335420429707
663552,policy_loss,-0.030558688566088676
663552,approx_kl,0.015328713692724705
663552,clipfrac,0.228662109375
663552,explained_variance,0.11146610975265503
663552,sps,568.0
663662,episodic_return,1391.4394179242763
663662,episodic_length,1000.0
664663,episodic_return,1350.2493844971302
664663,episodic_length,1000.0
665600,value_loss,0.004018111154437065
665600,policy_loss,-0.03339466452598572
665600,approx_kl,0.01386787835508585
665600,clipfrac,0.188671875
665600,explained_variance,0.16185659170150757
665600,sps,568.0
665664,episodic_return,1375.3592331546497
665664,episodic_length,1000.0
666665,episodic_return,1397.6421452684815
666665,episodic_length,1000.0
667648,value_loss,0.004523977637290955
667648,policy_loss,-0.047604531049728394
667648,approx_kl,0.015201497822999954
667648,clipfrac,0.191357421875
667648,explained_variance,0.1320253610610962
667648,sps,568.0
667666,episodic_return,1404.6269358853083
667666,episodic_length,1000.0
668667,episodic_return,1394.4694288301919
668667,episodic_length,1000.0
669668,episodic_return,1381.1795648026002
669668,episodic_length,1000.0
669696,value_loss,0.04476907104253769
669696,policy_loss,-0.023970622569322586
669696,approx_kl,0.012236202135682106
669696,clipfrac,0.204638671875
669696,explained_variance,0.06410229206085205
669696,sps,568.0
670669,episodic_return,1381.676702951006
670669,episodic_length,1000.0
671670,episodic_return,1392.8248269026947
671670,episodic_length,1000.0
671744,value_loss,0.05936940759420395
671744,policy_loss,-0.036427974700927734
671744,approx_kl,0.012665907852351665
671744,clipfrac,0.1884765625
671744,explained_variance,0.026271283626556396
671744,sps,568.0
672671,episodic_return,1429.3349839513114
672671,episodic_length,1000.0
673672,episodic_return,1403.4182642853596
673672,episodic_length,1000.0
673792,value_loss,0.005647101439535618
673792,policy_loss,-0.013386979699134827
673792,approx_kl,0.02084662765264511
673792,clipfrac,0.186865234375
673792,explained_variance,0.0657883882522583
673792,sps,568.0
674673,episodic_return,1376.8067409909297
674673,episodic_length,1000.0
675674,episodic_return,1388.9321455569398
675674,episodic_length,1000.0
675840,value_loss,0.009942878969013691
675840,policy_loss,-0.030226826667785645
675840,approx_kl,0.014056198298931122
675840,clipfrac,0.2
675840,explained_variance,0.07401406764984131
675840,sps,568.0
676675,episodic_return,1440.0437117601273
676675,episodic_length,1000.0
677676,episodic_return,1446.8647304753974
677676,episodic_length,1000.0
677888,value_loss,0.02511032298207283
677888,policy_loss,-0.042203206568956375
677888,approx_kl,0.01683991774916649
677888,clipfrac,0.2154296875
677888,explained_variance,0.08196115493774414
677888,sps,569.0
678677,episodic_return,1476.8530849523156
678677,episodic_length,1000.0
679678,episodic_return,1386.3887768096856
679678,episodic_length,1000.0
679936,value_loss,0.03467651456594467
679936,policy_loss,-0.04137875884771347
679936,approx_kl,0.021957702934741974
679936,clipfrac,0.1849609375
679936,explained_variance,0.10277163982391357
679936,sps,569.0
680679,episodic_return,1362.6714070190603
680679,episodic_length,1000.0
681680,episodic_return,1431.753474056853
681680,episodic_length,1000.0
681984,value_loss,0.004174495581537485
681984,policy_loss,-0.02944161742925644
681984,approx_kl,0.0175674669444561
681984,clipfrac,0.19248046875
681984,explained_variance,0.08810698986053467
681984,sps,569.0
682681,episodic_return,1402.705222939848
682681,episodic_length,1000.0
683682,episodic_return,1343.155108817889
683682,episodic_length,1000.0
684032,value_loss,0.048437491059303284
684032,policy_loss,0.011576861143112183
684032,approx_kl,0.02069675922393799
684032,clipfrac,0.205517578125
684032,explained_variance,0.0904531478881836
684032,sps,569.0
684683,episodic_return,1338.8584260042514
684683,episodic_length,1000.0
685684,episodic_return,1377.3165108769529
685684,episodic_length,1000.0
686080,value_loss,0.04899322986602783
686080,policy_loss,-0.030448265373706818
686080,approx_kl,0.01909930445253849
686080,clipfrac,0.195068359375
686080,explained_variance,0.031492769718170166
686080,sps,569.0
686685,episodic_return,1302.6681250749818
686685,episodic_length,1000.0
687686,episodic_return,1439.3748328805618
687686,episodic_length,1000.0
688128,value_loss,0.022439591586589813
688128,policy_loss,-0.018350675702095032
688128,approx_kl,0.00925847701728344
688128,clipfrac,0.159423828125
688128,explained_variance,0.08768653869628906
688128,sps,569.0
688687,episodic_return,1377.809564636548
688687,episodic_length,1000.0
689688,episodic_return,1361.7812214384655
689688,episodic_length,1000.0
690176,value_loss,0.0040828450582921505
690176,policy_loss,-0.03406680375337601
690176,approx_kl,0.0139501066878438
690176,clipfrac,0.18935546875
690176,explained_variance,0.06594514846801758
690176,sps,569.0
690689,episodic_return,1389.598939205021
690689,episodic_length,1000.0
691690,episodic_return,1407.6471001132643
691690,episodic_length,1000.0
692224,value_loss,0.07165420800447464
692224,policy_loss,-0.03425759822130203
692224,approx_kl,0.014250749722123146
692224,clipfrac,0.18662109375
692224,explained_variance,0.08176076412200928
692224,sps,569.0
692691,episodic_return,1423.3875402072103
692691,episodic_length,1000.0
693692,episodic_return,1429.3770355761544
693692,episodic_length,1000.0
694272,value_loss,0.01131272129714489
694272,policy_loss,-0.043393574655056
694272,approx_kl,0.01815628632903099
694272,clipfrac,0.19326171875
694272,explained_variance,0.14137452840805054
694272,sps,570.0
694693,episodic_return,1397.6124020197124
694693,episodic_length,1000.0
695694,episodic_return,1441.986642825939
695694,episodic_length,1000.0
696320,value_loss,0.06283755600452423
696320,policy_loss,-0.03210996091365814
696320,approx_kl,0.008099347352981567
696320,clipfrac,0.2052734375
696320,explained_variance,0.09975415468215942
696320,sps,570.0
696695,episodic_return,1402.3601848807068
696695,episodic_length,1000.0
697696,episodic_return,1331.5334184998824
697696,episodic_length,1000.0
698368,value_loss,0.03749503195285797
698368,policy_loss,-0.03793482482433319
698368,approx_kl,0.02209407463669777
698368,clipfrac,0.199462890625
698368,explained_variance,0.0777813196182251
698368,sps,570.0
698697,episodic_return,1425.007988983551
698697,episodic_length,1000.0
699698,episodic_return,1393.5192092772895
699698,episodic_length,1000.0
700416,value_loss,0.014509494416415691
700416,policy_loss,-0.02677958831191063
700416,approx_kl,0.021540865302085876
700416,clipfrac,0.191650390625
700416,explained_variance,0.14505404233932495
700416,sps,570.0
700699,episodic_return,1379.421861391936
700699,episodic_length,1000.0
701700,episodic_return,1469.9954514749763
701700,episodic_length,1000.0
702464,value_loss,0.03182167932391167
702464,policy_loss,-0.027242343872785568
702464,approx_kl,0.01156318187713623
702464,clipfrac,0.217236328125
702464,explained_variance,0.12930762767791748
702464,sps,570.0
702701,episodic_return,1422.2959786635515
702701,episodic_length,1000.0
703702,episodic_return,1387.3535153987216
703702,episodic_length,1000.0
704512,value_loss,0.012861962430179119
704512,policy_loss,-0.02346363663673401
704512,approx_kl,0.014204699546098709
704512,clipfrac,0.190380859375
704512,explained_variance,0.08035194873809814
704512,sps,570.0
704703,episodic_return,1366.3677795141602
704703,episodic_length,1000.0
705704,episodic_return,1323.0452763751107
705704,episodic_length,1000.0
706560,value_loss,0.008638609200716019
706560,policy_loss,-0.03157946094870567
706560,approx_kl,0.014711153693497181
706560,clipfrac,0.175732421875
706560,explained_variance,0.12800341844558716
706560,sps,570.0
706705,episodic_return,1421.7072191072768
706705,episodic_length,1000.0
707706,episodic_return,1424.8236197669567
707706,episodic_length,1000.0
708608,value_loss,0.03668352589011192
708608,policy_loss,-0.03068903461098671
708608,approx_kl,0.017826378345489502
708608,clipfrac,0.1921875
708608,explained_variance,0.16311031579971313
708608,sps,570.0
708707,episodic_return,1367.2189869629597
708707,episodic_length,1000.0
709708,episodic_return,1411.1626882148742
709708,episodic_length,1000.0
710656,value_loss,0.05625660717487335
710656,policy_loss,-0.04464469850063324
710656,approx_kl,0.014052856713533401
710656,clipfrac,0.1791015625
710656,explained_variance,0.15682315826416016
710656,sps,570.0
710709,episodic_return,1349.43110635716
710709,episodic_length,1000.0
711710,episodic_return,1344.261772590735
711710,episodic_length,1000.0
712704,value_loss,0.010426932014524937
712704,policy_loss,0.009093716740608215
712704,approx_kl,0.010280401445925236
712704,clipfrac,0.184619140625
712704,explained_variance,-0.02494025230407715
712704,sps,570.0
712711,episodic_return,1369.4909273013172
712711,episodic_length,1000.0
713712,episodic_return,1387.2875933532346
713712,episodic_length,1000.0
714713,episodic_return,1353.4244473834879
714713,episodic_length,1000.0
714752,value_loss,0.0045605977065861225
714752,policy_loss,-0.03324263170361519
714752,approx_kl,0.014716542325913906
714752,clipfrac,0.179443359375
714752,explained_variance,0.1149330735206604
714752,sps,570.0
715714,episodic_return,1397.2069590837561
715714,episodic_length,1000.0
716715,episodic_return,1435.069832530678
716715,episodic_length,1000.0
716800,value_loss,0.029450468719005585
716800,policy_loss,-0.017798855900764465
716800,approx_kl,0.012715654447674751
716800,clipfrac,0.16533203125
716800,explained_variance,0.07366889715194702
716800,sps,570.0
717716,episodic_return,1446.233500728016
717716,episodic_length,1000.0
718717,episodic_return,1391.6599231435703
718717,episodic_length,1000.0
718848,value_loss,0.04709779471158981
718848,policy_loss,-0.04380050301551819
718848,approx_kl,0.01901628077030182
718848,clipfrac,0.18818359375
718848,explained_variance,0.1174691915512085
718848,sps,570.0
719718,episodic_return,1416.114803675691
719718,episodic_length,1000.0
720719,episodic_return,1359.1287193638889
720719,episodic_length,1000.0
720896,value_loss,0.022533686831593513
720896,policy_loss,-0.0419267863035202
720896,approx_kl,0.01754038780927658
720896,clipfrac,0.168115234375
720896,explained_variance,0.05526632070541382
720896,sps,570.0
721720,episodic_return,1448.5413679056112
721720,episodic_length,1000.0
722721,episodic_return,1379.1826649753446
722721,episodic_length,1000.0
722944,value_loss,0.005694812163710594
722944,policy_loss,-0.04086204618215561
722944,approx_kl,0.010990975424647331
722944,clipfrac,0.1728515625
722944,explained_variance,0.10938215255737305
722944,sps,570.0
723722,episodic_return,1437.818250850565
723722,episodic_length,1000.0
724723,episodic_return,1437.7732925573862
724723,episodic_length,1000.0
724992,value_loss,0.011270380578935146
724992,policy_loss,-0.02096439152956009
724992,approx_kl,0.010660996660590172
724992,clipfrac,0.1603515625
724992,explained_variance,0.16929548978805542
724992,sps,570.0
725724,episodic_return,1428.385933321736
725724,episodic_length,1000.0
726725,episodic_return,1393.856579161702
726725,episodic_length,1000.0
727040,value_loss,0.004401514772325754
727040,policy_loss,-0.007951006293296814
727040,approx_kl,0.01173628494143486
727040,clipfrac,0.165380859375
727040,explained_variance,0.12697827816009521
727040,sps,570.0
727726,episodic_return,1389.3217852313412
727726,episodic_length,1000.0
728727,episodic_return,1365.5244115924597
728727,episodic_length,1000.0
729088,value_loss,0.05743180215358734
729088,policy_loss,-0.029228292405605316
729088,approx_kl,0.014578600414097309
729088,clipfrac,0.16396484375
729088,explained_variance,0.10435158014297485
729088,sps,570.0
729728,episodic_return,1435.7241124932555
729728,episodic_length,1000.0
730729,episodic_return,1358.482125505227
730729,episodic_length,1000.0
731136,value_loss,0.007082384079694748
731136,policy_loss,-0.01930413395166397
731136,approx_kl,0.01425017137080431
731136,clipfrac,0.18935546875
731136,explained_variance,0.07744687795639038
731136,sps,570.0
731730,episodic_return,1393.5407848506716
731730,episodic_length,1000.0
732731,episodic_return,1346.8667399708063
732731,episodic_length,1000.0
733184,value_loss,0.015571309253573418
733184,policy_loss,-0.03960982337594032
733184,approx_kl,0.012610633857548237
733184,clipfrac,0.171923828125
733184,explained_variance,0.06445729732513428
733184,sps,570.0
733732,episodic_return,1410.010334392124
733732,episodic_length,1000.0
734733,episodic_return,1265.8809004295056
734733,episodic_length,1000.0
735232,value_loss,0.04501398652791977
735232,policy_loss,-0.023589104413986206
735232,approx_kl,0.01597047597169876
735232,clipfrac,0.141357421875
735232,explained_variance,0.24264299869537354
735232,sps,570.0
735734,episodic_return,1328.0104425154032
735734,episodic_length,1000.0
736735,episodic_return,1381.3966960733312
736735,episodic_length,1000.0
737280,value_loss,0.06848664581775665
737280,policy_loss,-0.049918800592422485
737280,approx_kl,0.013069592416286469
737280,clipfrac,0.168505859375
737280,explained_variance,0.11944025754928589
737280,sps,569.0
737736,episodic_return,1307.352917438051
737736,episodic_length,1000.0
738737,episodic_return,1387.5402305742696
738737,episodic_length,1000.0
739328,value_loss,0.03169863671064377
739328,policy_loss,-0.04537031799554825
739328,approx_kl,0.01624595746397972
739328,clipfrac,0.1533203125
739328,explained_variance,0.2031937837600708
739328,sps,569.0
739738,episodic_return,1476.6466513426053
739738,episodic_length,1000.0
740739,episodic_return,1384.753023451939
740739,episodic_length,1000.0
741376,value_loss,0.011716448701918125
741376,policy_loss,-0.04779386520385742
741376,approx_kl,0.015858402475714684
741376,clipfrac,0.184423828125
741376,explained_variance,0.13160383701324463
741376,sps,569.0
741740,episodic_return,1399.766797210673
741740,episodic_length,1000.0
742741,episodic_return,1425.3845908583714
742741,episodic_length,1000.0
743424,value_loss,0.00706561841070652
743424,policy_loss,-0.010814620181918144
743424,approx_kl,0.016258541494607925
743424,clipfrac,0.188623046875
743424,explained_variance,0.06438225507736206
743424,sps,569.0
743742,episodic_return,1312.537890050671
743742,episodic_length,1000.0
744743,episodic_return,1490.9992906135753
744743,episodic_length,1000.0
745472,value_loss,0.016273396089673042
745472,policy_loss,-0.02981892228126526
745472,approx_kl,0.015479376539587975
745472,clipfrac,0.174560546875
745472,explained_variance,0.0954664945602417
745472,sps,569.0
745744,episodic_return,1370.0875161294036
745744,episodic_length,1000.0
746745,episodic_return,1365.811347234839
746745,episodic_length,1000.0
747520,value_loss,0.012628840282559395
747520,policy_loss,-0.0418442077934742
747520,approx_kl,0.010890001431107521
747520,clipfrac,0.15390625
747520,explained_variance,0.13119053840637207
747520,sps,569.0
747746,episodic_return,1452.0275831080803
747746,episodic_length,1000.0
748747,episodic_return,1372.9003516268886
748747,episodic_length,1000.0
749568,value_loss,0.0030999332666397095
749568,policy_loss,0.02328030951321125
749568,approx_kl,0.015212927013635635
749568,clipfrac,0.155322265625
749568,explained_variance,0.10136765241622925
749568,sps,569.0
749748,episodic_return,1344.7094755592943
749748,episodic_length,1000.0
750749,episodic_return,1492.6587903080303
750749,episodic_length,1000.0
751616,value_loss,0.004619957879185677
751616,policy_loss,-0.01844102516770363
751616,approx_kl,0.010813544504344463
751616,clipfrac,0.13203125
751616,explained_variance,0.07315564155578613
751616,sps,569.0
751750,episodic_return,1453.4761142392133
751750,episodic_length,1000.0
752751,episodic_return,1295.624351073794
752751,episodic_length,1000.0
753664,value_loss,0.002806977368891239
753664,policy_loss,-0.020403936505317688
753664,approx_kl,0.012246538884937763
753664,clipfrac,0.18701171875
753664,explained_variance,0.05332297086715698
753664,sps,569.0
753752,episodic_return,1412.1124664484905
753752,episodic_length,1000.0
754753,episodic_return,1379.364958455181
754753,episodic_length,1000.0
755712,value_loss,0.007836978882551193
755712,policy_loss,-0.006552420556545258
755712,approx_kl,0.01509922370314598
755712,clipfrac,0.168017578125
755712,explained_variance,0.08561211824417114
755712,sps,569.0
755754,episodic_return,1422.1186527515167
755754,episodic_length,1000.0
756755,episodic_return,1373.8121094614294
756755,episodic_length,1000.0
757756,episodic_return,1508.4031072589983
757756,episodic_length,1000.0
757760,value_loss,0.025609634816646576
757760,policy_loss,-0.04392125830054283
757760,approx_kl,0.010706345550715923
757760,clipfrac,0.176318359375
757760,explained_variance,0.10759246349334717
757760,sps,569.0
758757,episodic_return,1356.5262064244957
758757,episodic_length,1000.0
759758,episodic_return,1414.581509876032
759758,episodic_length,1000.0
759808,value_loss,0.048561304807662964
759808,policy_loss,-0.032050907611846924
759808,approx_kl,0.01617700792849064
759808,clipfrac,0.197705078125
759808,explained_variance,0.06499534845352173
759808,sps,569.0
760759,episodic_return,1399.4458267336827
760759,episodic_length,1000.0
761760,episodic_return,1304.0409243913346
761760,episodic_length,1000.0
761856,value_loss,0.06244602054357529
761856,policy_loss,-0.0332251712679863
761856,approx_kl,0.012537980452179909
761856,clipfrac,0.1833984375
761856,explained_variance,0.13258355855941772
761856,sps,569.0
762761,episodic_return,1353.688650557971
762761,episodic_length,1000.0
763762,episodic_return,1420.7330088115204
763762,episodic_length,1000.0
763904,value_loss,0.01864117942750454
763904,policy_loss,-0.03450619801878929
763904,approx_kl,0.015920711681246758
763904,clipfrac,0.15908203125
763904,explained_variance,0.09104663133621216
763904,sps,569.0
764763,episodic_return,1387.3786932975754
764763,episodic_length,1000.0
765764,episodic_return,1374.9426772219244
765764,episodic_length,1000.0
765952,value_loss,0.020163869485259056
765952,policy_loss,-0.038924671709537506
765952,approx_kl,0.008078983053565025
765952,clipfrac,0.1466796875
765952,explained_variance,0.06391417980194092
765952,sps,569.0
766765,episodic_return,1407.145918218483
766765,episodic_length,1000.0
767766,episodic_return,1436.1325461917859
767766,episodic_length,1000.0
768000,value_loss,0.006321591325104237
768000,policy_loss,-0.007066942751407623
768000,approx_kl,0.013421433046460152
768000,clipfrac,0.130078125
768000,explained_variance,0.08120638132095337
768000,sps,569.0
768767,episodic_return,1371.0705343668894
768767,episodic_length,1000.0
769768,episodic_return,1408.6989434135562
769768,episodic_length,1000.0
770048,value_loss,0.003849117085337639
770048,policy_loss,-0.04068590700626373
770048,approx_kl,0.015764469280838966
770048,clipfrac,0.16982421875
770048,explained_variance,0.081276535987854
770048,sps,569.0
770769,episodic_return,1321.724325211909
770769,episodic_length,1000.0
771770,episodic_return,1409.3162869104044
771770,episodic_length,1000.0
772096,value_loss,0.023661527782678604
772096,policy_loss,-0.036891575902700424
772096,approx_kl,0.009116029366850853
772096,clipfrac,0.160107421875
772096,explained_variance,0.09677904844284058
772096,sps,570.0
772771,episodic_return,1360.7430904590005
772771,episodic_length,1000.0
773772,episodic_return,1421.8328002470791
773772,episodic_length,1000.0
774144,value_loss,0.017822088673710823
774144,policy_loss,-0.006709620356559753
774144,approx_kl,0.010812841355800629
774144,clipfrac,0.142041015625
774144,explained_variance,0.05573064088821411
774144,sps,570.0
774773,episodic_return,1432.4609422950095
774773,episodic_length,1000.0
775774,episodic_return,1424.553417247379
775774,episodic_length,1000.0
776192,value_loss,0.003644525073468685
776192,policy_loss,-0.01168091967701912
776192,approx_kl,0.01252575870603323
776192,clipfrac,0.2
776192,explained_variance,0.07502448558807373
776192,sps,570.0
776775,episodic_return,1405.176528136813
776775,episodic_length,1000.0
777776,episodic_return,1356.7021675559145
777776,episodic_length,1000.0
778240,value_loss,0.004680825397372246
778240,policy_loss,-0.035544686019420624
778240,approx_kl,0.014121734537184238
778240,clipfrac,0.153076171875
778240,explained_variance,0.07898348569869995
778240,sps,570.0
778777,episodic_return,1319.418193928194
778777,episodic_length,1000.0
779778,episodic_return,1408.6177309813488
779778,episodic_length,1000.0
780288,value_loss,0.028353523463010788
780288,policy_loss,-0.030038107186555862
780288,approx_kl,0.010641800239682198
780288,clipfrac,0.13837890625
780288,explained_variance,0.07814216613769531
780288,sps,570.0
780779,episodic_return,1410.1336442971597
780779,episodic_length,1000.0
781780,episodic_return,1440.3025849543233
781780,episodic_length,1000.0
782336,value_loss,0.010687542147934437
782336,policy_loss,-0.012546546757221222
782336,approx_kl,0.01283002458512783
782336,clipfrac,0.158740234375
782336,explained_variance,0.12305706739425659
782336,sps,570.0
782781,episodic_return,1461.4043216838522
782781,episodic_length,1000.0
783782,episodic_return,1453.7167837627262
783782,episodic_length,1000.0
784384,value_loss,0.037221841514110565
784384,policy_loss,-0.03680398687720299
784384,approx_kl,0.010251456871628761
784384,clipfrac,0.152685546875
784384,explained_variance,0.10196179151535034
784384,sps,570.0
784783,episodic_return,1443.0738370164217
784783,episodic_length,1000.0
785784,episodic_return,1412.2858684860553
785784,episodic_length,1000.0
786432,value_loss,0.06374728679656982
786432,policy_loss,-0.035296276211738586
786432,approx_kl,0.010127885267138481
786432,clipfrac,0.1544921875
786432,explained_variance,0.1270100474357605
786432,sps,570.0
786785,episodic_return,1321.269313676654
786785,episodic_length,1000.0
787786,episodic_return,1441.6775091376967
787786,episodic_length,1000.0
788480,value_loss,0.03263917565345764
788480,policy_loss,-0.037816353142261505
788480,approx_kl,0.009279396384954453
788480,clipfrac,0.15029296875
788480,explained_variance,0.08501577377319336
788480,sps,571.0
788787,episodic_return,1404.348188193887
788787,episodic_length,1000.0
789788,episodic_return,1332.272492966513
789788,episodic_length,1000.0
790528,value_loss,0.018306462094187737
790528,policy_loss,-0.022311024367809296
790528,approx_kl,0.011417487636208534
790528,clipfrac,0.172265625
790528,explained_variance,0.17969655990600586
790528,sps,571.0
790789,episodic_return,1402.604649566121
790789,episodic_length,1000.0
791790,episodic_return,1443.9619711966893
791790,episodic_length,1000.0
792576,value_loss,0.004818724934011698
792576,policy_loss,-0.0009323880076408386
792576,approx_kl,0.010142363607883453
792576,clipfrac,0.1623046875
792576,explained_variance,0.08477258682250977
792576,sps,571.0
792791,episodic_return,1314.4961042138382
792791,episodic_length,1000.0
793792,episodic_return,1343.8892953327882
793792,episodic_length,1000.0
794624,value_loss,0.010950371623039246
794624,policy_loss,-0.02948547899723053
794624,approx_kl,0.019865499809384346
794624,clipfrac,0.17392578125
794624,explained_variance,0.07797527313232422
794624,sps,571.0
794793,episodic_return,1380.516182540383
794793,episodic_length,1000.0
795794,episodic_return,1379.6908867761547
795794,episodic_length,1000.0
796672,value_loss,0.003887693863362074
796672,policy_loss,-0.006767788901925087
796672,approx_kl,0.007548181340098381
796672,clipfrac,0.184033203125
796672,explained_variance,0.06606709957122803
796672,sps,571.0
796795,episodic_return,1359.6802437746496
796795,episodic_length,1000.0
797796,episodic_return,1428.5704568435317
797796,episodic_length,1000.0
798720,value_loss,0.0022932630963623524
798720,policy_loss,-0.018876856192946434
798720,approx_kl,0.018827758729457855
798720,clipfrac,0.1490234375
798720,explained_variance,0.05728679895401001
798720,sps,571.0
798797,episodic_return,1363.3321587622972
798797,episodic_length,1000.0
799798,episodic_return,1378.6454335660492
799798,episodic_length,1000.0
800768,value_loss,0.03406982123851776
800768,policy_loss,-0.03633445128798485
800768,approx_kl,0.015835989266633987
800768,clipfrac,0.168408203125
800768,explained_variance,0.08954250812530518
800768,sps,571.0
800799,episodic_return,1390.4208117161947
800799,episodic_length,1000.0
801800,episodic_return,1416.1162818371195
801800,episodic_length,1000.0
802801,episodic_return,1355.0519288901826
802801,episodic_length,1000.0
802816,value_loss,0.0560406893491745
802816,policy_loss,-0.03484942018985748
802816,approx_kl,0.012635387480258942
802816,clipfrac,0.12333984375
802816,explained_variance,0.1170458197593689
802816,sps,571.0
803802,episodic_return,1437.6330829846495
803802,episodic_length,1000.0
804803,episodic_return,1399.4645795105298
804803,episodic_length,1000.0
804864,value_loss,0.024594340473413467
804864,policy_loss,-0.03371969610452652
804864,approx_kl,0.01304713822901249
804864,clipfrac,0.140380859375
804864,explained_variance,0.04909306764602661
804864,sps,571.0
805804,episodic_return,1467.360453297396
805804,episodic_length,1000.0
806805,episodic_return,1462.5642898862945
806805,episodic_length,1000.0
806912,value_loss,0.031000353395938873
806912,policy_loss,0.0010509118437767029
806912,approx_kl,0.011408558115363121
806912,clipfrac,0.139306640625
806912,explained_variance,0.023503243923187256
806912,sps,571.0
807806,episodic_return,1512.9844514765714
807806,episodic_length,1000.0
808807,episodic_return,1449.9023966921104
808807,episodic_length,1000.0
808960,value_loss,0.03723859041929245
808960,policy_loss,-0.03474397957324982
808960,approx_kl,0.011245655827224255
808960,clipfrac,0.13251953125
808960,explained_variance,0.04494959115982056
808960,sps,571.0
809808,episodic_return,1459.899253827979
809808,episodic_length,1000.0
810809,episodic_return,1460.0078500853824
810809,episodic_length,1000.0
811008,value_loss,0.028085697442293167
811008,policy_loss,-0.03849294036626816
811008,approx_kl,0.01127883605659008
811008,clipfrac,0.136474609375
811008,explained_variance,0.08934897184371948
811008,sps,572.0
811810,episodic_return,1381.7364611004268
811810,episodic_length,1000.0
812811,episodic_return,1388.6238958644658
812811,episodic_length,1000.0
813056,value_loss,0.051464252173900604
813056,policy_loss,-0.03949360549449921
813056,approx_kl,0.011577209457755089
813056,clipfrac,0.142626953125
813056,explained_variance,0.04449045658111572
813056,sps,572.0
813812,episodic_return,1498.16348290098
813812,episodic_length,1000.0
814813,episodic_return,1494.0341586132274
814813,episodic_length,1000.0
815104,value_loss,0.03223152458667755
815104,policy_loss,-0.05842350050806999
815104,approx_kl,0.014247342944145203
815104,clipfrac,0.160595703125
815104,explained_variance,0.020186662673950195
815104,sps,572.0
815814,episodic_return,1437.3418780707664
815814,episodic_length,1000.0
816815,episodic_return,1375.4681949456967
816815,episodic_length,1000.0
817152,value_loss,0.09515733271837234
817152,policy_loss,-0.03421928733587265
817152,approx_kl,0.010226761922240257
817152,clipfrac,0.1421875
817152,explained_variance,0.07687997817993164
817152,sps,572.0
817816,episodic_return,1387.2957557120944
817816,episodic_length,1000.0
818817,episodic_return,1456.5337685678737
818817,episodic_length,1000.0
819200,value_loss,0.010972550138831139
819200,policy_loss,-0.03036756068468094
819200,approx_kl,0.015774831175804138
819200,clipfrac,0.161572265625
819200,explained_variance,0.13716399669647217
819200,sps,572.0
819818,episodic_return,1344.392273524767
819818,episodic_length,1000.0
820819,episodic_return,1427.0332344239737
820819,episodic_length,1000.0
821248,value_loss,0.014254364185035229
821248,policy_loss,-0.03610384836792946
821248,approx_kl,0.012868765741586685
821248,clipfrac,0.143115234375
821248,explained_variance,0.07226091623306274
821248,sps,572.0
821820,episodic_return,1432.3913755394713
821820,episodic_length,1000.0
822821,episodic_return,1486.5750699825953
822821,episodic_length,1000.0
823296,value_loss,0.050866298377513885
823296,policy_loss,-0.04272683709859848
823296,approx_kl,0.013536566868424416
823296,clipfrac,0.142138671875
823296,explained_variance,0.10373008251190186
823296,sps,572.0
823822,episodic_return,1356.5035033232566
823822,episodic_length,1000.0
824823,episodic_return,1393.3537347170395
824823,episodic_length,1000.0
825344,value_loss,0.027344904839992523
825344,policy_loss,-0.02317110076546669
825344,approx_kl,0.013595115393400192
825344,clipfrac,0.177392578125
825344,explained_variance,0.029483318328857422
825344,sps,572.0
825824,episodic_return,1413.2570588636877
825824,episodic_length,1000.0
826825,episodic_return,1400.0065178123239
826825,episodic_length,1000.0
827392,value_loss,0.004026671871542931
827392,policy_loss,-0.030316472053527832
827392,approx_kl,0.008586758747696877
827392,clipfrac,0.12451171875
827392,explained_variance,0.06082504987716675
827392,sps,573.0
827826,episodic_return,1420.8340445539905
827826,episodic_length,1000.0
828827,episodic_return,1395.6603693002307
828827,episodic_length,1000.0
829440,value_loss,0.011454654857516289
829440,policy_loss,-0.02579689770936966
829440,approx_kl,0.01654825359582901
829440,clipfrac,0.15166015625
829440,explained_variance,0.04895424842834473
829440,sps,573.0
829828,episodic_return,1422.2629034293132
829828,episodic_length,1000.0
830829,episodic_return,1437.8526877884387
830829,episodic_length,1000.0
831488,value_loss,0.0571967177093029
831488,policy_loss,-0.02044299989938736
831488,approx_kl,0.0073653049767017365
831488,clipfrac,0.149267578125
831488,explained_variance,0.049826860427856445
831488,sps,573.0
831830,episodic_return,1428.1193611567383
831830,episodic_length,1000.0
832831,episodic_return,1471.1146653946585
832831,episodic_length,1000.0
833536,value_loss,0.012022980488836765
833536,policy_loss,-0.024723440408706665
833536,approx_kl,0.013963667675852776
833536,clipfrac,0.133935546875
833536,explained_variance,0.049928367137908936
833536,sps,573.0
833832,episodic_return,1440.0864044890477
833832,episodic_length,1000.0
834833,episodic_return,1439.148345095282
834833,episodic_length,1000.0
835584,value_loss,0.06621721386909485
835584,policy_loss,-0.03433508053421974
835584,approx_kl,0.010944854468107224
835584,clipfrac,0.148193359375
835584,explained_variance,0.045528531074523926
835584,sps,573.0
835834,episodic_return,1352.6454490370913
835834,episodic_length,1000.0
836835,episodic_return,1436.652268516244
836835,episodic_length,1000.0
837632,value_loss,0.027217857539653778
837632,policy_loss,-0.019685212522745132
837632,approx_kl,0.007949971593916416
837632,clipfrac,0.125341796875
837632,explained_variance,0.06891345977783203
837632,sps,573.0
837836,episodic_return,1419.9520538321601
837836,episodic_length,1000.0
838837,episodic_return,1436.010021852022
838837,episodic_length,1000.0
839680,value_loss,0.023706067353487015
839680,policy_loss,-0.03122839331626892
839680,approx_kl,0.011464063078165054
839680,clipfrac,0.123095703125
839680,explained_variance,0.055248141288757324
839680,sps,573.0
839838,episodic_return,1373.993230131323
839838,episodic_length,1000.0
840839,episodic_return,1422.0086562863326
840839,episodic_length,1000.0
841728,value_loss,0.03341250121593475
841728,policy_loss,-0.014312252402305603
841728,approx_kl,0.01242795493453741
841728,clipfrac,0.136865234375
841728,explained_variance,0.12144553661346436
841728,sps,573.0
841840,episodic_return,1464.798439600773
841840,episodic_length,1000.0
842841,episodic_return,1436.7972782621814
842841,episodic_length,1000.0
843776,value_loss,0.00359412282705307
843776,policy_loss,-0.03211408853530884
843776,approx_kl,0.01255185529589653
843776,clipfrac,0.13359375
843776,explained_variance,0.0836535096168518
843776,sps,573.0
843842,episodic_return,1392.0657937824762
843842,episodic_length,1000.0
844843,episodic_return,1362.7352962449481
844843,episodic_length,1000.0
845824,value_loss,0.006242756731808186
845824,policy_loss,-0.04032355919480324
845824,approx_kl,0.012514237314462662
845824,clipfrac,0.154248046875
845824,explained_variance,0.07098191976547241
845824,sps,574.0
845844,episodic_return,1378.9825607259154
845844,episodic_length,1000.0
846845,episodic_return,1515.116179373199
846845,episodic_length,1000.0
847846,episodic_return,1422.2180288201819
847846,episodic_length,1000.0
847872,value_loss,0.010101020336151123
847872,policy_loss,0.0030158497393131256
847872,approx_kl,0.013560325838625431
847872,clipfrac,0.13818359375
847872,explained_variance,0.05633056163787842
847872,sps,574.0
848847,episodic_return,1420.1902824163665
848847,episodic_length,1000.0
849848,episodic_return,1469.9542124850345
849848,episodic_length,1000.0
849920,value_loss,0.00657826941460371
849920,policy_loss,-0.03877978026866913
849920,approx_kl,0.016822615638375282
849920,clipfrac,0.149609375
849920,explained_variance,0.12235438823699951
849920,sps,574.0
850849,episodic_return,1409.0140400109688
850849,episodic_length,1000.0
851850,episodic_return,1315.9574845929158
851850,episodic_length,1000.0
851968,value_loss,0.03014436364173889
851968,policy_loss,-0.02486870437860489
851968,approx_kl,0.012399211525917053
851968,clipfrac,0.113037109375
851968,explained_variance,0.12135481834411621
851968,sps,574.0
852851,episodic_return,1514.502254938974
852851,episodic_length,1000.0
853852,episodic_return,1402.1485595265883
853852,episodic_length,1000.0
854016,value_loss,0.01549648679792881
854016,policy_loss,-0.03974857181310654
854016,approx_kl,0.015412761829793453
854016,clipfrac,0.134619140625
854016,explained_variance,0.11205410957336426
854016,sps,574.0
854853,episodic_return,1439.9514265707821
854853,episodic_length,1000.0
855854,episodic_return,1376.4204946236605
855854,episodic_length,1000.0
856064,value_loss,0.057218968868255615
856064,policy_loss,-0.027756407856941223
856064,approx_kl,0.011361967772245407
856064,clipfrac,0.140771484375
856064,explained_variance,0.037388384342193604
856064,sps,574.0
856855,episodic_return,1461.6734895428197
856855,episodic_length,1000.0
857856,episodic_return,1454.0593071268017
857856,episodic_length,1000.0
858112,value_loss,0.040214717388153076
858112,policy_loss,-0.03937710076570511
858112,approx_kl,0.010414528660476208
858112,clipfrac,0.138134765625
858112,explained_variance,0.12377870082855225
858112,sps,574.0
858857,episodic_return,1389.3511141809854
858857,episodic_length,1000.0
859858,episodic_return,1428.5232750194052
859858,episodic_length,1000.0
860160,value_loss,0.009041998535394669
860160,policy_loss,-0.029748065397143364
860160,approx_kl,0.01095045730471611
860160,clipfrac,0.133544921875
860160,explained_variance,0.14167934656143188
860160,sps,574.0
860859,episodic_return,1342.0673830180363
860859,episodic_length,1000.0
861860,episodic_return,1359.9834051548887
861860,episodic_length,1000.0
862208,value_loss,0.0065751890651881695
862208,policy_loss,-0.017471861094236374
862208,approx_kl,0.013405576348304749
862208,clipfrac,0.1205078125
862208,explained_variance,0.06452041864395142
862208,sps,574.0
862861,episodic_return,1482.3620605650783
862861,episodic_length,1000.0
863862,episodic_return,1425.7253845065445
863862,episodic_length,1000.0
864256,value_loss,0.009015848860144615
864256,policy_loss,-0.027573224157094955
864256,approx_kl,0.011731678619980812
864256,clipfrac,0.1470703125
864256,explained_variance,0.21541261672973633
864256,sps,574.0
864863,episodic_return,1357.1404371684414
864863,episodic_length,1000.0
865864,episodic_return,1411.8042776238742
865864,episodic_length,1000.0
866304,value_loss,0.042013268917798996
866304,policy_loss,-0.0356752909719944
866304,approx_kl,0.013860957697033882
866304,clipfrac,0.108203125
866304,explained_variance,0.14007657766342163
866304,sps,574.0
866865,episodic_return,1352.866693338318
866865,episodic_length,1000.0
867866,episodic_return,1431.5750088430239
867866,episodic_length,1000.0
868352,value_loss,0.011656797491014004
868352,policy_loss,-0.00905127078294754
868352,approx_kl,0.01178207527846098
868352,clipfrac,0.125439453125
868352,explained_variance,0.05945706367492676
868352,sps,574.0
868867,episodic_return,1386.787266322789
868867,episodic_length,1000.0
869868,episodic_return,1447.2200703595895
869868,episodic_length,1000.0
870400,value_loss,0.015809252858161926
870400,policy_loss,-0.03606625646352768
870400,approx_kl,0.009335165843367577
870400,clipfrac,0.13017578125
870400,explained_variance,0.08676326274871826
870400,sps,574.0
870869,episodic_return,1403.2541769502868
870869,episodic_length,1000.0
871870,episodic_return,1376.630966924534
871870,episodic_length,1000.0
872448,value_loss,0.010787345468997955
872448,policy_loss,-0.016115009784698486
872448,approx_kl,0.010743437334895134
872448,clipfrac,0.1306640625
872448,explained_variance,0.08466649055480957
872448,sps,574.0
872871,episodic_return,1402.424391903968
872871,episodic_length,1000.0
873872,episodic_return,1349.225626023147
873872,episodic_length,1000.0
874496,value_loss,0.003746397327631712
874496,policy_loss,-0.02288706973195076
874496,approx_kl,0.007519563194364309
874496,clipfrac,0.115673828125
874496,explained_variance,0.07712620496749878
874496,sps,574.0
874873,episodic_return,1475.5502711783897
874873,episodic_length,1000.0
875874,episodic_return,1441.794490127097
875874,episodic_length,1000.0
876544,value_loss,0.006785430014133453
876544,policy_loss,-0.01604408025741577
876544,approx_kl,0.01051158457994461
876544,clipfrac,0.10244140625
876544,explained_variance,0.08575445413589478
876544,sps,575.0
876875,episodic_return,1478.604357834017
876875,episodic_length,1000.0
877876,episodic_return,1402.691238316663
877876,episodic_length,1000.0
878592,value_loss,0.052928123623132706
878592,policy_loss,-0.02808898314833641
878592,approx_kl,0.010665885172784328
878592,clipfrac,0.11865234375
878592,explained_variance,0.07812875509262085
878592,sps,575.0
878877,episodic_return,1387.4762463071418
878877,episodic_length,1000.0
879878,episodic_return,1571.543423898435
879878,episodic_length,1000.0
880640,value_loss,0.005562052596360445
880640,policy_loss,-0.008743204176425934
880640,approx_kl,0.00909011997282505
880640,clipfrac,0.111962890625
880640,explained_variance,0.13365811109542847
880640,sps,575.0
880879,episodic_return,1369.272431582167
880879,episodic_length,1000.0
881880,episodic_return,1404.2118251160296
881880,episodic_length,1000.0
882688,value_loss,0.03146596997976303
882688,policy_loss,-0.02288103476166725
882688,approx_kl,0.008067925460636616
882688,clipfrac,0.115283203125
882688,explained_variance,0.0435824990272522
882688,sps,575.0
882881,episodic_return,1416.1777015558657
882881,episodic_length,1000.0
883882,episodic_return,1465.7436423117326
883882,episodic_length,1000.0
884736,value_loss,0.012189331464469433
884736,policy_loss,-0.038711950182914734
884736,approx_kl,0.010987735353410244
884736,clipfrac,0.119384765625
884736,explained_variance,0.11017793416976929
884736,sps,575.0
884883,episodic_return,1459.6080735278722
884883,episodic_length,1000.0
885884,episodic_return,638.0412835542942
885884,episodic_length,1000.0
886784,value_loss,0.02902911975979805
886784,policy_loss,-0.018887892365455627
886784,approx_kl,0.008323846384882927
886784,clipfrac,0.089599609375
886784,explained_variance,0.5164123177528381
886784,sps,575.0
886885,episodic_return,1332.4256957030202
886885,episodic_length,1000.0
887886,episodic_return,1453.4670565716117
887886,episodic_length,1000.0
888832,value_loss,0.010648006573319435
888832,policy_loss,-0.021793454885482788
888832,approx_kl,0.007688670884817839
888832,clipfrac,0.094189453125
888832,explained_variance,0.10471832752227783
888832,sps,575.0
888887,episodic_return,1402.8635317209407
888887,episodic_length,1000.0
889888,episodic_return,1437.835860462165
889888,episodic_length,1000.0
890880,value_loss,0.012639179825782776
890880,policy_loss,-0.025105567649006844
890880,approx_kl,0.010496961884200573
890880,clipfrac,0.11083984375
890880,explained_variance,0.04730260372161865
890880,sps,575.0
890889,episodic_return,1483.0779031913294
890889,episodic_length,1000.0
891890,episodic_return,1437.2332111942242
891890,episodic_length,1000.0
892891,episodic_return,1315.5559098331062
892891,episodic_length,1000.0
892928,value_loss,0.04166429862380028
892928,policy_loss,-0.028586536645889282
892928,approx_kl,0.005723246838897467
892928,clipfrac,0.100390625
892928,explained_variance,0.08705657720565796
892928,sps,575.0
893892,episodic_return,1406.732889510559
893892,episodic_length,1000.0
894893,episodic_return,1477.2883836933368
894893,episodic_length,1000.0
894976,value_loss,0.010918477550148964
894976,policy_loss,-0.03216490149497986
894976,approx_kl,0.008475834503769875
894976,clipfrac,0.1091796875
894976,explained_variance,0.09712320566177368
894976,sps,575.0
895894,episodic_return,1408.5497135666715
895894,episodic_length,1000.0
896895,episodic_return,1403.3398587190443
896895,episodic_length,1000.0
897024,value_loss,0.059631142765283585
897024,policy_loss,-0.042326897382736206
897024,approx_kl,0.009856125339865685
897024,clipfrac,0.1109375
897024,explained_variance,0.09512150287628174
897024,sps,575.0
897896,episodic_return,1516.000644647789
897896,episodic_length,1000.0
898897,episodic_return,1433.9500313295332
898897,episodic_length,1000.0
899072,value_loss,0.0043549928814172745
899072,policy_loss,-0.04030773043632507
899072,approx_kl,0.013188662007451057
899072,clipfrac,0.085107421875
899072,explained_variance,0.03663259744644165
899072,sps,575.0
899898,episodic_return,1411.8735550920505
899898,episodic_length,1000.0
900899,episodic_return,1424.3535507511003
900899,episodic_length,1000.0
901120,value_loss,0.019802846014499664
901120,policy_loss,-0.02396508865058422
901120,approx_kl,0.012305261567234993
901120,clipfrac,0.08623046875
901120,explained_variance,0.08684837818145752
901120,sps,575.0
901900,episodic_return,1369.7360061222253
901900,episodic_length,1000.0
902901,episodic_return,1454.5767920062742
902901,episodic_length,1000.0
903168,value_loss,0.04079684615135193
903168,policy_loss,-0.020714789628982544
903168,approx_kl,0.009112256579101086
903168,clipfrac,0.0802734375
903168,explained_variance,0.13168740272521973
903168,sps,575.0
903902,episodic_return,1480.8611047292825
903902,episodic_length,1000.0
904903,episodic_return,1479.3656543995678
904903,episodic_length,1000.0
905216,value_loss,0.041935525834560394
905216,policy_loss,-0.01797116920351982
905216,approx_kl,0.010566024109721184
905216,clipfrac,0.127734375
905216,explained_variance,0.050436198711395264
905216,sps,575.0
905904,episodic_return,1437.0956532037928
905904,episodic_length,1000.0
906905,episodic_return,1422.424627596895
906905,episodic_length,1000.0
907264,value_loss,0.023291809484362602
907264,policy_loss,-0.017926890403032303
907264,approx_kl,0.010427859611809254
907264,clipfrac,0.088330078125
907264,explained_variance,0.09915953874588013
907264,sps,575.0
907906,episodic_return,1380.8573874446422
907906,episodic_length,1000.0
908907,episodic_return,1328.2666494974546
908907,episodic_length,1000.0
909312,value_loss,0.02977609448134899
909312,policy_loss,-0.02981739677488804
909312,approx_kl,0.00957443192601204
909312,clipfrac,0.091259765625
909312,explained_variance,0.11328697204589844
909312,sps,575.0
909908,episodic_return,1373.6478155527716
909908,episodic_length,1000.0
910909,episodic_return,1396.268933738455
910909,episodic_length,1000.0
911360,value_loss,0.04907529801130295
911360,policy_loss,-0.02771531045436859
911360,approx_kl,0.007278789766132832
911360,clipfrac,0.093798828125
911360,explained_variance,0.09138673543930054
911360,sps,575.0
911910,episodic_return,1406.4020414194254
911910,episodic_length,1000.0
912911,episodic_return,1410.3776793719862
912911,episodic_length,1000.0
913408,value_loss,0.01722809299826622
913408,policy_loss,-0.02496364340186119
913408,approx_kl,0.009521053172647953
913408,clipfrac,0.088720703125
913408,explained_variance,0.08427858352661133
913408,sps,575.0
913912,episodic_return,1466.5503049065965
913912,episodic_length,1000.0
914913,episodic_return,1446.9892861233411
914913,episodic_length,1000.0
915456,value_loss,0.0049896081909537315
915456,policy_loss,0.003914698958396912
915456,approx_kl,0.010695408098399639
915456,clipfrac,0.10234375
915456,explained_variance,0.13816797733306885
915456,sps,574.0
915914,episodic_return,1388.1484973574627
915914,episodic_length,1000.0
916915,episodic_return,1395.3074786820182
916915,episodic_length,1000.0
917504,value_loss,0.06478030979633331
917504,policy_loss,-0.04680809751152992
917504,approx_kl,0.009433837607502937
917504,clipfrac,0.081982421875
917504,explained_variance,0.08629602193832397
917504,sps,574.0
917916,episodic_return,1412.9849958698774
917916,episodic_length,1000.0
918917,episodic_return,1362.6304681933548
918917,episodic_length,1000.0
919552,value_loss,0.010689650662243366
919552,policy_loss,-0.0033344700932502747
919552,approx_kl,0.007750433869659901
919552,clipfrac,0.07666015625
919552,explained_variance,0.09596908092498779
919552,sps,574.0
919918,episodic_return,1507.8155677064804
919918,episodic_length,1000.0
920919,episodic_return,1464.583271491591
920919,episodic_length,1000.0
921600,value_loss,0.01260753907263279
921600,policy_loss,0.003650583326816559
921600,approx_kl,0.01177639327943325
921600,clipfrac,0.101806640625
921600,explained_variance,0.07160454988479614
921600,sps,575.0
921920,episodic_return,1381.9927246299028
921920,episodic_length,1000.0
922921,episodic_return,1387.4095659034692
922921,episodic_length,1000.0
923648,value_loss,0.008207043632864952
923648,policy_loss,-0.003637012094259262
923648,approx_kl,0.006349919829517603
923648,clipfrac,0.082421875
923648,explained_variance,0.11849844455718994
923648,sps,575.0
923922,episodic_return,1332.767470957572
923922,episodic_length,1000.0
924923,episodic_return,1439.4219716692755
924923,episodic_length,1000.0
925696,value_loss,0.004823628813028336
925696,policy_loss,-0.0246485136449337
925696,approx_kl,0.006417321506887674
925696,clipfrac,0.096923828125
925696,explained_variance,0.1526881456375122
925696,sps,575.0
925924,episodic_return,1448.9502212282985
925924,episodic_length,1000.0
926925,episodic_return,1367.375875841058
926925,episodic_length,1000.0
927744,value_loss,0.020798472687602043
927744,policy_loss,-0.036188192665576935
927744,approx_kl,0.010918797925114632
927744,clipfrac,0.083935546875
927744,explained_variance,0.14519864320755005
927744,sps,575.0
927926,episodic_return,1374.1478542236061
927926,episodic_length,1000.0
928927,episodic_return,1405.1561130076138
928927,episodic_length,1000.0
929792,value_loss,0.01915041357278824
929792,policy_loss,-0.04203033074736595
929792,approx_kl,0.00948372483253479
929792,clipfrac,0.102978515625
929792,explained_variance,0.04412311315536499
929792,sps,575.0
929928,episodic_return,1391.495683407684
929928,episodic_length,1000.0
930929,episodic_return,1398.5590116889998
930929,episodic_length,1000.0
931840,value_loss,0.007013233844190836
931840,policy_loss,-0.0148654505610466
931840,approx_kl,0.010715235024690628
931840,clipfrac,0.078173828125
931840,explained_variance,0.07953041791915894
931840,sps,575.0
931930,episodic_return,1459.429439041064
931930,episodic_length,1000.0
932931,episodic_return,1375.8902836942793
932931,episodic_length,1000.0
933888,value_loss,0.021068936213850975
933888,policy_loss,-0.017506282776594162
933888,approx_kl,0.007462352514266968
933888,clipfrac,0.073291015625
933888,explained_variance,0.08928889036178589
933888,sps,575.0
933932,episodic_return,1414.452778182934
933932,episodic_length,1000.0
934933,episodic_return,1391.5984287869294
934933,episodic_length,1000.0
935934,episodic_return,1527.724427441433
935934,episodic_length,1000.0
935936,value_loss,0.057358309626579285
935936,policy_loss,-0.005964223295450211
935936,approx_kl,0.007129928562790155
935936,clipfrac,0.055419921875
935936,explained_variance,0.03646063804626465
935936,sps,574.0
936935,episodic_return,1398.6195547151397
936935,episodic_length,1000.0
937936,episodic_return,1335.7040875461976
937936,episodic_length,1000.0
937984,value_loss,0.010310988873243332
937984,policy_loss,-0.011586029082536697
937984,approx_kl,0.00817103125154972
937984,clipfrac,0.086767578125
937984,explained_variance,0.12518465518951416
937984,sps,574.0
938937,episodic_return,1369.2946608681382
938937,episodic_length,1000.0
939938,episodic_return,1424.5149525268735
939938,episodic_length,1000.0
940032,value_loss,0.05671290308237076
940032,policy_loss,-0.019392024725675583
940032,approx_kl,0.007193271070718765
940032,clipfrac,0.07236328125
940032,explained_variance,0.07879447937011719
940032,sps,575.0
940939,episodic_return,1339.6349090128194
940939,episodic_length,1000.0
941940,episodic_return,1409.2088854978122
941940,episodic_length,1000.0
942080,value_loss,0.005665979348123074
942080,policy_loss,-0.01026085764169693
942080,approx_kl,0.005864462815225124
942080,clipfrac,0.0634765625
942080,explained_variance,0.09380793571472168
942080,sps,575.0
942941,episodic_return,1443.5450847857232
942941,episodic_length,1000.0
943942,episodic_return,1401.7094257280346
943942,episodic_length,1000.0
944128,value_loss,0.04144347831606865
944128,policy_loss,-0.008679229766130447
944128,approx_kl,0.013225618749856949
944128,clipfrac,0.082421875
944128,explained_variance,0.10198944807052612
944128,sps,575.0
944943,episodic_return,1463.12339860041
944943,episodic_length,1000.0
945944,episodic_return,1485.9247225185736
945944,episodic_length,1000.0
946176,value_loss,0.03548206388950348
946176,policy_loss,-0.021529659628868103
946176,approx_kl,0.006161555647850037
946176,clipfrac,0.060888671875
946176,explained_variance,0.07438462972640991
946176,sps,574.0
946945,episodic_return,1432.4233414652892
946945,episodic_length,1000.0
947946,episodic_return,1448.2648588145335
947946,episodic_length,1000.0
948224,value_loss,0.008780734613537788
948224,policy_loss,-0.025799334049224854
948224,approx_kl,0.01204664632678032
948224,clipfrac,0.08876953125
948224,explained_variance,0.08257383108139038
948224,sps,575.0
948947,episodic_return,1413.597270457212
948947,episodic_length,1000.0
949948,episodic_return,1390.6553477637378
949948,episodic_length,1000.0
950272,value_loss,0.006211773492395878
950272,policy_loss,-0.023056335747241974
950272,approx_kl,0.007688731420785189
950272,clipfrac,0.08603515625
950272,explained_variance,0.09665262699127197
950272,sps,574.0
950949,episodic_return,1424.8293032534202
950949,episodic_length,1000.0
951950,episodic_return,1405.3274225289908
951950,episodic_length,1000.0
952320,value_loss,0.0050051212310791016
952320,policy_loss,0.026039496064186096
952320,approx_kl,0.006424134597182274
952320,clipfrac,0.048583984375
952320,explained_variance,0.06945246458053589
952320,sps,574.0
952951,episodic_return,1459.2548544175575
952951,episodic_length,1000.0
953952,episodic_return,1454.9024854285067
953952,episodic_length,1000.0
954368,value_loss,0.02577674761414528
954368,policy_loss,-0.037830203771591187
954368,approx_kl,0.009024558588862419
954368,clipfrac,0.0560546875
954368,explained_variance,0.14519888162612915
954368,sps,574.0
954953,episodic_return,1394.8853102401238
954953,episodic_length,1000.0
955954,episodic_return,1362.977584099911
955954,episodic_length,1000.0
956416,value_loss,0.053093116730451584
956416,policy_loss,-0.02452211081981659
956416,approx_kl,0.007245948538184166
956416,clipfrac,0.064697265625
956416,explained_variance,0.12002193927764893
956416,sps,574.0
956955,episodic_return,1442.59260406023
956955,episodic_length,1000.0
957956,episodic_return,1448.1464433439075
957956,episodic_length,1000.0
958464,value_loss,0.010446758940815926
958464,policy_loss,-0.024941327050328255
958464,approx_kl,0.009615229442715645
958464,clipfrac,0.037841796875
958464,explained_variance,0.09619814157485962
958464,sps,574.0
958957,episodic_return,1366.8455182701061
958957,episodic_length,1000.0
959958,episodic_return,1436.8337728703953
959958,episodic_length,1000.0
960512,value_loss,0.00578281469643116
960512,policy_loss,0.011023541912436485
960512,approx_kl,0.008496077731251717
960512,clipfrac,0.051708984375
960512,explained_variance,0.0626259446144104
960512,sps,574.0
960959,episodic_return,1473.623166455183
960959,episodic_length,1000.0
961960,episodic_return,1423.124610773268
961960,episodic_length,1000.0
962560,value_loss,0.0517265759408474
962560,policy_loss,-0.03121597319841385
962560,approx_kl,0.005537507124245167
962560,clipfrac,0.03876953125
962560,explained_variance,0.08979690074920654
962560,sps,574.0
962961,episodic_return,1486.3785048805387
962961,episodic_length,1000.0
963962,episodic_return,1373.6766103651953
963962,episodic_length,1000.0
964608,value_loss,0.030266674235463142
964608,policy_loss,-0.03528345376253128
964608,approx_kl,0.007376131135970354
964608,clipfrac,0.04228515625
964608,explained_variance,0.11011362075805664
964608,sps,574.0
964963,episodic_return,1463.729757183112
964963,episodic_length,1000.0
965964,episodic_return,1436.8147865034368
965964,episodic_length,1000.0
966656,value_loss,0.05781646445393562
966656,policy_loss,-0.016156237572431564
966656,approx_kl,0.004625746514648199
966656,clipfrac,0.02119140625
966656,explained_variance,0.10950660705566406
966656,sps,574.0
966965,episodic_return,1426.341617720838
966965,episodic_length,1000.0
967966,episodic_return,1365.0810601134078
967966,episodic_length,1000.0
968704,value_loss,0.004859208129346371
968704,policy_loss,-0.017446674406528473
968704,approx_kl,0.008674128912389278
968704,clipfrac,0.030908203125
968704,explained_variance,0.06459242105484009
968704,sps,574.0
968967,episodic_return,1430.801369059972
968967,episodic_length,1000.0
969968,episodic_return,1339.1018433242798
969968,episodic_length,1000.0
970752,value_loss,0.0062582786194980145
970752,policy_loss,0.02645871415734291
970752,approx_kl,0.0077375611290335655
970752,clipfrac,0.04951171875
970752,explained_variance,0.10785585641860962
970752,sps,573.0
970969,episodic_return,1376.50090174839
970969,episodic_length,1000.0
971970,episodic_return,1438.658533718725
971970,episodic_length,1000.0
972800,value_loss,0.013260889798402786
972800,policy_loss,-0.027964353561401367
972800,approx_kl,0.004915820434689522
972800,clipfrac,0.03876953125
972800,explained_variance,0.15161341428756714
972800,sps,573.0
972971,episodic_return,1388.6479657697814
972971,episodic_length,1000.0
973972,episodic_return,1432.3604678299664
973972,episodic_length,1000.0
974848,value_loss,0.04921878129243851
974848,policy_loss,-0.00789003074169159
974848,approx_kl,0.0062460084445774555
974848,clipfrac,0.020458984375
974848,explained_variance,0.08614593744277954
974848,sps,573.0
974973,episodic_return,1426.1500581004088
974973,episodic_length,1000.0
975974,episodic_return,1360.6898612811137
975974,episodic_length,1000.0
976896,value_loss,0.024567361921072006
976896,policy_loss,0.009197808802127838
976896,approx_kl,0.003615464549511671
976896,clipfrac,0.01591796875
976896,explained_variance,0.08443713188171387
976896,sps,573.0
976975,episodic_return,1390.0063440108006
976975,episodic_length,1000.0
977976,episodic_return,1409.0851848836166
977976,episodic_length,1000.0
978944,value_loss,0.11646206676959991
978944,policy_loss,-0.036168329417705536
978944,approx_kl,0.0053905644454061985
978944,clipfrac,0.02998046875
978944,explained_variance,0.09606266021728516
978944,sps,573.0
978977,episodic_return,1430.0470708867952
978977,episodic_length,1000.0
979978,episodic_return,1409.5042329131843
979978,episodic_length,1000.0
980979,episodic_return,1457.8551412667366
980979,episodic_length,1000.0
980992,value_loss,0.05346096307039261
980992,policy_loss,-0.031024809926748276
980992,approx_kl,0.005707809701561928
980992,clipfrac,0.024560546875
980992,explained_variance,0.07557815313339233
980992,sps,573.0
981980,episodic_return,1472.5962991540391
981980,episodic_length,1000.0
982981,episodic_return,1431.243916205054
982981,episodic_length,1000.0
983040,value_loss,0.05174309015274048
983040,policy_loss,-0.011919897049665451
983040,approx_kl,0.0042679887264966965
983040,clipfrac,0.01279296875
983040,explained_variance,0.11333727836608887
983040,sps,573.0
983982,episodic_return,1422.6422746224268
983982,episodic_length,1000.0
984983,episodic_return,1337.476967726238
984983,episodic_length,1000.0
985088,value_loss,0.022763388231396675
985088,policy_loss,-0.013570617884397507
985088,approx_kl,0.0035642157308757305
985088,clipfrac,0.004931640625
985088,explained_variance,0.12889885902404785
985088,sps,573.0
985984,episodic_return,1379.976440440068
985984,episodic_length,1000.0
986985,episodic_return,1419.4315855038242
986985,episodic_length,1000.0
987136,value_loss,0.0230164285749197
987136,policy_loss,-0.012719564139842987
987136,approx_kl,0.0029617738910019398
987136,clipfrac,0.00634765625
987136,explained_variance,0.09694504737854004
987136,sps,573.0
987986,episodic_return,1486.4100678874606
987986,episodic_length,1000.0
988987,episodic_return,1377.2927603022254
988987,episodic_length,1000.0
989184,value_loss,0.003240494057536125
989184,policy_loss,0.004480734467506409
989184,approx_kl,0.001665644347667694
989184,clipfrac,0.000390625
989184,explained_variance,0.09339249134063721
989184,sps,573.0
989988,episodic_return,1453.13979868573
989988,episodic_length,1000.0
990989,episodic_return,1349.761245443677
990989,episodic_length,1000.0
991232,value_loss,0.0030605087522417307
991232,policy_loss,-0.0041685886681079865
991232,approx_kl,0.0028000888414680958
991232,clipfrac,0.002734375
991232,explained_variance,0.13235324621200562
991232,sps,573.0
991990,episodic_return,1499.114793129479
991990,episodic_length,1000.0
992991,episodic_return,1353.622166540747
992991,episodic_length,1000.0
993280,value_loss,0.0897107869386673
993280,policy_loss,-0.020950760692358017
993280,approx_kl,0.0031955926679074764
993280,clipfrac,0.004248046875
993280,explained_variance,0.10643947124481201
993280,sps,573.0
993992,episodic_return,1452.75912007143
993992,episodic_length,1000.0
994993,episodic_return,1433.5821637821466
994993,episodic_length,1000.0
995328,value_loss,0.043408289551734924
995328,policy_loss,-0.0035947635769844055
995328,approx_kl,0.000803779810667038
995328,clipfrac,0.000146484375
995328,explained_variance,0.3786712884902954
995328,sps,573.0
995994,episodic_return,1210.6590847243572
995994,episodic_length,1000.0
996995,episodic_return,1439.8288487977989
996995,episodic_length,1000.0
997376,value_loss,0.0156614501029253
997376,policy_loss,-0.002725161612033844
997376,approx_kl,0.0005639824084937572
997376,clipfrac,0.0
997376,explained_variance,0.09853392839431763
997376,sps,573.0
997996,episodic_return,1483.8413141511503
997996,episodic_length,1000.0
998997,episodic_return,1399.0167618685477
998997,episodic_length,1000.0
999424,value_loss,0.0474436953663826
999424,policy_loss,0.0001668483018875122
999424,approx_kl,0.000122749712318182
999424,clipfrac,0.0
999424,explained_variance,0.1197892427444458
999424,sps,573.0
