global_step,metric,value
1000,episodic_return,10.582730623855266
1000,episodic_length,1000.0
2001,episodic_return,10.37749287006689
2001,episodic_length,1000.0
2048,value_loss,0.8935493230819702
2048,policy_loss,-0.04865737631917
2048,approx_kl,0.02135312184691429
2048,clipfrac,0.1751953125
2048,explained_variance,-0.12880027294158936
2048,sps,517.0
2048,kl_beta,2.0
3002,episodic_return,-8.262032592053494
3002,episodic_length,1000.0
4003,episodic_return,20.9731100004478
4003,episodic_length,1000.0
4096,value_loss,0.19466686248779297
4096,policy_loss,-0.013032430782914162
4096,approx_kl,0.00703215878456831
4096,clipfrac,0.058837890625
4096,explained_variance,-0.05175483226776123
4096,sps,555.0
4096,kl_beta,2.0
5004,episodic_return,-7.998679579900065
5004,episodic_length,1000.0
6005,episodic_return,10.85347428084449
6005,episodic_length,1000.0
6144,value_loss,0.14317581057548523
6144,policy_loss,-0.016519581899046898
6144,approx_kl,0.004265633411705494
6144,clipfrac,0.045263671875
6144,explained_variance,0.19406110048294067
6144,sps,569.0
6144,kl_beta,1.0
7006,episodic_return,21.369755887823267
7006,episodic_length,1000.0
8007,episodic_return,28.993600472648307
8007,episodic_length,1000.0
8192,value_loss,0.07395006716251373
8192,policy_loss,-0.08361782133579254
8192,approx_kl,0.01913907378911972
8192,clipfrac,0.164306640625
8192,explained_variance,0.3326871395111084
8192,sps,585.0
8192,kl_beta,2.0
9008,episodic_return,18.539336768384302
9008,episodic_length,1000.0
10009,episodic_return,17.51232750376036
10009,episodic_length,1000.0
10240,value_loss,0.043306779116392136
10240,policy_loss,-0.014123382046818733
10240,approx_kl,0.005138371139764786
10240,clipfrac,0.056201171875
10240,explained_variance,0.46771544218063354
10240,sps,594.0
10240,kl_beta,1.0
11010,episodic_return,14.110643634183589
11010,episodic_length,1000.0
12011,episodic_return,12.87535379152064
12011,episodic_length,1000.0
12288,value_loss,0.026702778413891792
12288,policy_loss,-0.0017385156825184822
12288,approx_kl,0.014835144393146038
12288,clipfrac,0.219384765625
12288,explained_variance,0.47441738843917847
12288,sps,600.0
12288,kl_beta,1.0
13012,episodic_return,30.64775600194667
13012,episodic_length,1000.0
14013,episodic_return,28.177720413340467
14013,episodic_length,1000.0
14336,value_loss,0.028475236147642136
14336,policy_loss,0.05445154756307602
14336,approx_kl,0.010367355309426785
14336,clipfrac,0.060400390625
14336,explained_variance,0.6652678549289703
14336,sps,605.0
14336,kl_beta,1.0
15014,episodic_return,26.663116465907386
15014,episodic_length,1000.0
16015,episodic_return,21.48985235322394
16015,episodic_length,1000.0
16384,value_loss,0.011698669753968716
16384,policy_loss,0.03001326695084572
16384,approx_kl,0.015357252210378647
16384,clipfrac,0.10947265625
16384,explained_variance,0.6680566966533661
16384,sps,604.0
16384,kl_beta,2.0
17016,episodic_return,15.870839796399903
17016,episodic_length,1000.0
18017,episodic_return,25.838936434778155
18017,episodic_length,1000.0
18432,value_loss,0.0025937973987311125
18432,policy_loss,-0.01297275722026825
18432,approx_kl,0.002095630392432213
18432,clipfrac,0.012744140625
18432,explained_variance,0.7911526709794998
18432,sps,605.0
18432,kl_beta,1.0
19018,episodic_return,8.920561254847392
19018,episodic_length,1000.0
20019,episodic_return,20.92896639540906
20019,episodic_length,1000.0
20480,value_loss,0.0045453691855072975
20480,policy_loss,0.010679789818823338
20480,approx_kl,0.0047127800062298775
20480,clipfrac,0.0330078125
20480,explained_variance,0.7510789334774017
20480,sps,601.0
20480,kl_beta,0.5
21020,episodic_return,23.8084862308575
21020,episodic_length,1000.0
22021,episodic_return,16.304752001514007
22021,episodic_length,1000.0
22528,value_loss,0.014445114880800247
22528,policy_loss,-0.007012615911662579
22528,approx_kl,0.014379749074578285
22528,clipfrac,0.170751953125
22528,explained_variance,0.8329546749591827
22528,sps,597.0
22528,kl_beta,0.5
23022,episodic_return,17.029396658304158
23022,episodic_length,1000.0
24023,episodic_return,25.36194634604259
24023,episodic_length,1000.0
24576,value_loss,0.008499743416905403
24576,policy_loss,-0.03525795042514801
24576,approx_kl,0.018205225467681885
24576,clipfrac,0.07421875
24576,explained_variance,0.8172872364521027
24576,sps,592.0
24576,kl_beta,1.0
25024,episodic_return,22.271638749231325
25024,episodic_length,1000.0
26025,episodic_return,28.32648844088923
26025,episodic_length,1000.0
26624,value_loss,0.0024057975970208645
26624,policy_loss,-0.00418043602257967
26624,approx_kl,0.0017082123085856438
26624,clipfrac,0.0150390625
26624,explained_variance,0.9059488847851753
26624,sps,591.0
26624,kl_beta,0.5
27026,episodic_return,28.130188862846705
27026,episodic_length,1000.0
28027,episodic_return,30.772439120235106
28027,episodic_length,1000.0
28672,value_loss,0.002547214040532708
28672,policy_loss,-0.001954568549990654
28672,approx_kl,0.010327529162168503
28672,clipfrac,0.205615234375
28672,explained_variance,0.9171281605958939
28672,sps,593.0
28672,kl_beta,0.5
29028,episodic_return,33.60163295875437
29028,episodic_length,1000.0
30029,episodic_return,21.76524965224896
30029,episodic_length,1000.0
30720,value_loss,0.004645168781280518
30720,policy_loss,-0.0156223364174366
30720,approx_kl,0.005989499390125275
30720,clipfrac,0.04794921875
30720,explained_variance,0.903022475540638
30720,sps,595.0
30720,kl_beta,0.25
31030,episodic_return,34.16043711601051
31030,episodic_length,1000.0
32031,episodic_return,31.25076453693318
32031,episodic_length,1000.0
32768,value_loss,0.0023895716294646263
32768,policy_loss,0.028609462082386017
32768,approx_kl,0.13538667559623718
32768,clipfrac,0.625634765625
32768,explained_variance,0.9304209649562836
32768,sps,596.0
32768,kl_beta,0.5
33032,episodic_return,31.49480630320383
33032,episodic_length,1000.0
34033,episodic_return,15.440263587345855
34033,episodic_length,1000.0
34816,value_loss,0.06204899773001671
34816,policy_loss,-0.10034668445587158
34816,approx_kl,0.02334968000650406
34816,clipfrac,0.14619140625
34816,explained_variance,0.7308956682682037
34816,sps,599.0
34816,kl_beta,1.0
35034,episodic_return,33.74277761942217
35034,episodic_length,1000.0
36035,episodic_return,35.50687865999901
36035,episodic_length,1000.0
36864,value_loss,0.0125291021540761
36864,policy_loss,-0.012853509746491909
36864,approx_kl,0.004930906929075718
36864,clipfrac,0.07783203125
36864,explained_variance,0.7980948984622955
36864,sps,595.0
36864,kl_beta,0.5
37036,episodic_return,35.906231038677305
37036,episodic_length,1000.0
38037,episodic_return,33.3460595442699
38037,episodic_length,1000.0
38912,value_loss,0.0054108439944684505
38912,policy_loss,-0.03656424954533577
38912,approx_kl,0.022697754204273224
38912,clipfrac,0.20947265625
38912,explained_variance,0.8375094532966614
38912,sps,597.0
38912,kl_beta,1.0
39038,episodic_return,20.601799923403455
39038,episodic_length,1000.0
40039,episodic_return,31.116659690436222
40039,episodic_length,1000.0
40960,value_loss,0.10588338971138
40960,policy_loss,-0.016973121091723442
40960,approx_kl,0.012174734845757484
40960,clipfrac,0.132666015625
40960,explained_variance,0.884384997189045
40960,sps,594.0
40960,kl_beta,1.0
41040,episodic_return,35.04832734664452
41040,episodic_length,1000.0
42041,episodic_return,34.714018225964715
42041,episodic_length,1000.0
43008,value_loss,0.003134145401418209
43008,policy_loss,0.003404516726732254
43008,approx_kl,0.004170701839029789
43008,clipfrac,0.040185546875
43008,explained_variance,0.9298464357852936
43008,sps,594.0
43008,kl_beta,0.5
43042,episodic_return,32.231303920352346
43042,episodic_length,1000.0
44043,episodic_return,19.57114933484086
44043,episodic_length,1000.0
45044,episodic_return,41.696703129363854
45044,episodic_length,1000.0
45056,value_loss,0.005402112379670143
45056,policy_loss,-0.009762287139892578
45056,approx_kl,0.014744034968316555
45056,clipfrac,0.1724609375
45056,explained_variance,0.8951497673988342
45056,sps,593.0
45056,kl_beta,0.5
46045,episodic_return,35.40119729620236
46045,episodic_length,1000.0
47046,episodic_return,33.0709866837538
47046,episodic_length,1000.0
47104,value_loss,0.007063162047415972
47104,policy_loss,-0.03990275412797928
47104,approx_kl,0.01415287610143423
47104,clipfrac,0.1796875
47104,explained_variance,0.9526067115366459
47104,sps,592.0
47104,kl_beta,0.5
48047,episodic_return,35.870401067738854
48047,episodic_length,1000.0
49048,episodic_return,36.00809664728878
49048,episodic_length,1000.0
49152,value_loss,0.004167739301919937
49152,policy_loss,0.006072718650102615
49152,approx_kl,0.03174205124378204
49152,clipfrac,0.340234375
49152,explained_variance,0.9549559652805328
49152,sps,591.0
49152,kl_beta,1.0
50049,episodic_return,32.410207095671645
50049,episodic_length,1000.0
51050,episodic_return,37.65174430392007
51050,episodic_length,1000.0
51200,value_loss,0.006052221637219191
51200,policy_loss,-0.00795261561870575
51200,approx_kl,0.003139279782772064
51200,clipfrac,0.02978515625
51200,explained_variance,0.9411905817687511
51200,sps,589.0
51200,kl_beta,0.5
52051,episodic_return,17.419873096356866
52051,episodic_length,1000.0
53052,episodic_return,31.379866334869032
53052,episodic_length,1000.0
53248,value_loss,0.0008477559313178062
53248,policy_loss,-0.01616222783923149
53248,approx_kl,0.015582101419568062
53248,clipfrac,0.22294921875
53248,explained_variance,0.9369020536541939
53248,sps,588.0
53248,kl_beta,1.0
54053,episodic_return,35.11260082022366
54053,episodic_length,1000.0
55054,episodic_return,35.0369637406166
55054,episodic_length,1000.0
55296,value_loss,0.0011950612533837557
55296,policy_loss,0.052081428468227386
55296,approx_kl,0.011046282015740871
55296,clipfrac,0.04189453125
55296,explained_variance,0.9296247959136963
55296,sps,587.0
55296,kl_beta,1.0
56055,episodic_return,38.354902410577196
56055,episodic_length,1000.0
57056,episodic_return,35.898485629153825
57056,episodic_length,1000.0
57344,value_loss,0.0008783448138274252
57344,policy_loss,-0.009108036756515503
57344,approx_kl,0.019025802612304688
57344,clipfrac,0.15498046875
57344,explained_variance,0.9422640204429626
57344,sps,587.0
57344,kl_beta,2.0
58057,episodic_return,36.41395138079023
58057,episodic_length,1000.0
59058,episodic_return,33.39752372927022
59058,episodic_length,1000.0
59392,value_loss,0.0004175257054157555
59392,policy_loss,0.007510676980018616
59392,approx_kl,0.003704821690917015
59392,clipfrac,0.01669921875
59392,explained_variance,0.9489432647824287
59392,sps,585.0
59392,kl_beta,1.0
60059,episodic_return,34.49656419770413
60059,episodic_length,1000.0
61060,episodic_return,37.73405339531612
61060,episodic_length,1000.0
61440,value_loss,0.0009562709019519389
61440,policy_loss,-0.03506344556808472
61440,approx_kl,0.004959035664796829
61440,clipfrac,0.05478515625
61440,explained_variance,0.9355474337935448
61440,sps,585.0
61440,kl_beta,0.5
62061,episodic_return,29.424425573491582
62061,episodic_length,1000.0
63062,episodic_return,34.16930495211685
63062,episodic_length,1000.0
63488,value_loss,0.0004181084514129907
63488,policy_loss,0.016527317464351654
63488,approx_kl,0.011754060164093971
63488,clipfrac,0.1353515625
63488,explained_variance,0.9356859773397446
63488,sps,583.0
63488,kl_beta,0.5
64063,episodic_return,34.870362963843995
64063,episodic_length,1000.0
65064,episodic_return,33.0653016180842
65064,episodic_length,1000.0
65536,value_loss,0.00038194848457351327
65536,policy_loss,0.0481187105178833
65536,approx_kl,0.007190270349383354
65536,clipfrac,0.08662109375
65536,explained_variance,0.9470792151987553
65536,sps,582.0
65536,kl_beta,0.5
66065,episodic_return,35.80500127494791
66065,episodic_length,1000.0
67066,episodic_return,40.08213260094154
67066,episodic_length,1000.0
67584,value_loss,0.0006921596359461546
67584,policy_loss,0.0332036055624485
67584,approx_kl,0.015013166703283787
67584,clipfrac,0.20009765625
67584,explained_variance,0.9537397027015686
67584,sps,581.0
67584,kl_beta,1.0
68067,episodic_return,35.06229061486682
68067,episodic_length,1000.0
69068,episodic_return,39.578747040635946
69068,episodic_length,1000.0
69632,value_loss,0.0008262874325737357
69632,policy_loss,-0.061845868825912476
69632,approx_kl,0.006181119941174984
69632,clipfrac,0.03642578125
69632,explained_variance,0.9370839446783066
69632,sps,581.0
69632,kl_beta,0.5
70069,episodic_return,36.82964719524334
70069,episodic_length,1000.0
71070,episodic_return,38.49875232467715
71070,episodic_length,1000.0
71680,value_loss,0.001176017802208662
71680,policy_loss,-0.027806377038359642
71680,approx_kl,0.017721135169267654
71680,clipfrac,0.12822265625
71680,explained_variance,0.939487386494875
71680,sps,582.0
71680,kl_beta,1.0
72071,episodic_return,39.969857243439215
72071,episodic_length,1000.0
73072,episodic_return,10.863544892842388
73072,episodic_length,1000.0
73728,value_loss,0.04690534994006157
73728,policy_loss,-0.02435193583369255
73728,approx_kl,0.03515644371509552
73728,clipfrac,0.062158203125
73728,explained_variance,0.9051092267036438
73728,sps,582.0
73728,kl_beta,2.0
74073,episodic_return,37.60371950373306
74073,episodic_length,1000.0
75074,episodic_return,37.965347485295986
75074,episodic_length,1000.0
75776,value_loss,0.0006713511538691819
75776,policy_loss,-0.0102618969976902
75776,approx_kl,0.001602419652044773
75776,clipfrac,0.017236328125
75776,explained_variance,0.9333425685763359
75776,sps,581.0
75776,kl_beta,1.0
76075,episodic_return,37.682831932398685
76075,episodic_length,1000.0
77076,episodic_return,41.16263543552651
77076,episodic_length,1000.0
77824,value_loss,0.0008192969253286719
77824,policy_loss,-0.011048078536987305
77824,approx_kl,0.006130903959274292
77824,clipfrac,0.068408203125
77824,explained_variance,0.9346041828393936
77824,sps,581.0
77824,kl_beta,0.5
78077,episodic_return,38.62568306341753
78077,episodic_length,1000.0
79078,episodic_return,35.892037289633656
79078,episodic_length,1000.0
79872,value_loss,0.0011275222059339285
79872,policy_loss,-0.01943606324493885
79872,approx_kl,0.02518640086054802
79872,clipfrac,0.2421875
79872,explained_variance,0.9385260716080666
79872,sps,581.0
79872,kl_beta,1.0
80079,episodic_return,33.518059035738304
80079,episodic_length,1000.0
81080,episodic_return,38.27048392492551
81080,episodic_length,1000.0
81920,value_loss,0.00044704676838591695
81920,policy_loss,0.016015615314245224
81920,approx_kl,0.007663772441446781
81920,clipfrac,0.053369140625
81920,explained_variance,0.9434479661285877
81920,sps,582.0
81920,kl_beta,1.0
82081,episodic_return,38.26471898773107
82081,episodic_length,1000.0
83082,episodic_return,38.79049496086546
83082,episodic_length,1000.0
83968,value_loss,0.00038484291872009635
83968,policy_loss,-0.002300417050719261
83968,approx_kl,0.0027358923107385635
83968,clipfrac,0.046875
83968,explained_variance,0.946074616163969
83968,sps,582.0
83968,kl_beta,0.5
84083,episodic_return,39.28574291668867
84083,episodic_length,1000.0
85084,episodic_return,35.98210288000569
85084,episodic_length,1000.0
86016,value_loss,0.0019097223412245512
86016,policy_loss,-0.02220013178884983
86016,approx_kl,0.009516838937997818
86016,clipfrac,0.101416015625
86016,explained_variance,0.930192306637764
86016,sps,582.0
86016,kl_beta,0.5
86085,episodic_return,42.701778503260655
86085,episodic_length,1000.0
87086,episodic_return,38.7587049778311
87086,episodic_length,1000.0
88064,value_loss,0.00044155208161100745
88064,policy_loss,0.004095884971320629
88064,approx_kl,0.009318357333540916
88064,clipfrac,0.050390625
88064,explained_variance,0.9426832608878613
88064,sps,582.0
88064,kl_beta,0.5
88087,episodic_return,41.577843495754955
88087,episodic_length,1000.0
89088,episodic_return,36.51216839026123
89088,episodic_length,1000.0
90089,episodic_return,38.350585066610805
90089,episodic_length,1000.0
90112,value_loss,0.001130158780142665
90112,policy_loss,-0.02319566160440445
90112,approx_kl,0.008086001500487328
90112,clipfrac,0.134375
90112,explained_variance,0.9456993341445923
90112,sps,581.0
90112,kl_beta,0.5
91090,episodic_return,41.70560914967103
91090,episodic_length,1000.0
92091,episodic_return,38.29657375875202
92091,episodic_length,1000.0
92160,value_loss,0.15882624685764313
92160,policy_loss,0.01435140147805214
92160,approx_kl,0.024274207651615143
92160,clipfrac,0.214794921875
92160,explained_variance,0.9486297704279423
92160,sps,582.0
92160,kl_beta,1.0
93092,episodic_return,36.93596088324605
93092,episodic_length,1000.0
94093,episodic_return,37.82385730992048
94093,episodic_length,1000.0
94208,value_loss,0.0005775458994321525
94208,policy_loss,-0.01997515931725502
94208,approx_kl,0.009049353189766407
94208,clipfrac,0.069775390625
94208,explained_variance,0.9500312395393848
94208,sps,582.0
94208,kl_beta,1.0
95094,episodic_return,37.862337660653886
95094,episodic_length,1000.0
96095,episodic_return,42.98485362105099
96095,episodic_length,1000.0
96256,value_loss,0.0012077920837327838
96256,policy_loss,0.0013935426250100136
96256,approx_kl,0.005452808924019337
96256,clipfrac,0.047119140625
96256,explained_variance,0.9312224760651588
96256,sps,583.0
96256,kl_beta,0.5
97096,episodic_return,40.280455144736706
97096,episodic_length,1000.0
98097,episodic_return,41.93770389798836
98097,episodic_length,1000.0
98304,value_loss,0.0061752754263579845
98304,policy_loss,-0.0853772908449173
98304,approx_kl,0.024836063385009766
98304,clipfrac,0.17021484375
98304,explained_variance,0.9360442534089088
98304,sps,583.0
98304,kl_beta,1.0
99098,episodic_return,43.653342836171824
99098,episodic_length,1000.0
100099,episodic_return,41.05541057397639
100099,episodic_length,1000.0
100352,value_loss,0.0008932787459343672
100352,policy_loss,-0.011026877909898758
100352,approx_kl,0.017128102481365204
100352,clipfrac,0.05927734375
100352,explained_variance,0.9446757696568966
100352,sps,582.0
100352,kl_beta,2.0
101100,episodic_return,38.36441228877876
101100,episodic_length,1000.0
102101,episodic_return,37.680256570839475
102101,episodic_length,1000.0
102400,value_loss,0.00025155002367682755
102400,policy_loss,-0.024901462718844414
102400,approx_kl,0.004370060749351978
102400,clipfrac,0.020849609375
102400,explained_variance,0.9409643225371838
102400,sps,582.0
102400,kl_beta,1.0
103102,episodic_return,40.459163401464906
103102,episodic_length,1000.0
104103,episodic_return,37.71909696896451
104103,episodic_length,1000.0
104448,value_loss,0.00029006460681557655
104448,policy_loss,-0.012234910391271114
104448,approx_kl,0.0034817690029740334
104448,clipfrac,0.03662109375
104448,explained_variance,0.9426480047404766
104448,sps,581.0
104448,kl_beta,0.5
105104,episodic_return,36.86777736276237
105104,episodic_length,1000.0
106105,episodic_return,38.83446365711424
106105,episodic_length,1000.0
106496,value_loss,0.0002883374982047826
106496,policy_loss,-0.045062895864248276
106496,approx_kl,0.006819198839366436
106496,clipfrac,0.14130859375
106496,explained_variance,0.9502210468053818
106496,sps,582.0
106496,kl_beta,0.5
107106,episodic_return,39.20904026439954
107106,episodic_length,1000.0
108107,episodic_return,39.17876632342579
108107,episodic_length,1000.0
108544,value_loss,0.000530402350705117
108544,policy_loss,0.01340927742421627
108544,approx_kl,0.004687425680458546
108544,clipfrac,0.05380859375
108544,explained_variance,0.9432716406881809
108544,sps,583.0
108544,kl_beta,0.25
109108,episodic_return,36.40555856699638
109108,episodic_length,1000.0
110109,episodic_return,38.60368393349713
110109,episodic_length,1000.0
110592,value_loss,0.0002709464752115309
110592,policy_loss,0.013641508296132088
110592,approx_kl,0.013500338420271873
110592,clipfrac,0.101025390625
110592,explained_variance,0.9437348768115044
110592,sps,584.0
110592,kl_beta,0.25
111110,episodic_return,38.618135419183076
111110,episodic_length,1000.0
112111,episodic_return,40.04972872162487
112111,episodic_length,1000.0
112640,value_loss,0.0003698307555168867
112640,policy_loss,-0.05014783889055252
112640,approx_kl,0.02567407861351967
112640,clipfrac,0.211376953125
112640,explained_variance,0.9472043476998806
112640,sps,584.0
112640,kl_beta,0.5
113112,episodic_return,39.23452231137566
113112,episodic_length,1000.0
114113,episodic_return,37.29330467368145
114113,episodic_length,1000.0
114688,value_loss,0.00020172743825241923
114688,policy_loss,-0.02354000136256218
114688,approx_kl,0.01084417849779129
114688,clipfrac,0.1197265625
114688,explained_variance,0.9541055597364902
114688,sps,584.0
114688,kl_beta,0.5
115114,episodic_return,35.77141961272618
115114,episodic_length,1000.0
116115,episodic_return,37.853306609521866
116115,episodic_length,1000.0
116736,value_loss,0.0003938188310712576
116736,policy_loss,-0.02857731655240059
116736,approx_kl,0.015479921363294125
116736,clipfrac,0.12919921875
116736,explained_variance,0.9602127708494663
116736,sps,585.0
116736,kl_beta,1.0
117116,episodic_return,38.83909008136119
117116,episodic_length,1000.0
118117,episodic_return,39.552351563259116
118117,episodic_length,1000.0
118784,value_loss,0.00043715446372516453
118784,policy_loss,-0.039191633462905884
118784,approx_kl,0.009879269637167454
118784,clipfrac,0.0689453125
118784,explained_variance,0.9555864222347736
118784,sps,586.0
118784,kl_beta,1.0
119118,episodic_return,37.485006632706366
119118,episodic_length,1000.0
120119,episodic_return,35.85520830395362
120119,episodic_length,1000.0
120832,value_loss,0.0014824034878984094
120832,policy_loss,-0.00432123988866806
120832,approx_kl,0.005791123956441879
120832,clipfrac,0.069384765625
120832,explained_variance,0.9551314972341061
120832,sps,585.0
120832,kl_beta,0.5
121120,episodic_return,36.80517910998768
121120,episodic_length,1000.0
122121,episodic_return,37.84677801444442
122121,episodic_length,1000.0
122880,value_loss,0.014149471186101437
122880,policy_loss,0.250610888004303
122880,approx_kl,0.08740339428186417
122880,clipfrac,0.1283203125
122880,explained_variance,0.9185134693980217
122880,sps,585.0
122880,kl_beta,1.0
123122,episodic_return,33.42004054856625
123122,episodic_length,1000.0
124123,episodic_return,36.97718499176072
124123,episodic_length,1000.0
124928,value_loss,0.0009171645506285131
124928,policy_loss,-0.019892999902367592
124928,approx_kl,0.0038917269557714462
124928,clipfrac,0.051220703125
124928,explained_variance,0.9415366500616074
124928,sps,585.0
124928,kl_beta,0.5
125124,episodic_return,38.83108200976433
125124,episodic_length,1000.0
126125,episodic_return,38.513122680013716
126125,episodic_length,1000.0
126976,value_loss,0.0003174396697431803
126976,policy_loss,0.04677071422338486
126976,approx_kl,0.04622355103492737
126976,clipfrac,0.1921875
126976,explained_variance,0.9392279013991356
126976,sps,585.0
126976,kl_beta,1.0
127126,episodic_return,36.344671307932416
127126,episodic_length,1000.0
128127,episodic_return,34.269385531085895
128127,episodic_length,1000.0
129024,value_loss,0.12125410884618759
129024,policy_loss,-0.019086021929979324
129024,approx_kl,0.010209654457867146
129024,clipfrac,0.076513671875
129024,explained_variance,0.9511672705411911
129024,sps,585.0
129024,kl_beta,1.0
129128,episodic_return,36.7696629291458
129128,episodic_length,1000.0
130129,episodic_return,35.97112307575083
130129,episodic_length,1000.0
131072,value_loss,0.0007693657535128295
131072,policy_loss,-0.013679605908691883
131072,approx_kl,0.00481219869107008
131072,clipfrac,0.061181640625
131072,explained_variance,0.9344651252031326
131072,sps,585.0
131072,kl_beta,0.5
131130,episodic_return,35.35260367276279
131130,episodic_length,1000.0
132131,episodic_return,37.74779100230523
132131,episodic_length,1000.0
133120,value_loss,0.000366664316970855
133120,policy_loss,-0.02112157829105854
133120,approx_kl,0.014902913011610508
133120,clipfrac,0.23671875
133120,explained_variance,0.9429877027869225
133120,sps,584.0
133120,kl_beta,0.5
133132,episodic_return,37.73800072828581
133132,episodic_length,1000.0
134133,episodic_return,37.585172017748484
134133,episodic_length,1000.0
135134,episodic_return,38.699486430825836
135134,episodic_length,1000.0
135168,value_loss,0.0006174648879095912
135168,policy_loss,-0.05330684781074524
135168,approx_kl,0.010290004312992096
135168,clipfrac,0.080419921875
135168,explained_variance,0.9509544521570206
135168,sps,584.0
135168,kl_beta,0.5
136135,episodic_return,37.45677697231825
136135,episodic_length,1000.0
137136,episodic_return,35.66500218040269
137136,episodic_length,1000.0
137216,value_loss,0.000780534406658262
137216,policy_loss,-0.007134426850825548
137216,approx_kl,0.01458097156137228
137216,clipfrac,0.1443359375
137216,explained_variance,0.9465602971613407
137216,sps,585.0
137216,kl_beta,0.5
138137,episodic_return,34.77340467116994
138137,episodic_length,1000.0
139138,episodic_return,35.03041643559346
139138,episodic_length,1000.0
139264,value_loss,0.0009658460621722043
139264,policy_loss,-0.030788464471697807
139264,approx_kl,0.021192360669374466
139264,clipfrac,0.10517578125
139264,explained_variance,0.9155648350715637
139264,sps,584.0
139264,kl_beta,1.0
140139,episodic_return,43.82813270947285
140139,episodic_length,1000.0
141140,episodic_return,36.15615186525203
141140,episodic_length,1000.0
141312,value_loss,0.0004374522832222283
141312,policy_loss,-0.031052453443408012
141312,approx_kl,0.010633936151862144
141312,clipfrac,0.09560546875
141312,explained_variance,0.959016852080822
141312,sps,584.0
141312,kl_beta,1.0
142141,episodic_return,37.00284247896352
142141,episodic_length,1000.0
143142,episodic_return,38.18228664771703
143142,episodic_length,1000.0
143360,value_loss,0.000866491929627955
143360,policy_loss,-0.002168898470699787
143360,approx_kl,0.006946285255253315
143360,clipfrac,0.0474609375
143360,explained_variance,0.9607116840779781
143360,sps,584.0
143360,kl_beta,1.0
144143,episodic_return,37.463566703117976
144143,episodic_length,1000.0
145144,episodic_return,35.57746370866685
145144,episodic_length,1000.0
145408,value_loss,0.00023457553470507264
145408,policy_loss,0.07891693711280823
145408,approx_kl,0.0134090855717659
145408,clipfrac,0.0796875
145408,explained_variance,0.9575378000736237
145408,sps,583.0
145408,kl_beta,1.0
146145,episodic_return,39.909641145456966
146145,episodic_length,1000.0
147146,episodic_return,41.56373772439656
147146,episodic_length,1000.0
147456,value_loss,0.002998923184350133
147456,policy_loss,0.010633873753249645
147456,approx_kl,0.010811018757522106
147456,clipfrac,0.06328125
147456,explained_variance,0.9501923508942127
147456,sps,583.0
147456,kl_beta,1.0
148147,episodic_return,38.25101978148354
148147,episodic_length,1000.0
149148,episodic_return,38.89960578685432
149148,episodic_length,1000.0
149504,value_loss,0.002280487446114421
149504,policy_loss,-0.031996771693229675
149504,approx_kl,0.02096480503678322
149504,clipfrac,0.121337890625
149504,explained_variance,0.9579018987715244
149504,sps,582.0
149504,kl_beta,2.0
150149,episodic_return,40.01903896755521
150149,episodic_length,1000.0
151150,episodic_return,38.95430895389133
151150,episodic_length,1000.0
151552,value_loss,0.148197203874588
151552,policy_loss,0.007082002237439156
151552,approx_kl,0.002462049014866352
151552,clipfrac,0.021337890625
151552,explained_variance,0.9504859894514084
151552,sps,583.0
151552,kl_beta,1.0
152151,episodic_return,40.07951855544842
152151,episodic_length,1000.0
153152,episodic_return,40.75526666106548
153152,episodic_length,1000.0
153600,value_loss,0.0005289629334583879
153600,policy_loss,-0.0019364254549145699
153600,approx_kl,0.0029864972457289696
153600,clipfrac,0.049462890625
153600,explained_variance,0.9573771357536316
153600,sps,583.0
153600,kl_beta,0.5
154153,episodic_return,35.95852537140498
154153,episodic_length,1000.0
155154,episodic_return,36.93384262604612
155154,episodic_length,1000.0
155648,value_loss,0.0003927234502043575
155648,policy_loss,0.01466759666800499
155648,approx_kl,0.028191469609737396
155648,clipfrac,0.21728515625
155648,explained_variance,0.961193174123764
155648,sps,584.0
155648,kl_beta,1.0
156155,episodic_return,36.73030513214676
156155,episodic_length,1000.0
157156,episodic_return,36.957471198303615
157156,episodic_length,1000.0
157696,value_loss,0.0005846145213581622
157696,policy_loss,0.00505493301898241
157696,approx_kl,0.014012319035828114
157696,clipfrac,0.065625
157696,explained_variance,0.9619299247860909
157696,sps,584.0
157696,kl_beta,1.0
158157,episodic_return,41.6464510487537
158157,episodic_length,1000.0
159158,episodic_return,38.774173521171555
159158,episodic_length,1000.0
159744,value_loss,0.0002730746055021882
159744,policy_loss,0.014443361200392246
159744,approx_kl,0.008097865618765354
159744,clipfrac,0.05205078125
159744,explained_variance,0.9471614807844162
159744,sps,584.0
159744,kl_beta,1.0
160159,episodic_return,39.06243330440111
160159,episodic_length,1000.0
161160,episodic_return,38.96387305953307
161160,episodic_length,1000.0
161792,value_loss,0.00029496572096832097
161792,policy_loss,0.001954503357410431
161792,approx_kl,0.007715050131082535
161792,clipfrac,0.0560546875
161792,explained_variance,0.9473838917911053
161792,sps,584.0
161792,kl_beta,1.0
162161,episodic_return,39.543185952788726
162161,episodic_length,1000.0
163162,episodic_return,39.3220503172993
163162,episodic_length,1000.0
163840,value_loss,0.0005774132441729307
163840,policy_loss,0.07175151258707047
163840,approx_kl,0.014120722189545631
163840,clipfrac,0.07294921875
163840,explained_variance,0.9461102746427059
163840,sps,584.0
163840,kl_beta,1.0
164163,episodic_return,39.422346222731925
164163,episodic_length,1000.0
165164,episodic_return,38.303024469231524
165164,episodic_length,1000.0
165888,value_loss,0.0008670487441122532
165888,policy_loss,-0.07450748234987259
165888,approx_kl,0.037521764636039734
165888,clipfrac,0.0630859375
165888,explained_variance,0.9555646814405918
165888,sps,583.0
165888,kl_beta,2.0
166165,episodic_return,36.22884753927023
166165,episodic_length,1000.0
167166,episodic_return,36.34434495030924
167166,episodic_length,1000.0
167936,value_loss,0.00015269609866663814
167936,policy_loss,0.014955408871173859
167936,approx_kl,0.004141220822930336
167936,clipfrac,0.038037109375
167936,explained_variance,0.9551557414233685
167936,sps,583.0
167936,kl_beta,1.0
168167,episodic_return,35.747740982540336
168167,episodic_length,1000.0
169168,episodic_return,38.02510581324276
169168,episodic_length,1000.0
169984,value_loss,0.0010499920463189483
169984,policy_loss,0.00716474000364542
169984,approx_kl,0.004463472403585911
169984,clipfrac,0.065380859375
169984,explained_variance,0.9374312981963158
169984,sps,583.0
169984,kl_beta,0.5
170169,episodic_return,36.61655064752562
170169,episodic_length,1000.0
171170,episodic_return,36.903605368315276
171170,episodic_length,1000.0
172032,value_loss,0.0005139003042131662
172032,policy_loss,0.013333681970834732
172032,approx_kl,0.032446473836898804
172032,clipfrac,0.1505859375
172032,explained_variance,0.9409402906894684
172032,sps,583.0
172032,kl_beta,1.0
172171,episodic_return,37.761036829421414
172171,episodic_length,1000.0
173172,episodic_return,38.329040337705784
173172,episodic_length,1000.0
174080,value_loss,0.00021986635692883283
174080,policy_loss,-0.017472300678491592
174080,approx_kl,0.014269529841840267
174080,clipfrac,0.083154296875
174080,explained_variance,0.9387377984821796
174080,sps,584.0
174080,kl_beta,1.0
174173,episodic_return,39.217806252442266
174173,episodic_length,1000.0
175174,episodic_return,35.805574402591105
175174,episodic_length,1000.0
176128,value_loss,0.0018375517101958394
176128,policy_loss,-0.07740122079849243
176128,approx_kl,0.025133009999990463
176128,clipfrac,0.0578125
176128,explained_variance,0.9475056156516075
176128,sps,584.0
176128,kl_beta,2.0
176175,episodic_return,37.18581249179894
176175,episodic_length,1000.0
177176,episodic_return,36.287256098001606
177176,episodic_length,1000.0
178176,value_loss,0.00043836128315888345
178176,policy_loss,-0.00706852413713932
178176,approx_kl,0.0026030447334051132
178176,clipfrac,0.039013671875
178176,explained_variance,0.9389468468725681
178176,sps,583.0
178176,kl_beta,1.0
178177,episodic_return,38.036568089261955
178177,episodic_length,1000.0
179178,episodic_return,38.76551801565235
179178,episodic_length,1000.0
180179,episodic_return,38.04182109422705
180179,episodic_length,1000.0
180224,value_loss,0.00017348163237329572
180224,policy_loss,0.0088830990716815
180224,approx_kl,0.00290063489228487
180224,clipfrac,0.04921875
180224,explained_variance,0.9448217228055
180224,sps,583.0
180224,kl_beta,0.5
181180,episodic_return,39.41293119799223
181180,episodic_length,1000.0
182181,episodic_return,37.42587761037291
182181,episodic_length,1000.0
182272,value_loss,0.0002148345811292529
182272,policy_loss,0.014308766461908817
182272,approx_kl,0.019420122727751732
182272,clipfrac,0.149658203125
182272,explained_variance,0.9496136046946049
182272,sps,583.0
182272,kl_beta,1.0
183182,episodic_return,37.8044000551251
183182,episodic_length,1000.0
184183,episodic_return,38.293786705881274
184183,episodic_length,1000.0
184320,value_loss,0.00029085369897075
184320,policy_loss,-0.016051791608333588
184320,approx_kl,0.0080702044069767
184320,clipfrac,0.09609375
184320,explained_variance,0.9453334137797356
184320,sps,583.0
184320,kl_beta,1.0
185184,episodic_return,40.74359251840038
185184,episodic_length,1000.0
186185,episodic_return,36.94851321126839
186185,episodic_length,1000.0
186368,value_loss,0.00029786882805638015
186368,policy_loss,-0.09425396472215652
186368,approx_kl,0.031274013221263885
186368,clipfrac,0.10625
186368,explained_variance,0.9396171718835831
186368,sps,583.0
186368,kl_beta,2.0
187186,episodic_return,55.12466908575983
187186,episodic_length,1000.0
188187,episodic_return,55.18071540106351
188187,episodic_length,1000.0
188416,value_loss,0.06556373089551926
188416,policy_loss,-0.0016215220093727112
188416,approx_kl,0.004611492156982422
188416,clipfrac,0.042578125
188416,explained_variance,0.8491774052381516
188416,sps,583.0
188416,kl_beta,1.0
189188,episodic_return,49.69350348719495
189188,episodic_length,1000.0
190189,episodic_return,50.17520710849072
190189,episodic_length,1000.0
190464,value_loss,0.0012428535846993327
190464,policy_loss,-0.03919670730829239
190464,approx_kl,0.012338925153017044
190464,clipfrac,0.068359375
190464,explained_variance,0.9551205411553383
190464,sps,583.0
190464,kl_beta,1.0
191190,episodic_return,40.032000564759535
191190,episodic_length,1000.0
192191,episodic_return,40.18862718911891
192191,episodic_length,1000.0
192512,value_loss,0.08083316683769226
192512,policy_loss,-0.06025925651192665
192512,approx_kl,0.03854057565331459
192512,clipfrac,0.07666015625
192512,explained_variance,0.8466164618730545
192512,sps,583.0
192512,kl_beta,2.0
193192,episodic_return,43.95555782898979
193192,episodic_length,1000.0
194193,episodic_return,39.38778889582171
194193,episodic_length,1000.0
194560,value_loss,0.050461914390325546
194560,policy_loss,0.007322460412979126
194560,approx_kl,0.002084033563733101
194560,clipfrac,0.04345703125
194560,explained_variance,0.8919818326830864
194560,sps,583.0
194560,kl_beta,1.0
195194,episodic_return,39.41054122196195
195194,episodic_length,1000.0
196195,episodic_return,38.80734502081816
196195,episodic_length,1000.0
196608,value_loss,0.0006268650759011507
196608,policy_loss,-0.00961674377322197
196608,approx_kl,0.018918592482805252
196608,clipfrac,0.066748046875
196608,explained_variance,0.9365492537617683
196608,sps,583.0
196608,kl_beta,2.0
197196,episodic_return,30.968068295429315
197196,episodic_length,1000.0
198197,episodic_return,47.85917019382886
198197,episodic_length,1000.0
198656,value_loss,0.1572796106338501
198656,policy_loss,-0.0020113661885261536
198656,approx_kl,0.0017836429178714752
198656,clipfrac,0.031298828125
198656,explained_variance,0.9459221884608269
198656,sps,583.0
198656,kl_beta,1.0
199198,episodic_return,41.835423034650354
199198,episodic_length,1000.0
200199,episodic_return,40.81450131817312
200199,episodic_length,1000.0
200704,value_loss,0.0016170535236597061
200704,policy_loss,-0.09318651258945465
200704,approx_kl,0.025432419031858444
200704,clipfrac,0.07392578125
200704,explained_variance,0.9512796141207218
200704,sps,582.0
200704,kl_beta,2.0
201200,episodic_return,49.9481409279116
201200,episodic_length,1000.0
202201,episodic_return,39.14612424488147
202201,episodic_length,1000.0
202752,value_loss,0.0008192115928977728
202752,policy_loss,0.02904493920505047
202752,approx_kl,0.006018460728228092
202752,clipfrac,0.0296875
202752,explained_variance,0.9495735540986061
202752,sps,582.0
202752,kl_beta,1.0
203202,episodic_return,39.058594472988034
203202,episodic_length,1000.0
204203,episodic_return,41.72262280541228
204203,episodic_length,1000.0
204800,value_loss,0.00022439280292019248
204800,policy_loss,-0.05418931692838669
204800,approx_kl,0.010933659970760345
204800,clipfrac,0.08095703125
204800,explained_variance,0.9479685872793198
204800,sps,582.0
204800,kl_beta,1.0
205204,episodic_return,41.117193387000945
205204,episodic_length,1000.0
206205,episodic_return,39.11271999453258
206205,episodic_length,1000.0
206848,value_loss,0.0009550770046189427
206848,policy_loss,-0.0551241859793663
206848,approx_kl,0.030337505042552948
206848,clipfrac,0.04697265625
206848,explained_variance,0.9505916461348534
206848,sps,582.0
206848,kl_beta,2.0
207206,episodic_return,49.65450042712026
207206,episodic_length,1000.0
208207,episodic_return,42.532033620328605
208207,episodic_length,1000.0
208896,value_loss,0.0007076606852933764
208896,policy_loss,-0.05530945211648941
208896,approx_kl,0.005232020281255245
208896,clipfrac,0.0361328125
208896,explained_variance,0.9566920697689056
208896,sps,582.0
208896,kl_beta,1.0
209208,episodic_return,42.388990553960326
209208,episodic_length,1000.0
210209,episodic_return,48.673604422393325
210209,episodic_length,1000.0
210944,value_loss,0.0004432649875525385
210944,policy_loss,-0.02549557015299797
210944,approx_kl,0.004167359322309494
210944,clipfrac,0.077392578125
210944,explained_variance,0.9511429592967033
210944,sps,582.0
210944,kl_beta,0.5
211210,episodic_return,45.765789856111375
211210,episodic_length,1000.0
212211,episodic_return,46.04326726997476
212211,episodic_length,1000.0
212992,value_loss,0.0011677255388349295
212992,policy_loss,0.019028881564736366
212992,approx_kl,0.035551518201828
212992,clipfrac,0.17861328125
212992,explained_variance,0.9502159021794796
212992,sps,582.0
212992,kl_beta,1.0
213212,episodic_return,44.86119833394903
213212,episodic_length,1000.0
214213,episodic_return,60.40073952027554
214213,episodic_length,1000.0
215040,value_loss,0.0025810813531279564
215040,policy_loss,0.013852276839315891
215040,approx_kl,0.007866877131164074
215040,clipfrac,0.074365234375
215040,explained_variance,0.8931392580270767
215040,sps,582.0
215040,kl_beta,1.0
215214,episodic_return,64.35961439752784
215214,episodic_length,1000.0
216215,episodic_return,65.2657172266938
216215,episodic_length,1000.0
217088,value_loss,0.169174462556839
217088,policy_loss,-0.0016526952385902405
217088,approx_kl,0.017507057636976242
217088,clipfrac,0.0763671875
217088,explained_variance,0.9592102058231831
217088,sps,582.0
217088,kl_beta,2.0
217216,episodic_return,51.77582790074097
217216,episodic_length,1000.0
218217,episodic_return,55.665924310849356
218217,episodic_length,1000.0
219136,value_loss,0.0007817785954102874
219136,policy_loss,-0.006118200719356537
219136,approx_kl,0.006611432880163193
219136,clipfrac,0.030419921875
219136,explained_variance,0.966766070574522
219136,sps,582.0
219136,kl_beta,1.0
219218,episodic_return,41.84476074898159
219218,episodic_length,1000.0
220219,episodic_return,48.830592666458564
220219,episodic_length,1000.0
221184,value_loss,0.026992876082658768
221184,policy_loss,-0.08305618166923523
221184,approx_kl,0.015426639467477798
221184,clipfrac,0.07001953125
221184,explained_variance,0.9406127296388149
221184,sps,582.0
221184,kl_beta,2.0
221220,episodic_return,64.53713281032387
221220,episodic_length,1000.0
222221,episodic_return,52.26780195148703
222221,episodic_length,1000.0
223222,episodic_return,59.87840438266368
223222,episodic_length,1000.0
223232,value_loss,0.1657547503709793
223232,policy_loss,0.016556447371840477
223232,approx_kl,0.011060136370360851
223232,clipfrac,0.05751953125
223232,explained_variance,0.935051679611206
223232,sps,581.0
223232,kl_beta,2.0
224223,episodic_return,55.61760157895731
224223,episodic_length,1000.0
225224,episodic_return,51.81151285348969
225224,episodic_length,1000.0
225280,value_loss,0.0029469451401382685
225280,policy_loss,-0.030291883274912834
225280,approx_kl,0.0029455097392201424
225280,clipfrac,0.0333984375
225280,explained_variance,0.9514581821858883
225280,sps,581.0
225280,kl_beta,1.0
226225,episodic_return,65.10277808207722
226225,episodic_length,1000.0
227226,episodic_return,63.3186780329816
227226,episodic_length,1000.0
227328,value_loss,0.0006362739368341863
227328,policy_loss,-0.031404633074998856
227328,approx_kl,0.006408152170479298
227328,clipfrac,0.072509765625
227328,explained_variance,0.959802657365799
227328,sps,581.0
227328,kl_beta,0.5
228227,episodic_return,58.88803831676959
228227,episodic_length,1000.0
229228,episodic_return,70.54001037435697
229228,episodic_length,1000.0
229376,value_loss,0.017293917015194893
229376,policy_loss,-0.014528967440128326
229376,approx_kl,0.019714370369911194
229376,clipfrac,0.16201171875
229376,explained_variance,0.9547977223992348
229376,sps,581.0
229376,kl_beta,1.0
230229,episodic_return,65.71625753410308
230229,episodic_length,1000.0
231230,episodic_return,63.43991123087803
231230,episodic_length,1000.0
231424,value_loss,0.001897868001833558
231424,policy_loss,0.02144378051161766
231424,approx_kl,0.0104855140671134
231424,clipfrac,0.077587890625
231424,explained_variance,0.9627012945711613
231424,sps,580.0
231424,kl_beta,1.0
232231,episodic_return,68.58289860681566
232231,episodic_length,1000.0
233232,episodic_return,68.03989390103818
233232,episodic_length,1000.0
233472,value_loss,0.003382934257388115
233472,policy_loss,0.03454042226076126
233472,approx_kl,0.009750851429998875
233472,clipfrac,0.094873046875
233472,explained_variance,0.951083205640316
233472,sps,580.0
233472,kl_beta,1.0
234233,episodic_return,63.37759673510405
234233,episodic_length,1000.0
235234,episodic_return,57.82885168911294
235234,episodic_length,1000.0
235520,value_loss,0.0021000069100409746
235520,policy_loss,0.01765868440270424
235520,approx_kl,0.013431298546493053
235520,clipfrac,0.0625
235520,explained_variance,0.960201796144247
235520,sps,580.0
235520,kl_beta,1.0
236235,episodic_return,67.3000697927197
236235,episodic_length,1000.0
237236,episodic_return,70.329477420848
237236,episodic_length,1000.0
237568,value_loss,0.003096617292612791
237568,policy_loss,-0.021845191717147827
237568,approx_kl,0.01957743614912033
237568,clipfrac,0.10791015625
237568,explained_variance,0.9539308473467827
237568,sps,580.0
237568,kl_beta,2.0
238237,episodic_return,24.585824513020665
238237,episodic_length,1000.0
239238,episodic_return,48.6984234543047
239238,episodic_length,1000.0
239616,value_loss,0.061399511992931366
239616,policy_loss,-0.054122112691402435
239616,approx_kl,0.012139705009758472
239616,clipfrac,0.03583984375
239616,explained_variance,0.8582417368888855
239616,sps,580.0
239616,kl_beta,2.0
240239,episodic_return,76.62059706224647
240239,episodic_length,1000.0
241240,episodic_return,73.7677029272909
241240,episodic_length,1000.0
241664,value_loss,0.0036482238210737705
241664,policy_loss,-0.043875519186258316
241664,approx_kl,0.005226215347647667
241664,clipfrac,0.0349609375
241664,explained_variance,0.9619387574493885
241664,sps,580.0
241664,kl_beta,1.0
242241,episodic_return,61.22476872600051
242241,episodic_length,1000.0
243242,episodic_return,83.23087607526888
243242,episodic_length,1000.0
243712,value_loss,0.0007968168356455863
243712,policy_loss,-0.0675162598490715
243712,approx_kl,0.011276504956185818
243712,clipfrac,0.087548828125
243712,explained_variance,0.9712298680096865
243712,sps,580.0
243712,kl_beta,1.0
244243,episodic_return,65.33359843886747
244243,episodic_length,1000.0
245244,episodic_return,67.43660142899901
245244,episodic_length,1000.0
245760,value_loss,0.0019756900146603584
245760,policy_loss,-0.007823608815670013
245760,approx_kl,0.006924744695425034
245760,clipfrac,0.0677734375
245760,explained_variance,0.9531216286122799
245760,sps,580.0
245760,kl_beta,1.0
246245,episodic_return,50.55107720133074
246245,episodic_length,1000.0
247246,episodic_return,80.88813504728722
247246,episodic_length,1000.0
247808,value_loss,0.002862044610083103
247808,policy_loss,0.0005798507481813431
247808,approx_kl,0.006221296265721321
247808,clipfrac,0.066064453125
247808,explained_variance,0.9638052210211754
247808,sps,580.0
247808,kl_beta,0.5
248247,episodic_return,60.38978230795906
248247,episodic_length,1000.0
249248,episodic_return,82.57261794758469
249248,episodic_length,1000.0
249856,value_loss,0.11339624971151352
249856,policy_loss,0.014335781335830688
249856,approx_kl,0.07463657110929489
249856,clipfrac,0.2099609375
249856,explained_variance,0.9747707545757294
249856,sps,579.0
249856,kl_beta,1.0
250249,episodic_return,74.77103293226975
250249,episodic_length,1000.0
251250,episodic_return,65.67874084863881
251250,episodic_length,1000.0
251904,value_loss,0.0040089525282382965
251904,policy_loss,0.0249285027384758
251904,approx_kl,0.01945284754037857
251904,clipfrac,0.097705078125
251904,explained_variance,0.9591428861021996
251904,sps,579.0
251904,kl_beta,2.0
252251,episodic_return,74.8029359176398
252251,episodic_length,1000.0
253252,episodic_return,77.90417920967128
253252,episodic_length,1000.0
253952,value_loss,0.04559684544801712
253952,policy_loss,0.008474698290228844
253952,approx_kl,0.0032389862462878227
253952,clipfrac,0.0380859375
253952,explained_variance,0.954946544021368
253952,sps,579.0
253952,kl_beta,1.0
254253,episodic_return,73.49774761580697
254253,episodic_length,1000.0
255254,episodic_return,68.89718741191416
255254,episodic_length,1000.0
256000,value_loss,0.0033392165787518024
256000,policy_loss,0.021604876965284348
256000,approx_kl,0.023974038660526276
256000,clipfrac,0.087451171875
256000,explained_variance,0.9571866430342197
256000,sps,579.0
256000,kl_beta,2.0
256255,episodic_return,77.76694259768007
256255,episodic_length,1000.0
257256,episodic_return,83.02959654470685
257256,episodic_length,1000.0
258048,value_loss,0.0013270685449242592
258048,policy_loss,0.010118095204234123
258048,approx_kl,0.0030573634430766106
258048,clipfrac,0.025830078125
258048,explained_variance,0.9769690781831741
258048,sps,579.0
258048,kl_beta,1.0
258257,episodic_return,90.11755936764749
258257,episodic_length,1000.0
259258,episodic_return,79.51774618542768
259258,episodic_length,1000.0
260096,value_loss,0.002038951963186264
260096,policy_loss,0.00222804956138134
260096,approx_kl,0.008420569822192192
260096,clipfrac,0.072021484375
260096,explained_variance,0.9784612655639648
260096,sps,579.0
260096,kl_beta,1.0
260259,episodic_return,73.94430918338458
260259,episodic_length,1000.0
261260,episodic_return,81.48206352933482
261260,episodic_length,1000.0
262144,value_loss,0.0061258673667907715
262144,policy_loss,-0.05913078784942627
262144,approx_kl,0.009550290182232857
262144,clipfrac,0.05185546875
262144,explained_variance,0.9729035720229149
262144,sps,579.0
262144,kl_beta,1.0
262261,episodic_return,78.6953320438332
262261,episodic_length,1000.0
263262,episodic_return,83.14805223789358
263262,episodic_length,1000.0
264192,value_loss,0.004504027776420116
264192,policy_loss,0.01849655993282795
264192,approx_kl,0.006194489076733589
264192,clipfrac,0.072900390625
264192,explained_variance,0.9710948821157217
264192,sps,579.0
264192,kl_beta,0.5
264263,episodic_return,85.34824126573172
264263,episodic_length,1000.0
265264,episodic_return,80.02512793270252
265264,episodic_length,1000.0
266240,value_loss,0.0034676098730415106
266240,policy_loss,-0.06618773937225342
266240,approx_kl,0.033088792115449905
266240,clipfrac,0.249365234375
266240,explained_variance,0.9762056674808264
266240,sps,579.0
266240,kl_beta,1.0
266265,episodic_return,89.1134835793489
266265,episodic_length,1000.0
267266,episodic_return,81.01600430461676
267266,episodic_length,1000.0
268267,episodic_return,80.15691508342016
268267,episodic_length,1000.0
268288,value_loss,0.008226968348026276
268288,policy_loss,0.014925863593816757
268288,approx_kl,0.011457379907369614
268288,clipfrac,0.104833984375
268288,explained_variance,0.9696838073432446
268288,sps,579.0
268288,kl_beta,1.0
269268,episodic_return,55.759033525682504
269268,episodic_length,1000.0
270269,episodic_return,84.23988684753856
270269,episodic_length,1000.0
270336,value_loss,0.0010724638123065233
270336,policy_loss,0.054549723863601685
270336,approx_kl,0.04422791302204132
270336,clipfrac,0.147998046875
270336,explained_variance,0.9773916266858578
270336,sps,579.0
270336,kl_beta,2.0
271270,episodic_return,82.17910063991447
271270,episodic_length,1000.0
272271,episodic_return,97.06472119695314
272271,episodic_length,1000.0
272384,value_loss,0.003045662771910429
272384,policy_loss,0.061821967363357544
272384,approx_kl,0.01153689343482256
272384,clipfrac,0.034765625
272384,explained_variance,0.9562503099441528
272384,sps,579.0
272384,kl_beta,2.0
273272,episodic_return,79.89676359143654
273272,episodic_length,1000.0
274273,episodic_return,92.38874099911396
274273,episodic_length,1000.0
274432,value_loss,0.004615520592778921
274432,policy_loss,0.03590719774365425
274432,approx_kl,0.0042867232114076614
274432,clipfrac,0.042431640625
274432,explained_variance,0.9721127673983574
274432,sps,579.0
274432,kl_beta,1.0
275274,episodic_return,82.26877916239675
275274,episodic_length,1000.0
276275,episodic_return,80.92281966524078
276275,episodic_length,1000.0
276480,value_loss,0.005641032475978136
276480,policy_loss,-0.0064389267936348915
276480,approx_kl,0.006344120018184185
276480,clipfrac,0.067041015625
276480,explained_variance,0.9515984393656254
276480,sps,579.0
276480,kl_beta,0.5
277276,episodic_return,91.06587116706403
277276,episodic_length,1000.0
278277,episodic_return,80.25141225481946
278277,episodic_length,1000.0
278528,value_loss,0.004260827787220478
278528,policy_loss,-0.017882704734802246
278528,approx_kl,0.026591822504997253
278528,clipfrac,0.222900390625
278528,explained_variance,0.9678504690527916
278528,sps,579.0
278528,kl_beta,1.0
279278,episodic_return,87.81762593525421
279278,episodic_length,1000.0
280279,episodic_return,70.3653375805434
280279,episodic_length,1000.0
280576,value_loss,0.015902956947684288
280576,policy_loss,-0.011362399905920029
280576,approx_kl,0.015649322420358658
280576,clipfrac,0.096875
280576,explained_variance,0.9526119008660316
280576,sps,579.0
280576,kl_beta,2.0
281280,episodic_return,73.57053402568138
281280,episodic_length,1000.0
282281,episodic_return,86.97836066456992
282281,episodic_length,1000.0
282624,value_loss,0.0024301556404680014
282624,policy_loss,0.0043064020574092865
282624,approx_kl,0.0042888447642326355
282624,clipfrac,0.02900390625
282624,explained_variance,0.9655012376606464
282624,sps,578.0
282624,kl_beta,1.0
283282,episodic_return,87.23822858671117
283282,episodic_length,1000.0
284283,episodic_return,88.96834190997576
284283,episodic_length,1000.0
284672,value_loss,0.10375037789344788
284672,policy_loss,-0.04605554789304733
284672,approx_kl,0.01594204269349575
284672,clipfrac,0.11591796875
284672,explained_variance,0.9740034714341164
284672,sps,578.0
284672,kl_beta,2.0
285284,episodic_return,76.07616734916503
285284,episodic_length,1000.0
286285,episodic_return,90.1200758844247
286285,episodic_length,1000.0
286720,value_loss,0.002086556050926447
286720,policy_loss,-0.0003324337303638458
286720,approx_kl,0.0026802662760019302
286720,clipfrac,0.038330078125
286720,explained_variance,0.9702560883015394
286720,sps,578.0
286720,kl_beta,1.0
287286,episodic_return,86.4482647395311
287286,episodic_length,1000.0
288287,episodic_return,78.08515233536168
288287,episodic_length,1000.0
288768,value_loss,0.0028398858848959208
288768,policy_loss,-0.021969769150018692
288768,approx_kl,0.009833361953496933
288768,clipfrac,0.07529296875
288768,explained_variance,0.9767542574554682
288768,sps,578.0
288768,kl_beta,1.0
289288,episodic_return,96.86703885840184
289288,episodic_length,1000.0
290289,episodic_return,83.59556908034511
290289,episodic_length,1000.0
290816,value_loss,0.0026197456754744053
290816,policy_loss,-0.004178503528237343
290816,approx_kl,0.004943793639540672
290816,clipfrac,0.0494140625
290816,explained_variance,0.9746475946158171
290816,sps,578.0
290816,kl_beta,0.5
291290,episodic_return,67.54210024540797
291290,episodic_length,1000.0
292291,episodic_return,87.77751215310847
292291,episodic_length,1000.0
292864,value_loss,0.0009105713106691837
292864,policy_loss,-0.009524337947368622
292864,approx_kl,0.009972973726689816
292864,clipfrac,0.165771484375
292864,explained_variance,0.9790613632649183
292864,sps,578.0
292864,kl_beta,0.5
293292,episodic_return,81.58091751037752
293292,episodic_length,1000.0
294293,episodic_return,82.78001688645494
294293,episodic_length,1000.0
294912,value_loss,0.0015468457713723183
294912,policy_loss,-0.05462402105331421
294912,approx_kl,0.041177231818437576
294912,clipfrac,0.214013671875
294912,explained_variance,0.9749591574072838
294912,sps,578.0
294912,kl_beta,1.0
295294,episodic_return,90.36164129730854
295294,episodic_length,1000.0
296295,episodic_return,81.97513717569734
296295,episodic_length,1000.0
296960,value_loss,0.00557195907458663
296960,policy_loss,-0.03641865402460098
296960,approx_kl,0.013380391523241997
296960,clipfrac,0.109326171875
296960,explained_variance,0.9669808521866798
296960,sps,578.0
296960,kl_beta,1.0
297296,episodic_return,79.9363968822273
297296,episodic_length,1000.0
298297,episodic_return,92.47520220707807
298297,episodic_length,1000.0
299008,value_loss,0.0031483336351811886
299008,policy_loss,0.008058779872953892
299008,approx_kl,0.007545934058725834
299008,clipfrac,0.10068359375
299008,explained_variance,0.9639035798609257
299008,sps,577.0
299008,kl_beta,1.0
299298,episodic_return,97.38393170160641
299298,episodic_length,1000.0
300299,episodic_return,82.4850406456956
300299,episodic_length,1000.0
301056,value_loss,0.004178643226623535
301056,policy_loss,-0.008455963805317879
301056,approx_kl,0.005030063912272453
301056,clipfrac,0.082177734375
301056,explained_variance,0.9729583822190762
301056,sps,577.0
301056,kl_beta,0.5
301300,episodic_return,88.51923852103262
301300,episodic_length,1000.0
302301,episodic_return,85.69704713350833
302301,episodic_length,1000.0
303104,value_loss,0.002967843320220709
303104,policy_loss,-0.028767656534910202
303104,approx_kl,0.024777159094810486
303104,clipfrac,0.183837890625
303104,explained_variance,0.9712961409240961
303104,sps,577.0
303104,kl_beta,1.0
303302,episodic_return,89.90539402029609
303302,episodic_length,1000.0
304303,episodic_return,93.51251411063417
304303,episodic_length,1000.0
305152,value_loss,0.0006863315356895328
305152,policy_loss,0.004464113153517246
305152,approx_kl,0.005739194341003895
305152,clipfrac,0.062939453125
305152,explained_variance,0.9777235947549343
305152,sps,577.0
305152,kl_beta,0.5
305304,episodic_return,84.11756237367344
305304,episodic_length,1000.0
306305,episodic_return,79.26422185008049
306305,episodic_length,1000.0
307200,value_loss,0.01640814170241356
307200,policy_loss,-0.02256365306675434
307200,approx_kl,0.022102560847997665
307200,clipfrac,0.187939453125
307200,explained_variance,0.9456675238907337
307200,sps,577.0
307200,kl_beta,1.0
307306,episodic_return,88.31888686328668
307306,episodic_length,1000.0
308307,episodic_return,78.34254721925335
308307,episodic_length,1000.0
309248,value_loss,0.005742282141000032
309248,policy_loss,0.004313685931265354
309248,approx_kl,0.004081086255609989
309248,clipfrac,0.0783203125
309248,explained_variance,0.9625349454581738
309248,sps,577.0
309248,kl_beta,0.5
309308,episodic_return,95.14813054558175
309308,episodic_length,1000.0
310309,episodic_return,77.72705688288966
310309,episodic_length,1000.0
311296,value_loss,0.003927396610379219
311296,policy_loss,0.06409702450037003
311296,approx_kl,0.02954302541911602
311296,clipfrac,0.151708984375
311296,explained_variance,0.9621416665613651
311296,sps,577.0
311296,kl_beta,1.0
311310,episodic_return,98.0776974231054
311310,episodic_length,1000.0
312311,episodic_return,95.97502605318222
312311,episodic_length,1000.0
313312,episodic_return,101.0400144547636
313312,episodic_length,1000.0
313344,value_loss,0.004764300771057606
313344,policy_loss,0.02475920505821705
313344,approx_kl,0.008603008463978767
313344,clipfrac,0.0634765625
313344,explained_variance,0.9624628610908985
313344,sps,577.0
313344,kl_beta,1.0
314313,episodic_return,89.04651190684335
314313,episodic_length,1000.0
315314,episodic_return,66.81227420879478
315314,episodic_length,1000.0
315392,value_loss,0.0010235323570668697
315392,policy_loss,-0.03861221671104431
315392,approx_kl,0.006108653731644154
315392,clipfrac,0.064501953125
315392,explained_variance,0.965171791613102
315392,sps,577.0
315392,kl_beta,0.5
316315,episodic_return,72.374181681066
316315,episodic_length,1000.0
317316,episodic_return,88.7727885106631
317316,episodic_length,1000.0
317440,value_loss,0.0030415519140660763
317440,policy_loss,-0.036920689046382904
317440,approx_kl,0.02615162916481495
317440,clipfrac,0.156396484375
317440,explained_variance,0.9791251495480537
317440,sps,577.0
317440,kl_beta,1.0
318317,episodic_return,88.62530807197882
318317,episodic_length,1000.0
319318,episodic_return,92.34163618280662
319318,episodic_length,1000.0
319488,value_loss,0.0020629470236599445
319488,policy_loss,-0.011498324573040009
319488,approx_kl,0.007759079337120056
319488,clipfrac,0.0859375
319488,explained_variance,0.9803464356809855
319488,sps,577.0
319488,kl_beta,1.0
320319,episodic_return,80.35921744981717
320319,episodic_length,1000.0
321320,episodic_return,90.6458473676525
321320,episodic_length,1000.0
321536,value_loss,0.0019341204315423965
321536,policy_loss,0.04761979728937149
321536,approx_kl,0.014739535748958588
321536,clipfrac,0.087255859375
321536,explained_variance,0.9763643704354763
321536,sps,577.0
321536,kl_beta,1.0
322321,episodic_return,85.69562848765086
322321,episodic_length,1000.0
323322,episodic_return,101.81484589069397
323322,episodic_length,1000.0
323584,value_loss,0.05964523181319237
323584,policy_loss,-0.10197655856609344
323584,approx_kl,0.013647806830704212
323584,clipfrac,0.07958984375
323584,explained_variance,0.9744813367724419
323584,sps,577.0
323584,kl_beta,1.0
324323,episodic_return,84.35561315490018
324323,episodic_length,1000.0
325324,episodic_return,100.8565635650311
325324,episodic_length,1000.0
325632,value_loss,0.0036719958297908306
325632,policy_loss,-0.007777021266520023
325632,approx_kl,0.004664291627705097
325632,clipfrac,0.062451171875
325632,explained_variance,0.9805432017892599
325632,sps,577.0
325632,kl_beta,0.5
326325,episodic_return,90.45360703187684
326325,episodic_length,1000.0
327326,episodic_return,99.62837066465201
327326,episodic_length,1000.0
327680,value_loss,0.0027298389468342066
327680,policy_loss,0.0034589283168315887
327680,approx_kl,0.02973257750272751
327680,clipfrac,0.115625
327680,explained_variance,0.9821500796824694
327680,sps,577.0
327680,kl_beta,1.0
328327,episodic_return,83.78957800972665
328327,episodic_length,1000.0
329328,episodic_return,91.32725710873765
329328,episodic_length,1000.0
329728,value_loss,0.017305398359894753
329728,policy_loss,-0.025976110249757767
329728,approx_kl,0.006841299124062061
329728,clipfrac,0.09580078125
329728,explained_variance,0.957427017390728
329728,sps,577.0
329728,kl_beta,1.0
330329,episodic_return,101.44570630992713
330329,episodic_length,1000.0
331330,episodic_return,95.40220999635335
331330,episodic_length,1000.0
331776,value_loss,0.0019488281104713678
331776,policy_loss,0.03671521693468094
331776,approx_kl,0.014979405328631401
331776,clipfrac,0.0845703125
331776,explained_variance,0.9749888833612204
331776,sps,577.0
331776,kl_beta,1.0
332331,episodic_return,93.4163363878371
332331,episodic_length,1000.0
333332,episodic_return,83.02465349181041
333332,episodic_length,1000.0
333824,value_loss,0.02845958061516285
333824,policy_loss,-0.0024476367980241776
333824,approx_kl,0.012406082823872566
333824,clipfrac,0.088427734375
333824,explained_variance,0.9682642966508865
333824,sps,577.0
333824,kl_beta,1.0
334333,episodic_return,94.34514604163664
334333,episodic_length,1000.0
335334,episodic_return,100.2331466178312
335334,episodic_length,1000.0
335872,value_loss,0.0008176912670023739
335872,policy_loss,-0.0327240414917469
335872,approx_kl,0.005340489558875561
335872,clipfrac,0.060986328125
335872,explained_variance,0.9804397094994783
335872,sps,578.0
335872,kl_beta,0.5
336335,episodic_return,88.52234863625212
336335,episodic_length,1000.0
337336,episodic_return,93.17700788675246
337336,episodic_length,1000.0
337920,value_loss,0.09060879796743393
337920,policy_loss,0.012204406782984734
337920,approx_kl,0.031094830483198166
337920,clipfrac,0.136865234375
337920,explained_variance,0.979153223335743
337920,sps,578.0
337920,kl_beta,1.0
338337,episodic_return,99.3623854938785
338337,episodic_length,1000.0
339338,episodic_return,90.23644866536381
339338,episodic_length,1000.0
339968,value_loss,0.01933428831398487
339968,policy_loss,-0.009259875863790512
339968,approx_kl,0.0051937103271484375
339968,clipfrac,0.07119140625
339968,explained_variance,0.9662420973181725
339968,sps,578.0
339968,kl_beta,0.5
340339,episodic_return,90.1041592858731
340339,episodic_length,1000.0
341340,episodic_return,101.55534258277753
341340,episodic_length,1000.0
342016,value_loss,0.00425711739808321
342016,policy_loss,-0.01550120860338211
342016,approx_kl,0.07212159037590027
342016,clipfrac,0.218896484375
342016,explained_variance,0.9684754982590675
342016,sps,578.0
342016,kl_beta,1.0
342341,episodic_return,88.70330285069639
342341,episodic_length,1000.0
343342,episodic_return,115.97715103072308
343342,episodic_length,1000.0
344064,value_loss,0.000670730893034488
344064,policy_loss,-0.004472848027944565
344064,approx_kl,0.007232818752527237
344064,clipfrac,0.081103515625
344064,explained_variance,0.9707258976995945
344064,sps,578.0
344064,kl_beta,1.0
344343,episodic_return,108.97108676092051
344343,episodic_length,1000.0
345344,episodic_return,101.70345923114071
345344,episodic_length,1000.0
346112,value_loss,0.0030852199997752905
346112,policy_loss,0.005403992719948292
346112,approx_kl,0.010103476233780384
346112,clipfrac,0.074609375
346112,explained_variance,0.9799670353531837
346112,sps,579.0
346112,kl_beta,1.0
346345,episodic_return,109.41370380791629
346345,episodic_length,1000.0
347346,episodic_return,98.41683644199622
347346,episodic_length,1000.0
348160,value_loss,0.004846815951168537
348160,policy_loss,0.020851563662290573
348160,approx_kl,0.010945337824523449
348160,clipfrac,0.0576171875
348160,explained_variance,0.9585467241704464
348160,sps,579.0
348160,kl_beta,1.0
348347,episodic_return,97.09590851524557
348347,episodic_length,1000.0
349348,episodic_return,111.80263906746637
349348,episodic_length,1000.0
350208,value_loss,0.0008237092988565564
350208,policy_loss,-0.0038561439141631126
350208,approx_kl,0.014584035612642765
350208,clipfrac,0.05126953125
350208,explained_variance,0.9677542708814144
350208,sps,579.0
350208,kl_beta,1.0
350349,episodic_return,112.77411278603745
350349,episodic_length,1000.0
351350,episodic_return,110.52666314177714
351350,episodic_length,1000.0
352256,value_loss,0.0016773850657045841
352256,policy_loss,-0.0369572713971138
352256,approx_kl,0.01323482021689415
352256,clipfrac,0.110400390625
352256,explained_variance,0.9759995453059673
352256,sps,580.0
352256,kl_beta,1.0
352351,episodic_return,93.50153774019128
352351,episodic_length,1000.0
353352,episodic_return,106.11540248811204
353352,episodic_length,1000.0
354304,value_loss,0.007941327057778835
354304,policy_loss,0.01575665920972824
354304,approx_kl,0.009022512473165989
354304,clipfrac,0.0888671875
354304,explained_variance,0.9707835279405117
354304,sps,580.0
354304,kl_beta,1.0
354353,episodic_return,103.1205539194636
354353,episodic_length,1000.0
355354,episodic_return,102.33086137245012
355354,episodic_length,1000.0
356352,value_loss,0.001572745619341731
356352,policy_loss,-0.035103246569633484
356352,approx_kl,0.01718871109187603
356352,clipfrac,0.0865234375
356352,explained_variance,0.9774009380489588
356352,sps,580.0
356352,kl_beta,2.0
356355,episodic_return,109.20606238326508
356355,episodic_length,1000.0
357356,episodic_return,108.97342455333441
357356,episodic_length,1000.0
358357,episodic_return,91.41822908424848
358357,episodic_length,1000.0
358400,value_loss,0.04765420779585838
358400,policy_loss,-0.030820142477750778
358400,approx_kl,0.002770509570837021
358400,clipfrac,0.026171875
358400,explained_variance,0.9369493201375008
358400,sps,581.0
358400,kl_beta,1.0
359358,episodic_return,95.1813151164774
359358,episodic_length,1000.0
360359,episodic_return,91.34560325503574
360359,episodic_length,1000.0
360448,value_loss,0.14522555470466614
360448,policy_loss,-0.05155518651008606
360448,approx_kl,0.02640366554260254
360448,clipfrac,0.099853515625
360448,explained_variance,0.924148753285408
360448,sps,581.0
360448,kl_beta,2.0
361360,episodic_return,106.88846054343341
361360,episodic_length,1000.0
362361,episodic_return,104.6128337568691
362361,episodic_length,1000.0
362496,value_loss,0.009158710017800331
362496,policy_loss,-0.00020788609981536865
362496,approx_kl,0.0029757563024759293
362496,clipfrac,0.031982421875
362496,explained_variance,0.9750613775104284
362496,sps,581.0
362496,kl_beta,1.0
363362,episodic_return,109.97909376890685
363362,episodic_length,1000.0
364363,episodic_return,87.58801283784915
364363,episodic_length,1000.0
364544,value_loss,0.002590925432741642
364544,policy_loss,-0.0031822947785258293
364544,approx_kl,0.010802422650158405
364544,clipfrac,0.066064453125
364544,explained_variance,0.9518300592899323
364544,sps,581.0
364544,kl_beta,1.0
365364,episodic_return,109.38703548921602
365364,episodic_length,1000.0
366365,episodic_return,102.31459765694906
366365,episodic_length,1000.0
366592,value_loss,0.0014124637236818671
366592,policy_loss,-0.019375991076231003
366592,approx_kl,0.006842082366347313
366592,clipfrac,0.075048828125
366592,explained_variance,0.9615798592567444
366592,sps,582.0
366592,kl_beta,1.0
367366,episodic_return,106.0128196495618
367366,episodic_length,1000.0
368367,episodic_return,89.43924567082534
368367,episodic_length,1000.0
368640,value_loss,0.030522562563419342
368640,policy_loss,-0.0458347424864769
368640,approx_kl,0.009209094569087029
368640,clipfrac,0.073486328125
368640,explained_variance,0.946667768061161
368640,sps,581.0
368640,kl_beta,1.0
369368,episodic_return,110.63779362331455
369368,episodic_length,1000.0
370369,episodic_return,98.55899517649142
370369,episodic_length,1000.0
370688,value_loss,0.0012176516465842724
370688,policy_loss,-0.015570989809930325
370688,approx_kl,0.006069525144994259
370688,clipfrac,0.096337890625
370688,explained_variance,0.969933670014143
370688,sps,581.0
370688,kl_beta,0.5
371370,episodic_return,102.94885900455772
371370,episodic_length,1000.0
372371,episodic_return,104.13085074561629
372371,episodic_length,1000.0
372736,value_loss,0.006216868758201599
372736,policy_loss,0.03132573142647743
372736,approx_kl,0.018113603815436363
372736,clipfrac,0.11083984375
372736,explained_variance,0.928692564368248
372736,sps,581.0
372736,kl_beta,1.0
373372,episodic_return,106.3717576816219
373372,episodic_length,1000.0
374373,episodic_return,114.8793957137243
374373,episodic_length,1000.0
374784,value_loss,0.08948929607868195
374784,policy_loss,-0.001772507093846798
374784,approx_kl,0.005278223194181919
374784,clipfrac,0.0603515625
374784,explained_variance,0.9713076520711184
374784,sps,581.0
374784,kl_beta,0.5
375374,episodic_return,110.45428930362307
375374,episodic_length,1000.0
376375,episodic_return,105.28792136190586
376375,episodic_length,1000.0
376832,value_loss,0.008472011424601078
376832,policy_loss,-0.008872193284332752
376832,approx_kl,0.020389487966895103
376832,clipfrac,0.183544921875
376832,explained_variance,0.9578555561602116
376832,sps,581.0
376832,kl_beta,1.0
377376,episodic_return,112.43010543264518
377376,episodic_length,1000.0
378377,episodic_return,101.72308916092004
378377,episodic_length,1000.0
378880,value_loss,0.0016509837005287409
378880,policy_loss,-0.024920426309108734
378880,approx_kl,0.01589440554380417
378880,clipfrac,0.07890625
378880,explained_variance,0.9730008095502853
378880,sps,581.0
378880,kl_beta,2.0
379378,episodic_return,100.86441085908459
379378,episodic_length,1000.0
380379,episodic_return,99.01786193320436
380379,episodic_length,1000.0
380928,value_loss,0.060214683413505554
380928,policy_loss,-0.0034725554287433624
380928,approx_kl,0.0035933274775743484
380928,clipfrac,0.017529296875
380928,explained_variance,0.9492346979677677
380928,sps,581.0
380928,kl_beta,1.0
381380,episodic_return,110.18284636781837
381380,episodic_length,1000.0
382381,episodic_return,111.6077194620837
382381,episodic_length,1000.0
382976,value_loss,0.008873537182807922
382976,policy_loss,0.00193020049482584
382976,approx_kl,0.0034115174785256386
382976,clipfrac,0.051806640625
382976,explained_variance,0.96980288811028
382976,sps,581.0
382976,kl_beta,0.5
383382,episodic_return,103.74417143812946
383382,episodic_length,1000.0
384383,episodic_return,99.3692858447098
384383,episodic_length,1000.0
385024,value_loss,0.009113890118896961
385024,policy_loss,-0.0341033935546875
385024,approx_kl,0.046873923391103745
385024,clipfrac,0.165234375
385024,explained_variance,0.9593687430024147
385024,sps,581.0
385024,kl_beta,1.0
385384,episodic_return,113.86823110871799
385384,episodic_length,1000.0
386385,episodic_return,110.65771760500732
386385,episodic_length,1000.0
387072,value_loss,0.0016906687524169683
387072,policy_loss,0.0031508225947618484
387072,approx_kl,0.009014902636408806
387072,clipfrac,0.044873046875
387072,explained_variance,0.9719370789825916
387072,sps,581.0
387072,kl_beta,1.0
387386,episodic_return,102.1231057697867
387386,episodic_length,1000.0
388387,episodic_return,109.88833578390941
388387,episodic_length,1000.0
389120,value_loss,0.0004480212228372693
389120,policy_loss,-0.005338411778211594
389120,approx_kl,0.02088366448879242
389120,clipfrac,0.15146484375
389120,explained_variance,0.9712351989001036
389120,sps,581.0
389120,kl_beta,2.0
389388,episodic_return,97.97546433452729
389388,episodic_length,1000.0
390389,episodic_return,95.73028481698948
390389,episodic_length,1000.0
391168,value_loss,0.03463304415345192
391168,policy_loss,-0.02651737816631794
391168,approx_kl,0.002085215412080288
391168,clipfrac,0.025439453125
391168,explained_variance,0.8887022361159325
391168,sps,581.0
391168,kl_beta,1.0
391390,episodic_return,86.39283745273937
391390,episodic_length,1000.0
392391,episodic_return,96.8611712203056
392391,episodic_length,1000.0
393216,value_loss,0.08608203381299973
393216,policy_loss,-0.07380054891109467
393216,approx_kl,0.018815621733665466
393216,clipfrac,0.08017578125
393216,explained_variance,0.9069119840860367
393216,sps,580.0
393216,kl_beta,2.0
393392,episodic_return,103.00150753189494
393392,episodic_length,1000.0
394393,episodic_return,98.54901613651568
394393,episodic_length,1000.0
395264,value_loss,0.007033684756606817
395264,policy_loss,-0.00685177743434906
395264,approx_kl,0.004934333264827728
395264,clipfrac,0.030712890625
395264,explained_variance,0.9450483098626137
395264,sps,580.0
395264,kl_beta,1.0
395394,episodic_return,103.19248044765172
395394,episodic_length,1000.0
396395,episodic_return,105.9850777511237
396395,episodic_length,1000.0
397312,value_loss,0.0010522159282118082
397312,policy_loss,0.00035228487104177475
397312,approx_kl,0.00909504946321249
397312,clipfrac,0.049951171875
397312,explained_variance,0.9726293198764324
397312,sps,580.0
397312,kl_beta,1.0
397396,episodic_return,110.03099749766916
397396,episodic_length,1000.0
398397,episodic_return,106.00834107807623
398397,episodic_length,1000.0
399360,value_loss,0.001161911292001605
399360,policy_loss,0.06733081489801407
399360,approx_kl,0.024140799418091774
399360,clipfrac,0.070458984375
399360,explained_variance,0.9625087268650532
399360,sps,580.0
399360,kl_beta,2.0
399398,episodic_return,107.61632489357818
399398,episodic_length,1000.0
400399,episodic_return,95.02496565761741
400399,episodic_length,1000.0
401400,episodic_return,94.21017112264802
401400,episodic_length,1000.0
401408,value_loss,0.003437236649915576
401408,policy_loss,-0.016574105247855186
401408,approx_kl,0.003567037172615528
401408,clipfrac,0.022705078125
401408,explained_variance,0.9376749955117702
401408,sps,580.0
401408,kl_beta,1.0
402401,episodic_return,99.58437313061955
402401,episodic_length,1000.0
403402,episodic_return,106.32032920709297
403402,episodic_length,1000.0
403456,value_loss,0.002947776345536113
403456,policy_loss,-0.008884425275027752
403456,approx_kl,0.005904695950448513
403456,clipfrac,0.0755859375
403456,explained_variance,0.9467266984283924
403456,sps,580.0
403456,kl_beta,0.5
404403,episodic_return,93.46289041161084
404403,episodic_length,1000.0
405404,episodic_return,109.43917167473023
405404,episodic_length,1000.0
405504,value_loss,0.0041505019180476665
405504,policy_loss,-0.01081110816448927
405504,approx_kl,0.013674287125468254
405504,clipfrac,0.092333984375
405504,explained_variance,0.9686104618012905
405504,sps,580.0
405504,kl_beta,0.5
406405,episodic_return,92.92539232995937
406405,episodic_length,1000.0
407406,episodic_return,109.84428679835463
407406,episodic_length,1000.0
407552,value_loss,0.021898681297898293
407552,policy_loss,-0.06854108721017838
407552,approx_kl,0.05022616684436798
407552,clipfrac,0.152734375
407552,explained_variance,0.9292311146855354
407552,sps,580.0
407552,kl_beta,1.0
408407,episodic_return,104.11400183406516
408407,episodic_length,1000.0
409408,episodic_return,103.75518906272144
409408,episodic_length,1000.0
409600,value_loss,0.007357259280979633
409600,policy_loss,-0.016001176089048386
409600,approx_kl,0.009483618661761284
409600,clipfrac,0.042138671875
409600,explained_variance,0.9688035659492016
409600,sps,580.0
409600,kl_beta,1.0
410409,episodic_return,109.40328402281156
410409,episodic_length,1000.0
411410,episodic_return,94.85032120489632
411410,episodic_length,1000.0
411648,value_loss,0.024895619601011276
411648,policy_loss,0.02454286254942417
411648,approx_kl,0.007568309083580971
411648,clipfrac,0.07333984375
411648,explained_variance,0.9341625869274139
411648,sps,580.0
411648,kl_beta,1.0
412411,episodic_return,93.32118940316285
412411,episodic_length,1000.0
413412,episodic_return,109.51612958695128
413412,episodic_length,1000.0
413696,value_loss,0.02552594058215618
413696,policy_loss,-0.02076706849038601
413696,approx_kl,0.005906471982598305
413696,clipfrac,0.048681640625
413696,explained_variance,0.9032320752739906
413696,sps,580.0
413696,kl_beta,0.5
414413,episodic_return,101.64844337793846
414413,episodic_length,1000.0
415414,episodic_return,107.99949341073678
415414,episodic_length,1000.0
415744,value_loss,0.0032070190645754337
415744,policy_loss,-0.01437593623995781
415744,approx_kl,0.010037279687821865
415744,clipfrac,0.134912109375
415744,explained_variance,0.957672655582428
415744,sps,580.0
415744,kl_beta,0.5
416415,episodic_return,103.05665477182336
416415,episodic_length,1000.0
417416,episodic_return,106.5570697961404
417416,episodic_length,1000.0
417792,value_loss,0.06834843754768372
417792,policy_loss,0.0019639236852526665
417792,approx_kl,0.011653890833258629
417792,clipfrac,0.100146484375
417792,explained_variance,0.9681370668113232
417792,sps,581.0
417792,kl_beta,0.5
418417,episodic_return,104.61877554585888
418417,episodic_length,1000.0
419418,episodic_return,101.56035773234485
419418,episodic_length,1000.0
419840,value_loss,0.005584034137427807
419840,policy_loss,0.021054673939943314
419840,approx_kl,0.012046081945300102
419840,clipfrac,0.142138671875
419840,explained_variance,0.931788869202137
419840,sps,581.0
419840,kl_beta,0.5
420419,episodic_return,109.48116984027493
420419,episodic_length,1000.0
421420,episodic_return,102.45198926367942
421420,episodic_length,1000.0
421888,value_loss,0.003051072359085083
421888,policy_loss,-0.004623881075531244
421888,approx_kl,0.00866765808314085
421888,clipfrac,0.091650390625
421888,explained_variance,0.966664120554924
421888,sps,581.0
421888,kl_beta,0.5
422421,episodic_return,107.15859979550576
422421,episodic_length,1000.0
423422,episodic_return,105.63960570587312
423422,episodic_length,1000.0
423936,value_loss,0.0009320835233666003
423936,policy_loss,-0.003366800956428051
423936,approx_kl,0.007465297356247902
423936,clipfrac,0.11103515625
423936,explained_variance,0.9700427539646626
423936,sps,581.0
423936,kl_beta,0.5
424423,episodic_return,94.28017307812023
424423,episodic_length,1000.0
425424,episodic_return,106.07191544253158
425424,episodic_length,1000.0
425984,value_loss,0.042282089591026306
425984,policy_loss,-0.056167520582675934
425984,approx_kl,0.05772652104496956
425984,clipfrac,0.17333984375
425984,explained_variance,0.924332320690155
425984,sps,581.0
425984,kl_beta,1.0
426425,episodic_return,90.54707328036227
426425,episodic_length,1000.0
427426,episodic_return,92.69123752984952
427426,episodic_length,1000.0
428032,value_loss,0.03607726842164993
428032,policy_loss,-0.018816795200109482
428032,approx_kl,0.004000737331807613
428032,clipfrac,0.052734375
428032,explained_variance,0.8950581252574921
428032,sps,581.0
428032,kl_beta,0.5
428427,episodic_return,96.30410710438875
428427,episodic_length,1000.0
429428,episodic_return,100.01873222951652
429428,episodic_length,1000.0
430080,value_loss,0.0011227988870814443
430080,policy_loss,-0.019844453781843185
430080,approx_kl,0.015972256660461426
430080,clipfrac,0.16396484375
430080,explained_variance,0.9709069393575191
430080,sps,581.0
430080,kl_beta,1.0
430429,episodic_return,107.07768850233433
430429,episodic_length,1000.0
431430,episodic_return,93.48504436188217
431430,episodic_length,1000.0
432128,value_loss,0.002022326923906803
432128,policy_loss,-0.007236062549054623
432128,approx_kl,0.009435036219656467
432128,clipfrac,0.0525390625
432128,explained_variance,0.9544694423675537
432128,sps,581.0
432128,kl_beta,1.0
432431,episodic_return,101.89617484683892
432431,episodic_length,1000.0
433432,episodic_return,88.98582746155115
433432,episodic_length,1000.0
434176,value_loss,0.0043825265020132065
434176,policy_loss,-0.012875382788479328
434176,approx_kl,0.002874075435101986
434176,clipfrac,0.033642578125
434176,explained_variance,0.9392693415284157
434176,sps,581.0
434176,kl_beta,0.5
434433,episodic_return,100.27215666786635
434433,episodic_length,1000.0
435434,episodic_return,91.58968341372172
435434,episodic_length,1000.0
436224,value_loss,0.010860026814043522
436224,policy_loss,0.01705927960574627
436224,approx_kl,0.014170583337545395
436224,clipfrac,0.09306640625
436224,explained_variance,0.9703268725425005
436224,sps,581.0
436224,kl_beta,0.5
436435,episodic_return,94.67580205276516
436435,episodic_length,1000.0
437436,episodic_return,104.16911165106727
437436,episodic_length,1000.0
438272,value_loss,0.006249421741813421
438272,policy_loss,-0.022176416590809822
438272,approx_kl,0.012063604779541492
438272,clipfrac,0.16552734375
438272,explained_variance,0.9711671303957701
438272,sps,581.0
438272,kl_beta,0.5
438437,episodic_return,100.74735761727196
438437,episodic_length,1000.0
439438,episodic_return,102.34851920444551
439438,episodic_length,1000.0
440320,value_loss,0.028989126905798912
440320,policy_loss,-0.002568695228546858
440320,approx_kl,0.015253120101988316
440320,clipfrac,0.162841796875
440320,explained_variance,0.9322978779673576
440320,sps,581.0
440320,kl_beta,1.0
440439,episodic_return,107.2839646728268
440439,episodic_length,1000.0
441440,episodic_return,99.51392606989793
441440,episodic_length,1000.0
442368,value_loss,0.0010524899698793888
442368,policy_loss,-0.010711059905588627
442368,approx_kl,0.006693015806376934
442368,clipfrac,0.044970703125
442368,explained_variance,0.935775987803936
442368,sps,581.0
442368,kl_beta,1.0
442441,episodic_return,114.44885206992872
442441,episodic_length,1000.0
443442,episodic_return,106.57351374450388
443442,episodic_length,1000.0
444416,value_loss,0.0010349868098273873
444416,policy_loss,0.029826035723090172
444416,approx_kl,0.009903818368911743
444416,clipfrac,0.062451171875
444416,explained_variance,0.968178316950798
444416,sps,581.0
444416,kl_beta,1.0
444443,episodic_return,108.91104901933676
444443,episodic_length,1000.0
445444,episodic_return,97.25027745570193
445444,episodic_length,1000.0
446445,episodic_return,110.46547117148674
446445,episodic_length,1000.0
446464,value_loss,0.01883813738822937
446464,policy_loss,-0.0009534051641821861
446464,approx_kl,0.0033481167629361153
446464,clipfrac,0.05732421875
446464,explained_variance,0.9245495051145554
446464,sps,581.0
446464,kl_beta,0.5
447446,episodic_return,102.36602998152114
447446,episodic_length,1000.0
448447,episodic_return,100.99463832450517
448447,episodic_length,1000.0
448512,value_loss,0.0013473965227603912
448512,policy_loss,0.09044183045625687
448512,approx_kl,0.0414038710296154
448512,clipfrac,0.159375
448512,explained_variance,0.9287147969007492
448512,sps,581.0
448512,kl_beta,1.0
449448,episodic_return,112.13371790493657
449448,episodic_length,1000.0
450449,episodic_return,115.5328314523603
450449,episodic_length,1000.0
450560,value_loss,0.08890899270772934
450560,policy_loss,0.0012911437079310417
450560,approx_kl,0.0049500903114676476
450560,clipfrac,0.065380859375
450560,explained_variance,0.9645650386810303
450560,sps,582.0
450560,kl_beta,0.5
451450,episodic_return,99.45869104894913
451450,episodic_length,1000.0
452451,episodic_return,107.49018516596007
452451,episodic_length,1000.0
452608,value_loss,0.0772782638669014
452608,policy_loss,0.005012959241867065
452608,approx_kl,0.0087972953915596
452608,clipfrac,0.078271484375
452608,explained_variance,0.9419580847024918
452608,sps,581.0
452608,kl_beta,0.5
453452,episodic_return,105.9411687139997
453452,episodic_length,1000.0
454453,episodic_return,106.26835793436085
454453,episodic_length,1000.0
454656,value_loss,0.006049972027540207
454656,policy_loss,0.006723830476403236
454656,approx_kl,0.020816486328840256
454656,clipfrac,0.1076171875
454656,explained_variance,0.9686795026063919
454656,sps,582.0
454656,kl_beta,1.0
455454,episodic_return,97.28552033815633
455454,episodic_length,1000.0
456455,episodic_return,103.2419434349971
456455,episodic_length,1000.0
456704,value_loss,0.027059856802225113
456704,policy_loss,0.011404167860746384
456704,approx_kl,0.039657823741436005
456704,clipfrac,0.045849609375
456704,explained_variance,0.9107158333063126
456704,sps,582.0
456704,kl_beta,2.0
457456,episodic_return,111.67194324621006
457456,episodic_length,1000.0
458457,episodic_return,108.3263088186942
458457,episodic_length,1000.0
458752,value_loss,0.0005897601949982345
458752,policy_loss,-0.016171853989362717
458752,approx_kl,0.004014360718429089
458752,clipfrac,0.021533203125
458752,explained_variance,0.9700896088033915
458752,sps,582.0
458752,kl_beta,1.0
459458,episodic_return,111.73736622522571
459458,episodic_length,1000.0
460459,episodic_return,108.92307517116461
460459,episodic_length,1000.0
460800,value_loss,0.0026073488406836987
460800,policy_loss,-0.0031386446207761765
460800,approx_kl,0.005246685817837715
460800,clipfrac,0.03505859375
460800,explained_variance,0.9711914733052254
460800,sps,582.0
460800,kl_beta,0.5
461460,episodic_return,108.88265296759643
461460,episodic_length,1000.0
462461,episodic_return,110.08334890577335
462461,episodic_length,1000.0
462848,value_loss,0.0053611937910318375
462848,policy_loss,-0.011764471419155598
462848,approx_kl,0.023704906925559044
462848,clipfrac,0.23505859375
462848,explained_variance,0.9719261471182108
462848,sps,582.0
462848,kl_beta,1.0
463462,episodic_return,105.61876506845556
463462,episodic_length,1000.0
464463,episodic_return,102.13530354340514
464463,episodic_length,1000.0
464896,value_loss,0.006232426036149263
464896,policy_loss,0.002037517726421356
464896,approx_kl,0.006139751523733139
464896,clipfrac,0.050341796875
464896,explained_variance,0.9353044852614403
464896,sps,582.0
464896,kl_beta,0.5
465464,episodic_return,112.41311760856199
465464,episodic_length,1000.0
466465,episodic_return,106.89746890812543
466465,episodic_length,1000.0
466944,value_loss,0.011068843305110931
466944,policy_loss,0.004653571173548698
466944,approx_kl,0.013311680406332016
466944,clipfrac,0.104833984375
466944,explained_variance,0.9609830714762211
466944,sps,582.0
466944,kl_beta,0.5
467466,episodic_return,115.67759766259988
467466,episodic_length,1000.0
468467,episodic_return,112.00442641268873
468467,episodic_length,1000.0
468992,value_loss,0.008129971101880074
468992,policy_loss,0.04326362907886505
468992,approx_kl,0.021436698734760284
468992,clipfrac,0.139013671875
468992,explained_variance,0.9564040564000607
468992,sps,582.0
468992,kl_beta,1.0
469468,episodic_return,106.66211684818474
469468,episodic_length,1000.0
470469,episodic_return,114.61734552678809
470469,episodic_length,1000.0
471040,value_loss,0.0029853852465748787
471040,policy_loss,0.029444556683301926
471040,approx_kl,0.004821043461561203
471040,clipfrac,0.03701171875
471040,explained_variance,0.9170887544751167
471040,sps,582.0
471040,kl_beta,0.5
471470,episodic_return,115.02746952520259
471470,episodic_length,1000.0
472471,episodic_return,108.20435458687439
472471,episodic_length,1000.0
473088,value_loss,0.013700531795620918
473088,policy_loss,-0.05163997411727905
473088,approx_kl,0.017809715121984482
473088,clipfrac,0.1609375
473088,explained_variance,0.952480360865593
473088,sps,582.0
473088,kl_beta,1.0
473472,episodic_return,102.74011552697688
473472,episodic_length,1000.0
474473,episodic_return,105.4026658223215
474473,episodic_length,1000.0
475136,value_loss,0.0043855104595422745
475136,policy_loss,-0.0047066789120435715
475136,approx_kl,0.004553681239485741
475136,clipfrac,0.04658203125
475136,explained_variance,0.9062174558639526
475136,sps,582.0
475136,kl_beta,0.5
475474,episodic_return,104.91947926613034
475474,episodic_length,1000.0
476475,episodic_return,98.93042366683414
476475,episodic_length,1000.0
477184,value_loss,0.013524489477276802
477184,policy_loss,0.010219492949545383
477184,approx_kl,0.023924527689814568
477184,clipfrac,0.174267578125
477184,explained_variance,0.8955473378300667
477184,sps,582.0
477184,kl_beta,1.0
477476,episodic_return,111.60364901591218
477476,episodic_length,1000.0
478477,episodic_return,114.86156522161436
478477,episodic_length,1000.0
479232,value_loss,0.003441597567871213
479232,policy_loss,-0.0021821213886141777
479232,approx_kl,0.0033655287697911263
479232,clipfrac,0.049462890625
479232,explained_variance,0.9617708586156368
479232,sps,582.0
479232,kl_beta,0.5
479478,episodic_return,113.94071978501117
479478,episodic_length,1000.0
480479,episodic_return,117.61484879511633
480479,episodic_length,1000.0
481280,value_loss,0.0007794556440785527
481280,policy_loss,-0.02961130626499653
481280,approx_kl,0.01094968244433403
481280,clipfrac,0.123388671875
481280,explained_variance,0.9584245011210442
481280,sps,582.0
481280,kl_beta,0.5
481480,episodic_return,112.16698395800286
481480,episodic_length,1000.0
482481,episodic_return,110.07332282459396
482481,episodic_length,1000.0
483328,value_loss,0.0006293138139881194
483328,policy_loss,-0.01723628118634224
483328,approx_kl,0.014744770713150501
483328,clipfrac,0.1078125
483328,explained_variance,0.9651812613010406
483328,sps,582.0
483328,kl_beta,0.5
483482,episodic_return,107.71710826661293
483482,episodic_length,1000.0
484483,episodic_return,112.66266578124012
484483,episodic_length,1000.0
485376,value_loss,0.006859728135168552
485376,policy_loss,0.03676585853099823
485376,approx_kl,0.018855873495340347
485376,clipfrac,0.116650390625
485376,explained_variance,0.9624684378504753
485376,sps,582.0
485376,kl_beta,1.0
485484,episodic_return,112.61642038879967
485484,episodic_length,1000.0
486485,episodic_return,112.46931940527494
486485,episodic_length,1000.0
487424,value_loss,0.018952084705233574
487424,policy_loss,-0.0034185387194156647
487424,approx_kl,0.004095820710062981
487424,clipfrac,0.037109375
487424,explained_variance,0.9632665365934372
487424,sps,582.0
487424,kl_beta,0.5
487486,episodic_return,109.13200709495743
487486,episodic_length,1000.0
488487,episodic_return,112.03321212108173
488487,episodic_length,1000.0
489472,value_loss,0.0005466185975819826
489472,policy_loss,7.060449570417404e-05
489472,approx_kl,0.006467616185545921
489472,clipfrac,0.064794921875
489472,explained_variance,0.9587345384061337
489472,sps,582.0
489472,kl_beta,0.25
489488,episodic_return,113.6524185641589
489488,episodic_length,1000.0
490489,episodic_return,110.52727015067366
490489,episodic_length,1000.0
491490,episodic_return,112.95661771017777
491490,episodic_length,1000.0
491520,value_loss,0.0076765818521380424
491520,policy_loss,-0.06362905353307724
491520,approx_kl,0.042955368757247925
491520,clipfrac,0.295361328125
491520,explained_variance,0.9476605132222176
491520,sps,582.0
491520,kl_beta,0.5
492491,episodic_return,98.93094242777207
492491,episodic_length,1000.0
493492,episodic_return,114.21464407827975
493492,episodic_length,1000.0
493568,value_loss,0.056570131331682205
493568,policy_loss,-0.01096414402127266
493568,approx_kl,0.023673243820667267
493568,clipfrac,0.10556640625
493568,explained_variance,0.9363055005669594
493568,sps,582.0
493568,kl_beta,1.0
494493,episodic_return,103.96143001545221
494493,episodic_length,1000.0
495494,episodic_return,93.56426253262237
495494,episodic_length,1000.0
495616,value_loss,0.021682221442461014
495616,policy_loss,-0.013726049102842808
495616,approx_kl,0.010914742015302181
495616,clipfrac,0.07001953125
495616,explained_variance,0.9207131043076515
495616,sps,582.0
495616,kl_beta,1.0
496495,episodic_return,100.88538828966216
496495,episodic_length,1000.0
497496,episodic_return,100.34775287726232
497496,episodic_length,1000.0
497664,value_loss,0.0014170807553455234
497664,policy_loss,-0.0010129716247320175
497664,approx_kl,0.005003498867154121
497664,clipfrac,0.03525390625
497664,explained_variance,0.9232293739914894
497664,sps,582.0
497664,kl_beta,0.5
498497,episodic_return,100.41926323594966
498497,episodic_length,1000.0
499498,episodic_return,109.0300191265036
499498,episodic_length,1000.0
499712,value_loss,0.002676021307706833
499712,policy_loss,-0.004516148939728737
499712,approx_kl,0.025678720325231552
499712,clipfrac,0.13564453125
499712,explained_variance,0.9502141177654266
499712,sps,582.0
499712,kl_beta,1.0
500499,episodic_return,92.2574560085383
500499,episodic_length,1000.0
501500,episodic_return,101.6168697228401
501500,episodic_length,1000.0
501760,value_loss,0.060433171689510345
501760,policy_loss,-0.025771034881472588
501760,approx_kl,0.0033713001757860184
501760,clipfrac,0.0431640625
501760,explained_variance,0.8798075094819069
501760,sps,581.0
501760,kl_beta,0.5
502501,episodic_return,100.64374602417129
502501,episodic_length,1000.0
503502,episodic_return,105.41139325326557
503502,episodic_length,1000.0
503808,value_loss,0.015760814771056175
503808,policy_loss,-0.031177755445241928
503808,approx_kl,0.007375879213213921
503808,clipfrac,0.10419921875
503808,explained_variance,0.9283574223518372
503808,sps,581.0
503808,kl_beta,0.5
504503,episodic_return,101.21811440187373
504503,episodic_length,1000.0
505504,episodic_return,95.19672669954473
505504,episodic_length,1000.0
505856,value_loss,0.018942343071103096
505856,policy_loss,-0.02515280991792679
505856,approx_kl,0.027314454317092896
505856,clipfrac,0.184423828125
505856,explained_variance,0.9150510802865028
505856,sps,581.0
505856,kl_beta,1.0
506505,episodic_return,101.29317502465531
506505,episodic_length,1000.0
507506,episodic_return,98.57829900895624
507506,episodic_length,1000.0
507904,value_loss,0.047967080026865005
507904,policy_loss,0.013196608051657677
507904,approx_kl,0.026060832664370537
507904,clipfrac,0.053759765625
507904,explained_variance,0.9333886653184891
507904,sps,581.0
507904,kl_beta,2.0
508507,episodic_return,85.31285765807004
508507,episodic_length,1000.0
509508,episodic_return,105.72129073305832
509508,episodic_length,1000.0
509952,value_loss,0.018395638093352318
509952,policy_loss,0.00031557679176330566
509952,approx_kl,0.004729457199573517
509952,clipfrac,0.010205078125
509952,explained_variance,0.9195763096213341
509952,sps,581.0
509952,kl_beta,1.0
510509,episodic_return,95.65143290244879
510509,episodic_length,1000.0
511510,episodic_return,98.70766900742582
511510,episodic_length,1000.0
512000,value_loss,0.0012197433970868587
512000,policy_loss,-0.026482857763767242
512000,approx_kl,0.007384137250483036
512000,clipfrac,0.056494140625
512000,explained_variance,0.9345672279596329
512000,sps,581.0
512000,kl_beta,1.0
512511,episodic_return,102.82580214094791
512511,episodic_length,1000.0
513512,episodic_return,95.81623685759841
513512,episodic_length,1000.0
514048,value_loss,0.0008224022458307445
514048,policy_loss,0.00016840919852256775
514048,approx_kl,0.0035073645412921906
514048,clipfrac,0.0396484375
514048,explained_variance,0.9510105028748512
514048,sps,581.0
514048,kl_beta,0.5
514513,episodic_return,95.65469276268126
514513,episodic_length,1000.0
515514,episodic_return,103.13762504508941
515514,episodic_length,1000.0
516096,value_loss,0.0041268509812653065
516096,policy_loss,-0.002342809457331896
516096,approx_kl,0.013707182370126247
516096,clipfrac,0.111865234375
516096,explained_variance,0.9547753892838955
516096,sps,581.0
516096,kl_beta,0.5
516515,episodic_return,104.98357922976932
516515,episodic_length,1000.0
517516,episodic_return,95.16257577501366
517516,episodic_length,1000.0
518144,value_loss,0.0008946817251853645
518144,policy_loss,-0.0047190128825604916
518144,approx_kl,0.005363729782402515
518144,clipfrac,0.07236328125
518144,explained_variance,0.9540497995913029
518144,sps,581.0
518144,kl_beta,0.25
518517,episodic_return,107.04682680769854
518517,episodic_length,1000.0
519518,episodic_return,103.89904832184503
519518,episodic_length,1000.0
520192,value_loss,0.0024342983961105347
520192,policy_loss,0.017029426991939545
520192,approx_kl,0.019241340458393097
520192,clipfrac,0.198876953125
520192,explained_variance,0.9562859758734703
520192,sps,582.0
520192,kl_beta,0.5
520519,episodic_return,103.05456330611338
520519,episodic_length,1000.0
521520,episodic_return,95.25958063662519
521520,episodic_length,1000.0
522240,value_loss,0.00027993504772894084
522240,policy_loss,0.004924862179905176
522240,approx_kl,0.009173241443932056
522240,clipfrac,0.11298828125
522240,explained_variance,0.9663088247179985
522240,sps,582.0
522240,kl_beta,0.5
522521,episodic_return,98.4684178421881
522521,episodic_length,1000.0
523522,episodic_return,99.86154018765514
523522,episodic_length,1000.0
524288,value_loss,0.01126340962946415
524288,policy_loss,-0.08115112781524658
524288,approx_kl,0.03636736422777176
524288,clipfrac,0.145263671875
524288,explained_variance,0.8794792369008064
524288,sps,582.0
524288,kl_beta,1.0
524523,episodic_return,98.36047200382095
524523,episodic_length,1000.0
525524,episodic_return,106.00282079294001
525524,episodic_length,1000.0
526336,value_loss,0.0010561016388237476
526336,policy_loss,-0.0045071011409163475
526336,approx_kl,0.008944817818701267
526336,clipfrac,0.048876953125
526336,explained_variance,0.9587750099599361
526336,sps,582.0
526336,kl_beta,1.0
526525,episodic_return,113.22468300344136
526525,episodic_length,1000.0
527526,episodic_return,102.57257932573975
527526,episodic_length,1000.0
528384,value_loss,0.008836561813950539
528384,policy_loss,-0.005081174895167351
528384,approx_kl,0.005402533337473869
528384,clipfrac,0.040625
528384,explained_variance,0.9371320754289627
528384,sps,582.0
528384,kl_beta,0.5
528527,episodic_return,112.73571541619252
528527,episodic_length,1000.0
529528,episodic_return,110.99186621425461
529528,episodic_length,1000.0
530432,value_loss,0.0006006855401210487
530432,policy_loss,-0.02738901600241661
530432,approx_kl,0.009569802321493626
530432,clipfrac,0.070361328125
530432,explained_variance,0.9596633277833462
530432,sps,582.0
530432,kl_beta,0.5
530529,episodic_return,104.7265065350524
530529,episodic_length,1000.0
531530,episodic_return,112.8861099315458
531530,episodic_length,1000.0
532480,value_loss,0.0026268346700817347
532480,policy_loss,-0.0033818897791206837
532480,approx_kl,0.009211345575749874
532480,clipfrac,0.081005859375
532480,explained_variance,0.9184542074799538
532480,sps,582.0
532480,kl_beta,0.5
532531,episodic_return,91.09405438980765
532531,episodic_length,1000.0
533532,episodic_return,107.57590434688032
533532,episodic_length,1000.0
534528,value_loss,0.013337553478777409
534528,policy_loss,-0.09023665636777878
534528,approx_kl,0.024370118975639343
534528,clipfrac,0.092529296875
534528,explained_variance,0.9343743026256561
534528,sps,582.0
534528,kl_beta,1.0
534533,episodic_return,108.13993071024123
534533,episodic_length,1000.0
535534,episodic_return,96.2419405280602
535534,episodic_length,1000.0
536535,episodic_return,104.12877215871615
536535,episodic_length,1000.0
536576,value_loss,0.006908026523888111
536576,policy_loss,-7.008388638496399e-05
536576,approx_kl,0.002408277243375778
536576,clipfrac,0.03203125
536576,explained_variance,0.9189773052930832
536576,sps,582.0
536576,kl_beta,0.5
537536,episodic_return,107.20577078284643
537536,episodic_length,1000.0
538537,episodic_return,97.39058309145962
538537,episodic_length,1000.0
538624,value_loss,0.0007235920056700706
538624,policy_loss,0.005494492128491402
538624,approx_kl,0.04704749956727028
538624,clipfrac,0.149365234375
538624,explained_variance,0.9519573785364628
538624,sps,582.0
538624,kl_beta,1.0
539538,episodic_return,95.09548089045462
539538,episodic_length,1000.0
540539,episodic_return,111.46968757021844
540539,episodic_length,1000.0
540672,value_loss,0.038103215396404266
540672,policy_loss,-0.003690083511173725
540672,approx_kl,0.0034136315807700157
540672,clipfrac,0.027783203125
540672,explained_variance,0.919283889234066
540672,sps,582.0
540672,kl_beta,0.5
541540,episodic_return,109.95536565575652
541540,episodic_length,1000.0
542541,episodic_return,108.02293324710287
542541,episodic_length,1000.0
542720,value_loss,0.0029067101422697306
542720,policy_loss,-0.04483543336391449
542720,approx_kl,0.01623011752963066
542720,clipfrac,0.0716796875
542720,explained_variance,0.9583448767662048
542720,sps,582.0
542720,kl_beta,1.0
543542,episodic_return,106.95139725331309
543542,episodic_length,1000.0
544543,episodic_return,112.07996005264687
544543,episodic_length,1000.0
544768,value_loss,0.0009903263999149203
544768,policy_loss,-0.012937604449689388
544768,approx_kl,0.0029884101822972298
544768,clipfrac,0.020458984375
544768,explained_variance,0.9584938250482082
544768,sps,582.0
544768,kl_beta,0.5
545544,episodic_return,107.09666678251317
545544,episodic_length,1000.0
546545,episodic_return,107.36891551085151
546545,episodic_length,1000.0
546816,value_loss,0.0040783812291920185
546816,policy_loss,-0.004057604819536209
546816,approx_kl,0.008478797972202301
546816,clipfrac,0.061669921875
546816,explained_variance,0.9606535285711288
546816,sps,582.0
546816,kl_beta,0.5
547546,episodic_return,105.11482725178243
547546,episodic_length,1000.0
548547,episodic_return,113.32830673299937
548547,episodic_length,1000.0
548864,value_loss,0.001304660807363689
548864,policy_loss,-0.021418338641524315
548864,approx_kl,0.006410099565982819
548864,clipfrac,0.03681640625
548864,explained_variance,0.9561377204954624
548864,sps,582.0
548864,kl_beta,0.25
549548,episodic_return,106.38694904199126
549548,episodic_length,1000.0
550549,episodic_return,96.214736219659
550549,episodic_length,1000.0
550912,value_loss,0.001501845894381404
550912,policy_loss,-0.05239732563495636
550912,approx_kl,0.038397811353206635
550912,clipfrac,0.212255859375
550912,explained_variance,0.9084912985563278
550912,sps,582.0
550912,kl_beta,0.5
551550,episodic_return,108.14676889774809
551550,episodic_length,1000.0
552551,episodic_return,94.8147427712553
552551,episodic_length,1000.0
552960,value_loss,0.00454691844061017
552960,policy_loss,0.00959398690611124
552960,approx_kl,0.008159803226590157
552960,clipfrac,0.090234375
552960,explained_variance,0.9166156053543091
552960,sps,582.0
552960,kl_beta,0.5
553552,episodic_return,106.62607100965516
553552,episodic_length,1000.0
554553,episodic_return,99.96247835869598
554553,episodic_length,1000.0
555008,value_loss,0.0006356496596708894
555008,policy_loss,-0.05256194248795509
555008,approx_kl,0.02741561084985733
555008,clipfrac,0.1751953125
555008,explained_variance,0.9520530998706818
555008,sps,582.0
555008,kl_beta,1.0
555554,episodic_return,102.35058813744241
555554,episodic_length,1000.0
556555,episodic_return,108.78626702666925
556555,episodic_length,1000.0
557056,value_loss,0.002380327321588993
557056,policy_loss,-0.03169912472367287
557056,approx_kl,0.01385729294270277
557056,clipfrac,0.052587890625
557056,explained_variance,0.9561916589736938
557056,sps,582.0
557056,kl_beta,1.0
557556,episodic_return,106.06298407907632
557556,episodic_length,1000.0
558557,episodic_return,110.29571517809364
558557,episodic_length,1000.0
559104,value_loss,0.014219654724001884
559104,policy_loss,-0.0005393875762820244
559104,approx_kl,0.002284266985952854
559104,clipfrac,0.026708984375
559104,explained_variance,0.9532746784389019
559104,sps,582.0
559104,kl_beta,0.5
559558,episodic_return,96.61927171189421
559558,episodic_length,1000.0
560559,episodic_return,108.23332596395399
560559,episodic_length,1000.0
561152,value_loss,0.012610036879777908
561152,policy_loss,0.0024469811469316483
561152,approx_kl,0.01813138648867607
561152,clipfrac,0.084521484375
561152,explained_variance,0.9315486550331116
561152,sps,582.0
561152,kl_beta,1.0
561560,episodic_return,100.75464416565173
561560,episodic_length,1000.0
562561,episodic_return,95.67451146433798
562561,episodic_length,1000.0
563200,value_loss,0.002986408304423094
563200,policy_loss,0.011471600271761417
563200,approx_kl,0.0030766306445002556
563200,clipfrac,0.03330078125
563200,explained_variance,0.921334907412529
563200,sps,582.0
563200,kl_beta,0.5
563562,episodic_return,96.7405775587959
563562,episodic_length,1000.0
564563,episodic_return,102.07624847580368
564563,episodic_length,1000.0
565248,value_loss,0.0021232760045677423
565248,policy_loss,-0.01678510569036007
565248,approx_kl,0.015740353614091873
565248,clipfrac,0.09814453125
565248,explained_variance,0.9390439502894878
565248,sps,582.0
565248,kl_beta,1.0
565564,episodic_return,95.07786792650494
565564,episodic_length,1000.0
566565,episodic_return,93.50056369360942
566565,episodic_length,1000.0
567296,value_loss,0.011295132339000702
567296,policy_loss,-0.004476452246308327
567296,approx_kl,0.0022341106086969376
567296,clipfrac,0.030908203125
567296,explained_variance,0.8867226615548134
567296,sps,582.0
567296,kl_beta,0.5
567566,episodic_return,103.46905594836618
567566,episodic_length,1000.0
568567,episodic_return,101.83790844211869
568567,episodic_length,1000.0
569344,value_loss,0.0021120277233421803
569344,policy_loss,0.00017544813454151154
569344,approx_kl,0.017265502363443375
569344,clipfrac,0.138037109375
569344,explained_variance,0.9560683257877827
569344,sps,582.0
569344,kl_beta,1.0
569568,episodic_return,106.94851666559961
569568,episodic_length,1000.0
570569,episodic_return,108.02459790388357
570569,episodic_length,1000.0
571392,value_loss,0.005173497833311558
571392,policy_loss,0.003988021984696388
571392,approx_kl,0.0050956252962350845
571392,clipfrac,0.04638671875
571392,explained_variance,0.9467119872570038
571392,sps,582.0
571392,kl_beta,0.5
571570,episodic_return,103.47872804659373
571570,episodic_length,1000.0
572571,episodic_return,104.63029461825217
572571,episodic_length,1000.0
573440,value_loss,0.061697304248809814
573440,policy_loss,0.010235391557216644
573440,approx_kl,0.022770822048187256
573440,clipfrac,0.113720703125
573440,explained_variance,0.9281325563788414
573440,sps,582.0
573440,kl_beta,1.0
573572,episodic_return,97.1719944288061
573572,episodic_length,1000.0
574573,episodic_return,103.37585256621486
574573,episodic_length,1000.0
575488,value_loss,0.012193528935313225
575488,policy_loss,0.00621967576444149
575488,approx_kl,0.0035540442913770676
575488,clipfrac,0.033837890625
575488,explained_variance,0.9445463269948959
575488,sps,582.0
575488,kl_beta,0.5
575574,episodic_return,108.59535384739137
575574,episodic_length,1000.0
576575,episodic_return,107.26902979236381
576575,episodic_length,1000.0
577536,value_loss,0.005322780925780535
577536,policy_loss,0.0015670312568545341
577536,approx_kl,0.006297728046774864
577536,clipfrac,0.053955078125
577536,explained_variance,0.9403172321617603
577536,sps,582.0
577536,kl_beta,0.25
577576,episodic_return,105.01406551289735
577576,episodic_length,1000.0
578577,episodic_return,101.33991157005413
578577,episodic_length,1000.0
579578,episodic_return,106.68016127232329
579578,episodic_length,1000.0
579584,value_loss,0.008015400730073452
579584,policy_loss,-0.00399162108078599
579584,approx_kl,0.01455291174352169
579584,clipfrac,0.125341796875
579584,explained_variance,0.8962556198239326
579584,sps,582.0
579584,kl_beta,0.25
580579,episodic_return,99.02904219896352
580579,episodic_length,1000.0
581580,episodic_return,107.72176095421557
581580,episodic_length,1000.0
581632,value_loss,0.0018021601717919111
581632,policy_loss,-0.03232979401946068
581632,approx_kl,0.029641402885317802
581632,clipfrac,0.153125
581632,explained_variance,0.9263132959604263
581632,sps,582.0
581632,kl_beta,0.5
582581,episodic_return,104.87817318522201
582581,episodic_length,1000.0
583582,episodic_return,103.40545052233442
583582,episodic_length,1000.0
583680,value_loss,0.00580088933929801
583680,policy_loss,0.00017086835578083992
583680,approx_kl,0.007295073010027409
583680,clipfrac,0.10068359375
583680,explained_variance,0.9456884637475014
583680,sps,582.0
583680,kl_beta,0.5
584583,episodic_return,105.7981578431587
584583,episodic_length,1000.0
585584,episodic_return,108.35818237747627
585584,episodic_length,1000.0
585728,value_loss,0.004358844365924597
585728,policy_loss,0.019596215337514877
585728,approx_kl,0.015051178634166718
585728,clipfrac,0.09951171875
585728,explained_variance,0.9483364447951317
585728,sps,581.0
585728,kl_beta,1.0
586585,episodic_return,101.93143238357597
586585,episodic_length,1000.0
587586,episodic_return,93.26377215611517
587586,episodic_length,1000.0
587776,value_loss,0.04795794561505318
587776,policy_loss,-0.0263984277844429
587776,approx_kl,0.003424731083214283
587776,clipfrac,0.02783203125
587776,explained_variance,0.922739565372467
587776,sps,581.0
587776,kl_beta,0.5
588587,episodic_return,103.93400771369807
588587,episodic_length,1000.0
589588,episodic_return,104.26420907006364
589588,episodic_length,1000.0
589824,value_loss,0.003320613643154502
589824,policy_loss,0.010119353421032429
589824,approx_kl,0.012871967628598213
589824,clipfrac,0.100244140625
589824,explained_variance,0.9598716720938683
589824,sps,581.0
589824,kl_beta,0.5
590589,episodic_return,105.27845788550589
590589,episodic_length,1000.0
591590,episodic_return,105.11051195669143
591590,episodic_length,1000.0
591872,value_loss,0.0014756667660549283
591872,policy_loss,-0.008255277760326862
591872,approx_kl,0.0032573994249105453
591872,clipfrac,0.06787109375
591872,explained_variance,0.9395576044917107
591872,sps,581.0
591872,kl_beta,0.25
592591,episodic_return,114.66773111258784
592591,episodic_length,1000.0
593592,episodic_return,106.72278855653177
593592,episodic_length,1000.0
593920,value_loss,0.0044556548818945885
593920,policy_loss,-0.013065522536635399
593920,approx_kl,0.040542714297771454
593920,clipfrac,0.129150390625
593920,explained_variance,0.9446819871664047
593920,sps,581.0
593920,kl_beta,0.5
594593,episodic_return,114.79109203192345
594593,episodic_length,1000.0
595594,episodic_return,111.61505687251244
595594,episodic_length,1000.0
595968,value_loss,0.003767930204048753
595968,policy_loss,-0.01410212367773056
595968,approx_kl,0.015445798635482788
595968,clipfrac,0.148779296875
595968,explained_variance,0.9480638802051544
595968,sps,582.0
595968,kl_beta,1.0
596595,episodic_return,107.43950077281522
596595,episodic_length,1000.0
597596,episodic_return,107.25764544287796
597596,episodic_length,1000.0
598016,value_loss,0.004933393560349941
598016,policy_loss,0.006992317736148834
598016,approx_kl,0.0019763968884944916
598016,clipfrac,0.009716796875
598016,explained_variance,0.9510843679308891
598016,sps,581.0
598016,kl_beta,0.5
598597,episodic_return,96.97751532872748
598597,episodic_length,1000.0
599598,episodic_return,110.72265518605553
599598,episodic_length,1000.0
600064,value_loss,0.03046322986483574
600064,policy_loss,-0.03581061214208603
600064,approx_kl,0.02045794576406479
600064,clipfrac,0.065771484375
600064,explained_variance,0.8973756954073906
600064,sps,581.0
600064,kl_beta,1.0
600599,episodic_return,106.34908592389674
600599,episodic_length,1000.0
601600,episodic_return,106.78414879773689
601600,episodic_length,1000.0
602112,value_loss,0.005798977334052324
602112,policy_loss,0.04694079980254173
602112,approx_kl,0.009668891318142414
602112,clipfrac,0.016015625
602112,explained_variance,0.938823539763689
602112,sps,581.0
602112,kl_beta,1.0
602601,episodic_return,105.00488100163643
602601,episodic_length,1000.0
603602,episodic_return,102.56516344083623
603602,episodic_length,1000.0
604160,value_loss,0.013893898576498032
604160,policy_loss,0.023235417902469635
604160,approx_kl,0.014425583183765411
604160,clipfrac,0.0421875
604160,explained_variance,0.8703605085611343
604160,sps,581.0
604160,kl_beta,1.0
604603,episodic_return,110.47600207090954
604603,episodic_length,1000.0
605604,episodic_return,108.41426270886093
605604,episodic_length,1000.0
606208,value_loss,0.0051191421225667
606208,policy_loss,0.00048650987446308136
606208,approx_kl,0.0015192609280347824
606208,clipfrac,0.03984375
606208,explained_variance,0.9360324516892433
606208,sps,581.0
606208,kl_beta,0.5
606605,episodic_return,110.97862308674327
606605,episodic_length,1000.0
607606,episodic_return,111.3146100179672
607606,episodic_length,1000.0
608256,value_loss,0.0027989172376692295
608256,policy_loss,0.001487397588789463
608256,approx_kl,0.01064355205744505
608256,clipfrac,0.117724609375
608256,explained_variance,0.9471916928887367
608256,sps,581.0
608256,kl_beta,0.5
608607,episodic_return,102.1057064577456
608607,episodic_length,1000.0
609608,episodic_return,101.32420969068004
609608,episodic_length,1000.0
610304,value_loss,0.0031592114828526974
610304,policy_loss,-0.02392321079969406
610304,approx_kl,0.018246814608573914
610304,clipfrac,0.0765625
610304,explained_variance,0.8489261120557785
610304,sps,581.0
610304,kl_beta,1.0
610609,episodic_return,105.0693849708957
610609,episodic_length,1000.0
611610,episodic_return,106.93515474964418
611610,episodic_length,1000.0
612352,value_loss,0.0006905330228619277
612352,policy_loss,-0.016900155693292618
612352,approx_kl,0.005209832452237606
612352,clipfrac,0.018798828125
612352,explained_variance,0.9402977153658867
612352,sps,581.0
612352,kl_beta,0.5
612611,episodic_return,104.94541016687104
612611,episodic_length,1000.0
613612,episodic_return,103.6512693174549
613612,episodic_length,1000.0
614400,value_loss,0.0005477611557580531
614400,policy_loss,-0.020036056637763977
614400,approx_kl,0.02345914952456951
614400,clipfrac,0.110888671875
614400,explained_variance,0.9383655600249767
614400,sps,581.0
614400,kl_beta,1.0
614613,episodic_return,99.74431337109918
614613,episodic_length,1000.0
615614,episodic_return,102.85824633630655
615614,episodic_length,1000.0
616448,value_loss,0.0015519032021984458
616448,policy_loss,-0.01198760885745287
616448,approx_kl,0.007708544842898846
616448,clipfrac,0.03271484375
616448,explained_variance,0.9405937157571316
616448,sps,581.0
616448,kl_beta,1.0
616615,episodic_return,104.16124760430252
616615,episodic_length,1000.0
617616,episodic_return,102.51120237669603
617616,episodic_length,1000.0
618496,value_loss,0.0027450895868241787
618496,policy_loss,0.012564258649945259
618496,approx_kl,0.003214789554476738
618496,clipfrac,0.03125
618496,explained_variance,0.9187513142824173
618496,sps,581.0
618496,kl_beta,0.5
618617,episodic_return,96.04717160805906
618617,episodic_length,1000.0
619618,episodic_return,101.78110962300777
619618,episodic_length,1000.0
620544,value_loss,0.0038347498048096895
620544,policy_loss,0.0007304144091904163
620544,approx_kl,0.008481011725962162
620544,clipfrac,0.04931640625
620544,explained_variance,0.8897829577326775
620544,sps,581.0
620544,kl_beta,0.5
620619,episodic_return,101.30885586172337
620619,episodic_length,1000.0
621620,episodic_return,98.40519604158973
621620,episodic_length,1000.0
622592,value_loss,0.00892928708344698
622592,policy_loss,-0.039286598563194275
622592,approx_kl,0.02630649134516716
622592,clipfrac,0.08505859375
622592,explained_variance,0.9414884895086288
622592,sps,581.0
622592,kl_beta,1.0
622621,episodic_return,94.0386602495271
622621,episodic_length,1000.0
623622,episodic_return,99.22764298664222
623622,episodic_length,1000.0
624623,episodic_return,101.48363746466381
624623,episodic_length,1000.0
624640,value_loss,0.007698799483478069
624640,policy_loss,0.007737685926258564
624640,approx_kl,0.008088958449661732
624640,clipfrac,0.03134765625
624640,explained_variance,0.9177787452936172
624640,sps,581.0
624640,kl_beta,1.0
625624,episodic_return,104.69624445629523
625624,episodic_length,1000.0
626625,episodic_return,108.47995612775117
626625,episodic_length,1000.0
626688,value_loss,0.0016252456698566675
626688,policy_loss,-0.009464578703045845
626688,approx_kl,0.004660716280341148
626688,clipfrac,0.039501953125
626688,explained_variance,0.9428110457956791
626688,sps,581.0
626688,kl_beta,0.5
627626,episodic_return,101.85880726936982
627626,episodic_length,1000.0
628627,episodic_return,107.84698434464364
628627,episodic_length,1000.0
628736,value_loss,0.0005253562121652067
628736,policy_loss,-0.00521003408357501
628736,approx_kl,0.011469409801065922
628736,clipfrac,0.188037109375
628736,explained_variance,0.9378183446824551
628736,sps,581.0
628736,kl_beta,0.5
629628,episodic_return,97.02667562548407
629628,episodic_length,1000.0
630629,episodic_return,103.78888013750799
630629,episodic_length,1000.0
630784,value_loss,0.004932167008519173
630784,policy_loss,-0.000730415340512991
630784,approx_kl,0.005899404175579548
630784,clipfrac,0.049609375
630784,explained_variance,0.9330018386244774
630784,sps,581.0
630784,kl_beta,0.25
631630,episodic_return,107.92366715097008
631630,episodic_length,1000.0
632631,episodic_return,106.8349800764273
632631,episodic_length,1000.0
632832,value_loss,0.0007080542854964733
632832,policy_loss,-0.005798821337521076
632832,approx_kl,0.020556937903165817
632832,clipfrac,0.216748046875
632832,explained_variance,0.9372869953513145
632832,sps,581.0
632832,kl_beta,0.5
633632,episodic_return,103.74950078608728
633632,episodic_length,1000.0
634633,episodic_return,104.34394287242249
634633,episodic_length,1000.0
634880,value_loss,0.002080398378893733
634880,policy_loss,0.002013618126511574
634880,approx_kl,0.009484011679887772
634880,clipfrac,0.07421875
634880,explained_variance,0.9384250566363335
634880,sps,581.0
634880,kl_beta,0.5
635634,episodic_return,99.65026826669772
635634,episodic_length,1000.0
636635,episodic_return,102.67471963656338
636635,episodic_length,1000.0
636928,value_loss,0.0035891826264560223
636928,policy_loss,0.005361446179449558
636928,approx_kl,0.008491547778248787
636928,clipfrac,0.094384765625
636928,explained_variance,0.9374294057488441
636928,sps,581.0
636928,kl_beta,0.5
637636,episodic_return,109.67899423204595
637636,episodic_length,1000.0
638637,episodic_return,95.50023341931349
638637,episodic_length,1000.0
638976,value_loss,0.003916420042514801
638976,policy_loss,-0.019340885803103447
638976,approx_kl,0.017008934170007706
638976,clipfrac,0.06923828125
638976,explained_variance,0.9363257214426994
638976,sps,581.0
638976,kl_beta,1.0
639638,episodic_return,103.27355049082462
639638,episodic_length,1000.0
640639,episodic_return,101.72292001589159
640639,episodic_length,1000.0
641024,value_loss,0.003910808824002743
641024,policy_loss,0.03446247801184654
641024,approx_kl,0.00750669464468956
641024,clipfrac,0.03896484375
641024,explained_variance,0.9336364269256592
641024,sps,581.0
641024,kl_beta,1.0
641640,episodic_return,103.95515955093704
641640,episodic_length,1000.0
642641,episodic_return,98.98160967193682
642641,episodic_length,1000.0
643072,value_loss,0.001340600778348744
643072,policy_loss,0.013459636829793453
643072,approx_kl,0.0046454137191176414
643072,clipfrac,0.01962890625
643072,explained_variance,0.9429793618619442
643072,sps,581.0
643072,kl_beta,0.5
643642,episodic_return,104.02305082439831
643642,episodic_length,1000.0
644643,episodic_return,98.47921921608645
644643,episodic_length,1000.0
645120,value_loss,0.08986040204763412
645120,policy_loss,-0.02388118952512741
645120,approx_kl,0.010243617929518223
645120,clipfrac,0.0953125
645120,explained_variance,0.9076953679323196
645120,sps,581.0
645120,kl_beta,0.5
645644,episodic_return,101.14955180631314
645644,episodic_length,1000.0
646645,episodic_return,104.40846704097194
646645,episodic_length,1000.0
647168,value_loss,0.0005401224480010569
647168,policy_loss,-0.005905837751924992
647168,approx_kl,0.011375067755579948
647168,clipfrac,0.108349609375
647168,explained_variance,0.9208399653434753
647168,sps,581.0
647168,kl_beta,0.5
647646,episodic_return,97.00465051318768
647646,episodic_length,1000.0
648647,episodic_return,106.8115727881442
648647,episodic_length,1000.0
649216,value_loss,0.0007752877427265048
649216,policy_loss,-0.012270089238882065
649216,approx_kl,0.0068712010979652405
649216,clipfrac,0.047900390625
649216,explained_variance,0.9387040585279465
649216,sps,582.0
649216,kl_beta,0.5
649648,episodic_return,102.04487951756434
649648,episodic_length,1000.0
650649,episodic_return,91.57027178243099
650649,episodic_length,1000.0
651264,value_loss,0.008855395019054413
651264,policy_loss,-0.001588357612490654
651264,approx_kl,0.002914372831583023
651264,clipfrac,0.032763671875
651264,explained_variance,0.8837407156825066
651264,sps,582.0
651264,kl_beta,0.25
651650,episodic_return,107.03714282658471
651650,episodic_length,1000.0
652651,episodic_return,105.71846747219126
652651,episodic_length,1000.0
653312,value_loss,0.011831470765173435
653312,policy_loss,0.024818960577249527
653312,approx_kl,0.024533644318580627
653312,clipfrac,0.20146484375
653312,explained_variance,0.939665462821722
653312,sps,582.0
653312,kl_beta,0.5
653652,episodic_return,99.7818287189164
653652,episodic_length,1000.0
654653,episodic_return,98.89830452042297
654653,episodic_length,1000.0
655360,value_loss,0.004566899500787258
655360,policy_loss,-0.014903920702636242
655360,approx_kl,0.017359325662255287
655360,clipfrac,0.119580078125
655360,explained_variance,0.9421511590480804
655360,sps,582.0
655360,kl_beta,1.0
655654,episodic_return,100.915489829268
655654,episodic_length,1000.0
656655,episodic_return,103.94852071566045
656655,episodic_length,1000.0
657408,value_loss,0.07406723499298096
657408,policy_loss,-0.008496015332639217
657408,approx_kl,0.002693423070013523
657408,clipfrac,0.008544921875
657408,explained_variance,0.9404521062970161
657408,sps,582.0
657408,kl_beta,0.5
657656,episodic_return,102.33269141741637
657656,episodic_length,1000.0
658657,episodic_return,102.91786491023005
658657,episodic_length,1000.0
659456,value_loss,0.00759121123701334
659456,policy_loss,-0.05787130817770958
659456,approx_kl,0.03044416755437851
659456,clipfrac,0.19404296875
659456,explained_variance,0.9324352443218231
659456,sps,582.0
659456,kl_beta,1.0
659658,episodic_return,103.15097897401716
659658,episodic_length,1000.0
660659,episodic_return,99.55979372673121
660659,episodic_length,1000.0
661504,value_loss,0.07963642477989197
661504,policy_loss,0.009904970414936543
661504,approx_kl,0.0023409323766827583
661504,clipfrac,0.012255859375
661504,explained_variance,0.9314473867416382
661504,sps,582.0
661504,kl_beta,0.5
661660,episodic_return,106.40852514420175
661660,episodic_length,1000.0
662661,episodic_return,101.22289201326981
662661,episodic_length,1000.0
663552,value_loss,0.002356770681217313
663552,policy_loss,-0.018846450373530388
663552,approx_kl,0.005060072988271713
663552,clipfrac,0.05615234375
663552,explained_variance,0.9400573670864105
663552,sps,582.0
663552,kl_beta,0.25
663662,episodic_return,109.92587787715358
663662,episodic_length,1000.0
664663,episodic_return,103.61172647144991
664663,episodic_length,1000.0
665600,value_loss,0.0720067247748375
665600,policy_loss,0.013205723837018013
665600,approx_kl,0.056939639151096344
665600,clipfrac,0.226318359375
665600,explained_variance,0.9191780835390091
665600,sps,582.0
665600,kl_beta,0.5
665664,episodic_return,102.66621749355495
665664,episodic_length,1000.0
666665,episodic_return,96.48394598475505
666665,episodic_length,1000.0
667648,value_loss,0.0014843324897810817
667648,policy_loss,-0.035361483693122864
667648,approx_kl,0.013637064956128597
667648,clipfrac,0.079931640625
667648,explained_variance,0.9169143363833427
667648,sps,582.0
667648,kl_beta,0.5
667666,episodic_return,91.41923050309137
667666,episodic_length,1000.0
668667,episodic_return,99.07054781376566
668667,episodic_length,1000.0
669668,episodic_return,104.51167760096416
669668,episodic_length,1000.0
669696,value_loss,0.005795551463961601
669696,policy_loss,-0.027215994894504547
669696,approx_kl,0.006239784881472588
669696,clipfrac,0.086083984375
669696,explained_variance,0.8710037916898727
669696,sps,582.0
669696,kl_beta,0.25
670669,episodic_return,103.98324274720505
670669,episodic_length,1000.0
671670,episodic_return,95.64888451439876
671670,episodic_length,1000.0
671744,value_loss,0.004120725207030773
671744,policy_loss,-0.016223860904574394
671744,approx_kl,0.06003514677286148
671744,clipfrac,0.137646484375
671744,explained_variance,0.9163258001208305
671744,sps,582.0
671744,kl_beta,0.5
672671,episodic_return,104.66258276463643
672671,episodic_length,1000.0
673672,episodic_return,106.3590926855956
673672,episodic_length,1000.0
673792,value_loss,0.010534307919442654
673792,policy_loss,0.008412305265665054
673792,approx_kl,0.01320462767034769
673792,clipfrac,0.08515625
673792,explained_variance,0.9237279966473579
673792,sps,582.0
673792,kl_beta,0.5
674673,episodic_return,107.92553671419687
674673,episodic_length,1000.0
675674,episodic_return,104.45904243667043
675674,episodic_length,1000.0
675840,value_loss,0.06711778044700623
675840,policy_loss,0.0018990859389305115
675840,approx_kl,0.017917480319738388
675840,clipfrac,0.068505859375
675840,explained_variance,0.9271915629506111
675840,sps,582.0
675840,kl_beta,1.0
676675,episodic_return,103.35735751194345
676675,episodic_length,1000.0
677676,episodic_return,97.83534130779341
677676,episodic_length,1000.0
677888,value_loss,0.019133247435092926
677888,policy_loss,-0.020875342190265656
677888,approx_kl,0.002902356907725334
677888,clipfrac,0.020703125
677888,explained_variance,0.881271667778492
677888,sps,582.0
677888,kl_beta,0.5
678677,episodic_return,104.17543988242983
678677,episodic_length,1000.0
679678,episodic_return,107.14703350890888
679678,episodic_length,1000.0
679936,value_loss,0.0008775546448305249
679936,policy_loss,0.011147718876600266
679936,approx_kl,0.01115324255079031
679936,clipfrac,0.123046875
679936,explained_variance,0.9309387281537056
679936,sps,582.0
679936,kl_beta,0.5
680679,episodic_return,103.52836540137281
680679,episodic_length,1000.0
681680,episodic_return,100.10314807073038
681680,episodic_length,1000.0
681984,value_loss,0.004568761680275202
681984,policy_loss,-0.021108347922563553
681984,approx_kl,0.005026699975132942
681984,clipfrac,0.04287109375
681984,explained_variance,0.9309263154864311
681984,sps,582.0
681984,kl_beta,0.25
682681,episodic_return,103.94099712606003
682681,episodic_length,1000.0
683682,episodic_return,98.6401589551402
683682,episodic_length,1000.0
684032,value_loss,0.0011963617289438844
684032,policy_loss,-0.005295177921652794
684032,approx_kl,0.011846640147268772
684032,clipfrac,0.101123046875
684032,explained_variance,0.9027155414223671
684032,sps,582.0
684032,kl_beta,0.25
684683,episodic_return,107.81499516168161
684683,episodic_length,1000.0
685684,episodic_return,102.54518931285268
685684,episodic_length,1000.0
686080,value_loss,0.06286151707172394
686080,policy_loss,-0.019479645416140556
686080,approx_kl,0.057658351957798004
686080,clipfrac,0.1814453125
686080,explained_variance,0.9221738204360008
686080,sps,582.0
686080,kl_beta,0.5
686685,episodic_return,109.99784433423918
686685,episodic_length,1000.0
687686,episodic_return,108.55446091138839
687686,episodic_length,1000.0
688128,value_loss,0.0044485777616500854
688128,policy_loss,-0.03258127719163895
688128,approx_kl,0.011202777735888958
688128,clipfrac,0.08974609375
688128,explained_variance,0.9332865849137306
688128,sps,582.0
688128,kl_beta,0.5
688687,episodic_return,111.96144617314343
688687,episodic_length,1000.0
689688,episodic_return,100.92505715044634
689688,episodic_length,1000.0
690176,value_loss,0.0008764358353801072
690176,policy_loss,-0.003566935658454895
690176,approx_kl,0.00493062287569046
690176,clipfrac,0.043212890625
690176,explained_variance,0.9364449754357338
690176,sps,582.0
690176,kl_beta,0.25
690689,episodic_return,100.9486722417403
690689,episodic_length,1000.0
691690,episodic_return,110.13825636077156
691690,episodic_length,1000.0
692224,value_loss,0.0044461628422141075
692224,policy_loss,-0.05349038541316986
692224,approx_kl,0.03938588872551918
692224,clipfrac,0.141943359375
692224,explained_variance,0.8971594125032425
692224,sps,582.0
692224,kl_beta,0.5
692691,episodic_return,111.1642696141531
692691,episodic_length,1000.0
693692,episodic_return,93.26993103838572
693692,episodic_length,1000.0
694272,value_loss,0.04664110392332077
694272,policy_loss,-0.004928967449814081
694272,approx_kl,0.003307702951133251
694272,clipfrac,0.0486328125
694272,explained_variance,0.8987648487091064
694272,sps,582.0
694272,kl_beta,0.25
694693,episodic_return,110.3575038265793
694693,episodic_length,1000.0
695694,episodic_return,102.38831855386819
695694,episodic_length,1000.0
696320,value_loss,0.0026346417143940926
696320,policy_loss,0.019514020532369614
696320,approx_kl,0.04454140365123749
696320,clipfrac,0.078564453125
696320,explained_variance,0.9086800068616867
696320,sps,582.0
696320,kl_beta,0.5
696695,episodic_return,101.25000303793719
696695,episodic_length,1000.0
697696,episodic_return,108.64524315037316
697696,episodic_length,1000.0
698368,value_loss,0.007857047021389008
698368,policy_loss,-0.014022588729858398
698368,approx_kl,0.013542518019676208
698368,clipfrac,0.0515625
698368,explained_variance,0.9129889756441116
698368,sps,582.0
698368,kl_beta,0.5
698697,episodic_return,107.67771596222035
698697,episodic_length,1000.0
699698,episodic_return,104.92726119126391
699698,episodic_length,1000.0
700416,value_loss,0.005696240812540054
700416,policy_loss,-0.023612719029188156
700416,approx_kl,0.012424325570464134
700416,clipfrac,0.113916015625
700416,explained_variance,0.9272084906697273
700416,sps,583.0
700416,kl_beta,0.5
700699,episodic_return,101.04915708246897
700699,episodic_length,1000.0
701700,episodic_return,105.07770553025301
701700,episodic_length,1000.0
702464,value_loss,0.07063955813646317
702464,policy_loss,0.005013968329876661
702464,approx_kl,0.003355718217790127
702464,clipfrac,0.013037109375
702464,explained_variance,0.9169787093997002
702464,sps,583.0
702464,kl_beta,0.25
702701,episodic_return,105.87196158470164
702701,episodic_length,1000.0
703702,episodic_return,102.84789104651067
703702,episodic_length,1000.0
704512,value_loss,0.0003341668052598834
704512,policy_loss,-3.249291330575943e-05
704512,approx_kl,0.008113082498311996
704512,clipfrac,0.045849609375
704512,explained_variance,0.9274473637342453
704512,sps,583.0
704512,kl_beta,0.25
704703,episodic_return,101.46044182983258
704703,episodic_length,1000.0
705704,episodic_return,96.57077324835836
705704,episodic_length,1000.0
706560,value_loss,0.07888615876436234
706560,policy_loss,-0.08183728158473969
706560,approx_kl,0.11368942260742188
706560,clipfrac,0.151904296875
706560,explained_variance,0.8280447870492935
706560,sps,583.0
706560,kl_beta,0.5
706705,episodic_return,108.09576294883085
706705,episodic_length,1000.0
707706,episodic_return,97.38785564232568
707706,episodic_length,1000.0
708608,value_loss,0.001262014964595437
708608,policy_loss,-0.020808067172765732
708608,approx_kl,0.010198848322033882
708608,clipfrac,0.10234375
708608,explained_variance,0.9445364959537983
708608,sps,583.0
708608,kl_beta,0.5
708707,episodic_return,107.49680613208498
708707,episodic_length,1000.0
709708,episodic_return,100.0980130532899
709708,episodic_length,1000.0
710656,value_loss,0.005255317781120539
710656,policy_loss,-0.014293398708105087
710656,approx_kl,0.010679862461984158
710656,clipfrac,0.06298828125
710656,explained_variance,0.9361944198608398
710656,sps,583.0
710656,kl_beta,0.5
710709,episodic_return,100.75885463507136
710709,episodic_length,1000.0
711710,episodic_return,110.66383305795733
711710,episodic_length,1000.0
712704,value_loss,0.02029908262193203
712704,policy_loss,-0.09627345204353333
712704,approx_kl,0.02905886247754097
712704,clipfrac,0.1037109375
712704,explained_variance,0.9254870489239693
712704,sps,583.0
712704,kl_beta,1.0
712711,episodic_return,96.81566715231588
712711,episodic_length,1000.0
713712,episodic_return,101.93522186996654
713712,episodic_length,1000.0
714713,episodic_return,101.28672724787585
714713,episodic_length,1000.0
714752,value_loss,0.018249280750751495
714752,policy_loss,0.010942811146378517
714752,approx_kl,0.002227434888482094
714752,clipfrac,0.01201171875
714752,explained_variance,0.8768803030252457
714752,sps,583.0
714752,kl_beta,0.5
715714,episodic_return,105.79658204464431
715714,episodic_length,1000.0
716715,episodic_return,108.84629419460342
716715,episodic_length,1000.0
716800,value_loss,0.005016637966036797
716800,policy_loss,0.003924562595784664
716800,approx_kl,0.004812752828001976
716800,clipfrac,0.01875
716800,explained_variance,0.9329213872551918
716800,sps,582.0
716800,kl_beta,0.25
717716,episodic_return,102.69661347537145
717716,episodic_length,1000.0
718717,episodic_return,107.99289669300279
718717,episodic_length,1000.0
718848,value_loss,0.004819698166102171
718848,policy_loss,0.022617680951952934
718848,approx_kl,0.027206532657146454
718848,clipfrac,0.13154296875
718848,explained_variance,0.9221751615405083
718848,sps,583.0
718848,kl_beta,0.5
719718,episodic_return,104.83376684565245
719718,episodic_length,1000.0
720719,episodic_return,107.25544183016127
720719,episodic_length,1000.0
720896,value_loss,0.010308753699064255
720896,policy_loss,-0.007227064110338688
720896,approx_kl,0.00548599474132061
720896,clipfrac,0.021875
720896,explained_variance,0.9289186298847198
720896,sps,583.0
720896,kl_beta,0.25
721720,episodic_return,99.81018527293053
721720,episodic_length,1000.0
722721,episodic_return,95.35828772833722
722721,episodic_length,1000.0
722944,value_loss,0.019511369988322258
722944,policy_loss,-0.008618170395493507
722944,approx_kl,0.09043244272470474
722944,clipfrac,0.2130859375
722944,explained_variance,0.8849262967705727
722944,sps,583.0
722944,kl_beta,0.5
723722,episodic_return,101.94136381911349
723722,episodic_length,1000.0
724723,episodic_return,98.39769124731389
724723,episodic_length,1000.0
724992,value_loss,0.008649135008454323
724992,policy_loss,0.00469459593296051
724992,approx_kl,0.006831027567386627
724992,clipfrac,0.070556640625
724992,explained_variance,0.9166284129023552
724992,sps,583.0
724992,kl_beta,0.5
725724,episodic_return,97.7348734212442
725724,episodic_length,1000.0
726725,episodic_return,94.60802330800585
726725,episodic_length,1000.0
727040,value_loss,0.008569193072617054
727040,policy_loss,0.004701592028141022
727040,approx_kl,0.06969016790390015
727040,clipfrac,0.115771484375
727040,explained_variance,0.8810496851801872
727040,sps,583.0
727040,kl_beta,1.0
727726,episodic_return,98.51709824263591
727726,episodic_length,1000.0
728727,episodic_return,99.65823911565047
728727,episodic_length,1000.0
729088,value_loss,0.04094219580292702
729088,policy_loss,0.013971183449029922
729088,approx_kl,0.004390522837638855
729088,clipfrac,0.021142578125
729088,explained_variance,0.9015407040715218
729088,sps,583.0
729088,kl_beta,0.5
729728,episodic_return,106.85418348802762
729728,episodic_length,1000.0
730729,episodic_return,100.57111571155163
730729,episodic_length,1000.0
731136,value_loss,0.0007969984435476363
731136,policy_loss,-0.004520602989941835
731136,approx_kl,0.005932687781751156
731136,clipfrac,0.054150390625
731136,explained_variance,0.906933069229126
731136,sps,583.0
731136,kl_beta,0.25
731730,episodic_return,96.41874731487417
731730,episodic_length,1000.0
732731,episodic_return,103.50180143905861
732731,episodic_length,1000.0
733184,value_loss,0.05203026533126831
733184,policy_loss,0.0063544027507305145
733184,approx_kl,0.0744437575340271
733184,clipfrac,0.22734375
733184,explained_variance,0.9078186824917793
733184,sps,583.0
733184,kl_beta,0.5
733732,episodic_return,105.54466866070574
733732,episodic_length,1000.0
734733,episodic_return,102.21687161011445
734733,episodic_length,1000.0
735232,value_loss,0.016396939754486084
735232,policy_loss,-0.008737221360206604
735232,approx_kl,0.007415197789669037
735232,clipfrac,0.052783203125
735232,explained_variance,0.9359052330255508
735232,sps,583.0
735232,kl_beta,0.5
735734,episodic_return,98.19384807502514
735734,episodic_length,1000.0
736735,episodic_return,106.56606540304821
736735,episodic_length,1000.0
737280,value_loss,0.0014348290860652924
737280,policy_loss,0.008990757167339325
737280,approx_kl,0.012126720510423183
737280,clipfrac,0.05087890625
737280,explained_variance,0.9079340323805809
737280,sps,583.0
737280,kl_beta,0.5
737736,episodic_return,108.9128005961144
737736,episodic_length,1000.0
738737,episodic_return,109.85755554875996
738737,episodic_length,1000.0
739328,value_loss,0.08155762404203415
739328,policy_loss,-0.027017001062631607
739328,approx_kl,0.006538474932312965
739328,clipfrac,0.05048828125
739328,explained_variance,0.9290949106216431
739328,sps,583.0
739328,kl_beta,0.25
739738,episodic_return,110.76715370328387
739738,episodic_length,1000.0
740739,episodic_return,106.641517781474
740739,episodic_length,1000.0
741376,value_loss,0.0015697609633207321
741376,policy_loss,0.031060736626386642
741376,approx_kl,0.03831164538860321
741376,clipfrac,0.27109375
741376,explained_variance,0.9277796000242233
741376,sps,583.0
741376,kl_beta,0.5
741740,episodic_return,109.2538954512125
741740,episodic_length,1000.0
742741,episodic_return,109.94693445504743
742741,episodic_length,1000.0
743424,value_loss,0.0017349786357954144
743424,policy_loss,-0.00726123433560133
743424,approx_kl,0.008399153128266335
743424,clipfrac,0.141455078125
743424,explained_variance,0.9156025424599648
743424,sps,583.0
743424,kl_beta,0.5
743742,episodic_return,110.2739151133181
743742,episodic_length,1000.0
744743,episodic_return,114.37165100763953
744743,episodic_length,1000.0
745472,value_loss,0.012642200104892254
745472,policy_loss,-0.00022768601775169373
745472,approx_kl,0.016123883426189423
745472,clipfrac,0.075634765625
745472,explained_variance,0.9243622422218323
745472,sps,583.0
745472,kl_beta,1.0
745744,episodic_return,105.28213094155389
745744,episodic_length,1000.0
746745,episodic_return,108.43084657114169
746745,episodic_length,1000.0
747520,value_loss,0.0017856566701084375
747520,policy_loss,-0.012971478514373302
747520,approx_kl,0.003937133587896824
747520,clipfrac,0.01328125
747520,explained_variance,0.9358381181955338
747520,sps,583.0
747520,kl_beta,0.5
747746,episodic_return,110.12076600274715
747746,episodic_length,1000.0
748747,episodic_return,111.52930314307555
748747,episodic_length,1000.0
749568,value_loss,0.007907062768936157
749568,policy_loss,-0.008213555440306664
749568,approx_kl,0.006100577302277088
749568,clipfrac,0.06826171875
749568,explained_variance,0.9357182830572128
749568,sps,583.0
749568,kl_beta,0.25
749748,episodic_return,111.09900707641499
749748,episodic_length,1000.0
750749,episodic_return,113.586932104837
750749,episodic_length,1000.0
751616,value_loss,0.004297311883419752
751616,policy_loss,-0.025292571634054184
751616,approx_kl,0.025541704148054123
751616,clipfrac,0.096826171875
751616,explained_variance,0.9227299094200134
751616,sps,583.0
751616,kl_beta,0.5
751750,episodic_return,109.02786346466435
751750,episodic_length,1000.0
752751,episodic_return,103.9680906983539
752751,episodic_length,1000.0
753664,value_loss,0.011095752939581871
753664,policy_loss,-0.04512586444616318
753664,approx_kl,0.021062511950731277
753664,clipfrac,0.068505859375
753664,explained_variance,0.9264127910137177
753664,sps,583.0
753664,kl_beta,1.0
753752,episodic_return,97.8717108446833
753752,episodic_length,1000.0
754753,episodic_return,108.04225892424026
754753,episodic_length,1000.0
755712,value_loss,0.0024534622207283974
755712,policy_loss,-0.0038840221241116524
755712,approx_kl,0.0014816736802458763
755712,clipfrac,0.0125
755712,explained_variance,0.8851666003465652
755712,sps,583.0
755712,kl_beta,0.5
755754,episodic_return,106.4684664610025
755754,episodic_length,1000.0
756755,episodic_return,105.32957820370615
756755,episodic_length,1000.0
757756,episodic_return,101.74211161832508
757756,episodic_length,1000.0
757760,value_loss,0.0017688809894025326
757760,policy_loss,-0.0011785803362727165
757760,approx_kl,0.007552990689873695
757760,clipfrac,0.047607421875
757760,explained_variance,0.876557432115078
757760,sps,583.0
757760,kl_beta,0.5
758757,episodic_return,103.51020511163333
758757,episodic_length,1000.0
759758,episodic_return,97.88350989102204
759758,episodic_length,1000.0
759808,value_loss,0.005468463525176048
759808,policy_loss,-0.03171652927994728
759808,approx_kl,0.008032792247831821
759808,clipfrac,0.06337890625
759808,explained_variance,0.933757446706295
759808,sps,583.0
759808,kl_beta,0.5
760759,episodic_return,103.04923901136009
760759,episodic_length,1000.0
761760,episodic_return,102.82816925343334
761760,episodic_length,1000.0
761856,value_loss,0.007511243689805269
761856,policy_loss,0.006458831485360861
761856,approx_kl,0.0071266693994402885
761856,clipfrac,0.082568359375
761856,explained_variance,0.9325761869549751
761856,sps,583.0
761856,kl_beta,0.5
762761,episodic_return,99.76113850062184
762761,episodic_length,1000.0
763762,episodic_return,94.17038770079174
763762,episodic_length,1000.0
763904,value_loss,0.03678353130817413
763904,policy_loss,0.027245894074440002
763904,approx_kl,0.008643918670713902
763904,clipfrac,0.08037109375
763904,explained_variance,0.9086278825998306
763904,sps,583.0
763904,kl_beta,0.5
764763,episodic_return,102.40138952739056
764763,episodic_length,1000.0
765764,episodic_return,106.69741306073293
765764,episodic_length,1000.0
765952,value_loss,0.0041163647547364235
765952,policy_loss,-0.001191436778753996
765952,approx_kl,0.006267705000936985
765952,clipfrac,0.06689453125
765952,explained_variance,0.9284819066524506
765952,sps,583.0
765952,kl_beta,0.25
766765,episodic_return,96.28640868245434
766765,episodic_length,1000.0
767766,episodic_return,105.54685110072224
767766,episodic_length,1000.0
768000,value_loss,0.000321805477142334
768000,policy_loss,-0.021955378353595734
768000,approx_kl,0.010259448550641537
768000,clipfrac,0.05927734375
768000,explained_variance,0.9176950007677078
768000,sps,583.0
768000,kl_beta,0.25
768767,episodic_return,102.11584423162137
768767,episodic_length,1000.0
769768,episodic_return,100.92839265879218
769768,episodic_length,1000.0
770048,value_loss,0.008287608623504639
770048,policy_loss,-0.01228327676653862
770048,approx_kl,0.021259784698486328
770048,clipfrac,0.203515625
770048,explained_variance,0.888903982937336
770048,sps,583.0
770048,kl_beta,0.5
770769,episodic_return,104.84747075754258
770769,episodic_length,1000.0
771770,episodic_return,98.02352295172801
771770,episodic_length,1000.0
772096,value_loss,0.016351992264389992
772096,policy_loss,-0.031300753355026245
772096,approx_kl,0.012398005463182926
772096,clipfrac,0.0806640625
772096,explained_variance,0.8905491530895233
772096,sps,583.0
772096,kl_beta,0.5
772771,episodic_return,102.93870766605477
772771,episodic_length,1000.0
773772,episodic_return,105.01184384945367
773772,episodic_length,1000.0
774144,value_loss,0.016777563840150833
774144,policy_loss,-0.008376946672797203
774144,approx_kl,0.003886111080646515
774144,clipfrac,0.0212890625
774144,explained_variance,0.9176714941859245
774144,sps,583.0
774144,kl_beta,0.25
774773,episodic_return,104.05877969484416
774773,episodic_length,1000.0
775774,episodic_return,100.15602162422441
775774,episodic_length,1000.0
776192,value_loss,0.0005903714336454868
776192,policy_loss,-0.00968670379370451
776192,approx_kl,0.015844542533159256
776192,clipfrac,0.071337890625
776192,explained_variance,0.9263391718268394
776192,sps,584.0
776192,kl_beta,0.5
776775,episodic_return,98.90382009727723
776775,episodic_length,1000.0
777776,episodic_return,94.14766480178707
777776,episodic_length,1000.0
778240,value_loss,0.021955400705337524
778240,policy_loss,-0.009164027869701385
778240,approx_kl,0.014300852082669735
778240,clipfrac,0.07021484375
778240,explained_variance,0.8926245495676994
778240,sps,584.0
778240,kl_beta,0.5
778777,episodic_return,106.62533739840148
778777,episodic_length,1000.0
779778,episodic_return,107.35573985545217
779778,episodic_length,1000.0
780288,value_loss,0.0050847409293055534
780288,policy_loss,-0.007601724937558174
780288,approx_kl,0.013797659426927567
780288,clipfrac,0.096533203125
780288,explained_variance,0.92866350710392
780288,sps,584.0
780288,kl_beta,0.5
780779,episodic_return,102.27234437264362
780779,episodic_length,1000.0
781780,episodic_return,103.11705407029936
781780,episodic_length,1000.0
782336,value_loss,0.004729327745735645
782336,policy_loss,-0.03456489369273186
782336,approx_kl,0.003102203831076622
782336,clipfrac,0.0349609375
782336,explained_variance,0.8994743227958679
782336,sps,584.0
782336,kl_beta,0.25
782781,episodic_return,95.40619415938562
782781,episodic_length,1000.0
783782,episodic_return,96.48292084341193
783782,episodic_length,1000.0
784384,value_loss,0.04764986038208008
784384,policy_loss,0.004489090293645859
784384,approx_kl,0.006812973879277706
784384,clipfrac,0.0345703125
784384,explained_variance,0.8700095415115356
784384,sps,584.0
784384,kl_beta,0.25
784783,episodic_return,104.85201447514804
784783,episodic_length,1000.0
785784,episodic_return,103.67283251433346
785784,episodic_length,1000.0
786432,value_loss,0.0005209631053730845
786432,policy_loss,-0.03998459130525589
786432,approx_kl,0.013613991439342499
786432,clipfrac,0.126025390625
786432,explained_variance,0.9315820932388306
786432,sps,584.0
786432,kl_beta,0.25
786785,episodic_return,106.58691940662865
786785,episodic_length,1000.0
787786,episodic_return,105.34445804877564
787786,episodic_length,1000.0
788480,value_loss,0.0031283171847462654
788480,policy_loss,-0.04967271536588669
788480,approx_kl,0.01854151487350464
788480,clipfrac,0.1986328125
788480,explained_variance,0.9263312891125679
788480,sps,584.0
788480,kl_beta,0.5
788787,episodic_return,107.82165556019834
788787,episodic_length,1000.0
789788,episodic_return,102.86828900400121
789788,episodic_length,1000.0
790528,value_loss,0.0006904780166223645
790528,policy_loss,-0.021657712757587433
790528,approx_kl,0.006879079155623913
790528,clipfrac,0.050146484375
790528,explained_variance,0.8924424424767494
790528,sps,584.0
790528,kl_beta,0.5
790789,episodic_return,106.18179226519929
790789,episodic_length,1000.0
791790,episodic_return,106.0736272306191
791790,episodic_length,1000.0
792576,value_loss,0.0066726612858474255
792576,policy_loss,-0.009063741192221642
792576,approx_kl,0.0037992550060153008
792576,clipfrac,0.056787109375
792576,explained_variance,0.9170729070901871
792576,sps,584.0
792576,kl_beta,0.25
792791,episodic_return,102.26436973297194
792791,episodic_length,1000.0
793792,episodic_return,105.56460748747583
793792,episodic_length,1000.0
794624,value_loss,0.01329594012349844
794624,policy_loss,-0.018108274787664413
794624,approx_kl,0.012265926226973534
794624,clipfrac,0.190673828125
794624,explained_variance,0.8985893428325653
794624,sps,583.0
794624,kl_beta,0.25
794793,episodic_return,102.4347373151078
794793,episodic_length,1000.0
795794,episodic_return,104.38822070745162
795794,episodic_length,1000.0
796672,value_loss,0.01785799115896225
796672,policy_loss,-0.0037825629115104675
796672,approx_kl,0.014864087104797363
796672,clipfrac,0.110888671875
796672,explained_variance,0.8871434405446053
796672,sps,583.0
796672,kl_beta,0.25
796795,episodic_return,97.65229660375694
796795,episodic_length,1000.0
797796,episodic_return,105.57848271967781
797796,episodic_length,1000.0
798720,value_loss,0.005539239384233952
798720,policy_loss,-0.010357489809393883
798720,approx_kl,0.027111569419503212
798720,clipfrac,0.15322265625
798720,explained_variance,0.8785314783453941
798720,sps,583.0
798720,kl_beta,0.5
798797,episodic_return,105.3837983949033
798797,episodic_length,1000.0
799798,episodic_return,100.64091078765095
799798,episodic_length,1000.0
800768,value_loss,0.03215332329273224
800768,policy_loss,-0.058915864676237106
800768,approx_kl,0.012343444861471653
800768,clipfrac,0.084912109375
800768,explained_variance,0.8942607194185257
800768,sps,583.0
800768,kl_beta,0.5
800799,episodic_return,111.23993031460401
800799,episodic_length,1000.0
801800,episodic_return,110.51326306995594
801800,episodic_length,1000.0
802801,episodic_return,109.4189287735515
802801,episodic_length,1000.0
802816,value_loss,0.003945757169276476
802816,policy_loss,0.004169170279055834
802816,approx_kl,0.006545507349073887
802816,clipfrac,0.03720703125
802816,explained_variance,0.9112355634570122
802816,sps,583.0
802816,kl_beta,0.25
803802,episodic_return,105.37719342370806
803802,episodic_length,1000.0
804803,episodic_return,101.50924467460813
804803,episodic_length,1000.0
804864,value_loss,0.02790893241763115
804864,policy_loss,-0.03848608583211899
804864,approx_kl,0.022852133959531784
804864,clipfrac,0.12216796875
804864,explained_variance,0.8685918301343918
804864,sps,583.0
804864,kl_beta,0.5
805804,episodic_return,111.88770053327057
805804,episodic_length,1000.0
806805,episodic_return,111.22462962243098
806805,episodic_length,1000.0
806912,value_loss,0.0012722346000373363
806912,policy_loss,-0.01485423557460308
806912,approx_kl,0.0032518096268177032
806912,clipfrac,0.0298828125
806912,explained_variance,0.9290769398212433
806912,sps,583.0
806912,kl_beta,0.25
807806,episodic_return,104.17878974094157
807806,episodic_length,1000.0
808807,episodic_return,106.89284291100033
808807,episodic_length,1000.0
808960,value_loss,0.040829479694366455
808960,policy_loss,-0.035610731691122055
808960,approx_kl,0.023846255615353584
808960,clipfrac,0.115234375
808960,explained_variance,0.8942087292671204
808960,sps,583.0
808960,kl_beta,0.5
809808,episodic_return,105.77102642457636
809808,episodic_length,1000.0
810809,episodic_return,104.66017929689889
810809,episodic_length,1000.0
811008,value_loss,0.0032876848708838224
811008,policy_loss,-0.02851162850856781
811008,approx_kl,0.014859393239021301
811008,clipfrac,0.11650390625
811008,explained_variance,0.9237883165478706
811008,sps,584.0
811008,kl_beta,0.5
811810,episodic_return,101.85396987260431
811810,episodic_length,1000.0
812811,episodic_return,102.06501941150775
812811,episodic_length,1000.0
813056,value_loss,0.00414179265499115
813056,policy_loss,-0.031689658761024475
813056,approx_kl,0.007333532907068729
813056,clipfrac,0.06318359375
813056,explained_variance,0.8883154913783073
813056,sps,584.0
813056,kl_beta,0.5
813812,episodic_return,112.76979681561676
813812,episodic_length,1000.0
814813,episodic_return,108.27058587803953
814813,episodic_length,1000.0
815104,value_loss,0.0005016281502321362
815104,policy_loss,-0.01988375186920166
815104,approx_kl,0.0016654739156365395
815104,clipfrac,0.00185546875
815104,explained_variance,0.9273843467235565
815104,sps,584.0
815104,kl_beta,0.25
815814,episodic_return,98.21699633145163
815814,episodic_length,1000.0
816815,episodic_return,106.90802991707571
816815,episodic_length,1000.0
817152,value_loss,0.010588768869638443
817152,policy_loss,0.012186036445200443
817152,approx_kl,0.04167761281132698
817152,clipfrac,0.14296875
817152,explained_variance,0.9028284475207329
817152,sps,584.0
817152,kl_beta,0.5
817816,episodic_return,99.56327480816338
817816,episodic_length,1000.0
818817,episodic_return,105.16913961222413
818817,episodic_length,1000.0
819200,value_loss,0.07278638333082199
819200,policy_loss,0.0032675201073288918
819200,approx_kl,0.014329822733998299
819200,clipfrac,0.041162109375
819200,explained_variance,0.9206298962235451
819200,sps,584.0
819200,kl_beta,0.5
819818,episodic_return,102.05572975455463
819818,episodic_length,1000.0
820819,episodic_return,99.33075001123589
820819,episodic_length,1000.0
821248,value_loss,0.008443000726401806
821248,policy_loss,-0.007746091112494469
821248,approx_kl,0.0022733472287654877
821248,clipfrac,0.033056640625
821248,explained_variance,0.9237143322825432
821248,sps,584.0
821248,kl_beta,0.25
821820,episodic_return,100.69132449211857
821820,episodic_length,1000.0
822821,episodic_return,95.68798411845849
822821,episodic_length,1000.0
823296,value_loss,0.018825288861989975
823296,policy_loss,-0.05498727038502693
823296,approx_kl,0.02344820275902748
823296,clipfrac,0.0814453125
823296,explained_variance,0.8796109184622765
823296,sps,584.0
823296,kl_beta,0.5
823822,episodic_return,99.7430601610253
823822,episodic_length,1000.0
824823,episodic_return,89.60436626967531
824823,episodic_length,1000.0
825344,value_loss,0.029833128675818443
825344,policy_loss,-0.014051007106900215
825344,approx_kl,0.0029993997886776924
825344,clipfrac,0.03369140625
825344,explained_variance,0.8923065513372421
825344,sps,584.0
825344,kl_beta,0.25
825824,episodic_return,100.88268562543945
825824,episodic_length,1000.0
826825,episodic_return,99.45482887004118
826825,episodic_length,1000.0
827392,value_loss,0.006897082552313805
827392,policy_loss,-0.050190288573503494
827392,approx_kl,0.013368458487093449
827392,clipfrac,0.10673828125
827392,explained_variance,0.9271307215094566
827392,sps,584.0
827392,kl_beta,0.25
827826,episodic_return,105.22789737557942
827826,episodic_length,1000.0
828827,episodic_return,106.21722519680822
828827,episodic_length,1000.0
829440,value_loss,0.002958832308650017
829440,policy_loss,0.010479912161827087
829440,approx_kl,0.010419011116027832
829440,clipfrac,0.0423828125
829440,explained_variance,0.926147885620594
829440,sps,584.0
829440,kl_beta,0.25
829828,episodic_return,98.95058354014361
829828,episodic_length,1000.0
830829,episodic_return,106.67494192395782
830829,episodic_length,1000.0
831488,value_loss,0.08549053966999054
831488,policy_loss,-0.02002876251935959
831488,approx_kl,0.013928023166954517
831488,clipfrac,0.1212890625
831488,explained_variance,0.9309040531516075
831488,sps,584.0
831488,kl_beta,0.25
831830,episodic_return,105.15743131645459
831830,episodic_length,1000.0
832831,episodic_return,103.05201183376688
832831,episodic_length,1000.0
833536,value_loss,0.0022432985715568066
833536,policy_loss,-0.012838542461395264
833536,approx_kl,0.013605549931526184
833536,clipfrac,0.098583984375
833536,explained_variance,0.9288006871938705
833536,sps,584.0
833536,kl_beta,0.25
833832,episodic_return,99.97708731724073
833832,episodic_length,1000.0
834833,episodic_return,108.74862782064963
834833,episodic_length,1000.0
835584,value_loss,0.0006099453312344849
835584,policy_loss,-0.03088798187673092
835584,approx_kl,0.018186142668128014
835584,clipfrac,0.119921875
835584,explained_variance,0.9282211065292358
835584,sps,584.0
835584,kl_beta,0.5
835834,episodic_return,105.98800881221277
835834,episodic_length,1000.0
836835,episodic_return,109.15001362635414
836835,episodic_length,1000.0
837632,value_loss,0.0002815734187606722
837632,policy_loss,-0.00566931301727891
837632,approx_kl,0.0012241927906870842
837632,clipfrac,0.008984375
837632,explained_variance,0.9268703460693359
837632,sps,584.0
837632,kl_beta,0.25
837836,episodic_return,100.44026654474374
837836,episodic_length,1000.0
838837,episodic_return,109.29355927227479
838837,episodic_length,1000.0
839680,value_loss,0.007493562996387482
839680,policy_loss,-0.027506453916430473
839680,approx_kl,0.02009451948106289
839680,clipfrac,0.131982421875
839680,explained_variance,0.8971104472875595
839680,sps,584.0
839680,kl_beta,0.5
839838,episodic_return,100.73082326481432
839838,episodic_length,1000.0
840839,episodic_return,99.02135644200771
840839,episodic_length,1000.0
841728,value_loss,0.0008790253777988255
841728,policy_loss,-0.001355370506644249
841728,approx_kl,0.020278554409742355
841728,clipfrac,0.070263671875
841728,explained_variance,0.8857467100024223
841728,sps,584.0
841728,kl_beta,1.0
841840,episodic_return,104.38753419789808
841840,episodic_length,1000.0
842841,episodic_return,107.67740456638832
842841,episodic_length,1000.0
843776,value_loss,0.003378685563802719
843776,policy_loss,0.004035807214677334
843776,approx_kl,0.001134379766881466
843776,clipfrac,0.004345703125
843776,explained_variance,0.9317982271313667
843776,sps,584.0
843776,kl_beta,0.5
843842,episodic_return,107.22402703943665
843842,episodic_length,1000.0
844843,episodic_return,105.77720429344826
844843,episodic_length,1000.0
845824,value_loss,0.0003612248692661524
845824,policy_loss,0.008952945470809937
845824,approx_kl,0.004651741124689579
845824,clipfrac,0.039990234375
845824,explained_variance,0.9304754883050919
845824,sps,584.0
845824,kl_beta,0.25
845844,episodic_return,109.94762983355638
845844,episodic_length,1000.0
846845,episodic_return,103.61987370742557
846845,episodic_length,1000.0
847846,episodic_return,102.29880705272046
847846,episodic_length,1000.0
847872,value_loss,0.020770084112882614
847872,policy_loss,-0.005685679614543915
847872,approx_kl,0.01308265421539545
847872,clipfrac,0.0490234375
847872,explained_variance,0.8823877722024918
847872,sps,584.0
847872,kl_beta,0.25
848847,episodic_return,107.93932512624258
848847,episodic_length,1000.0
849848,episodic_return,109.74382582180141
849848,episodic_length,1000.0
849920,value_loss,0.0017535439692437649
849920,policy_loss,0.015237725339829922
849920,approx_kl,0.007589216344058514
849920,clipfrac,0.056103515625
849920,explained_variance,0.9234708920121193
849920,sps,584.0
849920,kl_beta,0.25
850849,episodic_return,109.15409509331508
850849,episodic_length,1000.0
851850,episodic_return,115.23867440003316
851850,episodic_length,1000.0
851968,value_loss,0.003223159583285451
851968,policy_loss,0.0024494382087141275
851968,approx_kl,0.011443660594522953
851968,clipfrac,0.098388671875
851968,explained_variance,0.9240627810359001
851968,sps,584.0
851968,kl_beta,0.25
852851,episodic_return,110.69875380100872
852851,episodic_length,1000.0
853852,episodic_return,103.36164932138621
853852,episodic_length,1000.0
854016,value_loss,0.0005401453818194568
854016,policy_loss,0.0014954986982047558
854016,approx_kl,0.02203705720603466
854016,clipfrac,0.1189453125
854016,explained_variance,0.9143545106053352
854016,sps,584.0
854016,kl_beta,0.5
854853,episodic_return,106.88740280565032
854853,episodic_length,1000.0
855854,episodic_return,105.54120521787563
855854,episodic_length,1000.0
856064,value_loss,0.002200049115344882
856064,policy_loss,-0.010871421545743942
856064,approx_kl,0.0017613554373383522
856064,clipfrac,0.013134765625
856064,explained_variance,0.9301748126745224
856064,sps,584.0
856064,kl_beta,0.25
856855,episodic_return,107.65119100376472
856855,episodic_length,1000.0
857856,episodic_return,107.44799907021131
857856,episodic_length,1000.0
858112,value_loss,0.001545463688671589
858112,policy_loss,-0.019967416301369667
858112,approx_kl,0.003631213679909706
858112,clipfrac,0.05634765625
858112,explained_variance,0.9124545753002167
858112,sps,584.0
858112,kl_beta,0.125
858857,episodic_return,101.70849421794001
858857,episodic_length,1000.0
859858,episodic_return,106.7736287231646
859858,episodic_length,1000.0
860160,value_loss,0.004527045413851738
860160,policy_loss,-0.009878306649625301
860160,approx_kl,0.023104213178157806
860160,clipfrac,0.145654296875
860160,explained_variance,0.923800989985466
860160,sps,584.0
860160,kl_beta,0.25
860859,episodic_return,108.41345404073527
860859,episodic_length,1000.0
861860,episodic_return,102.78718191524857
861860,episodic_length,1000.0
862208,value_loss,0.005908775143325329
862208,policy_loss,-0.01959415152668953
862208,approx_kl,0.017105642706155777
862208,clipfrac,0.06083984375
862208,explained_variance,0.9242099970579147
862208,sps,584.0
862208,kl_beta,0.5
862861,episodic_return,107.5826205737783
862861,episodic_length,1000.0
863862,episodic_return,105.42009087404054
863862,episodic_length,1000.0
864256,value_loss,0.005444121081382036
864256,policy_loss,-0.001176455058157444
864256,approx_kl,0.0037692319601774216
864256,clipfrac,0.0361328125
864256,explained_variance,0.930047295987606
864256,sps,584.0
864256,kl_beta,0.25
864863,episodic_return,110.01820264203478
864863,episodic_length,1000.0
865864,episodic_return,103.77885634378805
865864,episodic_length,1000.0
866304,value_loss,0.005354481749236584
866304,policy_loss,0.004864622838795185
866304,approx_kl,0.0036185262724757195
866304,clipfrac,0.01923828125
866304,explained_variance,0.92843958735466
866304,sps,584.0
866304,kl_beta,0.125
866865,episodic_return,107.7864923004119
866865,episodic_length,1000.0
867866,episodic_return,106.9875413743047
867866,episodic_length,1000.0
868352,value_loss,0.01452134270220995
868352,policy_loss,0.03466060385107994
868352,approx_kl,0.014752726070582867
868352,clipfrac,0.07412109375
868352,explained_variance,0.9190491363406181
868352,sps,584.0
868352,kl_beta,0.125
868867,episodic_return,99.85202328928408
868867,episodic_length,1000.0
869868,episodic_return,105.07182665445755
869868,episodic_length,1000.0
870400,value_loss,0.08194945007562637
870400,policy_loss,-0.07570812106132507
870400,approx_kl,0.01882161945104599
870400,clipfrac,0.095654296875
870400,explained_variance,0.9127966314554214
870400,sps,584.0
870400,kl_beta,0.25
870869,episodic_return,94.96089666883678
870869,episodic_length,1000.0
871870,episodic_return,101.2087269719059
871870,episodic_length,1000.0
872448,value_loss,0.001192747731693089
872448,policy_loss,-0.0049084145575761795
872448,approx_kl,0.006329855881631374
872448,clipfrac,0.024951171875
872448,explained_variance,0.8958131596446037
872448,sps,584.0
872448,kl_beta,0.125
872871,episodic_return,106.93503796074415
872871,episodic_length,1000.0
873872,episodic_return,100.5387616687045
873872,episodic_length,1000.0
874496,value_loss,0.010156285017728806
874496,policy_loss,0.02871088869869709
874496,approx_kl,0.03985447809100151
874496,clipfrac,0.087451171875
874496,explained_variance,0.8776198104023933
874496,sps,584.0
874496,kl_beta,0.25
874873,episodic_return,103.6002934341091
874873,episodic_length,1000.0
875874,episodic_return,100.51754310228985
875874,episodic_length,1000.0
876544,value_loss,0.03661683201789856
876544,policy_loss,0.005571084097027779
876544,approx_kl,0.016221649944782257
876544,clipfrac,0.0841796875
876544,explained_variance,0.8603399246931076
876544,sps,584.0
876544,kl_beta,0.5
876875,episodic_return,112.04466990128509
876875,episodic_length,1000.0
877876,episodic_return,106.01512098928764
877876,episodic_length,1000.0
878592,value_loss,0.005558526609092951
878592,policy_loss,-0.0020679249428212643
878592,approx_kl,0.002098468132317066
878592,clipfrac,0.007861328125
878592,explained_variance,0.9311987534165382
878592,sps,584.0
878592,kl_beta,0.25
878877,episodic_return,110.09453536192315
878877,episodic_length,1000.0
879878,episodic_return,112.87251416104293
879878,episodic_length,1000.0
880640,value_loss,0.005626235157251358
880640,policy_loss,-0.012804408557713032
880640,approx_kl,0.0174986831843853
880640,clipfrac,0.04111328125
880640,explained_variance,0.925683856010437
880640,sps,584.0
880640,kl_beta,0.5
880879,episodic_return,111.98610019772221
880879,episodic_length,1000.0
881880,episodic_return,104.91335144334279
881880,episodic_length,1000.0
882688,value_loss,0.0860283300280571
882688,policy_loss,-0.006701952312141657
882688,approx_kl,0.013134348206222057
882688,clipfrac,0.032568359375
882688,explained_variance,0.899087093770504
882688,sps,584.0
882688,kl_beta,0.5
882881,episodic_return,112.05709907019369
882881,episodic_length,1000.0
883882,episodic_return,115.31507521901423
883882,episodic_length,1000.0
884736,value_loss,0.0005571121582761407
884736,policy_loss,-0.009378187358379364
884736,approx_kl,0.003529847599565983
884736,clipfrac,0.013232421875
884736,explained_variance,0.933526836335659
884736,sps,584.0
884736,kl_beta,0.25
884883,episodic_return,103.663190702837
884883,episodic_length,1000.0
885884,episodic_return,110.9517261531486
885884,episodic_length,1000.0
886784,value_loss,0.004693477414548397
886784,policy_loss,0.04843074083328247
886784,approx_kl,0.007622033357620239
886784,clipfrac,0.04072265625
886784,explained_variance,0.9326436817646027
886784,sps,584.0
886784,kl_beta,0.25
886885,episodic_return,106.75746797521651
886885,episodic_length,1000.0
887886,episodic_return,110.92980647497085
887886,episodic_length,1000.0
888832,value_loss,0.0019979667849838734
888832,policy_loss,-0.004372511059045792
888832,approx_kl,0.02498967945575714
888832,clipfrac,0.0576171875
888832,explained_variance,0.9231041520833969
888832,sps,584.0
888832,kl_beta,0.5
888887,episodic_return,110.86219122008325
888887,episodic_length,1000.0
889888,episodic_return,104.3226579569147
889888,episodic_length,1000.0
890880,value_loss,0.03145813196897507
890880,policy_loss,0.00019610533490777016
890880,approx_kl,0.0007332907989621162
890880,clipfrac,0.001806640625
890880,explained_variance,0.9250390753149986
890880,sps,584.0
890880,kl_beta,0.25
890889,episodic_return,106.30484566601369
890889,episodic_length,1000.0
891890,episodic_return,100.49619777886653
891890,episodic_length,1000.0
892891,episodic_return,97.8057529757039
892891,episodic_length,1000.0
892928,value_loss,0.017545847222208977
892928,policy_loss,-0.023548683151602745
892928,approx_kl,0.003582230769097805
892928,clipfrac,0.02724609375
892928,explained_variance,0.8633798211812973
892928,sps,584.0
892928,kl_beta,0.125
893892,episodic_return,102.80819056340171
893892,episodic_length,1000.0
894893,episodic_return,106.31217663058825
894893,episodic_length,1000.0
894976,value_loss,0.008281015790998936
894976,policy_loss,-0.01339680328965187
894976,approx_kl,0.033287376165390015
894976,clipfrac,0.13349609375
894976,explained_variance,0.9219648167490959
894976,sps,584.0
894976,kl_beta,0.25
895894,episodic_return,102.98978647662618
895894,episodic_length,1000.0
896895,episodic_return,102.63798687133487
896895,episodic_length,1000.0
897024,value_loss,0.0031678725499659777
897024,policy_loss,-0.0036082370206713676
897024,approx_kl,0.020784292370080948
897024,clipfrac,0.142724609375
897024,explained_variance,0.9210165217518806
897024,sps,584.0
897024,kl_beta,0.5
897896,episodic_return,107.43314310482178
897896,episodic_length,1000.0
898897,episodic_return,103.63999400092663
898897,episodic_length,1000.0
899072,value_loss,0.005368642508983612
899072,policy_loss,-0.0003191581927239895
899072,approx_kl,0.0034189941361546516
899072,clipfrac,0.008544921875
899072,explained_variance,0.9212534427642822
899072,sps,584.0
899072,kl_beta,0.25
899898,episodic_return,107.41084790646758
899898,episodic_length,1000.0
900899,episodic_return,105.7210451749102
900899,episodic_length,1000.0
901120,value_loss,0.01272033154964447
901120,policy_loss,-0.03889826312661171
901120,approx_kl,0.01825563609600067
901120,clipfrac,0.048486328125
901120,explained_variance,0.9207676276564598
901120,sps,584.0
901120,kl_beta,0.5
901900,episodic_return,100.92968496844719
901900,episodic_length,1000.0
902901,episodic_return,109.15870175574075
902901,episodic_length,1000.0
903168,value_loss,0.0014081700937822461
903168,policy_loss,-0.003667941316962242
903168,approx_kl,0.005024012178182602
903168,clipfrac,0.00869140625
903168,explained_variance,0.9229559302330017
903168,sps,584.0
903168,kl_beta,0.25
903902,episodic_return,107.41279805029507
903902,episodic_length,1000.0
904903,episodic_return,98.0049445800899
904903,episodic_length,1000.0
905216,value_loss,0.0014876698842272162
905216,policy_loss,-0.04551169276237488
905216,approx_kl,0.01740996539592743
905216,clipfrac,0.04892578125
905216,explained_variance,0.8689655512571335
905216,sps,584.0
905216,kl_beta,0.5
905904,episodic_return,102.92896054079492
905904,episodic_length,1000.0
906905,episodic_return,106.84977695753334
906905,episodic_length,1000.0
907264,value_loss,0.001009458675980568
907264,policy_loss,-0.0006501907482743263
907264,approx_kl,0.005084371194243431
907264,clipfrac,0.04755859375
907264,explained_variance,0.9278359338641167
907264,sps,584.0
907264,kl_beta,0.25
907906,episodic_return,96.90871024372973
907906,episodic_length,1000.0
908907,episodic_return,110.01385511624872
908907,episodic_length,1000.0
909312,value_loss,0.005409227684140205
909312,policy_loss,0.01728147268295288
909312,approx_kl,0.010476890951395035
909312,clipfrac,0.045166015625
909312,explained_variance,0.8724400997161865
909312,sps,584.0
909312,kl_beta,0.25
909908,episodic_return,112.65063380582322
909908,episodic_length,1000.0
910909,episodic_return,101.46353001359257
910909,episodic_length,1000.0
911360,value_loss,0.030573014169931412
911360,policy_loss,-0.01569027081131935
911360,approx_kl,0.007612747140228748
911360,clipfrac,0.024267578125
911360,explained_variance,0.8781476467847824
911360,sps,583.0
911360,kl_beta,0.25
911910,episodic_return,105.54925341647
911910,episodic_length,1000.0
912911,episodic_return,102.92371492769932
912911,episodic_length,1000.0
913408,value_loss,0.004583223722875118
913408,policy_loss,-0.0137021504342556
913408,approx_kl,0.003779575228691101
913408,clipfrac,0.0080078125
913408,explained_variance,0.9229046106338501
913408,sps,584.0
913408,kl_beta,0.125
913912,episodic_return,99.19258076805664
913912,episodic_length,1000.0
914913,episodic_return,105.27463458338923
914913,episodic_length,1000.0
915456,value_loss,0.0004845727817155421
915456,policy_loss,0.0077003855258226395
915456,approx_kl,0.008491210639476776
915456,clipfrac,0.075244140625
915456,explained_variance,0.9237393960356712
915456,sps,584.0
915456,kl_beta,0.125
915914,episodic_return,96.08546042959901
915914,episodic_length,1000.0
916915,episodic_return,104.86288654955696
916915,episodic_length,1000.0
917504,value_loss,0.0004847841046284884
917504,policy_loss,-0.01166754961013794
917504,approx_kl,0.016099631786346436
917504,clipfrac,0.083203125
917504,explained_variance,0.9058854430913925
917504,sps,584.0
917504,kl_beta,0.25
917916,episodic_return,98.79669835482844
917916,episodic_length,1000.0
918917,episodic_return,108.49685264396186
918917,episodic_length,1000.0
919552,value_loss,0.010113599710166454
919552,policy_loss,0.00983173493295908
919552,approx_kl,0.006083477288484573
919552,clipfrac,0.02001953125
919552,explained_variance,0.9024625942111015
919552,sps,584.0
919552,kl_beta,0.125
919918,episodic_return,106.21840302334817
919918,episodic_length,1000.0
920919,episodic_return,105.08782782142505
920919,episodic_length,1000.0
921600,value_loss,0.010349723510444164
921600,policy_loss,0.004312291741371155
921600,approx_kl,0.016806960105895996
921600,clipfrac,0.07578125
921600,explained_variance,0.920202761888504
921600,sps,584.0
921600,kl_beta,0.25
921920,episodic_return,101.36413468027764
921920,episodic_length,1000.0
922921,episodic_return,108.64466231702613
922921,episodic_length,1000.0
923648,value_loss,0.02149157039821148
923648,policy_loss,-0.019696945324540138
923648,approx_kl,0.001893392764031887
923648,clipfrac,0.01767578125
923648,explained_variance,0.89828921854496
923648,sps,584.0
923648,kl_beta,0.125
923922,episodic_return,111.92437731784314
923922,episodic_length,1000.0
924923,episodic_return,108.42285444505737
924923,episodic_length,1000.0
925696,value_loss,0.014537129551172256
925696,policy_loss,-0.003100818023085594
925696,approx_kl,0.0013015428557991982
925696,clipfrac,0.000341796875
925696,explained_variance,0.9082533493638039
925696,sps,584.0
925696,kl_beta,0.0625
925924,episodic_return,113.78301950548463
925924,episodic_length,1000.0
926925,episodic_return,109.10261571387085
926925,episodic_length,1000.0
927744,value_loss,0.010891476646065712
927744,policy_loss,-0.006490088067948818
927744,approx_kl,0.020785581320524216
927744,clipfrac,0.0619140625
927744,explained_variance,0.9289944693446159
927744,sps,584.0
927744,kl_beta,0.125
927926,episodic_return,112.57945571967026
927926,episodic_length,1000.0
928927,episodic_return,106.05529144369487
928927,episodic_length,1000.0
929792,value_loss,0.015397448092699051
929792,policy_loss,-0.03650332987308502
929792,approx_kl,0.009723667055368423
929792,clipfrac,0.046826171875
929792,explained_variance,0.9174549356102943
929792,sps,584.0
929792,kl_beta,0.125
929928,episodic_return,105.9874148979215
929928,episodic_length,1000.0
930929,episodic_return,101.1761436905605
930929,episodic_length,1000.0
931840,value_loss,0.027816692367196083
931840,policy_loss,-0.04444997012615204
931840,approx_kl,0.011846479028463364
931840,clipfrac,0.032763671875
931840,explained_variance,0.8789485916495323
931840,sps,584.0
931840,kl_beta,0.125
931930,episodic_return,101.24659101587802
931930,episodic_length,1000.0
932931,episodic_return,100.16171988967781
932931,episodic_length,1000.0
933888,value_loss,0.007928237318992615
933888,policy_loss,-0.00508301705121994
933888,approx_kl,0.012682585045695305
933888,clipfrac,0.051708984375
933888,explained_variance,0.8560542166233063
933888,sps,584.0
933888,kl_beta,0.125
933932,episodic_return,107.51183222437044
933932,episodic_length,1000.0
934933,episodic_return,101.16525609654646
934933,episodic_length,1000.0
935934,episodic_return,109.10388670272783
935934,episodic_length,1000.0
935936,value_loss,0.010705404914915562
935936,policy_loss,-0.0012899023713544011
935936,approx_kl,0.005542232654988766
935936,clipfrac,0.00673828125
935936,explained_variance,0.8685595244169235
935936,sps,584.0
935936,kl_beta,0.0625
936935,episodic_return,106.9157163901595
936935,episodic_length,1000.0
937936,episodic_return,109.11032112710313
937936,episodic_length,1000.0
937984,value_loss,0.0016945268725976348
937984,policy_loss,-0.0023589981719851494
937984,approx_kl,0.004561558365821838
937984,clipfrac,0.013916015625
937984,explained_variance,0.933569923043251
937984,sps,584.0
937984,kl_beta,0.03125
938937,episodic_return,105.00933481573301
938937,episodic_length,1000.0
939938,episodic_return,107.25261901159823
939938,episodic_length,1000.0
940032,value_loss,0.0019678995013237
940032,policy_loss,-0.02261725440621376
940032,approx_kl,0.01736578345298767
940032,clipfrac,0.050439453125
940032,explained_variance,0.9239345043897629
940032,sps,584.0
940032,kl_beta,0.0625
940939,episodic_return,101.05935220299284
940939,episodic_length,1000.0
941940,episodic_return,106.84440367754412
941940,episodic_length,1000.0
942080,value_loss,0.002132826717570424
942080,policy_loss,-0.006433103699237108
942080,approx_kl,0.002546303905546665
942080,clipfrac,0.006005859375
942080,explained_variance,0.8868311792612076
942080,sps,584.0
942080,kl_beta,0.03125
942941,episodic_return,101.78744980982897
942941,episodic_length,1000.0
943942,episodic_return,101.53636754065933
943942,episodic_length,1000.0
944128,value_loss,0.01577402465045452
944128,policy_loss,-0.0038671656511723995
944128,approx_kl,0.007042604498565197
944128,clipfrac,0.02626953125
944128,explained_variance,0.8627723157405853
944128,sps,584.0
944128,kl_beta,0.03125
944943,episodic_return,108.24899260401692
944943,episodic_length,1000.0
945944,episodic_return,109.0111777700819
945944,episodic_length,1000.0
946176,value_loss,0.014953343197703362
946176,policy_loss,-0.02378062903881073
946176,approx_kl,0.015491827391088009
946176,clipfrac,0.0759765625
946176,explained_variance,0.9205053150653839
946176,sps,584.0
946176,kl_beta,0.0625
946945,episodic_return,107.22956919387946
946945,episodic_length,1000.0
947946,episodic_return,105.91878132566085
947946,episodic_length,1000.0
948224,value_loss,0.0033419125247746706
948224,policy_loss,0.013547178357839584
948224,approx_kl,0.008495531976222992
948224,clipfrac,0.0203125
948224,explained_variance,0.9241321235895157
948224,sps,584.0
948224,kl_beta,0.0625
948947,episodic_return,108.10327452316767
948947,episodic_length,1000.0
949948,episodic_return,106.51514552652169
949948,episodic_length,1000.0
950272,value_loss,0.015152720734477043
950272,policy_loss,0.0006374890799634159
950272,approx_kl,0.008913139812648296
950272,clipfrac,0.038623046875
950272,explained_variance,0.9156417027115822
950272,sps,584.0
950272,kl_beta,0.0625
950949,episodic_return,108.63014794582166
950949,episodic_length,1000.0
951950,episodic_return,101.5026937498486
951950,episodic_length,1000.0
952320,value_loss,0.0006075441488064826
952320,policy_loss,-0.005232156720012426
952320,approx_kl,0.0026465458795428276
952320,clipfrac,0.0046875
952320,explained_variance,0.9249987229704857
952320,sps,584.0
952320,kl_beta,0.03125
952951,episodic_return,108.41388606975137
952951,episodic_length,1000.0
953952,episodic_return,102.57917886024615
953952,episodic_length,1000.0
954368,value_loss,0.007489404175430536
954368,policy_loss,-0.00042712391586974263
954368,approx_kl,0.001812553033232689
954368,clipfrac,0.0005859375
954368,explained_variance,0.922178827226162
954368,sps,584.0
954368,kl_beta,0.015625
954953,episodic_return,110.94622620068313
954953,episodic_length,1000.0
955954,episodic_return,106.94463128604568
955954,episodic_length,1000.0
956416,value_loss,0.00972719769924879
956416,policy_loss,-0.019638467580080032
956416,approx_kl,0.005899227224290371
956416,clipfrac,0.02236328125
956416,explained_variance,0.9176269471645355
956416,sps,584.0
956416,kl_beta,0.0078125
956955,episodic_return,107.13278066215409
956955,episodic_length,1000.0
957956,episodic_return,105.2478422685675
957956,episodic_length,1000.0
958464,value_loss,0.0034450243692845106
958464,policy_loss,-0.016272854059934616
958464,approx_kl,0.008275454863905907
958464,clipfrac,0.02578125
958464,explained_variance,0.8750762790441513
958464,sps,584.0
958464,kl_beta,0.0078125
958957,episodic_return,108.84316033225437
958957,episodic_length,1000.0
959958,episodic_return,104.31200729460122
959958,episodic_length,1000.0
960512,value_loss,0.015386463142931461
960512,policy_loss,-0.0017252594698220491
960512,approx_kl,0.00038441456854343414
960512,clipfrac,0.00107421875
960512,explained_variance,0.9179084673523903
960512,sps,584.0
960512,kl_beta,0.00390625
960959,episodic_return,105.34823070483257
960959,episodic_length,1000.0
961960,episodic_return,106.99424653318638
961960,episodic_length,1000.0
962560,value_loss,0.002966916188597679
962560,policy_loss,-0.005224102176725864
962560,approx_kl,0.0014979848638176918
962560,clipfrac,0.003076171875
962560,explained_variance,0.9145207181572914
962560,sps,584.0
962560,kl_beta,0.001953125
962961,episodic_return,107.14479046039607
962961,episodic_length,1000.0
963962,episodic_return,107.5066425713334
963962,episodic_length,1000.0
964608,value_loss,0.0006501491297967732
964608,policy_loss,-0.007324300706386566
964608,approx_kl,0.004024535417556763
964608,clipfrac,0.01953125
964608,explained_variance,0.9027333706617355
964608,sps,583.0
964608,kl_beta,0.0009765625
964963,episodic_return,102.72651838131739
964963,episodic_length,1000.0
965964,episodic_return,109.2564038042513
965964,episodic_length,1000.0
966656,value_loss,0.0004454671579878777
966656,policy_loss,-0.00793019775301218
966656,approx_kl,0.0011893874034285545
966656,clipfrac,0.000244140625
966656,explained_variance,0.9195449575781822
966656,sps,583.0
966656,kl_beta,0.00048828125
966965,episodic_return,106.08727682521938
966965,episodic_length,1000.0
967966,episodic_return,108.75335976840294
967966,episodic_length,1000.0
968704,value_loss,0.0006517510046251118
968704,policy_loss,-0.005771151278167963
968704,approx_kl,0.0029023736715316772
968704,clipfrac,0.00087890625
968704,explained_variance,0.9236097559332848
968704,sps,583.0
968704,kl_beta,0.000244140625
968967,episodic_return,108.81723999130621
968967,episodic_length,1000.0
969968,episodic_return,108.50037228782384
969968,episodic_length,1000.0
970752,value_loss,0.007308801636099815
970752,policy_loss,-0.01586710289120674
970752,approx_kl,0.0015679970383644104
970752,clipfrac,0.0
970752,explained_variance,0.929474376142025
970752,sps,583.0
970752,kl_beta,0.0001220703125
970969,episodic_return,100.99152206411004
970969,episodic_length,1000.0
971970,episodic_return,105.71033409606093
971970,episodic_length,1000.0
972800,value_loss,0.0006121878977864981
972800,policy_loss,-0.017545189708471298
972800,approx_kl,0.007232656702399254
972800,clipfrac,0.007470703125
972800,explained_variance,0.8868294283747673
972800,sps,583.0
972800,kl_beta,0.0001220703125
972971,episodic_return,102.23139780114533
972971,episodic_length,1000.0
973972,episodic_return,109.81324916817893
973972,episodic_length,1000.0
974848,value_loss,0.02761933207511902
974848,policy_loss,-0.012432576157152653
974848,approx_kl,0.0013771336525678635
974848,clipfrac,0.003759765625
974848,explained_variance,0.8877619430422783
974848,sps,583.0
974848,kl_beta,0.0001
974973,episodic_return,103.69822379756665
974973,episodic_length,1000.0
975974,episodic_return,107.1999546948101
975974,episodic_length,1000.0
976896,value_loss,0.0026359255425632
976896,policy_loss,-0.010715914890170097
976896,approx_kl,0.002514428459107876
976896,clipfrac,0.0009765625
976896,explained_variance,0.8955508023500443
976896,sps,583.0
976896,kl_beta,0.0001
976975,episodic_return,107.29449243089033
976975,episodic_length,1000.0
977976,episodic_return,106.49377972135846
977976,episodic_length,1000.0
978944,value_loss,0.03957130014896393
978944,policy_loss,-0.004415713716298342
978944,approx_kl,0.0004992736503481865
978944,clipfrac,9.765625e-05
978944,explained_variance,0.90831358730793
978944,sps,583.0
978944,kl_beta,0.0001
978977,episodic_return,98.81769247972024
978977,episodic_length,1000.0
979978,episodic_return,110.29422886565237
979978,episodic_length,1000.0
980979,episodic_return,105.77527146698895
980979,episodic_length,1000.0
980992,value_loss,0.006480474025011063
980992,policy_loss,0.00759535375982523
980992,approx_kl,0.00036317575722932816
980992,clipfrac,0.0
980992,explained_variance,0.8588609397411346
980992,sps,583.0
980992,kl_beta,0.0001
981980,episodic_return,104.93668913662462
981980,episodic_length,1000.0
982981,episodic_return,106.01735365134114
982981,episodic_length,1000.0
983040,value_loss,0.0026953318156301975
983040,policy_loss,-0.0001343058975180611
983040,approx_kl,0.00028073880821466446
983040,clipfrac,9.765625e-05
983040,explained_variance,0.9057071655988693
983040,sps,583.0
983040,kl_beta,0.0001
983982,episodic_return,100.57201571222696
983982,episodic_length,1000.0
984983,episodic_return,108.23050103289951
984983,episodic_length,1000.0
985088,value_loss,0.05006092041730881
985088,policy_loss,-0.004517928697168827
985088,approx_kl,0.000588681548833847
985088,clipfrac,4.8828125e-05
985088,explained_variance,0.8659085184335709
985088,sps,583.0
985088,kl_beta,0.0001
985984,episodic_return,109.73042918995003
985984,episodic_length,1000.0
986985,episodic_return,108.13005212539466
986985,episodic_length,1000.0
987136,value_loss,0.0017978261457756162
987136,policy_loss,0.0010747994529083371
987136,approx_kl,0.00030882377177476883
987136,clipfrac,0.000244140625
987136,explained_variance,0.9258905574679375
987136,sps,583.0
987136,kl_beta,0.0001
987986,episodic_return,107.5257712754015
987986,episodic_length,1000.0
988987,episodic_return,99.74024756759584
988987,episodic_length,1000.0
989184,value_loss,0.05315211042761803
989184,policy_loss,-0.0030818069353699684
989184,approx_kl,0.0002138642594218254
989184,clipfrac,0.0
989184,explained_variance,0.8838745504617691
989184,sps,583.0
989184,kl_beta,0.0001
989988,episodic_return,109.85365127310114
989988,episodic_length,1000.0
990989,episodic_return,110.97074960787391
990989,episodic_length,1000.0
991232,value_loss,0.001139272004365921
991232,policy_loss,-0.0017771453130990267
991232,approx_kl,0.00026751961559057236
991232,clipfrac,0.0
991232,explained_variance,0.9349423348903656
991232,sps,583.0
991232,kl_beta,0.0001
991990,episodic_return,103.64342346152577
991990,episodic_length,1000.0
992991,episodic_return,106.44323465265617
992991,episodic_length,1000.0
993280,value_loss,0.0032047932036221027
993280,policy_loss,-9.551151742925867e-05
993280,approx_kl,4.9229711294174194e-05
993280,clipfrac,0.0
993280,explained_variance,0.8826510980725288
993280,sps,583.0
993280,kl_beta,0.0001
993992,episodic_return,110.6703313746729
993992,episodic_length,1000.0
994993,episodic_return,111.89140443130233
994993,episodic_length,1000.0
995328,value_loss,0.0011593577219173312
995328,policy_loss,-0.0014959584223106503
995328,approx_kl,2.6401132345199585e-05
995328,clipfrac,0.0
995328,explained_variance,0.9273534938693047
995328,sps,583.0
995328,kl_beta,0.0001
995994,episodic_return,99.15547753286606
995994,episodic_length,1000.0
996995,episodic_return,108.50700595360962
996995,episodic_length,1000.0
997376,value_loss,0.003883239347487688
997376,policy_loss,-0.00048400493687950075
997376,approx_kl,7.137376815080643e-05
997376,clipfrac,0.0
997376,explained_variance,0.8883937448263168
997376,sps,583.0
997376,kl_beta,0.0001
997996,episodic_return,105.25261166170904
997996,episodic_length,1000.0
998997,episodic_return,114.69119913235316
998997,episodic_length,1000.0
999424,value_loss,0.002334279241040349
999424,policy_loss,-0.00026303689810447395
999424,approx_kl,2.483837306499481e-06
999424,clipfrac,0.0
999424,explained_variance,0.923706479370594
999424,sps,583.0
999424,kl_beta,0.0001
