global_step,metric,value
8,episodic_return,62.88398792097614
8,episodic_length,8.0
12,episodic_return,16.956056195317178
12,episodic_length,3.0
17,episodic_return,26.020817618044408
17,episodic_length,4.0
21,episodic_return,16.82934065836987
21,episodic_length,3.0
26,episodic_return,25.79129630294578
26,episodic_length,4.0
33,episodic_return,44.78900433953218
33,episodic_length,6.0
39,episodic_return,35.21714279325348
39,episodic_length,5.0
46,episodic_return,44.39138907877872
46,episodic_length,6.0
55,episodic_return,63.544430496205536
55,episodic_length,8.0
64,episodic_return,63.28497777664718
64,episodic_length,8.0
72,episodic_return,53.92230162093036
72,episodic_length,7.0
82,episodic_return,72.24252354322708
82,episodic_length,9.0
90,episodic_return,53.686176806548715
90,episodic_length,7.0
96,episodic_return,34.657597213023706
96,episodic_length,5.0
101,episodic_return,26.04990792809606
101,episodic_length,4.0
110,episodic_return,63.27986809820013
110,episodic_length,8.0
115,episodic_return,25.901905456063048
115,episodic_length,4.0
120,episodic_return,25.992830616454572
120,episodic_length,4.0
127,episodic_return,44.353346417943705
127,episodic_length,6.0
132,episodic_return,25.554093709138385
132,episodic_length,4.0
138,episodic_return,34.78052991219179
138,episodic_length,5.0
144,episodic_return,35.07899116828706
144,episodic_length,5.0
149,episodic_return,25.823748511239792
149,episodic_length,4.0
157,episodic_return,53.78345449620115
157,episodic_length,7.0
162,episodic_return,26.05983453773178
162,episodic_length,4.0
167,episodic_return,26.028555459393107
167,episodic_length,4.0
178,episodic_return,81.89653343156645
178,episodic_length,10.0
184,episodic_return,34.83303316619015
184,episodic_length,5.0
191,episodic_return,44.73217633366681
191,episodic_length,6.0
196,episodic_return,26.090529794532895
196,episodic_length,4.0
202,episodic_return,34.92691628742445
202,episodic_length,5.0
211,episodic_return,62.50139754337901
211,episodic_length,8.0
224,episodic_return,100.39856614875993
224,episodic_length,12.0
229,episodic_return,25.792084926392178
229,episodic_length,4.0
236,episodic_return,44.477894770351895
236,episodic_length,6.0
245,episodic_return,62.651876606956655
245,episodic_length,8.0
254,episodic_return,63.37582492669035
254,episodic_length,8.0
264,episodic_return,72.2292951019091
264,episodic_length,9.0
268,episodic_return,16.912913703136535
268,episodic_length,3.0
277,episodic_return,62.48734836394087
277,episodic_length,8.0
285,episodic_return,53.75583941181267
285,episodic_length,7.0
292,episodic_return,44.34499469231529
292,episodic_length,6.0
298,episodic_return,35.332446984551865
298,episodic_length,5.0
305,episodic_return,44.463481442541635
305,episodic_length,6.0
311,episodic_return,34.62026107141912
311,episodic_length,5.0
321,episodic_return,72.22712789825275
321,episodic_length,9.0
328,episodic_return,44.16192313972061
328,episodic_length,6.0
335,episodic_return,44.428520154482406
335,episodic_length,6.0
344,episodic_return,63.57117875074741
344,episodic_length,8.0
350,episodic_return,34.89160930605455
350,episodic_length,5.0
355,episodic_return,26.096433571704818
355,episodic_length,4.0
362,episodic_return,44.89896376717814
362,episodic_length,6.0
367,episodic_return,26.144406345548013
367,episodic_length,4.0
375,episodic_return,53.68656104406182
375,episodic_length,7.0
383,episodic_return,54.145782893348986
383,episodic_length,7.0
390,episodic_return,44.36719437367536
390,episodic_length,6.0
396,episodic_return,35.07264897994688
396,episodic_length,5.0
403,episodic_return,44.409459546044644
403,episodic_length,6.0
410,episodic_return,44.317984639649104
410,episodic_length,6.0
421,episodic_return,81.02745968475232
421,episodic_length,10.0
430,episodic_return,63.22532243638208
430,episodic_length,8.0
436,episodic_return,35.22507020924064
436,episodic_length,5.0
444,episodic_return,54.01737813140238
444,episodic_length,7.0
449,episodic_return,25.6976845296998
449,episodic_length,4.0
454,episodic_return,25.462235048024827
454,episodic_length,4.0
458,episodic_return,16.892264723721173
458,episodic_length,3.0
466,episodic_return,54.0869177960801
466,episodic_length,7.0
474,episodic_return,54.00875069144808
474,episodic_length,7.0
479,episodic_return,25.67138628166834
479,episodic_length,4.0
485,episodic_return,34.71250390570004
485,episodic_length,5.0
490,episodic_return,26.008166529811458
490,episodic_length,4.0
497,episodic_return,44.14318826119542
497,episodic_length,6.0
505,episodic_return,53.59560948827087
505,episodic_length,7.0
511,episodic_return,35.433283639048994
511,episodic_length,5.0
517,episodic_return,35.31299886926105
517,episodic_length,5.0
522,episodic_return,25.633859746800592
522,episodic_length,4.0
529,episodic_return,44.16916054751406
529,episodic_length,6.0
535,episodic_return,35.49219021472325
535,episodic_length,5.0
540,episodic_return,25.593547344608385
540,episodic_length,4.0
546,episodic_return,35.00198513792925
546,episodic_length,5.0
552,episodic_return,35.522508226670126
552,episodic_length,5.0
558,episodic_return,34.99724456934567
558,episodic_length,5.0
566,episodic_return,54.008362486058886
566,episodic_length,7.0
571,episodic_return,25.627960000804908
571,episodic_length,4.0
579,episodic_return,53.51944688503351
579,episodic_length,7.0
587,episodic_return,54.03399581004693
587,episodic_length,7.0
596,episodic_return,63.09566003051057
596,episodic_length,8.0
603,episodic_return,44.2388439264807
603,episodic_length,6.0
610,episodic_return,44.684753064406415
610,episodic_length,6.0
615,episodic_return,25.80890611553777
615,episodic_length,4.0
622,episodic_return,44.50663950759913
622,episodic_length,6.0
629,episodic_return,44.528207067512355
629,episodic_length,6.0
634,episodic_return,25.408853180060262
634,episodic_length,4.0
642,episodic_return,53.67104211303863
642,episodic_length,7.0
649,episodic_return,44.28173359783732
649,episodic_length,6.0
657,episodic_return,53.714766641946
657,episodic_length,7.0
662,episodic_return,25.477849527203325
662,episodic_length,4.0
672,episodic_return,72.37917737250399
672,episodic_length,9.0
684,episodic_return,90.94601673503666
684,episodic_length,11.0
692,episodic_return,53.8541374666293
692,episodic_length,7.0
700,episodic_return,53.93478554492958
700,episodic_length,7.0
709,episodic_return,63.234749303857654
709,episodic_length,8.0
721,episodic_return,91.29015025829688
721,episodic_length,11.0
732,episodic_return,81.75760304611136
732,episodic_length,10.0
741,episodic_return,63.42694782319305
741,episodic_length,8.0
746,episodic_return,25.569366135891446
746,episodic_length,4.0
751,episodic_return,26.180912111127604
751,episodic_length,4.0
757,episodic_return,35.18221145718782
757,episodic_length,5.0
763,episodic_return,35.19574135516202
763,episodic_length,5.0
768,episodic_return,26.098285987801592
768,episodic_length,4.0
774,episodic_return,35.10932107115172
774,episodic_length,5.0
782,episodic_return,53.99664180713433
782,episodic_length,7.0
789,episodic_return,44.88982515366206
789,episodic_length,6.0
797,episodic_return,53.895102869378945
797,episodic_length,7.0
804,episodic_return,44.61871793204666
804,episodic_length,6.0
809,episodic_return,25.688212552275033
809,episodic_length,4.0
814,episodic_return,26.255851407759256
814,episodic_length,4.0
823,episodic_return,63.33574169863432
823,episodic_length,8.0
827,episodic_return,16.969426226292015
827,episodic_length,3.0
832,episodic_return,26.10088627479775
832,episodic_length,4.0
837,episodic_return,25.93927976020143
837,episodic_length,4.0
845,episodic_return,54.11382373339711
845,episodic_length,7.0
851,episodic_return,35.0054496714712
851,episodic_length,5.0
856,episodic_return,25.230348996405645
856,episodic_length,4.0
862,episodic_return,35.27248501566532
862,episodic_length,5.0
867,episodic_return,25.483560773922445
867,episodic_length,4.0
876,episodic_return,62.854945793006344
876,episodic_length,8.0
881,episodic_return,25.955428064119218
881,episodic_length,4.0
887,episodic_return,35.26190503592785
887,episodic_length,5.0
892,episodic_return,25.93506334288967
892,episodic_length,4.0
897,episodic_return,25.703790602168638
897,episodic_length,4.0
902,episodic_return,26.046984471759803
902,episodic_length,4.0
907,episodic_return,26.11138300982859
907,episodic_length,4.0
913,episodic_return,35.11725929005457
913,episodic_length,5.0
920,episodic_return,44.60557602091417
920,episodic_length,6.0
926,episodic_return,35.556539303953045
926,episodic_length,5.0
933,episodic_return,44.32462072365697
933,episodic_length,6.0
941,episodic_return,53.92971800473643
941,episodic_length,7.0
948,episodic_return,44.070487982758685
948,episodic_length,6.0
954,episodic_return,35.14843137863573
954,episodic_length,5.0
961,episodic_return,44.572580849593784
961,episodic_length,6.0
969,episodic_return,53.91742257787496
969,episodic_length,7.0
974,episodic_return,25.473014155021094
974,episodic_length,4.0
980,episodic_return,35.0591481475416
980,episodic_length,5.0
986,episodic_return,35.56088693103893
986,episodic_length,5.0
997,episodic_return,81.29509207527512
997,episodic_length,10.0
1005,episodic_return,53.52005315860585
1005,episodic_length,7.0
1010,episodic_return,26.00339561630872
1010,episodic_length,4.0
1017,episodic_return,44.606013201855376
1017,episodic_length,6.0
1024,episodic_return,44.49692543160832
1024,episodic_length,6.0
1029,episodic_return,25.394268177107218
1029,episodic_length,4.0
1035,episodic_return,35.0432798158314
1035,episodic_length,5.0
1041,episodic_return,35.20903842367211
1041,episodic_length,5.0
1046,episodic_return,25.997395391573015
1046,episodic_length,4.0
1056,episodic_return,72.73003472845775
1056,episodic_length,9.0
1062,episodic_return,35.02982618465795
1062,episodic_length,5.0
1070,episodic_return,53.1244970345226
1070,episodic_length,7.0
1077,episodic_return,44.16504319559526
1077,episodic_length,6.0
1084,episodic_return,44.42071561561329
1084,episodic_length,6.0
1090,episodic_return,35.054558372881495
1090,episodic_length,5.0
1095,episodic_return,25.78509543576089
1095,episodic_length,4.0
1101,episodic_return,35.354721565306036
1101,episodic_length,5.0
1107,episodic_return,35.08960961441943
1107,episodic_length,5.0
1112,episodic_return,26.17010760171229
1112,episodic_length,4.0
1121,episodic_return,63.208073494891
1121,episodic_length,8.0
1126,episodic_return,26.288983556999842
1126,episodic_length,4.0
1134,episodic_return,53.50833960764532
1134,episodic_length,7.0
1139,episodic_return,25.806171409515272
1139,episodic_length,4.0
1145,episodic_return,35.1525829574341
1145,episodic_length,5.0
1150,episodic_return,25.513990284858288
1150,episodic_length,4.0
1155,episodic_return,25.79977727238053
1155,episodic_length,4.0
1166,episodic_return,81.60179566686705
1166,episodic_length,10.0
1172,episodic_return,35.38359788972957
1172,episodic_length,5.0
1179,episodic_return,44.75180398867879
1179,episodic_length,6.0
1184,episodic_return,25.313864715800996
1184,episodic_length,4.0
1189,episodic_return,25.60058173113456
1189,episodic_length,4.0
1195,episodic_return,35.428375897527395
1195,episodic_length,5.0
1200,episodic_return,26.033231580343674
1200,episodic_length,4.0
1205,episodic_return,25.674563947352947
1205,episodic_length,4.0
1210,episodic_return,25.619978791648713
1210,episodic_length,4.0
1216,episodic_return,34.99162284473298
1216,episodic_length,5.0
1222,episodic_return,35.3839040931917
1222,episodic_length,5.0
1234,episodic_return,91.51609008012736
1234,episodic_length,11.0
1243,episodic_return,62.29597803236062
1243,episodic_length,8.0
1250,episodic_return,44.39781377646212
1250,episodic_length,6.0
1256,episodic_return,35.394693572007824
1256,episodic_length,5.0
1261,episodic_return,26.080947596246375
1261,episodic_length,4.0
1266,episodic_return,26.119122979353047
1266,episodic_length,4.0
1274,episodic_return,53.71221704079216
1274,episodic_length,7.0
1281,episodic_return,44.397700390100326
1281,episodic_length,6.0
1288,episodic_return,44.34399527068815
1288,episodic_length,6.0
1296,episodic_return,53.58158392775027
1296,episodic_length,7.0
1301,episodic_return,25.442395689157355
1301,episodic_length,4.0
1307,episodic_return,34.801840634266355
1307,episodic_length,5.0
1312,episodic_return,26.2106590172457
1312,episodic_length,4.0
1318,episodic_return,35.054017148105714
1318,episodic_length,5.0
1324,episodic_return,35.23345632689259
1324,episodic_length,5.0
1331,episodic_return,44.216395982058444
1331,episodic_length,6.0
1337,episodic_return,35.44381895016797
1337,episodic_length,5.0
1342,episodic_return,25.694308295484344
1342,episodic_length,4.0
1347,episodic_return,25.74596010721056
1347,episodic_length,4.0
1356,episodic_return,63.42126680267265
1356,episodic_length,8.0
1366,episodic_return,72.62432089869434
1366,episodic_length,9.0
1377,episodic_return,81.91844819781265
1377,episodic_length,10.0
1385,episodic_return,53.96369978764223
1385,episodic_length,7.0
1392,episodic_return,44.801735458439104
1392,episodic_length,6.0
1401,episodic_return,63.327635678148226
1401,episodic_length,8.0
1411,episodic_return,72.75243897506505
1411,episodic_length,9.0
1415,episodic_return,16.96988803362111
1415,episodic_length,3.0
1421,episodic_return,35.00582395292516
1421,episodic_length,5.0
1431,episodic_return,72.17307660554792
1431,episodic_length,9.0
1437,episodic_return,35.045694907418984
1437,episodic_length,5.0
1442,episodic_return,25.876800079526134
1442,episodic_length,4.0
1449,episodic_return,44.65121742255587
1449,episodic_length,6.0
1454,episodic_return,25.499119039009983
1454,episodic_length,4.0
1461,episodic_return,44.248066050356556
1461,episodic_length,6.0
1466,episodic_return,25.373435541692274
1466,episodic_length,4.0
1472,episodic_return,35.38430406218382
1472,episodic_length,5.0
1479,episodic_return,44.649409863731655
1479,episodic_length,6.0
1484,episodic_return,25.66803565404397
1484,episodic_length,4.0
1490,episodic_return,34.79711614702358
1490,episodic_length,5.0
1495,episodic_return,25.951889783011943
1495,episodic_length,4.0
1502,episodic_return,44.441171921648014
1502,episodic_length,6.0
1510,episodic_return,54.1317356755312
1510,episodic_length,7.0
1516,episodic_return,34.89714599363349
1516,episodic_length,5.0
1523,episodic_return,44.19875622563292
1523,episodic_length,6.0
1528,episodic_return,25.579615332409993
1528,episodic_length,4.0
1537,episodic_return,62.6243966172696
1537,episodic_length,8.0
1547,episodic_return,72.77296140406884
1547,episodic_length,9.0
1552,episodic_return,26.055461724381793
1552,episodic_length,4.0
1557,episodic_return,26.25618185345401
1557,episodic_length,4.0
1566,episodic_return,62.79198761030934
1566,episodic_length,8.0
1570,episodic_return,16.83681038253375
1570,episodic_length,3.0
1575,episodic_return,26.171604458218532
1575,episodic_length,4.0
1582,episodic_return,44.89733146762918
1582,episodic_length,6.0
1589,episodic_return,44.59898507894996
1589,episodic_length,6.0
1597,episodic_return,53.836276092519334
1597,episodic_length,7.0
1604,episodic_return,44.608977382466456
1604,episodic_length,6.0
1611,episodic_return,44.3434166977048
1611,episodic_length,6.0
1617,episodic_return,35.15096109380814
1617,episodic_length,5.0
1623,episodic_return,35.49770004217932
1623,episodic_length,5.0
1628,episodic_return,26.116425833816475
1628,episodic_length,4.0
1635,episodic_return,44.01459427005019
1635,episodic_length,6.0
1640,episodic_return,25.92614880368897
1640,episodic_length,4.0
1649,episodic_return,63.503265981545056
1649,episodic_length,8.0
1655,episodic_return,34.853645983629775
1655,episodic_length,5.0
1660,episodic_return,25.648630998873564
1660,episodic_length,4.0
1668,episodic_return,53.93478377951855
1668,episodic_length,7.0
1677,episodic_return,63.51012813298377
1677,episodic_length,8.0
1683,episodic_return,35.06533704097189
1683,episodic_length,5.0
1688,episodic_return,26.162816707564936
1688,episodic_length,4.0
1693,episodic_return,26.164319643156333
1693,episodic_length,4.0
1701,episodic_return,53.41678323618385
1701,episodic_length,7.0
1706,episodic_return,25.70848286406599
1706,episodic_length,4.0
1715,episodic_return,63.0062388446207
1715,episodic_length,8.0
1721,episodic_return,35.47237299031051
1721,episodic_length,5.0
1726,episodic_return,25.848079340424693
1726,episodic_length,4.0
1736,episodic_return,72.18491844784302
1736,episodic_length,9.0
1744,episodic_return,54.22060459377144
1744,episodic_length,7.0
1749,episodic_return,26.1593342133457
1749,episodic_length,4.0
1756,episodic_return,44.846619381089695
1756,episodic_length,6.0
1763,episodic_return,44.29952356527509
1763,episodic_length,6.0
1773,episodic_return,72.48086874501502
1773,episodic_length,9.0
1782,episodic_return,62.70218356467329
1782,episodic_length,8.0
1789,episodic_return,44.43643527737435
1789,episodic_length,6.0
1795,episodic_return,35.22180348444549
1795,episodic_length,5.0
1803,episodic_return,54.07200336537425
1803,episodic_length,7.0
1812,episodic_return,62.85430538022753
1812,episodic_length,8.0
1818,episodic_return,34.776663065431684
1818,episodic_length,5.0
1826,episodic_return,53.70025307327491
1826,episodic_length,7.0
1833,episodic_return,44.736234195167405
1833,episodic_length,6.0
1840,episodic_return,44.47106712754361
1840,episodic_length,6.0
1847,episodic_return,44.86121407237231
1847,episodic_length,6.0
1853,episodic_return,34.94200468673584
1853,episodic_length,5.0
1859,episodic_return,35.61446492855077
1859,episodic_length,5.0
1867,episodic_return,53.41421872992833
1867,episodic_length,7.0
1874,episodic_return,44.60311309526906
1874,episodic_length,6.0
1880,episodic_return,35.12853813424107
1880,episodic_length,5.0
1886,episodic_return,35.02346190767982
1886,episodic_length,5.0
1895,episodic_return,63.00683960380737
1895,episodic_length,8.0
1899,episodic_return,16.80968952206039
1899,episodic_length,3.0
1906,episodic_return,44.72456084713397
1906,episodic_length,6.0
1912,episodic_return,34.989233956605915
1912,episodic_length,5.0
1916,episodic_return,16.899398198966846
1916,episodic_length,3.0
1923,episodic_return,44.519855709904576
1923,episodic_length,6.0
1933,episodic_return,72.29877357826051
1933,episodic_length,9.0
1937,episodic_return,16.839000640771605
1937,episodic_length,3.0
1944,episodic_return,44.32268269873816
1944,episodic_length,6.0
1950,episodic_return,34.859526568784574
1950,episodic_length,5.0
1956,episodic_return,35.19228160461788
1956,episodic_length,5.0
1961,episodic_return,25.569171043595052
1961,episodic_length,4.0
1969,episodic_return,53.64558900160219
1969,episodic_length,7.0
1974,episodic_return,26.032040080370468
1974,episodic_length,4.0
1979,episodic_return,25.878252001772942
1979,episodic_length,4.0
1986,episodic_return,44.452424611887245
1986,episodic_length,6.0
1994,episodic_return,53.82347474144348
1994,episodic_length,7.0
2001,episodic_return,44.43297267095398
2001,episodic_length,6.0
2007,episodic_return,35.51746290074469
2007,episodic_length,5.0
2018,episodic_return,81.11280739293672
2018,episodic_length,10.0
2025,episodic_return,44.01074977365868
2025,episodic_length,6.0
2032,episodic_return,44.2141229829711
2032,episodic_length,6.0
2039,episodic_return,44.64370418944845
2039,episodic_length,6.0
2046,episodic_return,44.62575897091982
2046,episodic_length,6.0
2048,value_loss,0.9965815544128418
2048,policy_loss,-0.012832924723625183
2048,approx_kl,0.015559782274067402
2048,clipfrac,0.132421875
2048,explained_variance,-0.38810718059539795
2048,sps,508.0
2051,episodic_return,25.99758285527727
2051,episodic_length,4.0
2056,episodic_return,26.186928824828946
2056,episodic_length,4.0
2063,episodic_return,44.651962944766865
2063,episodic_length,6.0
2070,episodic_return,44.66753609095494
2070,episodic_length,6.0
2078,episodic_return,53.667604115749036
2078,episodic_length,7.0
2083,episodic_return,25.94891463463743
2083,episodic_length,4.0
2090,episodic_return,44.44517083128078
2090,episodic_length,6.0
2095,episodic_return,25.842045065054474
2095,episodic_length,4.0
2104,episodic_return,63.21527289813412
2104,episodic_length,8.0
2113,episodic_return,62.87946759060156
2113,episodic_length,8.0
2122,episodic_return,62.741269758089594
2122,episodic_length,8.0
2127,episodic_return,25.55949425159183
2127,episodic_length,4.0
2133,episodic_return,35.247778261599976
2133,episodic_length,5.0
2139,episodic_return,35.09040836580445
2139,episodic_length,5.0
2145,episodic_return,35.14813220811487
2145,episodic_length,5.0
2153,episodic_return,54.1105319877508
2153,episodic_length,7.0
2158,episodic_return,25.873830131439426
2158,episodic_length,4.0
2164,episodic_return,35.392444469046026
2164,episodic_length,5.0
2169,episodic_return,25.93414188246405
2169,episodic_length,4.0
2174,episodic_return,26.178381471032395
2174,episodic_length,4.0
2180,episodic_return,34.71943158012191
2180,episodic_length,5.0
2187,episodic_return,44.731219883349716
2187,episodic_length,6.0
2193,episodic_return,35.097325623127006
2193,episodic_length,5.0
2203,episodic_return,72.21272645079596
2203,episodic_length,9.0
2212,episodic_return,62.41195560041626
2212,episodic_length,8.0
2220,episodic_return,53.63125712691597
2220,episodic_length,7.0
2227,episodic_return,44.01239783673037
2227,episodic_length,6.0
2235,episodic_return,53.857779594374946
2235,episodic_length,7.0
2240,episodic_return,25.991161717514366
2240,episodic_length,4.0
2247,episodic_return,44.70912007750916
2247,episodic_length,6.0
2256,episodic_return,63.21387601750985
2256,episodic_length,8.0
2264,episodic_return,53.68673219682003
2264,episodic_length,7.0
2272,episodic_return,53.45336640568944
2272,episodic_length,7.0
2278,episodic_return,35.20609851484537
2278,episodic_length,5.0
2284,episodic_return,35.3846960821248
2284,episodic_length,5.0
2293,episodic_return,63.57699889549485
2293,episodic_length,8.0
2298,episodic_return,25.82636924733093
2298,episodic_length,4.0
2302,episodic_return,16.80791263397784
2302,episodic_length,3.0
2313,episodic_return,81.4703760369491
2313,episodic_length,10.0
2318,episodic_return,25.659843155924523
2318,episodic_length,4.0
2323,episodic_return,25.821808196393466
2323,episodic_length,4.0
2333,episodic_return,72.51693401259386
2333,episodic_length,9.0
2341,episodic_return,53.31697128229044
2341,episodic_length,7.0
2349,episodic_return,53.299936555532994
2349,episodic_length,7.0
2354,episodic_return,25.904280072116055
2354,episodic_length,4.0
2360,episodic_return,34.619283307443524
2360,episodic_length,5.0
2368,episodic_return,53.860178911454575
2368,episodic_length,7.0
2376,episodic_return,53.38940937364545
2376,episodic_length,7.0
2383,episodic_return,44.69774588635769
2383,episodic_length,6.0
2389,episodic_return,35.154674774577565
2389,episodic_length,5.0
2398,episodic_return,62.78648962928788
2398,episodic_length,8.0
2407,episodic_return,63.515354629940724
2407,episodic_length,8.0
2420,episodic_return,100.00885596793287
2420,episodic_length,12.0
2427,episodic_return,44.39877858167317
2427,episodic_length,6.0
2435,episodic_return,53.475876361441486
2435,episodic_length,7.0
2445,episodic_return,72.04102314223188
2445,episodic_length,9.0
2453,episodic_return,53.6156601579677
2453,episodic_length,7.0
2463,episodic_return,72.40803224672133
2463,episodic_length,9.0
2471,episodic_return,54.028947508593994
2471,episodic_length,7.0
2480,episodic_return,63.41079310448026
2480,episodic_length,8.0
2486,episodic_return,35.37950770585504
2486,episodic_length,5.0
2491,episodic_return,25.90879978384281
2491,episodic_length,4.0
2500,episodic_return,63.15265656424866
2500,episodic_length,8.0
2509,episodic_return,63.30404015933396
2509,episodic_length,8.0
2514,episodic_return,26.094900874780695
2514,episodic_length,4.0
2520,episodic_return,35.13604722815117
2520,episodic_length,5.0
2528,episodic_return,53.230769184630276
2528,episodic_length,7.0
2533,episodic_return,25.759334989133325
2533,episodic_length,4.0
2539,episodic_return,34.92713025795649
2539,episodic_length,5.0
2544,episodic_return,26.076850310296823
2544,episodic_length,4.0
2551,episodic_return,44.75063552090933
2551,episodic_length,6.0
2559,episodic_return,54.12550630283034
2559,episodic_length,7.0
2567,episodic_return,53.784826129058224
2567,episodic_length,7.0
2575,episodic_return,54.01946159055522
2575,episodic_length,7.0
2581,episodic_return,35.334933592237796
2581,episodic_length,5.0
2587,episodic_return,35.499131479138725
2587,episodic_length,5.0
2592,episodic_return,26.054368342559624
2592,episodic_length,4.0
2597,episodic_return,26.202191419403572
2597,episodic_length,4.0
2604,episodic_return,44.117103447713184
2604,episodic_length,6.0
2609,episodic_return,25.6095671744281
2609,episodic_length,4.0
2615,episodic_return,35.65541773998258
2615,episodic_length,5.0
2620,episodic_return,26.08886162456257
2620,episodic_length,4.0
2628,episodic_return,53.662785957034146
2628,episodic_length,7.0
2634,episodic_return,34.524233841432036
2634,episodic_length,5.0
2640,episodic_return,34.97957416909577
2640,episodic_length,5.0
2645,episodic_return,25.873285537687803
2645,episodic_length,4.0
2652,episodic_return,44.30106571052498
2652,episodic_length,6.0
2660,episodic_return,53.77321408815132
2660,episodic_length,7.0
2665,episodic_return,25.77077381018446
2665,episodic_length,4.0
2671,episodic_return,34.89241943687228
2671,episodic_length,5.0
2677,episodic_return,35.049616216489035
2677,episodic_length,5.0
2683,episodic_return,35.170221618121545
2683,episodic_length,5.0
2688,episodic_return,25.663399974130044
2688,episodic_length,4.0
2695,episodic_return,44.66551079629821
2695,episodic_length,6.0
2700,episodic_return,25.827191296166806
2700,episodic_length,4.0
2711,episodic_return,81.38206791046665
2711,episodic_length,10.0
2717,episodic_return,35.240596860486086
2717,episodic_length,5.0
2726,episodic_return,63.46340799245568
2726,episodic_length,8.0
2736,episodic_return,71.90208060868747
2736,episodic_length,9.0
2746,episodic_return,73.03609820978514
2746,episodic_length,9.0
2754,episodic_return,53.53379849772354
2754,episodic_length,7.0
2759,episodic_return,25.80283315688109
2759,episodic_length,4.0
2769,episodic_return,72.52919427201985
2769,episodic_length,9.0
2775,episodic_return,35.32712072203636
2775,episodic_length,5.0
2785,episodic_return,72.03286255981472
2785,episodic_length,9.0
2793,episodic_return,53.60853837324614
2793,episodic_length,7.0
2798,episodic_return,26.16028314958644
2798,episodic_length,4.0
2808,episodic_return,72.52728998895198
2808,episodic_length,9.0
2818,episodic_return,72.55568754855963
2818,episodic_length,9.0
2826,episodic_return,53.71748889054775
2826,episodic_length,7.0
2832,episodic_return,34.66512516319946
2832,episodic_length,5.0
2838,episodic_return,35.41181517796572
2838,episodic_length,5.0
2843,episodic_return,26.145880625938496
2843,episodic_length,4.0
2851,episodic_return,54.0560555296409
2851,episodic_length,7.0
2858,episodic_return,44.26981200793934
2858,episodic_length,6.0
2865,episodic_return,44.65066624533834
2865,episodic_length,6.0
2870,episodic_return,25.427673623273346
2870,episodic_length,4.0
2877,episodic_return,44.237488446782514
2877,episodic_length,6.0
2882,episodic_return,25.958703767795942
2882,episodic_length,4.0
2887,episodic_return,25.85981612268602
2887,episodic_length,4.0
2893,episodic_return,35.26326771178871
2893,episodic_length,5.0
2898,episodic_return,25.768690799493307
2898,episodic_length,4.0
2907,episodic_return,63.27057643259745
2907,episodic_length,8.0
2916,episodic_return,62.73937813673517
2916,episodic_length,8.0
2922,episodic_return,34.910252904679844
2922,episodic_length,5.0
2928,episodic_return,35.32348211716025
2928,episodic_length,5.0
2934,episodic_return,34.92422766112
2934,episodic_length,5.0
2941,episodic_return,44.173876818108674
2941,episodic_length,6.0
2949,episodic_return,53.841230398926534
2949,episodic_length,7.0
2960,episodic_return,81.54120188620624
2960,episodic_length,10.0
2972,episodic_return,91.27422655460062
2972,episodic_length,11.0
2979,episodic_return,44.85446856375257
2979,episodic_length,6.0
2988,episodic_return,63.372289742693155
2988,episodic_length,8.0
2996,episodic_return,53.800402119509734
2996,episodic_length,7.0
3002,episodic_return,34.963060256447974
3002,episodic_length,5.0
3009,episodic_return,44.0761788658639
3009,episodic_length,6.0
3017,episodic_return,53.46345218098134
3017,episodic_length,7.0
3024,episodic_return,44.39635097692828
3024,episodic_length,6.0
3030,episodic_return,35.507503159016345
3030,episodic_length,5.0
3036,episodic_return,35.09538504737697
3036,episodic_length,5.0
3043,episodic_return,43.99668775120622
3043,episodic_length,6.0
3048,episodic_return,25.756046621825877
3048,episodic_length,4.0
3055,episodic_return,44.411725177366705
3055,episodic_length,6.0
3065,episodic_return,72.22001512266482
3065,episodic_length,9.0
3079,episodic_return,109.30725936632828
3079,episodic_length,13.0
3085,episodic_return,35.13072504151166
3085,episodic_length,5.0
3096,episodic_return,81.31122301394772
3096,episodic_length,10.0
3104,episodic_return,53.30036888555592
3104,episodic_length,7.0
3110,episodic_return,35.31979734144627
3110,episodic_length,5.0
3116,episodic_return,35.41193176412697
3116,episodic_length,5.0
3122,episodic_return,35.276801948095496
3122,episodic_length,5.0
3129,episodic_return,43.96777754521303
3129,episodic_length,6.0
3135,episodic_return,35.47486314377905
3135,episodic_length,5.0
3140,episodic_return,25.908442123715844
3140,episodic_length,4.0
3148,episodic_return,53.275792184074554
3148,episodic_length,7.0
3155,episodic_return,44.41509448066086
3155,episodic_length,6.0
3161,episodic_return,35.128029582783064
3161,episodic_length,5.0
3171,episodic_return,72.61634294716904
3171,episodic_length,9.0
3178,episodic_return,44.29983657050193
3178,episodic_length,6.0
3188,episodic_return,72.41053520970503
3188,episodic_length,9.0
3194,episodic_return,34.90433715018199
3194,episodic_length,5.0
3199,episodic_return,26.377089335975256
3199,episodic_length,4.0
3206,episodic_return,44.05560838842233
3206,episodic_length,6.0
3212,episodic_return,34.97657370697605
3212,episodic_length,5.0
3219,episodic_return,44.05040628056113
3219,episodic_length,6.0
3233,episodic_return,109.52048487326509
3233,episodic_length,13.0
3240,episodic_return,44.47089428815511
3240,episodic_length,6.0
3248,episodic_return,53.4380163297028
3248,episodic_length,7.0
3257,episodic_return,63.199894167492346
3257,episodic_length,8.0
3262,episodic_return,26.02550616289172
3262,episodic_length,4.0
3270,episodic_return,54.08072087160456
3270,episodic_length,7.0
3277,episodic_return,44.43303402654705
3277,episodic_length,6.0
3282,episodic_return,25.49386115872239
3282,episodic_length,4.0
3293,episodic_return,81.56418907137264
3293,episodic_length,10.0
3299,episodic_return,35.13294478084388
3299,episodic_length,5.0
3307,episodic_return,53.93424371133305
3307,episodic_length,7.0
3312,episodic_return,26.044880934392292
3312,episodic_length,4.0
3321,episodic_return,63.3528854280619
3321,episodic_length,8.0
3327,episodic_return,34.858386550207484
3327,episodic_length,5.0
3335,episodic_return,53.45475600207754
3335,episodic_length,7.0
3341,episodic_return,35.40487363364721
3341,episodic_length,5.0
3349,episodic_return,54.23808551454293
3349,episodic_length,7.0
3362,episodic_return,99.77325320050446
3362,episodic_length,12.0
3367,episodic_return,25.985325618181818
3367,episodic_length,4.0
3372,episodic_return,25.84341381800023
3372,episodic_length,4.0
3381,episodic_return,63.2755473494009
3381,episodic_length,8.0
3387,episodic_return,35.076105068366324
3387,episodic_length,5.0
3395,episodic_return,53.8805233821697
3395,episodic_length,7.0
3400,episodic_return,25.47189510065309
3400,episodic_length,4.0
3406,episodic_return,35.4068077230589
3406,episodic_length,5.0
3422,episodic_return,127.73842097013582
3422,episodic_length,15.0
3432,episodic_return,72.34502433190225
3432,episodic_length,9.0
3438,episodic_return,34.919432108977084
3438,episodic_length,5.0
3446,episodic_return,53.44163586517909
3446,episodic_length,7.0
3454,episodic_return,54.13495570204308
3454,episodic_length,7.0
3463,episodic_return,63.25690401432705
3463,episodic_length,8.0
3473,episodic_return,72.26792642594323
3473,episodic_length,9.0
3484,episodic_return,81.4705249682427
3484,episodic_length,10.0
3490,episodic_return,35.06538539264948
3490,episodic_length,5.0
3497,episodic_return,44.10280492329265
3497,episodic_length,6.0
3502,episodic_return,26.110015049798772
3502,episodic_length,4.0
3508,episodic_return,34.655351846798595
3508,episodic_length,5.0
3513,episodic_return,26.304128233780716
3513,episodic_length,4.0
3523,episodic_return,72.35066238419589
3523,episodic_length,9.0
3530,episodic_return,44.169984686604
3530,episodic_length,6.0
3537,episodic_return,44.7139245135766
3537,episodic_length,6.0
3543,episodic_return,34.67401812685155
3543,episodic_length,5.0
3554,episodic_return,80.99097094885792
3554,episodic_length,10.0
3560,episodic_return,35.30136283386944
3560,episodic_length,5.0
3567,episodic_return,44.23775876261535
3567,episodic_length,6.0
3574,episodic_return,44.62189940976899
3574,episodic_length,6.0
3580,episodic_return,35.28525168435896
3580,episodic_length,5.0
3590,episodic_return,72.31369991801083
3590,episodic_length,9.0
3596,episodic_return,35.1973711244036
3596,episodic_length,5.0
3604,episodic_return,53.97238886980759
3604,episodic_length,7.0
3609,episodic_return,26.005309125049656
3609,episodic_length,4.0
3616,episodic_return,44.219203005554796
3616,episodic_length,6.0
3622,episodic_return,35.00218340760785
3622,episodic_length,5.0
3629,episodic_return,44.73777748925503
3629,episodic_length,6.0
3636,episodic_return,44.38941378156793
3636,episodic_length,6.0
3643,episodic_return,44.187605660664296
3643,episodic_length,6.0
3648,episodic_return,25.80487069097726
3648,episodic_length,4.0
3654,episodic_return,35.42128511181015
3654,episodic_length,5.0
3662,episodic_return,54.2116204818597
3662,episodic_length,7.0
3667,episodic_return,26.065085503571684
3667,episodic_length,4.0
3674,episodic_return,44.49881574551956
3674,episodic_length,6.0
3685,episodic_return,81.32532922524979
3685,episodic_length,10.0
3691,episodic_return,35.20826569236295
3691,episodic_length,5.0
3697,episodic_return,35.22660352324344
3697,episodic_length,5.0
3702,episodic_return,25.701099269813092
3702,episodic_length,4.0
3708,episodic_return,35.018438078458
3708,episodic_length,5.0
3720,episodic_return,90.73402874867915
3720,episodic_length,11.0
3730,episodic_return,72.83439112980341
3730,episodic_length,9.0
3741,episodic_return,82.18527146618894
3741,episodic_length,10.0
3747,episodic_return,35.40525033443431
3747,episodic_length,5.0
3753,episodic_return,35.617655521457955
3753,episodic_length,5.0
3762,episodic_return,63.35474538219152
3762,episodic_length,8.0
3767,episodic_return,26.127511461348494
3767,episodic_length,4.0
3774,episodic_return,44.2258358263006
3774,episodic_length,6.0
3781,episodic_return,44.24709882301622
3781,episodic_length,6.0
3787,episodic_return,34.90874778027509
3787,episodic_length,5.0
3792,episodic_return,25.860084436728936
3792,episodic_length,4.0
3798,episodic_return,35.30835919654162
3798,episodic_length,5.0
3805,episodic_return,44.49447430029612
3805,episodic_length,6.0
3814,episodic_return,63.174187866178926
3814,episodic_length,8.0
3821,episodic_return,44.19419755177205
3821,episodic_length,6.0
3828,episodic_return,44.21066034740289
3828,episodic_length,6.0
3835,episodic_return,44.44961624950291
3835,episodic_length,6.0
3844,episodic_return,62.7734597626303
3844,episodic_length,8.0
3852,episodic_return,53.228520954669335
3852,episodic_length,7.0
3861,episodic_return,63.01907126645504
3861,episodic_length,8.0
3870,episodic_return,62.675490862814115
3870,episodic_length,8.0
3878,episodic_return,54.017104953781875
3878,episodic_length,7.0
3885,episodic_return,44.30720541800531
3885,episodic_length,6.0
3894,episodic_return,63.00391882152267
3894,episodic_length,8.0
3899,episodic_return,26.162071413700126
3899,episodic_length,4.0
3909,episodic_return,72.02909316165983
3909,episodic_length,9.0
3914,episodic_return,25.764234926549197
3914,episodic_length,4.0
3922,episodic_return,53.33360869909866
3922,episodic_length,7.0
3928,episodic_return,35.36533024658806
3928,episodic_length,5.0
3937,episodic_return,63.09937355985472
3937,episodic_length,8.0
3944,episodic_return,44.71911214877822
3944,episodic_length,6.0
3950,episodic_return,35.06335813192604
3950,episodic_length,5.0
3956,episodic_return,35.217340050660056
3956,episodic_length,5.0
3961,episodic_return,25.40543100007999
3961,episodic_length,4.0
3968,episodic_return,44.35805551023489
3968,episodic_length,6.0
3974,episodic_return,35.45284177877117
3974,episodic_length,5.0
3980,episodic_return,35.27227354202379
3980,episodic_length,5.0
3985,episodic_return,25.579300706721067
3985,episodic_length,4.0
3993,episodic_return,53.61842416453827
3993,episodic_length,7.0
3999,episodic_return,35.291247045301674
3999,episodic_length,5.0
4006,episodic_return,44.80384788185499
4006,episodic_length,6.0
4016,episodic_return,72.07733543156091
4016,episodic_length,9.0
4024,episodic_return,53.636627858372215
4024,episodic_length,7.0
4030,episodic_return,35.530205492053184
4030,episodic_length,5.0
4038,episodic_return,53.41276571109309
4038,episodic_length,7.0
4049,episodic_return,81.72134160308602
4049,episodic_length,10.0
4054,episodic_return,26.122307217310947
4054,episodic_length,4.0
4062,episodic_return,53.95424483734619
4062,episodic_length,7.0
4072,episodic_return,72.98230827259626
4072,episodic_length,9.0
4084,episodic_return,90.7386858181227
4084,episodic_length,11.0
4091,episodic_return,44.5507166065291
4091,episodic_length,6.0
4096,value_loss,0.6338210701942444
4096,policy_loss,-0.05014181509613991
4096,approx_kl,0.015094886533915997
4096,clipfrac,0.15
4096,explained_variance,-0.07345056533813477
4096,sps,528.0
4099,episodic_return,53.600559622728376
4099,episodic_length,7.0
4107,episodic_return,53.379631333704985
4107,episodic_length,7.0
4115,episodic_return,54.2212279059165
4115,episodic_length,7.0
4121,episodic_return,35.174227554024796
4121,episodic_length,5.0
4130,episodic_return,63.358664909900035
4130,episodic_length,8.0
4140,episodic_return,71.60031300400878
4140,episodic_length,9.0
4149,episodic_return,63.2818572826422
4149,episodic_length,8.0
4155,episodic_return,35.39652550592514
4155,episodic_length,5.0
4165,episodic_return,72.41529701937009
4165,episodic_length,9.0
4173,episodic_return,53.41540955660157
4173,episodic_length,7.0
4180,episodic_return,44.68651892038559
4180,episodic_length,6.0
4185,episodic_return,26.177912291436076
4185,episodic_length,4.0
4190,episodic_return,26.01154211826587
4190,episodic_length,4.0
4201,episodic_return,81.33478429518739
4201,episodic_length,10.0
4211,episodic_return,72.32622217802134
4211,episodic_length,9.0
4218,episodic_return,44.383348625471626
4218,episodic_length,6.0
4225,episodic_return,44.29864524207569
4225,episodic_length,6.0
4232,episodic_return,44.744428135353814
4232,episodic_length,6.0
4241,episodic_return,62.969570603152675
4241,episodic_length,8.0
4247,episodic_return,34.788797433598596
4247,episodic_length,5.0
4252,episodic_return,25.82390756713346
4252,episodic_length,4.0
4257,episodic_return,26.023121298758856
4257,episodic_length,4.0
4264,episodic_return,44.41793392976448
4264,episodic_length,6.0
4274,episodic_return,72.93959270600102
4274,episodic_length,9.0
4283,episodic_return,63.43441544884372
4283,episodic_length,8.0
4289,episodic_return,35.095437216093096
4289,episodic_length,5.0
4302,episodic_return,100.44270344458711
4302,episodic_length,12.0
4313,episodic_return,81.73628316565248
4313,episodic_length,10.0
4325,episodic_return,91.07776056352085
4325,episodic_length,11.0
4337,episodic_return,90.91471106316915
4337,episodic_length,11.0
4342,episodic_return,25.898637469994572
4342,episodic_length,4.0
4347,episodic_return,25.6312871999911
4347,episodic_length,4.0
4353,episodic_return,34.86129482982164
4353,episodic_length,5.0
4359,episodic_return,35.158934049074595
4359,episodic_length,5.0
4364,episodic_return,26.2121825899743
4364,episodic_length,4.0
4374,episodic_return,72.1478528424062
4374,episodic_length,9.0
4381,episodic_return,44.215167667296654
4381,episodic_length,6.0
4390,episodic_return,63.413957512462545
4390,episodic_length,8.0
4399,episodic_return,62.89763667844963
4399,episodic_length,8.0
4405,episodic_return,35.2177465506264
4405,episodic_length,5.0
4413,episodic_return,54.066876477645565
4413,episodic_length,7.0
4420,episodic_return,44.54324266867926
4420,episodic_length,6.0
4427,episodic_return,44.07496168954745
4427,episodic_length,6.0
4431,episodic_return,16.79508302485349
4431,episodic_length,3.0
4437,episodic_return,34.92706690903305
4437,episodic_length,5.0
4445,episodic_return,53.67848709900506
4445,episodic_length,7.0
4451,episodic_return,35.32593253257655
4451,episodic_length,5.0
4459,episodic_return,53.61043573314863
4459,episodic_length,7.0
4471,episodic_return,91.55209333402756
4471,episodic_length,11.0
4477,episodic_return,34.75333543588886
4477,episodic_length,5.0
4485,episodic_return,53.501831220509835
4485,episodic_length,7.0
4491,episodic_return,35.47837449412181
4491,episodic_length,5.0
4499,episodic_return,54.00973365039082
4499,episodic_length,7.0
4510,episodic_return,81.75109451350575
4510,episodic_length,10.0
4516,episodic_return,35.47694725506214
4516,episodic_length,5.0
4525,episodic_return,63.31199704886426
4525,episodic_length,8.0
4535,episodic_return,72.24316455560381
4535,episodic_length,9.0
4541,episodic_return,34.91814288219052
4541,episodic_length,5.0
4548,episodic_return,44.31550633163938
4548,episodic_length,6.0
4554,episodic_return,35.622912043678106
4554,episodic_length,5.0
4562,episodic_return,53.6130834658765
4562,episodic_length,7.0
4568,episodic_return,35.003065963141005
4568,episodic_length,5.0
4573,episodic_return,25.799473978913195
4573,episodic_length,4.0
4583,episodic_return,72.55423323521258
4583,episodic_length,9.0
4588,episodic_return,25.48135717036619
4588,episodic_length,4.0
4601,episodic_return,100.30631310157487
4601,episodic_length,12.0
4609,episodic_return,53.24054635933876
4609,episodic_length,7.0
4618,episodic_return,63.417480373158924
4618,episodic_length,8.0
4626,episodic_return,54.004273281495635
4626,episodic_length,7.0
4634,episodic_return,54.07742860766782
4634,episodic_length,7.0
4641,episodic_return,44.252522535415935
4641,episodic_length,6.0
4650,episodic_return,62.97104798929692
4650,episodic_length,8.0
4666,episodic_return,128.3357266721904
4666,episodic_length,15.0
4675,episodic_return,62.740001648103316
4675,episodic_length,8.0
4680,episodic_return,25.87366906538864
4680,episodic_length,4.0
4686,episodic_return,35.37961716357526
4686,episodic_length,5.0
4692,episodic_return,35.579684380462055
4692,episodic_length,5.0
4699,episodic_return,44.25601132562951
4699,episodic_length,6.0
4706,episodic_return,44.20802683829048
4706,episodic_length,6.0
4716,episodic_return,72.96191311140512
4716,episodic_length,9.0
4722,episodic_return,35.06362314294716
4722,episodic_length,5.0
4728,episodic_return,35.413601497355515
4728,episodic_length,5.0
4734,episodic_return,34.95530447872647
4734,episodic_length,5.0
4741,episodic_return,44.42619914489768
4741,episodic_length,6.0
4752,episodic_return,81.44782343841362
4752,episodic_length,10.0
4760,episodic_return,53.658759996624376
4760,episodic_length,7.0
4768,episodic_return,53.593241412007806
4768,episodic_length,7.0
4776,episodic_return,53.846140703916305
4776,episodic_length,7.0
4783,episodic_return,44.22492708388819
4783,episodic_length,6.0
4794,episodic_return,82.10862700783059
4794,episodic_length,10.0
4807,episodic_return,100.42364403889955
4807,episodic_length,12.0
4817,episodic_return,72.72506927117719
4817,episodic_length,9.0
4822,episodic_return,25.64440973779743
4822,episodic_length,4.0
4829,episodic_return,44.515864694859644
4829,episodic_length,6.0
4834,episodic_return,25.866100017675905
4834,episodic_length,4.0
4844,episodic_return,72.21817305962405
4844,episodic_length,9.0
4849,episodic_return,25.792574947581585
4849,episodic_length,4.0
4855,episodic_return,34.57505951840591
4855,episodic_length,5.0
4863,episodic_return,53.37591378084364
4863,episodic_length,7.0
4869,episodic_return,34.904129581216445
4869,episodic_length,5.0
4880,episodic_return,81.86105263733879
4880,episodic_length,10.0
4885,episodic_return,25.675558641699745
4885,episodic_length,4.0
4892,episodic_return,44.707328399618994
4892,episodic_length,6.0
4898,episodic_return,35.17888059270681
4898,episodic_length,5.0
4903,episodic_return,25.968322818291956
4903,episodic_length,4.0
4909,episodic_return,34.79014783516519
4909,episodic_length,5.0
4915,episodic_return,35.18691110196476
4915,episodic_length,5.0
4921,episodic_return,35.09768071916804
4921,episodic_length,5.0
4929,episodic_return,53.8272365304735
4929,episodic_length,7.0
4938,episodic_return,63.32966948786873
4938,episodic_length,8.0
4943,episodic_return,26.07625673775037
4943,episodic_length,4.0
4948,episodic_return,25.86678011918512
4948,episodic_length,4.0
4953,episodic_return,26.052430991865215
4953,episodic_length,4.0
4960,episodic_return,44.68590441604344
4960,episodic_length,6.0
4968,episodic_return,53.30167378770935
4968,episodic_length,7.0
4973,episodic_return,26.211769870092276
4973,episodic_length,4.0
4983,episodic_return,72.18442506973942
4983,episodic_length,9.0
4993,episodic_return,72.6328849321573
4993,episodic_length,9.0
5001,episodic_return,53.93439441971839
5001,episodic_length,7.0
5006,episodic_return,25.60560516483199
5006,episodic_length,4.0
5011,episodic_return,26.01803906535406
5011,episodic_length,4.0
5021,episodic_return,72.14014226345277
5021,episodic_length,9.0
5029,episodic_return,53.53131119792934
5029,episodic_length,7.0
5034,episodic_return,26.2598462993381
5034,episodic_length,4.0
5041,episodic_return,44.31732935371018
5041,episodic_length,6.0
5047,episodic_return,35.147313841637306
5047,episodic_length,5.0
5055,episodic_return,53.49560886955093
5055,episodic_length,7.0
5060,episodic_return,25.90242312768835
5060,episodic_length,4.0
5067,episodic_return,44.701755054586414
5067,episodic_length,6.0
5075,episodic_return,54.18265026721926
5075,episodic_length,7.0
5081,episodic_return,35.11937142644723
5081,episodic_length,5.0
5087,episodic_return,35.01590837503285
5087,episodic_length,5.0
5094,episodic_return,44.34866650537242
5094,episodic_length,6.0
5099,episodic_return,26.107209392647405
5099,episodic_length,4.0
5108,episodic_return,62.990486903465225
5108,episodic_length,8.0
5116,episodic_return,53.96044770426802
5116,episodic_length,7.0
5123,episodic_return,44.35822135855326
5123,episodic_length,6.0
5129,episodic_return,35.010603668967185
5129,episodic_length,5.0
5138,episodic_return,63.12172011416976
5138,episodic_length,8.0
5145,episodic_return,44.257347511585216
5145,episodic_length,6.0
5153,episodic_return,53.6040678159713
5153,episodic_length,7.0
5159,episodic_return,35.07334598867724
5159,episodic_length,5.0
5171,episodic_return,90.87572771112066
5171,episodic_length,11.0
5182,episodic_return,81.5839216066554
5182,episodic_length,10.0
5190,episodic_return,53.70902771821863
5190,episodic_length,7.0
5197,episodic_return,44.30991973817364
5197,episodic_length,6.0
5207,episodic_return,72.81322137528142
5207,episodic_length,9.0
5215,episodic_return,54.19745403683565
5215,episodic_length,7.0
5221,episodic_return,34.97081800193396
5221,episodic_length,5.0
5229,episodic_return,53.50462134727132
5229,episodic_length,7.0
5239,episodic_return,72.17504867464041
5239,episodic_length,9.0
5246,episodic_return,44.00174887529292
5246,episodic_length,6.0
5252,episodic_return,34.98730627141661
5252,episodic_length,5.0
5259,episodic_return,44.59533526654627
5259,episodic_length,6.0
5269,episodic_return,72.54378176504734
5269,episodic_length,9.0
5276,episodic_return,44.592449213008514
5276,episodic_length,6.0
5283,episodic_return,44.31786299472747
5283,episodic_length,6.0
5288,episodic_return,25.556209871307605
5288,episodic_length,4.0
5298,episodic_return,72.5403234600274
5298,episodic_length,9.0
5304,episodic_return,35.30185168083936
5304,episodic_length,5.0
5311,episodic_return,44.59497243726466
5311,episodic_length,6.0
5319,episodic_return,54.03706842953963
5319,episodic_length,7.0
5324,episodic_return,25.747187805078813
5324,episodic_length,4.0
5329,episodic_return,25.870393304591154
5329,episodic_length,4.0
5337,episodic_return,53.7401411671708
5337,episodic_length,7.0
5346,episodic_return,63.3843832888687
5346,episodic_length,8.0
5354,episodic_return,54.09105714821755
5354,episodic_length,7.0
5362,episodic_return,53.26008236797841
5362,episodic_length,7.0
5369,episodic_return,44.53088747113444
5369,episodic_length,6.0
5380,episodic_return,81.33107325443913
5380,episodic_length,10.0
5388,episodic_return,54.02744718767257
5388,episodic_length,7.0
5395,episodic_return,44.1965744066118
5395,episodic_length,6.0
5403,episodic_return,54.002760284194196
5403,episodic_length,7.0
5411,episodic_return,53.8744731944078
5411,episodic_length,7.0
5418,episodic_return,44.5201768396591
5418,episodic_length,6.0
5425,episodic_return,44.65305206794128
5425,episodic_length,6.0
5433,episodic_return,53.41316110289955
5433,episodic_length,7.0
5441,episodic_return,53.7164278457593
5441,episodic_length,7.0
5446,episodic_return,25.8712375911643
5446,episodic_length,4.0
5454,episodic_return,54.03666883991041
5454,episodic_length,7.0
5464,episodic_return,72.38336756236035
5464,episodic_length,9.0
5471,episodic_return,44.41307345469871
5471,episodic_length,6.0
5479,episodic_return,53.499239141422365
5479,episodic_length,7.0
5485,episodic_return,35.34472376351584
5485,episodic_length,5.0
5492,episodic_return,44.46160833634844
5492,episodic_length,6.0
5500,episodic_return,54.069056441202235
5500,episodic_length,7.0
5506,episodic_return,35.42467256182586
5506,episodic_length,5.0
5515,episodic_return,63.112708000695754
5515,episodic_length,8.0
5521,episodic_return,35.042385544598005
5521,episodic_length,5.0
5530,episodic_return,63.27706331177477
5530,episodic_length,8.0
5536,episodic_return,35.36593951897667
5536,episodic_length,5.0
5541,episodic_return,25.82035288680402
5541,episodic_length,4.0
5547,episodic_return,34.86257425476028
5547,episodic_length,5.0
5561,episodic_return,109.5644432491496
5561,episodic_length,13.0
5567,episodic_return,35.633905186172164
5567,episodic_length,5.0
5583,episodic_return,128.52462080829866
5583,episodic_length,15.0
5590,episodic_return,44.58154876649477
5590,episodic_length,6.0
5597,episodic_return,44.42260746892893
5597,episodic_length,6.0
5606,episodic_return,63.074800816009805
5606,episodic_length,8.0
5613,episodic_return,44.620434256148485
5613,episodic_length,6.0
5621,episodic_return,53.85385303676547
5621,episodic_length,7.0
5632,episodic_return,82.22872307749202
5632,episodic_length,10.0
5638,episodic_return,35.2593555007211
5638,episodic_length,5.0
5646,episodic_return,53.574917924193464
5646,episodic_length,7.0
5652,episodic_return,35.39468474163061
5652,episodic_length,5.0
5663,episodic_return,82.20133367802924
5663,episodic_length,10.0
5669,episodic_return,35.00724923038976
5669,episodic_length,5.0
5674,episodic_return,26.189075928067886
5674,episodic_length,4.0
5680,episodic_return,35.26939102099958
5680,episodic_length,5.0
5692,episodic_return,90.82782281917264
5692,episodic_length,11.0
5697,episodic_return,25.92416990949616
5697,episodic_length,4.0
5706,episodic_return,62.80389012752478
5706,episodic_length,8.0
5712,episodic_return,35.161169449018814
5712,episodic_length,5.0
5719,episodic_return,44.54363072650755
5719,episodic_length,6.0
5726,episodic_return,44.398735797444765
5726,episodic_length,6.0
5735,episodic_return,63.03750776770676
5735,episodic_length,8.0
5744,episodic_return,62.816398530211586
5744,episodic_length,8.0
5754,episodic_return,72.27935094352611
5754,episodic_length,9.0
5761,episodic_return,44.63531774785916
5761,episodic_length,6.0
5770,episodic_return,62.76589708126204
5770,episodic_length,8.0
5777,episodic_return,44.40239777963688
5777,episodic_length,6.0
5783,episodic_return,35.22148324489485
5783,episodic_length,5.0
5789,episodic_return,35.31167253053978
5789,episodic_length,5.0
5799,episodic_return,72.19277893698505
5799,episodic_length,9.0
5805,episodic_return,34.895503887194465
5805,episodic_length,5.0
5811,episodic_return,34.78877240078573
5811,episodic_length,5.0
5819,episodic_return,53.70684756458192
5819,episodic_length,7.0
5830,episodic_return,81.46156039904042
5830,episodic_length,10.0
5839,episodic_return,63.01282883068031
5839,episodic_length,8.0
5847,episodic_return,53.485593344201696
5847,episodic_length,7.0
5860,episodic_return,99.99763650022372
5860,episodic_length,12.0
5869,episodic_return,62.93488981525077
5869,episodic_length,8.0
5879,episodic_return,71.66835679039895
5879,episodic_length,9.0
5886,episodic_return,44.09570220716164
5886,episodic_length,6.0
5896,episodic_return,72.19153369971089
5896,episodic_length,9.0
5903,episodic_return,44.46607224684743
5903,episodic_length,6.0
5911,episodic_return,54.00229920549234
5911,episodic_length,7.0
5916,episodic_return,26.13476649041476
5916,episodic_length,4.0
5922,episodic_return,34.77141478605434
5922,episodic_length,5.0
5929,episodic_return,44.10805248882972
5929,episodic_length,6.0
5936,episodic_return,44.46736125127378
5936,episodic_length,6.0
5946,episodic_return,71.93650609179647
5946,episodic_length,9.0
5959,episodic_return,100.29478685827941
5959,episodic_length,12.0
5966,episodic_return,44.55219447762875
5966,episodic_length,6.0
5973,episodic_return,44.6623140752391
5973,episodic_length,6.0
5981,episodic_return,53.99052791238537
5981,episodic_length,7.0
5988,episodic_return,44.75295164425467
5988,episodic_length,6.0
5995,episodic_return,44.216847763806214
5995,episodic_length,6.0
6002,episodic_return,44.09870888917931
6002,episodic_length,6.0
6008,episodic_return,34.66737018048714
6008,episodic_length,5.0
6022,episodic_return,109.21973653627481
6022,episodic_length,13.0
6028,episodic_return,35.40930126050129
6028,episodic_length,5.0
6037,episodic_return,63.32203765323948
6037,episodic_length,8.0
6042,episodic_return,26.100264403860493
6042,episodic_length,4.0
6051,episodic_return,62.978235474411896
6051,episodic_length,8.0
6056,episodic_return,26.189739977274673
6056,episodic_length,4.0
6065,episodic_return,63.237459983890865
6065,episodic_length,8.0
6070,episodic_return,26.162304315328846
6070,episodic_length,4.0
6080,episodic_return,72.71320519546954
6080,episodic_length,9.0
6089,episodic_return,63.043436583334795
6089,episodic_length,8.0
6096,episodic_return,43.90257067726123
6096,episodic_length,6.0
6110,episodic_return,109.71377626212075
6110,episodic_length,13.0
6119,episodic_return,62.92672241737299
6119,episodic_length,8.0
6129,episodic_return,72.4472688137075
6129,episodic_length,9.0
6139,episodic_return,73.06435267952942
6139,episodic_length,9.0
6143,episodic_return,16.893867869031105
6143,episodic_length,3.0
6144,value_loss,0.35180264711380005
6144,policy_loss,-0.010356413200497627
6144,approx_kl,0.013229304924607277
6144,clipfrac,0.144677734375
6144,explained_variance,0.07628673315048218
6144,sps,537.0
6152,episodic_return,63.21092351288945
6152,episodic_length,8.0
6157,episodic_return,25.626611905899487
6157,episodic_length,4.0
6166,episodic_return,62.99362147303371
6166,episodic_length,8.0
6175,episodic_return,63.30977961699138
6175,episodic_length,8.0
6183,episodic_return,53.99560571416652
6183,episodic_length,7.0
6199,episodic_return,128.1138182368831
6199,episodic_length,15.0
6204,episodic_return,25.916919381030368
6204,episodic_length,4.0
6213,episodic_return,63.09224023537225
6213,episodic_length,8.0
6227,episodic_return,109.48908107025547
6227,episodic_length,13.0
6240,episodic_return,100.10405847317027
6240,episodic_length,12.0
6247,episodic_return,44.739797783125915
6247,episodic_length,6.0
6254,episodic_return,44.78675470873352
6254,episodic_length,6.0
6259,episodic_return,25.783790544691055
6259,episodic_length,4.0
6270,episodic_return,81.68808237180676
6270,episodic_length,10.0
6275,episodic_return,25.947583569357196
6275,episodic_length,4.0
6283,episodic_return,54.011039853748464
6283,episodic_length,7.0
6291,episodic_return,53.86047984872869
6291,episodic_length,7.0
6300,episodic_return,63.507461479617604
6300,episodic_length,8.0
6309,episodic_return,63.45070490483327
6309,episodic_length,8.0
6317,episodic_return,53.246494474101034
6317,episodic_length,7.0
6329,episodic_return,90.56003754773083
6329,episodic_length,11.0
6344,episodic_return,119.33020476683026
6344,episodic_length,14.0
6354,episodic_return,72.80666671591771
6354,episodic_length,9.0
6361,episodic_return,44.071510806583284
6361,episodic_length,6.0
6370,episodic_return,63.16222283184628
6370,episodic_length,8.0
6375,episodic_return,26.128884917131145
6375,episodic_length,4.0
6386,episodic_return,81.35013031377129
6386,episodic_length,10.0
6394,episodic_return,53.936770458767256
6394,episodic_length,7.0
6404,episodic_return,72.83871864333726
6404,episodic_length,9.0
6415,episodic_return,81.9035985580698
6415,episodic_length,10.0
6424,episodic_return,62.83193061726317
6424,episodic_length,8.0
6435,episodic_return,81.53542507943318
6435,episodic_length,10.0
6440,episodic_return,26.129216452213647
6440,episodic_length,4.0
6446,episodic_return,35.479087187296024
6446,episodic_length,5.0
6453,episodic_return,44.48740500404353
6453,episodic_length,6.0
6463,episodic_return,72.36820346797407
6463,episodic_length,9.0
6475,episodic_return,90.59515681731264
6475,episodic_length,11.0
6480,episodic_return,25.824581371999802
6480,episodic_length,4.0
6490,episodic_return,72.14101014520719
6490,episodic_length,9.0
6498,episodic_return,53.57625131008541
6498,episodic_length,7.0
6503,episodic_return,25.915899138491397
6503,episodic_length,4.0
6509,episodic_return,35.37006240722546
6509,episodic_length,5.0
6519,episodic_return,72.86511972873205
6519,episodic_length,9.0
6526,episodic_return,44.53672781008946
6526,episodic_length,6.0
6534,episodic_return,53.79639377621075
6534,episodic_length,7.0
6548,episodic_return,109.50173019886253
6548,episodic_length,13.0
6556,episodic_return,53.669098409739156
6556,episodic_length,7.0
6563,episodic_return,44.624038243101175
6563,episodic_length,6.0
6569,episodic_return,35.295217463542556
6569,episodic_length,5.0
6580,episodic_return,81.74906865116125
6580,episodic_length,10.0
6589,episodic_return,62.57208755147871
6589,episodic_length,8.0
6597,episodic_return,53.6458674379015
6597,episodic_length,7.0
6602,episodic_return,25.942283425801303
6602,episodic_length,4.0
6610,episodic_return,53.55136069277275
6610,episodic_length,7.0
6625,episodic_return,118.60199553358393
6625,episodic_length,14.0
6631,episodic_return,35.43795497559344
6631,episodic_length,5.0
6640,episodic_return,63.57916014101497
6640,episodic_length,8.0
6648,episodic_return,53.53673333545785
6648,episodic_length,7.0
6655,episodic_return,44.44633800242469
6655,episodic_length,6.0
6670,episodic_return,118.6766703499923
6670,episodic_length,14.0
6683,episodic_return,100.747971909372
6683,episodic_length,12.0
6696,episodic_return,100.44115086857855
6696,episodic_length,12.0
6702,episodic_return,34.81977177804818
6702,episodic_length,5.0
6711,episodic_return,63.03712907278448
6711,episodic_length,8.0
6723,episodic_return,91.19844030695391
6723,episodic_length,11.0
6730,episodic_return,44.48084325798868
6730,episodic_length,6.0
6737,episodic_return,44.32002089128218
6737,episodic_length,6.0
6744,episodic_return,44.429104886155905
6744,episodic_length,6.0
6750,episodic_return,35.311483488156235
6750,episodic_length,5.0
6760,episodic_return,72.80860573895103
6760,episodic_length,9.0
6768,episodic_return,53.197239124170444
6768,episodic_length,7.0
6773,episodic_return,26.177847648530218
6773,episodic_length,4.0
6783,episodic_return,72.16668820702478
6783,episodic_length,9.0
6796,episodic_return,100.03750070443077
6796,episodic_length,12.0
6803,episodic_return,44.603869670349205
6803,episodic_length,6.0
6813,episodic_return,72.8504896943609
6813,episodic_length,9.0
6824,episodic_return,82.13511377595528
6824,episodic_length,10.0
6833,episodic_return,63.27469538160501
6833,episodic_length,8.0
6841,episodic_return,53.308185367542116
6841,episodic_length,7.0
6850,episodic_return,63.28260532097988
6850,episodic_length,8.0
6857,episodic_return,44.307727352550714
6857,episodic_length,6.0
6871,episodic_return,109.52999902636239
6871,episodic_length,13.0
6877,episodic_return,34.861770092706195
6877,episodic_length,5.0
6882,episodic_return,25.8937442328421
6882,episodic_length,4.0
6893,episodic_return,81.21563398697919
6893,episodic_length,10.0
6899,episodic_return,35.17073272456703
6899,episodic_length,5.0
6904,episodic_return,26.017217349495755
6904,episodic_length,4.0
6915,episodic_return,82.04014861649743
6915,episodic_length,10.0
6923,episodic_return,53.953600049703645
6923,episodic_length,7.0
6936,episodic_return,100.30898347058354
6936,episodic_length,12.0
6943,episodic_return,44.795798505854755
6943,episodic_length,6.0
6955,episodic_return,90.83420541391092
6955,episodic_length,11.0
6964,episodic_return,62.92913046731391
6964,episodic_length,8.0
6972,episodic_return,53.728803015464244
6972,episodic_length,7.0
6978,episodic_return,34.839267365284115
6978,episodic_length,5.0
6983,episodic_return,25.790855916616152
6983,episodic_length,4.0
6992,episodic_return,62.57185266164431
6992,episodic_length,8.0
6999,episodic_return,44.60484389554125
6999,episodic_length,6.0
7010,episodic_return,81.7842741754544
7010,episodic_length,10.0
7018,episodic_return,53.852997774151824
7018,episodic_length,7.0
7028,episodic_return,72.77586920314165
7028,episodic_length,9.0
7034,episodic_return,35.00245234022714
7034,episodic_length,5.0
7040,episodic_return,35.429004955611454
7040,episodic_length,5.0
7049,episodic_return,63.14170173989014
7049,episodic_length,8.0
7054,episodic_return,25.670712404983213
7054,episodic_length,4.0
7063,episodic_return,63.08326204701524
7063,episodic_length,8.0
7069,episodic_return,35.372149444104366
7069,episodic_length,5.0
7078,episodic_return,63.06424060852409
7078,episodic_length,8.0
7084,episodic_return,35.03986782836114
7084,episodic_length,5.0
7089,episodic_return,25.94257861886123
7089,episodic_length,4.0
7098,episodic_return,63.39171607033485
7098,episodic_length,8.0
7108,episodic_return,72.9253295079168
7108,episodic_length,9.0
7116,episodic_return,54.172198678590405
7116,episodic_length,7.0
7124,episodic_return,54.16791736434718
7124,episodic_length,7.0
7133,episodic_return,63.17010314858151
7133,episodic_length,8.0
7140,episodic_return,44.58520057103676
7140,episodic_length,6.0
7146,episodic_return,35.325180677097975
7146,episodic_length,5.0
7157,episodic_return,81.60371220819154
7157,episodic_length,10.0
7165,episodic_return,53.96546716769711
7165,episodic_length,7.0
7172,episodic_return,44.21253845189523
7172,episodic_length,6.0
7183,episodic_return,81.95849862768061
7183,episodic_length,10.0
7197,episodic_return,110.0535412561182
7197,episodic_length,13.0
7207,episodic_return,72.72043938310472
7207,episodic_length,9.0
7213,episodic_return,34.901743251515946
7213,episodic_length,5.0
7220,episodic_return,44.96576923888334
7220,episodic_length,6.0
7228,episodic_return,54.20862789974943
7228,episodic_length,7.0
7234,episodic_return,34.831110788796394
7234,episodic_length,5.0
7240,episodic_return,35.17454481553481
7240,episodic_length,5.0
7249,episodic_return,62.96588343289776
7249,episodic_length,8.0
7259,episodic_return,72.06758916229246
7259,episodic_length,9.0
7267,episodic_return,53.91048367739879
7267,episodic_length,7.0
7277,episodic_return,72.88537012373355
7277,episodic_length,9.0
7287,episodic_return,72.29286657019207
7287,episodic_length,9.0
7294,episodic_return,44.299017767450124
7294,episodic_length,6.0
7303,episodic_return,61.057216527799326
7303,episodic_length,8.0
7311,episodic_return,53.97960727012061
7311,episodic_length,7.0
7323,episodic_return,91.18167665332557
7323,episodic_length,11.0
7332,episodic_return,63.15101714834529
7332,episodic_length,8.0
7338,episodic_return,35.147809437130675
7338,episodic_length,5.0
7347,episodic_return,63.019020611455446
7347,episodic_length,8.0
7354,episodic_return,44.21590745288223
7354,episodic_length,6.0
7359,episodic_return,26.03654257099138
7359,episodic_length,4.0
7372,episodic_return,100.5908638008903
7372,episodic_length,12.0
7387,episodic_return,119.34279151977287
7387,episodic_length,14.0
7401,episodic_return,109.4863017071331
7401,episodic_length,13.0
7414,episodic_return,100.41196017711975
7414,episodic_length,12.0
7422,episodic_return,53.279136338440715
7422,episodic_length,7.0
7430,episodic_return,53.91074125187921
7430,episodic_length,7.0
7436,episodic_return,35.32348883589293
7436,episodic_length,5.0
7441,episodic_return,25.81508119585363
7441,episodic_length,4.0
7450,episodic_return,62.95242940715423
7450,episodic_length,8.0
7459,episodic_return,63.07108380237751
7459,episodic_length,8.0
7469,episodic_return,71.78570879644285
7469,episodic_length,9.0
7477,episodic_return,54.16994525509716
7477,episodic_length,7.0
7485,episodic_return,53.27095562482992
7485,episodic_length,7.0
7493,episodic_return,53.50303996036364
7493,episodic_length,7.0
7500,episodic_return,44.65244847444891
7500,episodic_length,6.0
7513,episodic_return,100.02999872317001
7513,episodic_length,12.0
7519,episodic_return,35.310392286315405
7519,episodic_length,5.0
7528,episodic_return,62.571756300186
7528,episodic_length,8.0
7533,episodic_return,26.023078097936825
7533,episodic_length,4.0
7540,episodic_return,44.15200157475687
7540,episodic_length,6.0
7550,episodic_return,72.73942019663605
7550,episodic_length,9.0
7559,episodic_return,63.24578503463482
7559,episodic_length,8.0
7568,episodic_return,62.72413956800948
7568,episodic_length,8.0
7574,episodic_return,35.036824801199025
7574,episodic_length,5.0
7583,episodic_return,63.4889939452712
7583,episodic_length,8.0
7590,episodic_return,44.62213017687612
7590,episodic_length,6.0
7599,episodic_return,63.45302586924076
7599,episodic_length,8.0
7607,episodic_return,53.54495690455193
7607,episodic_length,7.0
7618,episodic_return,81.82708519382886
7618,episodic_length,10.0
7627,episodic_return,63.29603222297868
7627,episodic_length,8.0
7633,episodic_return,35.017378992867314
7633,episodic_length,5.0
7639,episodic_return,34.978967760090335
7639,episodic_length,5.0
7648,episodic_return,63.20042683763721
7648,episodic_length,8.0
7655,episodic_return,44.510913279933106
7655,episodic_length,6.0
7662,episodic_return,44.65824091739766
7662,episodic_length,6.0
7670,episodic_return,53.68587994051257
7670,episodic_length,7.0
7679,episodic_return,63.02187789850389
7679,episodic_length,8.0
7687,episodic_return,53.710216160293264
7687,episodic_length,7.0
7694,episodic_return,44.45336803950254
7694,episodic_length,6.0
7699,episodic_return,25.58835938133123
7699,episodic_length,4.0
7711,episodic_return,90.8560490902508
7711,episodic_length,11.0
7716,episodic_return,25.619314478918497
7716,episodic_length,4.0
7726,episodic_return,72.387923545424
7726,episodic_length,9.0
7734,episodic_return,53.791620434473245
7734,episodic_length,7.0
7746,episodic_return,91.1657075546306
7746,episodic_length,11.0
7753,episodic_return,44.30508046665339
7753,episodic_length,6.0
7760,episodic_return,44.588017577473096
7760,episodic_length,6.0
7767,episodic_return,44.18419556217545
7767,episodic_length,6.0
7774,episodic_return,44.63223802499878
7774,episodic_length,6.0
7781,episodic_return,44.28470485602902
7781,episodic_length,6.0
7789,episodic_return,53.37349664817834
7789,episodic_length,7.0
7799,episodic_return,72.56746657712768
7799,episodic_length,9.0
7813,episodic_return,109.36879014195291
7813,episodic_length,13.0
7821,episodic_return,53.94391962852382
7821,episodic_length,7.0
7830,episodic_return,62.80147729862132
7830,episodic_length,8.0
7838,episodic_return,53.71766084943911
7838,episodic_length,7.0
7845,episodic_return,44.58953537258281
7845,episodic_length,6.0
7850,episodic_return,26.160970132493013
7850,episodic_length,4.0
7863,episodic_return,100.52982181680825
7863,episodic_length,12.0
7870,episodic_return,44.46079343983909
7870,episodic_length,6.0
7876,episodic_return,35.15063558380666
7876,episodic_length,5.0
7886,episodic_return,72.22753661564686
7886,episodic_length,9.0
7894,episodic_return,53.653419435502265
7894,episodic_length,7.0
7904,episodic_return,72.52041037705138
7904,episodic_length,9.0
7912,episodic_return,54.1923756423041
7912,episodic_length,7.0
7919,episodic_return,44.52329755488521
7919,episodic_length,6.0
7926,episodic_return,44.337039182807914
7926,episodic_length,6.0
7940,episodic_return,110.04716766142403
7940,episodic_length,13.0
7945,episodic_return,26.13252325215192
7945,episodic_length,4.0
7954,episodic_return,63.26954364970053
7954,episodic_length,8.0
7963,episodic_return,63.28509876138159
7963,episodic_length,8.0
7972,episodic_return,63.00357105975931
7972,episodic_length,8.0
7979,episodic_return,44.564079933836965
7979,episodic_length,6.0
7987,episodic_return,53.39029732720127
7987,episodic_length,7.0
7994,episodic_return,44.31403334264875
7994,episodic_length,6.0
8009,episodic_return,118.72453218105937
8009,episodic_length,14.0
8014,episodic_return,26.12015733897295
8014,episodic_length,4.0
8024,episodic_return,72.27413405602799
8024,episodic_length,9.0
8032,episodic_return,53.62272982817649
8032,episodic_length,7.0
8040,episodic_return,53.73710314959723
8040,episodic_length,7.0
8050,episodic_return,72.09773308699025
8050,episodic_length,9.0
8059,episodic_return,62.93876432240374
8059,episodic_length,8.0
8076,episodic_return,138.02910612707169
8076,episodic_length,16.0
8084,episodic_return,54.199811842184104
8084,episodic_length,7.0
8093,episodic_return,63.4093196784271
8093,episodic_length,8.0
8105,episodic_return,90.83426725021042
8105,episodic_length,11.0
8112,episodic_return,44.701068826348724
8112,episodic_length,6.0
8121,episodic_return,62.90555879153916
8121,episodic_length,8.0
8131,episodic_return,72.52197119599707
8131,episodic_length,9.0
8140,episodic_return,62.69458215981722
8140,episodic_length,8.0
8149,episodic_return,62.7504500566939
8149,episodic_length,8.0
8163,episodic_return,109.72598441889691
8163,episodic_length,13.0
8174,episodic_return,81.93709691068047
8174,episodic_length,10.0
8179,episodic_return,25.83258062164446
8179,episodic_length,4.0
8187,episodic_return,53.36705829298024
8187,episodic_length,7.0
8192,value_loss,0.618560254573822
8192,policy_loss,-0.013525255024433136
8192,approx_kl,0.014200450852513313
8192,clipfrac,0.16103515625
8192,explained_variance,0.17150306701660156
8192,sps,531.0
8200,episodic_return,100.1854504343029
8200,episodic_length,12.0
8210,episodic_return,72.66108495369127
8210,episodic_length,9.0
8219,episodic_return,62.98617160474476
8219,episodic_length,8.0
8235,episodic_return,128.9099440977045
8235,episodic_length,15.0
8243,episodic_return,54.03535141623877
8243,episodic_length,7.0
8258,episodic_return,118.68699558064174
8258,episodic_length,14.0
8269,episodic_return,82.13271894449846
8269,episodic_length,10.0
8278,episodic_return,62.51486093629268
8278,episodic_length,8.0
8292,episodic_return,109.56925479193022
8292,episodic_length,13.0
8299,episodic_return,44.596766706896865
8299,episodic_length,6.0
8307,episodic_return,53.500858694277
8307,episodic_length,7.0
8315,episodic_return,53.266462359886596
8315,episodic_length,7.0
8330,episodic_return,118.93407212595947
8330,episodic_length,14.0
8339,episodic_return,63.54939807476549
8339,episodic_length,8.0
8354,episodic_return,119.18225305640675
8354,episodic_length,14.0
8363,episodic_return,63.05192526437102
8363,episodic_length,8.0
8372,episodic_return,63.489175044817785
8372,episodic_length,8.0
8380,episodic_return,53.85568677512442
8380,episodic_length,7.0
8390,episodic_return,72.35169621043825
8390,episodic_length,9.0
8405,episodic_return,118.45803964894054
8405,episodic_length,14.0
8416,episodic_return,82.17112034087155
8416,episodic_length,10.0
8425,episodic_return,63.31907796615216
8425,episodic_length,8.0
8432,episodic_return,44.64848442618742
8432,episodic_length,6.0
8445,episodic_return,100.42886676717274
8445,episodic_length,12.0
8454,episodic_return,63.28317042370565
8454,episodic_length,8.0
8459,episodic_return,26.058314980117466
8459,episodic_length,4.0
8467,episodic_return,53.949385050157865
8467,episodic_length,7.0
8477,episodic_return,72.99813102052347
8477,episodic_length,9.0
8486,episodic_return,63.33487302332889
8486,episodic_length,8.0
8498,episodic_return,91.15477609638816
8498,episodic_length,11.0
8506,episodic_return,53.938254132749584
8506,episodic_length,7.0
8520,episodic_return,110.21257227689229
8520,episodic_length,13.0
8527,episodic_return,44.054069650738086
8527,episodic_length,6.0
8536,episodic_return,63.778544419040514
8536,episodic_length,8.0
8549,episodic_return,100.27071606301178
8549,episodic_length,12.0
8557,episodic_return,53.98093984165867
8557,episodic_length,7.0
8564,episodic_return,44.55382996863086
8564,episodic_length,6.0
8572,episodic_return,54.06800976842456
8572,episodic_length,7.0
8577,episodic_return,25.98528850487701
8577,episodic_length,4.0
8587,episodic_return,72.30833801481558
8587,episodic_length,9.0
8604,episodic_return,138.1529921946855
8604,episodic_length,16.0
8617,episodic_return,100.50544868256743
8617,episodic_length,12.0
8627,episodic_return,72.48003877469324
8627,episodic_length,9.0
8633,episodic_return,35.14019039808301
8633,episodic_length,5.0
8640,episodic_return,44.40235560234158
8640,episodic_length,6.0
8647,episodic_return,44.37224338251856
8647,episodic_length,6.0
8666,episodic_return,156.35866297916638
8666,episodic_length,18.0
8675,episodic_return,62.87697008519783
8675,episodic_length,8.0
8682,episodic_return,44.24376662427483
8682,episodic_length,6.0
8691,episodic_return,63.3373606043597
8691,episodic_length,8.0
8700,episodic_return,63.06549912568293
8700,episodic_length,8.0
8711,episodic_return,82.06914064524946
8711,episodic_length,10.0
8724,episodic_return,100.28671360682536
8724,episodic_length,12.0
8735,episodic_return,81.28212978836399
8735,episodic_length,10.0
8744,episodic_return,62.74399801534659
8744,episodic_length,8.0
8754,episodic_return,72.30049800506244
8754,episodic_length,9.0
8766,episodic_return,91.61448604419589
8766,episodic_length,11.0
8778,episodic_return,91.01836961043675
8778,episodic_length,11.0
8789,episodic_return,81.83003807153563
8789,episodic_length,10.0
8796,episodic_return,44.656371761019194
8796,episodic_length,6.0
8803,episodic_return,44.2987504590457
8803,episodic_length,6.0
8808,episodic_return,25.8167855485171
8808,episodic_length,4.0
8818,episodic_return,72.28670361098746
8818,episodic_length,9.0
8825,episodic_return,44.60991254378776
8825,episodic_length,6.0
8836,episodic_return,81.13481367809344
8836,episodic_length,10.0
8844,episodic_return,53.929762870091785
8844,episodic_length,7.0
8858,episodic_return,108.93146140503374
8858,episodic_length,13.0
8864,episodic_return,35.141918269847736
8864,episodic_length,5.0
8873,episodic_return,63.493691881619796
8873,episodic_length,8.0
8882,episodic_return,63.268604926002915
8882,episodic_length,8.0
8894,episodic_return,90.33607687459201
8894,episodic_length,11.0
8903,episodic_return,63.19988644464049
8903,episodic_length,8.0
8909,episodic_return,34.5743434084552
8909,episodic_length,5.0
8917,episodic_return,53.61764069802111
8917,episodic_length,7.0
8925,episodic_return,54.2154027091711
8925,episodic_length,7.0
8931,episodic_return,35.334629523051426
8931,episodic_length,5.0
8938,episodic_return,44.62592575825046
8938,episodic_length,6.0
8948,episodic_return,72.46503809695984
8948,episodic_length,9.0
8958,episodic_return,72.28538288776372
8958,episodic_length,9.0
8968,episodic_return,72.27058566881088
8968,episodic_length,9.0
8980,episodic_return,91.07965999605531
8980,episodic_length,11.0
8989,episodic_return,63.07962194360045
8989,episodic_length,8.0
9001,episodic_return,91.14969211721932
9001,episodic_length,11.0
9010,episodic_return,63.575086466468356
9010,episodic_length,8.0
9018,episodic_return,53.740690100856334
9018,episodic_length,7.0
9025,episodic_return,44.55519972056013
9025,episodic_length,6.0
9033,episodic_return,53.95296844318408
9033,episodic_length,7.0
9044,episodic_return,81.73059270173697
9044,episodic_length,10.0
9051,episodic_return,44.57177902249542
9051,episodic_length,6.0
9058,episodic_return,44.32305903915505
9058,episodic_length,6.0
9072,episodic_return,109.93888196308214
9072,episodic_length,13.0
9080,episodic_return,54.28056782283443
9080,episodic_length,7.0
9087,episodic_return,44.2974844588572
9087,episodic_length,6.0
9098,episodic_return,81.86576636643944
9098,episodic_length,10.0
9106,episodic_return,53.9312964132811
9106,episodic_length,7.0
9113,episodic_return,44.861866804534216
9113,episodic_length,6.0
9123,episodic_return,72.8577492636789
9123,episodic_length,9.0
9130,episodic_return,44.69315209417603
9130,episodic_length,6.0
9140,episodic_return,72.79258633939405
9140,episodic_length,9.0
9150,episodic_return,72.60127485240271
9150,episodic_length,9.0
9164,episodic_return,109.70449503404032
9164,episodic_length,13.0
9176,episodic_return,90.82466963282565
9176,episodic_length,11.0
9185,episodic_return,63.34802514935064
9185,episodic_length,8.0
9197,episodic_return,90.8602604217787
9197,episodic_length,11.0
9204,episodic_return,44.7792872955628
9204,episodic_length,6.0
9215,episodic_return,81.7269540998282
9215,episodic_length,10.0
9224,episodic_return,62.768822608405166
9224,episodic_length,8.0
9235,episodic_return,81.76254172610147
9235,episodic_length,10.0
9241,episodic_return,35.08626376869732
9241,episodic_length,5.0
9252,episodic_return,81.99575135382639
9252,episodic_length,10.0
9261,episodic_return,63.28592575246004
9261,episodic_length,8.0
9270,episodic_return,62.92452526857669
9270,episodic_length,8.0
9278,episodic_return,53.751439726976976
9278,episodic_length,7.0
9287,episodic_return,62.93547311194339
9287,episodic_length,8.0
9300,episodic_return,100.33005891621366
9300,episodic_length,12.0
9309,episodic_return,63.33563856743744
9309,episodic_length,8.0
9318,episodic_return,63.09316004661306
9318,episodic_length,8.0
9334,episodic_return,128.27910414686448
9334,episodic_length,15.0
9341,episodic_return,44.6665791082182
9341,episodic_length,6.0
9346,episodic_return,25.86424233184721
9346,episodic_length,4.0
9354,episodic_return,53.69098618639915
9354,episodic_length,7.0
9364,episodic_return,72.63252727720244
9364,episodic_length,9.0
9378,episodic_return,109.71824573268006
9378,episodic_length,13.0
9389,episodic_return,81.77533036062941
9389,episodic_length,10.0
9397,episodic_return,53.931506999564704
9397,episodic_length,7.0
9407,episodic_return,72.89946435698016
9407,episodic_length,9.0
9415,episodic_return,54.00193336457708
9415,episodic_length,7.0
9423,episodic_return,54.075333676176065
9423,episodic_length,7.0
9432,episodic_return,63.266430862537774
9432,episodic_length,8.0
9443,episodic_return,82.22957547612515
9443,episodic_length,10.0
9451,episodic_return,54.03815944535859
9451,episodic_length,7.0
9463,episodic_return,91.03987885926418
9463,episodic_length,11.0
9469,episodic_return,34.924207916335405
9469,episodic_length,5.0
9485,episodic_return,128.74930661583818
9485,episodic_length,15.0
9494,episodic_return,62.35691576816773
9494,episodic_length,8.0
9504,episodic_return,72.5229545427642
9504,episodic_length,9.0
9509,episodic_return,26.24587797223261
9509,episodic_length,4.0
9520,episodic_return,81.45226527452876
9520,episodic_length,10.0
9528,episodic_return,53.53824447638015
9528,episodic_length,7.0
9542,episodic_return,109.15762978866591
9542,episodic_length,13.0
9551,episodic_return,63.20202778915848
9551,episodic_length,8.0
9558,episodic_return,44.37019380539343
9558,episodic_length,6.0
9566,episodic_return,53.20739881847075
9566,episodic_length,7.0
9577,episodic_return,81.58206091673819
9577,episodic_length,10.0
9590,episodic_return,99.97761482472806
9590,episodic_length,12.0
9600,episodic_return,72.13726501320598
9600,episodic_length,9.0
9608,episodic_return,54.34120203837792
9608,episodic_length,7.0
9615,episodic_return,44.4624510539534
9615,episodic_length,6.0
9623,episodic_return,53.860815052333116
9623,episodic_length,7.0
9633,episodic_return,72.7177172115672
9633,episodic_length,9.0
9644,episodic_return,82.11016205822561
9644,episodic_length,10.0
9654,episodic_return,72.75508742228101
9654,episodic_length,9.0
9663,episodic_return,62.843652474307305
9663,episodic_length,8.0
9669,episodic_return,34.97014881721707
9669,episodic_length,5.0
9680,episodic_return,81.71363787158819
9680,episodic_length,10.0
9689,episodic_return,63.20416357170976
9689,episodic_length,8.0
9698,episodic_return,63.50217571801558
9698,episodic_length,8.0
9706,episodic_return,54.14878791228233
9706,episodic_length,7.0
9720,episodic_return,109.89157266562556
9720,episodic_length,13.0
9730,episodic_return,72.35822196714302
9730,episodic_length,9.0
9741,episodic_return,81.57046125558573
9741,episodic_length,10.0
9752,episodic_return,81.32241416801891
9752,episodic_length,10.0
9761,episodic_return,63.41649960376691
9761,episodic_length,8.0
9768,episodic_return,44.15974787900042
9768,episodic_length,6.0
9781,episodic_return,100.8398339110313
9781,episodic_length,12.0
9791,episodic_return,72.37721117702998
9791,episodic_length,9.0
9798,episodic_return,44.10509016928028
9798,episodic_length,6.0
9805,episodic_return,44.44384519393077
9805,episodic_length,6.0
9811,episodic_return,35.26358942061922
9811,episodic_length,5.0
9815,episodic_return,16.827556059287296
9815,episodic_length,3.0
9824,episodic_return,63.32436133053111
9824,episodic_length,8.0
9832,episodic_return,53.75862989858526
9832,episodic_length,7.0
9838,episodic_return,35.2310639355249
9838,episodic_length,5.0
9853,episodic_return,119.07189122640047
9853,episodic_length,14.0
9862,episodic_return,63.378464608918094
9862,episodic_length,8.0
9873,episodic_return,81.84128022543695
9873,episodic_length,10.0
9888,episodic_return,118.91428120829868
9888,episodic_length,14.0
9900,episodic_return,91.20893251573685
9900,episodic_length,11.0
9905,episodic_return,25.866901604135766
9905,episodic_length,4.0
9914,episodic_return,63.38246945244124
9914,episodic_length,8.0
9924,episodic_return,71.99064125447889
9924,episodic_length,9.0
9931,episodic_return,44.12546084990595
9931,episodic_length,6.0
9938,episodic_return,44.646737398107575
9938,episodic_length,6.0
9946,episodic_return,54.152604404841334
9946,episodic_length,7.0
9955,episodic_return,63.22085617534049
9955,episodic_length,8.0
9969,episodic_return,109.89092521076441
9969,episodic_length,13.0
9976,episodic_return,44.50264988240382
9976,episodic_length,6.0
9986,episodic_return,72.22799299203373
9986,episodic_length,9.0
9995,episodic_return,63.627346897828374
9995,episodic_length,8.0
10005,episodic_return,71.93667076267734
10005,episodic_length,9.0
10014,episodic_return,63.14267107617668
10014,episodic_length,8.0
10021,episodic_return,44.58856655530109
10021,episodic_length,6.0
10035,episodic_return,109.63807603678124
10035,episodic_length,13.0
10044,episodic_return,63.26837955898963
10044,episodic_length,8.0
10055,episodic_return,82.19109814231513
10055,episodic_length,10.0
10062,episodic_return,44.764809750598126
10062,episodic_length,6.0
10072,episodic_return,72.16823381240087
10072,episodic_length,9.0
10079,episodic_return,44.053907488092015
10079,episodic_length,6.0
10085,episodic_return,35.050726501708276
10085,episodic_length,5.0
10095,episodic_return,72.88047222678742
10095,episodic_length,9.0
10103,episodic_return,53.25382106961071
10103,episodic_length,7.0
10114,episodic_return,82.14023177961144
10114,episodic_length,10.0
10123,episodic_return,63.50487343158462
10123,episodic_length,8.0
10129,episodic_return,34.93799355472643
10129,episodic_length,5.0
10137,episodic_return,53.45558795364418
10137,episodic_length,7.0
10145,episodic_return,53.45974004817376
10145,episodic_length,7.0
10154,episodic_return,63.21396757152787
10154,episodic_length,8.0
10159,episodic_return,25.818269831532696
10159,episodic_length,4.0
10170,episodic_return,82.19224170336851
10170,episodic_length,10.0
10177,episodic_return,44.50635284491933
10177,episodic_length,6.0
10189,episodic_return,90.57906037100368
10189,episodic_length,11.0
10195,episodic_return,34.59777065043196
10195,episodic_length,5.0
10206,episodic_return,82.05970321771125
10206,episodic_length,10.0
10216,episodic_return,72.69140614518122
10216,episodic_length,9.0
10226,episodic_return,72.69598101519567
10226,episodic_length,9.0
10239,episodic_return,100.51825668538532
10239,episodic_length,12.0
10240,value_loss,0.45932531356811523
10240,policy_loss,-0.011591518297791481
10240,approx_kl,0.00693325512111187
10240,clipfrac,0.1033203125
10240,explained_variance,0.222983717918396
10240,sps,530.0
10249,episodic_return,72.68578443810468
10249,episodic_length,9.0
10257,episodic_return,53.854200913077335
10257,episodic_length,7.0
10266,episodic_return,63.1101758515584
10266,episodic_length,8.0
10275,episodic_return,63.31230339756088
10275,episodic_length,8.0
10281,episodic_return,35.33385828240217
10281,episodic_length,5.0
10296,episodic_return,119.43915290484183
10296,episodic_length,14.0
10317,episodic_return,174.06452285045697
10317,episodic_length,20.0
10324,episodic_return,44.12764537975092
10324,episodic_length,6.0
10334,episodic_return,71.86844556792224
10334,episodic_length,9.0
10347,episodic_return,100.59549916666707
10347,episodic_length,12.0
10354,episodic_return,44.12675240176996
10354,episodic_length,6.0
10360,episodic_return,34.513937372114135
10360,episodic_length,5.0
10370,episodic_return,72.59451920142554
10370,episodic_length,9.0
10376,episodic_return,35.16946896674003
10376,episodic_length,5.0
10393,episodic_return,137.20213734996196
10393,episodic_length,16.0
10404,episodic_return,81.93820347670281
10404,episodic_length,10.0
10417,episodic_return,100.12851199962837
10417,episodic_length,12.0
10428,episodic_return,82.06530724588256
10428,episodic_length,10.0
10435,episodic_return,44.02610624129566
10435,episodic_length,6.0
10444,episodic_return,63.395905020795034
10444,episodic_length,8.0
10456,episodic_return,91.1947922937762
10456,episodic_length,11.0
10464,episodic_return,53.21936020782834
10464,episodic_length,7.0
10471,episodic_return,44.28880665504587
10471,episodic_length,6.0
10483,episodic_return,90.70700144398359
10483,episodic_length,11.0
10492,episodic_return,62.8141780464542
10492,episodic_length,8.0
10503,episodic_return,82.12152634115074
10503,episodic_length,10.0
10510,episodic_return,44.42086191614867
10510,episodic_length,6.0
10529,episodic_return,155.43983240497576
10529,episodic_length,18.0
10538,episodic_return,62.8887712067802
10538,episodic_length,8.0
10548,episodic_return,72.68318908325256
10548,episodic_length,9.0
10558,episodic_return,71.95751309317784
10558,episodic_length,9.0
10569,episodic_return,81.96626848005695
10569,episodic_length,10.0
10579,episodic_return,72.06667473846807
10579,episodic_length,9.0
10588,episodic_return,62.994520375590525
10588,episodic_length,8.0
10597,episodic_return,63.363698365162925
10597,episodic_length,8.0
10608,episodic_return,81.57953687454108
10608,episodic_length,10.0
10617,episodic_return,63.25880856022603
10617,episodic_length,8.0
10626,episodic_return,63.301395182149854
10626,episodic_length,8.0
10634,episodic_return,53.64236482748617
10634,episodic_length,7.0
10649,episodic_return,118.81544826136621
10649,episodic_length,14.0
10666,episodic_return,137.27861687377927
10666,episodic_length,16.0
10676,episodic_return,72.42178269508206
10676,episodic_length,9.0
10687,episodic_return,82.20055496046771
10687,episodic_length,10.0
10697,episodic_return,72.14269725419915
10697,episodic_length,9.0
10704,episodic_return,44.25128240242601
10704,episodic_length,6.0
10717,episodic_return,100.30976575120589
10717,episodic_length,12.0
10726,episodic_return,63.48677371243623
10726,episodic_length,8.0
10738,episodic_return,90.93629529736731
10738,episodic_length,11.0
10749,episodic_return,81.81471795045466
10749,episodic_length,10.0
10757,episodic_return,53.97423740853892
10757,episodic_length,7.0
10767,episodic_return,73.03008186885285
10767,episodic_length,9.0
10777,episodic_return,72.52065350546006
10777,episodic_length,9.0
10783,episodic_return,35.07431853440262
10783,episodic_length,5.0
10792,episodic_return,63.20933382896434
10792,episodic_length,8.0
10802,episodic_return,72.7283293786882
10802,episodic_length,9.0
10813,episodic_return,81.51298811576027
10813,episodic_length,10.0
10821,episodic_return,53.85551363795031
10821,episodic_length,7.0
10831,episodic_return,72.32627921011718
10831,episodic_length,9.0
10840,episodic_return,63.15309225798967
10840,episodic_length,8.0
10847,episodic_return,44.69047841186245
10847,episodic_length,6.0
10856,episodic_return,63.156092246404064
10856,episodic_length,8.0
10871,episodic_return,118.81722784348707
10871,episodic_length,14.0
10878,episodic_return,44.13116018233372
10878,episodic_length,6.0
10889,episodic_return,82.15034985845674
10889,episodic_length,10.0
10896,episodic_return,44.34103524538397
10896,episodic_length,6.0
10908,episodic_return,90.93700570210868
10908,episodic_length,11.0
10917,episodic_return,63.14183927007591
10917,episodic_length,8.0
10926,episodic_return,63.281816898451495
10926,episodic_length,8.0
10936,episodic_return,72.34628608648363
10936,episodic_length,9.0
10944,episodic_return,53.68593135779636
10944,episodic_length,7.0
10955,episodic_return,81.74137395298183
10955,episodic_length,10.0
10971,episodic_return,128.6555005088342
10971,episodic_length,15.0
10977,episodic_return,35.43327017666821
10977,episodic_length,5.0
10989,episodic_return,91.54231035289787
10989,episodic_length,11.0
10998,episodic_return,63.464997222348224
10998,episodic_length,8.0
11009,episodic_return,82.21502436005143
11009,episodic_length,10.0
11026,episodic_return,136.8358536860403
11026,episodic_length,16.0
11036,episodic_return,72.57077133709247
11036,episodic_length,9.0
11047,episodic_return,81.53423898586223
11047,episodic_length,10.0
11056,episodic_return,63.300632963538746
11056,episodic_length,8.0
11070,episodic_return,108.80156846419385
11070,episodic_length,13.0
11080,episodic_return,72.68458619372115
11080,episodic_length,9.0
11089,episodic_return,62.59113073457574
11089,episodic_length,8.0
11098,episodic_return,63.541050872970416
11098,episodic_length,8.0
11106,episodic_return,53.81230423486183
11106,episodic_length,7.0
11118,episodic_return,91.22230266999182
11118,episodic_length,11.0
11127,episodic_return,63.70898654764222
11127,episodic_length,8.0
11133,episodic_return,35.40797844909296
11133,episodic_length,5.0
11147,episodic_return,109.87265400656099
11147,episodic_length,13.0
11164,episodic_return,137.47596602501423
11164,episodic_length,16.0
11175,episodic_return,81.45781705158744
11175,episodic_length,10.0
11182,episodic_return,44.655624770486746
11182,episodic_length,6.0
11194,episodic_return,91.17507157547232
11194,episodic_length,11.0
11208,episodic_return,110.17371242634741
11208,episodic_length,13.0
11219,episodic_return,82.0055838187188
11219,episodic_length,10.0
11227,episodic_return,53.811341396935475
11227,episodic_length,7.0
11237,episodic_return,72.33788596804851
11237,episodic_length,9.0
11249,episodic_return,90.72915611499036
11249,episodic_length,11.0
11259,episodic_return,72.37305882892487
11259,episodic_length,9.0
11267,episodic_return,53.987261994304575
11267,episodic_length,7.0
11274,episodic_return,44.29688615886473
11274,episodic_length,6.0
11283,episodic_return,63.445378259484876
11283,episodic_length,8.0
11291,episodic_return,53.52422488741227
11291,episodic_length,7.0
11302,episodic_return,81.97455677885982
11302,episodic_length,10.0
11312,episodic_return,72.8106773212776
11312,episodic_length,9.0
11321,episodic_return,62.927511988496214
11321,episodic_length,8.0
11330,episodic_return,63.3001324773477
11330,episodic_length,8.0
11339,episodic_return,63.402958855339705
11339,episodic_length,8.0
11349,episodic_return,72.53057693504321
11349,episodic_length,9.0
11358,episodic_return,62.6984428398152
11358,episodic_length,8.0
11367,episodic_return,63.33918415058803
11367,episodic_length,8.0
11374,episodic_return,44.29787781275679
11374,episodic_length,6.0
11394,episodic_return,165.1850541295989
11394,episodic_length,19.0
11416,episodic_return,183.32566316259368
11416,episodic_length,21.0
11428,episodic_return,91.42938155837084
11428,episodic_length,11.0
11435,episodic_return,44.18451308491916
11435,episodic_length,6.0
11446,episodic_return,81.97676941728412
11446,episodic_length,10.0
11457,episodic_return,81.76655410047591
11457,episodic_length,10.0
11465,episodic_return,53.70559299056864
11465,episodic_length,7.0
11474,episodic_return,63.36242397249651
11474,episodic_length,8.0
11483,episodic_return,62.782526726780496
11483,episodic_length,8.0
11496,episodic_return,100.92438043525034
11496,episodic_length,12.0
11507,episodic_return,81.4768006936432
11507,episodic_length,10.0
11520,episodic_return,99.8969550463482
11520,episodic_length,12.0
11530,episodic_return,72.39385880257511
11530,episodic_length,9.0
11538,episodic_return,53.857601100644466
11538,episodic_length,7.0
11545,episodic_return,44.630822086457236
11545,episodic_length,6.0
11557,episodic_return,90.86713060015967
11557,episodic_length,11.0
11564,episodic_return,44.500830333079776
11564,episodic_length,6.0
11571,episodic_return,44.6057444763245
11571,episodic_length,6.0
11585,episodic_return,110.38939137981879
11585,episodic_length,13.0
11594,episodic_return,63.57344916848156
11594,episodic_length,8.0
11605,episodic_return,81.43633322071285
11605,episodic_length,10.0
11614,episodic_return,62.940074493838196
11614,episodic_length,8.0
11628,episodic_return,109.97348009522986
11628,episodic_length,13.0
11635,episodic_return,44.49111450903599
11635,episodic_length,6.0
11641,episodic_return,35.22333784343155
11641,episodic_length,5.0
11657,episodic_return,128.538694387263
11657,episodic_length,15.0
11669,episodic_return,91.42308752347064
11669,episodic_length,11.0
11677,episodic_return,54.190126734616925
11677,episodic_length,7.0
11682,episodic_return,26.13365174838071
11682,episodic_length,4.0
11695,episodic_return,100.67017625212927
11695,episodic_length,12.0
11704,episodic_return,63.04689505951824
11704,episodic_length,8.0
11711,episodic_return,44.40582102188261
11711,episodic_length,6.0
11720,episodic_return,62.87697575668862
11720,episodic_length,8.0
11732,episodic_return,91.03530857585736
11732,episodic_length,11.0
11740,episodic_return,54.23939405327624
11740,episodic_length,7.0
11745,episodic_return,26.226848191585642
11745,episodic_length,4.0
11768,episodic_return,192.87444117664612
11768,episodic_length,22.0
11773,episodic_return,26.064947779667534
11773,episodic_length,4.0
11786,episodic_return,100.49822103237543
11786,episodic_length,12.0
11797,episodic_return,81.63890072845498
11797,episodic_length,10.0
11806,episodic_return,63.62784542399449
11806,episodic_length,8.0
11814,episodic_return,53.94264430407859
11814,episodic_length,7.0
11820,episodic_return,35.43531947347819
11820,episodic_length,5.0
11828,episodic_return,53.66525033411436
11828,episodic_length,7.0
11837,episodic_return,63.581318996939316
11837,episodic_length,8.0
11845,episodic_return,54.161372516313364
11845,episodic_length,7.0
11854,episodic_return,63.5037488660861
11854,episodic_length,8.0
11867,episodic_return,100.52735457117522
11867,episodic_length,12.0
11877,episodic_return,72.24073141817246
11877,episodic_length,9.0
11884,episodic_return,44.62008648462362
11884,episodic_length,6.0
11896,episodic_return,90.53064799439328
11896,episodic_length,11.0
11904,episodic_return,53.64201158363412
11904,episodic_length,7.0
11912,episodic_return,53.62868763823676
11912,episodic_length,7.0
11923,episodic_return,82.03106641387407
11923,episodic_length,10.0
11933,episodic_return,72.55082398234943
11933,episodic_length,9.0
11951,episodic_return,146.4056984972625
11951,episodic_length,17.0
11968,episodic_return,137.7541762284004
11968,episodic_length,16.0
11977,episodic_return,63.51084341956146
11977,episodic_length,8.0
11990,episodic_return,100.83094369644145
11990,episodic_length,12.0
12008,episodic_return,146.75788254024803
12008,episodic_length,17.0
12017,episodic_return,63.225862589702075
12017,episodic_length,8.0
12030,episodic_return,100.45523384086113
12030,episodic_length,12.0
12041,episodic_return,81.4993583307174
12041,episodic_length,10.0
12047,episodic_return,34.84918835454195
12047,episodic_length,5.0
12056,episodic_return,63.21202193088555
12056,episodic_length,8.0
12062,episodic_return,35.0480416384861
12062,episodic_length,5.0
12072,episodic_return,72.41540046841011
12072,episodic_length,9.0
12080,episodic_return,53.77174181833704
12080,episodic_length,7.0
12096,episodic_return,128.44176586511034
12096,episodic_length,15.0
12110,episodic_return,109.35184572067743
12110,episodic_length,13.0
12122,episodic_return,91.26673445757724
12122,episodic_length,11.0
12132,episodic_return,72.84030013626152
12132,episodic_length,9.0
12144,episodic_return,91.33703764316378
12144,episodic_length,11.0
12158,episodic_return,109.32755401748932
12158,episodic_length,13.0
12165,episodic_return,44.58235278206177
12165,episodic_length,6.0
12175,episodic_return,72.24189931218196
12175,episodic_length,9.0
12187,episodic_return,91.03547875123272
12187,episodic_length,11.0
12202,episodic_return,118.8435760133937
12202,episodic_length,14.0
12212,episodic_return,71.94354371367544
12212,episodic_length,9.0
12227,episodic_return,119.0183684939441
12227,episodic_length,14.0
12238,episodic_return,82.02673655708163
12238,episodic_length,10.0
12254,episodic_return,128.29298638261326
12254,episodic_length,15.0
12262,episodic_return,53.59927976435459
12262,episodic_length,7.0
12270,episodic_return,53.380791214241825
12270,episodic_length,7.0
12283,episodic_return,100.13586835467672
12283,episodic_length,12.0
12288,value_loss,0.5199620723724365
12288,policy_loss,-0.03909902274608612
12288,approx_kl,0.010791143402457237
12288,clipfrac,0.154833984375
12288,explained_variance,0.26510822772979736
12288,sps,530.0
12290,episodic_return,44.23043203075005
12290,episodic_length,6.0
12300,episodic_return,72.42718044242093
12300,episodic_length,9.0
12310,episodic_return,72.41643316433458
12310,episodic_length,9.0
12322,episodic_return,91.1117472570878
12322,episodic_length,11.0
12332,episodic_return,72.79536270566213
12332,episodic_length,9.0
12338,episodic_return,35.306375492552526
12338,episodic_length,5.0
12346,episodic_return,54.14128115910354
12346,episodic_length,7.0
12353,episodic_return,44.44699077839278
12353,episodic_length,6.0
12361,episodic_return,53.723335871660346
12361,episodic_length,7.0
12375,episodic_return,110.14018110496679
12375,episodic_length,13.0
12387,episodic_return,91.44888961662198
12387,episodic_length,11.0
12403,episodic_return,127.9904488372421
12403,episodic_length,15.0
12412,episodic_return,63.16228785289719
12412,episodic_length,8.0
12419,episodic_return,44.43859442082027
12419,episodic_length,6.0
12430,episodic_return,81.7780243849663
12430,episodic_length,10.0
12439,episodic_return,63.54791119674138
12439,episodic_length,8.0
12455,episodic_return,128.2271735178882
12455,episodic_length,15.0
12464,episodic_return,63.17479876821057
12464,episodic_length,8.0
12489,episodic_return,209.74566201207605
12489,episodic_length,24.0
12501,episodic_return,91.62702858279343
12501,episodic_length,11.0
12514,episodic_return,100.4665457645888
12514,episodic_length,12.0
12528,episodic_return,109.93586911138652
12528,episodic_length,13.0
12539,episodic_return,81.9794503945035
12539,episodic_length,10.0
12550,episodic_return,82.1679715877908
12550,episodic_length,10.0
12558,episodic_return,53.57123599864658
12558,episodic_length,7.0
12566,episodic_return,53.71231976573008
12566,episodic_length,7.0
12575,episodic_return,63.68486976439881
12575,episodic_length,8.0
12592,episodic_return,137.8327846960301
12592,episodic_length,16.0
12601,episodic_return,63.65678221759136
12601,episodic_length,8.0
12610,episodic_return,62.90724688136951
12610,episodic_length,8.0
12618,episodic_return,53.99701354043573
12618,episodic_length,7.0
12628,episodic_return,71.96139410180108
12628,episodic_length,9.0
12639,episodic_return,82.17742395326354
12639,episodic_length,10.0
12647,episodic_return,53.37010017338404
12647,episodic_length,7.0
12659,episodic_return,90.81593354356603
12659,episodic_length,11.0
12668,episodic_return,63.3572149286478
12668,episodic_length,8.0
12676,episodic_return,53.85174324926196
12676,episodic_length,7.0
12681,episodic_return,26.138900803378135
12681,episodic_length,4.0
12691,episodic_return,72.95100630197209
12691,episodic_length,9.0
12701,episodic_return,72.4710067662019
12701,episodic_length,9.0
12711,episodic_return,72.78727624384341
12711,episodic_length,9.0
12717,episodic_return,35.22723939829744
12717,episodic_length,5.0
12725,episodic_return,53.757730453281106
12725,episodic_length,7.0
12742,episodic_return,137.1116260014299
12742,episodic_length,16.0
12752,episodic_return,72.86181666375124
12752,episodic_length,9.0
12767,episodic_return,119.08438136512426
12767,episodic_length,14.0
12783,episodic_return,128.46826032328985
12783,episodic_length,15.0
12796,episodic_return,100.3980775439571
12796,episodic_length,12.0
12806,episodic_return,72.81606553378847
12806,episodic_length,9.0
12818,episodic_return,91.17327192957714
12818,episodic_length,11.0
12826,episodic_return,53.0636192504132
12826,episodic_length,7.0
12838,episodic_return,90.98342886521739
12838,episodic_length,11.0
12848,episodic_return,72.19907831428618
12848,episodic_length,9.0
12856,episodic_return,53.98093025083682
12856,episodic_length,7.0
12869,episodic_return,100.57897293746046
12869,episodic_length,12.0
12878,episodic_return,63.567131760964116
12878,episodic_length,8.0
12889,episodic_return,81.95454530577018
12889,episodic_length,10.0
12898,episodic_return,63.24459719542108
12898,episodic_length,8.0
12913,episodic_return,119.10172195414802
12913,episodic_length,14.0
12927,episodic_return,109.56702923206323
12927,episodic_length,13.0
12938,episodic_return,82.1105160953367
12938,episodic_length,10.0
12952,episodic_return,109.08463297201462
12952,episodic_length,13.0
12962,episodic_return,72.82469520079908
12962,episodic_length,9.0
12973,episodic_return,82.04885645366177
12973,episodic_length,10.0
12986,episodic_return,100.12189623593277
12986,episodic_length,12.0
12998,episodic_return,91.50489134158752
12998,episodic_length,11.0
13010,episodic_return,91.05040177459459
13010,episodic_length,11.0
13018,episodic_return,53.55282997700755
13018,episodic_length,7.0
13027,episodic_return,63.40582755428935
13027,episodic_length,8.0
13037,episodic_return,72.06694027368111
13037,episodic_length,9.0
13049,episodic_return,90.57214040882366
13049,episodic_length,11.0
13057,episodic_return,53.760692480527965
13057,episodic_length,7.0
13065,episodic_return,53.61615060201581
13065,episodic_length,7.0
13078,episodic_return,100.65939807586926
13078,episodic_length,12.0
13085,episodic_return,44.083640973627695
13085,episodic_length,6.0
13100,episodic_return,119.20096767925267
13100,episodic_length,14.0
13113,episodic_return,100.02260427375157
13113,episodic_length,12.0
13133,episodic_return,165.45673970119128
13133,episodic_length,19.0
13140,episodic_return,44.66253966331071
13140,episodic_length,6.0
13159,episodic_return,156.20607381011058
13159,episodic_length,18.0
13175,episodic_return,128.78522815916944
13175,episodic_length,15.0
13185,episodic_return,72.74256824461276
13185,episodic_length,9.0
13190,episodic_return,25.799755017239484
13190,episodic_length,4.0
13198,episodic_return,54.154306294415925
13198,episodic_length,7.0
13209,episodic_return,82.20898331422045
13209,episodic_length,10.0
13216,episodic_return,44.384185186744574
13216,episodic_length,6.0
13232,episodic_return,128.40609962713717
13232,episodic_length,15.0
13244,episodic_return,91.362343646935
13244,episodic_length,11.0
13255,episodic_return,82.04240740031153
13255,episodic_length,10.0
13267,episodic_return,90.73983901911235
13267,episodic_length,11.0
13279,episodic_return,90.6367659389625
13279,episodic_length,11.0
13288,episodic_return,63.691939518302625
13288,episodic_length,8.0
13299,episodic_return,82.00332737835534
13299,episodic_length,10.0
13308,episodic_return,63.05219672844873
13308,episodic_length,8.0
13324,episodic_return,127.61525624988694
13324,episodic_length,15.0
13335,episodic_return,81.68614396235569
13335,episodic_length,10.0
13344,episodic_return,62.76869308079939
13344,episodic_length,8.0
13352,episodic_return,54.12665899734867
13352,episodic_length,7.0
13362,episodic_return,72.83520157232887
13362,episodic_length,9.0
13370,episodic_return,53.818859072830016
13370,episodic_length,7.0
13378,episodic_return,54.16045536456955
13378,episodic_length,7.0
13388,episodic_return,72.83734289560552
13388,episodic_length,9.0
13398,episodic_return,72.89820200927892
13398,episodic_length,9.0
13408,episodic_return,72.36572007997648
13408,episodic_length,9.0
13420,episodic_return,91.23912192640934
13420,episodic_length,11.0
13427,episodic_return,44.45818307056554
13427,episodic_length,6.0
13441,episodic_return,110.03144732140912
13441,episodic_length,13.0
13455,episodic_return,109.34543569228751
13455,episodic_length,13.0
13465,episodic_return,72.75018534756852
13465,episodic_length,9.0
13474,episodic_return,63.48019093798406
13474,episodic_length,8.0
13489,episodic_return,119.3021458253702
13489,episodic_length,14.0
13499,episodic_return,72.5130628180719
13499,episodic_length,9.0
13509,episodic_return,72.40133188248171
13509,episodic_length,9.0
13517,episodic_return,54.04096612065079
13517,episodic_length,7.0
13530,episodic_return,100.45801445893467
13530,episodic_length,12.0
13540,episodic_return,72.61976728851756
13540,episodic_length,9.0
13551,episodic_return,81.78028013492793
13551,episodic_length,10.0
13561,episodic_return,72.49079673481575
13561,episodic_length,9.0
13569,episodic_return,53.63347077252872
13569,episodic_length,7.0
13579,episodic_return,72.59540938465624
13579,episodic_length,9.0
13594,episodic_return,119.46986081445324
13594,episodic_length,14.0
13607,episodic_return,100.50721027570798
13607,episodic_length,12.0
13615,episodic_return,54.323928750561265
13615,episodic_length,7.0
13624,episodic_return,63.32196225411536
13624,episodic_length,8.0
13646,episodic_return,183.97087680185018
13646,episodic_length,21.0
13654,episodic_return,54.03059479601521
13654,episodic_length,7.0
13665,episodic_return,82.00236576117933
13665,episodic_length,10.0
13675,episodic_return,73.06883651719285
13675,episodic_length,9.0
13683,episodic_return,54.071068721976864
13683,episodic_length,7.0
13691,episodic_return,53.907050878701774
13691,episodic_length,7.0
13706,episodic_return,118.56624636894314
13706,episodic_length,14.0
13723,episodic_return,137.374378803563
13723,episodic_length,16.0
13732,episodic_return,63.6514665028444
13732,episodic_length,8.0
13738,episodic_return,35.286728912640804
13738,episodic_length,5.0
13747,episodic_return,63.55868889963343
13747,episodic_length,8.0
13758,episodic_return,81.85713643679728
13758,episodic_length,10.0
13769,episodic_return,81.7777346267498
13769,episodic_length,10.0
13784,episodic_return,119.01923058363876
13784,episodic_length,14.0
13795,episodic_return,81.82984999788752
13795,episodic_length,10.0
13806,episodic_return,82.00141502841866
13806,episodic_length,10.0
13816,episodic_return,72.81366389802533
13816,episodic_length,9.0
13838,episodic_return,184.1606243256609
13838,episodic_length,21.0
13848,episodic_return,72.37276321242075
13848,episodic_length,9.0
13857,episodic_return,62.9419235990085
13857,episodic_length,8.0
13878,episodic_return,174.91087368862088
13878,episodic_length,20.0
13889,episodic_return,81.38576696245623
13889,episodic_length,10.0
13903,episodic_return,110.15631136300254
13903,episodic_length,13.0
13915,episodic_return,91.20686132955727
13915,episodic_length,11.0
13923,episodic_return,53.93561691704034
13923,episodic_length,7.0
13939,episodic_return,128.5849142147008
13939,episodic_length,15.0
13951,episodic_return,90.79228173739155
13951,episodic_length,11.0
13964,episodic_return,100.5340158756512
13964,episodic_length,12.0
13980,episodic_return,128.64577834680705
13980,episodic_length,15.0
13989,episodic_return,62.73339477221061
13989,episodic_length,8.0
14007,episodic_return,146.3298059856502
14007,episodic_length,17.0
14016,episodic_return,63.28168689068598
14016,episodic_length,8.0
14025,episodic_return,63.39010379474088
14025,episodic_length,8.0
14035,episodic_return,72.75438315807337
14035,episodic_length,9.0
14042,episodic_return,44.382099797307056
14042,episodic_length,6.0
14056,episodic_return,110.2188535375404
14056,episodic_length,13.0
14066,episodic_return,72.29793956178088
14066,episodic_length,9.0
14074,episodic_return,53.93488657018504
14074,episodic_length,7.0
14083,episodic_return,63.13543287258816
14083,episodic_length,8.0
14100,episodic_return,137.37225144429044
14100,episodic_length,16.0
14110,episodic_return,72.31313730380833
14110,episodic_length,9.0
14118,episodic_return,53.56956474787809
14118,episodic_length,7.0
14130,episodic_return,90.99050226816398
14130,episodic_length,11.0
14141,episodic_return,81.9537624598105
14141,episodic_length,10.0
14162,episodic_return,175.48987416045378
14162,episodic_length,20.0
14175,episodic_return,100.34528630657638
14175,episodic_length,12.0
14186,episodic_return,81.87765210903305
14186,episodic_length,10.0
14192,episodic_return,34.70060758250373
14192,episodic_length,5.0
14199,episodic_return,44.046624619500996
14199,episodic_length,6.0
14213,episodic_return,109.65504314268912
14213,episodic_length,13.0
14227,episodic_return,109.52492716301464
14227,episodic_length,13.0
14234,episodic_return,44.66545187603984
14234,episodic_length,6.0
14247,episodic_return,100.39340761130224
14247,episodic_length,12.0
14253,episodic_return,35.31390020486282
14253,episodic_length,5.0
14262,episodic_return,63.301346864897475
14262,episodic_length,8.0
14272,episodic_return,72.49692323382779
14272,episodic_length,9.0
14279,episodic_return,44.09886713761675
14279,episodic_length,6.0
14286,episodic_return,44.1348886361812
14286,episodic_length,6.0
14295,episodic_return,63.13704470342401
14295,episodic_length,8.0
14314,episodic_return,156.79563810511038
14314,episodic_length,18.0
14326,episodic_return,91.33738570079431
14326,episodic_length,11.0
14336,episodic_return,72.58015651673094
14336,episodic_length,9.0
14336,value_loss,0.45105478167533875
14336,policy_loss,-0.025011125952005386
14336,approx_kl,0.013060604222118855
14336,clipfrac,0.122607421875
14336,explained_variance,0.33753329515457153
14336,sps,530.0
14354,episodic_return,146.77837980632927
14354,episodic_length,17.0
14364,episodic_return,72.60650937627186
14364,episodic_length,9.0
14375,episodic_return,81.44661015640347
14375,episodic_length,10.0
14386,episodic_return,81.68536688775774
14386,episodic_length,10.0
14394,episodic_return,53.49357850019403
14394,episodic_length,7.0
14412,episodic_return,146.8108018668078
14412,episodic_length,17.0
14418,episodic_return,34.95469417929821
14418,episodic_length,5.0
14432,episodic_return,109.95616895847911
14432,episodic_length,13.0
14444,episodic_return,90.8875874412061
14444,episodic_length,11.0
14454,episodic_return,72.28569321299452
14454,episodic_length,9.0
14465,episodic_return,81.65077055296325
14465,episodic_length,10.0
14475,episodic_return,72.37125059534604
14475,episodic_length,9.0
14486,episodic_return,81.97236596842748
14486,episodic_length,10.0
14494,episodic_return,53.64233735132313
14494,episodic_length,7.0
14502,episodic_return,54.0135005719366
14502,episodic_length,7.0
14515,episodic_return,99.98933372465663
14515,episodic_length,12.0
14528,episodic_return,100.41413416002226
14528,episodic_length,12.0
14540,episodic_return,91.25997929738386
14540,episodic_length,11.0
14550,episodic_return,72.65065856714321
14550,episodic_length,9.0
14562,episodic_return,90.63623047705931
14562,episodic_length,11.0
14568,episodic_return,34.92119360472257
14568,episodic_length,5.0
14585,episodic_return,137.95236555346273
14585,episodic_length,16.0
14595,episodic_return,72.83769124589445
14595,episodic_length,9.0
14612,episodic_return,137.1192866243429
14612,episodic_length,16.0
14628,episodic_return,128.45753920478572
14628,episodic_length,15.0
14643,episodic_return,119.2474667124424
14643,episodic_length,14.0
14654,episodic_return,81.96027344136003
14654,episodic_length,10.0
14662,episodic_return,53.995643804837194
14662,episodic_length,7.0
14672,episodic_return,72.49539596819965
14672,episodic_length,9.0
14682,episodic_return,72.93673849270995
14682,episodic_length,9.0
14696,episodic_return,110.14453364890305
14696,episodic_length,13.0
14708,episodic_return,90.60884070667294
14708,episodic_length,11.0
14725,episodic_return,137.40368013747155
14725,episodic_length,16.0
14736,episodic_return,81.59458431598975
14736,episodic_length,10.0
14746,episodic_return,72.28073414458939
14746,episodic_length,9.0
14763,episodic_return,137.6799522053684
14763,episodic_length,16.0
14776,episodic_return,100.04366729899547
14776,episodic_length,12.0
14782,episodic_return,35.56964364304943
14782,episodic_length,5.0
14796,episodic_return,109.59974573119496
14796,episodic_length,13.0
14808,episodic_return,91.5855899911673
14808,episodic_length,11.0
14818,episodic_return,72.55883625375891
14818,episodic_length,9.0
14830,episodic_return,90.34327577830643
14830,episodic_length,11.0
14853,episodic_return,193.43074767781087
14853,episodic_length,22.0
14865,episodic_return,90.83199464110393
14865,episodic_length,11.0
14876,episodic_return,81.96508164882462
14876,episodic_length,10.0
14888,episodic_return,90.9351565223647
14888,episodic_length,11.0
14905,episodic_return,137.80964598851781
14905,episodic_length,16.0
14914,episodic_return,63.51706990486725
14914,episodic_length,8.0
14926,episodic_return,91.05598315570245
14926,episodic_length,11.0
14940,episodic_return,109.70976933762398
14940,episodic_length,13.0
14950,episodic_return,72.57317488990947
14950,episodic_length,9.0
14960,episodic_return,72.0369810436535
14960,episodic_length,9.0
14969,episodic_return,63.553850523123636
14969,episodic_length,8.0
14983,episodic_return,109.50650247268631
14983,episodic_length,13.0
14991,episodic_return,53.43188118304636
14991,episodic_length,7.0
15007,episodic_return,128.4280090172472
15007,episodic_length,15.0
15023,episodic_return,128.18454735403205
15023,episodic_length,15.0
15033,episodic_return,72.75589287246369
15033,episodic_length,9.0
15045,episodic_return,90.68992764628302
15045,episodic_length,11.0
15055,episodic_return,72.70681414065204
15055,episodic_length,9.0
15070,episodic_return,119.07235957490772
15070,episodic_length,14.0
15086,episodic_return,128.3949143346726
15086,episodic_length,15.0
15098,episodic_return,91.06043573084459
15098,episodic_length,11.0
15117,episodic_return,156.53413312470036
15117,episodic_length,18.0
15126,episodic_return,62.868985125502164
15126,episodic_length,8.0
15136,episodic_return,72.54120794078615
15136,episodic_length,9.0
15147,episodic_return,81.74416298421974
15147,episodic_length,10.0
15166,episodic_return,156.18862530732085
15166,episodic_length,18.0
15176,episodic_return,72.96050912608624
15176,episodic_length,9.0
15198,episodic_return,184.4528002408249
15198,episodic_length,21.0
15215,episodic_return,137.7140277464552
15215,episodic_length,16.0
15231,episodic_return,128.09275658632225
15231,episodic_length,15.0
15247,episodic_return,128.79366427544093
15247,episodic_length,15.0
15259,episodic_return,91.46469620279154
15259,episodic_length,11.0
15278,episodic_return,153.87857709795247
15278,episodic_length,18.0
15294,episodic_return,128.53109442885935
15294,episodic_length,15.0
15304,episodic_return,72.72504455180756
15304,episodic_length,9.0
15314,episodic_return,72.569907032359
15314,episodic_length,9.0
15324,episodic_return,72.44015369485466
15324,episodic_length,9.0
15335,episodic_return,82.06562154553698
15335,episodic_length,10.0
15345,episodic_return,72.80322230964822
15345,episodic_length,9.0
15357,episodic_return,91.14511210383877
15357,episodic_length,11.0
15376,episodic_return,155.7490001347924
15376,episodic_length,18.0
15388,episodic_return,91.08218576650421
15388,episodic_length,11.0
15398,episodic_return,72.31076387021155
15398,episodic_length,9.0
15405,episodic_return,44.63412026418562
15405,episodic_length,6.0
15421,episodic_return,127.8382748612512
15421,episodic_length,15.0
15430,episodic_return,62.81874065701356
15430,episodic_length,8.0
15441,episodic_return,82.01453872576417
15441,episodic_length,10.0
15455,episodic_return,109.74683409497827
15455,episodic_length,13.0
15468,episodic_return,100.21242404893276
15468,episodic_length,12.0
15478,episodic_return,72.89934289057068
15478,episodic_length,9.0
15495,episodic_return,138.4400407356647
15495,episodic_length,16.0
15508,episodic_return,100.35062261949345
15508,episodic_length,12.0
15532,episodic_return,202.10647506008436
15532,episodic_length,23.0
15544,episodic_return,91.17260754532303
15544,episodic_length,11.0
15554,episodic_return,72.58128932733044
15554,episodic_length,9.0
15566,episodic_return,91.26943014512021
15566,episodic_length,11.0
15575,episodic_return,63.328950622019775
15575,episodic_length,8.0
15587,episodic_return,91.28068933467932
15587,episodic_length,11.0
15608,episodic_return,173.50016250354489
15608,episodic_length,20.0
15620,episodic_return,90.63456775014792
15620,episodic_length,11.0
15632,episodic_return,91.16950362414569
15632,episodic_length,11.0
15647,episodic_return,118.83005348227961
15647,episodic_length,14.0
15660,episodic_return,100.20441007616128
15660,episodic_length,12.0
15671,episodic_return,82.26640714908663
15671,episodic_length,10.0
15681,episodic_return,72.48324071292252
15681,episodic_length,9.0
15695,episodic_return,109.52841719848745
15695,episodic_length,13.0
15706,episodic_return,81.99458652929867
15706,episodic_length,10.0
15730,episodic_return,202.3847786417249
15730,episodic_length,23.0
15739,episodic_return,63.2494334961826
15739,episodic_length,8.0
15752,episodic_return,100.84010079528728
15752,episodic_length,12.0
15771,episodic_return,154.86993752152728
15771,episodic_length,18.0
15788,episodic_return,138.17195011395762
15788,episodic_length,16.0
15808,episodic_return,165.92050237154527
15808,episodic_length,19.0
15826,episodic_return,147.28596167981217
15826,episodic_length,17.0
15838,episodic_return,91.6201795469783
15838,episodic_length,11.0
15851,episodic_return,100.33871275810341
15851,episodic_length,12.0
15863,episodic_return,91.07632452122257
15863,episodic_length,11.0
15872,episodic_return,63.31288824249697
15872,episodic_length,8.0
15887,episodic_return,119.47907805709595
15887,episodic_length,14.0
15897,episodic_return,72.04465279208866
15897,episodic_length,9.0
15911,episodic_return,109.4093939629946
15911,episodic_length,13.0
15923,episodic_return,91.19810739012935
15923,episodic_length,11.0
15940,episodic_return,138.12773945742472
15940,episodic_length,16.0
15955,episodic_return,118.88070531384955
15955,episodic_length,14.0
15965,episodic_return,72.63879068427771
15965,episodic_length,9.0
15978,episodic_return,100.18340338964596
15978,episodic_length,12.0
15988,episodic_return,72.64992463424153
15988,episodic_length,9.0
15998,episodic_return,72.55552137589946
15998,episodic_length,9.0
16008,episodic_return,72.80188336807416
16008,episodic_length,9.0
16020,episodic_return,90.93675075988205
16020,episodic_length,11.0
16036,episodic_return,128.313238269702
16036,episodic_length,15.0
16059,episodic_return,193.5694081223645
16059,episodic_length,22.0
16077,episodic_return,147.18387251973198
16077,episodic_length,17.0
16088,episodic_return,81.89387185194954
16088,episodic_length,10.0
16104,episodic_return,128.48626368873462
16104,episodic_length,15.0
16122,episodic_return,146.920415753843
16122,episodic_length,17.0
16139,episodic_return,138.2620368857398
16139,episodic_length,16.0
16149,episodic_return,72.6791153695672
16149,episodic_length,9.0
16161,episodic_return,90.83569170891826
16161,episodic_length,11.0
16170,episodic_return,63.243272945350576
16170,episodic_length,8.0
16184,episodic_return,110.29708858228344
16184,episodic_length,13.0
16192,episodic_return,53.34479259288515
16192,episodic_length,7.0
16203,episodic_return,81.5912148630529
16203,episodic_length,10.0
16214,episodic_return,81.95771829190771
16214,episodic_length,10.0
16224,episodic_return,72.28168404408122
16224,episodic_length,9.0
16239,episodic_return,118.16879206447193
16239,episodic_length,14.0
16251,episodic_return,91.152924096099
16251,episodic_length,11.0
16265,episodic_return,110.2175502396753
16265,episodic_length,13.0
16274,episodic_return,63.18513504982259
16274,episodic_length,8.0
16291,episodic_return,137.7252207527014
16291,episodic_length,16.0
16309,episodic_return,147.30095518743065
16309,episodic_length,17.0
16318,episodic_return,63.370617082673164
16318,episodic_length,8.0
16329,episodic_return,81.83229717362588
16329,episodic_length,10.0
16353,episodic_return,202.77429501699703
16353,episodic_length,23.0
16361,episodic_return,54.182626388942424
16361,episodic_length,7.0
16370,episodic_return,63.338548261361304
16370,episodic_length,8.0
16381,episodic_return,81.4622216095717
16381,episodic_length,10.0
16384,value_loss,0.42462417483329773
16384,policy_loss,-0.024887830018997192
16384,approx_kl,0.009146510623395443
16384,clipfrac,0.075146484375
16384,explained_variance,0.4016560912132263
16384,sps,530.0
16397,episodic_return,127.8451205523637
16397,episodic_length,15.0
16409,episodic_return,91.28602059103095
16409,episodic_length,11.0
16422,episodic_return,100.44764427501563
16422,episodic_length,12.0
16437,episodic_return,119.53389301835588
16437,episodic_length,14.0
16450,episodic_return,100.4391186302242
16450,episodic_length,12.0
16458,episodic_return,53.371267314614265
16458,episodic_length,7.0
16480,episodic_return,184.39588152272313
16480,episodic_length,21.0
16499,episodic_return,155.08850961248558
16499,episodic_length,18.0
16512,episodic_return,100.63074670884296
16512,episodic_length,12.0
16521,episodic_return,63.205733793874415
16521,episodic_length,8.0
16534,episodic_return,100.62230941022551
16534,episodic_length,12.0
16546,episodic_return,90.9843294639007
16546,episodic_length,11.0
16558,episodic_return,90.58879293367335
16558,episodic_length,11.0
16569,episodic_return,81.68395105859543
16569,episodic_length,10.0
16578,episodic_return,63.07585758433105
16578,episodic_length,8.0
16587,episodic_return,63.181956624503606
16587,episodic_length,8.0
16601,episodic_return,109.40507208751559
16601,episodic_length,13.0
16616,episodic_return,118.70378351712469
16616,episodic_length,14.0
16629,episodic_return,100.3004515215089
16629,episodic_length,12.0
16639,episodic_return,72.11799996321224
16639,episodic_length,9.0
16647,episodic_return,53.86849009247731
16647,episodic_length,7.0
16657,episodic_return,72.94600613406196
16657,episodic_length,9.0
16667,episodic_return,72.10825055071776
16667,episodic_length,9.0
16678,episodic_return,81.24976724192018
16678,episodic_length,10.0
16688,episodic_return,72.14520025196833
16688,episodic_length,9.0
16699,episodic_return,81.53035713467636
16699,episodic_length,10.0
16713,episodic_return,109.48804758127685
16713,episodic_length,13.0
16730,episodic_return,138.32231724616688
16730,episodic_length,16.0
16741,episodic_return,82.1064447177822
16741,episodic_length,10.0
16751,episodic_return,72.42086295262625
16751,episodic_length,9.0
16772,episodic_return,174.7592304977507
16772,episodic_length,20.0
16784,episodic_return,90.69839107209418
16784,episodic_length,11.0
16800,episodic_return,128.33615442442763
16800,episodic_length,15.0
16818,episodic_return,147.2828967358069
16818,episodic_length,17.0
16831,episodic_return,100.8081706489401
16831,episodic_length,12.0
16841,episodic_return,72.0717924469277
16841,episodic_length,9.0
16856,episodic_return,118.86170310974413
16856,episodic_length,14.0
16868,episodic_return,91.68834909987768
16868,episodic_length,11.0
16876,episodic_return,53.12360393542713
16876,episodic_length,7.0
16888,episodic_return,90.84695859931414
16888,episodic_length,11.0
16899,episodic_return,82.22239314623936
16899,episodic_length,10.0
16909,episodic_return,72.93001647472842
16909,episodic_length,9.0
16921,episodic_return,91.14712230883748
16921,episodic_length,11.0
16936,episodic_return,118.98762468970124
16936,episodic_length,14.0
16948,episodic_return,91.3495529439569
16948,episodic_length,11.0
16959,episodic_return,81.65105438695174
16959,episodic_length,10.0
16977,episodic_return,146.0910031708195
16977,episodic_length,17.0
16989,episodic_return,90.98052776996072
16989,episodic_length,11.0
17002,episodic_return,100.51329545821086
17002,episodic_length,12.0
17010,episodic_return,53.601683986821435
17010,episodic_length,7.0
17021,episodic_return,81.61699175455203
17021,episodic_length,10.0
17033,episodic_return,91.50120237701984
17033,episodic_length,11.0
17048,episodic_return,119.24495154662206
17048,episodic_length,14.0
17061,episodic_return,100.67654405856834
17061,episodic_length,12.0
17080,episodic_return,156.26294365396106
17080,episodic_length,18.0
17089,episodic_return,63.20494879509617
17089,episodic_length,8.0
17100,episodic_return,81.93356072349167
17100,episodic_length,10.0
17110,episodic_return,72.40303179849718
17110,episodic_length,9.0
17123,episodic_return,100.35711661645146
17123,episodic_length,12.0
17136,episodic_return,100.13893985726668
17136,episodic_length,12.0
17147,episodic_return,81.68280747032358
17147,episodic_length,10.0
17158,episodic_return,82.04171614558933
17158,episodic_length,10.0
17174,episodic_return,128.27802314056433
17174,episodic_length,15.0
17184,episodic_return,72.34726056432424
17184,episodic_length,9.0
17193,episodic_return,63.11151858786952
17193,episodic_length,8.0
17206,episodic_return,100.71100228041792
17206,episodic_length,12.0
17221,episodic_return,119.166401224136
17221,episodic_length,14.0
17231,episodic_return,72.4512530400686
17231,episodic_length,9.0
17240,episodic_return,63.519323192646276
17240,episodic_length,8.0
17252,episodic_return,91.68766941167706
17252,episodic_length,11.0
17265,episodic_return,100.53677230315301
17265,episodic_length,12.0
17276,episodic_return,81.83933658069886
17276,episodic_length,10.0
17283,episodic_return,44.38954618187218
17283,episodic_length,6.0
17294,episodic_return,81.93244575165826
17294,episodic_length,10.0
17302,episodic_return,54.226424659733105
17302,episodic_length,7.0
17320,episodic_return,146.64461120407495
17320,episodic_length,17.0
17333,episodic_return,100.577593982665
17333,episodic_length,12.0
17345,episodic_return,91.26812436342534
17345,episodic_length,11.0
17353,episodic_return,54.1972772275176
17353,episodic_length,7.0
17367,episodic_return,110.15117200173164
17367,episodic_length,13.0
17380,episodic_return,100.50819107897904
17380,episodic_length,12.0
17390,episodic_return,72.23979689577806
17390,episodic_length,9.0
17414,episodic_return,202.71535580941952
17414,episodic_length,23.0
17431,episodic_return,138.06174608224913
17431,episodic_length,16.0
17458,episodic_return,229.51817069488018
17458,episodic_length,26.0
17467,episodic_return,63.20786730538822
17467,episodic_length,8.0
17480,episodic_return,100.71948558389632
17480,episodic_length,12.0
17492,episodic_return,91.18528189109895
17492,episodic_length,11.0
17502,episodic_return,72.73694413890794
17502,episodic_length,9.0
17526,episodic_return,203.214226139164
17526,episodic_length,23.0
17541,episodic_return,118.78250621329707
17541,episodic_length,14.0
17556,episodic_return,118.88749519724568
17556,episodic_length,14.0
17568,episodic_return,90.60413538048788
17568,episodic_length,11.0
17588,episodic_return,165.6763212639187
17588,episodic_length,19.0
17601,episodic_return,100.53482203047713
17601,episodic_length,12.0
17626,episodic_return,211.6181018242215
17626,episodic_length,24.0
17645,episodic_return,155.79113837317269
17645,episodic_length,18.0
17654,episodic_return,63.628924282027114
17654,episodic_length,8.0
17661,episodic_return,44.53152804423512
17661,episodic_length,6.0
17674,episodic_return,99.97517625121709
17674,episodic_length,12.0
17688,episodic_return,110.22974427799963
17688,episodic_length,13.0
17698,episodic_return,72.25463108332279
17698,episodic_length,9.0
17710,episodic_return,91.52272501372666
17710,episodic_length,11.0
17722,episodic_return,91.35087371458617
17722,episodic_length,11.0
17741,episodic_return,156.22521699403538
17741,episodic_length,18.0
17754,episodic_return,100.1263167233159
17754,episodic_length,12.0
17764,episodic_return,72.35692524293964
17764,episodic_length,9.0
17785,episodic_return,175.13870201357597
17785,episodic_length,20.0
17795,episodic_return,72.76879833863342
17795,episodic_length,9.0
17808,episodic_return,100.33065540240828
17808,episodic_length,12.0
17834,episodic_return,220.70297608718064
17834,episodic_length,25.0
17844,episodic_return,72.68180049380953
17844,episodic_length,9.0
17857,episodic_return,100.63745274198779
17857,episodic_length,12.0
17868,episodic_return,82.4682232224196
17868,episodic_length,10.0
17884,episodic_return,128.6636267000342
17884,episodic_length,15.0
17896,episodic_return,91.1874982992701
17896,episodic_length,11.0
17906,episodic_return,72.67356978396408
17906,episodic_length,9.0
17915,episodic_return,63.68356888656582
17915,episodic_length,8.0
17929,episodic_return,109.75102404223756
17929,episodic_length,13.0
17938,episodic_return,63.50126286571379
17938,episodic_length,8.0
17955,episodic_return,137.14424073673914
17955,episodic_length,16.0
17964,episodic_return,63.17050035404201
17964,episodic_length,8.0
17974,episodic_return,72.23427051170168
17974,episodic_length,9.0
17996,episodic_return,184.0887842529027
17996,episodic_length,21.0
18004,episodic_return,53.988794800489664
18004,episodic_length,7.0
18017,episodic_return,100.78797503529009
18017,episodic_length,12.0
18034,episodic_return,137.83842702112761
18034,episodic_length,16.0
18053,episodic_return,155.42222036980667
18053,episodic_length,18.0
18064,episodic_return,81.89284403985548
18064,episodic_length,10.0
18082,episodic_return,147.426818551587
18082,episodic_length,17.0
18091,episodic_return,62.86417070271156
18091,episodic_length,8.0
18101,episodic_return,72.39566283337155
18101,episodic_length,9.0
18115,episodic_return,109.94469059536685
18115,episodic_length,13.0
18132,episodic_return,137.5397547783744
18132,episodic_length,16.0
18144,episodic_return,91.01272364254991
18144,episodic_length,11.0
18165,episodic_return,174.93851969717397
18165,episodic_length,20.0
18178,episodic_return,100.82469936188545
18178,episodic_length,12.0
18187,episodic_return,63.04396959393254
18187,episodic_length,8.0
18201,episodic_return,109.2642591733886
18201,episodic_length,13.0
18214,episodic_return,100.60825999007379
18214,episodic_length,12.0
18224,episodic_return,72.41813869027922
18224,episodic_length,9.0
18234,episodic_return,72.61260493700634
18234,episodic_length,9.0
18243,episodic_return,63.29180360976685
18243,episodic_length,8.0
18253,episodic_return,72.8805827379674
18253,episodic_length,9.0
18267,episodic_return,109.57541302168617
18267,episodic_length,13.0
18273,episodic_return,35.07670238067981
18273,episodic_length,5.0
18285,episodic_return,91.05330251801416
18285,episodic_length,11.0
18302,episodic_return,137.842116731975
18302,episodic_length,16.0
18320,episodic_return,146.25734996202706
18320,episodic_length,17.0
18337,episodic_return,137.48330874865582
18337,episodic_length,16.0
18349,episodic_return,90.92387913078672
18349,episodic_length,11.0
18370,episodic_return,174.59544473705557
18370,episodic_length,20.0
18384,episodic_return,110.01403945179543
18384,episodic_length,13.0
18403,episodic_return,155.70248659153788
18403,episodic_length,18.0
18417,episodic_return,109.79475102704467
18417,episodic_length,13.0
18427,episodic_return,72.20605549179783
18427,episodic_length,9.0
18432,value_loss,0.3199900686740875
18432,policy_loss,-0.02525225467979908
18432,approx_kl,0.007067129015922546
18432,clipfrac,0.06884765625
18432,explained_variance,0.4537903070449829
18432,sps,530.0
18439,episodic_return,90.91202491177903
18439,episodic_length,11.0
18451,episodic_return,91.29822184634847
18451,episodic_length,11.0
18463,episodic_return,91.4805225043034
18463,episodic_length,11.0
18475,episodic_return,91.29208503869697
18475,episodic_length,11.0
18484,episodic_return,63.4107933601274
18484,episodic_length,8.0
18499,episodic_return,119.27977660867619
18499,episodic_length,14.0
18522,episodic_return,191.46964773210868
18522,episodic_length,22.0
18547,episodic_return,211.94303687878298
18547,episodic_length,24.0
18560,episodic_return,100.92944536934324
18560,episodic_length,12.0
18573,episodic_return,101.03061453947389
18573,episodic_length,12.0
18583,episodic_return,72.9289698840926
18583,episodic_length,9.0
18592,episodic_return,62.936540877449396
18592,episodic_length,8.0
18607,episodic_return,119.29009497933764
18607,episodic_length,14.0
18627,episodic_return,165.70383157189116
18627,episodic_length,19.0
18637,episodic_return,72.68656172472964
18637,episodic_length,9.0
18648,episodic_return,81.4582033136602
18648,episodic_length,10.0
18661,episodic_return,100.66129131011365
18661,episodic_length,12.0
18676,episodic_return,119.08670198931155
18676,episodic_length,14.0
18691,episodic_return,118.88942706693125
18691,episodic_length,14.0
18704,episodic_return,100.88167065744247
18704,episodic_length,12.0
18720,episodic_return,128.2789570952661
18720,episodic_length,15.0
18738,episodic_return,146.35943133063174
18738,episodic_length,17.0
18752,episodic_return,109.40322028910563
18752,episodic_length,13.0
18763,episodic_return,82.20893153937102
18763,episodic_length,10.0
18776,episodic_return,100.52092607109503
18776,episodic_length,12.0
18790,episodic_return,109.36920642009402
18790,episodic_length,13.0
18803,episodic_return,100.575419439793
18803,episodic_length,12.0
18812,episodic_return,63.32526543077741
18812,episodic_length,8.0
18822,episodic_return,72.41866175033073
18822,episodic_length,9.0
18836,episodic_return,109.74170710067526
18836,episodic_length,13.0
18850,episodic_return,109.38550373155921
18850,episodic_length,13.0
18863,episodic_return,100.37822075257844
18863,episodic_length,12.0
18883,episodic_return,165.07562118300083
18883,episodic_length,19.0
18904,episodic_return,174.5091353455183
18904,episodic_length,20.0
18925,episodic_return,174.35793397795908
18925,episodic_length,20.0
18933,episodic_return,54.21495478007263
18933,episodic_length,7.0
18944,episodic_return,81.78487369794408
18944,episodic_length,10.0
18952,episodic_return,54.13327367050396
18952,episodic_length,7.0
18968,episodic_return,128.54080019489143
18968,episodic_length,15.0
18987,episodic_return,156.38405270989503
18987,episodic_length,18.0
19011,episodic_return,203.02963703998296
19011,episodic_length,23.0
19028,episodic_return,136.57585983137753
19028,episodic_length,16.0
19043,episodic_return,119.19415258306715
19043,episodic_length,14.0
19055,episodic_return,91.07784020534336
19055,episodic_length,11.0
19069,episodic_return,109.74783912107024
19069,episodic_length,13.0
19078,episodic_return,62.9863964661927
19078,episodic_length,8.0
19099,episodic_return,175.1859563119464
19099,episodic_length,20.0
19115,episodic_return,128.47495656874761
19115,episodic_length,15.0
19133,episodic_return,147.34075641995494
19133,episodic_length,17.0
19145,episodic_return,91.05540694144621
19145,episodic_length,11.0
19158,episodic_return,100.5184115993971
19158,episodic_length,12.0
19167,episodic_return,63.09522995004946
19167,episodic_length,8.0
19179,episodic_return,90.82142493302823
19179,episodic_length,11.0
19188,episodic_return,63.636502328852444
19188,episodic_length,8.0
19201,episodic_return,100.55994484066437
19201,episodic_length,12.0
19216,episodic_return,119.39377230262801
19216,episodic_length,14.0
19231,episodic_return,119.28226595879832
19231,episodic_length,14.0
19242,episodic_return,82.18788887291929
19242,episodic_length,10.0
19253,episodic_return,81.92497498077638
19253,episodic_length,10.0
19262,episodic_return,63.23679471695279
19262,episodic_length,8.0
19277,episodic_return,119.07917199510618
19277,episodic_length,14.0
19286,episodic_return,63.51662158988911
19286,episodic_length,8.0
19298,episodic_return,91.52335462121097
19298,episodic_length,11.0
19312,episodic_return,109.47675802227954
19312,episodic_length,13.0
19328,episodic_return,128.41336832900552
19328,episodic_length,15.0
19344,episodic_return,128.00464365942062
19344,episodic_length,15.0
19368,episodic_return,202.78992936210216
19368,episodic_length,23.0
19378,episodic_return,72.56119119449035
19378,episodic_length,9.0
19404,episodic_return,221.59299981609445
19404,episodic_length,25.0
19415,episodic_return,81.58330425270702
19415,episodic_length,10.0
19426,episodic_return,81.85263924772646
19426,episodic_length,10.0
19436,episodic_return,72.49540678625472
19436,episodic_length,9.0
19446,episodic_return,72.83848111805683
19446,episodic_length,9.0
19465,episodic_return,156.3885974900138
19465,episodic_length,18.0
19474,episodic_return,63.61900585176881
19474,episodic_length,8.0
19492,episodic_return,147.43186893959185
19492,episodic_length,17.0
19503,episodic_return,81.80733724954152
19503,episodic_length,10.0
19524,episodic_return,174.68788526855346
19524,episodic_length,20.0
19535,episodic_return,82.07787507197916
19535,episodic_length,10.0
19544,episodic_return,63.58249902745358
19544,episodic_length,8.0
19559,episodic_return,118.41350567417325
19559,episodic_length,14.0
19579,episodic_return,165.38812626821516
19579,episodic_length,19.0
19589,episodic_return,72.67184419207705
19589,episodic_length,9.0
19601,episodic_return,90.82476641776785
19601,episodic_length,11.0
19612,episodic_return,81.47449405742795
19612,episodic_length,10.0
19620,episodic_return,54.22634291925406
19620,episodic_length,7.0
19627,episodic_return,44.43259330061802
19627,episodic_length,6.0
19641,episodic_return,109.3169636173942
19641,episodic_length,13.0
19654,episodic_return,100.0078100965787
19654,episodic_length,12.0
19673,episodic_return,155.82178302091648
19673,episodic_length,18.0
19684,episodic_return,82.05321903224097
19684,episodic_length,10.0
19697,episodic_return,99.86394200383195
19697,episodic_length,12.0
19708,episodic_return,82.00095262178723
19708,episodic_length,10.0
19720,episodic_return,91.1127937162652
19720,episodic_length,11.0
19743,episodic_return,193.1767710633024
19743,episodic_length,22.0
19759,episodic_return,128.4062209128861
19759,episodic_length,15.0
19773,episodic_return,109.48875235988643
19773,episodic_length,13.0
19783,episodic_return,72.792836613739
19783,episodic_length,9.0
19792,episodic_return,62.68648599651776
19792,episodic_length,8.0
19803,episodic_return,81.42473611247159
19803,episodic_length,10.0
19817,episodic_return,109.90398113272835
19817,episodic_length,13.0
19833,episodic_return,128.47119874527561
19833,episodic_length,15.0
19843,episodic_return,72.38904775276539
19843,episodic_length,9.0
19855,episodic_return,91.24088218926657
19855,episodic_length,11.0
19865,episodic_return,72.9461794346205
19865,episodic_length,9.0
19878,episodic_return,100.15634020532201
19878,episodic_length,12.0
19888,episodic_return,72.73523993365303
19888,episodic_length,9.0
19898,episodic_return,72.97661192058767
19898,episodic_length,9.0
19913,episodic_return,119.0764645145952
19913,episodic_length,14.0
19928,episodic_return,119.30606528798918
19928,episodic_length,14.0
19937,episodic_return,63.59455381755104
19937,episodic_length,8.0
19953,episodic_return,128.13063633852877
19953,episodic_length,15.0
19967,episodic_return,109.93328569290809
19967,episodic_length,13.0
19982,episodic_return,119.25296186841585
19982,episodic_length,14.0
19992,episodic_return,72.3339534732395
19992,episodic_length,9.0
20003,episodic_return,81.76357196627163
20003,episodic_length,10.0
20015,episodic_return,91.29368831893862
20015,episodic_length,11.0
20028,episodic_return,100.36872478193652
20028,episodic_length,12.0
20049,episodic_return,175.05843997944683
20049,episodic_length,20.0
20063,episodic_return,109.64082184477391
20063,episodic_length,13.0
20072,episodic_return,63.23782231327078
20072,episodic_length,8.0
20087,episodic_return,118.33562229772637
20087,episodic_length,14.0
20104,episodic_return,137.5720650127794
20104,episodic_length,16.0
20114,episodic_return,72.5577347712894
20114,episodic_length,9.0
20135,episodic_return,174.79804749537718
20135,episodic_length,20.0
20147,episodic_return,91.11353971753286
20147,episodic_length,11.0
20167,episodic_return,164.8549836769559
20167,episodic_length,19.0
20197,episodic_return,258.011588531313
20197,episodic_length,29.0
20206,episodic_return,63.04484538488922
20206,episodic_length,8.0
20220,episodic_return,110.04804920560824
20220,episodic_length,13.0
20240,episodic_return,165.81556203656626
20240,episodic_length,19.0
20252,episodic_return,90.78024392862095
20252,episodic_length,11.0
20275,episodic_return,193.06856334778337
20275,episodic_length,22.0
20287,episodic_return,90.72583507958163
20287,episodic_length,11.0
20298,episodic_return,82.05868388259015
20298,episodic_length,10.0
20311,episodic_return,100.40443636390405
20311,episodic_length,12.0
20320,episodic_return,63.38404070733556
20320,episodic_length,8.0
20329,episodic_return,63.13659792280504
20329,episodic_length,8.0
20342,episodic_return,100.18774843787206
20342,episodic_length,12.0
20360,episodic_return,147.62071487466255
20360,episodic_length,17.0
20379,episodic_return,154.6379616593515
20379,episodic_length,18.0
20388,episodic_return,63.392908184644725
20388,episodic_length,8.0
20410,episodic_return,184.16537581350846
20410,episodic_length,21.0
20429,episodic_return,156.00233510224493
20429,episodic_length,18.0
20438,episodic_return,63.3608951094339
20438,episodic_length,8.0
20450,episodic_return,91.12593046124407
20450,episodic_length,11.0
20464,episodic_return,109.73086129729822
20464,episodic_length,13.0
20480,value_loss,0.32695287466049194
20480,policy_loss,-0.011577300727367401
20480,approx_kl,0.005602698307484388
20480,clipfrac,0.077099609375
20480,explained_variance,0.5233190953731537
20480,sps,530.0
20491,episodic_return,231.31222229582858
20491,episodic_length,26.0
20507,episodic_return,128.8053748645127
20507,episodic_length,15.0
20520,episodic_return,100.52753316584592
20520,episodic_length,12.0
20534,episodic_return,109.88955513011113
20534,episodic_length,13.0
20562,episodic_return,240.73003531457164
20562,episodic_length,27.0
20575,episodic_return,100.11589648779302
20575,episodic_length,12.0
20589,episodic_return,109.61017613481664
20589,episodic_length,13.0
20602,episodic_return,100.43215575628388
20602,episodic_length,12.0
20617,episodic_return,119.06662989409669
20617,episodic_length,14.0
20627,episodic_return,72.68399684883002
20627,episodic_length,9.0
20639,episodic_return,91.1525911217803
20639,episodic_length,11.0
20655,episodic_return,128.4002486660567
20655,episodic_length,15.0
20666,episodic_return,81.78045700989257
20666,episodic_length,10.0
20686,episodic_return,165.07777724331444
20686,episodic_length,19.0
20709,episodic_return,193.03028418293155
20709,episodic_length,22.0
20724,episodic_return,119.12109161646262
20724,episodic_length,14.0
20737,episodic_return,100.60180938521836
20737,episodic_length,12.0
20757,episodic_return,165.78137209568763
20757,episodic_length,19.0
20766,episodic_return,63.218255260714066
20766,episodic_length,8.0
20784,episodic_return,147.09353736018596
20784,episodic_length,17.0
20794,episodic_return,72.76262895423575
20794,episodic_length,9.0
20804,episodic_return,72.6617939186655
20804,episodic_length,9.0
20818,episodic_return,109.87033624845714
20818,episodic_length,13.0
20833,episodic_return,119.25834523781242
20833,episodic_length,14.0
20849,episodic_return,127.81800491801866
20849,episodic_length,15.0
20863,episodic_return,110.0719847984188
20863,episodic_length,13.0
20874,episodic_return,81.55926864002387
20874,episodic_length,10.0
20887,episodic_return,99.92342075553532
20887,episodic_length,12.0
20914,episodic_return,230.25008881924492
20914,episodic_length,26.0
20935,episodic_return,173.5535973792293
20935,episodic_length,20.0
20944,episodic_return,63.51472729947245
20944,episodic_length,8.0
20959,episodic_return,118.94845161649356
20959,episodic_length,14.0
20968,episodic_return,63.444706720123605
20968,episodic_length,8.0
20985,episodic_return,137.41131480143582
20985,episodic_length,16.0
20999,episodic_return,109.71026011315975
20999,episodic_length,13.0
21009,episodic_return,72.80904373880067
21009,episodic_length,9.0
21027,episodic_return,145.95822791325853
21027,episodic_length,17.0
21052,episodic_return,211.84654915379755
21052,episodic_length,24.0
21065,episodic_return,100.54902050536857
21065,episodic_length,12.0
21088,episodic_return,193.4105335412205
21088,episodic_length,22.0
21111,episodic_return,193.5843103118047
21111,episodic_length,22.0
21126,episodic_return,118.76984023990639
21126,episodic_length,14.0
21135,episodic_return,63.331886369416694
21135,episodic_length,8.0
21148,episodic_return,100.62847916316167
21148,episodic_length,12.0
21169,episodic_return,174.22576568590293
21169,episodic_length,20.0
21192,episodic_return,193.30477521787742
21192,episodic_length,22.0
21213,episodic_return,174.8483293205575
21213,episodic_length,20.0
21231,episodic_return,147.36158921288785
21231,episodic_length,17.0
21250,episodic_return,155.78301536306148
21250,episodic_length,18.0
21269,episodic_return,155.9533429458412
21269,episodic_length,18.0
21281,episodic_return,91.23878346776998
21281,episodic_length,11.0
21303,episodic_return,184.07928839161698
21303,episodic_length,21.0
21316,episodic_return,100.44044679381223
21316,episodic_length,12.0
21328,episodic_return,90.95149212795383
21328,episodic_length,11.0
21343,episodic_return,118.64397953872746
21343,episodic_length,14.0
21363,episodic_return,165.34370389298059
21363,episodic_length,19.0
21370,episodic_return,44.46748441154654
21370,episodic_length,6.0
21381,episodic_return,81.65424561430446
21381,episodic_length,10.0
21392,episodic_return,82.0822381682843
21392,episodic_length,10.0
21405,episodic_return,100.25827375465457
21405,episodic_length,12.0
21414,episodic_return,63.55426637101745
21414,episodic_length,8.0
21429,episodic_return,118.7699581051075
21429,episodic_length,14.0
21448,episodic_return,155.7449812660347
21448,episodic_length,18.0
21457,episodic_return,63.22813970184519
21457,episodic_length,8.0
21476,episodic_return,155.93404483716986
21476,episodic_length,18.0
21497,episodic_return,174.9229623461429
21497,episodic_length,20.0
21507,episodic_return,72.27684582060888
21507,episodic_length,9.0
21530,episodic_return,192.3972391236636
21530,episodic_length,22.0
21540,episodic_return,71.87609795274503
21540,episodic_length,9.0
21554,episodic_return,109.4813669601697
21554,episodic_length,13.0
21565,episodic_return,82.12680558979515
21565,episodic_length,10.0
21576,episodic_return,81.70922493480981
21576,episodic_length,10.0
21590,episodic_return,109.42664277159496
21590,episodic_length,13.0
21601,episodic_return,81.80241774501899
21601,episodic_length,10.0
21621,episodic_return,164.9440819551971
21621,episodic_length,19.0
21647,episodic_return,221.439829945421
21647,episodic_length,25.0
21664,episodic_return,137.85430064152328
21664,episodic_length,16.0
21677,episodic_return,100.64062196559027
21677,episodic_length,12.0
21699,episodic_return,183.71909444093532
21699,episodic_length,21.0
21725,episodic_return,221.3648169304716
21725,episodic_length,25.0
21738,episodic_return,100.52552557295844
21738,episodic_length,12.0
21750,episodic_return,91.37419721157355
21750,episodic_length,11.0
21766,episodic_return,128.52003411104408
21766,episodic_length,15.0
21784,episodic_return,147.13097011793772
21784,episodic_length,17.0
21795,episodic_return,81.76289585834878
21795,episodic_length,10.0
21808,episodic_return,100.6357361494394
21808,episodic_length,12.0
21821,episodic_return,100.85392036977483
21821,episodic_length,12.0
21832,episodic_return,81.84634505951843
21832,episodic_length,10.0
21847,episodic_return,119.47266790076077
21847,episodic_length,14.0
21857,episodic_return,73.00255493573765
21857,episodic_length,9.0
21872,episodic_return,118.87495386616084
21872,episodic_length,14.0
21881,episodic_return,63.10977034679803
21881,episodic_length,8.0
21891,episodic_return,72.49513519396946
21891,episodic_length,9.0
21902,episodic_return,81.40777027673407
21902,episodic_length,10.0
21924,episodic_return,182.44814876789962
21924,episodic_length,21.0
21938,episodic_return,109.39027477936995
21938,episodic_length,13.0
21949,episodic_return,82.16546017622652
21949,episodic_length,10.0
21964,episodic_return,119.46547047690845
21964,episodic_length,14.0
21977,episodic_return,100.70563383051721
21977,episodic_length,12.0
21998,episodic_return,175.34143877241246
21998,episodic_length,20.0
22014,episodic_return,128.46210659117963
22014,episodic_length,15.0
22026,episodic_return,91.36587434227063
22026,episodic_length,11.0
22040,episodic_return,108.9181700744034
22040,episodic_length,13.0
22050,episodic_return,72.88010470041617
22050,episodic_length,9.0
22068,episodic_return,146.6465178901762
22068,episodic_length,17.0
22080,episodic_return,91.22431823586753
22080,episodic_length,11.0
22093,episodic_return,100.4385884634626
22093,episodic_length,12.0
22109,episodic_return,128.5891837670262
22109,episodic_length,15.0
22119,episodic_return,72.73651682078338
22119,episodic_length,9.0
22134,episodic_return,118.99163547544583
22134,episodic_length,14.0
22150,episodic_return,128.52922421972855
22150,episodic_length,15.0
22159,episodic_return,63.40806480071105
22159,episodic_length,8.0
22174,episodic_return,118.93636840610748
22174,episodic_length,14.0
22187,episodic_return,100.24289943521218
22187,episodic_length,12.0
22206,episodic_return,156.17848277104105
22206,episodic_length,18.0
22220,episodic_return,109.87527390945685
22220,episodic_length,13.0
22230,episodic_return,72.83027471069587
22230,episodic_length,9.0
22242,episodic_return,91.42448547224656
22242,episodic_length,11.0
22257,episodic_return,118.34722964009207
22257,episodic_length,14.0
22266,episodic_return,63.468274158612324
22266,episodic_length,8.0
22275,episodic_return,63.20236798469442
22275,episodic_length,8.0
22304,episodic_return,248.54380446926646
22304,episodic_length,28.0
22319,episodic_return,118.29053667227376
22319,episodic_length,14.0
22335,episodic_return,127.0009475757816
22335,episodic_length,15.0
22360,episodic_return,210.55939497820134
22360,episodic_length,24.0
22381,episodic_return,174.42065264878448
22381,episodic_length,20.0
22392,episodic_return,81.72877652842914
22392,episodic_length,10.0
22406,episodic_return,109.61889915235152
22406,episodic_length,13.0
22416,episodic_return,72.7677036838465
22416,episodic_length,9.0
22431,episodic_return,118.94287291897443
22431,episodic_length,14.0
22446,episodic_return,119.33599712159779
22446,episodic_length,14.0
22460,episodic_return,109.88180417027496
22460,episodic_length,13.0
22469,episodic_return,62.972675753727565
22469,episodic_length,8.0
22483,episodic_return,109.63077110032127
22483,episodic_length,13.0
22497,episodic_return,109.44474164554671
22497,episodic_length,13.0
22506,episodic_return,63.52360784268049
22506,episodic_length,8.0
22528,value_loss,0.4568442106246948
22528,policy_loss,-0.01872774213552475
22528,approx_kl,0.010436385869979858
22528,clipfrac,0.102392578125
22528,explained_variance,0.5399340987205505
22528,sps,536.0
22533,episodic_return,229.6437815844761
22533,episodic_length,26.0
22545,episodic_return,91.13745179890738
22545,episodic_length,11.0
22563,episodic_return,146.75039136504014
22563,episodic_length,17.0
22577,episodic_return,109.99409970992353
22577,episodic_length,13.0
22596,episodic_return,156.2840903111697
22596,episodic_length,18.0
22618,episodic_return,183.95198175118267
22618,episodic_length,21.0
22629,episodic_return,81.96926634090836
22629,episodic_length,10.0
22648,episodic_return,156.60206242840405
22648,episodic_length,18.0
22676,episodic_return,239.91488006378003
22676,episodic_length,27.0
22697,episodic_return,174.93360153628922
22697,episodic_length,20.0
22706,episodic_return,63.20753840089294
22706,episodic_length,8.0
22716,episodic_return,72.3845241984775
22716,episodic_length,9.0
22731,episodic_return,118.52740985052594
22731,episodic_length,14.0
22754,episodic_return,192.8746082751561
22754,episodic_length,22.0
22778,episodic_return,203.43464443725628
22778,episodic_length,23.0
22801,episodic_return,192.902978677354
22801,episodic_length,22.0
22826,episodic_return,212.04589405103562
22826,episodic_length,24.0
22836,episodic_return,72.86394697341879
22836,episodic_length,9.0
22854,episodic_return,146.6759474270216
22854,episodic_length,17.0
22886,episodic_return,276.67097954288323
22886,episodic_length,31.0
22898,episodic_return,91.04456366357581
22898,episodic_length,11.0
22911,episodic_return,100.41062107609967
22911,episodic_length,12.0
22928,episodic_return,138.1677143137485
22928,episodic_length,16.0
22954,episodic_return,220.0565685757914
22954,episodic_length,25.0
22966,episodic_return,91.11330036269827
22966,episodic_length,11.0
22984,episodic_return,146.88545740425698
22984,episodic_length,17.0
22996,episodic_return,91.33099942868563
22996,episodic_length,11.0
23008,episodic_return,91.5605338076437
23008,episodic_length,11.0
23023,episodic_return,119.13327935628114
23023,episodic_length,14.0
23036,episodic_return,100.33749528599677
23036,episodic_length,12.0
23063,episodic_return,230.23548752447925
23063,episodic_length,26.0
23076,episodic_return,100.2432628610179
23076,episodic_length,12.0
23094,episodic_return,146.93174435084168
23094,episodic_length,17.0
23113,episodic_return,156.14477871611868
23113,episodic_length,18.0
23128,episodic_return,119.0910627809637
23128,episodic_length,14.0
23150,episodic_return,184.45768640191613
23150,episodic_length,21.0
23163,episodic_return,100.6067173357507
23163,episodic_length,12.0
23176,episodic_return,100.49618903054615
23176,episodic_length,12.0
23190,episodic_return,110.00281441529596
23190,episodic_length,13.0
23210,episodic_return,164.97369861156744
23210,episodic_length,19.0
23219,episodic_return,63.56952778098139
23219,episodic_length,8.0
23239,episodic_return,165.8236148114872
23239,episodic_length,19.0
23256,episodic_return,137.99535926694728
23256,episodic_length,16.0
23272,episodic_return,126.77012544335696
23272,episodic_length,15.0
23282,episodic_return,72.58320141572325
23282,episodic_length,9.0
23312,episodic_return,257.9571600514331
23312,episodic_length,29.0
23333,episodic_return,175.6713651543457
23333,episodic_length,20.0
23347,episodic_return,109.81404922877617
23347,episodic_length,13.0
23357,episodic_return,72.56684917388786
23357,episodic_length,9.0
23390,episodic_return,285.83767462979637
23390,episodic_length,32.0
23415,episodic_return,210.46948185699543
23415,episodic_length,24.0
23428,episodic_return,100.44052000796825
23428,episodic_length,12.0
23439,episodic_return,82.2952782934551
23439,episodic_length,10.0
23456,episodic_return,137.86573185195383
23456,episodic_length,16.0
23467,episodic_return,81.3441684726657
23467,episodic_length,10.0
23481,episodic_return,108.85580098090259
23481,episodic_length,13.0
23499,episodic_return,146.7716415549806
23499,episodic_length,17.0
23510,episodic_return,82.01418300358075
23510,episodic_length,10.0
23525,episodic_return,119.26091545231917
23525,episodic_length,14.0
23536,episodic_return,81.98509317397047
23536,episodic_length,10.0
23566,episodic_return,258.34460512511237
23566,episodic_length,29.0
23576,episodic_return,72.48300152191614
23576,episodic_length,9.0
23602,episodic_return,221.87798530498335
23602,episodic_length,25.0
23618,episodic_return,128.68153685558133
23618,episodic_length,15.0
23639,episodic_return,173.5878006462605
23639,episodic_length,20.0
23660,episodic_return,174.7648813875548
23660,episodic_length,20.0
23676,episodic_return,128.2531801048575
23676,episodic_length,15.0
23691,episodic_return,119.42332704702294
23691,episodic_length,14.0
23704,episodic_return,100.44071832844034
23704,episodic_length,12.0
23725,episodic_return,174.9063787340289
23725,episodic_length,20.0
23748,episodic_return,194.1012222440978
23748,episodic_length,22.0
23760,episodic_return,91.13336299462306
23760,episodic_length,11.0
23779,episodic_return,156.48266374854572
23779,episodic_length,18.0
23786,episodic_return,44.003604675107674
23786,episodic_length,6.0
23805,episodic_return,156.24961123007415
23805,episodic_length,18.0
23831,episodic_return,220.35849749197047
23831,episodic_length,25.0
23843,episodic_return,91.50539695050713
23843,episodic_length,11.0
23861,episodic_return,147.40212992765748
23861,episodic_length,17.0
23885,episodic_return,202.86511138846868
23885,episodic_length,23.0
23897,episodic_return,91.14865370332086
23897,episodic_length,11.0
23911,episodic_return,109.9775974247807
23911,episodic_length,13.0
23925,episodic_return,109.81177675141896
23925,episodic_length,13.0
23947,episodic_return,184.30755424381817
23947,episodic_length,21.0
23960,episodic_return,100.0178708473589
23960,episodic_length,12.0
23980,episodic_return,164.5761259728511
23980,episodic_length,19.0
23994,episodic_return,109.91381253444327
23994,episodic_length,13.0
24016,episodic_return,183.88096432030767
24016,episodic_length,21.0
24030,episodic_return,109.79785716272067
24030,episodic_length,13.0
24046,episodic_return,128.62035544984946
24046,episodic_length,15.0
24060,episodic_return,110.05126856159593
24060,episodic_length,13.0
24073,episodic_return,100.1749531452241
24073,episodic_length,12.0
24083,episodic_return,72.37153855032712
24083,episodic_length,9.0
24100,episodic_return,137.42141879374952
24100,episodic_length,16.0
24114,episodic_return,109.1513468722057
24114,episodic_length,13.0
24132,episodic_return,145.90112095079982
24132,episodic_length,17.0
24143,episodic_return,81.88295748286191
24143,episodic_length,10.0
24152,episodic_return,63.012038776576155
24152,episodic_length,8.0
24169,episodic_return,137.98704468664303
24169,episodic_length,16.0
24181,episodic_return,91.2572913718729
24181,episodic_length,11.0
24191,episodic_return,72.86144035939859
24191,episodic_length,9.0
24214,episodic_return,193.46601271593414
24214,episodic_length,22.0
24235,episodic_return,174.56130124480796
24235,episodic_length,20.0
24251,episodic_return,127.835712726414
24251,episodic_length,15.0
24274,episodic_return,192.97028713596237
24274,episodic_length,22.0
24288,episodic_return,110.02677856850222
24288,episodic_length,13.0
24300,episodic_return,91.19991291998703
24300,episodic_length,11.0
24321,episodic_return,174.4629150361284
24321,episodic_length,20.0
24344,episodic_return,193.5987939078644
24344,episodic_length,22.0
24355,episodic_return,81.71715710891904
24355,episodic_length,10.0
24369,episodic_return,109.78779795838706
24369,episodic_length,13.0
24386,episodic_return,137.53910824393026
24386,episodic_length,16.0
24395,episodic_return,63.15259263410973
24395,episodic_length,8.0
24419,episodic_return,202.68081503468258
24419,episodic_length,23.0
24432,episodic_return,100.80014835839368
24432,episodic_length,12.0
24446,episodic_return,110.2301615729216
24446,episodic_length,13.0
24474,episodic_return,239.9434317554435
24474,episodic_length,27.0
24493,episodic_return,156.11198841183952
24493,episodic_length,18.0
24502,episodic_return,63.54897670823021
24502,episodic_length,8.0
24520,episodic_return,146.35785838561193
24520,episodic_length,17.0
24533,episodic_return,100.69950838377416
24533,episodic_length,12.0
24542,episodic_return,63.49725255327725
24542,episodic_length,8.0
24566,episodic_return,202.35480084310836
24566,episodic_length,23.0
24576,value_loss,0.25645196437835693
24576,policy_loss,-0.0307905450463295
24576,approx_kl,0.009838497266173363
24576,clipfrac,0.08056640625
24576,explained_variance,0.5445908904075623
24576,sps,541.0
24579,episodic_return,100.31878436203651
24579,episodic_length,12.0
24591,episodic_return,90.79358457625105
24591,episodic_length,11.0
24607,episodic_return,128.23779431526003
24607,episodic_length,15.0
24618,episodic_return,82.20139963638887
24618,episodic_length,10.0
24628,episodic_return,72.65840963578962
24628,episodic_length,9.0
24640,episodic_return,91.3579152586532
24640,episodic_length,11.0
24659,episodic_return,156.2149919491356
24659,episodic_length,18.0
24678,episodic_return,156.36013022752817
24678,episodic_length,18.0
24691,episodic_return,100.54114144524326
24691,episodic_length,12.0
24704,episodic_return,100.25388896569623
24704,episodic_length,12.0
24722,episodic_return,146.51145534155174
24722,episodic_length,17.0
24747,episodic_return,212.06254933850306
24747,episodic_length,24.0
24760,episodic_return,100.03271308836008
24760,episodic_length,12.0
24786,episodic_return,220.78882849818604
24786,episodic_length,25.0
24806,episodic_return,165.45451371445873
24806,episodic_length,19.0
24824,episodic_return,147.10342102188906
24824,episodic_length,17.0
24838,episodic_return,109.23391926751228
24838,episodic_length,13.0
24855,episodic_return,137.4244595119158
24855,episodic_length,16.0
24866,episodic_return,81.64439782894031
24866,episodic_length,10.0
24885,episodic_return,156.02599257042093
24885,episodic_length,18.0
24900,episodic_return,118.41980577683492
24900,episodic_length,14.0
24934,episodic_return,296.02910499031043
24934,episodic_length,33.0
24945,episodic_return,81.69565583146164
24945,episodic_length,10.0
24965,episodic_return,165.45190611195704
24965,episodic_length,19.0
24983,episodic_return,147.0506369005586
24983,episodic_length,17.0
24995,episodic_return,91.04924341045756
24995,episodic_length,11.0
25008,episodic_return,100.76954860216065
25008,episodic_length,12.0
25033,episodic_return,210.84312566412677
25033,episodic_length,24.0
25042,episodic_return,63.5301899255044
25042,episodic_length,8.0
25054,episodic_return,91.29407447452797
25054,episodic_length,11.0
25073,episodic_return,156.17187564810044
25073,episodic_length,18.0
25098,episodic_return,212.5680386624012
25098,episodic_length,24.0
25114,episodic_return,128.3583902974557
25114,episodic_length,15.0
25125,episodic_return,81.77284188203403
25125,episodic_length,10.0
25153,episodic_return,240.7971968571661
25153,episodic_length,27.0
25180,episodic_return,230.53551527979457
25180,episodic_length,26.0
25201,episodic_return,174.12901803955648
25201,episodic_length,20.0
25213,episodic_return,90.93033964194362
25213,episodic_length,11.0
25224,episodic_return,81.6426768967127
25224,episodic_length,10.0
25237,episodic_return,100.2843565335125
25237,episodic_length,12.0
25260,episodic_return,192.8577227335876
25260,episodic_length,22.0
25274,episodic_return,109.97764751213369
25274,episodic_length,13.0
25286,episodic_return,91.36420664400276
25286,episodic_length,11.0
25306,episodic_return,164.88266760404255
25306,episodic_length,19.0
25320,episodic_return,109.68729880291308
25320,episodic_length,13.0
25330,episodic_return,72.90400115054666
25330,episodic_length,9.0
25340,episodic_return,72.86358525754922
25340,episodic_length,9.0
25351,episodic_return,81.71051141984479
25351,episodic_length,10.0
25364,episodic_return,100.14931725652545
25364,episodic_length,12.0
25380,episodic_return,128.50461195397128
25380,episodic_length,15.0
25406,episodic_return,220.3080637757034
25406,episodic_length,25.0
25418,episodic_return,91.1753728267292
25418,episodic_length,11.0
25434,episodic_return,127.93693744738012
25434,episodic_length,15.0
25448,episodic_return,109.47236895875795
25448,episodic_length,13.0
25464,episodic_return,127.9566663642293
25464,episodic_length,15.0
25482,episodic_return,146.92880901882614
25482,episodic_length,17.0
25499,episodic_return,137.51591644925276
25499,episodic_length,16.0
25516,episodic_return,137.24422427070056
25516,episodic_length,16.0
25552,episodic_return,314.10054550967186
25552,episodic_length,35.0
25571,episodic_return,156.41278802631268
25571,episodic_length,18.0
25586,episodic_return,118.97702514352171
25586,episodic_length,14.0
25602,episodic_return,127.68404661266821
25602,episodic_length,15.0
25618,episodic_return,127.79160905993942
25618,episodic_length,15.0
25636,episodic_return,147.1535971981283
25636,episodic_length,17.0
25663,episodic_return,230.82566048457875
25663,episodic_length,26.0
25675,episodic_return,91.13720828248708
25675,episodic_length,11.0
25699,episodic_return,202.91752341737563
25699,episodic_length,23.0
25712,episodic_return,100.70556824234397
25712,episodic_length,12.0
25726,episodic_return,108.74828102025079
25726,episodic_length,13.0
25739,episodic_return,100.91884106829418
25739,episodic_length,12.0
25752,episodic_return,99.96212249057137
25752,episodic_length,12.0
25773,episodic_return,172.4948072930846
25773,episodic_length,20.0
25795,episodic_return,182.865055374789
25795,episodic_length,21.0
25820,episodic_return,211.30055084861314
25820,episodic_length,24.0
25830,episodic_return,72.10964954892519
25830,episodic_length,9.0
25854,episodic_return,202.5743685261022
25854,episodic_length,23.0
25877,episodic_return,192.4797816349465
25877,episodic_length,22.0
25899,episodic_return,183.3671137460305
25899,episodic_length,21.0
25919,episodic_return,165.33509835556688
25919,episodic_length,19.0
25937,episodic_return,147.05439756458523
25937,episodic_length,17.0
25953,episodic_return,128.7337520908039
25953,episodic_length,15.0
25982,episodic_return,248.89804659331043
25982,episodic_length,28.0
26001,episodic_return,156.17848460347054
26001,episodic_length,18.0
26018,episodic_return,137.80438821796028
26018,episodic_length,16.0
26029,episodic_return,81.71919656044679
26029,episodic_length,10.0
26043,episodic_return,109.83168025137356
26043,episodic_length,13.0
26065,episodic_return,184.30553896449507
26065,episodic_length,21.0
26090,episodic_return,211.7824745275522
26090,episodic_length,24.0
26112,episodic_return,182.80382599208005
26112,episodic_length,21.0
26128,episodic_return,128.39444176338654
26128,episodic_length,15.0
26155,episodic_return,230.62635246330078
26155,episodic_length,26.0
26170,episodic_return,118.80614244479371
26170,episodic_length,14.0
26195,episodic_return,210.39716107505186
26195,episodic_length,24.0
26206,episodic_return,81.56034338331527
26206,episodic_length,10.0
26221,episodic_return,118.39978576541924
26221,episodic_length,14.0
26234,episodic_return,100.31639803285088
26234,episodic_length,12.0
26242,episodic_return,53.92376583530288
26242,episodic_length,7.0
26260,episodic_return,146.77713344752857
26260,episodic_length,17.0
26276,episodic_return,128.3828153845739
26276,episodic_length,15.0
26288,episodic_return,90.95883089278553
26288,episodic_length,11.0
26311,episodic_return,193.8943659269672
26311,episodic_length,22.0
26325,episodic_return,109.93734212589113
26325,episodic_length,13.0
26342,episodic_return,137.65454885344025
26342,episodic_length,16.0
26367,episodic_return,211.65095036283995
26367,episodic_length,24.0
26378,episodic_return,81.07069183339758
26378,episodic_length,10.0
26397,episodic_return,155.86299272519724
26397,episodic_length,18.0
26407,episodic_return,72.39222992274277
26407,episodic_length,9.0
26421,episodic_return,109.87937490683231
26421,episodic_length,13.0
26431,episodic_return,72.38533176902962
26431,episodic_length,9.0
26453,episodic_return,184.1094614051327
26453,episodic_length,21.0
26480,episodic_return,228.96368592612228
26480,episodic_length,26.0
26500,episodic_return,164.95634872078554
26500,episodic_length,19.0
26515,episodic_return,118.79501665324523
26515,episodic_length,14.0
26524,episodic_return,63.574722980060365
26524,episodic_length,8.0
26540,episodic_return,128.83389646927378
26540,episodic_length,15.0
26561,episodic_return,175.1210535030717
26561,episodic_length,20.0
26574,episodic_return,100.89608110687446
26574,episodic_length,12.0
26587,episodic_return,100.05137021506228
26587,episodic_length,12.0
26610,episodic_return,193.60605410141613
26610,episodic_length,22.0
26624,value_loss,0.3557738661766052
26624,policy_loss,-0.04197452962398529
26624,approx_kl,0.01278868317604065
26624,clipfrac,0.072900390625
26624,explained_variance,0.5869513750076294
26624,sps,543.0
26632,episodic_return,183.21280007556894
26632,episodic_length,21.0
26668,episodic_return,313.1757656993738
26668,episodic_length,35.0
26678,episodic_return,73.03580762774662
26678,episodic_length,9.0
26696,episodic_return,146.99648881220247
26696,episodic_length,17.0
26730,episodic_return,295.8246511369814
26730,episodic_length,33.0
26743,episodic_return,100.27207598405876
26743,episodic_length,12.0
26756,episodic_return,98.82107119060773
26756,episodic_length,12.0
26775,episodic_return,156.2002265202551
26775,episodic_length,18.0
26795,episodic_return,165.3845041253288
26795,episodic_length,19.0
26808,episodic_return,100.06354395638613
26808,episodic_length,12.0
26825,episodic_return,137.27259397063094
26825,episodic_length,16.0
26848,episodic_return,193.43001970224265
26848,episodic_length,22.0
26888,episodic_return,351.5655664450709
26888,episodic_length,39.0
26907,episodic_return,156.27248249968866
26907,episodic_length,18.0
26928,episodic_return,174.0269507239508
26928,episodic_length,20.0
26941,episodic_return,100.64178821228853
26941,episodic_length,12.0
26961,episodic_return,165.50277235293072
26961,episodic_length,19.0
26976,episodic_return,118.65300163971915
26976,episodic_length,14.0
26995,episodic_return,156.1538966423828
26995,episodic_length,18.0
27016,episodic_return,174.20295627808557
27016,episodic_length,20.0
27035,episodic_return,156.57535450600247
27035,episodic_length,18.0
27048,episodic_return,100.6970296962541
27048,episodic_length,12.0
27066,episodic_return,147.18043287331335
27066,episodic_length,17.0
27086,episodic_return,165.44661825838966
27086,episodic_length,19.0
27095,episodic_return,63.309420476103455
27095,episodic_length,8.0
27110,episodic_return,118.76939083727684
27110,episodic_length,14.0
27136,episodic_return,220.65357283052043
27136,episodic_length,25.0
27154,episodic_return,146.78523015999988
27154,episodic_length,17.0
27193,episodic_return,342.0772636360603
27193,episodic_length,38.0
27227,episodic_return,295.6151618160765
27227,episodic_length,33.0
27249,episodic_return,183.32933084322508
27249,episodic_length,21.0
27262,episodic_return,100.4562416653545
27262,episodic_length,12.0
27284,episodic_return,184.43923830152903
27284,episodic_length,21.0
27297,episodic_return,100.82747243963787
27297,episodic_length,12.0
27309,episodic_return,90.47338794658175
27309,episodic_length,11.0
27337,episodic_return,239.57687433387815
27337,episodic_length,27.0
27348,episodic_return,81.00331488795577
27348,episodic_length,10.0
27360,episodic_return,91.25518744597032
27360,episodic_length,11.0
27375,episodic_return,119.14451580364343
27375,episodic_length,14.0
27385,episodic_return,72.49449754326207
27385,episodic_length,9.0
27410,episodic_return,211.13608806256158
27410,episodic_length,24.0
27425,episodic_return,119.39927215001283
27425,episodic_length,14.0
27448,episodic_return,192.11839431415595
27448,episodic_length,22.0
27468,episodic_return,165.42072536951906
27468,episodic_length,19.0
27482,episodic_return,109.67057467363932
27482,episodic_length,13.0
27490,episodic_return,53.91173078196457
27490,episodic_length,7.0
27512,episodic_return,182.51394547589777
27512,episodic_length,21.0
27532,episodic_return,164.75009001481317
27532,episodic_length,19.0
27542,episodic_return,72.7888229060357
27542,episodic_length,9.0
27563,episodic_return,174.04280656377068
27563,episodic_length,20.0
27581,episodic_return,146.49082862085473
27581,episodic_length,17.0
27596,episodic_return,118.69132319742435
27596,episodic_length,14.0
27623,episodic_return,230.9882439276431
27623,episodic_length,26.0
27636,episodic_return,100.2369647562162
27636,episodic_length,12.0
27666,episodic_return,258.58174036060836
27666,episodic_length,29.0
27679,episodic_return,100.52287185525515
27679,episodic_length,12.0
27696,episodic_return,137.7975241376369
27696,episodic_length,16.0
27714,episodic_return,147.0926867274725
27714,episodic_length,17.0
27723,episodic_return,62.74675863934102
27723,episodic_length,8.0
27747,episodic_return,202.20661701031852
27747,episodic_length,23.0
27762,episodic_return,119.02838520196178
27762,episodic_length,14.0
27773,episodic_return,81.4541819778912
27773,episodic_length,10.0
27783,episodic_return,72.76075279499194
27783,episodic_length,9.0
27796,episodic_return,100.36415545450484
27796,episodic_length,12.0
27812,episodic_return,128.46336675254082
27812,episodic_length,15.0
27839,episodic_return,229.70628150309346
27839,episodic_length,26.0
27859,episodic_return,165.06964963788212
27859,episodic_length,19.0
27882,episodic_return,193.7729552414656
27882,episodic_length,22.0
27911,episodic_return,248.39986147516095
27911,episodic_length,28.0
27925,episodic_return,109.3655296625209
27925,episodic_length,13.0
27949,episodic_return,202.21824967169195
27949,episodic_length,23.0
27968,episodic_return,156.559581618629
27968,episodic_length,18.0
27983,episodic_return,118.90714850304539
27983,episodic_length,14.0
27998,episodic_return,119.18724356720111
27998,episodic_length,14.0
28009,episodic_return,81.68591403871046
28009,episodic_length,10.0
28029,episodic_return,165.75671192605512
28029,episodic_length,19.0
28041,episodic_return,91.32575809904215
28041,episodic_length,11.0
28061,episodic_return,165.66650590866723
28061,episodic_length,19.0
28068,episodic_return,44.310948064484336
28068,episodic_length,6.0
28084,episodic_return,128.43502729398324
28084,episodic_length,15.0
28102,episodic_return,145.52293120280362
28102,episodic_length,17.0
28111,episodic_return,63.41092242488812
28111,episodic_length,8.0
28124,episodic_return,100.29986206727607
28124,episodic_length,12.0
28150,episodic_return,220.06998902866133
28150,episodic_length,25.0
28174,episodic_return,202.72196629497185
28174,episodic_length,23.0
28208,episodic_return,295.31054549748626
28208,episodic_length,33.0
28230,episodic_return,184.50306127226366
28230,episodic_length,21.0
28243,episodic_return,100.34137136343286
28243,episodic_length,12.0
28262,episodic_return,155.89783905548938
28262,episodic_length,18.0
28282,episodic_return,165.17742271921495
28282,episodic_length,19.0
28300,episodic_return,147.57917349660133
28300,episodic_length,17.0
28316,episodic_return,128.00501713946153
28316,episodic_length,15.0
28331,episodic_return,118.42436924965386
28331,episodic_length,14.0
28349,episodic_return,146.76844623599462
28349,episodic_length,17.0
28381,episodic_return,275.7242620646821
28381,episodic_length,31.0
28400,episodic_return,156.15025332762085
28400,episodic_length,18.0
28410,episodic_return,72.49064233872615
28410,episodic_length,9.0
28441,episodic_return,267.64206506735206
28441,episodic_length,30.0
28448,episodic_return,44.623337216486036
28448,episodic_length,6.0
28471,episodic_return,193.55004356852803
28471,episodic_length,22.0
28492,episodic_return,174.7521715913729
28492,episodic_length,20.0
28509,episodic_return,138.1321413931263
28509,episodic_length,16.0
28535,episodic_return,221.69063877489558
28535,episodic_length,25.0
28550,episodic_return,118.55792965465838
28550,episodic_length,14.0
28568,episodic_return,146.56795611150335
28568,episodic_length,17.0
28584,episodic_return,128.24249336351897
28584,episodic_length,15.0
28599,episodic_return,119.297151456217
28599,episodic_length,14.0
28612,episodic_return,100.61409133076596
28612,episodic_length,12.0
28627,episodic_return,118.97339566042078
28627,episodic_length,14.0
28644,episodic_return,137.45823870496466
28644,episodic_length,16.0
28671,episodic_return,231.54699474592272
28671,episodic_length,26.0
28672,value_loss,0.34285271167755127
28672,policy_loss,-0.007194396108388901
28672,approx_kl,0.009215639904141426
28672,clipfrac,0.08056640625
28672,explained_variance,0.6077971458435059
28672,sps,542.0
28694,episodic_return,192.73318179834118
28694,episodic_length,22.0
28710,episodic_return,128.53928344040682
28710,episodic_length,15.0
28729,episodic_return,155.95392937697082
28729,episodic_length,18.0
28744,episodic_return,119.18182860573249
28744,episodic_length,14.0
28766,episodic_return,184.08359707499653
28766,episodic_length,21.0
28797,episodic_return,266.1829631107145
28797,episodic_length,30.0
28809,episodic_return,91.3731571965814
28809,episodic_length,11.0
28831,episodic_return,183.52918884106282
28831,episodic_length,21.0
28861,episodic_return,258.54045176816766
28861,episodic_length,29.0
28871,episodic_return,72.18055961538165
28871,episodic_length,9.0
28896,episodic_return,212.1635979198369
28896,episodic_length,24.0
28911,episodic_return,118.77925632435893
28911,episodic_length,14.0
28925,episodic_return,109.22957675047913
28925,episodic_length,13.0
28945,episodic_return,165.92026529155777
28945,episodic_length,19.0
28966,episodic_return,175.12019809425976
28966,episodic_length,20.0
28980,episodic_return,108.37329518166247
28980,episodic_length,13.0
28993,episodic_return,100.77041830998955
28993,episodic_length,12.0
29007,episodic_return,108.94743188448928
29007,episodic_length,13.0
29037,episodic_return,257.9919957332039
29037,episodic_length,29.0
29068,episodic_return,267.42458978422314
29068,episodic_length,30.0
29085,episodic_return,137.85008507411763
29085,episodic_length,16.0
29102,episodic_return,137.85305365997965
29102,episodic_length,16.0
29130,episodic_return,239.66587614915304
29130,episodic_length,27.0
29142,episodic_return,90.45361541803716
29142,episodic_length,11.0
29162,episodic_return,165.43993355986905
29162,episodic_length,19.0
29184,episodic_return,183.5559325691942
29184,episodic_length,21.0
29218,episodic_return,295.1038960675151
29218,episodic_length,33.0
29244,episodic_return,220.65567057617213
29244,episodic_length,25.0
29265,episodic_return,172.78949878295643
29265,episodic_length,20.0
29285,episodic_return,165.14086983926586
29285,episodic_length,19.0
29303,episodic_return,146.94687734148656
29303,episodic_length,17.0
29317,episodic_return,109.16428911123991
29317,episodic_length,13.0
29342,episodic_return,212.59960966195308
29342,episodic_length,24.0
29355,episodic_return,100.68164170806423
29355,episodic_length,12.0
29369,episodic_return,109.79695264050088
29369,episodic_length,13.0
29380,episodic_return,81.86949359846437
29380,episodic_length,10.0
29400,episodic_return,164.96658687440748
29400,episodic_length,19.0
29418,episodic_return,145.84802768086624
29418,episodic_length,17.0
29431,episodic_return,100.51376400467186
29431,episodic_length,12.0
29455,episodic_return,202.28337496722983
29455,episodic_length,23.0
29467,episodic_return,91.22275014059589
29467,episodic_length,11.0
29493,episodic_return,221.0930703708654
29493,episodic_length,25.0
29510,episodic_return,137.50853548919812
29510,episodic_length,16.0
29524,episodic_return,109.65965359668913
29524,episodic_length,13.0
29548,episodic_return,203.01900160781685
29548,episodic_length,23.0
29579,episodic_return,266.71363851029304
29579,episodic_length,30.0
29596,episodic_return,137.64453551275557
29596,episodic_length,16.0
29606,episodic_return,71.72209510159263
29606,episodic_length,9.0
29628,episodic_return,183.6924507707886
29628,episodic_length,21.0
29647,episodic_return,156.08765626570815
29647,episodic_length,18.0
29670,episodic_return,193.2007436711056
29670,episodic_length,22.0
29688,episodic_return,147.0598409314974
29688,episodic_length,17.0
29707,episodic_return,155.34959318821032
29707,episodic_length,18.0
29723,episodic_return,128.0856751470126
29723,episodic_length,15.0
29764,episodic_return,361.36491621381856
29764,episodic_length,40.0
29777,episodic_return,100.56493158610505
29777,episodic_length,12.0
29808,episodic_return,267.0823203759333
29808,episodic_length,30.0
29832,episodic_return,202.87833019882464
29832,episodic_length,23.0
29846,episodic_return,110.16225763003115
29846,episodic_length,13.0
29880,episodic_return,295.6538474122019
29880,episodic_length,33.0
29895,episodic_return,118.76254779267602
29895,episodic_length,14.0
29908,episodic_return,100.36313008002668
29908,episodic_length,12.0
29933,episodic_return,211.31786638054328
29933,episodic_length,24.0
29951,episodic_return,146.70904527777822
29951,episodic_length,17.0
29960,episodic_return,62.870269786585254
29960,episodic_length,8.0
29984,episodic_return,202.4927478990759
29984,episodic_length,23.0
30017,episodic_return,285.14158964710185
30017,episodic_length,32.0
30032,episodic_return,119.01080082254299
30032,episodic_length,14.0
30043,episodic_return,81.78886712100062
30043,episodic_length,10.0
30060,episodic_return,137.52629637652356
30060,episodic_length,16.0
30090,episodic_return,258.5346368592961
30090,episodic_length,29.0
30112,episodic_return,184.88192629765896
30112,episodic_length,21.0
30127,episodic_return,119.11918718694753
30127,episodic_length,14.0
30164,episodic_return,324.09761676788804
30164,episodic_length,36.0
30183,episodic_return,156.15525073074295
30183,episodic_length,18.0
30206,episodic_return,193.58234816181218
30206,episodic_length,22.0
30217,episodic_return,81.96546078553678
30217,episodic_length,10.0
30236,episodic_return,156.29799055887995
30236,episodic_length,18.0
30252,episodic_return,128.29725956211107
30252,episodic_length,15.0
30265,episodic_return,100.62952392993829
30265,episodic_length,12.0
30287,episodic_return,184.4964565907305
30287,episodic_length,21.0
30303,episodic_return,128.24711481334523
30303,episodic_length,15.0
30318,episodic_return,118.96544844266026
30318,episodic_length,14.0
30331,episodic_return,100.6391546526033
30331,episodic_length,12.0
30345,episodic_return,109.54402818449805
30345,episodic_length,13.0
30367,episodic_return,183.7870874297483
30367,episodic_length,21.0
30400,episodic_return,286.36451439469175
30400,episodic_length,32.0
30419,episodic_return,155.9931838706908
30419,episodic_length,18.0
30444,episodic_return,211.6867284824205
30444,episodic_length,24.0
30459,episodic_return,119.1739861477176
30459,episodic_length,14.0
30476,episodic_return,137.65721596832043
30476,episodic_length,16.0
30484,episodic_return,53.9438507254551
30484,episodic_length,7.0
30500,episodic_return,128.23586092675882
30500,episodic_length,15.0
30520,episodic_return,165.34709501014495
30520,episodic_length,19.0
30532,episodic_return,91.50294067315791
30532,episodic_length,11.0
30555,episodic_return,193.68704335760873
30555,episodic_length,22.0
30578,episodic_return,193.26200229173372
30578,episodic_length,22.0
30591,episodic_return,100.02099182343359
30591,episodic_length,12.0
30606,episodic_return,119.14455487460874
30606,episodic_length,14.0
30632,episodic_return,221.5540587409503
30632,episodic_length,25.0
30649,episodic_return,136.95936584390748
30649,episodic_length,16.0
30663,episodic_return,109.54448199004264
30663,episodic_length,13.0
30681,episodic_return,146.18445571370992
30681,episodic_length,17.0
30708,episodic_return,230.10123924136175
30708,episodic_length,26.0
30720,value_loss,0.19828104972839355
30720,policy_loss,-0.02692822739481926
30720,approx_kl,0.012023926712572575
30720,clipfrac,0.11103515625
30720,explained_variance,0.6434712707996368
30720,sps,541.0
30722,episodic_return,109.45894974451164
30722,episodic_length,13.0
30738,episodic_return,127.28739569544649
30738,episodic_length,15.0
30754,episodic_return,127.72245411762309
30754,episodic_length,15.0
30809,episodic_return,490.09166344468235
30809,episodic_length,54.0
30845,episodic_return,314.33611917812925
30845,episodic_length,35.0
30874,episodic_return,247.87493351714414
30874,episodic_length,28.0
30897,episodic_return,193.04786176760345
30897,episodic_length,22.0
30920,episodic_return,193.66081339210058
30920,episodic_length,22.0
30939,episodic_return,156.74830487157186
30939,episodic_length,18.0
30955,episodic_return,128.0843562602305
30955,episodic_length,15.0
30977,episodic_return,184.51756978458977
30977,episodic_length,21.0
31008,episodic_return,266.5950470285956
31008,episodic_length,30.0
31017,episodic_return,62.935861441453326
31017,episodic_length,8.0
31030,episodic_return,99.99775750294441
31030,episodic_length,12.0
31059,episodic_return,248.15326166222377
31059,episodic_length,28.0
31082,episodic_return,193.38348403307214
31082,episodic_length,22.0
31100,episodic_return,146.7088994119962
31100,episodic_length,17.0
31121,episodic_return,174.26975417045819
31121,episodic_length,20.0
31143,episodic_return,182.02368077786832
31143,episodic_length,21.0
31157,episodic_return,110.08997219217359
31157,episodic_length,13.0
31173,episodic_return,128.41072499757928
31173,episodic_length,15.0
31205,episodic_return,276.0864362193784
31205,episodic_length,31.0
31247,episodic_return,370.79985741481437
31247,episodic_length,41.0
31270,episodic_return,192.3669815854112
31270,episodic_length,22.0
31300,episodic_return,258.5216403066372
31300,episodic_length,29.0
31320,episodic_return,164.75942206513102
31320,episodic_length,19.0
31337,episodic_return,137.48271553666478
31337,episodic_length,16.0
31350,episodic_return,100.2801205742103
31350,episodic_length,12.0
31369,episodic_return,155.79301028206
31369,episodic_length,18.0
31404,episodic_return,304.4430073183824
31404,episodic_length,34.0
31442,episodic_return,332.5018394545767
31442,episodic_length,37.0
31461,episodic_return,154.58246555058867
31461,episodic_length,18.0
31481,episodic_return,164.9009281232176
31481,episodic_length,19.0
31512,episodic_return,267.7743431463518
31512,episodic_length,30.0
31528,episodic_return,128.10454888576885
31528,episodic_length,15.0
31546,episodic_return,147.26761634335992
31546,episodic_length,17.0
31575,episodic_return,249.18594138629237
31575,episodic_length,28.0
31588,episodic_return,100.66487723756393
31588,episodic_length,12.0
31605,episodic_return,137.14531278419386
31605,episodic_length,16.0
31627,episodic_return,184.35865516704564
31627,episodic_length,21.0
31652,episodic_return,210.731663295141
31652,episodic_length,24.0
31674,episodic_return,183.66261380449453
31674,episodic_length,21.0
31691,episodic_return,137.8574490377641
31691,episodic_length,16.0
31715,episodic_return,202.49675878481744
31715,episodic_length,23.0
31729,episodic_return,109.49860442911414
31729,episodic_length,13.0
31754,episodic_return,212.14155979205015
31754,episodic_length,24.0
31783,episodic_return,249.13174356037808
31783,episodic_length,28.0
31795,episodic_return,90.88383303406039
31795,episodic_length,11.0
31824,episodic_return,247.95619782062977
31824,episodic_length,28.0
31841,episodic_return,137.41146407681433
31841,episodic_length,16.0
31878,episodic_return,322.988641832431
31878,episodic_length,36.0
31895,episodic_return,137.16031242001898
31895,episodic_length,16.0
31917,episodic_return,184.1887870929933
31917,episodic_length,21.0
31931,episodic_return,109.56290202252976
31931,episodic_length,13.0
31953,episodic_return,182.68513804207433
31953,episodic_length,21.0
31985,episodic_return,276.84820125722837
31985,episodic_length,31.0
31997,episodic_return,91.06149518679241
31997,episodic_length,11.0
32010,episodic_return,100.00734030030053
32010,episodic_length,12.0
32034,episodic_return,202.86215873024142
32034,episodic_length,23.0
32052,episodic_return,146.83262878866122
32052,episodic_length,17.0
32068,episodic_return,128.3267539030839
32068,episodic_length,15.0
32081,episodic_return,100.67473434279835
32081,episodic_length,12.0
32107,episodic_return,221.52969573103036
32107,episodic_length,25.0
32139,episodic_return,277.04125105509524
32139,episodic_length,31.0
32171,episodic_return,275.78892445246066
32171,episodic_length,31.0
32194,episodic_return,192.0234547080019
32194,episodic_length,22.0
32206,episodic_return,90.88451197389817
32206,episodic_length,11.0
32221,episodic_return,119.20055274118442
32221,episodic_length,14.0
32238,episodic_return,137.39776650588846
32238,episodic_length,16.0
32268,episodic_return,259.08091978890326
32268,episodic_length,29.0
32285,episodic_return,137.55512928843325
32285,episodic_length,16.0
32305,episodic_return,165.7338210847293
32305,episodic_length,19.0
32342,episodic_return,322.7576768532619
32342,episodic_length,36.0
32356,episodic_return,109.60620135615626
32356,episodic_length,13.0
32382,episodic_return,220.36573949899875
32382,episodic_length,25.0
32401,episodic_return,155.96305259280524
32401,episodic_length,18.0
32427,episodic_return,220.673733405244
32427,episodic_length,25.0
32456,episodic_return,248.5543585755385
32456,episodic_length,28.0
32478,episodic_return,184.3938106549935
32478,episodic_length,21.0
32503,episodic_return,211.32263162735606
32503,episodic_length,24.0
32528,episodic_return,211.43413837523457
32528,episodic_length,24.0
32545,episodic_return,137.64948656824328
32545,episodic_length,16.0
32565,episodic_return,165.0251984317314
32565,episodic_length,19.0
32593,episodic_return,239.8354606348767
32593,episodic_length,27.0
32613,episodic_return,165.4398661585471
32613,episodic_length,19.0
32631,episodic_return,146.44460326335897
32631,episodic_length,17.0
32644,episodic_return,100.12785378211586
32644,episodic_length,12.0
32661,episodic_return,137.95651496231466
32661,episodic_length,16.0
32673,episodic_return,90.4731035066773
32673,episodic_length,11.0
32697,episodic_return,201.56410398629492
32697,episodic_length,23.0
32711,episodic_return,109.25161567310671
32711,episodic_length,13.0
32730,episodic_return,155.55439009845801
32730,episodic_length,18.0
32755,episodic_return,210.01915508504817
32755,episodic_length,24.0
32768,episodic_return,100.25266103563598
32768,episodic_length,12.0
32768,value_loss,0.2551270127296448
32768,policy_loss,-0.0020177438855171204
32768,approx_kl,0.0057893251068890095
32768,clipfrac,0.101220703125
32768,explained_variance,0.6293486058712006
32768,sps,541.0
32787,episodic_return,155.71244125649775
32787,episodic_length,18.0
32810,episodic_return,192.82606752543046
32810,episodic_length,22.0
32835,episodic_return,211.96598506040317
32835,episodic_length,24.0
32846,episodic_return,81.74348780174387
32846,episodic_length,10.0
32868,episodic_return,184.16223020408808
32868,episodic_length,21.0
32885,episodic_return,137.65236659485126
32885,episodic_length,16.0
32906,episodic_return,174.95366218869927
32906,episodic_length,20.0
32916,episodic_return,72.7377286602109
32916,episodic_length,9.0
32959,episodic_return,378.3702217750045
32959,episodic_length,42.0
33007,episodic_return,425.821882350505
33007,episodic_length,47.0
33022,episodic_return,118.80514094157003
33022,episodic_length,14.0
33049,episodic_return,230.99474692447623
33049,episodic_length,26.0
33082,episodic_return,286.8185592791656
33082,episodic_length,32.0
33113,episodic_return,267.31714716165516
33113,episodic_length,30.0
33132,episodic_return,156.10379218258794
33132,episodic_length,18.0
33152,episodic_return,165.861566907734
33152,episodic_length,19.0
33170,episodic_return,146.75031910185356
33170,episodic_length,17.0
33185,episodic_return,118.63978143762574
33185,episodic_length,14.0
33201,episodic_return,128.2916290626779
33201,episodic_length,15.0
33217,episodic_return,128.33884172167595
33217,episodic_length,15.0
33235,episodic_return,144.98527579309282
33235,episodic_length,17.0
33268,episodic_return,286.3923484310592
33268,episodic_length,32.0
33300,episodic_return,275.2791525769817
33300,episodic_length,31.0
33338,episodic_return,332.18013136535734
33338,episodic_length,37.0
33374,episodic_return,314.4900682295908
33374,episodic_length,35.0
33390,episodic_return,128.2362555130342
33390,episodic_length,15.0
33419,episodic_return,249.3336038515425
33419,episodic_length,28.0
33454,episodic_return,304.2276303476035
33454,episodic_length,34.0
33480,episodic_return,220.25045982414886
33480,episodic_length,25.0
33493,episodic_return,100.80608845428735
33493,episodic_length,12.0
33505,episodic_return,91.20769537423605
33505,episodic_length,11.0
33524,episodic_return,155.89798604758175
33524,episodic_length,18.0
33544,episodic_return,164.89672788510705
33544,episodic_length,19.0
33560,episodic_return,128.65984523091166
33560,episodic_length,15.0
33590,episodic_return,257.60817460242663
33590,episodic_length,29.0
33610,episodic_return,165.35814888569095
33610,episodic_length,19.0
33627,episodic_return,137.833471537609
33627,episodic_length,16.0
33645,episodic_return,146.11662125506177
33645,episodic_length,17.0
33655,episodic_return,71.95766392075447
33655,episodic_length,9.0
33678,episodic_return,193.5671528227722
33678,episodic_length,22.0
33709,episodic_return,267.3736772056904
33709,episodic_length,30.0
33724,episodic_return,119.1304015058108
33724,episodic_length,14.0
33745,episodic_return,174.97507908938405
33745,episodic_length,20.0
33767,episodic_return,183.87120850343743
33767,episodic_length,21.0
33779,episodic_return,91.25077577755197
33779,episodic_length,11.0
33804,episodic_return,211.60257478465968
33804,episodic_length,24.0
33821,episodic_return,137.5386476634316
33821,episodic_length,16.0
33848,episodic_return,229.57992035505774
33848,episodic_length,26.0
33861,episodic_return,100.27647588442811
33861,episodic_length,12.0
33891,episodic_return,257.9328770789891
33891,episodic_length,29.0
33907,episodic_return,127.74735659003153
33907,episodic_length,15.0
33932,episodic_return,211.42128552847092
33932,episodic_length,24.0
33948,episodic_return,127.82362272176775
33948,episodic_length,15.0
33969,episodic_return,174.64424233583316
33969,episodic_length,20.0
33978,episodic_return,63.39092999821749
33978,episodic_length,8.0
34016,episodic_return,333.04024064364654
34016,episodic_length,37.0
34038,episodic_return,183.4810173749603
34038,episodic_length,21.0
34060,episodic_return,183.92295200288555
34060,episodic_length,21.0
34094,episodic_return,294.66555526426225
34094,episodic_length,33.0
34127,episodic_return,286.2282297758408
34127,episodic_length,32.0
34142,episodic_return,119.21897451486106
34142,episodic_length,14.0
34162,episodic_return,165.42869146314942
34162,episodic_length,19.0
34181,episodic_return,156.39947869463052
34181,episodic_length,18.0
34211,episodic_return,258.7878156361935
34211,episodic_length,29.0
34231,episodic_return,164.99667690098505
34231,episodic_length,19.0
34251,episodic_return,165.20696857608615
34251,episodic_length,19.0
34264,episodic_return,100.6469002809579
34264,episodic_length,12.0
34274,episodic_return,72.70129157823527
34274,episodic_length,9.0
34288,episodic_return,109.6181085838051
34288,episodic_length,13.0
34317,episodic_return,247.75221652517425
34317,episodic_length,28.0
34344,episodic_return,230.40257317783883
34344,episodic_length,26.0
34365,episodic_return,174.7368002027625
34365,episodic_length,20.0
34393,episodic_return,239.38543600941952
34393,episodic_length,27.0
34410,episodic_return,137.44558126648454
34410,episodic_length,16.0
34433,episodic_return,192.75876038156534
34433,episodic_length,22.0
34452,episodic_return,156.08407737128346
34452,episodic_length,18.0
34471,episodic_return,155.00105348831866
34471,episodic_length,18.0
34489,episodic_return,146.98609820381654
34489,episodic_length,17.0
34514,episodic_return,209.806338377169
34514,episodic_length,24.0
34541,episodic_return,229.95386834319243
34541,episodic_length,26.0
34571,episodic_return,257.6705643742979
34571,episodic_length,29.0
34594,episodic_return,192.65466464232773
34594,episodic_length,22.0
34608,episodic_return,109.61071033568886
34608,episodic_length,13.0
34619,episodic_return,81.64763339776421
34619,episodic_length,10.0
34632,episodic_return,100.20260912027896
34632,episodic_length,12.0
34661,episodic_return,248.16633349091083
34661,episodic_length,28.0
34694,episodic_return,284.9177610795706
34694,episodic_length,32.0
34711,episodic_return,137.14987423510303
34711,episodic_length,16.0
34725,episodic_return,109.27446866102062
34725,episodic_length,13.0
34749,episodic_return,201.96019905285868
34749,episodic_length,23.0
34764,episodic_return,119.04797052254797
34764,episodic_length,14.0
34788,episodic_return,201.5441006030093
34788,episodic_length,23.0
34816,value_loss,0.25804316997528076
34816,policy_loss,-0.006872773170471191
34816,approx_kl,0.004644966684281826
34816,clipfrac,0.07666015625
34816,explained_variance,0.6427596509456635
34816,sps,541.0
34818,episodic_return,258.4233950592906
34818,episodic_length,29.0
34872,episodic_return,481.9213697214592
34872,episodic_length,53.0
34891,episodic_return,156.41442591414204
34891,episodic_length,18.0
34933,episodic_return,370.63494227509216
34933,episodic_length,41.0
34956,episodic_return,192.37877420622507
34956,episodic_length,22.0
34998,episodic_return,369.8821587010398
34998,episodic_length,41.0
35022,episodic_return,202.34257158213873
35022,episodic_length,23.0
35045,episodic_return,192.8011966093331
35045,episodic_length,22.0
35078,episodic_return,286.3966126660967
35078,episodic_length,32.0
35093,episodic_return,118.93141115488694
35093,episodic_length,14.0
35118,episodic_return,211.11688837440843
35118,episodic_length,24.0
35148,episodic_return,259.0841182087574
35148,episodic_length,29.0
35171,episodic_return,192.45821236619844
35171,episodic_length,22.0
35186,episodic_return,118.70949592996722
35186,episodic_length,14.0
35202,episodic_return,127.84235152723258
35202,episodic_length,15.0
35231,episodic_return,249.3361431083047
35231,episodic_length,28.0
35247,episodic_return,127.95144833472453
35247,episodic_length,15.0
35267,episodic_return,165.69131978486723
35267,episodic_length,19.0
35315,episodic_return,425.08091245205605
35315,episodic_length,47.0
35336,episodic_return,174.77455326015422
35336,episodic_length,20.0
35364,episodic_return,239.0738585399382
35364,episodic_length,27.0
35392,episodic_return,239.64017913343352
35392,episodic_length,27.0
35404,episodic_return,91.44641978307352
35404,episodic_length,11.0
35439,episodic_return,305.23859145042167
35439,episodic_length,34.0
35458,episodic_return,156.40755188868891
35458,episodic_length,18.0
35475,episodic_return,136.9992116213428
35475,episodic_length,16.0
35494,episodic_return,156.42383834973288
35494,episodic_length,18.0
35507,episodic_return,99.3912661093419
35507,episodic_length,12.0
35529,episodic_return,184.39750675014133
35529,episodic_length,21.0
35543,episodic_return,109.5788509305517
35543,episodic_length,13.0
35578,episodic_return,303.93224850900043
35578,episodic_length,34.0
35587,episodic_return,62.97804894327257
35587,episodic_length,8.0
35616,episodic_return,248.24262409769398
35616,episodic_length,28.0
35667,episodic_return,453.0869391212761
35667,episodic_length,50.0
35683,episodic_return,128.1220729441564
35683,episodic_length,15.0
35711,episodic_return,240.92675191136257
35711,episodic_length,27.0
35736,episodic_return,211.021511993944
35736,episodic_length,24.0
35764,episodic_return,238.52592253583268
35764,episodic_length,27.0
35785,episodic_return,173.7762580941943
35785,episodic_length,20.0
35800,episodic_return,119.28858117473726
35800,episodic_length,14.0
35833,episodic_return,284.6770175038572
35833,episodic_length,32.0
35857,episodic_return,201.57332531546257
35857,episodic_length,23.0
35877,episodic_return,165.30183778698165
35877,episodic_length,19.0
35889,episodic_return,90.99446735331635
35889,episodic_length,11.0
35912,episodic_return,191.66408641554057
35912,episodic_length,22.0
35945,episodic_return,286.7047199747915
35945,episodic_length,32.0
35973,episodic_return,238.91426147182975
35973,episodic_length,27.0
35989,episodic_return,128.02644247190653
35989,episodic_length,15.0
36004,episodic_return,118.67960159144211
36004,episodic_length,14.0
36026,episodic_return,184.1735610617505
36026,episodic_length,21.0
36051,episodic_return,212.0469095053538
36051,episodic_length,24.0
36073,episodic_return,183.5520466230292
36073,episodic_length,21.0
36097,episodic_return,202.3667022008586
36097,episodic_length,23.0
36120,episodic_return,193.8216872593094
36120,episodic_length,22.0
36152,episodic_return,276.75704327712884
36152,episodic_length,31.0
36207,episodic_return,488.7379121667773
36207,episodic_length,54.0
36222,episodic_return,118.99508776001456
36222,episodic_length,14.0
36247,episodic_return,212.31967203263977
36247,episodic_length,24.0
36281,episodic_return,294.50796708418636
36281,episodic_length,33.0
36296,episodic_return,119.36402177894341
36296,episodic_length,14.0
36314,episodic_return,146.76698158896085
36314,episodic_length,17.0
36326,episodic_return,91.11326816226001
36326,episodic_length,11.0
36341,episodic_return,118.9080327260343
36341,episodic_length,14.0
36381,episodic_return,352.11839810581256
36381,episodic_length,39.0
36403,episodic_return,183.47269329335785
36403,episodic_length,21.0
36423,episodic_return,164.66166810424377
36423,episodic_length,19.0
36441,episodic_return,145.87235414709525
36441,episodic_length,17.0
36456,episodic_return,119.19957582152814
36456,episodic_length,14.0
36481,episodic_return,212.07549931352412
36481,episodic_length,24.0
36500,episodic_return,155.79294733436257
36500,episodic_length,18.0
36522,episodic_return,183.15987338752475
36522,episodic_length,21.0
36557,episodic_return,304.63761777768343
36557,episodic_length,34.0
36578,episodic_return,175.32295171451597
36578,episodic_length,20.0
36603,episodic_return,211.37972843667697
36603,episodic_length,24.0
36639,episodic_return,314.0089666555999
36639,episodic_length,35.0
36664,episodic_return,211.7006478255689
36664,episodic_length,24.0
36685,episodic_return,174.24754572942993
36685,episodic_length,20.0
36697,episodic_return,91.11873567743912
36697,episodic_length,11.0
36717,episodic_return,165.69724389694431
36717,episodic_length,19.0
36731,episodic_return,109.75318616603701
36731,episodic_length,13.0
36744,episodic_return,100.1963533464693
36744,episodic_length,12.0
36765,episodic_return,174.19688371376074
36765,episodic_length,20.0
36783,episodic_return,146.98977918129356
36783,episodic_length,17.0
36795,episodic_return,90.42393720473399
36795,episodic_length,11.0
36815,episodic_return,164.7180302285457
36815,episodic_length,19.0
36842,episodic_return,229.3612602605357
36842,episodic_length,26.0
36864,value_loss,0.3332946300506592
36864,policy_loss,-0.008012749254703522
36864,approx_kl,0.023533038794994354
36864,clipfrac,0.11650390625
36864,explained_variance,0.6519837975502014
36864,sps,543.0
36865,episodic_return,193.4672765733952
36865,episodic_length,22.0
36879,episodic_return,109.92738598628937
36879,episodic_length,13.0
36905,episodic_return,219.91735090520123
36905,episodic_length,25.0
36930,episodic_return,210.40524896102895
36930,episodic_length,24.0
36962,episodic_return,276.99150930885105
36962,episodic_length,31.0
36987,episodic_return,211.8840543112617
36987,episodic_length,24.0
37010,episodic_return,192.53035141597223
37010,episodic_length,22.0
37032,episodic_return,182.31557554388266
37032,episodic_length,21.0
37062,episodic_return,258.9163358100568
37062,episodic_length,29.0
37088,episodic_return,221.00910469240065
37088,episodic_length,25.0
37100,episodic_return,91.34722638308196
37100,episodic_length,11.0
37123,episodic_return,193.20825789609432
37123,episodic_length,22.0
37149,episodic_return,221.56880955695576
37149,episodic_length,25.0
37174,episodic_return,211.41191211197037
37174,episodic_length,24.0
37204,episodic_return,258.8877219166302
37204,episodic_length,29.0
37253,episodic_return,435.27362208657655
37253,episodic_length,48.0
37280,episodic_return,230.45045018423036
37280,episodic_length,26.0
37304,episodic_return,200.83994453352182
37304,episodic_length,23.0
37330,episodic_return,220.98357755624824
37330,episodic_length,25.0
37350,episodic_return,165.00071698072827
37350,episodic_length,19.0
37384,episodic_return,295.4682044607774
37384,episodic_length,33.0
37405,episodic_return,173.6656560669557
37405,episodic_length,20.0
37464,episodic_return,526.9482614173363
37464,episodic_length,58.0
37493,episodic_return,248.62346946485818
37493,episodic_length,28.0
37529,episodic_return,314.74441128376725
37529,episodic_length,35.0
37555,episodic_return,221.4923807189719
37555,episodic_length,25.0
37574,episodic_return,155.60432287285494
37574,episodic_length,18.0
37605,episodic_return,267.20362854026007
37605,episodic_length,30.0
37624,episodic_return,155.53402453691075
37624,episodic_length,18.0
37646,episodic_return,183.11076018087746
37646,episodic_length,21.0
37687,episodic_return,359.14161687701477
37687,episodic_length,40.0
37702,episodic_return,119.19662911430427
37702,episodic_length,14.0
37730,episodic_return,239.8695610873047
37730,episodic_length,27.0
37760,episodic_return,257.541149848835
37760,episodic_length,29.0
37784,episodic_return,202.44057398466288
37784,episodic_length,23.0
37802,episodic_return,146.5967518591538
37802,episodic_length,17.0
37831,episodic_return,248.58740928081795
37831,episodic_length,28.0
37872,episodic_return,361.10906699387795
37872,episodic_length,40.0
37921,episodic_return,434.87598733393037
37921,episodic_length,48.0
37951,episodic_return,258.22754679548865
37951,episodic_length,29.0
37974,episodic_return,193.33886204641175
37974,episodic_length,22.0
37998,episodic_return,201.1810858970975
37998,episodic_length,23.0
38031,episodic_return,286.44659888482533
38031,episodic_length,32.0
38047,episodic_return,128.17187097613132
38047,episodic_length,15.0
38070,episodic_return,193.586963452807
38070,episodic_length,22.0
38090,episodic_return,165.44599296301973
38090,episodic_length,19.0
38130,episodic_return,351.1610214141058
38130,episodic_length,39.0
38172,episodic_return,369.8790218972069
38172,episodic_length,41.0
38194,episodic_return,183.24584888769513
38194,episodic_length,21.0
38215,episodic_return,174.30620211725113
38215,episodic_length,20.0
38235,episodic_return,164.7465006303515
38235,episodic_length,19.0
38256,episodic_return,174.8873425141949
38256,episodic_length,20.0
38269,episodic_return,99.72254367232037
38269,episodic_length,12.0
38310,episodic_return,360.54461415572973
38310,episodic_length,40.0
38346,episodic_return,313.7364235902626
38346,episodic_length,35.0
38374,episodic_return,238.21883416330456
38374,episodic_length,27.0
38406,episodic_return,275.1495687870631
38406,episodic_length,31.0
38451,episodic_return,397.48404529467615
38451,episodic_length,44.0
38468,episodic_return,137.3543991409365
38468,episodic_length,16.0
38491,episodic_return,193.57511888226702
38491,episodic_length,22.0
38527,episodic_return,313.89697308132037
38527,episodic_length,35.0
38540,episodic_return,100.0955186594098
38540,episodic_length,12.0
38585,episodic_return,396.2309985982352
38585,episodic_length,44.0
38618,episodic_return,285.13942620869335
38618,episodic_length,32.0
38649,episodic_return,267.0822830094253
38649,episodic_length,30.0
38686,episodic_return,324.07830309514367
38686,episodic_length,36.0
38715,episodic_return,249.01239754211431
38715,episodic_length,28.0
38745,episodic_return,257.6948035699558
38745,episodic_length,29.0
38779,episodic_return,294.9458165705869
38779,episodic_length,33.0
38804,episodic_return,210.7358981737041
38804,episodic_length,24.0
38816,episodic_return,91.47284871372538
38816,episodic_length,11.0
38834,episodic_return,147.20460562727408
38834,episodic_length,17.0
38845,episodic_return,82.15392122177569
38845,episodic_length,10.0
38872,episodic_return,230.5324131597367
38872,episodic_length,26.0
38890,episodic_return,146.9097434062631
38890,episodic_length,17.0
38899,episodic_return,63.41507604953219
38899,episodic_length,8.0
38912,value_loss,0.3498378396034241
38912,policy_loss,-0.025794722139835358
38912,approx_kl,0.005193231627345085
38912,clipfrac,0.085205078125
38912,explained_variance,0.6574530005455017
38912,sps,544.0
38922,episodic_return,193.09492740231178
38922,episodic_length,22.0
38961,episodic_return,341.3103309213286
38961,episodic_length,38.0
39005,episodic_return,387.4167764866852
39005,episodic_length,43.0
39024,episodic_return,155.50706883479046
39024,episodic_length,18.0
39058,episodic_return,296.2668382671874
39058,episodic_length,33.0
39101,episodic_return,379.30368941376406
39101,episodic_length,42.0
39126,episodic_return,212.1532575185947
39126,episodic_length,24.0
39140,episodic_return,109.19140655305897
39140,episodic_length,13.0
39158,episodic_return,146.76451389004475
39158,episodic_length,17.0
39181,episodic_return,193.3156256835456
39181,episodic_length,22.0
39206,episodic_return,211.04865806939
39206,episodic_length,24.0
39225,episodic_return,156.0486039974891
39225,episodic_length,18.0
39263,episodic_return,332.2551526371223
39263,episodic_length,37.0
39280,episodic_return,137.33355101783172
39280,episodic_length,16.0
39313,episodic_return,286.9473446381571
39313,episodic_length,32.0
39322,episodic_return,63.131190985767454
39322,episodic_length,8.0
39339,episodic_return,137.23792886455536
39339,episodic_length,16.0
39374,episodic_return,305.0449392551215
39374,episodic_length,34.0
39423,episodic_return,434.37901566629375
39423,episodic_length,48.0
39441,episodic_return,146.53289290979663
39441,episodic_length,17.0
39461,episodic_return,164.96511738260207
39461,episodic_length,19.0
39485,episodic_return,202.655208535711
39485,episodic_length,23.0
39503,episodic_return,145.74702285139153
39503,episodic_length,17.0
39538,episodic_return,303.0297190516138
39538,episodic_length,34.0
39567,episodic_return,248.6600232067454
39567,episodic_length,28.0
39596,episodic_return,249.9005387886789
39596,episodic_length,28.0
39612,episodic_return,127.97936868850644
39612,episodic_length,15.0
39631,episodic_return,156.06071205207738
39631,episodic_length,18.0
39654,episodic_return,193.05696473472793
39654,episodic_length,22.0
39687,episodic_return,285.5532025983525
39687,episodic_length,32.0
39729,episodic_return,369.9610563506519
39729,episodic_length,41.0
39773,episodic_return,389.19366776936545
39773,episodic_length,43.0
39803,episodic_return,257.8102268715709
39803,episodic_length,29.0
39820,episodic_return,136.61026882062512
39820,episodic_length,16.0
39828,episodic_return,54.045690112736224
39828,episodic_length,7.0
39842,episodic_return,109.2415024622273
39842,episodic_length,13.0
39866,episodic_return,201.56334488033855
39866,episodic_length,23.0
39905,episodic_return,341.36130028392085
39905,episodic_length,38.0
39926,episodic_return,174.76629648399935
39926,episodic_length,20.0
39954,episodic_return,238.7741559133199
39954,episodic_length,27.0
39984,episodic_return,258.51193953966015
39984,episodic_length,29.0
40007,episodic_return,191.94890753484898
40007,episodic_length,22.0
40019,episodic_return,90.37913202414275
40019,episodic_length,11.0
40051,episodic_return,276.9747758077541
40051,episodic_length,31.0
40075,episodic_return,202.8427741941417
40075,episodic_length,23.0
40105,episodic_return,258.3836717784452
40105,episodic_length,29.0
40151,episodic_return,407.0383673666193
40151,episodic_length,45.0
40196,episodic_return,397.9710098246639
40196,episodic_length,44.0
40219,episodic_return,192.86140239322611
40219,episodic_length,22.0
40258,episodic_return,342.2410181434751
40258,episodic_length,38.0
40275,episodic_return,137.57164010027773
40275,episodic_length,16.0
40286,episodic_return,80.91923050548448
40286,episodic_length,10.0
40337,episodic_return,454.22359155808294
40337,episodic_length,50.0
40379,episodic_return,370.8595947245284
40379,episodic_length,41.0
40415,episodic_return,314.30705551266254
40415,episodic_length,35.0
40438,episodic_return,193.32667912143907
40438,episodic_length,22.0
40472,episodic_return,295.20476086545534
40472,episodic_length,33.0
40522,episodic_return,443.9011608970298
40522,episodic_length,49.0
40545,episodic_return,193.24986941473836
40545,episodic_length,22.0
40570,episodic_return,208.84788925758775
40570,episodic_length,24.0
40591,episodic_return,174.25705923515378
40591,episodic_length,20.0
40613,episodic_return,183.75808410965539
40613,episodic_length,21.0
40643,episodic_return,257.0630048891406
40643,episodic_length,29.0
40671,episodic_return,239.1495601300755
40671,episodic_length,27.0
40689,episodic_return,147.66697959986655
40689,episodic_length,17.0
40707,episodic_return,146.8847801353512
40707,episodic_length,17.0
40726,episodic_return,155.68962145246758
40726,episodic_length,18.0
40749,episodic_return,191.05652087395623
40749,episodic_length,22.0
40765,episodic_return,127.85735822068462
40765,episodic_length,15.0
40794,episodic_return,248.056436781511
40794,episodic_length,28.0
40830,episodic_return,312.9865627301078
40830,episodic_length,35.0
40857,episodic_return,230.23764454735448
40857,episodic_length,26.0
40869,episodic_return,91.02572015888357
40869,episodic_length,11.0
40900,episodic_return,267.661374694512
40900,episodic_length,30.0
40927,episodic_return,231.31607863224613
40927,episodic_length,26.0
40960,value_loss,0.22798731923103333
40960,policy_loss,-0.004171967506408691
40960,approx_kl,0.02100011706352234
40960,clipfrac,0.1119140625
40960,explained_variance,0.6847836673259735
40960,sps,546.0
40971,episodic_return,388.27570605656797
40971,episodic_length,43.0
41004,episodic_return,286.42572279050165
41004,episodic_length,32.0
41040,episodic_return,313.01408876220955
41040,episodic_length,35.0
41088,episodic_return,424.98833206846706
41088,episodic_length,47.0
41099,episodic_return,81.17021881029221
41099,episodic_length,10.0
41141,episodic_return,369.70288439762743
41141,episodic_length,41.0
41151,episodic_return,72.33328374253452
41151,episodic_length,9.0
41182,episodic_return,268.16166738737894
41182,episodic_length,30.0
41203,episodic_return,173.64338018796852
41203,episodic_length,20.0
41243,episodic_return,351.00195502472434
41243,episodic_length,39.0
41268,episodic_return,211.5560381085996
41268,episodic_length,24.0
41299,episodic_return,267.7710906892748
41299,episodic_length,30.0
41341,episodic_return,369.5779697011744
41341,episodic_length,41.0
41365,episodic_return,202.44458130817625
41365,episodic_length,23.0
41383,episodic_return,146.9698782505243
41383,episodic_length,17.0
41405,episodic_return,182.37279132893943
41405,episodic_length,21.0
41439,episodic_return,295.54425509810426
41439,episodic_length,33.0
41487,episodic_return,424.9481897022287
41487,episodic_length,47.0
41515,episodic_return,239.1337153175301
41515,episodic_length,27.0
41549,episodic_return,294.2780518311734
41549,episodic_length,33.0
41566,episodic_return,138.2636795110901
41566,episodic_length,16.0
41596,episodic_return,258.25186734070104
41596,episodic_length,29.0
41619,episodic_return,192.42536232683292
41619,episodic_length,22.0
41642,episodic_return,192.37151579750963
41642,episodic_length,22.0
41686,episodic_return,388.0805143313955
41686,episodic_length,43.0
41722,episodic_return,313.62725117908707
41722,episodic_length,35.0
41764,episodic_return,369.707823675964
41764,episodic_length,41.0
41798,episodic_return,293.94492616225676
41798,episodic_length,33.0
41833,episodic_return,303.7612364456518
41833,episodic_length,34.0
41899,episodic_return,592.589233562629
41899,episodic_length,65.0
41932,episodic_return,285.24049684803674
41932,episodic_length,32.0
41961,episodic_return,247.08424197789438
41961,episodic_length,28.0
41977,episodic_return,127.80328654947502
41977,episodic_length,15.0
42022,episodic_return,396.86184643464935
42022,episodic_length,44.0
42056,episodic_return,295.63058225836176
42056,episodic_length,33.0
42127,episodic_return,638.8894112575223
42127,episodic_length,70.0
42158,episodic_return,267.6087849429948
42158,episodic_length,30.0
42199,episodic_return,360.5441399975448
42199,episodic_length,40.0
42228,episodic_return,247.5834299918394
42228,episodic_length,28.0
42260,episodic_return,275.36431809980303
42260,episodic_length,31.0
42287,episodic_return,229.46732231528503
42287,episodic_length,26.0
42313,episodic_return,220.7339163282279
42313,episodic_length,25.0
42341,episodic_return,239.8869513332097
42341,episodic_length,27.0
42381,episodic_return,351.15616637561476
42381,episodic_length,39.0
42406,episodic_return,212.21401176605423
42406,episodic_length,24.0
42433,episodic_return,229.48542040822895
42433,episodic_length,26.0
42471,episodic_return,332.16778074581566
42471,episodic_length,37.0
42494,episodic_return,192.1234577997339
42494,episodic_length,22.0
42538,episodic_return,387.7264687572709
42538,episodic_length,43.0
42581,episodic_return,378.35290908815193
42581,episodic_length,42.0
42613,episodic_return,277.33779071701196
42613,episodic_length,31.0
42626,episodic_return,99.75831920356751
42626,episodic_length,12.0
42657,episodic_return,266.3266119840095
42657,episodic_length,30.0
42669,episodic_return,90.68905124141965
42669,episodic_length,11.0
42714,episodic_return,397.88338159939497
42714,episodic_length,44.0
42743,episodic_return,247.68565310273
42743,episodic_length,28.0
42760,episodic_return,137.85915010498258
42760,episodic_length,16.0
42786,episodic_return,220.91133166203312
42786,episodic_length,25.0
42824,episodic_return,332.86767322006165
42824,episodic_length,37.0
42839,episodic_return,118.81569189065296
42839,episodic_length,14.0
42859,episodic_return,165.4603420770489
42859,episodic_length,19.0
42898,episodic_return,342.04936415220527
42898,episodic_length,38.0
42937,episodic_return,340.27640621203295
42937,episodic_length,38.0
42955,episodic_return,146.59489913547267
42955,episodic_length,17.0
43006,episodic_return,453.13248812431124
43006,episodic_length,50.0
43008,value_loss,0.17816200852394104
43008,policy_loss,-0.012974966317415237
43008,approx_kl,0.006455141119658947
43008,clipfrac,0.1142578125
43008,explained_variance,0.7345708012580872
43008,sps,545.0
43030,episodic_return,203.05113747173075
43030,episodic_length,23.0
43044,episodic_return,109.97016625519669
43044,episodic_length,13.0
43057,episodic_return,100.25324438362397
43057,episodic_length,12.0
43078,episodic_return,174.79361067040034
43078,episodic_length,20.0
43106,episodic_return,239.27101144075803
43106,episodic_length,27.0
43141,episodic_return,304.5069069527787
43141,episodic_length,34.0
43168,episodic_return,228.1014061859033
43168,episodic_length,26.0
43192,episodic_return,201.69499927266182
43192,episodic_length,23.0
43229,episodic_return,322.0832902756177
43229,episodic_length,36.0
43258,episodic_return,248.17381526396153
43258,episodic_length,28.0
43303,episodic_return,395.7534758174436
43303,episodic_length,44.0
43340,episodic_return,322.71316293422495
43340,episodic_length,36.0
43367,episodic_return,230.29400894771376
43367,episodic_length,26.0
43421,episodic_return,481.806591590388
43421,episodic_length,53.0
43457,episodic_return,313.7559014342838
43457,episodic_length,35.0
43484,episodic_return,229.98400886368913
43484,episodic_length,26.0
43507,episodic_return,192.51409407524662
43507,episodic_length,22.0
43557,episodic_return,444.0475002997042
43557,episodic_length,49.0
43571,episodic_return,109.54993621880227
43571,episodic_length,13.0
43597,episodic_return,221.08136505326826
43597,episodic_length,25.0
43619,episodic_return,183.72325280500075
43619,episodic_length,21.0
43666,episodic_return,416.3914686912718
43666,episodic_length,46.0
43702,episodic_return,314.1533976938448
43702,episodic_length,35.0
43731,episodic_return,249.1522964552142
43731,episodic_length,28.0
43745,episodic_return,109.70503893727172
43745,episodic_length,13.0
43778,episodic_return,286.7872574522452
43778,episodic_length,32.0
43814,episodic_return,314.2243641528227
43814,episodic_length,35.0
43852,episodic_return,331.42992579737273
43852,episodic_length,37.0
43870,episodic_return,146.58750866401078
43870,episodic_length,17.0
43907,episodic_return,323.68849522300496
43907,episodic_length,36.0
43935,episodic_return,237.89853537253435
43935,episodic_length,27.0
43962,episodic_return,230.36856791622915
43962,episodic_length,26.0
43987,episodic_return,211.41111199029564
43987,episodic_length,24.0
44013,episodic_return,220.6433723752108
44013,episodic_length,25.0
44053,episodic_return,351.74722693526235
44053,episodic_length,39.0
44095,episodic_return,368.2217942763564
44095,episodic_length,41.0
44153,episodic_return,518.2051454586783
44153,episodic_length,57.0
44245,episodic_return,834.4969763160077
44245,episodic_length,91.0
44308,episodic_return,565.3230849808666
44308,episodic_length,62.0
44338,episodic_return,258.3186126226678
44338,episodic_length,29.0
44368,episodic_return,259.0889489660172
44368,episodic_length,29.0
44402,episodic_return,295.3158812003968
44402,episodic_length,33.0
44428,episodic_return,220.94678148867305
44428,episodic_length,25.0
44455,episodic_return,230.706060579123
44455,episodic_length,26.0
44487,episodic_return,274.9654529083275
44487,episodic_length,31.0
44519,episodic_return,276.8821043969528
44519,episodic_length,31.0
44570,episodic_return,453.1508092204871
44570,episodic_length,50.0
44589,episodic_return,156.24791631984934
44589,episodic_length,18.0
44641,episodic_return,463.4598493175086
44641,episodic_length,51.0
44714,episodic_return,659.0562108432904
44714,episodic_length,72.0
44740,episodic_return,221.3165427754695
44740,episodic_length,25.0
44772,episodic_return,276.15579331469536
44772,episodic_length,31.0
44812,episodic_return,351.70702047654703
44812,episodic_length,39.0
44844,episodic_return,274.8691620157754
44844,episodic_length,31.0
44875,episodic_return,267.0531478555544
44875,episodic_length,30.0
44918,episodic_return,377.639436771009
44918,episodic_length,42.0
44952,episodic_return,295.27845641594683
44952,episodic_length,33.0
44977,episodic_return,211.66858764083682
44977,episodic_length,24.0
44997,episodic_return,165.8465096371486
44997,episodic_length,19.0
45040,episodic_return,378.6842411981017
45040,episodic_length,42.0
45056,value_loss,0.2558775544166565
45056,policy_loss,-0.009069472551345825
45056,approx_kl,0.005380325019359589
45056,clipfrac,0.0751953125
45056,explained_variance,0.7251998782157898
45056,sps,546.0
45085,episodic_return,397.2510318583724
45085,episodic_length,44.0
45098,episodic_return,99.38451231943539
45098,episodic_length,12.0
45132,episodic_return,295.78960644919215
45132,episodic_length,33.0
45169,episodic_return,322.908434711317
45169,episodic_length,36.0
45202,episodic_return,285.4521954723896
45202,episodic_length,32.0
45241,episodic_return,340.19956743430583
45241,episodic_length,38.0
45284,episodic_return,378.7448119034054
45284,episodic_length,42.0
45320,episodic_return,313.2720756342294
45320,episodic_length,35.0
45345,episodic_return,211.4312470419598
45345,episodic_length,24.0
45371,episodic_return,219.7801284633032
45371,episodic_length,25.0
45414,episodic_return,379.7145887701985
45414,episodic_length,42.0
45437,episodic_return,192.59033727416607
45437,episodic_length,22.0
45451,episodic_return,109.73536223259514
45451,episodic_length,13.0
45491,episodic_return,351.03153912423363
45491,episodic_length,39.0
45504,episodic_return,99.86541985810491
45504,episodic_length,12.0
45532,episodic_return,238.9106347656511
45532,episodic_length,27.0
45572,episodic_return,351.05394055925296
45572,episodic_length,39.0
45596,episodic_return,201.2143812598257
45596,episodic_length,23.0
45623,episodic_return,230.23135857033392
45623,episodic_length,26.0
45653,episodic_return,258.06673874827493
45653,episodic_length,29.0
45688,episodic_return,304.82426986836816
45688,episodic_length,34.0
45734,episodic_return,405.3612539071406
45734,episodic_length,45.0
45761,episodic_return,229.74782558366746
45761,episodic_length,26.0
45790,episodic_return,248.67424074762377
45790,episodic_length,28.0
45869,episodic_return,713.8062139094372
45869,episodic_length,78.0
45907,episodic_return,332.98768421233257
45907,episodic_length,37.0
45923,episodic_return,128.52983400314818
45923,episodic_length,15.0
45938,episodic_return,119.3736995846887
45938,episodic_length,14.0
45960,episodic_return,184.00274216092845
45960,episodic_length,21.0
46018,episodic_return,520.0738290807175
46018,episodic_length,57.0
46062,episodic_return,388.6146001182475
46062,episodic_length,43.0
46088,episodic_return,221.3949590180678
46088,episodic_length,25.0
46115,episodic_return,229.46410746318654
46115,episodic_length,26.0
46125,episodic_return,71.81635678516989
46125,episodic_length,9.0
46151,episodic_return,220.99001252415954
46151,episodic_length,25.0
46192,episodic_return,360.13911351389027
46192,episodic_length,40.0
46202,episodic_return,72.33767362026906
46202,episodic_length,9.0
46228,episodic_return,219.84751452114
46228,episodic_length,25.0
46239,episodic_return,81.83793366305525
46239,episodic_length,10.0
46288,episodic_return,435.15262034594974
46288,episodic_length,48.0
46314,episodic_return,220.34734402558183
46314,episodic_length,25.0
46363,episodic_return,434.06916843501233
46363,episodic_length,48.0
46431,episodic_return,611.4626161458383
46431,episodic_length,67.0
46464,episodic_return,285.3499221361347
46464,episodic_length,32.0
46521,episodic_return,509.5611405834604
46521,episodic_length,56.0
46565,episodic_return,387.74797126979973
46565,episodic_length,43.0
46603,episodic_return,332.19103417262994
46603,episodic_length,37.0
46628,episodic_return,212.1662698170862
46628,episodic_length,24.0
46651,episodic_return,193.01562855302458
46651,episodic_length,22.0
46681,episodic_return,258.5143990135966
46681,episodic_length,29.0
46738,episodic_return,509.89557188388994
46738,episodic_length,56.0
46774,episodic_return,313.2671513907028
46774,episodic_length,35.0
46824,episodic_return,444.50559476448774
46824,episodic_length,49.0
46862,episodic_return,332.1735895221354
46862,episodic_length,37.0
46882,episodic_return,164.35238685273367
46882,episodic_length,19.0
46912,episodic_return,258.01241760631416
46912,episodic_length,29.0
46947,episodic_return,304.47566491861943
46947,episodic_length,34.0
46982,episodic_return,304.1319185704139
46982,episodic_length,34.0
47032,episodic_return,443.7210540261759
47032,episodic_length,49.0
47078,episodic_return,407.90681331602485
47078,episodic_length,45.0
47104,value_loss,0.1558961272239685
47104,policy_loss,0.0033858120441436768
47104,approx_kl,0.008743219077587128
47104,clipfrac,0.10234375
47104,explained_variance,0.738315224647522
47104,sps,545.0
47125,episodic_return,414.969996272796
47125,episodic_length,46.0
47150,episodic_return,211.17192812894308
47150,episodic_length,24.0
47206,episodic_return,499.2933673377843
47206,episodic_length,55.0
47253,episodic_return,415.89696757809145
47253,episodic_length,46.0
47281,episodic_return,239.75710529521643
47281,episodic_length,27.0
47319,episodic_return,332.6175804462324
47319,episodic_length,37.0
47355,episodic_return,312.85485474952145
47355,episodic_length,35.0
47389,episodic_return,295.758856649972
47389,episodic_length,33.0
47425,episodic_return,313.76478114553225
47425,episodic_length,35.0
47455,episodic_return,258.38230080164846
47455,episodic_length,29.0
47485,episodic_return,258.3920467940419
47485,episodic_length,29.0
47502,episodic_return,136.68097627614122
47502,episodic_length,16.0
47531,episodic_return,249.11603212059848
47531,episodic_length,28.0
47585,episodic_return,480.7386046509098
47585,episodic_length,53.0
47619,episodic_return,292.7994887619677
47619,episodic_length,33.0
47640,episodic_return,174.449990251648
47640,episodic_length,20.0
47665,episodic_return,211.93262883463416
47665,episodic_length,24.0
47700,episodic_return,304.81397413188864
47700,episodic_length,34.0
47759,episodic_return,528.449978891094
47759,episodic_length,58.0
47777,episodic_return,145.85999883206986
47777,episodic_length,17.0
47807,episodic_return,257.0744855269852
47807,episodic_length,29.0
47847,episodic_return,351.0943114395078
47847,episodic_length,39.0
47883,episodic_return,314.42749017309694
47883,episodic_length,35.0
47909,episodic_return,221.16363059161299
47909,episodic_length,25.0
47970,episodic_return,547.076202510494
47970,episodic_length,60.0
48081,episodic_return,1011.1328685771882
48081,episodic_length,110.0
48124,episodic_return,378.31643689170636
48124,episodic_length,42.0
48159,episodic_return,304.6424210354577
48159,episodic_length,34.0
48188,episodic_return,247.86361327745158
48188,episodic_length,28.0
48213,episodic_return,211.69882672393217
48213,episodic_length,24.0
48249,episodic_return,314.60305366505105
48249,episodic_length,35.0
48292,episodic_return,379.79972937977567
48292,episodic_length,42.0
48341,episodic_return,435.34706047509053
48341,episodic_length,48.0
48380,episodic_return,342.16151758405766
48380,episodic_length,38.0
48443,episodic_return,565.9207006749218
48443,episodic_length,62.0
48473,episodic_return,258.3759280931203
48473,episodic_length,29.0
48501,episodic_return,239.9460883477938
48501,episodic_length,27.0
48547,episodic_return,405.9809399752205
48547,episodic_length,45.0
48578,episodic_return,267.07034913486933
48578,episodic_length,30.0
48614,episodic_return,312.6114776317278
48614,episodic_length,35.0
48669,episodic_return,490.3192862204992
48669,episodic_length,54.0
48719,episodic_return,443.9705803224218
48719,episodic_length,49.0
48767,episodic_return,425.94234400218716
48767,episodic_length,47.0
48802,episodic_return,304.9837217181628
48802,episodic_length,34.0
48832,episodic_return,258.6277788589385
48832,episodic_length,29.0
48861,episodic_return,248.86960157487368
48861,episodic_length,28.0
48894,episodic_return,286.28063311161935
48894,episodic_length,32.0
48928,episodic_return,294.93143513895194
48928,episodic_length,33.0
48976,episodic_return,425.12610285354276
48976,episodic_length,47.0
49001,episodic_return,211.15786050126653
49001,episodic_length,24.0
49017,episodic_return,128.09104075588897
49017,episodic_length,15.0
49053,episodic_return,313.6672073228928
49053,episodic_length,35.0
49083,episodic_return,257.9862244200204
49083,episodic_length,29.0
49121,episodic_return,332.0964127584515
49121,episodic_length,37.0
49132,episodic_return,82.07525503321847
49132,episodic_length,10.0
49152,value_loss,0.24236762523651123
49152,policy_loss,-0.011593814939260483
49152,approx_kl,0.006626782938838005
49152,clipfrac,0.085791015625
49152,explained_variance,0.7629152536392212
49152,sps,546.0
49177,episodic_return,397.1529748272599
49177,episodic_length,44.0
49231,episodic_return,481.2837945790407
49231,episodic_length,53.0
49262,episodic_return,267.2060783636915
49262,episodic_length,30.0
49314,episodic_return,463.7161983432491
49314,episodic_length,51.0
49367,episodic_return,472.4172084017532
49367,episodic_length,52.0
49404,episodic_return,323.0079403325904
49404,episodic_length,36.0
49455,episodic_return,453.3647510993554
49455,episodic_length,50.0
49487,episodic_return,277.04509694335786
49487,episodic_length,31.0
49522,episodic_return,305.5915817589872
49522,episodic_length,34.0
49637,episodic_return,1051.0356458348137
49637,episodic_length,114.0
49694,episodic_return,509.63885896437307
49694,episodic_length,56.0
49774,episodic_return,723.8812487137794
49774,episodic_length,79.0
49814,episodic_return,351.6535569879513
49814,episodic_length,39.0
49856,episodic_return,366.3253884180814
49856,episodic_length,41.0
49888,episodic_return,277.2438281240764
49888,episodic_length,31.0
49926,episodic_return,332.58681798816116
49926,episodic_length,37.0
49978,episodic_return,463.39599312443016
49978,episodic_length,51.0
50006,episodic_return,240.22338430897767
50006,episodic_length,27.0
50065,episodic_return,527.2755854862759
50065,episodic_length,58.0
50098,episodic_return,286.0249319580062
50098,episodic_length,32.0
50130,episodic_return,276.33210909133317
50130,episodic_length,31.0
50168,episodic_return,332.806360306866
50168,episodic_length,37.0
50217,episodic_return,434.7075348449546
50217,episodic_length,48.0
50246,episodic_return,248.0481776129604
50246,episodic_length,28.0
50321,episodic_return,676.7539114726137
50321,episodic_length,74.0
50356,episodic_return,304.543331125323
50356,episodic_length,34.0
50395,episodic_return,341.7625271536025
50395,episodic_length,38.0
50428,episodic_return,286.0584983585613
50428,episodic_length,32.0
50456,episodic_return,237.29971696113404
50456,episodic_length,27.0
50515,episodic_return,526.5878124424636
50515,episodic_length,58.0
50566,episodic_return,453.0784384476157
50566,episodic_length,50.0
50614,episodic_return,425.7103158625922
50614,episodic_length,47.0
50643,episodic_return,248.46638705238652
50643,episodic_length,28.0
50680,episodic_return,323.53301854076966
50680,episodic_length,36.0
50779,episodic_return,900.7881847115457
50779,episodic_length,98.0
50804,episodic_return,211.9880044527829
50804,episodic_length,24.0
50844,episodic_return,351.70430119665804
50844,episodic_length,39.0
50894,episodic_return,445.1534142127403
50894,episodic_length,49.0
50927,episodic_return,286.3774743988394
50927,episodic_length,32.0
50940,episodic_return,100.35470628485241
50940,episodic_length,12.0
50972,episodic_return,276.4278385739426
50972,episodic_length,31.0
51019,episodic_return,417.3122400004288
51019,episodic_length,46.0
51040,episodic_return,175.07340782102042
51040,episodic_length,20.0
51069,episodic_return,246.5812793022342
51069,episodic_length,28.0
51108,episodic_return,341.1849465494573
51108,episodic_length,38.0
51148,episodic_return,350.3749339079144
51148,episodic_length,39.0
51182,episodic_return,295.64989015007694
51182,episodic_length,33.0
51200,value_loss,0.2207665741443634
51200,policy_loss,-0.013636328279972076
51200,approx_kl,0.006450776942074299
51200,clipfrac,0.096044921875
51200,explained_variance,0.7484667599201202
51200,sps,547.0
51208,episodic_return,220.97201178209406
51208,episodic_length,25.0
51243,episodic_return,305.61081787040575
51243,episodic_length,34.0
51284,episodic_return,360.32184439141594
51284,episodic_length,40.0
51322,episodic_return,333.6366005940163
51322,episodic_length,37.0
51354,episodic_return,276.41825326066447
51354,episodic_length,31.0
51405,episodic_return,452.58674630795804
51405,episodic_length,50.0
51481,episodic_return,686.7553666071894
51481,episodic_length,75.0
51549,episodic_return,610.5487781000257
51549,episodic_length,67.0
51579,episodic_return,257.1292069633485
51579,episodic_length,29.0
51616,episodic_return,322.92165368556954
51616,episodic_length,36.0
51642,episodic_return,220.17794833378414
51642,episodic_length,25.0
51673,episodic_return,267.5353431641777
51673,episodic_length,30.0
51697,episodic_return,201.45191218042896
51697,episodic_length,23.0
51722,episodic_return,211.31225779107064
51722,episodic_length,24.0
51785,episodic_return,563.6924124913384
51785,episodic_length,62.0
51803,episodic_return,146.2001240493892
51803,episodic_length,17.0
51835,episodic_return,276.99414569144784
51835,episodic_length,31.0
51885,episodic_return,444.23713992695565
51885,episodic_length,49.0
51938,episodic_return,473.2534428557637
51938,episodic_length,52.0
51988,episodic_return,444.46237736759554
51988,episodic_length,49.0
52042,episodic_return,480.6669871700673
52042,episodic_length,53.0
52109,episodic_return,599.4361314017857
52109,episodic_length,66.0
52125,episodic_return,127.37456843384916
52125,episodic_length,15.0
52180,episodic_return,489.8409216328681
52180,episodic_length,54.0
52225,episodic_return,398.08070861682233
52225,episodic_length,44.0
52238,episodic_return,100.19605386456408
52238,episodic_length,12.0
52266,episodic_return,239.69989846583056
52266,episodic_length,27.0
52303,episodic_return,323.0374986094681
52303,episodic_length,36.0
52316,episodic_return,100.24361240179553
52316,episodic_length,12.0
52363,episodic_return,417.1078373429617
52363,episodic_length,46.0
52403,episodic_return,350.66318632331087
52403,episodic_length,39.0
52452,episodic_return,435.56048813075404
52452,episodic_length,48.0
52488,episodic_return,314.98014245929755
52488,episodic_length,35.0
52559,episodic_return,639.0747303243674
52559,episodic_length,70.0
52587,episodic_return,239.42954656448498
52587,episodic_length,27.0
52621,episodic_return,293.9069068958894
52621,episodic_length,33.0
52723,episodic_return,928.8316885803699
52723,episodic_length,101.0
52747,episodic_return,202.2654803319854
52747,episodic_length,23.0
52782,episodic_return,304.37380196370486
52782,episodic_length,34.0
52818,episodic_return,314.26205636233027
52818,episodic_length,35.0
52846,episodic_return,239.72567750990592
52846,episodic_length,27.0
52873,episodic_return,230.37810037490655
52873,episodic_length,26.0
52929,episodic_return,499.8843762141508
52929,episodic_length,55.0
52980,episodic_return,453.6827896286456
52980,episodic_length,50.0
53015,episodic_return,304.3618304512705
53015,episodic_length,34.0
53054,episodic_return,342.1312907008898
53054,episodic_length,38.0
53091,episodic_return,322.7165796330459
53091,episodic_length,36.0
53145,episodic_return,481.6216907243214
53145,episodic_length,53.0
53176,episodic_return,267.18253379972947
53176,episodic_length,30.0
53210,episodic_return,296.01969021530147
53210,episodic_length,33.0
53240,episodic_return,255.40403734022755
53240,episodic_length,29.0
53248,value_loss,0.18445731699466705
53248,policy_loss,-0.005150027573108673
53248,approx_kl,0.008255288004875183
53248,clipfrac,0.082666015625
53248,explained_variance,0.7362762987613678
53248,sps,546.0
53270,episodic_return,256.61686778571345
53270,episodic_length,29.0
53303,episodic_return,286.33363949155637
53303,episodic_length,32.0
53349,episodic_return,407.99090796265176
53349,episodic_length,45.0
53380,episodic_return,266.72611659292096
53380,episodic_length,30.0
53407,episodic_return,230.84249986666612
53407,episodic_length,26.0
53434,episodic_return,230.38139410115343
53434,episodic_length,26.0
53483,episodic_return,434.43787613864123
53483,episodic_length,48.0
53520,episodic_return,323.5172063236931
53520,episodic_length,36.0
53575,episodic_return,490.10502474707135
53575,episodic_length,54.0
53611,episodic_return,314.07277397362043
53611,episodic_length,35.0
53662,episodic_return,453.2872546770738
53662,episodic_length,50.0
53675,episodic_return,100.23415433494594
53675,episodic_length,12.0
53691,episodic_return,127.24821876344546
53691,episodic_length,15.0
53746,episodic_return,491.5475856555395
53746,episodic_length,54.0
53787,episodic_return,359.75518788057747
53787,episodic_length,40.0
53819,episodic_return,276.25810215393
53819,episodic_length,31.0
53851,episodic_return,276.1442642118621
53851,episodic_length,31.0
53890,episodic_return,342.1861468990151
53890,episodic_length,38.0
53948,episodic_return,518.6157534414947
53948,episodic_length,57.0
53990,episodic_return,370.21204419106533
53990,episodic_length,41.0
54025,episodic_return,304.9225466320457
54025,episodic_length,34.0
54060,episodic_return,305.37267974125706
54060,episodic_length,34.0
54124,episodic_return,574.8703280939021
54124,episodic_length,63.0
54157,episodic_return,285.55641758916516
54157,episodic_length,32.0
54211,episodic_return,482.0143029808117
54211,episodic_length,53.0
54244,episodic_return,284.6349511394788
54244,episodic_length,32.0
54282,episodic_return,332.6112310345256
54282,episodic_length,37.0
54315,episodic_return,286.57310145301597
54315,episodic_length,32.0
54364,episodic_return,436.0196672998763
54364,episodic_length,48.0
54395,episodic_return,267.12031734740503
54395,episodic_length,30.0
54404,episodic_return,63.243902503110284
54404,episodic_length,8.0
54426,episodic_return,183.75494308118098
54426,episodic_length,21.0
54488,episodic_return,555.9386454309794
54488,episodic_length,61.0
54583,episodic_return,863.2854401775827
54583,episodic_length,94.0
54612,episodic_return,248.6360987968642
54612,episodic_length,28.0
54662,episodic_return,445.01957384802336
54662,episodic_length,49.0
54707,episodic_return,398.0994035971859
54707,episodic_length,44.0
54756,episodic_return,435.4815650337786
54756,episodic_length,48.0
54807,episodic_return,453.2750977906607
54807,episodic_length,50.0
54832,episodic_return,212.14270968960582
54832,episodic_length,24.0
54844,episodic_return,91.14059464687247
54844,episodic_length,11.0
54860,episodic_return,127.8494796553667
54860,episodic_length,15.0
54898,episodic_return,332.88711856089344
54898,episodic_length,37.0
54919,episodic_return,174.09417360659802
54919,episodic_length,20.0
54969,episodic_return,444.0933560553594
54969,episodic_length,49.0
55042,episodic_return,658.5702978181724
55042,episodic_length,72.0
55075,episodic_return,285.9491882155364
55075,episodic_length,32.0
55122,episodic_return,416.80206660343697
55122,episodic_length,46.0
55155,episodic_return,286.0311392192483
55155,episodic_length,32.0
55184,episodic_return,249.33395528479036
55184,episodic_length,28.0
55217,episodic_return,286.89482618703744
55217,episodic_length,32.0
55244,episodic_return,230.3137850932854
55244,episodic_length,26.0
55296,value_loss,0.20441380143165588
55296,policy_loss,-0.022582467645406723
55296,approx_kl,0.009873993694782257
55296,clipfrac,0.10546875
55296,explained_variance,0.7606474161148071
55296,sps,547.0
55319,episodic_return,677.119120861205
55319,episodic_length,74.0
55346,episodic_return,229.39175436312493
55346,episodic_length,26.0
55424,episodic_return,704.7079848281143
55424,episodic_length,77.0
55465,episodic_return,361.0341518690844
55465,episodic_length,40.0
55504,episodic_return,342.070362734103
55504,episodic_length,38.0
55556,episodic_return,462.9037993087266
55556,episodic_length,51.0
55613,episodic_return,509.26043873678316
55613,episodic_length,56.0
55658,episodic_return,398.4407922413774
55658,episodic_length,44.0
55710,episodic_return,462.721142432753
55710,episodic_length,51.0
55743,episodic_return,285.8980433564547
55743,episodic_length,32.0
55773,episodic_return,257.9953554036771
55773,episodic_length,29.0
55795,episodic_return,183.35008811168203
55795,episodic_length,21.0
55839,episodic_return,387.3903119796606
55839,episodic_length,43.0
55858,episodic_return,156.25708023847184
55858,episodic_length,18.0
55894,episodic_return,314.4967730948008
55894,episodic_length,35.0
55909,episodic_return,118.69587886904323
55909,episodic_length,14.0
55973,episodic_return,575.0196306032948
55973,episodic_length,63.0
56016,episodic_return,379.38055962214696
56016,episodic_length,42.0
56090,episodic_return,669.1666183789788
56090,episodic_length,73.0
56166,episodic_return,685.0396139786216
56166,episodic_length,75.0
56210,episodic_return,388.9642450199362
56210,episodic_length,43.0
56283,episodic_return,658.9871278773284
56283,episodic_length,72.0
56326,episodic_return,379.6120894534819
56326,episodic_length,42.0
56381,episodic_return,491.1483405301118
56381,episodic_length,54.0
56417,episodic_return,314.55276821868335
56417,episodic_length,35.0
56434,episodic_return,137.96278253905479
56434,episodic_length,16.0
56477,episodic_return,379.4072393816623
56477,episodic_length,42.0
56509,episodic_return,277.3081968186338
56509,episodic_length,31.0
56533,episodic_return,202.736299666615
56533,episodic_length,23.0
56574,episodic_return,361.0191546259704
56574,episodic_length,40.0
56610,episodic_return,311.7733347733477
56610,episodic_length,35.0
56677,episodic_return,602.7745829426201
56677,episodic_length,66.0
56702,episodic_return,211.3030455100875
56702,episodic_length,24.0
56784,episodic_return,743.1398484405205
56784,episodic_length,81.0
56802,episodic_return,145.79528819137232
56802,episodic_length,17.0
56870,episodic_return,612.1407154130088
56870,episodic_length,67.0
56914,episodic_return,389.3267897856528
56914,episodic_length,43.0
56961,episodic_return,416.10164857151324
56961,episodic_length,46.0
56981,episodic_return,165.32520288921128
56981,episodic_length,19.0
57013,episodic_return,275.6828553226652
57013,episodic_length,31.0
57067,episodic_return,482.34445952109587
57067,episodic_length,53.0
57127,episodic_return,538.0992366610631
57127,episodic_length,59.0
57172,episodic_return,397.5926600269398
57172,episodic_length,44.0
57212,episodic_return,350.6397764489379
57212,episodic_length,39.0
57242,episodic_return,257.9430967790068
57242,episodic_length,29.0
57271,episodic_return,248.3868751133547
57271,episodic_length,28.0
57337,episodic_return,592.9373828799056
57337,episodic_length,65.0
57344,value_loss,0.14933109283447266
57344,policy_loss,-0.03435361757874489
57344,approx_kl,0.008859751746058464
57344,clipfrac,0.08486328125
57344,explained_variance,0.7731507271528244
57344,sps,549.0
57372,episodic_return,305.080028172112
57372,episodic_length,34.0
57393,episodic_return,173.9818147256809
57393,episodic_length,20.0
57434,episodic_return,360.74244213205907
57434,episodic_length,40.0
57480,episodic_return,408.05133351673635
57480,episodic_length,45.0
57529,episodic_return,434.8543033880352
57529,episodic_length,48.0
57577,episodic_return,424.74918080197466
57577,episodic_length,47.0
57618,episodic_return,361.09127837763805
57618,episodic_length,40.0
57647,episodic_return,249.3218070353316
57647,episodic_length,28.0
57748,episodic_return,918.4168656752029
57748,episodic_length,100.0
57787,episodic_return,342.11179326175886
57787,episodic_length,38.0
57811,episodic_return,202.83954773918944
57811,episodic_length,23.0
57850,episodic_return,342.5398437482702
57850,episodic_length,38.0
57944,episodic_return,851.6332043580006
57944,episodic_length,93.0
57973,episodic_return,249.26132231621483
57973,episodic_length,28.0
58028,episodic_return,491.0784835538469
58028,episodic_length,54.0
58064,episodic_return,313.6659205949446
58064,episodic_length,35.0
58122,episodic_return,519.4378069254676
58122,episodic_length,57.0
58172,episodic_return,443.3771340808676
58172,episodic_length,49.0
58207,episodic_return,303.0685133103887
58207,episodic_length,34.0
58249,episodic_return,367.85606344459296
58249,episodic_length,41.0
58311,episodic_return,556.1392153309597
58311,episodic_length,61.0
58338,episodic_return,229.66416345346045
58338,episodic_length,26.0
58370,episodic_return,277.0830042373292
58370,episodic_length,31.0
58385,episodic_return,118.42548736533402
58385,episodic_length,14.0
58394,episodic_return,63.17995417804544
58394,episodic_length,8.0
58453,episodic_return,527.873048275306
58453,episodic_length,58.0
58537,episodic_return,761.4629785202915
58537,episodic_length,83.0
58566,episodic_return,249.49014965065658
58566,episodic_length,28.0
58580,episodic_return,108.98795878243696
58580,episodic_length,13.0
58653,episodic_return,657.4405058610131
58653,episodic_length,72.0
58684,episodic_return,267.1842414754258
58684,episodic_length,30.0
58727,episodic_return,378.27606506002275
58727,episodic_length,42.0
58779,episodic_return,463.729084006144
58779,episodic_length,51.0
58839,episodic_return,537.753016998652
58839,episodic_length,59.0
58855,episodic_return,126.82440792549266
58855,episodic_length,15.0
58937,episodic_return,742.7032668207382
58937,episodic_length,81.0
58989,episodic_return,463.0986994176076
58989,episodic_length,51.0
59023,episodic_return,294.56197915469374
59023,episodic_length,33.0
59037,episodic_return,109.65089317663005
59037,episodic_length,13.0
59090,episodic_return,471.6330896239293
59090,episodic_length,52.0
59132,episodic_return,369.9303871384898
59132,episodic_length,41.0
59167,episodic_return,304.8436803488069
59167,episodic_length,34.0
59209,episodic_return,370.2557362112489
59209,episodic_length,41.0
59250,episodic_return,360.92681918525534
59250,episodic_length,40.0
59295,episodic_return,397.63117218393904
59295,episodic_length,44.0
59338,episodic_return,379.7798433288009
59338,episodic_length,42.0
59376,episodic_return,332.3453071867997
59376,episodic_length,37.0
59392,value_loss,0.24871858954429626
59392,policy_loss,-0.010248417034745216
59392,approx_kl,0.010571072809398174
59392,clipfrac,0.108642578125
59392,explained_variance,0.7310633063316345
59392,sps,548.0
59422,episodic_return,407.8453371681561
59422,episodic_length,45.0
59479,episodic_return,509.2859309165298
59479,episodic_length,56.0
59511,episodic_return,277.2760512108055
59511,episodic_length,31.0
59555,episodic_return,388.709208922434
59555,episodic_length,43.0
59590,episodic_return,305.33194890100464
59590,episodic_length,34.0
59646,episodic_return,500.08675439559863
59646,episodic_length,55.0
59707,episodic_return,547.5703607169386
59707,episodic_length,60.0
59836,episodic_return,1179.7811925870703
59836,episodic_length,128.0
59867,episodic_return,267.85132370979966
59867,episodic_length,30.0
59919,episodic_return,463.09746422163744
59919,episodic_length,51.0
59969,episodic_return,445.0272605767112
59969,episodic_length,49.0
60006,episodic_return,323.4636790663613
60006,episodic_length,36.0
60064,episodic_return,519.7558356048867
60064,episodic_length,57.0
60100,episodic_return,314.26176011622005
60100,episodic_length,35.0
60145,episodic_return,398.41761155499273
60145,episodic_length,44.0
60181,episodic_return,314.25526958275157
60181,episodic_length,35.0
60234,episodic_return,472.8101882305901
60234,episodic_length,52.0
60314,episodic_return,722.4220150104977
60314,episodic_length,79.0
60361,episodic_return,417.09700871783946
60361,episodic_length,46.0
60372,episodic_return,81.39463768833721
60372,episodic_length,10.0
60417,episodic_return,397.7815632204121
60417,episodic_length,44.0
60460,episodic_return,379.525590417975
60460,episodic_length,42.0
60546,episodic_return,780.4671048043115
60546,episodic_length,85.0
60563,episodic_return,137.14122974326892
60563,episodic_length,16.0
60610,episodic_return,416.6334276336019
60610,episodic_length,46.0
60648,episodic_return,333.6347117391549
60648,episodic_length,37.0
60659,episodic_return,81.77485336060126
60659,episodic_length,10.0
60728,episodic_return,620.939322980551
60728,episodic_length,68.0
60783,episodic_return,490.8149075491464
60783,episodic_length,54.0
60844,episodic_return,547.2362581281607
60844,episodic_length,60.0
60887,episodic_return,379.3045367583624
60887,episodic_length,42.0
60937,episodic_return,445.05116272547974
60937,episodic_length,49.0
60971,episodic_return,294.5947095518629
60971,episodic_length,33.0
61004,episodic_return,285.3283456099992
61004,episodic_length,32.0
61048,episodic_return,388.7546919906633
61048,episodic_length,43.0
61081,episodic_return,286.68295334020553
61081,episodic_length,32.0
61111,episodic_return,257.9964987194632
61111,episodic_length,29.0
61173,episodic_return,556.4329890220481
61173,episodic_length,61.0
61183,episodic_return,72.43461928008652
61183,episodic_length,9.0
61238,episodic_return,490.9922251483362
61238,episodic_length,54.0
61287,episodic_return,435.0236920765596
61287,episodic_length,48.0
61313,episodic_return,221.1698387149042
61313,episodic_length,25.0
61340,episodic_return,229.78360701627346
61340,episodic_length,26.0
61365,episodic_return,211.7307552474203
61365,episodic_length,24.0
61383,episodic_return,147.0313015118573
61383,episodic_length,17.0
61419,episodic_return,313.64636329852243
61419,episodic_length,35.0
61440,value_loss,0.1395578384399414
61440,policy_loss,-0.0025589149445295334
61440,approx_kl,0.009222426451742649
61440,clipfrac,0.091552734375
61440,explained_variance,0.7275593280792236
61440,sps,547.0
61451,episodic_return,276.0666366195833
61451,episodic_length,31.0
61497,episodic_return,407.9007490375478
61497,episodic_length,45.0
61556,episodic_return,528.2096425328061
61556,episodic_length,58.0
61623,episodic_return,602.4313057572087
61623,episodic_length,66.0
61656,episodic_return,286.34816715572214
61656,episodic_length,32.0
61676,episodic_return,163.84631571019028
61676,episodic_length,19.0
61720,episodic_return,388.885232239592
61720,episodic_length,43.0
61752,episodic_return,277.5165179163044
61752,episodic_length,31.0
61801,episodic_return,435.6286619283871
61801,episodic_length,48.0
61824,episodic_return,192.97303347080802
61824,episodic_length,22.0
61861,episodic_return,323.2777895181615
61861,episodic_length,36.0
61917,episodic_return,500.45429774299765
61917,episodic_length,55.0
61968,episodic_return,454.2534575234433
61968,episodic_length,50.0
62025,episodic_return,510.2364426442306
62025,episodic_length,56.0
62064,episodic_return,341.79151287225665
62064,episodic_length,38.0
62139,episodic_return,677.2001250255263
62139,episodic_length,74.0
62173,episodic_return,294.90902963341307
62173,episodic_length,33.0
62214,episodic_return,360.93132561787945
62214,episodic_length,40.0
62240,episodic_return,219.4923347211711
62240,episodic_length,25.0
62290,episodic_return,444.1730452852212
62290,episodic_length,49.0
62309,episodic_return,153.8737817180508
62309,episodic_length,18.0
62356,episodic_return,416.1416741364214
62356,episodic_length,46.0
62408,episodic_return,462.3381337107889
62408,episodic_length,51.0
62441,episodic_return,286.3138218278436
62441,episodic_length,32.0
62513,episodic_return,649.6701447711918
62513,episodic_length,71.0
62570,episodic_return,509.7733526721977
62570,episodic_length,56.0
62605,episodic_return,304.00079790732724
62605,episodic_length,34.0
62620,episodic_return,118.6391215402378
62620,episodic_length,14.0
62639,episodic_return,155.6403981647969
62639,episodic_length,18.0
62711,episodic_return,650.4808907385914
62711,episodic_length,71.0
62773,episodic_return,556.3657468922218
62773,episodic_length,61.0
62822,episodic_return,436.36068454281644
62822,episodic_length,48.0
62853,episodic_return,268.19824355328115
62853,episodic_length,30.0
62872,episodic_return,156.43566722647572
62872,episodic_length,18.0
62907,episodic_return,305.1398665462974
62907,episodic_length,34.0
62959,episodic_return,461.8444506305541
62959,episodic_length,51.0
62995,episodic_return,313.5898423131927
62995,episodic_length,35.0
63049,episodic_return,481.9502506975339
63049,episodic_length,53.0
63082,episodic_return,286.6067901145695
63082,episodic_length,32.0
63129,episodic_return,415.79259409426294
63129,episodic_length,46.0
63249,episodic_return,1096.4679997989576
63249,episodic_length,119.0
63282,episodic_return,286.10676578969424
63282,episodic_length,32.0
63304,episodic_return,183.8797180967603
63304,episodic_length,21.0
63348,episodic_return,388.2802015206726
63348,episodic_length,43.0
63365,episodic_return,137.20615181923185
63365,episodic_length,16.0
63415,episodic_return,444.2564730308345
63415,episodic_length,49.0
63441,episodic_return,220.70875685832115
63441,episodic_length,25.0
63472,episodic_return,267.1862197192294
63472,episodic_length,30.0
63488,value_loss,0.18245643377304077
63488,policy_loss,-0.01727290451526642
63488,approx_kl,0.008801867254078388
63488,clipfrac,0.10029296875
63488,explained_variance,0.7653778046369553
63488,sps,548.0
63502,episodic_return,257.53595115076035
63502,episodic_length,29.0
63558,episodic_return,500.37074450998915
63558,episodic_length,55.0
63591,episodic_return,286.8344965937087
63591,episodic_length,32.0
63641,episodic_return,444.3682805212567
63641,episodic_length,49.0
63707,episodic_return,593.645491713202
63707,episodic_length,65.0
63750,episodic_return,378.86411884376605
63750,episodic_length,42.0
63790,episodic_return,350.9751536856339
63790,episodic_length,39.0
63855,episodic_return,584.5186997876345
63855,episodic_length,64.0
63898,episodic_return,379.60583783868753
63898,episodic_length,42.0
63953,episodic_return,490.98133758453037
63953,episodic_length,54.0
64042,episodic_return,808.8252623940893
64042,episodic_length,88.0
64071,episodic_return,248.874096191475
64071,episodic_length,28.0
64150,episodic_return,714.261607491033
64150,episodic_length,78.0
64186,episodic_return,314.72448131155045
64186,episodic_length,35.0
64216,episodic_return,258.1283697330246
64216,episodic_length,29.0
64252,episodic_return,314.2131936558612
64252,episodic_length,35.0
64316,episodic_return,575.9262258620303
64316,episodic_length,63.0
64363,episodic_return,416.7598350367211
64363,episodic_length,46.0
64417,episodic_return,482.0369115610911
64417,episodic_length,53.0
64473,episodic_return,501.0616152888432
64473,episodic_length,55.0
64515,episodic_return,370.4581004278046
64515,episodic_length,41.0
64567,episodic_return,461.9146665880811
64567,episodic_length,51.0
64604,episodic_return,323.4698388520402
64604,episodic_length,36.0
64635,episodic_return,267.69712918751935
64635,episodic_length,30.0
64657,episodic_return,184.19756893303952
64657,episodic_length,21.0
64774,episodic_return,1067.8270319268574
64774,episodic_length,116.0
64817,episodic_return,378.7553574563438
64817,episodic_length,42.0
64856,episodic_return,342.2933166529171
64856,episodic_length,38.0
64897,episodic_return,359.4850129037265
64897,episodic_length,40.0
64948,episodic_return,453.61396877656455
64948,episodic_length,50.0
64986,episodic_return,332.8735717790589
64986,episodic_length,37.0
65016,episodic_return,257.6336648177878
65016,episodic_length,29.0
65034,episodic_return,146.9581949962095
65034,episodic_length,17.0
65130,episodic_return,872.5321611837053
65130,episodic_length,95.0
65192,episodic_return,556.9184640519278
65192,episodic_length,61.0
65242,episodic_return,445.3829870929039
65242,episodic_length,49.0
65292,episodic_return,444.7126565494758
65292,episodic_length,49.0
65376,episodic_return,760.441790146502
65376,episodic_length,83.0
65410,episodic_return,295.6693203706791
65410,episodic_length,33.0
65470,episodic_return,538.571615790935
65470,episodic_length,59.0
65510,episodic_return,351.2167847765672
65510,episodic_length,39.0
65536,value_loss,0.21432295441627502
65536,policy_loss,-0.03322573006153107
65536,approx_kl,0.008011523634195328
65536,clipfrac,0.0966796875
65536,explained_variance,0.7572723627090454
65536,sps,549.0
65579,episodic_return,621.5973104145121
65579,episodic_length,68.0
65620,episodic_return,360.66710586241334
65620,episodic_length,40.0
65723,episodic_return,938.5551825280598
65723,episodic_length,102.0
65796,episodic_return,659.8929026584144
65796,episodic_length,72.0
65843,episodic_return,416.2707198628668
65843,episodic_length,46.0
65921,episodic_return,705.3858681761308
65921,episodic_length,77.0
65960,episodic_return,342.09342938085626
65960,episodic_length,38.0
65998,episodic_return,332.8714090167836
65998,episodic_length,37.0
66051,episodic_return,472.65041182017006
66051,episodic_length,52.0
66096,episodic_return,398.05997205273974
66096,episodic_length,44.0
66166,episodic_return,630.587262855474
66166,episodic_length,69.0
66198,episodic_return,275.5105897025577
66198,episodic_length,31.0
66257,episodic_return,528.857964486501
66257,episodic_length,58.0
66273,episodic_return,127.80249169635125
66273,episodic_length,15.0
66332,episodic_return,527.3946353423553
66332,episodic_length,58.0
66406,episodic_return,668.8282588885601
66406,episodic_length,73.0
66445,episodic_return,342.1992663575762
66445,episodic_length,38.0
66462,episodic_return,137.6959745237784
66462,episodic_length,16.0
66516,episodic_return,482.07967064900197
66516,episodic_length,53.0
66602,episodic_return,779.8814201339303
66602,episodic_length,85.0
66653,episodic_return,453.52111495977965
66653,episodic_length,50.0
66675,episodic_return,184.41703829594323
66675,episodic_length,21.0
66725,episodic_return,444.32418251686255
66725,episodic_length,49.0
66765,episodic_return,351.4050311888654
66765,episodic_length,39.0
66809,episodic_return,388.9574084051984
66809,episodic_length,43.0
66855,episodic_return,407.61301185639394
66855,episodic_length,45.0
66892,episodic_return,321.3835484044827
66892,episodic_length,36.0
66985,episodic_return,844.4058829436507
66985,episodic_length,92.0
67030,episodic_return,398.6753439466245
67030,episodic_length,44.0
67076,episodic_return,406.80818517020435
67076,episodic_length,45.0
67121,episodic_return,398.9679200618983
67121,episodic_length,44.0
67168,episodic_return,416.26020431592747
67168,episodic_length,46.0
67304,episodic_return,1244.5693135149465
67304,episodic_length,135.0
67361,episodic_return,509.54393248689416
67361,episodic_length,56.0
67376,episodic_return,119.01161955462938
67376,episodic_length,14.0
67432,episodic_return,500.2034913672379
67432,episodic_length,55.0
67475,episodic_return,379.85014497711745
67475,episodic_length,42.0
67581,episodic_return,965.4578358383118
67581,episodic_length,105.0
67584,value_loss,0.16862568259239197
67584,policy_loss,-0.021215684711933136
67584,approx_kl,0.019551115110516548
67584,clipfrac,0.09833984375
67584,explained_variance,0.7165972292423248
67584,sps,549.0
67656,episodic_return,678.6410108197994
67656,episodic_length,74.0
67700,episodic_return,388.93781461684284
67700,episodic_length,43.0
67745,episodic_return,398.56200959616154
67745,episodic_length,44.0
67810,episodic_return,585.1494114442598
67810,episodic_length,64.0
67858,episodic_return,426.9002101191619
67858,episodic_length,47.0
67905,episodic_return,417.10111372185736
67905,episodic_length,46.0
67974,episodic_return,621.5451511871553
67974,episodic_length,68.0
68041,episodic_return,602.7969153166842
68041,episodic_length,66.0
68103,episodic_return,556.709248134724
68103,episodic_length,61.0
68165,episodic_return,557.0594116267947
68165,episodic_length,61.0
68206,episodic_return,359.7259727750894
68206,episodic_length,40.0
68296,episodic_return,816.6364430042762
68296,episodic_length,89.0
68331,episodic_return,305.4232258298354
68331,episodic_length,34.0
68421,episodic_return,817.3001002688505
68421,episodic_length,89.0
68508,episodic_return,788.3628624645412
68508,episodic_length,86.0
68558,episodic_return,444.84551768287054
68558,episodic_length,49.0
68591,episodic_return,285.31205385964665
68591,episodic_length,32.0
68646,episodic_return,490.2248960897975
68646,episodic_length,54.0
68690,episodic_return,387.90067480422346
68690,episodic_length,43.0
68726,episodic_return,314.47334935862983
68726,episodic_length,35.0
68771,episodic_return,398.4373539616249
68771,episodic_length,44.0
68827,episodic_return,500.3302731189311
68827,episodic_length,55.0
68879,episodic_return,463.1547996616662
68879,episodic_length,51.0
68938,episodic_return,529.0390932107673
68938,episodic_length,58.0
69049,episodic_return,1012.6764094968332
69049,episodic_length,110.0
69089,episodic_return,352.06042503448293
69089,episodic_length,39.0
69157,episodic_return,611.6207480486046
69157,episodic_length,67.0
69226,episodic_return,619.6376389711734
69226,episodic_length,68.0
69275,episodic_return,435.436982473177
69275,episodic_length,48.0
69325,episodic_return,443.7371338029187
69325,episodic_length,49.0
69373,episodic_return,426.48134999262027
69373,episodic_length,47.0
69435,episodic_return,557.4472587387747
69435,episodic_length,61.0
69524,episodic_return,808.5373135946169
69524,episodic_length,88.0
69590,episodic_return,593.7507914060004
69590,episodic_length,65.0
69632,value_loss,0.1453341543674469
69632,policy_loss,-0.0148469852283597
69632,approx_kl,0.004313121549785137
69632,clipfrac,0.095751953125
69632,explained_variance,0.7830924540758133
69632,sps,550.0
69646,episodic_return,500.94073268197803
69646,episodic_length,55.0
69689,episodic_return,379.7552961834729
69689,episodic_length,42.0
69714,episodic_return,211.37481663334006
69714,episodic_length,24.0
69772,episodic_return,518.1694621666202
69772,episodic_length,57.0
69819,episodic_return,417.4576590229479
69819,episodic_length,46.0
69868,episodic_return,435.0672064938103
69868,episodic_length,48.0
69918,episodic_return,444.2334894131531
69918,episodic_length,49.0
70038,episodic_return,1096.7386511474497
70038,episodic_length,119.0
70144,episodic_return,967.0636280239688
70144,episodic_length,105.0
70183,episodic_return,341.4562448547388
70183,episodic_length,38.0
70259,episodic_return,687.3327356790971
70259,episodic_length,75.0
70302,episodic_return,379.46947505849187
70302,episodic_length,42.0
70409,episodic_return,976.3308946850032
70409,episodic_length,106.0
70448,episodic_return,342.04433088710704
70448,episodic_length,38.0
70565,episodic_return,1068.1248205083918
70565,episodic_length,116.0
70622,episodic_return,510.3698019710734
70622,episodic_length,56.0
70681,episodic_return,526.6701819700737
70681,episodic_length,58.0
70725,episodic_return,388.9168389317875
70725,episodic_length,43.0
70754,episodic_return,248.35334712478144
70754,episodic_length,28.0
70821,episodic_return,602.5152980903295
70821,episodic_length,66.0
70864,episodic_return,379.2120685569486
70864,episodic_length,42.0
70911,episodic_return,417.19412386961034
70911,episodic_length,46.0
71023,episodic_return,1022.652499800546
71023,episodic_length,111.0
71089,episodic_return,594.217535584052
71089,episodic_length,65.0
71122,episodic_return,286.3718660730196
71122,episodic_length,32.0
71226,episodic_return,947.2242427658628
71226,episodic_length,103.0
71312,episodic_return,780.5457211291309
71312,episodic_length,85.0
71352,episodic_return,351.60923732004125
71352,episodic_length,39.0
71402,episodic_return,445.1082035905276
71402,episodic_length,49.0
71554,episodic_return,1394.8540183947007
71554,episodic_length,151.0
71592,episodic_return,332.9287463864098
71592,episodic_length,37.0
71674,episodic_return,743.2477689011548
71674,episodic_length,81.0
71680,value_loss,0.14824971556663513
71680,policy_loss,0.002116139978170395
71680,approx_kl,0.00650815200060606
71680,clipfrac,0.096435546875
71680,explained_variance,0.7800946831703186
71680,sps,551.0
71838,episodic_return,1504.9463224886426
71838,episodic_length,163.0
71942,episodic_return,947.9322628595008
71942,episodic_length,103.0
71971,episodic_return,248.80203751250983
71971,episodic_length,28.0
71985,episodic_return,108.81815278772534
71985,episodic_length,13.0
72060,episodic_return,678.0625492497031
72060,episodic_length,74.0
72190,episodic_return,1189.1198600095622
72190,episodic_length,129.0
72253,episodic_return,564.2868160457641
72253,episodic_length,62.0
72335,episodic_return,742.9199992302324
72335,episodic_length,81.0
72458,episodic_return,1124.1460666879002
72458,episodic_length,122.0
72501,episodic_return,379.60857843012457
72501,episodic_length,42.0
72609,episodic_return,985.0611137253877
72609,episodic_length,107.0
72668,episodic_return,528.4079093789214
72668,episodic_length,58.0
72768,episodic_return,910.3387993636276
72768,episodic_length,99.0
72869,episodic_return,920.3460484519135
72869,episodic_length,100.0
72918,episodic_return,434.0793939127016
72918,episodic_length,48.0
72949,episodic_return,267.4739640887111
72949,episodic_length,30.0
73034,episodic_return,770.7211819067828
73034,episodic_length,84.0
73051,episodic_return,137.15277659093348
73051,episodic_length,16.0
73090,episodic_return,343.01007116361825
73090,episodic_length,38.0
73141,episodic_return,453.93589380356536
73141,episodic_length,50.0
73199,episodic_return,519.1013440475544
73199,episodic_length,57.0
73280,episodic_return,732.9974894685472
73280,episodic_length,80.0
73404,episodic_return,1133.7653870137378
73404,episodic_length,123.0
73447,episodic_return,378.6894774128777
73447,episodic_length,42.0
73483,episodic_return,313.6337296326337
73483,episodic_length,35.0
73556,episodic_return,658.8854766063836
73556,episodic_length,72.0
73722,episodic_return,1526.0243978784565
73722,episodic_length,165.0
73728,value_loss,0.1849203109741211
73728,policy_loss,-0.009763378649950027
73728,approx_kl,0.009109290316700935
73728,clipfrac,0.07802734375
73728,explained_variance,0.7174329161643982
73728,sps,551.0
73745,episodic_return,193.38752013564556
73745,episodic_length,22.0
73823,episodic_return,704.870689259435
73823,episodic_length,77.0
73881,episodic_return,518.7795357176095
73881,episodic_length,57.0
73957,episodic_return,686.9112837843883
73957,episodic_length,75.0
74100,episodic_return,1311.1512490292735
74100,episodic_length,142.0
74115,episodic_return,118.58221095639293
74115,episodic_length,14.0
74146,episodic_return,267.44797711346115
74146,episodic_length,30.0
74211,episodic_return,582.6100058569327
74211,episodic_length,64.0
74310,episodic_return,900.6520177360268
74310,episodic_length,98.0
74424,episodic_return,1040.3134530552961
74424,episodic_length,113.0
74457,episodic_return,285.28775585570304
74457,episodic_length,32.0
74534,episodic_return,695.5099437282081
74534,episodic_length,76.0
74588,episodic_return,481.1893997523784
74588,episodic_length,53.0
74680,episodic_return,836.202022445759
74680,episodic_length,91.0
74774,episodic_return,855.3848696836056
74774,episodic_length,93.0
74868,episodic_return,855.046980644712
74868,episodic_length,93.0
74908,episodic_return,349.385498181884
74908,episodic_length,39.0
74996,episodic_return,798.0602482994774
74996,episodic_length,87.0
75048,episodic_return,463.7432282188027
75048,episodic_length,51.0
75130,episodic_return,742.8809256752181
75130,episodic_length,81.0
75209,episodic_return,715.3963625461317
75209,episodic_length,78.0
75263,episodic_return,481.89116825613365
75263,episodic_length,53.0
75415,episodic_return,1394.8880779989915
75415,episodic_length,151.0
75494,episodic_return,715.5769991719097
75494,episodic_length,78.0
75538,episodic_return,388.59317794107824
75538,episodic_length,43.0
75582,episodic_return,388.77383647166346
75582,episodic_length,43.0
75618,episodic_return,314.62944146246014
75618,episodic_length,35.0
75691,episodic_return,659.184077623397
75691,episodic_length,72.0
75701,episodic_return,72.41388057067716
75701,episodic_length,9.0
75752,episodic_return,454.94082750351714
75752,episodic_length,50.0
75776,value_loss,0.2548303008079529
75776,policy_loss,0.0069626495242118835
75776,approx_kl,0.006887705996632576
75776,clipfrac,0.1041015625
75776,explained_variance,0.7547733634710312
75776,sps,551.0
75789,episodic_return,323.7067586817438
75789,episodic_length,36.0
75907,episodic_return,1078.172148679627
75907,episodic_length,117.0
75939,episodic_return,276.0097997033005
75939,episodic_length,31.0
76008,episodic_return,620.777418995053
76008,episodic_length,68.0
76129,episodic_return,1106.492361310538
76129,episodic_length,120.0
76233,episodic_return,948.4346716099585
76233,episodic_length,103.0
76280,episodic_return,416.98492803340815
76280,episodic_length,46.0
76364,episodic_return,759.467046953606
76364,episodic_length,83.0
76414,episodic_return,444.4368556016966
76414,episodic_length,49.0
76571,episodic_return,1442.0778363766503
76571,episodic_length,156.0
76650,episodic_return,715.179236531716
76650,episodic_length,78.0
76728,episodic_return,705.1454448607491
76728,episodic_length,77.0
76829,episodic_return,920.241806486983
76829,episodic_length,100.0
76883,episodic_return,481.2059299776077
76883,episodic_length,53.0
76981,episodic_return,890.1721742573831
76981,episodic_length,97.0
76993,episodic_return,90.54838838977084
76993,episodic_length,11.0
77203,episodic_return,1933.3861796253684
77203,episodic_length,209.0
77250,episodic_return,416.6859802371231
77250,episodic_length,46.0
77327,episodic_return,696.5556301789992
77327,episodic_length,76.0
77366,episodic_return,342.37031983137916
77366,episodic_length,38.0
77541,episodic_return,1607.6403916808752
77541,episodic_length,174.0
77613,episodic_return,649.5732700676031
77613,episodic_length,71.0
77676,episodic_return,566.1433197373394
77676,episodic_length,62.0
77727,episodic_return,454.45114483570114
77727,episodic_length,50.0
77773,episodic_return,407.01372678188386
77773,episodic_length,45.0
77824,value_loss,0.15970861911773682
77824,policy_loss,-0.0025358572602272034
77824,approx_kl,0.015068150125443935
77824,clipfrac,0.095166015625
77824,explained_variance,0.7390678822994232
77824,sps,550.0
77873,episodic_return,910.9836655130673
77873,episodic_length,99.0
78068,episodic_return,1794.276397467385
78068,episodic_length,194.0
78109,episodic_return,360.5376348831635
78109,episodic_length,40.0
78152,episodic_return,376.42513439720136
78152,episodic_length,42.0
78194,episodic_return,370.09067056638673
78194,episodic_length,41.0
78225,episodic_return,267.9552077802925
78225,episodic_length,30.0
78259,episodic_return,295.46404225336744
78259,episodic_length,33.0
78293,episodic_return,294.9295664119934
78293,episodic_length,33.0
78518,episodic_return,2074.1849215755283
78518,episodic_length,224.0
78589,episodic_return,639.4139589257821
78589,episodic_length,70.0
78857,episodic_return,2473.856648362946
78857,episodic_length,267.0
78926,episodic_return,620.0487734880842
78926,episodic_length,68.0
78978,episodic_return,463.81362223122005
78978,episodic_length,51.0
79096,episodic_return,1077.6261951318004
79096,episodic_length,117.0
79123,episodic_return,230.8913586210862
79123,episodic_length,26.0
79221,episodic_return,891.2956565751241
79221,episodic_length,97.0
79252,episodic_return,267.27154029836015
79252,episodic_length,30.0
79317,episodic_return,584.5834161862277
79317,episodic_length,64.0
79428,episodic_return,1013.148605203443
79428,episodic_length,110.0
79518,episodic_return,815.8322540703836
79518,episodic_length,89.0
79570,episodic_return,463.6848628719295
79570,episodic_length,51.0
79716,episodic_return,1339.4036539447823
79716,episodic_length,145.0
79762,episodic_return,407.3793534414538
79762,episodic_length,45.0
79872,value_loss,0.16783210635185242
79872,policy_loss,-0.019797779619693756
79872,approx_kl,0.008017664775252342
79872,clipfrac,0.106298828125
79872,explained_variance,0.7161702811717987
79872,sps,550.0
79988,episodic_return,2084.4202586558386
79988,episodic_length,225.0
80039,episodic_return,454.55314030292
80039,episodic_length,50.0
80056,episodic_return,136.27504942971876
80056,episodic_length,16.0
80115,episodic_return,529.6230085970428
80115,episodic_length,58.0
80175,episodic_return,537.1650073054627
80175,episodic_length,59.0
80225,episodic_return,444.82333727859617
80225,episodic_length,49.0
80356,episodic_return,1197.6189864118878
80356,episodic_length,130.0
80481,episodic_return,1142.2053229872654
80481,episodic_length,124.0
80752,episodic_return,2503.5174404970594
80752,episodic_length,270.0
80846,episodic_return,854.5733978725651
80846,episodic_length,93.0
80947,episodic_return,920.1834287115345
80947,episodic_length,100.0
81116,episodic_return,1551.7369929628933
81116,episodic_length,168.0
81199,episodic_return,752.7165923121365
81199,episodic_length,82.0
81270,episodic_return,640.1623473931882
81270,episodic_length,70.0
81309,episodic_return,342.34968344005364
81309,episodic_length,38.0
81326,episodic_return,137.19224834741357
81326,episodic_length,16.0
81488,episodic_return,1488.1204443458391
81488,episodic_length,161.0
81590,episodic_return,928.6687945352061
81590,episodic_length,101.0
81626,episodic_return,312.7324561278258
81626,episodic_length,35.0
81733,episodic_return,976.4850355676815
81733,episodic_length,106.0
81839,episodic_return,964.9661178200366
81839,episodic_length,105.0
81920,value_loss,0.18760883808135986
81920,policy_loss,-0.016891777515411377
81920,approx_kl,0.004211340099573135
81920,clipfrac,0.08837890625
81920,explained_variance,0.7344610691070557
81920,sps,550.0
81923,episodic_return,760.4518768516613
81923,episodic_length,83.0
81976,episodic_return,472.69269404048066
81976,episodic_length,52.0
82140,episodic_return,1505.905027897724
82140,episodic_length,163.0
82240,episodic_return,910.28357499978
82240,episodic_length,99.0
82361,episodic_return,1106.3249842389712
82361,episodic_length,120.0
82464,episodic_return,937.1869851766024
82464,episodic_length,102.0
82587,episodic_return,1124.333044322452
82587,episodic_length,122.0
82630,episodic_return,379.1705650766782
82630,episodic_length,42.0
82748,episodic_return,1076.8227798713472
82748,episodic_length,117.0
82940,episodic_return,1763.4472862998132
82940,episodic_length,191.0
83054,episodic_return,1041.61130293415
83054,episodic_length,113.0
83156,episodic_return,929.9838921869834
83156,episodic_length,101.0
83346,episodic_return,1748.896781427483
83346,episodic_length,189.0
83499,episodic_return,1403.8492129059084
83499,episodic_length,152.0
83517,episodic_return,145.79590464444638
83517,episodic_length,17.0
83604,episodic_return,789.0979175648744
83604,episodic_length,86.0
83698,episodic_return,854.0506647108017
83698,episodic_length,93.0
83773,episodic_return,676.5006044329529
83773,episodic_length,74.0
83846,episodic_return,658.8959514533262
83846,episodic_length,72.0
83968,episodic_return,1115.8711728531348
83968,episodic_length,121.0
83968,value_loss,0.12715590000152588
83968,policy_loss,0.04862925410270691
83968,approx_kl,0.0132935531437397
83968,clipfrac,0.10791015625
83968,explained_variance,0.7554593533277512
83968,sps,551.0
84089,episodic_return,1105.8047727819364
84089,episodic_length,120.0
84199,episodic_return,1003.2377237149967
84199,episodic_length,109.0
84302,episodic_return,938.9443983281276
84302,episodic_length,102.0
84395,episodic_return,844.0317102629266
84395,episodic_length,92.0
84556,episodic_return,1478.8637673785836
84556,episodic_length,160.0
84689,episodic_return,1217.0197451276788
84689,episodic_length,132.0
84778,episodic_return,808.4285180396536
84778,episodic_length,88.0
84848,episodic_return,631.6330483325906
84848,episodic_length,69.0
84983,episodic_return,1236.6713919482527
84983,episodic_length,134.0
85206,episodic_return,2054.382334557851
85206,episodic_length,222.0
85446,episodic_return,2214.4483354482413
85446,episodic_length,239.0
85622,episodic_return,1619.3970682401393
85622,episodic_length,175.0
85723,episodic_return,920.1653186255302
85723,episodic_length,100.0
85950,episodic_return,2092.738280670443
85950,episodic_length,226.0
86016,value_loss,0.16551977396011353
86016,policy_loss,-0.008294463157653809
86016,approx_kl,0.009711293503642082
86016,clipfrac,0.109765625
86016,explained_variance,0.7110081017017365
86016,sps,550.0
86093,episodic_return,1312.0377586528814
86093,episodic_length,142.0
86137,episodic_return,389.28684286569114
86137,episodic_length,43.0
86300,episodic_return,1496.7804030020757
86300,episodic_length,162.0
86443,episodic_return,1310.12327390995
86443,episodic_length,142.0
86461,episodic_return,145.92115975712932
86461,episodic_length,17.0
86479,episodic_return,146.66297984096855
86479,episodic_length,17.0
86589,episodic_return,1003.7475983300793
86589,episodic_length,109.0
86743,episodic_return,1414.0073289329982
86743,episodic_length,153.0
86901,episodic_return,1450.9140455805277
86901,episodic_length,157.0
86999,episodic_return,891.8224132401095
86999,episodic_length,97.0
87182,episodic_return,1683.6509770663627
87182,episodic_length,182.0
87308,episodic_return,1152.312106222613
87308,episodic_length,125.0
87361,episodic_return,473.1085780468727
87361,episodic_length,52.0
87418,episodic_return,508.25334112357183
87418,episodic_length,56.0
87707,episodic_return,2671.881946600465
87707,episodic_length,288.0
87880,episodic_return,1589.2758671968816
87880,episodic_length,172.0
87989,episodic_return,994.7863760576388
87989,episodic_length,108.0
88009,episodic_return,165.02965596209754
88009,episodic_length,19.0
88064,value_loss,0.2449648380279541
88064,policy_loss,0.012681029736995697
88064,approx_kl,0.005878579802811146
88064,clipfrac,0.110546875
88064,explained_variance,0.637821763753891
88064,sps,551.0
88121,episodic_return,1023.0115463910722
88121,episodic_length,111.0
88184,episodic_return,565.1724204253296
88184,episodic_length,62.0
88270,episodic_return,780.312525648639
88270,episodic_length,85.0
88320,episodic_return,442.65719363031735
88320,episodic_length,49.0
88329,episodic_return,62.82719718955238
88329,episodic_length,8.0
88390,episodic_return,547.0593649066075
88390,episodic_length,60.0
88559,episodic_return,1552.6139587627065
88559,episodic_length,168.0
88825,episodic_return,2455.3448113613367
88825,episodic_length,265.0
88886,episodic_return,546.6875916381972
88886,episodic_length,60.0
88929,episodic_return,376.29525276918656
88929,episodic_length,42.0
89108,episodic_return,1646.4093581943134
89108,episodic_length,178.0
89299,episodic_return,1756.9580954920891
89299,episodic_length,190.0
89473,episodic_return,1600.066387752597
89473,episodic_length,173.0
89635,episodic_return,1487.1039789187253
89635,episodic_length,161.0
89695,episodic_return,536.7069170458244
89695,episodic_length,59.0
89870,episodic_return,1608.398338946832
89870,episodic_length,174.0
89890,episodic_return,164.42947985023494
89890,episodic_length,19.0
89931,episodic_return,359.9442309897183
89931,episodic_length,40.0
90070,episodic_return,1274.0488765696928
90070,episodic_length,138.0
90112,value_loss,0.17111080884933472
90112,policy_loss,-0.022985810413956642
90112,approx_kl,0.010436829179525375
90112,clipfrac,0.140771484375
90112,explained_variance,0.7301117479801178
90112,sps,552.0
90134,episodic_return,574.0552098267945
90134,episodic_length,63.0
90252,episodic_return,1078.3212141251959
90252,episodic_length,117.0
90354,episodic_return,927.6224311585605
90354,episodic_length,101.0
90403,episodic_return,431.6626768290285
90403,episodic_length,48.0
90501,episodic_return,892.2534958801084
90501,episodic_length,97.0
90599,episodic_return,892.4896473961435
90599,episodic_length,97.0
90779,episodic_return,1654.354948656581
90779,episodic_length,179.0
91359,episodic_return,5379.043048554985
91359,episodic_length,579.0
91398,episodic_return,342.1714060583166
91398,episodic_length,38.0
91580,episodic_return,1673.4740847559212
91580,episodic_length,181.0
91687,episodic_return,974.5685653623781
91687,episodic_length,106.0
91721,episodic_return,295.2108655089823
91721,episodic_length,33.0
91776,episodic_return,490.14702059760805
91776,episodic_length,54.0
92125,episodic_return,3229.3570112076973
92125,episodic_length,348.0
92157,episodic_return,276.56808042980305
92157,episodic_length,31.0
92160,value_loss,0.21305455267429352
92160,policy_loss,0.0021499358117580414
92160,approx_kl,0.003480875864624977
92160,clipfrac,0.099267578125
92160,explained_variance,0.6518493890762329
92160,sps,552.0
92213,episodic_return,499.5220675605489
92213,episodic_length,55.0
92258,episodic_return,398.08567027666004
92258,episodic_length,44.0
92420,episodic_return,1487.8823792551257
92420,episodic_length,161.0
92526,episodic_return,966.072035216288
92526,episodic_length,105.0
92676,episodic_return,1375.6649147083845
92676,episodic_length,149.0
92726,episodic_return,444.91064058141876
92726,episodic_length,49.0
92755,episodic_return,248.3299117975484
92755,episodic_length,28.0
92924,episodic_return,1553.9686375846957
92924,episodic_length,168.0
92964,episodic_return,351.1675180644911
92964,episodic_length,39.0
93666,episodic_return,6513.885724444815
93666,episodic_length,701.0
93675,episodic_return,62.84387612945
93675,episodic_length,8.0
93875,episodic_return,1841.154920090361
93875,episodic_length,199.0
93975,episodic_return,908.9137565160497
93975,episodic_length,99.0
94064,episodic_return,808.7002421338441
94064,episodic_length,88.0
94208,value_loss,0.1280473917722702
94208,policy_loss,-0.0061463862657547
94208,approx_kl,0.02539445087313652
94208,clipfrac,0.104443359375
94208,explained_variance,0.6306341886520386
94208,sps,553.0
94369,episodic_return,2817.267032766334
94369,episodic_length,304.0
94524,episodic_return,1422.798167149713
94524,episodic_length,154.0
94733,episodic_return,1926.8936926349088
94733,episodic_length,208.0
94770,episodic_return,320.65900022578774
94770,episodic_length,36.0
95080,episodic_return,2866.65288890572
95080,episodic_length,309.0
95153,episodic_return,657.71981956488
95153,episodic_length,72.0
95183,episodic_return,258.1496312506458
95183,episodic_length,29.0
95330,episodic_return,1349.1617844847576
95330,episodic_length,146.0
95568,episodic_return,2195.6886155364277
95568,episodic_length,237.0
95627,episodic_return,528.506124319503
95627,episodic_length,58.0
95767,episodic_return,1283.957880819048
95767,episodic_length,139.0
95938,episodic_return,1572.6335962650753
95938,episodic_length,170.0
96111,episodic_return,1588.2627689197209
96111,episodic_length,172.0
96214,episodic_return,938.6658082950122
96214,episodic_length,102.0
96256,value_loss,0.13982932269573212
96256,policy_loss,-0.018142376095056534
96256,approx_kl,0.004260160960257053
96256,clipfrac,0.10654296875
96256,explained_variance,0.6921763718128204
96256,sps,553.0
96361,episodic_return,1348.832188359628
96361,episodic_length,146.0
96537,episodic_return,1618.3574854628293
96537,episodic_length,175.0
96711,episodic_return,1599.801206791539
96711,episodic_length,173.0
96834,episodic_return,1124.6543299650048
96834,episodic_length,122.0
96852,episodic_return,146.23473601543782
96852,episodic_length,17.0
96871,episodic_return,155.5333671992223
96871,episodic_length,18.0
97180,episodic_return,2857.13056152013
97180,episodic_length,308.0
97453,episodic_return,2522.1766694745675
97453,episodic_length,272.0
97685,episodic_return,2137.8541959041854
97685,episodic_length,231.0
97701,episodic_return,127.42006204153053
97701,episodic_length,15.0
98096,episodic_return,3657.221554127209
98096,episodic_length,394.0
98262,episodic_return,1525.5152053029483
98262,episodic_length,165.0
98295,episodic_return,286.10560725176606
98295,episodic_length,32.0
98304,value_loss,0.09001360088586807
98304,policy_loss,-0.00018825381994247437
98304,approx_kl,0.005130467936396599
98304,clipfrac,0.1064453125
98304,explained_variance,0.784389466047287
98304,sps,553.0
98559,episodic_return,2435.190354567917
98559,episodic_length,263.0
98612,episodic_return,472.8554745335991
98612,episodic_length,52.0
99209,episodic_return,5539.356829251122
99209,episodic_length,596.0
99660,episodic_return,4180.580244306056
99660,episodic_length,450.0
100053,episodic_return,3638.9261902928283
100053,episodic_length,392.0
100352,value_loss,0.0643642321228981
100352,policy_loss,-0.01763688400387764
100352,approx_kl,0.005419731140136719
100352,clipfrac,0.11259765625
100352,explained_variance,0.6842368841171265
100352,sps,553.0
100461,episodic_return,3781.2205354219595
100461,episodic_length,407.0
100630,episodic_return,1552.0415475386956
100630,episodic_length,168.0
100835,episodic_return,1888.2677796803569
100835,episodic_length,204.0
101048,episodic_return,1962.8353145596845
101048,episodic_length,212.0
101352,episodic_return,2810.3395326127675
101352,episodic_length,303.0
101860,episodic_return,4711.288118953591
101860,episodic_length,507.0
102271,episodic_return,3806.5816515764923
102271,episodic_length,410.0
102400,value_loss,0.09483633935451508
102400,policy_loss,-0.001750914379954338
102400,approx_kl,0.010786343365907669
102400,clipfrac,0.13369140625
102400,explained_variance,0.5714279115200043
102400,sps,554.0
102480,episodic_return,1922.6572484826174
102480,episodic_length,208.0
102517,episodic_return,323.35555864234436
102517,episodic_length,36.0
102808,episodic_return,2689.8751099096194
102808,episodic_length,290.0
102916,episodic_return,985.6652321007286
102916,episodic_length,107.0
103098,episodic_return,1675.075196287622
103098,episodic_length,181.0
103516,episodic_return,3867.283077289143
103516,episodic_length,417.0
103859,episodic_return,3174.174000805519
103859,episodic_length,342.0
104448,value_loss,0.1324617862701416
104448,policy_loss,0.006901152431964874
104448,approx_kl,0.009966375306248665
104448,clipfrac,0.1134765625
104448,explained_variance,0.6297877728939056
104448,sps,555.0
104591,episodic_return,6797.027389669831
104591,episodic_length,731.0
105203,episodic_return,5679.933707730486
105203,episodic_length,611.0
105294,episodic_return,826.8756305582546
105294,episodic_length,90.0
105571,episodic_return,2559.044836361055
105571,episodic_length,276.0
105917,episodic_return,3199.064906480082
105917,episodic_length,345.0
106496,value_loss,0.06367702782154083
106496,policy_loss,-0.005591634660959244
106496,approx_kl,0.012471543624997139
106496,clipfrac,0.122607421875
106496,explained_variance,0.5846618115901947
106496,sps,555.0
106786,episodic_return,8073.5882323349715
106786,episodic_length,868.0
107787,episodic_return,9317.266307576581
107787,episodic_length,1000.0
108544,value_loss,0.016514290124177933
108544,policy_loss,0.009541934356093407
108544,approx_kl,0.004748270846903324
108544,clipfrac,0.11171875
108544,explained_variance,0.5062001049518585
108544,sps,556.0
108641,episodic_return,7933.088598384244
108641,episodic_length,853.0
109642,episodic_return,9314.655667598305
109642,episodic_length,1000.0
109739,episodic_return,882.6343317219118
109739,episodic_length,96.0
109837,episodic_return,891.1018845078445
109837,episodic_length,97.0
110592,value_loss,0.07230360805988312
110592,policy_loss,0.004616551101207733
110592,approx_kl,0.013099477626383305
110592,clipfrac,0.15732421875
110592,explained_variance,0.19790363311767578
110592,sps,557.0
110838,episodic_return,9313.755013362745
110838,episodic_length,1000.0
110850,episodic_return,90.30484018190623
110850,episodic_length,11.0
110875,episodic_return,210.65103182492763
110875,episodic_length,24.0
111730,episodic_return,7942.294875457533
111730,episodic_length,854.0
111745,episodic_return,117.75652292182842
111745,episodic_length,14.0
112065,episodic_return,2960.2876943959695
112065,episodic_length,319.0
112389,episodic_return,2997.681546698148
112389,episodic_length,323.0
112640,value_loss,0.040606800466775894
112640,policy_loss,-0.0018278509378433228
112640,approx_kl,0.01617589220404625
112640,clipfrac,0.135595703125
112640,explained_variance,0.5171308517456055
112640,sps,556.0
112742,episodic_return,3268.71963951281
112742,episodic_length,352.0
112914,episodic_return,1581.9728769502528
112914,episodic_length,171.0
113915,episodic_return,9318.066814783808
113915,episodic_length,1000.0
114319,episodic_return,3741.8181083520913
114319,episodic_length,403.0
114413,episodic_return,854.9285696674378
114413,episodic_length,93.0
114688,value_loss,0.056831616908311844
114688,policy_loss,0.006517753005027771
114688,approx_kl,0.010089972987771034
114688,clipfrac,0.13798828125
114688,explained_variance,0.4296097755432129
114688,sps,556.0
115414,episodic_return,9317.830692033622
115414,episodic_length,1000.0
115905,episodic_return,4555.097112484111
115905,episodic_length,490.0
115941,episodic_return,314.00777849135477
115941,episodic_length,35.0
116034,episodic_return,844.4314540424995
116034,episodic_length,92.0
116736,value_loss,0.08058776706457138
116736,policy_loss,-0.0023185573518276215
116736,approx_kl,0.007586879655718803
116736,clipfrac,0.1603515625
116736,explained_variance,0.3900105953216553
116736,sps,556.0
116812,episodic_return,7225.673563598604
116812,episodic_length,777.0
117374,episodic_return,5214.882242416733
117374,episodic_length,561.0
118298,episodic_return,8588.711648168359
118298,episodic_length,923.0
118430,episodic_return,1208.252859562106
118430,episodic_length,131.0
118784,value_loss,0.05944278836250305
118784,policy_loss,-0.010516442358493805
118784,approx_kl,0.015101837925612926
118784,clipfrac,0.13896484375
118784,explained_variance,0.5999075174331665
118784,sps,556.0
119431,episodic_return,9313.928068748228
119431,episodic_length,1000.0
120432,episodic_return,9317.051959934235
120432,episodic_length,1000.0
120453,episodic_return,173.308547563116
120453,episodic_length,20.0
120528,episodic_return,676.00625475542
120528,episodic_length,74.0
120832,value_loss,0.058847613632678986
120832,policy_loss,0.0026917308568954468
120832,approx_kl,0.02987111359834671
120832,clipfrac,0.14921875
120832,explained_variance,0.3922707438468933
120832,sps,556.0
121060,episodic_return,4933.389851828672
121060,episodic_length,531.0
121230,episodic_return,1563.0165595250096
121230,episodic_length,169.0
121299,episodic_return,622.2437058323308
121299,episodic_length,68.0
121365,episodic_return,593.2977610261887
121365,episodic_length,65.0
122366,episodic_return,9317.149784456362
122366,episodic_length,1000.0
122566,episodic_return,1842.6366394210443
122566,episodic_length,199.0
122809,episodic_return,2243.2956373559064
122809,episodic_length,242.0
122880,value_loss,0.053211282938718796
122880,policy_loss,-0.004039715975522995
122880,approx_kl,0.007497542537748814
122880,clipfrac,0.113671875
122880,explained_variance,0.5431506931781769
122880,sps,556.0
123422,episodic_return,5688.045171672665
123422,episodic_length,612.0
124055,episodic_return,5877.063934199945
124055,episodic_length,632.0
124397,episodic_return,3166.9312683757953
124397,episodic_length,341.0
124928,value_loss,0.008360138162970543
124928,policy_loss,-0.016869746148586273
124928,approx_kl,0.009058384224772453
124928,clipfrac,0.14140625
124928,explained_variance,0.5691347718238831
124928,sps,556.0
125398,episodic_return,9317.52934376237
125398,episodic_length,1000.0
126021,episodic_return,5783.076304737115
126021,episodic_length,622.0
126976,value_loss,0.06967354565858841
126976,policy_loss,-0.006970196962356567
126976,approx_kl,0.02229561284184456
126976,clipfrac,0.132470703125
126976,explained_variance,0.24967670440673828
126976,sps,556.0
127022,episodic_return,9316.366734676883
127022,episodic_length,1000.0
127205,episodic_return,1684.3305899833827
127205,episodic_length,182.0
128206,episodic_return,9319.435464296772
128206,episodic_length,1000.0
128391,episodic_return,1702.8787146164066
128391,episodic_length,184.0
128499,episodic_return,985.9216254950592
128499,episodic_length,107.0
129005,episodic_return,4693.730401743326
129005,episodic_length,505.0
129024,value_loss,0.056436847895383835
129024,policy_loss,-0.0032064206898212433
129024,approx_kl,0.008379872888326645
129024,clipfrac,0.10400390625
129024,explained_variance,0.4337642788887024
129024,sps,556.0
129137,episodic_return,1206.736997464356
129137,episodic_length,131.0
130138,episodic_return,9317.504819229609
130138,episodic_length,1000.0
131072,value_loss,0.014857962727546692
131072,policy_loss,0.00415835902094841
131072,approx_kl,0.004457768052816391
131072,clipfrac,0.1103515625
131072,explained_variance,0.2921971082687378
131072,sps,555.0
131139,episodic_return,9317.874619444496
131139,episodic_length,1000.0
131228,episodic_return,807.3923139558146
131228,episodic_length,88.0
132229,episodic_return,9317.03869171636
132229,episodic_length,1000.0
132274,episodic_return,397.27261074765846
132274,episodic_length,44.0
133120,value_loss,0.041239477694034576
133120,policy_loss,7.255189120769501e-05
133120,approx_kl,0.006503448821604252
133120,clipfrac,0.1177734375
133120,explained_variance,0.4053781032562256
133120,sps,555.0
133275,episodic_return,9319.766828640915
133275,episodic_length,1000.0
134067,episodic_return,7358.091204639781
134067,episodic_length,791.0
134320,episodic_return,2338.0098326449356
134320,episodic_length,252.0
135168,value_loss,0.017984721809625626
135168,policy_loss,0.010038338601589203
135168,approx_kl,0.022618554532527924
135168,clipfrac,0.140966796875
135168,explained_variance,0.4482436776161194
135168,sps,555.0
135222,episodic_return,8383.219368980552
135222,episodic_length,901.0
135906,episodic_return,6353.244831888457
135906,episodic_length,683.0
136051,episodic_return,1330.3140018671304
136051,episodic_length,144.0
137052,episodic_return,9320.300215184185
137052,episodic_length,1000.0
137216,value_loss,0.01574326865375042
137216,policy_loss,-0.02087485045194626
137216,approx_kl,0.009480031207203865
137216,clipfrac,0.124658203125
137216,explained_variance,0.592540979385376
137216,sps,556.0
137781,episodic_return,6769.7855428853045
137781,episodic_length,728.0
138782,episodic_return,9317.33146714849
138782,episodic_length,1000.0
139264,value_loss,0.05791954696178436
139264,policy_loss,0.012044154107570648
139264,approx_kl,0.023986434563994408
139264,clipfrac,0.1390625
139264,explained_variance,0.26004964113235474
139264,sps,555.0
139745,episodic_return,8952.889278086974
139745,episodic_length,962.0
139866,episodic_return,1106.0369454904223
139866,episodic_length,120.0
140425,episodic_return,5187.438365179054
140425,episodic_length,558.0
140900,episodic_return,4404.923218809199
140900,episodic_length,474.0
140961,episodic_return,547.2303810202992
140961,episodic_length,60.0
141312,value_loss,0.054357849061489105
141312,policy_loss,0.004213150590658188
141312,approx_kl,0.010348663665354252
141312,clipfrac,0.145849609375
141312,explained_variance,0.5084789395332336
141312,sps,555.0
141962,episodic_return,9317.250603678664
141962,episodic_length,1000.0
142963,episodic_return,9320.032824562672
142963,episodic_length,1000.0
143034,episodic_return,639.5150804291147
143034,episodic_length,70.0
143360,value_loss,0.005311152897775173
143360,policy_loss,0.013660430908203125
143360,approx_kl,0.013606260530650616
143360,clipfrac,0.1349609375
143360,explained_variance,0.29519569873809814
143360,sps,555.0
144035,episodic_return,9319.668575948064
144035,episodic_length,1000.0
144530,episodic_return,4588.937614875328
144530,episodic_length,494.0
144549,episodic_return,156.22199867787944
144549,episodic_length,18.0
145082,episodic_return,4941.096249933978
145082,episodic_length,532.0
145370,episodic_return,2663.1912300081626
145370,episodic_length,287.0
145408,value_loss,0.05089125409722328
145408,policy_loss,0.021309688687324524
145408,approx_kl,0.03524048253893852
145408,clipfrac,0.152197265625
145408,explained_variance,0.2985583543777466
145408,sps,555.0
145900,episodic_return,4916.310317619108
145900,episodic_length,529.0
146770,episodic_return,8085.823689781975
146770,episodic_length,869.0
146868,episodic_return,892.3415344198074
146868,episodic_length,97.0
147091,episodic_return,2056.9272445310417
147091,episodic_length,222.0
147266,episodic_return,1607.7883006723896
147266,episodic_length,174.0
147283,episodic_return,136.67861881802366
147283,episodic_length,16.0
147456,value_loss,0.051548585295677185
147456,policy_loss,-0.02297523245215416
147456,approx_kl,0.02140095643699169
147456,clipfrac,0.131884765625
147456,explained_variance,0.631500631570816
147456,sps,555.0
148284,episodic_return,9316.59860230621
148284,episodic_length,1000.0
149285,episodic_return,9318.250340101502
149285,episodic_length,1000.0
149504,value_loss,0.050364091992378235
149504,policy_loss,-0.0084979347884655
149504,approx_kl,0.013663734309375286
149504,clipfrac,0.123193359375
149504,explained_variance,-0.12103462219238281
149504,sps,555.0
150033,episodic_return,6948.5813351129855
150033,episodic_length,747.0
150130,episodic_return,882.260024741971
150130,episodic_length,96.0
151131,episodic_return,9315.229199207604
151131,episodic_length,1000.0
151292,episodic_return,1478.7280661507682
151292,episodic_length,160.0
151552,value_loss,0.021871572360396385
151552,policy_loss,-0.019515447318553925
151552,approx_kl,0.008963249623775482
151552,clipfrac,0.129638671875
151552,explained_variance,0.494853138923645
151552,sps,555.0
151767,episodic_return,4405.326744333091
151767,episodic_length,474.0
152435,episodic_return,6203.130592695895
152435,episodic_length,667.0
152513,episodic_return,705.3773630584278
152513,episodic_length,77.0
152755,episodic_return,2232.903833579074
152755,episodic_length,241.0
153600,value_loss,0.03885199874639511
153600,policy_loss,0.005752582103013992
153600,approx_kl,0.006850453093647957
153600,clipfrac,0.117529296875
153600,explained_variance,0.626469075679779
153600,sps,555.0
153756,episodic_return,9319.151736199596
153756,episodic_length,1000.0
154660,episodic_return,8401.539088154788
154660,episodic_length,903.0
154751,episodic_return,825.6575869647261
154751,episodic_length,90.0
154767,episodic_return,127.25646398764268
154767,episodic_length,15.0
155648,value_loss,0.025122011080384254
155648,policy_loss,0.012614063918590546
155648,approx_kl,0.011753070168197155
155648,clipfrac,0.129931640625
155648,explained_variance,0.55117467045784
155648,sps,556.0
155672,episodic_return,8412.088922416673
155672,episodic_length,904.0
156565,episodic_return,8298.622917081295
156565,episodic_length,892.0
156712,episodic_return,1347.7592797234736
156712,episodic_length,146.0
156946,episodic_return,2158.286879454011
156946,episodic_length,233.0
157696,value_loss,0.03510994091629982
157696,policy_loss,-0.0017365403473377228
157696,approx_kl,0.008715257979929447
157696,clipfrac,0.14892578125
157696,explained_variance,0.5475455224514008
157696,sps,557.0
157706,episodic_return,7058.322585004271
157706,episodic_length,759.0
158069,episodic_return,3361.1486263562765
158069,episodic_length,362.0
158122,episodic_return,471.1616697516953
158122,episodic_length,52.0
159123,episodic_return,9319.042364243916
159123,episodic_length,1000.0
159744,value_loss,0.029078222811222076
159744,policy_loss,-0.02945772558450699
159744,approx_kl,0.03241606056690216
159744,clipfrac,0.116015625
159744,explained_variance,0.5446386933326721
159744,sps,557.0
160124,episodic_return,9321.097822184192
160124,episodic_length,1000.0
160205,episodic_return,734.4316054360884
160205,episodic_length,80.0
160239,episodic_return,295.7375925345274
160239,episodic_length,33.0
160910,episodic_return,6229.556103257553
160910,episodic_length,670.0
161203,episodic_return,2709.241046747126
161203,episodic_length,292.0
161627,episodic_return,3929.3564628653285
161627,episodic_length,423.0
161792,value_loss,0.0232491884380579
161792,policy_loss,-0.007953431457281113
161792,approx_kl,0.009972775354981422
161792,clipfrac,0.130322265625
161792,explained_variance,0.32398146390914917
161792,sps,558.0
161827,episodic_return,1842.007203710461
161827,episodic_length,199.0
162828,episodic_return,9318.853275113956
162828,episodic_length,1000.0
163659,episodic_return,7724.696451786656
163659,episodic_length,830.0
163840,value_loss,0.0382511205971241
163840,policy_loss,-0.003249555826187134
163840,approx_kl,0.007274359464645386
163840,clipfrac,0.1384765625
163840,explained_variance,0.3809913396835327
163840,sps,559.0
164383,episodic_return,6725.1693335917325
164383,episodic_length,723.0
165384,episodic_return,9318.579952873199
165384,episodic_length,1000.0
165888,value_loss,0.018728218972682953
165888,policy_loss,-0.010183246806263924
165888,approx_kl,0.00793701596558094
165888,clipfrac,0.12998046875
165888,explained_variance,0.3438921570777893
165888,sps,559.0
166056,episodic_return,6241.684582563021
166056,episodic_length,671.0
166382,episodic_return,3016.8470236640733
166382,episodic_length,325.0
166903,episodic_return,4832.834726471944
166903,episodic_length,520.0
167489,episodic_return,5442.041163470671
167489,episodic_length,585.0
167516,episodic_return,229.76557007087953
167516,episodic_length,26.0
167936,value_loss,0.013934399001300335
167936,policy_loss,-0.014018887653946877
167936,approx_kl,0.007273889146745205
167936,clipfrac,0.11904296875
167936,explained_variance,0.6252006590366364
167936,sps,559.0
168517,episodic_return,9319.533941998026
168517,episodic_length,1000.0
169388,episodic_return,8096.005279022619
169388,episodic_length,870.0
169984,value_loss,0.013246691785752773
169984,policy_loss,-0.003251180052757263
169984,approx_kl,0.0022888686507940292
169984,clipfrac,0.128271484375
169984,explained_variance,0.3260262608528137
169984,sps,559.0
170389,episodic_return,9319.00745873224
170389,episodic_length,1000.0
171262,episodic_return,8113.609803769771
171262,episodic_length,872.0
172032,value_loss,0.011073814705014229
172032,policy_loss,0.01144731417298317
172032,approx_kl,0.005780247040092945
172032,clipfrac,0.149755859375
172032,explained_variance,0.3503078818321228
172032,sps,558.0
172263,episodic_return,9319.915868157952
172263,episodic_length,1000.0
173264,episodic_return,9320.479951271649
173264,episodic_length,1000.0
173461,episodic_return,1814.3768096353795
173461,episodic_length,196.0
174080,value_loss,0.01675790175795555
174080,policy_loss,-0.01714930310845375
174080,approx_kl,0.007760741747915745
174080,clipfrac,0.13642578125
174080,explained_variance,0.21528339385986328
174080,sps,558.0
174453,episodic_return,9223.25705649442
174453,episodic_length,991.0
175299,episodic_return,7863.207174690166
175299,episodic_length,845.0
176128,value_loss,0.03510851413011551
176128,policy_loss,-0.025818120688199997
176128,approx_kl,0.009305893443524837
176128,clipfrac,0.13447265625
176128,explained_variance,0.5915723145008087
176128,sps,558.0
176148,episodic_return,7890.190177553881
176148,episodic_length,848.0
177149,episodic_return,9319.87823341202
177149,episodic_length,1000.0
177472,episodic_return,2988.174621576722
177472,episodic_length,322.0
177565,episodic_return,846.4661839635946
177565,episodic_length,92.0
177898,episodic_return,3082.4566478214547
177898,episodic_length,332.0
178176,value_loss,0.04703027382493019
178176,policy_loss,-0.013835139572620392
178176,approx_kl,0.023779643699526787
178176,clipfrac,0.122021484375
178176,explained_variance,0.48157548904418945
178176,sps,558.0
178719,episodic_return,7630.2795451714765
178719,episodic_length,820.0
178974,episodic_return,2353.7216424841886
178974,episodic_length,254.0
179534,episodic_return,5196.101608732305
179534,episodic_length,559.0
179837,episodic_return,2799.921073376686
179837,episodic_length,302.0
180080,episodic_return,2241.6700547010378
180080,episodic_length,242.0
180170,episodic_return,817.01859088851
180170,episodic_length,89.0
180224,value_loss,0.045107848942279816
180224,policy_loss,-0.03152811527252197
180224,approx_kl,0.009195540100336075
180224,clipfrac,0.139599609375
180224,explained_variance,0.607598066329956
180224,sps,559.0
180385,episodic_return,1981.514424317536
180385,episodic_length,214.0
181386,episodic_return,9317.782442795786
181386,episodic_length,1000.0
182272,value_loss,0.08095279335975647
182272,policy_loss,-0.003518529236316681
182272,approx_kl,0.014822475612163544
182272,clipfrac,0.160107421875
182272,explained_variance,0.3967573642730713
182272,sps,559.0
182387,episodic_return,9320.080677402835
182387,episodic_length,1000.0
182962,episodic_return,5334.178772109339
182962,episodic_length,574.0
183046,episodic_return,761.9485496221741
183046,episodic_length,83.0
183324,episodic_return,2569.271810011419
183324,episodic_length,277.0
184320,value_loss,0.03418102115392685
184320,policy_loss,-0.009640142321586609
184320,approx_kl,0.008977183140814304
184320,clipfrac,0.14267578125
184320,explained_variance,0.4319315552711487
184320,sps,559.0
184325,episodic_return,9315.628513314652
184325,episodic_length,1000.0
185053,episodic_return,6760.489325902519
185053,episodic_length,727.0
186054,episodic_return,9316.451997139584
186054,episodic_length,1000.0
186368,value_loss,0.007211858872324228
186368,policy_loss,-0.02244023233652115
186368,approx_kl,0.02353544905781746
186368,clipfrac,0.139453125
186368,explained_variance,0.19520920515060425
186368,sps,560.0
187027,episodic_return,9041.982814793495
187027,episodic_length,972.0
187476,episodic_return,4162.592856794517
187476,episodic_length,448.0
188416,value_loss,0.029805075377225876
188416,policy_loss,0.003938108682632446
188416,approx_kl,0.015860028564929962
188416,clipfrac,0.150732421875
188416,explained_variance,0.34545063972473145
188416,sps,560.0
188477,episodic_return,9317.867750101896
188477,episodic_length,1000.0
188951,episodic_return,4395.4554770814875
188951,episodic_length,473.0
189952,episodic_return,9316.552430088635
189952,episodic_length,1000.0
190464,value_loss,0.020497214049100876
190464,policy_loss,0.00887332297861576
190464,approx_kl,0.003041177988052368
190464,clipfrac,0.114794921875
190464,explained_variance,0.1531364917755127
190464,sps,560.0
190660,episodic_return,6575.125893625715
190660,episodic_length,707.0
191661,episodic_return,9318.935650223875
191661,episodic_length,1000.0
191845,episodic_return,1692.6630978456108
191845,episodic_length,183.0
192306,episodic_return,4275.997246971962
192306,episodic_length,460.0
192512,value_loss,0.055747367441654205
192512,policy_loss,-0.020998571068048477
192512,approx_kl,0.0076219867914915085
192512,clipfrac,0.11435546875
192512,explained_variance,0.38888853788375854
192512,sps,561.0
193307,episodic_return,9318.186008806932
193307,episodic_length,1000.0
193774,episodic_return,4331.411852058726
193774,episodic_length,466.0
193972,episodic_return,1823.4063908789813
193972,episodic_length,197.0
194438,episodic_return,4321.159031778102
194438,episodic_length,465.0
194521,episodic_return,751.9406814269697
194521,episodic_length,82.0
194560,value_loss,0.019542234018445015
194560,policy_loss,-0.005097553133964539
194560,approx_kl,0.018320195376873016
194560,clipfrac,0.107373046875
194560,explained_variance,0.40406227111816406
194560,sps,561.0
195522,episodic_return,9320.696384634497
195522,episodic_length,1000.0
195635,episodic_return,1031.6356059123227
195635,episodic_length,112.0
196239,episodic_return,5607.029614253346
196239,episodic_length,603.0
196527,episodic_return,2663.4474432834754
196527,episodic_length,287.0
196608,value_loss,0.016769040375947952
196608,policy_loss,0.018766656517982483
196608,approx_kl,0.014237315393984318
196608,clipfrac,0.113916015625
196608,explained_variance,0.4695526361465454
196608,sps,561.0
197528,episodic_return,9321.310566551325
197528,episodic_length,1000.0
197999,episodic_return,4368.75083294162
197999,episodic_length,470.0
198656,value_loss,0.006468943320214748
198656,policy_loss,0.0013652443885803223
198656,approx_kl,0.007703713141381741
198656,clipfrac,0.1068359375
198656,explained_variance,0.1446722149848938
198656,sps,561.0
198899,episodic_return,8369.923690756334
198899,episodic_length,899.0
199396,episodic_return,4611.400131360948
199396,episodic_length,496.0
199574,episodic_return,1638.3328259375467
199574,episodic_length,177.0
200575,episodic_return,9317.760817063801
200575,episodic_length,1000.0
200704,value_loss,0.03489920124411583
200704,policy_loss,-0.0013840645551681519
200704,approx_kl,0.011167503893375397
200704,clipfrac,0.143017578125
200704,explained_variance,0.3497515320777893
200704,sps,561.0
201576,episodic_return,9324.124533258584
201576,episodic_length,1000.0
202577,episodic_return,9321.304513233963
202577,episodic_length,1000.0
202752,value_loss,0.004290884360671043
202752,policy_loss,0.01224461942911148
202752,approx_kl,0.0146290622651577
202752,clipfrac,0.11103515625
202752,explained_variance,-0.26146233081817627
202752,sps,561.0
203578,episodic_return,9321.144554371505
203578,episodic_length,1000.0
204579,episodic_return,9315.287512734496
204579,episodic_length,1000.0
204800,value_loss,0.0027908054180443287
204800,policy_loss,0.012926686555147171
204800,approx_kl,0.015260647982358932
204800,clipfrac,0.13193359375
204800,explained_variance,-0.019367575645446777
204800,sps,561.0
205018,episodic_return,4072.4701826358337
205018,episodic_length,438.0
205679,episodic_return,6141.913508704525
205679,episodic_length,660.0
206680,episodic_return,9322.87668201279
206680,episodic_length,1000.0
206848,value_loss,0.0165928415954113
206848,policy_loss,-0.013293519616127014
206848,approx_kl,0.0363205149769783
206848,clipfrac,0.115234375
206848,explained_variance,0.40627968311309814
206848,sps,561.0
207566,episodic_return,8236.02826532834
207566,episodic_length,885.0
207684,episodic_return,1078.0507231553868
207684,episodic_length,117.0
208685,episodic_return,9323.444694453943
208685,episodic_length,1000.0
208896,value_loss,0.03307252377271652
208896,policy_loss,0.004662275314331055
208896,approx_kl,0.008820091374218464
208896,clipfrac,0.128564453125
208896,explained_variance,0.4248226284980774
208896,sps,562.0
209686,episodic_return,9319.280623915427
209686,episodic_length,1000.0
209845,episodic_return,1461.1106780436712
209845,episodic_length,158.0
210156,episodic_return,2877.673336872622
210156,episodic_length,310.0
210807,episodic_return,6048.218269116813
210807,episodic_length,650.0
210944,value_loss,0.04903512820601463
210944,policy_loss,0.002657901495695114
210944,approx_kl,0.009906580671668053
210944,clipfrac,0.130126953125
210944,explained_variance,0.43321800231933594
210944,sps,561.0
211808,episodic_return,9322.216040298568
211808,episodic_length,1000.0
212809,episodic_return,9321.094438158152
212809,episodic_length,1000.0
212896,episodic_return,790.1132893062913
212896,episodic_length,86.0
212992,value_loss,0.018460990861058235
212992,policy_loss,0.014125749468803406
212992,approx_kl,0.012366224080324173
212992,clipfrac,0.138427734375
212992,explained_variance,0.29063624143600464
212992,sps,561.0
213264,episodic_return,3408.6992151246163
213264,episodic_length,367.0
214265,episodic_return,9317.121591690233
214265,episodic_length,1000.0
215040,value_loss,0.022231699898838997
215040,policy_loss,-0.028461746871471405
215040,approx_kl,0.0055258143693208694
215040,clipfrac,0.13125
215040,explained_variance,0.14778602123260498
215040,sps,561.0
215266,episodic_return,9319.130904705713
215266,episodic_length,1000.0
215739,episodic_return,4385.033173239153
215739,episodic_length,472.0
215878,episodic_return,1273.720600559667
215878,episodic_length,138.0
216246,episodic_return,3404.332378545283
216246,episodic_length,367.0
217088,value_loss,0.027498602867126465
217088,policy_loss,0.011047661304473877
217088,approx_kl,0.013754699379205704
217088,clipfrac,0.107763671875
217088,explained_variance,0.41807204484939575
217088,sps,561.0
217247,episodic_return,9319.857410523831
217247,episodic_length,1000.0
217598,episodic_return,3247.2466374201817
217598,episodic_length,350.0
218191,episodic_return,5507.729833097511
218191,episodic_length,592.0
219136,value_loss,0.039259910583496094
219136,policy_loss,-0.005578078329563141
219136,approx_kl,0.005277844145894051
219136,clipfrac,0.10517578125
219136,explained_variance,0.509006530046463
219136,sps,561.0
219192,episodic_return,9321.866798411624
219192,episodic_length,1000.0
219772,episodic_return,5386.732020890895
219772,episodic_length,579.0
220773,episodic_return,9322.835873238504
220773,episodic_length,1000.0
221184,value_loss,0.05852154642343521
221184,policy_loss,-0.009872980415821075
221184,approx_kl,0.013065457344055176
221184,clipfrac,0.14296875
221184,explained_variance,0.34680259227752686
221184,sps,561.0
221290,episodic_return,4798.454330604694
221290,episodic_length,516.0
222291,episodic_return,9323.283781359283
222291,episodic_length,1000.0
223232,value_loss,0.05483151972293854
223232,policy_loss,0.0011123232543468475
223232,approx_kl,0.017114754766225815
223232,clipfrac,0.10830078125
223232,explained_variance,0.20984208583831787
223232,sps,561.0
223292,episodic_return,9321.65525169678
223292,episodic_length,1000.0
223879,episodic_return,5449.799788662645
223879,episodic_length,586.0
223997,episodic_return,1079.6774816487582
223997,episodic_length,117.0
224998,episodic_return,9321.535187170355
224998,episodic_length,1000.0
225280,value_loss,0.010734671726822853
225280,policy_loss,0.011915095150470734
225280,approx_kl,0.021844491362571716
225280,clipfrac,0.119482421875
225280,explained_variance,0.15497815608978271
225280,sps,561.0
225634,episodic_return,5906.400679864373
225634,episodic_length,635.0
226469,episodic_return,7763.534672736306
226469,episodic_length,834.0
227255,episodic_return,7303.898837186768
227255,episodic_length,785.0
227328,value_loss,0.0241896640509367
227328,policy_loss,-0.0078326016664505
227328,approx_kl,0.008769487962126732
227328,clipfrac,0.104931640625
227328,explained_variance,0.40311199426651
227328,sps,561.0
228256,episodic_return,9323.063961352014
228256,episodic_length,1000.0
228456,episodic_return,1842.7795895255113
228456,episodic_length,199.0
229376,value_loss,0.032398950308561325
229376,policy_loss,-0.0041637122631073
229376,approx_kl,0.0043493518605828285
229376,clipfrac,0.108984375
229376,explained_variance,0.3468175530433655
229376,sps,560.0
229455,episodic_return,9290.776646717066
229455,episodic_length,998.0
230456,episodic_return,9321.787064867856
230456,episodic_length,1000.0
231268,episodic_return,7545.74930871776
231268,episodic_length,811.0
231424,value_loss,0.009040826000273228
231424,policy_loss,-0.002760745584964752
231424,approx_kl,0.015705466270446777
231424,clipfrac,0.13095703125
231424,explained_variance,0.5352888405323029
231424,sps,560.0
231673,episodic_return,3753.784882096389
231673,episodic_length,404.0
232674,episodic_return,9324.850431007366
232674,episodic_length,1000.0
233287,episodic_return,5692.775200500541
233287,episodic_length,612.0
233472,value_loss,0.047520872205495834
233472,policy_loss,0.041453346610069275
233472,approx_kl,0.015139356255531311
233472,clipfrac,0.090576171875
233472,explained_variance,0.350872278213501
233472,sps,560.0
234288,episodic_return,9323.140054365855
234288,episodic_length,1000.0
235289,episodic_return,9324.272782679203
235289,episodic_length,1000.0
235520,value_loss,0.0027212430723011494
235520,policy_loss,-0.005661189556121826
235520,approx_kl,0.013825023546814919
235520,clipfrac,0.10048828125
235520,explained_variance,-0.06512868404388428
235520,sps,560.0
236290,episodic_return,9323.31080056638
236290,episodic_length,1000.0
237291,episodic_return,9322.397280699783
237291,episodic_length,1000.0
237307,episodic_return,127.50777992069044
237307,episodic_length,15.0
237568,value_loss,0.011235114187002182
237568,policy_loss,0.002128705382347107
237568,approx_kl,0.006614125333726406
237568,clipfrac,0.130908203125
237568,explained_variance,0.07509458065032959
237568,sps,561.0
238308,episodic_return,9319.105455120132
238308,episodic_length,1000.0
239309,episodic_return,9321.13573562503
239309,episodic_length,1000.0
239616,value_loss,0.012237505987286568
239616,policy_loss,-0.002718508243560791
239616,approx_kl,0.004241965711116791
239616,clipfrac,0.12197265625
239616,explained_variance,-0.13433432579040527
239616,sps,561.0
240310,episodic_return,9322.05116066129
240310,episodic_length,1000.0
241045,episodic_return,6831.521966901495
241045,episodic_length,734.0
241078,episodic_return,285.66352133708676
241078,episodic_length,32.0
241212,episodic_return,1228.628180351388
241212,episodic_length,133.0
241441,episodic_return,2114.9675512063836
241441,episodic_length,228.0
241506,episodic_return,584.069964139671
241506,episodic_length,64.0
241664,value_loss,0.06383435428142548
241664,policy_loss,-0.012620355933904648
241664,approx_kl,0.009603586979210377
241664,clipfrac,0.085546875
241664,explained_variance,0.40151751041412354
241664,sps,561.0
241848,episodic_return,3167.157438779203
241848,episodic_length,341.0
242849,episodic_return,9321.960953366108
242849,episodic_length,1000.0
243712,value_loss,0.0025116712786257267
243712,policy_loss,-0.012615256011486053
243712,approx_kl,0.004606346599757671
243712,clipfrac,0.111474609375
243712,explained_variance,0.36752861738204956
243712,sps,560.0
243850,episodic_return,9321.238552545463
243850,episodic_length,1000.0
243990,episodic_return,1283.3076755612688
243990,episodic_length,139.0
244441,episodic_return,4184.32516553641
244441,episodic_length,450.0
244600,episodic_return,1461.435750572614
244600,episodic_length,158.0
245601,episodic_return,9322.549771478092
245601,episodic_length,1000.0
245739,episodic_return,1265.7550068953556
245739,episodic_length,137.0
245760,value_loss,0.05426354333758354
245760,policy_loss,0.006870165467262268
245760,approx_kl,0.002420797012746334
245760,clipfrac,0.10654296875
245760,explained_variance,0.41683268547058105
245760,sps,560.0
246740,episodic_return,9325.498064484384
246740,episodic_length,1000.0
247741,episodic_return,9324.783019282737
247741,episodic_length,1000.0
247808,value_loss,0.005709085613489151
247808,policy_loss,-0.013298571109771729
247808,approx_kl,0.01774708367884159
247808,clipfrac,0.13857421875
247808,explained_variance,-0.12617909908294678
247808,sps,560.0
247889,episodic_return,1358.768292484424
247889,episodic_length,147.0
248034,episodic_return,1330.1385171559468
248034,episodic_length,144.0
248793,episodic_return,7057.464410590684
248793,episodic_length,758.0
249141,episodic_return,3224.552097966615
249141,episodic_length,347.0
249856,value_loss,0.06348425894975662
249856,policy_loss,0.004223540425300598
249856,approx_kl,0.010392370633780956
249856,clipfrac,0.11796875
249856,explained_variance,0.5801715850830078
249856,sps,560.0
250142,episodic_return,9325.835411646169
250142,episodic_length,1000.0
250234,episodic_return,838.2004373934412
250234,episodic_length,91.0
250430,episodic_return,1805.7578508051888
250430,episodic_length,195.0
250897,episodic_return,4331.900054709091
250897,episodic_length,466.0
250935,episodic_return,331.74299319092364
250935,episodic_length,37.0
251904,value_loss,0.03413709998130798
251904,policy_loss,-0.00966259092092514
251904,approx_kl,0.005464008077979088
251904,clipfrac,0.1087890625
251904,explained_variance,0.5556329488754272
251904,sps,561.0
251936,episodic_return,9325.206418460051
251936,episodic_length,1000.0
252500,episodic_return,5237.489592764754
252500,episodic_length,563.0
252608,episodic_return,986.426212859543
252608,episodic_length,107.0
253144,episodic_return,4977.388580908184
253144,episodic_length,535.0
253952,value_loss,0.042444586753845215
253952,policy_loss,-0.01953895390033722
253952,approx_kl,0.013634978793561459
253952,clipfrac,0.162939453125
253952,explained_variance,0.5033988058567047
253952,sps,561.0
253965,episodic_return,7634.774252855835
253965,episodic_length,820.0
254558,episodic_return,5506.583884885799
254558,episodic_length,592.0
255559,episodic_return,9325.466016591308
255559,episodic_length,1000.0
255582,episodic_return,193.79290655870554
255582,episodic_length,22.0
255832,episodic_return,2310.0877008045622
255832,episodic_length,249.0
256000,value_loss,0.043825965374708176
256000,policy_loss,0.027125895023345947
256000,approx_kl,0.01876651681959629
256000,clipfrac,0.1015625
256000,explained_variance,0.5270522832870483
256000,sps,561.0
256142,episodic_return,2870.2943285102256
256142,episodic_length,309.0
256588,episodic_return,4138.379376131359
256588,episodic_length,445.0
257132,episodic_return,5054.822263091289
257132,episodic_length,543.0
258048,value_loss,0.007373777683824301
258048,policy_loss,0.016080711036920547
258048,approx_kl,0.012160083279013634
258048,clipfrac,0.128759765625
258048,explained_variance,0.8577779978513718
258048,sps,561.0
258133,episodic_return,9324.406133209743
258133,episodic_length,1000.0
258380,episodic_return,2282.252176050001
258380,episodic_length,246.0
259063,episodic_return,6348.345419740682
259063,episodic_length,682.0
259803,episodic_return,6882.214200430026
259803,episodic_length,739.0
260096,value_loss,0.03697100281715393
260096,policy_loss,-0.008041981607675552
260096,approx_kl,0.00820988416671753
260096,clipfrac,0.1162109375
260096,explained_variance,0.4896399974822998
260096,sps,561.0
260804,episodic_return,9327.12843435944
260804,episodic_length,1000.0
261805,episodic_return,9326.92923982728
261805,episodic_length,1000.0
262144,value_loss,0.03156261891126633
262144,policy_loss,0.0013631023466587067
262144,approx_kl,0.013578508049249649
262144,clipfrac,0.110498046875
262144,explained_variance,-0.018225789070129395
262144,sps,561.0
262181,episodic_return,3485.5278478202727
262181,episodic_length,375.0
263182,episodic_return,9328.664117813303
263182,episodic_length,1000.0
263219,episodic_return,322.62607057752155
263219,episodic_length,36.0
264188,episodic_return,9015.730560482301
264188,episodic_length,968.0
264192,value_loss,0.005736108869314194
264192,policy_loss,0.017878316342830658
264192,approx_kl,0.03620678186416626
264192,clipfrac,0.123974609375
264192,explained_variance,0.4948846101760864
264192,sps,561.0
264910,episodic_return,6711.246839552445
264910,episodic_length,721.0
265911,episodic_return,9323.509813198882
265911,episodic_length,1000.0
266240,value_loss,0.008782855235040188
266240,policy_loss,-0.02026418037712574
266240,approx_kl,0.015325065702199936
266240,clipfrac,0.10048828125
266240,explained_variance,0.24870097637176514
266240,sps,560.0
266647,episodic_return,6838.773597113483
266647,episodic_length,735.0
267388,episodic_return,6885.96110929291
267388,episodic_length,740.0
268288,value_loss,0.022437825798988342
268288,policy_loss,-0.01947970688343048
268288,approx_kl,0.00929275806993246
268288,clipfrac,0.120458984375
268288,explained_variance,0.6040183901786804
268288,sps,561.0
268389,episodic_return,9326.207611895783
268389,episodic_length,1000.0
269221,episodic_return,7736.550911266845
269221,episodic_length,831.0
270025,episodic_return,7475.911890428512
270025,episodic_length,803.0
270336,value_loss,0.012558801099658012
270336,policy_loss,0.007823221385478973
270336,approx_kl,0.012348078191280365
270336,clipfrac,0.1001953125
270336,explained_variance,0.5086589753627777
270336,sps,561.0
270900,episodic_return,8135.647720162798
270900,episodic_length,874.0
271671,episodic_return,7165.858137410319
271671,episodic_length,770.0
272132,episodic_return,4277.439189838308
272132,episodic_length,460.0
272384,value_loss,0.01787150464951992
272384,policy_loss,-0.008512377738952637
272384,approx_kl,0.004496859386563301
272384,clipfrac,0.095458984375
272384,explained_variance,0.5379789173603058
272384,sps,560.0
273133,episodic_return,9324.73158769125
273133,episodic_length,1000.0
273543,episodic_return,3800.0488863597793
273543,episodic_length,409.0
273659,episodic_return,1060.405069152067
273659,episodic_length,115.0
274432,value_loss,0.03116626664996147
274432,policy_loss,0.0144118070602417
274432,approx_kl,0.0030050911009311676
274432,clipfrac,0.11142578125
274432,explained_variance,0.36245715618133545
274432,sps,560.0
274542,episodic_return,8212.51401353298
274542,episodic_length,882.0
275149,episodic_return,5637.296113939064
275149,episodic_length,606.0
276145,episodic_return,9263.810379980025
276145,episodic_length,995.0
276173,episodic_return,238.79728494392
276173,episodic_length,27.0
276480,value_loss,0.017694812268018723
276480,policy_loss,-0.020837731659412384
276480,approx_kl,0.015381652861833572
276480,clipfrac,0.08818359375
276480,explained_variance,0.5789561569690704
276480,sps,560.0
277174,episodic_return,9325.351331661856
277174,episodic_length,1000.0
277410,episodic_return,2177.2787370299066
277410,episodic_length,235.0
278044,episodic_return,5887.706805019162
278044,episodic_length,633.0
278528,value_loss,0.006828909274190664
278528,policy_loss,0.009530335664749146
278528,approx_kl,0.0343930758535862
278528,clipfrac,0.10400390625
278528,explained_variance,0.4748680591583252
278528,sps,560.0
279045,episodic_return,9325.573624377708
279045,episodic_length,1000.0
280046,episodic_return,9326.937177247331
280046,episodic_length,1000.0
280576,value_loss,0.0896240621805191
280576,policy_loss,-0.010479383170604706
280576,approx_kl,0.008382921107113361
280576,clipfrac,0.13359375
280576,explained_variance,-0.022793292999267578
280576,sps,560.0
280941,episodic_return,8323.603732485775
280941,episodic_length,894.0
281397,episodic_return,4232.644410304768
281397,episodic_length,455.0
282398,episodic_return,9328.359770316425
282398,episodic_length,1000.0
282624,value_loss,0.029590018093585968
282624,policy_loss,0.013415656983852386
282624,approx_kl,0.008700785227119923
282624,clipfrac,0.10615234375
282624,explained_variance,0.32801657915115356
282624,sps,560.0
282663,episodic_return,2450.5693896329053
282663,episodic_length,264.0
283370,episodic_return,6569.657279451454
283370,episodic_length,706.0
283648,episodic_return,2571.012803054076
283648,episodic_length,277.0
283771,episodic_return,1123.0427574769476
283771,episodic_length,122.0
283878,episodic_return,976.4639524678743
283878,episodic_length,106.0
284004,episodic_return,1154.1133739490685
284004,episodic_length,125.0
284335,episodic_return,3065.555222708525
284335,episodic_length,330.0
284672,value_loss,0.03362346068024635
284672,policy_loss,0.016017362475395203
284672,approx_kl,0.019431056454777718
284672,clipfrac,0.131005859375
284672,explained_variance,0.6114425361156464
284672,sps,560.0
284860,episodic_return,4876.667131632982
284860,episodic_length,524.0
285411,episodic_return,5118.013913645096
285411,episodic_length,550.0
285579,episodic_return,1545.0333562037004
285579,episodic_length,167.0
285646,episodic_return,603.1770119742306
285646,episodic_length,66.0
285732,episodic_return,780.480414777329
285732,episodic_length,85.0
285917,episodic_return,1704.070939699438
285917,episodic_length,184.0
286286,episodic_return,3420.8319808969513
286286,episodic_length,368.0
286443,episodic_return,1443.062509148862
286443,episodic_length,156.0
286720,value_loss,0.01887550950050354
286720,policy_loss,-0.007285578176379204
286720,approx_kl,0.008218652568757534
286720,clipfrac,0.10068359375
286720,explained_variance,0.4926731586456299
286720,sps,560.0
287080,episodic_return,5919.420971483359
287080,episodic_length,636.0
287484,episodic_return,3747.604134876617
287484,episodic_length,403.0
288137,episodic_return,6069.038212950029
288137,episodic_length,652.0
288233,episodic_return,874.4721717175648
288233,episodic_length,95.0
288768,value_loss,0.00949101522564888
288768,policy_loss,-0.004684843122959137
288768,approx_kl,0.007185816764831543
288768,clipfrac,0.1111328125
288768,explained_variance,0.4830496311187744
288768,sps,560.0
289234,episodic_return,9329.975199769851
289234,episodic_length,1000.0
289561,episodic_return,3029.3776243577213
289561,episodic_length,326.0
290562,episodic_return,9328.147926113572
290562,episodic_length,1000.0
290807,episodic_return,2263.20003953991
290807,episodic_length,244.0
290816,value_loss,0.008643006905913353
290816,policy_loss,0.0039152950048446655
290816,approx_kl,0.01582668349146843
290816,clipfrac,0.100048828125
290816,explained_variance,0.36509639024734497
290816,sps,560.0
291267,episodic_return,4266.988314607188
291267,episodic_length,459.0
291511,episodic_return,2254.78325960526
291511,episodic_length,243.0
292365,episodic_return,7946.1063039708415
292365,episodic_length,853.0
292864,value_loss,0.01881585083901882
292864,policy_loss,-0.0029327720403671265
292864,approx_kl,0.006598589010536671
292864,clipfrac,0.114990234375
292864,explained_variance,0.6213756203651428
292864,sps,560.0
293119,episodic_return,7012.1997535195405
293119,episodic_length,753.0
293244,episodic_return,1144.213232282976
293244,episodic_length,124.0
294245,episodic_return,9326.819638637724
294245,episodic_length,1000.0
294703,episodic_return,4251.91817397374
294703,episodic_length,457.0
294912,value_loss,0.05432876572012901
294912,policy_loss,0.0299806147813797
294912,approx_kl,0.0053141117095947266
294912,clipfrac,0.12138671875
294912,explained_variance,0.4210936427116394
294912,sps,560.0
295410,episodic_return,6573.288615228428
295410,episodic_length,706.0
296039,episodic_return,5845.373831567716
296039,episodic_length,628.0
296960,value_loss,0.010051397606730461
296960,policy_loss,0.003807252272963524
296960,approx_kl,0.007646080106496811
296960,clipfrac,0.075341796875
296960,explained_variance,0.5880904197692871
296960,sps,560.0
297040,episodic_return,9327.76217502719
297040,episodic_length,1000.0
297686,episodic_return,6004.370951944201
297686,episodic_length,645.0
297830,episodic_return,1321.2843920862224
297830,episodic_length,143.0
297898,episodic_return,612.2534785619201
297898,episodic_length,67.0
298472,episodic_return,5333.126090145396
298472,episodic_length,573.0
298586,episodic_return,1041.2920754192683
298586,episodic_length,113.0
299008,value_loss,0.024580270051956177
299008,policy_loss,-0.00928867794573307
299008,approx_kl,0.0030498113483190536
299008,clipfrac,0.10185546875
299008,explained_variance,0.5233509242534637
299008,sps,561.0
299587,episodic_return,9328.712574435145
299587,episodic_length,1000.0
300170,episodic_return,5414.916118285579
300170,episodic_length,582.0
300633,episodic_return,4299.229028989014
300633,episodic_length,462.0
301056,value_loss,0.040157027542591095
301056,policy_loss,0.034817129373550415
301056,approx_kl,0.009895149618387222
301056,clipfrac,0.124365234375
301056,explained_variance,0.42136234045028687
301056,sps,561.0
301507,episodic_return,8131.9327721843365
301507,episodic_length,873.0
301522,episodic_return,117.41895996805133
301522,episodic_length,14.0
302523,episodic_return,9328.374232800703
302523,episodic_length,1000.0
302875,episodic_return,3263.533747981614
302875,episodic_length,351.0
302932,episodic_return,510.48906608212735
302932,episodic_length,56.0
303104,value_loss,0.01324671320617199
303104,policy_loss,-0.013110198080539703
303104,approx_kl,0.002582336775958538
303104,clipfrac,0.079443359375
303104,explained_variance,0.5368455350399017
303104,sps,561.0
303933,episodic_return,9327.578407483568
303933,episodic_length,1000.0
304089,episodic_return,1433.3518960233923
304089,episodic_length,155.0
304164,episodic_return,676.9684924338753
304164,episodic_length,74.0
304563,episodic_return,3697.908745015125
304563,episodic_length,398.0
305152,value_loss,0.04224370792508125
305152,policy_loss,0.01632906123995781
305152,approx_kl,0.013256657868623734
305152,clipfrac,0.0849609375
305152,explained_variance,0.39472490549087524
305152,sps,562.0
305564,episodic_return,9328.863484147809
305564,episodic_length,1000.0
306565,episodic_return,9328.487306923673
306565,episodic_length,1000.0
306781,episodic_return,1992.8418829223215
306781,episodic_length,215.0
307200,value_loss,0.011882780119776726
307200,policy_loss,-0.013340998440980911
307200,approx_kl,0.004036800004541874
307200,clipfrac,0.088134765625
307200,explained_variance,0.2618808150291443
307200,sps,562.0
307782,episodic_return,9328.19531519975
307782,episodic_length,1000.0
307852,episodic_return,631.5939516057682
307852,episodic_length,69.0
307907,episodic_return,491.02318964775975
307907,episodic_length,54.0
308346,episodic_return,4074.198270335433
308346,episodic_length,438.0
308723,episodic_return,3495.7681425582996
308723,episodic_length,376.0
308922,episodic_return,1834.4377887951475
308922,episodic_length,198.0
309010,episodic_return,800.0329103903574
309010,episodic_length,87.0
309248,value_loss,0.01275474764406681
309248,policy_loss,-0.0009729266166687012
309248,approx_kl,0.0037568295374512672
309248,clipfrac,0.1048828125
309248,explained_variance,0.4930218458175659
309248,sps,562.0
309541,episodic_return,4934.161105573109
309541,episodic_length,530.0
309740,episodic_return,1834.8709775733248
309740,episodic_length,198.0
310057,episodic_return,2936.5121574629766
310057,episodic_length,316.0
310462,episodic_return,3756.422882836289
310462,episodic_length,404.0
311296,value_loss,0.030978888273239136
311296,policy_loss,0.015789084136486053
311296,approx_kl,0.022371191531419754
311296,clipfrac,0.141357421875
311296,explained_variance,0.5664539337158203
311296,sps,562.0
311463,episodic_return,9327.637723145323
311463,episodic_length,1000.0
312310,episodic_return,7877.8143087662775
312310,episodic_length,846.0
313311,episodic_return,9326.690226937932
313311,episodic_length,1000.0
313344,value_loss,0.06491222977638245
313344,policy_loss,-0.004205763339996338
313344,approx_kl,0.0014086998999118805
313344,clipfrac,0.124267578125
313344,explained_variance,0.27389758825302124
313344,sps,562.0
314312,episodic_return,9326.871873002283
314312,episodic_length,1000.0
315313,episodic_return,9323.786046262096
315313,episodic_length,1000.0
315392,value_loss,0.0017384215025231242
315392,policy_loss,-0.006554886698722839
315392,approx_kl,0.004730703309178352
315392,clipfrac,0.148388671875
315392,explained_variance,-0.1270291805267334
315392,sps,562.0
315800,episodic_return,4520.748139739477
315800,episodic_length,486.0
316801,episodic_return,9323.297105381596
316801,episodic_length,1000.0
317440,value_loss,0.004950709640979767
317440,policy_loss,-0.02807455137372017
317440,approx_kl,0.006963672116398811
317440,clipfrac,0.112841796875
317440,explained_variance,0.21676558256149292
317440,sps,562.0
317802,episodic_return,9323.955797385688
317802,episodic_length,1000.0
318803,episodic_return,9322.356673994836
318803,episodic_length,1000.0
319488,value_loss,0.01523241214454174
319488,policy_loss,-0.012965962290763855
319488,approx_kl,0.010275637730956078
319488,clipfrac,0.113330078125
319488,explained_variance,-0.07758533954620361
319488,sps,562.0
319804,episodic_return,9324.512459520718
319804,episodic_length,1000.0
320220,episodic_return,3857.260599316708
320220,episodic_length,415.0
320589,episodic_return,3417.7305360165606
320589,episodic_length,368.0
321536,value_loss,0.012943383306264877
321536,policy_loss,-0.012753807008266449
321536,approx_kl,0.02657414972782135
321536,clipfrac,0.083154296875
321536,explained_variance,0.47400081157684326
321536,sps,562.0
321590,episodic_return,9324.197105682462
321590,episodic_length,1000.0
322061,episodic_return,4369.350975357904
322061,episodic_length,470.0
323062,episodic_return,9327.27937180544
323062,episodic_length,1000.0
323584,value_loss,0.007927920669317245
323584,policy_loss,-0.017559416592121124
323584,approx_kl,0.008310508914291859
323584,clipfrac,0.133203125
323584,explained_variance,0.340914249420166
323584,sps,562.0
323893,episodic_return,7724.321737749113
323893,episodic_length,830.0
324494,episodic_return,5579.815171269582
324494,episodic_length,600.0
325495,episodic_return,9323.437973143984
325495,episodic_length,1000.0
325632,value_loss,0.005246479529887438
325632,policy_loss,0.009310588240623474
325632,approx_kl,0.017965219914913177
325632,clipfrac,0.131005859375
325632,explained_variance,0.36995458602905273
325632,sps,562.0
325825,episodic_return,3054.206672754073
325825,episodic_length,329.0
326826,episodic_return,9321.5661481316
326826,episodic_length,1000.0
327680,value_loss,0.002323050517588854
327680,policy_loss,-0.006852075457572937
327680,approx_kl,0.00938351359218359
327680,clipfrac,0.1072265625
327680,explained_variance,0.3448045253753662
327680,sps,563.0
327827,episodic_return,9322.24545616705
327827,episodic_length,1000.0
328339,episodic_return,4752.9375132927935
328339,episodic_length,511.0
328844,episodic_return,4688.487329436569
328844,episodic_length,504.0
329085,episodic_return,2225.157668709889
329085,episodic_length,240.0
329176,episodic_return,827.438270384487
329176,episodic_length,90.0
329458,episodic_return,2607.8212470192
329458,episodic_length,281.0
329728,value_loss,0.04244407266378403
329728,policy_loss,-0.014259397983551025
329728,approx_kl,0.04126875847578049
329728,clipfrac,0.122998046875
329728,explained_variance,0.5635032653808594
329728,sps,563.0
330003,episodic_return,5060.014444971309
330003,episodic_length,544.0
331004,episodic_return,9324.496551921267
331004,episodic_length,1000.0
331662,episodic_return,6108.852853527087
331662,episodic_length,657.0
331776,value_loss,0.029828546568751335
331776,policy_loss,-0.01475292444229126
331776,approx_kl,0.007615998387336731
331776,clipfrac,0.11005859375
331776,explained_variance,0.48812323808670044
331776,sps,563.0
332663,episodic_return,9320.037626863776
332663,episodic_length,1000.0
333034,episodic_return,3437.5865076568452
333034,episodic_length,370.0
333824,value_loss,0.033697351813316345
333824,policy_loss,0.00946127250790596
333824,approx_kl,0.013575466349720955
333824,clipfrac,0.12734375
333824,explained_variance,0.28146809339523315
333824,sps,564.0
333846,episodic_return,7549.22656145126
333846,episodic_length,811.0
334453,episodic_return,5636.234865427234
334453,episodic_length,606.0
335454,episodic_return,9324.535000592892
335454,episodic_length,1000.0
335732,episodic_return,2568.5933965663485
335732,episodic_length,277.0
335872,value_loss,0.037758417427539825
335872,policy_loss,-0.03296598792076111
335872,approx_kl,0.011791335418820381
335872,clipfrac,0.135888671875
335872,explained_variance,0.6108185052871704
335872,sps,564.0
336479,episodic_return,6941.672817754767
336479,episodic_length,746.0
336927,episodic_return,4155.529870180695
336927,episodic_length,447.0
337718,episodic_return,7353.116120526976
337718,episodic_length,790.0
337920,value_loss,0.03419049084186554
337920,policy_loss,-0.02911018580198288
337920,approx_kl,0.009558994323015213
337920,clipfrac,0.1041015625
337920,explained_variance,0.5409025847911835
337920,sps,564.0
338125,episodic_return,3773.169736195165
338125,episodic_length,406.0
339126,episodic_return,9322.798384538242
339126,episodic_length,1000.0
339968,value_loss,0.010576755739748478
339968,policy_loss,-0.02539023756980896
339968,approx_kl,0.015211126767098904
339968,clipfrac,0.1251953125
339968,explained_variance,0.36262649297714233
339968,sps,564.0
340127,episodic_return,9321.65357550069
340127,episodic_length,1000.0
340261,episodic_return,1227.3724554244195
340261,episodic_length,133.0
341262,episodic_return,9322.097514169414
341262,episodic_length,1000.0
342016,value_loss,0.024241605773568153
342016,policy_loss,-0.018530210480093956
342016,approx_kl,0.02108437567949295
342016,clipfrac,0.145654296875
342016,explained_variance,0.3416343927383423
342016,sps,564.0
342019,episodic_return,7033.436541784429
342019,episodic_length,756.0
343020,episodic_return,9318.828177647983
343020,episodic_length,1000.0
344021,episodic_return,9320.992571666598
344021,episodic_length,1000.0
344064,value_loss,0.030571918934583664
344064,policy_loss,-0.012724917382001877
344064,approx_kl,0.006871815770864487
344064,clipfrac,0.134326171875
344064,explained_variance,0.11542755365371704
344064,sps,564.0
344594,episodic_return,5318.472851648993
344594,episodic_length,572.0
345191,episodic_return,5541.348937416845
345191,episodic_length,596.0
346112,value_loss,0.0039660572074353695
346112,policy_loss,0.0021651647984981537
346112,approx_kl,0.006353938020765781
346112,clipfrac,0.09619140625
346112,explained_variance,0.5531516671180725
346112,sps,565.0
346192,episodic_return,9320.135269765226
346192,episodic_length,1000.0
346439,episodic_return,2279.543152611543
346439,episodic_length,246.0
347440,episodic_return,9319.690304350985
347440,episodic_length,1000.0
347685,episodic_return,2260.5265638304545
347685,episodic_length,244.0
348092,episodic_return,3770.534285605702
348092,episodic_length,406.0
348160,value_loss,0.0713595598936081
348160,policy_loss,-0.02033797651529312
348160,approx_kl,0.01516805775463581
348160,clipfrac,0.104833984375
348160,explained_variance,0.5123290121555328
348160,sps,565.0
349093,episodic_return,9317.316392202585
349093,episodic_length,1000.0
349658,episodic_return,5244.914573163671
349658,episodic_length,564.0
350208,value_loss,0.02890360727906227
350208,policy_loss,-0.020731832832098007
350208,approx_kl,0.007198073901236057
350208,clipfrac,0.09306640625
350208,explained_variance,0.32426685094833374
350208,sps,566.0
350659,episodic_return,9317.478027679623
350659,episodic_length,1000.0
351029,episodic_return,3427.7776248713308
351029,episodic_length,369.0
352030,episodic_return,9316.136239502137
352030,episodic_length,1000.0
352256,value_loss,0.009718211367726326
352256,policy_loss,0.014695484191179276
352256,approx_kl,0.0046003833413124084
352256,clipfrac,0.08681640625
352256,explained_variance,0.1867639422416687
352256,sps,565.0
353031,episodic_return,9320.770487696505
353031,episodic_length,1000.0
354032,episodic_return,9316.126878578263
354032,episodic_length,1000.0
354304,value_loss,0.02548721805214882
354304,policy_loss,0.01426871120929718
354304,approx_kl,0.0035440977662801743
354304,clipfrac,0.092333984375
354304,explained_variance,-0.09969699382781982
354304,sps,566.0
354956,episodic_return,8588.14308148227
354956,episodic_length,923.0
355957,episodic_return,9321.033022472819
355957,episodic_length,1000.0
356149,episodic_return,1767.5889514540868
356149,episodic_length,191.0
356282,episodic_return,1216.1565489459872
356282,episodic_length,132.0
356352,value_loss,0.007677476387470961
356352,policy_loss,0.00033135712146759033
356352,approx_kl,0.0036894362419843674
356352,clipfrac,0.088916015625
356352,explained_variance,0.41412603855133057
356352,sps,566.0
357119,episodic_return,7776.566529356809
357119,episodic_length,836.0
357416,episodic_return,2746.1469006056077
357416,episodic_length,296.0
358228,episodic_return,7543.6121801617755
358228,episodic_length,811.0
358400,value_loss,0.05294153094291687
358400,policy_loss,-0.001833353191614151
358400,approx_kl,0.012771567329764366
358400,clipfrac,0.09091796875
358400,explained_variance,0.5794288218021393
358400,sps,566.0
358531,episodic_return,2800.8119919731566
358531,episodic_length,302.0
359506,episodic_return,9064.346865885853
359506,episodic_length,974.0
360448,value_loss,0.017291931435465813
360448,policy_loss,-0.013299725949764252
360448,approx_kl,0.00635890569537878
360448,clipfrac,0.1169921875
360448,explained_variance,0.6544111967086792
360448,sps,566.0
360507,episodic_return,9318.11328878975
360507,episodic_length,1000.0
361508,episodic_return,9316.541939746117
361508,episodic_length,1000.0
362472,episodic_return,8958.754761554552
362472,episodic_length,963.0
362496,value_loss,0.017612827941775322
362496,policy_loss,-0.03122219443321228
362496,approx_kl,0.010865754447877407
362496,clipfrac,0.11708984375
362496,explained_variance,0.3573859930038452
362496,sps,566.0
363473,episodic_return,9318.236393737328
363473,episodic_length,1000.0
364474,episodic_return,9317.822284019794
364474,episodic_length,1000.0
364544,value_loss,0.021080881357192993
364544,policy_loss,-0.012390092015266418
364544,approx_kl,0.012590870261192322
364544,clipfrac,0.130078125
364544,explained_variance,-0.3154388666152954
364544,sps,566.0
365475,episodic_return,9318.586431002806
365475,episodic_length,1000.0
366476,episodic_return,9316.627792009576
366476,episodic_length,1000.0
366592,value_loss,0.006898145657032728
366592,policy_loss,-0.025892633944749832
366592,approx_kl,0.004640701226890087
366592,clipfrac,0.102880859375
366592,explained_variance,-0.07126474380493164
366592,sps,566.0
367477,episodic_return,9317.379067199194
367477,episodic_length,1000.0
368151,episodic_return,6257.369767543337
368151,episodic_length,673.0
368640,value_loss,0.003659870009869337
368640,policy_loss,0.01446562260389328
368640,approx_kl,0.003919811919331551
368640,clipfrac,0.085498046875
368640,explained_variance,0.1977994441986084
368640,sps,567.0
368697,episodic_return,5066.188185003365
368697,episodic_length,545.0
369202,episodic_return,4682.889694969785
369202,episodic_length,504.0
370194,episodic_return,9222.997987603809
370194,episodic_length,991.0
370688,value_loss,0.010972008109092712
370688,policy_loss,0.002912744879722595
370688,approx_kl,0.006483795121312141
370688,clipfrac,0.116162109375
370688,explained_variance,0.6884795725345612
370688,sps,567.0
371195,episodic_return,9318.25989293699
371195,episodic_length,1000.0
371344,episodic_return,1362.2346300411036
371344,episodic_length,148.0
372039,episodic_return,6454.671268600893
372039,episodic_length,694.0
372485,episodic_return,4135.246544252606
372485,episodic_length,445.0
372736,value_loss,0.042757123708724976
372736,policy_loss,-0.007501035928726196
372736,approx_kl,0.01186295598745346
372736,clipfrac,0.08359375
372736,explained_variance,0.5587944090366364
372736,sps,566.0
373199,episodic_return,6630.242691214652
373199,episodic_length,713.0
374200,episodic_return,9317.905999555414
374200,episodic_length,1000.0
374438,episodic_return,2197.1612230526575
374438,episodic_length,237.0
374550,episodic_return,1022.1299885938311
374550,episodic_length,111.0
374616,episodic_return,593.7439007122767
374616,episodic_length,65.0
374757,episodic_return,1293.1972563309891
374757,episodic_length,140.0
374784,value_loss,0.027775632217526436
374784,policy_loss,-0.019751064479351044
374784,approx_kl,0.008119562640786171
374784,clipfrac,0.108349609375
374784,explained_variance,0.5522998571395874
374784,sps,566.0
375181,episodic_return,3930.171514799481
375181,episodic_length,423.0
376182,episodic_return,9318.52754598878
376182,episodic_length,1000.0
376511,episodic_return,3043.2317739399155
376511,episodic_length,328.0
376726,episodic_return,1980.2518302129613
376726,episodic_length,214.0
376832,value_loss,0.038267895579338074
376832,policy_loss,-0.012273445725440979
376832,approx_kl,0.003801981918513775
376832,clipfrac,0.113916015625
376832,explained_variance,0.37202155590057373
376832,sps,566.0
377727,episodic_return,9316.949184716224
377727,episodic_length,1000.0
378728,episodic_return,9318.455302758633
378728,episodic_length,1000.0
378880,value_loss,0.04181918501853943
378880,policy_loss,-0.026006460189819336
378880,approx_kl,0.013165770098567009
378880,clipfrac,0.1380859375
378880,explained_variance,-0.05950891971588135
378880,sps,566.0
378917,episodic_return,1741.024052963289
378917,episodic_length,188.0
379489,episodic_return,5309.351561098632
379489,episodic_length,571.0
379681,episodic_return,1766.7324843398692
379681,episodic_length,191.0
380607,episodic_return,8607.853804256845
380607,episodic_length,925.0
380928,value_loss,0.022738853469491005
380928,policy_loss,0.033925291150808334
380928,approx_kl,0.012428149580955505
380928,clipfrac,0.11298828125
380928,explained_variance,0.6110946238040924
380928,sps,566.0
381167,episodic_return,5196.808985409406
381167,episodic_length,559.0
381705,episodic_return,4991.479181462519
381705,episodic_length,537.0
382435,episodic_return,6782.112508147327
382435,episodic_length,729.0
382906,episodic_return,4367.688939720761
382906,episodic_length,470.0
382945,episodic_return,340.9141259168088
382945,episodic_length,38.0
382976,value_loss,0.02557177096605301
382976,policy_loss,-0.01512814685702324
382976,approx_kl,0.008008096367120743
382976,clipfrac,0.111962890625
382976,explained_variance,0.6191334128379822
382976,sps,566.0
383447,episodic_return,4658.350668797823
383447,episodic_length,501.0
384448,episodic_return,9317.221520106732
384448,episodic_length,1000.0
385024,value_loss,0.006293326150625944
385024,policy_loss,0.036556676030159
385024,approx_kl,0.010828341357409954
385024,clipfrac,0.090625
385024,explained_variance,0.3796977400779724
385024,sps,566.0
385449,episodic_return,9318.124011401555
385449,episodic_length,1000.0
386171,episodic_return,6707.781037515144
386171,episodic_length,721.0
386446,episodic_return,2543.2112713228858
386446,episodic_length,274.0
387072,value_loss,0.011460804380476475
387072,policy_loss,-0.012308351695537567
387072,approx_kl,0.004254424013197422
387072,clipfrac,0.09853515625
387072,explained_variance,0.4262928366661072
387072,sps,566.0
387376,episodic_return,8644.14995467498
387376,episodic_length,929.0
387539,episodic_return,1496.2834866785
387539,episodic_length,162.0
388308,episodic_return,7140.998029446591
388308,episodic_length,768.0
388483,episodic_return,1608.391760077423
388483,episodic_length,174.0
388641,episodic_return,1450.3395004590063
388641,episodic_length,157.0
389120,value_loss,0.011850519105792046
389120,policy_loss,-0.010507248342037201
389120,approx_kl,0.010231586173176765
389120,clipfrac,0.09951171875
389120,explained_variance,0.6344099342823029
389120,sps,566.0
389352,episodic_return,6605.487433348878
389352,episodic_length,710.0
389693,episodic_return,3156.3832005697504
389693,episodic_length,340.0
389842,episodic_return,1367.0459318068035
389842,episodic_length,148.0
390092,episodic_return,2307.5133056476234
390092,episodic_length,249.0
390679,episodic_return,5448.935775339017
390679,episodic_length,586.0
391168,value_loss,0.013067368417978287
391168,policy_loss,-0.02959279716014862
391168,approx_kl,0.005666864104568958
391168,clipfrac,0.079248046875
391168,explained_variance,0.668784886598587
391168,sps,566.0
391472,episodic_return,7370.328095396346
391472,episodic_length,792.0
392078,episodic_return,5625.479414405422
392078,episodic_length,605.0
392335,episodic_return,2373.1973783026547
392335,episodic_length,256.0
392816,episodic_return,4462.683100206063
392816,episodic_length,480.0
393216,value_loss,0.03252539411187172
393216,policy_loss,0.05681175738573074
393216,approx_kl,0.010770606808364391
393216,clipfrac,0.09892578125
393216,explained_variance,0.5991481244564056
393216,sps,567.0
393423,episodic_return,5635.471823944319
393423,episodic_length,606.0
394424,episodic_return,9322.932985718478
394424,episodic_length,1000.0
395264,value_loss,0.02478492259979248
395264,policy_loss,-0.020910903811454773
395264,approx_kl,0.009497434832155704
395264,clipfrac,0.117578125
395264,explained_variance,0.34921759366989136
395264,sps,566.0
395425,episodic_return,9321.71497931115
395425,episodic_length,1000.0
396207,episodic_return,7267.134480943129
396207,episodic_length,781.0
397208,episodic_return,9320.817943484974
397208,episodic_length,1000.0
397312,value_loss,0.07776468992233276
397312,policy_loss,-0.007955862209200859
397312,approx_kl,0.0070513030514121056
397312,clipfrac,0.085302734375
397312,explained_variance,0.05493307113647461
397312,sps,567.0
397885,episodic_return,6290.659241029363
397885,episodic_length,676.0
398622,episodic_return,6852.053081503503
398622,episodic_length,736.0
399360,value_loss,0.03359626978635788
399360,policy_loss,-0.008445842191576958
399360,approx_kl,0.015337226912379265
399360,clipfrac,0.148828125
399360,explained_variance,0.4625706076622009
399360,sps,567.0
399623,episodic_return,9323.275112451329
399623,episodic_length,1000.0
400002,episodic_return,3509.722586032264
400002,episodic_length,378.0
400663,episodic_return,6141.8559761385095
400663,episodic_length,660.0
401408,value_loss,0.04691044241189957
401408,policy_loss,-0.00451456755399704
401408,approx_kl,0.013987836427986622
401408,clipfrac,0.1021484375
401408,explained_variance,0.25054246187210083
401408,sps,567.0
401664,episodic_return,9319.841228812613
401664,episodic_length,1000.0
401776,episodic_return,1018.9573862050579
401776,episodic_length,111.0
401895,episodic_return,1086.6415671847676
401895,episodic_length,118.0
402164,episodic_return,2481.948401399827
402164,episodic_length,268.0
402509,episodic_return,3193.16135002545
402509,episodic_length,344.0
402640,episodic_return,1200.429167508493
402640,episodic_length,130.0
403013,episodic_return,3453.1832980746076
403013,episodic_length,372.0
403067,episodic_return,482.0797890344687
403067,episodic_length,53.0
403246,episodic_return,1647.413268106723
403246,episodic_length,178.0
403456,value_loss,0.13414296507835388
403456,policy_loss,-0.015087336301803589
403456,approx_kl,0.012342849746346474
403456,clipfrac,0.08994140625
403456,explained_variance,0.45503538846969604
403456,sps,567.0
403774,episodic_return,4897.6074534868985
403774,episodic_length,527.0
403957,episodic_return,1683.6688000859776
403957,episodic_length,182.0
404378,episodic_return,3900.0620775161306
404378,episodic_length,420.0
404458,episodic_return,724.8919511294741
404458,episodic_length,79.0
404840,episodic_return,3537.9591292471946
404840,episodic_length,381.0
404907,episodic_return,602.3487721207525
404907,episodic_length,66.0
404953,episodic_return,407.1352537325958
404953,episodic_length,45.0
405143,episodic_return,1749.3186800098817
405143,episodic_length,189.0
405504,value_loss,0.06778382509946823
405504,policy_loss,-0.007899509742856026
405504,approx_kl,0.005035770125687122
405504,clipfrac,0.084033203125
405504,explained_variance,0.6099661290645599
405504,sps,566.0
405803,episodic_return,6126.000327549729
405803,episodic_length,659.0
406804,episodic_return,9319.085795854398
406804,episodic_length,1000.0
407050,episodic_return,2270.3300697909667
407050,episodic_length,245.0
407154,episodic_return,948.3935793958674
407154,episodic_length,103.0
407552,value_loss,0.013436098583042622
407552,policy_loss,-0.0035056695342063904
407552,approx_kl,0.023609571158885956
407552,clipfrac,0.113818359375
407552,explained_variance,0.5626623332500458
407552,sps,567.0
408155,episodic_return,9318.965897433298
408155,episodic_length,1000.0
408695,episodic_return,5010.785444785245
408695,episodic_length,539.0
409600,value_loss,0.032903969287872314
409600,policy_loss,-0.004189968109130859
409600,approx_kl,0.006933019496500492
409600,clipfrac,0.0865234375
409600,explained_variance,0.47682541608810425
409600,sps,567.0
409696,episodic_return,9322.259828643913
409696,episodic_length,1000.0
410124,episodic_return,3965.114658767256
410124,episodic_length,427.0
410171,episodic_return,416.80778921765534
410171,episodic_length,46.0
410945,episodic_return,7192.843367942455
410945,episodic_length,773.0
411351,episodic_return,3763.0246996434266
411351,episodic_length,405.0
411648,value_loss,0.04155629500746727
411648,policy_loss,0.0033459067344665527
411648,approx_kl,0.005424444563686848
411648,clipfrac,0.099267578125
411648,explained_variance,0.5605854690074921
411648,sps,567.0
412352,episodic_return,9323.219814951231
412352,episodic_length,1000.0
413165,episodic_return,7555.723559705771
413165,episodic_length,812.0
413625,episodic_return,4264.198521567137
413625,episodic_length,459.0
413696,value_loss,0.037440914660692215
413696,policy_loss,0.017683029174804688
413696,approx_kl,0.007023136131465435
413696,clipfrac,0.079638671875
413696,explained_variance,0.44931697845458984
413696,sps,567.0
414487,episodic_return,8015.577714128326
414487,episodic_length,861.0
415488,episodic_return,9323.206277274132
415488,episodic_length,1000.0
415744,value_loss,0.003298639552667737
415744,policy_loss,-0.007626399397850037
415744,approx_kl,0.005166679620742798
415744,clipfrac,0.0576171875
415744,explained_variance,0.19276994466781616
415744,sps,567.0
416489,episodic_return,9324.722263332767
416489,episodic_length,1000.0
417490,episodic_return,9326.760957867586
417490,episodic_length,1000.0
417792,value_loss,0.0015652695437893271
417792,policy_loss,0.004837686195969582
417792,approx_kl,0.016123700886964798
417792,clipfrac,0.087744140625
417792,explained_variance,-0.028052449226379395
417792,sps,567.0
418491,episodic_return,9325.041531066021
418491,episodic_length,1000.0
419492,episodic_return,9324.130616967926
419492,episodic_length,1000.0
419840,value_loss,0.02040868066251278
419840,policy_loss,0.0026480481028556824
419840,approx_kl,0.003926008939743042
419840,clipfrac,0.1173828125
419840,explained_variance,-0.09110689163208008
419840,sps,566.0
419904,episodic_return,3820.083084055936
419904,episodic_length,411.0
420071,episodic_return,1536.4293304945732
420071,episodic_length,166.0
421072,episodic_return,9320.546181909882
421072,episodic_length,1000.0
421207,episodic_return,1236.2296623286945
421207,episodic_length,134.0
421888,value_loss,0.006832178216427565
421888,policy_loss,-0.007755881175398827
421888,approx_kl,0.009905431419610977
421888,clipfrac,0.1009765625
421888,explained_variance,0.48356199264526367
421888,sps,567.0
422208,episodic_return,9322.848324169287
422208,episodic_length,1000.0
423209,episodic_return,9323.927097238042
423209,episodic_length,1000.0
423227,episodic_return,145.6569252623719
423227,episodic_length,17.0
423936,value_loss,0.028976820409297943
423936,policy_loss,-0.01739022508263588
423936,approx_kl,0.00939478725194931
423936,clipfrac,0.143896484375
423936,explained_variance,0.2632884383201599
423936,sps,567.0
424228,episodic_return,9321.591473777888
424228,episodic_length,1000.0
424846,episodic_return,5741.130790546785
424846,episodic_length,617.0
425009,episodic_return,1496.9531845935094
425009,episodic_length,162.0
425984,value_loss,0.013052944093942642
425984,policy_loss,0.012829439714550972
425984,approx_kl,0.0115961953997612
425984,clipfrac,0.10546875
425984,explained_variance,0.46944302320480347
425984,sps,567.0
426010,episodic_return,9322.77156196575
426010,episodic_length,1000.0
426490,episodic_return,4453.467848519534
426490,episodic_length,479.0
426873,episodic_return,3545.765951673765
426873,episodic_length,382.0
427233,episodic_return,3333.966345754874
427233,episodic_length,359.0
428032,value_loss,0.0324367992579937
428032,policy_loss,0.007428810000419617
428032,approx_kl,0.021891646087169647
428032,clipfrac,0.130078125
428032,explained_variance,0.39349883794784546
428032,sps,567.0
428234,episodic_return,9322.620078866228
428234,episodic_length,1000.0
429124,episodic_return,8274.872241272873
429124,episodic_length,889.0
429253,episodic_return,1181.551953872985
429253,episodic_length,128.0
429659,episodic_return,3764.633178542548
429659,episodic_length,405.0
429843,episodic_return,1694.1376689810807
429843,episodic_length,183.0
430080,value_loss,0.07934637367725372
430080,policy_loss,-0.004913404583930969
430080,approx_kl,0.010975593701004982
430080,clipfrac,0.099560546875
430080,explained_variance,0.4730243682861328
430080,sps,566.0
430404,episodic_return,5207.989995712757
430404,episodic_length,560.0
430573,episodic_return,1551.2636881687838
430573,episodic_length,168.0
430825,episodic_return,2325.1773447749047
430825,episodic_length,251.0
431030,episodic_return,1891.1424096384026
431030,episodic_length,204.0
431316,episodic_return,2645.3901748662697
431316,episodic_length,285.0
431485,episodic_return,1553.4527514622102
431485,episodic_length,168.0
431787,episodic_return,2793.2559644775715
431787,episodic_length,301.0
431906,episodic_return,1088.7912814682088
431906,episodic_length,118.0
432091,episodic_return,1703.3985434273734
432091,episodic_length,184.0
432128,value_loss,0.03369816020131111
432128,policy_loss,-0.011259488761425018
432128,approx_kl,0.006977425888180733
432128,clipfrac,0.103564453125
432128,explained_variance,0.6228209435939789
432128,sps,566.0
432173,episodic_return,742.7964447469425
432173,episodic_length,81.0
432257,episodic_return,761.4105288289247
432257,episodic_length,83.0
433041,episodic_return,7285.740214234294
433041,episodic_length,783.0
433430,episodic_return,3604.103517651211
433430,episodic_length,388.0
433519,episodic_return,808.7155234357975
433519,episodic_length,88.0
433725,episodic_return,1898.201462078478
433725,episodic_length,205.0
434176,value_loss,0.040976278483867645
434176,policy_loss,-0.01621084287762642
434176,approx_kl,0.005206822417676449
434176,clipfrac,0.112890625
434176,explained_variance,0.5625632405281067
434176,sps,567.0
434726,episodic_return,9325.061912897912
434726,episodic_length,1000.0
434800,episodic_return,668.7526300437017
434800,episodic_length,73.0
435801,episodic_return,9325.237448505039
435801,episodic_length,1000.0
436224,value_loss,0.0323893241584301
436224,policy_loss,-0.0013761259615421295
436224,approx_kl,0.010645035654306412
436224,clipfrac,0.105078125
436224,explained_variance,0.5539790093898773
436224,sps,567.0
436802,episodic_return,9326.345649348708
436802,episodic_length,1000.0
437803,episodic_return,9322.558403691817
437803,episodic_length,1000.0
438272,value_loss,0.0683220773935318
438272,policy_loss,-0.006048247218132019
438272,approx_kl,0.009577753022313118
438272,clipfrac,0.1203125
438272,explained_variance,-0.026339292526245117
438272,sps,567.0
438804,episodic_return,9328.950376050776
438804,episodic_length,1000.0
439079,episodic_return,2543.2830919708804
439079,episodic_length,274.0
439638,episodic_return,5193.1112874897335
439638,episodic_length,558.0
439801,episodic_return,1498.0206029365263
439801,episodic_length,162.0
440320,value_loss,0.008522803895175457
440320,policy_loss,-0.004776991903781891
440320,approx_kl,0.017241844907402992
440320,clipfrac,0.11162109375
440320,explained_variance,0.42681407928466797
440320,sps,567.0
440802,episodic_return,9330.07019554641
440802,episodic_length,1000.0
441803,episodic_return,9328.409850852275
441803,episodic_length,1000.0
442320,episodic_return,4799.85334716075
442320,episodic_length,516.0
442368,value_loss,0.0077615221962332726
442368,policy_loss,-0.0022145435214042664
442368,approx_kl,0.009338841773569584
442368,clipfrac,0.101513671875
442368,explained_variance,0.08623248338699341
442368,sps,567.0
443321,episodic_return,9330.370599716382
443321,episodic_length,1000.0
443857,episodic_return,4978.136622011112
443857,episodic_length,535.0
444416,value_loss,0.00713655911386013
444416,policy_loss,0.00833906326442957
444416,approx_kl,0.013129319995641708
444416,clipfrac,0.1255859375
444416,explained_variance,0.35441911220550537
444416,sps,567.0
444858,episodic_return,9329.209674834163
444858,episodic_length,1000.0
445230,episodic_return,3447.9388207837733
445230,episodic_length,371.0
446231,episodic_return,9326.248378720142
446231,episodic_length,1000.0
446464,value_loss,0.049992650747299194
446464,policy_loss,-0.02323479950428009
446464,approx_kl,0.00765611045062542
446464,clipfrac,0.101171875
446464,explained_variance,0.403139591217041
446464,sps,567.0
446583,episodic_return,3260.821214786349
446583,episodic_length,351.0
446920,episodic_return,3122.929573235215
446920,episodic_length,336.0
447043,episodic_return,1123.4996742396104
447043,episodic_length,122.0
447988,episodic_return,8789.675257867719
447988,episodic_length,944.0
448512,value_loss,0.014697447419166565
448512,policy_loss,0.01096932590007782
448512,approx_kl,0.003478056751191616
448512,clipfrac,0.1052734375
448512,explained_variance,0.43895089626312256
448512,sps,567.0
448989,episodic_return,9323.436655064474
448989,episodic_length,1000.0
449837,episodic_return,7886.646637754314
449837,episodic_length,847.0
450129,episodic_return,2699.3073826707114
450129,episodic_length,291.0
450560,value_loss,0.05034736543893814
450560,policy_loss,-0.011038646101951599
450560,approx_kl,0.01286426093429327
450560,clipfrac,0.104150390625
450560,explained_variance,0.38563817739486694
450560,sps,567.0
450727,episodic_return,5551.5526832404585
450727,episodic_length,597.0
451497,episodic_return,7157.7226582000985
451497,episodic_length,769.0
451760,episodic_return,2430.087796781756
451760,episodic_length,262.0
452202,episodic_return,4095.9648548933624
452202,episodic_length,441.0
452608,value_loss,0.02036801539361477
452608,policy_loss,-0.017421644181013107
452608,approx_kl,0.009335651993751526
452608,clipfrac,0.08095703125
452608,explained_variance,0.4833320379257202
452608,sps,567.0
452635,episodic_return,4014.890211262871
452635,episodic_length,432.0
453167,episodic_return,4934.8272260417625
453167,episodic_length,531.0
454168,episodic_return,9320.917531161242
454168,episodic_length,1000.0
454656,value_loss,0.02663995325565338
454656,policy_loss,-0.024766746908426285
454656,approx_kl,0.006966247223317623
454656,clipfrac,0.119482421875
454656,explained_variance,0.4538472294807434
454656,sps,567.0
455169,episodic_return,9320.017864535166
455169,episodic_length,1000.0
456170,episodic_return,9322.444120205233
456170,episodic_length,1000.0
456704,value_loss,0.017385033890604973
456704,policy_loss,0.00035004690289497375
456704,approx_kl,0.003976648673415184
456704,clipfrac,0.098388671875
456704,explained_variance,-0.04514813423156738
456704,sps,567.0
457171,episodic_return,9315.409234334671
457171,episodic_length,1000.0
457276,episodic_return,957.3404044050752
457276,episodic_length,104.0
458277,episodic_return,9319.39208510411
458277,episodic_length,1000.0
458752,value_loss,0.010668978095054626
458752,policy_loss,0.002121429890394211
458752,approx_kl,0.004932384006679058
458752,clipfrac,0.104443359375
458752,explained_variance,0.14598608016967773
458752,sps,567.0
458991,episodic_return,6631.166942380996
458991,episodic_length,713.0
459092,episodic_return,918.7032558314035
459092,episodic_length,100.0
459408,episodic_return,2923.661850681463
459408,episodic_length,315.0
460114,episodic_return,6551.484701992554
460114,episodic_length,705.0
460479,episodic_return,3379.220301372226
460479,episodic_length,364.0
460800,value_loss,0.062459588050842285
460800,policy_loss,-0.004503920674324036
460800,approx_kl,0.009342856705188751
460800,clipfrac,0.12568359375
460800,explained_variance,0.6354703605175018
460800,sps,567.0
461480,episodic_return,9319.084327538709
461480,episodic_length,1000.0
461938,episodic_return,4244.238496290162
461938,episodic_length,457.0
462848,value_loss,0.057173505425453186
462848,policy_loss,0.022555656731128693
462848,approx_kl,0.012507360428571701
462848,clipfrac,0.104150390625
462848,explained_variance,0.3816677927970886
462848,sps,567.0
462939,episodic_return,9323.051285512425
462939,episodic_length,1000.0
463881,episodic_return,8758.648817474763
463881,episodic_length,941.0
464396,episodic_return,4780.089198409076
464396,episodic_length,514.0
464896,value_loss,0.057183075696229935
464896,policy_loss,-0.010778479278087616
464896,approx_kl,0.012005393393337727
464896,clipfrac,0.12783203125
464896,explained_variance,0.4308239221572876
464896,sps,567.0
465397,episodic_return,9318.482346299395
465397,episodic_length,1000.0
465724,episodic_return,3025.3461594903847
465724,episodic_length,326.0
466485,episodic_return,7069.611478671855
466485,episodic_length,760.0
466944,value_loss,0.03821468725800514
466944,policy_loss,-0.011603141203522682
466944,approx_kl,0.013162332586944103
466944,clipfrac,0.069482421875
466944,explained_variance,0.4671931862831116
466944,sps,567.0
467486,episodic_return,9322.104472912713
467486,episodic_length,1000.0
468161,episodic_return,6271.801681392304
468161,episodic_length,674.0
468233,episodic_return,649.1440981738511
468233,episodic_length,71.0
468992,value_loss,0.031274568289518356
468992,policy_loss,-0.005187198519706726
468992,approx_kl,0.005054200068116188
468992,clipfrac,0.074609375
468992,explained_variance,0.3724519610404968
468992,sps,567.0
469234,episodic_return,9320.625893605662
469234,episodic_length,1000.0
469615,episodic_return,3527.017196276908
469615,episodic_length,380.0
469716,episodic_return,919.2611625302104
469716,episodic_length,100.0
470214,episodic_return,4618.507222371192
470214,episodic_length,497.0
470924,episodic_return,6593.724837888666
470924,episodic_length,709.0
471040,value_loss,0.11985383182764053
471040,policy_loss,0.0025257766246795654
471040,approx_kl,0.0062217144295573235
471040,clipfrac,0.072021484375
471040,explained_variance,0.499559223651886
471040,sps,567.0
471765,episodic_return,7816.475045613667
471765,episodic_length,840.0
471961,episodic_return,1806.3030117011976
471961,episodic_length,195.0
471974,episodic_return,99.38945346382117
471974,episodic_length,12.0
472950,episodic_return,9076.24346328719
472950,episodic_length,975.0
473088,value_loss,0.003494915086776018
473088,policy_loss,0.0021345866844058037
473088,approx_kl,0.010551383718848228
473088,clipfrac,0.07890625
473088,explained_variance,0.509477287530899
473088,sps,567.0
473791,episodic_return,7817.129577037646
473791,episodic_length,840.0
474085,episodic_return,2718.7037928130917
474085,episodic_length,293.0
474603,episodic_return,4806.913399978678
474603,episodic_length,517.0
475136,value_loss,0.02240350842475891
475136,policy_loss,-0.00806809589266777
475136,approx_kl,0.008473985828459263
475136,clipfrac,0.094140625
475136,explained_variance,0.4441071152687073
475136,sps,567.0
475604,episodic_return,9322.040623558296
475604,episodic_length,1000.0
475970,episodic_return,3390.4160023715112
475970,episodic_length,365.0
475983,episodic_return,100.13038350092343
475983,episodic_length,12.0
476715,episodic_return,6802.030257379322
476715,episodic_length,731.0
477184,value_loss,0.07117927074432373
477184,policy_loss,-0.015971973538398743
477184,approx_kl,0.004661213606595993
477184,clipfrac,0.101123046875
477184,explained_variance,0.5063826441764832
477184,sps,567.0
477517,episodic_return,7449.851643344936
477517,episodic_length,801.0
477662,episodic_return,1331.0855453028469
477662,episodic_length,144.0
477770,episodic_return,983.7728817863264
477770,episodic_length,107.0
478364,episodic_return,5516.0308130094745
478364,episodic_length,593.0
478465,episodic_return,920.1020103930385
478465,episodic_length,100.0
478984,episodic_return,4810.833700198505
478984,episodic_length,518.0
479232,value_loss,0.06648221611976624
479232,policy_loss,-0.011761495843529701
479232,approx_kl,0.017052609473466873
479232,clipfrac,0.0837890625
479232,explained_variance,0.598167210817337
479232,sps,567.0
479880,episodic_return,8330.946741377604
479880,episodic_length,895.0
480397,episodic_return,4794.718852979161
480397,episodic_length,516.0
480533,episodic_return,1246.2901851762335
480533,episodic_length,135.0
481280,value_loss,0.0509827621281147
481280,policy_loss,-0.023431062698364258
481280,approx_kl,0.003695881925523281
481280,clipfrac,0.09033203125
481280,explained_variance,0.6220792829990387
481280,sps,567.0
481534,episodic_return,9318.373702332274
481534,episodic_length,1000.0
481568,episodic_return,294.7788126197353
481568,episodic_length,33.0
481777,episodic_return,1926.5901251784232
481777,episodic_length,208.0
482113,episodic_return,3112.653888125188
482113,episodic_length,335.0
482207,episodic_return,854.2377827213292
482207,episodic_length,93.0
482397,episodic_return,1749.5938428476948
482397,episodic_length,189.0
483328,value_loss,0.096359983086586
483328,policy_loss,-0.01686527580022812
483328,approx_kl,0.009099419228732586
483328,clipfrac,0.10341796875
483328,explained_variance,0.5052473843097687
483328,sps,567.0
483398,episodic_return,9320.927828096032
483398,episodic_length,1000.0
484399,episodic_return,9326.110737578665
484399,episodic_length,1000.0
484508,episodic_return,993.9125118782241
484508,episodic_length,108.0
484678,episodic_return,1560.298487583839
484678,episodic_length,169.0
485376,value_loss,0.05220679193735123
485376,policy_loss,0.000598374754190445
485376,approx_kl,0.007975323125720024
485376,clipfrac,0.062060546875
485376,explained_variance,0.39327025413513184
485376,sps,567.0
485679,episodic_return,9313.516403225722
485679,episodic_length,1000.0
485780,episodic_return,920.5342514471153
485780,episodic_length,100.0
486080,episodic_return,2772.7171195402493
486080,episodic_length,299.0
486354,episodic_return,2533.2150895422774
486354,episodic_length,273.0
487214,episodic_return,7998.755666924247
487214,episodic_length,859.0
487424,value_loss,0.025636347010731697
487424,policy_loss,-0.011350120417773724
487424,approx_kl,0.017337094992399216
487424,clipfrac,0.10537109375
487424,explained_variance,0.6586049795150757
487424,sps,567.0
487755,episodic_return,5023.359590540582
487755,episodic_length,540.0
488756,episodic_return,9323.827582059714
488756,episodic_length,1000.0
489472,value_loss,0.033850379288196564
489472,policy_loss,-0.023994415998458862
489472,approx_kl,0.009553697891533375
489472,clipfrac,0.135400390625
489472,explained_variance,0.5361369550228119
489472,sps,567.0
489757,episodic_return,9322.565885573598
489757,episodic_length,1000.0
490036,episodic_return,2578.9729609487704
490036,episodic_length,278.0
490109,episodic_return,658.2959497995432
490109,episodic_length,72.0
491110,episodic_return,9323.20843859184
491110,episodic_length,1000.0
491268,episodic_return,1449.8559795698864
491268,episodic_length,157.0
491520,value_loss,0.04911461099982262
491520,policy_loss,-0.007860880345106125
491520,approx_kl,0.014554318971931934
491520,clipfrac,0.085791015625
491520,explained_variance,0.5549087524414062
491520,sps,567.0
491746,episodic_return,4432.6860417511625
491746,episodic_length,477.0
491904,episodic_return,1452.7682594244263
491904,episodic_length,157.0
492114,episodic_return,1935.45307709692
492114,episodic_length,209.0
492307,episodic_return,1776.168555289162
492307,episodic_length,192.0
493308,episodic_return,9323.477607417257
493308,episodic_length,1000.0
493568,value_loss,0.05039999261498451
493568,policy_loss,-0.03148845583200455
493568,approx_kl,0.022051259875297546
493568,clipfrac,0.11796875
493568,explained_variance,0.4235326647758484
493568,sps,567.0
494309,episodic_return,9322.099514058682
494309,episodic_length,1000.0
494391,episodic_return,742.8609035595416
494391,episodic_length,81.0
495392,episodic_return,9319.117379139774
495392,episodic_length,1000.0
495616,value_loss,0.01840849593281746
495616,policy_loss,0.021188776940107346
495616,approx_kl,0.008852926082909107
495616,clipfrac,0.132470703125
495616,explained_variance,0.1805538535118103
495616,sps,567.0
496393,episodic_return,9325.222269236281
496393,episodic_length,1000.0
496524,episodic_return,1198.5462667402462
496524,episodic_length,130.0
497312,episodic_return,7324.744865208719
497312,episodic_length,787.0
497631,episodic_return,2953.2551166836115
497631,episodic_length,318.0
497664,value_loss,0.018425902351737022
497664,policy_loss,-0.0034842193126678467
497664,approx_kl,0.005175272934138775
497664,clipfrac,0.10166015625
497664,explained_variance,0.6097929179668427
497664,sps,567.0
497669,episodic_return,332.3324629824311
497669,episodic_length,37.0
497944,episodic_return,2542.802388266004
497944,episodic_length,274.0
498945,episodic_return,9321.080167269267
498945,episodic_length,1000.0
499455,episodic_return,4730.965332814268
499455,episodic_length,509.0
499653,episodic_return,1825.4572504858736
499653,episodic_length,197.0
499712,value_loss,0.037914540618658066
499712,policy_loss,-0.018114738166332245
499712,approx_kl,0.0068895891308784485
499712,clipfrac,0.096337890625
499712,explained_variance,0.38194239139556885
499712,sps,567.0
500198,episodic_return,5057.837600140056
500198,episodic_length,544.0
500256,episodic_return,517.2332128934909
500256,episodic_length,57.0
500436,episodic_return,1655.8538579422861
500436,episodic_length,179.0
500743,episodic_return,2839.1918597700533
500743,episodic_length,306.0
500848,episodic_return,958.199784426868
500848,episodic_length,104.0
501760,value_loss,0.03868664801120758
501760,policy_loss,-0.010502031072974205
501760,approx_kl,0.004210892133414745
501760,clipfrac,0.0853515625
501760,explained_variance,0.6438604891300201
501760,sps,567.0
501849,episodic_return,9322.390103809852
501849,episodic_length,1000.0
501921,episodic_return,648.1322727835621
501921,episodic_length,71.0
502035,episodic_return,1041.3370167860658
502035,episodic_length,113.0
502964,episodic_return,8640.512219470473
502964,episodic_length,928.0
503808,value_loss,0.04665975272655487
503808,policy_loss,-0.018874790519475937
503808,approx_kl,0.01459543313831091
503808,clipfrac,0.1044921875
503808,explained_variance,0.4877088665962219
503808,sps,567.0
503965,episodic_return,9321.469057385386
503965,episodic_length,1000.0
504155,episodic_return,1749.1675198195085
504155,episodic_length,189.0
504235,episodic_return,723.8585344346876
504235,episodic_length,79.0
504390,episodic_return,1423.1513139381454
504390,episodic_length,154.0
505152,episodic_return,7084.488182676287
505152,episodic_length,761.0
505686,episodic_return,4956.372295761939
505686,episodic_length,533.0
505856,value_loss,0.025763800367712975
505856,policy_loss,0.029718417674303055
505856,approx_kl,0.009089143015444279
505856,clipfrac,0.09130859375
505856,explained_variance,0.6623069047927856
505856,sps,567.0
506146,episodic_return,4264.320358758085
506146,episodic_length,459.0
506426,episodic_return,2589.537385184097
506426,episodic_length,279.0
507136,episodic_return,6596.861884295831
507136,episodic_length,709.0
507834,episodic_return,6487.039534869622
507834,episodic_length,697.0
507904,value_loss,0.02909504808485508
507904,policy_loss,-0.017785891890525818
507904,approx_kl,0.011497247964143753
507904,clipfrac,0.1025390625
507904,explained_variance,0.6088624000549316
507904,sps,567.0
508755,episodic_return,8565.870356281182
508755,episodic_length,920.0
509756,episodic_return,9326.827808089569
509756,episodic_length,1000.0
509952,value_loss,0.03143656998872757
509952,policy_loss,-0.026179872453212738
509952,approx_kl,0.004137128591537476
509952,clipfrac,0.062744140625
509952,explained_variance,0.23907506465911865
509952,sps,567.0
510474,episodic_return,6675.340111184801
510474,episodic_length,717.0
511475,episodic_return,9327.432437165451
511475,episodic_length,1000.0
511926,episodic_return,4183.244003162012
511926,episodic_length,450.0
512000,value_loss,0.03475537896156311
512000,policy_loss,-0.01594299077987671
512000,approx_kl,0.006816968321800232
512000,clipfrac,0.089697265625
512000,explained_variance,0.5450100302696228
512000,sps,567.0
512485,episodic_return,5192.8025505823825
512485,episodic_length,558.0
512586,episodic_return,920.6127207863551
512586,episodic_length,100.0
513368,episodic_return,7273.566521550859
513368,episodic_length,781.0
514048,value_loss,0.007282958831638098
514048,policy_loss,-0.022466182708740234
514048,approx_kl,0.009330632165074348
514048,clipfrac,0.095263671875
514048,explained_variance,0.6358889937400818
514048,sps,567.0
514333,episodic_return,8977.60468135536
514333,episodic_length,964.0
515231,episodic_return,8354.797948649453
515231,episodic_length,897.0
515364,episodic_return,1218.8834117529836
515364,episodic_length,132.0
515687,episodic_return,2990.611459565612
515687,episodic_length,322.0
516096,value_loss,0.02513231709599495
516096,policy_loss,-0.013943120837211609
516096,approx_kl,0.017834873870015144
516096,clipfrac,0.087890625
516096,explained_variance,0.5532077550888062
516096,sps,567.0
516378,episodic_return,6423.215281880009
516378,episodic_length,690.0
517186,episodic_return,7515.735224172082
517186,episodic_length,807.0
517497,episodic_return,2879.6974400593954
517497,episodic_length,310.0
518144,value_loss,0.03238925710320473
518144,policy_loss,-0.00546371191740036
518144,approx_kl,0.013734735548496246
518144,clipfrac,0.1009765625
518144,explained_variance,0.6304696798324585
518144,sps,567.0
518461,episodic_return,8974.680498726213
518461,episodic_length,963.0
519000,episodic_return,5007.732832620178
519000,episodic_length,538.0
520001,episodic_return,9330.082892816446
520001,episodic_length,1000.0
520192,value_loss,0.020504381507635117
520192,policy_loss,-0.015237778425216675
520192,approx_kl,0.005491368472576141
520192,clipfrac,0.110498046875
520192,explained_variance,0.4685811400413513
520192,sps,568.0
520807,episodic_return,7500.371827158091
520807,episodic_length,805.0
521808,episodic_return,9330.783961335423
521808,episodic_length,1000.0
522240,value_loss,0.01480531133711338
522240,policy_loss,-0.0043821632862091064
522240,approx_kl,0.004862497560679913
522240,clipfrac,0.0947265625
522240,explained_variance,0.2805483937263489
522240,sps,568.0
522809,episodic_return,9329.152955465364
522809,episodic_length,1000.0
523810,episodic_return,9328.228525284563
523810,episodic_length,1000.0
523889,episodic_return,715.4157626239412
523889,episodic_length,78.0
524288,value_loss,0.05715138465166092
524288,policy_loss,0.0006621554493904114
524288,approx_kl,0.005723533220589161
524288,clipfrac,0.086181640625
524288,explained_variance,0.34198617935180664
524288,sps,568.0
524890,episodic_return,9330.637085975433
524890,episodic_length,1000.0
525891,episodic_return,9331.732023082814
525891,episodic_length,1000.0
526336,value_loss,0.027027785778045654
526336,policy_loss,-0.010161813348531723
526336,approx_kl,0.007106036879122257
526336,clipfrac,0.087158203125
526336,explained_variance,-0.011416196823120117
526336,sps,568.0
526892,episodic_return,9329.657852111079
526892,episodic_length,1000.0
527786,episodic_return,8319.457787683734
527786,episodic_length,893.0
528384,value_loss,0.02224680595099926
528384,policy_loss,-0.0200139619410038
528384,approx_kl,0.007524430751800537
528384,clipfrac,0.097705078125
528384,explained_variance,0.1960148811340332
528384,sps,568.0
528410,episodic_return,5800.658074717747
528410,episodic_length,623.0
529217,episodic_return,7507.145878718977
529217,episodic_length,806.0
530218,episodic_return,9327.927241561074
530218,episodic_length,1000.0
530432,value_loss,0.08556422591209412
530432,policy_loss,-0.019995730370283127
530432,approx_kl,0.005789413116872311
530432,clipfrac,0.063330078125
530432,explained_variance,0.35330289602279663
530432,sps,568.0
531197,episodic_return,9110.656774154973
531197,episodic_length,978.0
532198,episodic_return,9327.431220045719
532198,episodic_length,1000.0
532480,value_loss,0.009669948369264603
532480,policy_loss,-0.014551788568496704
532480,approx_kl,0.008813617751002312
532480,clipfrac,0.087890625
532480,explained_variance,0.4154263734817505
532480,sps,568.0
533199,episodic_return,9326.512739215903
533199,episodic_length,1000.0
533262,episodic_return,565.705005264963
533262,episodic_length,62.0
533418,episodic_return,1432.6396698024976
533418,episodic_length,155.0
533567,episodic_return,1366.5883968002036
533567,episodic_length,148.0
533598,episodic_return,267.7887764411252
533598,episodic_length,30.0
534309,episodic_return,6608.620840690696
534309,episodic_length,710.0
534409,episodic_return,910.5829521651874
534409,episodic_length,99.0
534528,value_loss,0.06542687118053436
534528,policy_loss,-0.01524314284324646
534528,approx_kl,0.008045387454330921
534528,clipfrac,0.086572265625
534528,explained_variance,0.5446769297122955
534528,sps,568.0
534707,episodic_return,2756.846803038206
534707,episodic_length,297.0
535029,episodic_return,2982.3585399594913
535029,episodic_length,321.0
535489,episodic_return,4269.046520131702
535489,episodic_length,459.0
536490,episodic_return,9327.82954853131
536490,episodic_length,1000.0
536576,value_loss,0.024798687547445297
536576,policy_loss,-0.008956760168075562
536576,approx_kl,0.00473401416093111
536576,clipfrac,0.06279296875
536576,explained_variance,0.5657114088535309
536576,sps,568.0
537104,episodic_return,5703.075415983787
537104,episodic_length,613.0
538105,episodic_return,9327.461801237157
538105,episodic_length,1000.0
538624,value_loss,0.007170301862061024
538624,policy_loss,-0.013732731342315674
538624,approx_kl,0.003956785425543785
538624,clipfrac,0.065234375
538624,explained_variance,0.4624776244163513
538624,sps,568.0
539106,episodic_return,9323.605065883807
539106,episodic_length,1000.0
539398,episodic_return,2699.4152458094845
539398,episodic_length,291.0
540399,episodic_return,9326.009422946165
540399,episodic_length,1000.0
540672,value_loss,0.013018538244068623
540672,policy_loss,-0.0045691728591918945
540672,approx_kl,0.006369728595018387
540672,clipfrac,0.06494140625
540672,explained_variance,0.5441654324531555
540672,sps,568.0
541400,episodic_return,9326.46906444354
541400,episodic_length,1000.0
541664,episodic_return,2439.9011702131907
541664,episodic_length,263.0
541777,episodic_return,1032.2183069600078
541777,episodic_length,112.0
542720,value_loss,0.02397393248975277
542720,policy_loss,-0.013873472809791565
542720,approx_kl,0.009311385452747345
542720,clipfrac,0.0822265625
542720,explained_variance,0.4910053610801697
542720,sps,568.0
542778,episodic_return,9328.97587987983
542778,episodic_length,1000.0
543214,episodic_return,4040.9818266148336
543214,episodic_length,435.0
543734,episodic_return,4827.865412463413
543734,episodic_length,519.0
544735,episodic_return,9325.336934530407
544735,episodic_length,1000.0
544768,value_loss,0.0987478569149971
544768,policy_loss,-0.0047663673758506775
544768,approx_kl,0.003213544376194477
544768,clipfrac,0.05849609375
544768,explained_variance,0.3372010588645935
544768,sps,568.0
545736,episodic_return,9326.851905270381
545736,episodic_length,1000.0
545831,episodic_return,863.672493606738
545831,episodic_length,94.0
546611,episodic_return,7252.286948123536
546611,episodic_length,779.0
546736,episodic_return,1144.4123525250989
546736,episodic_length,124.0
546816,value_loss,0.006874428130686283
546816,policy_loss,0.010862082242965698
546816,approx_kl,0.003041655756533146
546816,clipfrac,0.06806640625
546816,explained_variance,0.631590873003006
546816,sps,568.0
547112,episodic_return,3484.6293226892158
547112,episodic_length,375.0
547321,episodic_return,1926.562669765772
547321,episodic_length,208.0
548322,episodic_return,9323.0486976444
548322,episodic_length,1000.0
548481,episodic_return,1460.9943729508789
548481,episodic_length,158.0
548864,value_loss,0.05706969276070595
548864,policy_loss,-0.0007802359759807587
548864,approx_kl,0.008282307535409927
548864,clipfrac,0.115478515625
548864,explained_variance,0.5728645920753479
548864,sps,568.0
549332,episodic_return,7913.026658051539
549332,episodic_length,850.0
550333,episodic_return,9326.307877712363
550333,episodic_length,1000.0
550912,value_loss,0.06854569911956787
550912,policy_loss,0.0006614811718463898
550912,approx_kl,0.008274807594716549
550912,clipfrac,0.0666015625
550912,explained_variance,0.2298620343208313
550912,sps,568.0
551334,episodic_return,9326.920997425963
551334,episodic_length,1000.0
551687,episodic_return,3271.1395639637385
551687,episodic_length,352.0
552105,episodic_return,3875.58227155776
552105,episodic_length,417.0
552518,episodic_return,3827.777223924098
552518,episodic_length,412.0
552960,value_loss,0.00917752180248499
552960,policy_loss,-0.012428000569343567
552960,approx_kl,0.0021751979365944862
552960,clipfrac,0.07666015625
552960,explained_variance,0.41976863145828247
552960,sps,568.0
553058,episodic_return,5014.879071882983
553058,episodic_length,539.0
554059,episodic_return,9324.589678223718
554059,episodic_length,1000.0
555008,value_loss,0.05531049519777298
555008,policy_loss,-0.002324160188436508
555008,approx_kl,0.012347488664090633
555008,clipfrac,0.083447265625
555008,explained_variance,0.16375839710235596
555008,sps,568.0
555060,episodic_return,9324.726615599586
555060,episodic_length,1000.0
556061,episodic_return,9327.42223058509
556061,episodic_length,1000.0
556109,episodic_return,425.7023015477337
556109,episodic_length,47.0
556615,episodic_return,4697.964664802525
556615,episodic_length,505.0
556835,episodic_return,2030.591212749173
556835,episodic_length,219.0
557056,value_loss,0.065852090716362
557056,policy_loss,0.004759341478347778
557056,approx_kl,0.022692963480949402
557056,clipfrac,0.096923828125
557056,explained_variance,0.3399192690849304
557056,sps,568.0
557836,episodic_return,9326.559604198797
557836,episodic_length,1000.0
558155,episodic_return,2954.556357481229
558155,episodic_length,318.0
559104,value_loss,0.027242623269557953
559104,policy_loss,0.009695973247289658
559104,approx_kl,0.004796238616108894
559104,clipfrac,0.066064453125
559104,explained_variance,0.18830007314682007
559104,sps,568.0
559156,episodic_return,9325.14361959805
559156,episodic_length,1000.0
559878,episodic_return,6707.47321931772
559878,episodic_length,721.0
560879,episodic_return,9325.088010365584
560879,episodic_length,1000.0
561152,value_loss,0.031161926686763763
561152,policy_loss,-0.011076690629124641
561152,approx_kl,0.008796392939984798
561152,clipfrac,0.086767578125
561152,explained_variance,0.18460464477539062
561152,sps,568.0
561880,episodic_return,9319.953707861401
561880,episodic_length,1000.0
562881,episodic_return,9325.887223799225
562881,episodic_length,1000.0
563200,value_loss,0.01320414338260889
563200,policy_loss,0.002393379807472229
563200,approx_kl,0.003889738582074642
563200,clipfrac,0.058984375
563200,explained_variance,-0.08388388156890869
563200,sps,568.0
563882,episodic_return,9324.616105813602
563882,episodic_length,1000.0
564103,episodic_return,2039.4227355568755
564103,episodic_length,220.0
565104,episodic_return,9324.054705846293
565104,episodic_length,1000.0
565248,value_loss,0.002325077075511217
565248,policy_loss,-0.006137244403362274
565248,approx_kl,0.005094113759696484
565248,clipfrac,0.08369140625
565248,explained_variance,0.32213038206100464
565248,sps,568.0
566105,episodic_return,9324.305860009823
566105,episodic_length,1000.0
566800,episodic_return,6458.6000616616275
566800,episodic_length,694.0
567296,value_loss,0.009377319365739822
567296,policy_loss,-0.011692820116877556
567296,approx_kl,0.009647924453020096
567296,clipfrac,0.108837890625
567296,explained_variance,0.22457772493362427
567296,sps,568.0
567801,episodic_return,9322.708571163404
567801,episodic_length,1000.0
568421,episodic_return,5759.942766910159
568421,episodic_length,619.0
569344,value_loss,0.03313954919576645
569344,policy_loss,-0.009048376232385635
569344,approx_kl,0.005802033469080925
569344,clipfrac,0.0646484375
569344,explained_variance,0.25138139724731445
569344,sps,569.0
569422,episodic_return,9320.699285234079
569422,episodic_length,1000.0
569954,episodic_return,4936.121830192068
569954,episodic_length,531.0
569984,episodic_return,257.7215233269035
569984,episodic_length,29.0
570985,episodic_return,9323.700960044354
570985,episodic_length,1000.0
571392,value_loss,0.04819599539041519
571392,policy_loss,0.012436747550964355
571392,approx_kl,0.008609444834291935
571392,clipfrac,0.05439453125
571392,explained_variance,0.3166659474372864
571392,sps,569.0
571474,episodic_return,4535.86218426485
571474,episodic_length,488.0
572446,episodic_return,9037.924595306762
572446,episodic_length,971.0
573440,value_loss,0.0015922433231025934
573440,policy_loss,0.04611070826649666
573440,approx_kl,0.013017483055591583
573440,clipfrac,0.09365234375
573440,explained_variance,0.6415843665599823
573440,sps,569.0
573447,episodic_return,9322.853224397822
573447,episodic_length,1000.0
573897,episodic_return,4171.406270406369
573897,episodic_length,449.0
574203,episodic_return,2830.069795896068
574203,episodic_length,305.0
574346,episodic_return,1310.9487353597062
574346,episodic_length,142.0
574464,episodic_return,1077.838075369907
574464,episodic_length,117.0
575098,episodic_return,5888.572304633207
575098,episodic_length,633.0
575488,value_loss,0.02144145965576172
575488,policy_loss,-0.013001050800085068
575488,approx_kl,0.007277727127075195
575488,clipfrac,0.06240234375
575488,explained_variance,0.5350317060947418
575488,sps,568.0
575969,episodic_return,8094.751412261944
575969,episodic_length,870.0
576412,episodic_return,4108.462003226182
576412,episodic_length,442.0
577413,episodic_return,9317.221288500547
577413,episodic_length,1000.0
577536,value_loss,0.013670684769749641
577536,policy_loss,0.006707452237606049
577536,approx_kl,0.024572517722845078
577536,clipfrac,0.09453125
577536,explained_variance,0.5404356122016907
577536,sps,569.0
578414,episodic_return,9321.094674420987
578414,episodic_length,1000.0
578926,episodic_return,4750.683078673157
578926,episodic_length,511.0
579396,episodic_return,4358.199200717143
579396,episodic_length,469.0
579584,value_loss,0.027554921805858612
579584,policy_loss,-0.018351338803768158
579584,approx_kl,0.00635233148932457
579584,clipfrac,0.053369140625
579584,explained_variance,0.36315375566482544
579584,sps,569.0
579626,episodic_return,2121.5587766733875
579626,episodic_length,229.0
580080,episodic_return,4210.543521845503
580080,episodic_length,453.0
581081,episodic_return,9319.503996671418
581081,episodic_length,1000.0
581540,episodic_return,4256.346951933412
581540,episodic_length,458.0
581632,value_loss,0.08834218978881836
581632,policy_loss,0.004076138138771057
581632,approx_kl,0.008070321753621101
581632,clipfrac,0.0876953125
581632,explained_variance,0.47675400972366333
581632,sps,569.0
581870,episodic_return,3054.0775559583067
581870,episodic_length,329.0
582655,episodic_return,7297.023943501937
582655,episodic_length,784.0
583656,episodic_return,9322.626752348171
583656,episodic_length,1000.0
583680,value_loss,0.027928687632083893
583680,policy_loss,-0.021544193848967552
583680,approx_kl,0.006753122434020042
583680,clipfrac,0.09453125
583680,explained_variance,0.4338746666908264
583680,sps,569.0
583757,episodic_return,919.9195662005623
583757,episodic_length,100.0
583900,episodic_return,1308.3262166604795
583900,episodic_length,142.0
584492,episodic_return,5496.922397691653
584492,episodic_length,591.0
584522,episodic_return,257.23738959099404
584522,episodic_length,29.0
585523,episodic_return,9324.024700654094
585523,episodic_length,1000.0
585728,value_loss,0.09227635711431503
585728,policy_loss,0.005883060395717621
585728,approx_kl,0.005695106461644173
585728,clipfrac,0.06220703125
585728,explained_variance,0.4901224374771118
585728,sps,569.0
586524,episodic_return,9319.79697972437
586524,episodic_length,1000.0
586649,episodic_return,1144.3947279059207
586649,episodic_length,124.0
587650,episodic_return,9321.811601467802
587650,episodic_length,1000.0
587776,value_loss,0.04086301103234291
587776,policy_loss,-0.0009572878479957581
587776,approx_kl,0.0067391665652394295
587776,clipfrac,0.082763671875
587776,explained_variance,0.2071262001991272
587776,sps,569.0
587812,episodic_return,1487.6013693587215
587812,episodic_length,161.0
588161,episodic_return,3230.7911664145527
588161,episodic_length,348.0
589162,episodic_return,9322.069231900512
589162,episodic_length,1000.0
589686,episodic_return,4864.6731218227005
589686,episodic_length,523.0
589824,value_loss,0.026289984583854675
589824,policy_loss,-0.02936500310897827
589824,approx_kl,0.023004673421382904
589824,clipfrac,0.128271484375
589824,explained_variance,0.5773826539516449
589824,sps,569.0
590608,episodic_return,8573.613021485042
590608,episodic_length,921.0
590879,episodic_return,2503.024612362017
590879,episodic_length,270.0
591611,episodic_return,6803.0960477654035
591611,episodic_length,731.0
591872,value_loss,0.009903887286782265
591872,policy_loss,-0.006703728809952736
591872,approx_kl,0.005039287731051445
591872,clipfrac,0.119873046875
591872,explained_variance,0.5941766798496246
591872,sps,569.0
591925,episodic_return,2905.96081637808
591925,episodic_length,313.0
592926,episodic_return,9324.234630522906
592926,episodic_length,1000.0
593029,episodic_return,939.4147751033389
593029,episodic_length,102.0
593589,episodic_return,5198.91635557505
593589,episodic_length,559.0
593842,episodic_return,2335.1209346007086
593842,episodic_length,252.0
593920,value_loss,0.038107261061668396
593920,policy_loss,-0.014377914369106293
593920,approx_kl,0.004936089739203453
593920,clipfrac,0.07158203125
593920,explained_variance,0.4848875403404236
593920,sps,569.0
594079,episodic_return,2188.417090715747
594079,episodic_length,236.0
594704,episodic_return,5804.3909125393375
594704,episodic_length,624.0
595705,episodic_return,9321.8397141776
595705,episodic_length,1000.0
595968,value_loss,0.007986126467585564
595968,policy_loss,-0.03331950306892395
595968,approx_kl,0.010507210157811642
595968,clipfrac,0.0900390625
595968,explained_variance,0.5318876206874847
595968,sps,569.0
596706,episodic_return,9322.863844079606
596706,episodic_length,1000.0
597055,episodic_return,3231.982489669406
597055,episodic_length,348.0
597093,episodic_return,331.33611811499094
597093,episodic_length,37.0
597492,episodic_return,3696.5530217161595
597492,episodic_length,398.0
598016,value_loss,0.025766417384147644
598016,policy_loss,-0.0263763889670372
598016,approx_kl,0.0063460152596235275
598016,clipfrac,0.0767578125
598016,explained_variance,0.6371731758117676
598016,sps,568.0
598493,episodic_return,9323.097094418239
598493,episodic_length,1000.0
598928,episodic_return,4034.184503294323
598928,episodic_length,434.0
599929,episodic_return,9326.675484434472
599929,episodic_length,1000.0
600064,value_loss,0.021424852311611176
600064,policy_loss,-0.01835029385983944
600064,approx_kl,0.019126448780298233
600064,clipfrac,0.078369140625
600064,explained_variance,0.19266360998153687
600064,sps,568.0
600930,episodic_return,9322.095756921617
600930,episodic_length,1000.0
601931,episodic_return,9322.844575013974
601931,episodic_length,1000.0
602112,value_loss,0.011973077431321144
602112,policy_loss,-0.027566324919462204
602112,approx_kl,0.010214842855930328
602112,clipfrac,0.080078125
602112,explained_variance,-0.023763418197631836
602112,sps,568.0
602685,episodic_return,7007.386061168066
602685,episodic_length,753.0
603686,episodic_return,9322.868541133443
603686,episodic_length,1000.0
603966,episodic_return,2590.1327620718516
603966,episodic_length,279.0
604160,value_loss,0.029121490195393562
604160,policy_loss,-0.003971820697188377
604160,approx_kl,0.00639676209539175
604160,clipfrac,0.06845703125
604160,explained_variance,0.47842103242874146
604160,sps,568.0
604319,episodic_return,3270.620361633577
604319,episodic_length,352.0
605320,episodic_return,9322.595518637521
605320,episodic_length,1000.0
605619,episodic_return,2766.5757533099804
605619,episodic_length,298.0
606208,value_loss,0.02030205726623535
606208,policy_loss,-0.001511499285697937
606208,approx_kl,0.00801977701485157
606208,clipfrac,0.065478515625
606208,explained_variance,0.4798474907875061
606208,sps,568.0
606584,episodic_return,8976.006410591108
606584,episodic_length,964.0
606904,episodic_return,2961.7285231785154
606904,episodic_length,319.0
606987,episodic_return,751.4214131615726
606987,episodic_length,82.0
607106,episodic_return,1087.7583100278148
607106,episodic_length,118.0
607123,episodic_return,136.7119436245493
607123,episodic_length,16.0
607996,episodic_return,8118.483826431405
607996,episodic_length,872.0
608256,value_loss,0.06373173743486404
608256,policy_loss,-0.014135999605059624
608256,approx_kl,0.007523778825998306
608256,clipfrac,0.08203125
608256,explained_variance,0.6388182640075684
608256,sps,569.0
608275,episodic_return,2577.9924863989013
608275,episodic_length,278.0
608400,episodic_return,1143.6384840998592
608400,episodic_length,124.0
609151,episodic_return,6980.558308250126
609151,episodic_length,750.0
609177,episodic_return,221.50313373172384
609177,episodic_length,25.0
610178,episodic_return,9325.569723281735
610178,episodic_length,1000.0
610304,value_loss,0.042224619537591934
610304,policy_loss,-0.01487022265791893
610304,approx_kl,0.0035898350179195404
610304,clipfrac,0.0681640625
610304,explained_variance,0.4106706380844116
610304,sps,569.0
610720,episodic_return,5026.154563908125
610720,episodic_length,541.0
611721,episodic_return,9325.871886007364
611721,episodic_length,1000.0
612315,episodic_return,5518.452364628829
612315,episodic_length,593.0
612352,value_loss,0.010864313691854477
612352,policy_loss,0.003626246005296707
612352,approx_kl,0.004803386516869068
612352,clipfrac,0.0884765625
612352,explained_variance,0.39889341592788696
612352,sps,569.0
613316,episodic_return,9326.39490135173
613316,episodic_length,1000.0
614317,episodic_return,9321.796501290502
614317,episodic_length,1000.0
614400,value_loss,0.04814324900507927
614400,policy_loss,0.016028691083192825
614400,approx_kl,0.010155494324862957
614400,clipfrac,0.083642578125
614400,explained_variance,-0.11590325832366943
614400,sps,569.0
615022,episodic_return,6552.196640299456
615022,episodic_length,704.0
616023,episodic_return,9326.52003034753
616023,episodic_length,1000.0
616448,value_loss,0.02829517051577568
616448,policy_loss,-0.01487048715353012
616448,approx_kl,0.013335339725017548
616448,clipfrac,0.091064453125
616448,explained_variance,0.4614609479904175
616448,sps,569.0
617024,episodic_return,9322.85251998524
617024,episodic_length,1000.0
617265,episodic_return,2226.252810460608
617265,episodic_length,240.0
617299,episodic_return,294.6207332862584
617299,episodic_length,33.0
618300,episodic_return,9326.016695791655
618300,episodic_length,1000.0
618496,value_loss,0.10698570311069489
618496,policy_loss,-0.029630735516548157
618496,approx_kl,0.005311531014740467
618496,clipfrac,0.0830078125
618496,explained_variance,0.29861927032470703
618496,sps,569.0
618979,episodic_return,6311.118013003547
618979,episodic_length,678.0
619980,episodic_return,9329.3067473709
619980,episodic_length,1000.0
620544,value_loss,0.01541849784553051
620544,policy_loss,-0.002451598644256592
620544,approx_kl,0.00886632688343525
620544,clipfrac,0.075244140625
620544,explained_variance,0.4119473099708557
620544,sps,569.0
620627,episodic_return,6012.442294640737
620627,episodic_length,646.0
620660,episodic_return,284.51485984137133
620660,episodic_length,32.0
621661,episodic_return,9324.78098216613
621661,episodic_length,1000.0
621719,episodic_return,515.6615075608652
621719,episodic_length,57.0
622592,value_loss,0.04411454498767853
622592,policy_loss,-0.03303974121809006
622592,approx_kl,0.016123056411743164
622592,clipfrac,0.099560546875
622592,explained_variance,0.559779703617096
622592,sps,568.0
622720,episodic_return,9325.893108675551
622720,episodic_length,1000.0
623545,episodic_return,7672.1137209153885
623545,episodic_length,824.0
624089,episodic_return,5051.806531309124
624089,episodic_length,543.0
624640,value_loss,0.04813077300786972
624640,policy_loss,0.046234432607889175
624640,approx_kl,0.0041328053921461105
624640,clipfrac,0.081689453125
624640,explained_variance,0.49221134185791016
624640,sps,568.0
625090,episodic_return,9323.002057971906
625090,episodic_length,1000.0
626091,episodic_return,9325.65054613808
626091,episodic_length,1000.0
626688,value_loss,0.09298771619796753
626688,policy_loss,-0.011914752423763275
626688,approx_kl,0.006373193114995956
626688,clipfrac,0.113623046875
626688,explained_variance,-0.11235630512237549
626688,sps,568.0
627092,episodic_return,9323.50603399544
627092,episodic_length,1000.0
627528,episodic_return,4043.7401732707826
627528,episodic_length,435.0
628529,episodic_return,9323.414572169664
628529,episodic_length,1000.0
628736,value_loss,0.017011545598506927
628736,policy_loss,0.012117139995098114
628736,approx_kl,0.0028984341770410538
628736,clipfrac,0.06396484375
628736,explained_variance,0.2614189386367798
628736,sps,568.0
628948,episodic_return,3885.012154822646
628948,episodic_length,418.0
629949,episodic_return,9323.31449412063
629949,episodic_length,1000.0
630453,episodic_return,4673.7146082761665
630453,episodic_length,503.0
630784,value_loss,0.037094052881002426
630784,policy_loss,0.003926634788513184
630784,approx_kl,0.0024321824312210083
630784,clipfrac,0.068212890625
630784,explained_variance,0.47400885820388794
630784,sps,568.0
631454,episodic_return,9324.119827861416
631454,episodic_length,1000.0
631936,episodic_return,4473.200681574602
631936,episodic_length,481.0
632261,episodic_return,3006.1046688066604
632261,episodic_length,324.0
632751,episodic_return,4548.657996991421
632751,episodic_length,489.0
632832,value_loss,0.052889544516801834
632832,policy_loss,-0.0004035867750644684
632832,approx_kl,0.006950360722839832
632832,clipfrac,0.0462890625
632832,explained_variance,0.29162687063217163
632832,sps,569.0
633367,episodic_return,5721.110235719206
633367,episodic_length,615.0
633928,episodic_return,5208.521429549343
633928,episodic_length,560.0
634606,episodic_return,6298.846840156043
634606,episodic_length,677.0
634880,value_loss,0.02389656938612461
634880,policy_loss,-0.038976699113845825
634880,approx_kl,0.00451586302369833
634880,clipfrac,0.053564453125
634880,explained_variance,0.712966799736023
634880,sps,568.0
634928,episodic_return,2979.3887114283184
634928,episodic_length,321.0
635279,episodic_return,3247.323817078576
635279,episodic_length,350.0
636280,episodic_return,9321.55216891078
636280,episodic_length,1000.0
636928,value_loss,0.05143391340970993
636928,policy_loss,0.013979658484458923
636928,approx_kl,0.003803129307925701
636928,clipfrac,0.046240234375
636928,explained_variance,0.5338322818279266
636928,sps,568.0
637281,episodic_return,9318.663335294277
637281,episodic_length,1000.0
637382,episodic_return,919.92711759258
637382,episodic_length,100.0
637839,episodic_return,4237.823998249406
637839,episodic_length,456.0
638335,episodic_return,4599.516027050853
638335,episodic_length,495.0
638976,value_loss,0.01884176954627037
638976,policy_loss,0.007349982857704163
638976,approx_kl,0.009136647917330265
638976,clipfrac,0.085009765625
638976,explained_variance,0.5621882081031799
638976,sps,568.0
639336,episodic_return,9323.733979718672
639336,episodic_length,1000.0
639970,episodic_return,5889.6243245034075
639970,episodic_length,633.0
640971,episodic_return,9321.995204149234
640971,episodic_length,1000.0
641024,value_loss,0.038908638060092926
641024,policy_loss,0.004351168870925903
641024,approx_kl,0.012245436199009418
641024,clipfrac,0.118505859375
641024,explained_variance,0.1755346655845642
641024,sps,568.0
641972,episodic_return,9320.312327576612
641972,episodic_length,1000.0
642973,episodic_return,9323.760982286081
642973,episodic_length,1000.0
643072,value_loss,0.006509887054562569
643072,policy_loss,0.01752077043056488
643072,approx_kl,0.01263452973216772
643072,clipfrac,0.06591796875
643072,explained_variance,-0.09447455406188965
643072,sps,569.0
643583,episodic_return,5664.236558045394
643583,episodic_length,609.0
644584,episodic_return,9317.477976015716
644584,episodic_length,1000.0
645120,value_loss,0.03034205734729767
645120,policy_loss,-0.011391766369342804
645120,approx_kl,0.001963377930223942
645120,clipfrac,0.059521484375
645120,explained_variance,0.21495312452316284
645120,sps,568.0
645153,episodic_return,5284.172260127134
645153,episodic_length,568.0
645445,episodic_return,2697.5320223865824
645445,episodic_length,291.0
646446,episodic_return,9323.256899296039
646446,episodic_length,1000.0
647168,value_loss,0.02402391843497753
647168,policy_loss,-0.01643909513950348
647168,approx_kl,0.008187154307961464
647168,clipfrac,0.0716796875
647168,explained_variance,0.5487071871757507
647168,sps,568.0
647447,episodic_return,9324.040593686224
647447,episodic_length,1000.0
648054,episodic_return,5635.663597983529
648054,episodic_length,606.0
648888,episodic_return,7751.645651442088
648888,episodic_length,833.0
649216,value_loss,0.04800029471516609
649216,policy_loss,-0.01636067032814026
649216,approx_kl,0.0033743809908628464
649216,clipfrac,0.03623046875
649216,explained_variance,0.3792274594306946
649216,sps,568.0
649359,episodic_return,4367.919963987919
649359,episodic_length,470.0
649629,episodic_return,2494.6676078576565
649629,episodic_length,269.0
649947,episodic_return,2941.0935446635744
649947,episodic_length,317.0
650095,episodic_return,1358.5785332276246
650095,episodic_length,147.0
650259,episodic_return,1508.002274431557
650259,episodic_length,163.0
651260,episodic_return,9321.655886771427
651260,episodic_length,1000.0
651264,value_loss,0.07162900269031525
651264,policy_loss,-0.012760620564222336
651264,approx_kl,0.00448310561478138
651264,clipfrac,0.05185546875
651264,explained_variance,0.4795048236846924
651264,sps,568.0
652216,episodic_return,8890.171981970741
652216,episodic_length,955.0
653217,episodic_return,9319.90453413978
653217,episodic_length,1000.0
653312,value_loss,0.0034494521096348763
653312,policy_loss,0.025937438011169434
653312,approx_kl,0.008951898664236069
653312,clipfrac,0.081787109375
653312,explained_variance,0.4073634147644043
653312,sps,568.0
653526,episodic_return,2859.8360624583797
653526,episodic_length,308.0
653605,episodic_return,714.5744472099374
653605,episodic_length,78.0
654538,episodic_return,8668.414675404352
654538,episodic_length,932.0
655360,value_loss,0.06353377550840378
655360,policy_loss,-0.0012233182787895203
655360,approx_kl,0.005011655390262604
655360,clipfrac,0.05634765625
655360,explained_variance,0.31659001111984253
655360,sps,568.0
655539,episodic_return,9323.263104393172
655539,episodic_length,1000.0
655706,episodic_return,1534.0040332068822
655706,episodic_length,166.0
656707,episodic_return,9321.941068653472
656707,episodic_length,1000.0
656859,episodic_return,1395.1031647777543
656859,episodic_length,151.0
657408,value_loss,0.08630440384149551
657408,policy_loss,0.009891487658023834
657408,approx_kl,0.0031842514872550964
657408,clipfrac,0.049755859375
657408,explained_variance,0.5330455899238586
657408,sps,568.0
657860,episodic_return,9321.14222111757
657860,episodic_length,1000.0
658711,episodic_return,7908.019312198792
658711,episodic_length,850.0
658984,episodic_return,2521.8010010060766
658984,episodic_length,272.0
659456,value_loss,0.05999051034450531
659456,policy_loss,-0.015904422849416733
659456,approx_kl,0.0027791261672973633
659456,clipfrac,0.06884765625
659456,explained_variance,0.40584033727645874
659456,sps,568.0
659985,episodic_return,9321.035059239139
659985,episodic_length,1000.0
660986,episodic_return,9321.62127661202
660986,episodic_length,1000.0
661100,episodic_return,1041.5729027588116
661100,episodic_length,113.0
661504,value_loss,0.029618268832564354
661504,policy_loss,-0.025808528065681458
661504,approx_kl,0.012668494135141373
661504,clipfrac,0.087890625
661504,explained_variance,0.12794160842895508
661504,sps,568.0
661792,episodic_return,6428.828038499924
661792,episodic_length,691.0
662243,episodic_return,4181.74117672891
662243,episodic_length,450.0
662344,episodic_return,920.2325279843991
662344,episodic_length,100.0
662380,episodic_return,314.5984562580572
662380,episodic_length,35.0
663291,episodic_return,8471.374695626962
663291,episodic_length,910.0
663552,value_loss,0.011107486672699451
663552,policy_loss,-0.031764257699251175
663552,approx_kl,0.006005114875733852
663552,clipfrac,0.083740234375
663552,explained_variance,0.655621200799942
663552,sps,568.0
663917,episodic_return,5816.3968926908965
663917,episodic_length,625.0
663978,episodic_return,546.8397362079451
663978,episodic_length,60.0
664762,episodic_return,7287.059727876838
664762,episodic_length,783.0
665207,episodic_return,4125.877308222102
665207,episodic_length,444.0
665413,episodic_return,1898.8288587163602
665413,episodic_length,205.0
665600,value_loss,0.03149771690368652
665600,policy_loss,-0.01543249562382698
665600,approx_kl,0.004716770723462105
665600,clipfrac,0.0470703125
665600,explained_variance,0.5730212330818176
665600,sps,568.0
666414,episodic_return,9325.491681366237
666414,episodic_length,1000.0
667195,episodic_return,7260.905297391918
667195,episodic_length,780.0
667648,value_loss,0.0027338252402842045
667648,policy_loss,-0.00319875031709671
667648,approx_kl,0.012162977829575539
667648,clipfrac,0.077490234375
667648,explained_variance,0.4355930685997009
667648,sps,568.0
668031,episodic_return,7775.106565266003
668031,episodic_length,835.0
668829,episodic_return,7418.581738821886
668829,episodic_length,797.0
669149,episodic_return,2960.673904838745
669149,episodic_length,319.0
669696,value_loss,0.04248964786529541
669696,policy_loss,0.004918180406093597
669696,approx_kl,0.010462911799550056
669696,clipfrac,0.076611328125
669696,explained_variance,0.49915212392807007
669696,sps,568.0
669815,episodic_return,6188.682323891208
669815,episodic_length,665.0
670083,episodic_return,2478.775540816968
670083,episodic_length,267.0
671084,episodic_return,9326.326091798715
671084,episodic_length,1000.0
671136,episodic_return,463.6987823914731
671136,episodic_length,51.0
671744,value_loss,0.048996929079294205
671744,policy_loss,-0.0017331913113594055
671744,approx_kl,0.004474204033613205
671744,clipfrac,0.034423828125
671744,explained_variance,0.35058772563934326
671744,sps,569.0
672137,episodic_return,9323.44671773447
672137,episodic_length,1000.0
672722,episodic_return,5432.666528732518
672722,episodic_length,584.0
673723,episodic_return,9326.512097847246
673723,episodic_length,1000.0
673792,value_loss,0.05037075653672218
673792,policy_loss,0.0016528218984603882
673792,approx_kl,0.005668021738529205
673792,clipfrac,0.05009765625
673792,explained_variance,0.08319085836410522
673792,sps,569.0
674724,episodic_return,9327.530169692993
674724,episodic_length,1000.0
675058,episodic_return,3093.4349326480556
675058,episodic_length,333.0
675840,value_loss,0.11206981539726257
675840,policy_loss,0.034529827535152435
675840,approx_kl,0.009008320048451424
675840,clipfrac,0.081689453125
675840,explained_variance,0.2832288146018982
675840,sps,569.0
676059,episodic_return,9322.153962282735
676059,episodic_length,1000.0
677060,episodic_return,9322.08128918661
677060,episodic_length,1000.0
677888,value_loss,0.1136786937713623
677888,policy_loss,-0.023631103336811066
677888,approx_kl,0.0068373363465070724
677888,clipfrac,0.075537109375
677888,explained_variance,-0.22659313678741455
677888,sps,569.0
678061,episodic_return,9323.652212625017
678061,episodic_length,1000.0
679062,episodic_return,9329.610236682853
679062,episodic_length,1000.0
679936,value_loss,0.008737134747207165
679936,policy_loss,-0.00024308264255523682
679936,approx_kl,0.007935271598398685
679936,clipfrac,0.064208984375
679936,explained_variance,0.005979776382446289
679936,sps,568.0
680063,episodic_return,9328.922912314847
680063,episodic_length,1000.0
681064,episodic_return,9328.060419556692
681064,episodic_length,1000.0
681984,value_loss,0.006053321063518524
681984,policy_loss,0.008573699742555618
681984,approx_kl,0.0036683399230241776
681984,clipfrac,0.07626953125
681984,explained_variance,-0.03153634071350098
681984,sps,569.0
682065,episodic_return,9328.687544735427
682065,episodic_length,1000.0
683066,episodic_return,9326.387296758805
683066,episodic_length,1000.0
683242,episodic_return,1619.0745255520646
683242,episodic_length,175.0
684032,value_loss,0.015430707484483719
684032,policy_loss,-0.014186356216669083
684032,approx_kl,0.012631827965378761
684032,clipfrac,0.0935546875
684032,explained_variance,0.18636173009872437
684032,sps,569.0
684243,episodic_return,9325.654691994387
684243,episodic_length,1000.0
684457,episodic_return,1974.7746358516818
684457,episodic_length,213.0
684947,episodic_return,4552.326136229141
684947,episodic_length,489.0
685948,episodic_return,9324.781240672826
685948,episodic_length,1000.0
686080,value_loss,0.09302009642124176
686080,policy_loss,-0.009938068687915802
686080,approx_kl,0.0061264121904969215
686080,clipfrac,0.06162109375
686080,explained_variance,0.3746466636657715
686080,sps,569.0
686949,episodic_return,9324.870358587876
686949,episodic_length,1000.0
687950,episodic_return,9329.440795386698
687950,episodic_length,1000.0
688128,value_loss,0.004175171721726656
688128,policy_loss,0.0257742777466774
688128,approx_kl,0.009915334172546864
688128,clipfrac,0.090087890625
688128,explained_variance,-0.12734079360961914
688128,sps,569.0
688951,episodic_return,9324.982753782328
688951,episodic_length,1000.0
689071,episodic_return,1096.8236716070833
689071,episodic_length,119.0
689108,episodic_return,322.33103452515985
689108,episodic_length,36.0
689883,episodic_return,7206.136799924577
689883,episodic_length,774.0
690176,value_loss,0.0464976467192173
690176,policy_loss,-0.0127519890666008
690176,approx_kl,0.004071068949997425
690176,clipfrac,0.082373046875
690176,explained_variance,0.47510606050491333
690176,sps,569.0
690584,episodic_return,6517.018243435789
690584,episodic_length,700.0
690712,episodic_return,1170.3167689076904
690712,episodic_length,127.0
690788,episodic_return,686.2534936859175
690788,episodic_length,75.0
690900,episodic_return,1023.6177506899011
690900,episodic_length,111.0
691701,episodic_return,7448.121135003955
691701,episodic_length,800.0
691910,episodic_return,1928.6529915794297
691910,episodic_length,208.0
692224,value_loss,0.14101961255073547
692224,policy_loss,0.006695732474327087
692224,approx_kl,0.0034110015258193016
692224,clipfrac,0.0595703125
692224,explained_variance,0.540612131357193
692224,sps,569.0
692512,episodic_return,5594.1606196189905
692512,episodic_length,601.0
693441,episodic_return,8644.476345401878
693441,episodic_length,928.0
693802,episodic_return,3345.791813275734
693802,episodic_length,360.0
693830,episodic_return,239.70068078502314
693830,episodic_length,27.0
693891,episodic_return,548.2405109535138
693891,episodic_length,60.0
694272,value_loss,0.04189850389957428
694272,policy_loss,-0.005323468707501888
694272,approx_kl,0.006987511180341244
694272,clipfrac,0.0599609375
694272,explained_variance,0.5563242435455322
694272,sps,569.0
694332,episodic_return,4090.1446829173383
694332,episodic_length,440.0
694501,episodic_return,1554.1933123670176
694501,episodic_length,168.0
695502,episodic_return,9324.994077040968
695502,episodic_length,1000.0
696320,value_loss,0.043346911668777466
696320,policy_loss,-0.04351162537932396
696320,approx_kl,0.008786537684500217
696320,clipfrac,0.087939453125
696320,explained_variance,0.6761032342910767
696320,sps,568.0
696495,episodic_return,9238.269752265713
696495,episodic_length,992.0
697496,episodic_return,9327.497283493083
697496,episodic_length,1000.0
698368,value_loss,0.014298711903393269
698368,policy_loss,-0.017322275787591934
698368,approx_kl,0.003488411195576191
698368,clipfrac,0.060888671875
698368,explained_variance,0.5105567574501038
698368,sps,568.0
698497,episodic_return,9326.103274545943
698497,episodic_length,1000.0
699339,episodic_return,7831.898927207637
699339,episodic_length,841.0
700340,episodic_return,9328.324414553455
700340,episodic_length,1000.0
700416,value_loss,0.026552285999059677
700416,policy_loss,0.0005339644849300385
700416,approx_kl,0.0037848995998501778
700416,clipfrac,0.082958984375
700416,explained_variance,0.21417993307113647
700416,sps,568.0
700763,episodic_return,3924.224006582301
700763,episodic_length,422.0
701764,episodic_return,9323.770574533948
701764,episodic_length,1000.0
702464,value_loss,0.01349533349275589
702464,policy_loss,0.010275579988956451
702464,approx_kl,0.0039946548640728
702464,clipfrac,0.0677734375
702464,explained_variance,0.3256659507751465
702464,sps,568.0
702765,episodic_return,9330.503301000228
702765,episodic_length,1000.0
703766,episodic_return,9329.419405945611
703766,episodic_length,1000.0
704340,episodic_return,5331.299463312181
704340,episodic_length,573.0
704512,value_loss,0.06927920877933502
704512,policy_loss,-0.021655097603797913
704512,approx_kl,0.018806148320436478
704512,clipfrac,0.12119140625
704512,explained_variance,0.23627477884292603
704512,sps,568.0
705341,episodic_return,9325.065431969464
705341,episodic_length,1000.0
705486,episodic_return,1329.3353137911374
705486,episodic_length,144.0
705876,episodic_return,3615.849507538733
705876,episodic_length,389.0
706560,value_loss,0.025592871010303497
706560,policy_loss,0.0006562545895576477
706560,approx_kl,0.0018507791683077812
706560,clipfrac,0.036865234375
706560,explained_variance,0.43211090564727783
706560,sps,569.0
706877,episodic_return,9326.760802552613
706877,episodic_length,1000.0
707315,episodic_return,4063.761580611725
707315,episodic_length,437.0
708316,episodic_return,9324.013134355193
708316,episodic_length,1000.0
708371,episodic_return,490.3092882511021
708371,episodic_length,54.0
708608,value_loss,0.07956115156412125
708608,policy_loss,0.018422678112983704
708608,approx_kl,0.0066553568467497826
708608,clipfrac,0.071240234375
708608,explained_variance,0.4055405259132385
708608,sps,569.0
708847,episodic_return,4415.338419134612
708847,episodic_length,475.0
708970,episodic_return,1122.602598040663
708970,episodic_length,122.0
709003,episodic_return,287.27768045820943
709003,episodic_length,32.0
709016,episodic_return,100.08253507082601
709016,episodic_length,12.0
709237,episodic_return,2041.0857075694719
709237,episodic_length,220.0
709343,episodic_return,965.4560922572244
709343,episodic_length,105.0
710185,episodic_return,7832.117793912985
710185,episodic_length,841.0
710656,value_loss,0.09933549165725708
710656,policy_loss,-0.0032907966524362564
710656,approx_kl,0.002235918305814266
710656,clipfrac,0.05615234375
710656,explained_variance,0.6174789667129517
710656,sps,569.0
710685,episodic_return,4642.241752848399
710685,episodic_length,499.0
710975,episodic_return,2683.0837055872994
710975,episodic_length,289.0
711246,episodic_return,2506.6981082956554
711246,episodic_length,270.0
711554,episodic_return,2848.7300941912663
711554,episodic_length,307.0
711819,episodic_return,2447.4245524664534
711819,episodic_length,264.0
712491,episodic_return,6243.417474053335
712491,episodic_length,671.0
712704,value_loss,0.048628371208906174
712704,policy_loss,0.00812460482120514
712704,approx_kl,0.004066344350576401
712704,clipfrac,0.08232421875
712704,explained_variance,0.7209330201148987
712704,sps,569.0
713492,episodic_return,9322.581030944084
713492,episodic_length,1000.0
714493,episodic_return,9326.837158927285
714493,episodic_length,1000.0
714752,value_loss,0.0358942449092865
714752,policy_loss,-0.016492372378706932
714752,approx_kl,0.004529628902673721
714752,clipfrac,0.07255859375
714752,explained_variance,0.03664755821228027
714752,sps,568.0
715494,episodic_return,9325.93083882891
715494,episodic_length,1000.0
716495,episodic_return,9324.47962938957
716495,episodic_length,1000.0
716800,value_loss,0.05869279056787491
716800,policy_loss,-0.0006175749003887177
716800,approx_kl,0.006744207814335823
716800,clipfrac,0.070361328125
716800,explained_variance,-0.0439225435256958
716800,sps,568.0
717094,episodic_return,5563.118112896112
717094,episodic_length,598.0
717460,episodic_return,3390.0420687362184
717460,episodic_length,365.0
718461,episodic_return,9326.526117586862
718461,episodic_length,1000.0
718848,value_loss,0.021161776036024094
718848,policy_loss,-0.006092194467782974
718848,approx_kl,0.007422829046845436
718848,clipfrac,0.07548828125
718848,explained_variance,0.4878043532371521
718848,sps,568.0
719208,episodic_return,6944.949905646847
719208,episodic_length,746.0
720209,episodic_return,9326.471132917955
720209,episodic_length,1000.0
720896,value_loss,0.009443001821637154
720896,policy_loss,-0.02380090206861496
720896,approx_kl,0.005352763459086418
720896,clipfrac,0.055419921875
720896,explained_variance,0.4485216736793518
720896,sps,568.0
721210,episodic_return,9327.69106158941
721210,episodic_length,1000.0
721435,episodic_return,2076.2840712282655
721435,episodic_length,224.0
721863,episodic_return,3971.663121385032
721863,episodic_length,427.0
721907,episodic_return,389.5849488015247
721907,episodic_length,43.0
722574,episodic_return,6197.528244096998
722574,episodic_length,666.0
722714,episodic_return,1281.035012495171
722714,episodic_length,139.0
722944,value_loss,0.0514591708779335
722944,policy_loss,0.01947188749909401
722944,approx_kl,0.006855711340904236
722944,clipfrac,0.058154296875
722944,explained_variance,0.5274743437767029
722944,sps,568.0
723668,episodic_return,8876.9677019103
723668,episodic_length,953.0
724415,episodic_return,6946.20522924566
724415,episodic_length,746.0
724992,value_loss,0.0509769544005394
724992,policy_loss,0.01124965213239193
724992,approx_kl,0.013370295986533165
724992,clipfrac,0.0865234375
724992,explained_variance,0.613739550113678
724992,sps,568.0
725416,episodic_return,9325.394262925443
725416,episodic_length,1000.0
726417,episodic_return,9326.886433201586
726417,episodic_length,1000.0
726714,episodic_return,2745.158397732073
726714,episodic_length,296.0
727040,value_loss,0.01078557875007391
727040,policy_loss,-0.00763094425201416
727040,approx_kl,0.006451666355133057
727040,clipfrac,0.0544921875
727040,explained_variance,0.29173189401626587
727040,sps,568.0
727381,episodic_return,6198.306013580309
727381,episodic_length,666.0
727735,episodic_return,3280.363625577774
727735,episodic_length,353.0
728185,episodic_return,4174.279324588463
728185,episodic_length,449.0
728679,episodic_return,4583.796127176862
728679,episodic_length,493.0
729088,value_loss,0.0708676129579544
729088,policy_loss,0.03447074070572853
729088,approx_kl,0.004277346655726433
729088,clipfrac,0.04638671875
729088,explained_variance,0.41741836071014404
729088,sps,568.0
729441,episodic_return,7085.986398363421
729441,episodic_length,761.0
729536,episodic_return,865.1365047103181
729536,episodic_length,94.0
730537,episodic_return,9324.047049986255
730537,episodic_length,1000.0
731136,value_loss,0.0599813275039196
731136,policy_loss,-0.019878938794136047
731136,approx_kl,0.007015234790742397
731136,clipfrac,0.110791015625
731136,explained_variance,0.4701693058013916
731136,sps,568.0
731307,episodic_return,7159.376560676706
731307,episodic_length,769.0
731402,episodic_return,864.2894934277281
731402,episodic_length,94.0
732315,episodic_return,8491.817863866163
732315,episodic_length,912.0
732730,episodic_return,3850.3991663408806
732730,episodic_length,414.0
733029,episodic_return,2767.6764102293173
733029,episodic_length,298.0
733184,value_loss,0.04439045488834381
733184,policy_loss,-0.04057677835226059
733184,approx_kl,0.00891558825969696
733184,clipfrac,0.065185546875
733184,explained_variance,0.5838795900344849
733184,sps,568.0
734001,episodic_return,9041.49124983946
734001,episodic_length,971.0
734188,episodic_return,1719.4214828321913
734188,episodic_length,186.0
734231,episodic_return,378.46583265993877
734231,episodic_length,42.0
734485,episodic_return,2343.0522603201894
734485,episodic_length,253.0
735232,value_loss,0.06298473477363586
735232,policy_loss,-0.012942589819431305
735232,approx_kl,0.003242914564907551
735232,clipfrac,0.03671875
735232,explained_variance,0.5169956088066101
735232,sps,568.0
735486,episodic_return,9327.3233586243
735486,episodic_length,1000.0
735520,episodic_return,294.93853301826533
735520,episodic_length,33.0
735732,episodic_return,1954.773833062632
735732,episodic_length,211.0
736212,episodic_return,4455.246239995573
736212,episodic_length,479.0
736841,episodic_return,5842.904586345471
736841,episodic_length,628.0
737212,episodic_return,3438.1105297871304
737212,episodic_length,370.0
737280,value_loss,0.03855758160352707
737280,policy_loss,-0.003023490309715271
737280,approx_kl,0.005170425400137901
737280,clipfrac,0.039990234375
737280,explained_variance,0.5859850645065308
737280,sps,568.0
738072,episodic_return,7998.903027195018
738072,episodic_length,859.0
738727,episodic_return,6086.8679253821965
738727,episodic_length,654.0
739328,value_loss,0.008856360800564289
739328,policy_loss,-0.01729588210582733
739328,approx_kl,0.005613128654658794
739328,clipfrac,0.05751953125
739328,explained_variance,0.621773898601532
739328,sps,568.0
739728,episodic_return,9327.400055692344
739728,episodic_length,1000.0
740618,episodic_return,8283.170663296414
740618,episodic_length,889.0
741376,value_loss,0.018109986558556557
741376,policy_loss,-0.009396729990839958
741376,approx_kl,0.006341797299683094
741376,clipfrac,0.077392578125
741376,explained_variance,0.27377432584762573
741376,sps,568.0
741619,episodic_return,9329.640695022534
741619,episodic_length,1000.0
741938,episodic_return,2950.9235619432184
741938,episodic_length,318.0
742342,episodic_return,3746.353272536271
742342,episodic_length,403.0
742666,episodic_return,2996.7378577188883
742666,episodic_length,323.0
743424,value_loss,0.10244252532720566
743424,policy_loss,-0.013979991897940636
743424,approx_kl,0.004058040678501129
743424,clipfrac,0.045166015625
743424,explained_variance,0.6052425801753998
743424,sps,568.0
743667,episodic_return,9329.23006465402
743667,episodic_length,1000.0
744477,episodic_return,7535.03784979577
744477,episodic_length,809.0
745092,episodic_return,5715.449661558437
745092,episodic_length,614.0
745472,value_loss,0.01308352779597044
745472,policy_loss,-0.024556510150432587
745472,approx_kl,0.007362142205238342
745472,clipfrac,0.047607421875
745472,explained_variance,0.5135566890239716
745472,sps,568.0
745757,episodic_return,6183.34962870288
745757,episodic_length,664.0
746758,episodic_return,9325.91641143397
746758,episodic_length,1000.0
747172,episodic_return,3837.878109421169
747172,episodic_length,413.0
747517,episodic_return,3195.6698087715486
747517,episodic_length,344.0
747520,value_loss,0.019139789044857025
747520,policy_loss,0.0018465220928192139
747520,approx_kl,0.007685733027756214
747520,clipfrac,0.0513671875
747520,explained_variance,0.5240768194198608
747520,sps,568.0
747607,episodic_return,817.801666854237
747607,episodic_length,89.0
748593,episodic_return,9175.164569625917
748593,episodic_length,985.0
748682,episodic_return,807.1939655870754
748682,episodic_length,88.0
749235,episodic_return,5136.864281084086
749235,episodic_length,552.0
749568,value_loss,0.02143685147166252
749568,policy_loss,-0.0025652144104242325
749568,approx_kl,0.003015579655766487
749568,clipfrac,0.04716796875
749568,explained_variance,0.5563212037086487
749568,sps,568.0
749809,episodic_return,5332.437570973443
749809,episodic_length,573.0
750238,episodic_return,3978.9066646343695
750238,episodic_length,428.0
750673,episodic_return,4036.996556481399
750673,episodic_length,434.0
751616,value_loss,0.01381736621260643
751616,policy_loss,-0.03563758730888367
751616,approx_kl,0.007209443487226963
751616,clipfrac,0.04228515625
751616,explained_variance,0.6616473197937012
751616,sps,568.0
751674,episodic_return,9329.479117172383
751674,episodic_length,1000.0
752675,episodic_return,9327.606915237538
752675,episodic_length,1000.0
753242,episodic_return,5267.653388838708
753242,episodic_length,566.0
753253,episodic_return,81.03991539841611
753253,episodic_length,10.0
753664,value_loss,0.007974296808242798
753664,policy_loss,0.005659341812133789
753664,approx_kl,0.00548434816300869
753664,clipfrac,0.04931640625
753664,explained_variance,0.2418796420097351
753664,sps,568.0
754254,episodic_return,9329.583414704854
754254,episodic_length,1000.0
754811,episodic_return,5175.897158413765
754811,episodic_length,556.0
755712,value_loss,0.01990058273077011
755712,policy_loss,-0.005044005811214447
755712,approx_kl,0.007070756517350674
755712,clipfrac,0.079638671875
755712,explained_variance,0.3730127811431885
755712,sps,568.0
755812,episodic_return,9328.521580590434
755812,episodic_length,1000.0
756671,episodic_return,7991.974591437181
756671,episodic_length,858.0
756686,episodic_return,118.36681137842477
756686,episodic_length,14.0
756869,episodic_return,1684.5616530320222
756869,episodic_length,182.0
757760,value_loss,0.06725560128688812
757760,policy_loss,-0.0067365169525146484
757760,approx_kl,0.0029428843408823013
757760,clipfrac,0.064501953125
757760,explained_variance,0.6008732914924622
757760,sps,568.0
757870,episodic_return,9328.883284282105
757870,episodic_length,1000.0
758871,episodic_return,9330.39199397043
758871,episodic_length,1000.0
759808,value_loss,0.07585309445858002
759808,policy_loss,-0.029707003384828568
759808,approx_kl,0.004645972512662411
759808,clipfrac,0.06123046875
759808,explained_variance,-0.13505351543426514
759808,sps,568.0
759872,episodic_return,9326.92556035963
759872,episodic_length,1000.0
760873,episodic_return,9327.540583325586
760873,episodic_length,1000.0
761523,episodic_return,6040.439303099753
761523,episodic_length,649.0
761545,episodic_return,183.68140755875774
761545,episodic_length,21.0
761765,episodic_return,2031.4392433837704
761765,episodic_length,219.0
761856,value_loss,0.025943487882614136
761856,policy_loss,-0.014410752803087234
761856,approx_kl,0.003661433234810829
761856,clipfrac,0.03984375
761856,explained_variance,0.44362175464630127
761856,sps,568.0
761872,episodic_return,974.7343547401366
761872,episodic_length,106.0
762501,episodic_return,5844.368106841137
762501,episodic_length,628.0
762748,episodic_return,2281.2497863129556
762748,episodic_length,246.0
763638,episodic_return,8280.172790161598
763638,episodic_length,889.0
763904,value_loss,0.05586514621973038
763904,policy_loss,-0.02444823458790779
763904,approx_kl,0.00486390758305788
763904,clipfrac,0.049609375
763904,explained_variance,0.7362789511680603
763904,sps,568.0
764639,episodic_return,9329.746719495099
764639,episodic_length,1000.0
765034,episodic_return,3661.451878264048
765034,episodic_length,394.0
765163,episodic_return,1181.3930891853959
765163,episodic_length,128.0
765477,episodic_return,2908.0788209930693
765477,episodic_length,313.0
765952,value_loss,0.017114292830228806
765952,policy_loss,-0.02506023645401001
765952,approx_kl,0.0072099594399333
765952,clipfrac,0.047998046875
765952,explained_variance,0.3987400531768799
765952,sps,568.0
766478,episodic_return,9331.226663436428
766478,episodic_length,1000.0
767122,episodic_return,5981.912012438042
767122,episodic_length,643.0
767627,episodic_return,4688.911958922247
767627,episodic_length,504.0
768000,value_loss,0.0290328748524189
768000,policy_loss,0.005260847508907318
768000,approx_kl,0.007798928767442703
768000,clipfrac,0.058349609375
768000,explained_variance,0.36942774057388306
768000,sps,568.0
768628,episodic_return,9328.715403582273
768628,episodic_length,1000.0
768694,episodic_return,593.2155950248593
768694,episodic_length,65.0
769695,episodic_return,9329.764870483777
769695,episodic_length,1000.0
770048,value_loss,0.08152006566524506
770048,policy_loss,-4.0141865611076355e-05
770048,approx_kl,0.0026609795168042183
770048,clipfrac,0.053369140625
770048,explained_variance,0.13690710067749023
770048,sps,568.0
770239,episodic_return,5052.35854128296
770239,episodic_length,543.0
770293,episodic_return,483.0083512455972
770293,episodic_length,53.0
770348,episodic_return,490.87535013101774
770348,episodic_length,54.0
770370,episodic_return,184.0504704568057
770370,episodic_length,21.0
770904,episodic_return,4961.182371609092
770904,episodic_length,533.0
771905,episodic_return,9328.02679205448
771905,episodic_length,1000.0
772096,value_loss,0.1721992790699005
772096,policy_loss,-0.012471798807382584
772096,approx_kl,0.002361261285841465
772096,clipfrac,0.023876953125
772096,explained_variance,0.4383607506752014
772096,sps,568.0
772906,episodic_return,9329.945383602753
772906,episodic_length,1000.0
773907,episodic_return,9332.865426745253
773907,episodic_length,1000.0
774144,value_loss,0.0510660782456398
774144,policy_loss,0.010212574154138565
774144,approx_kl,0.0028692474588751793
774144,clipfrac,0.05205078125
774144,explained_variance,0.04889315366744995
774144,sps,568.0
774908,episodic_return,9331.049440148756
774908,episodic_length,1000.0
775909,episodic_return,9328.716540335683
775909,episodic_length,1000.0
776192,value_loss,0.005474277306348085
776192,policy_loss,-0.012951381504535675
776192,approx_kl,0.010845516808331013
776192,clipfrac,0.08544921875
776192,explained_variance,-0.03282129764556885
776192,sps,568.0
776608,episodic_return,6495.261025204168
776608,episodic_length,698.0
777609,episodic_return,9328.554436753742
777609,episodic_length,1000.0
777999,episodic_return,3616.8024846746316
777999,episodic_length,389.0
778147,episodic_return,1358.5860704767804
778147,episodic_length,147.0
778240,value_loss,0.03023066371679306
778240,policy_loss,-0.011554226279258728
778240,approx_kl,0.009746892377734184
778240,clipfrac,0.0583984375
778240,explained_variance,0.5462656319141388
778240,sps,568.0
779148,episodic_return,9326.914499061162
779148,episodic_length,1000.0
780149,episodic_return,9328.673674749734
780149,episodic_length,1000.0
780288,value_loss,0.1029159426689148
780288,policy_loss,-0.0026765037328004837
780288,approx_kl,0.0043194955214858055
780288,clipfrac,0.0599609375
780288,explained_variance,-0.08174479007720947
780288,sps,568.0
780512,episodic_return,3363.712260220971
780512,episodic_length,362.0
781194,episodic_return,6341.761549517725
781194,episodic_length,681.0
782131,episodic_return,8719.947411986564
782131,episodic_length,936.0
782336,value_loss,0.03199958801269531
782336,policy_loss,-0.001215517520904541
782336,approx_kl,0.004913931712508202
782336,clipfrac,0.036865234375
782336,explained_variance,0.4686861038208008
782336,sps,568.0
782434,episodic_return,2805.1159876802053
782434,episodic_length,302.0
782495,episodic_return,547.0243003650439
782495,episodic_length,60.0
783127,episodic_return,5874.1554816430535
783127,episodic_length,631.0
784128,episodic_return,9329.367944454452
784128,episodic_length,1000.0
784159,episodic_return,268.00020322531145
784159,episodic_length,30.0
784384,value_loss,0.045696061104536057
784384,policy_loss,0.002932518720626831
784384,approx_kl,0.002842211164534092
784384,clipfrac,0.061376953125
784384,explained_variance,0.45574110746383667
784384,sps,568.0
784640,episodic_return,4463.104222503997
784640,episodic_length,480.0
785049,episodic_return,3793.760346719003
785049,episodic_length,408.0
786050,episodic_return,9331.531500906964
786050,episodic_length,1000.0
786432,value_loss,0.030312316492199898
786432,policy_loss,-0.003206610679626465
786432,approx_kl,0.006069906055927277
786432,clipfrac,0.06201171875
786432,explained_variance,0.5570662617683411
786432,sps,568.0
786786,episodic_return,6842.873884118031
786786,episodic_length,735.0
787291,episodic_return,4689.296978142833
787291,episodic_length,504.0
788225,episodic_return,8693.597255405033
788225,episodic_length,933.0
788480,value_loss,0.12360869348049164
788480,policy_loss,-0.012993097305297852
788480,approx_kl,0.005532562732696533
788480,clipfrac,0.0658203125
788480,explained_variance,0.5806638598442078
788480,sps,568.0
788919,episodic_return,6453.461026635141
788919,episodic_length,693.0
789920,episodic_return,9330.132238829561
789920,episodic_length,1000.0
790528,value_loss,0.04715624079108238
790528,policy_loss,-0.017363041639328003
790528,approx_kl,0.005165467970073223
790528,clipfrac,0.092626953125
790528,explained_variance,0.5498142242431641
790528,sps,568.0
790921,episodic_return,9326.161804967562
790921,episodic_length,1000.0
791922,episodic_return,9323.977903439498
791922,episodic_length,1000.0
792468,episodic_return,5069.5889809397295
792468,episodic_length,545.0
792576,value_loss,0.03153121843934059
792576,policy_loss,-0.002768244594335556
792576,approx_kl,0.0034726811572909355
792576,clipfrac,0.051806640625
792576,explained_variance,0.38223451375961304
792576,sps,569.0
792886,episodic_return,3874.757999861563
792886,episodic_length,417.0
793887,episodic_return,9327.078767036512
793887,episodic_length,1000.0
794624,value_loss,0.008116350509226322
794624,policy_loss,-0.015283599495887756
794624,approx_kl,0.0038241688162088394
794624,clipfrac,0.072607421875
794624,explained_variance,0.19873672723770142
794624,sps,569.0
794888,episodic_return,9325.53158128186
794888,episodic_length,1000.0
795520,episodic_return,5869.992839641156
795520,episodic_length,631.0
795825,episodic_return,2822.8771264788525
795825,episodic_length,304.0
795847,episodic_return,183.6715458912586
795847,episodic_length,21.0
796672,value_loss,0.029341738671064377
796672,policy_loss,0.008098907768726349
796672,approx_kl,0.0068752821534872055
796672,clipfrac,0.054296875
796672,explained_variance,0.5386768281459808
796672,sps,569.0
796848,episodic_return,9325.988976324046
796848,episodic_length,1000.0
797849,episodic_return,9326.118840848301
797849,episodic_length,1000.0
798720,value_loss,0.04594913497567177
798720,policy_loss,-0.007337212562561035
798720,approx_kl,0.000742156058549881
798720,clipfrac,0.041064453125
798720,explained_variance,-0.03821361064910889
798720,sps,569.0
798850,episodic_return,9326.805451753846
798850,episodic_length,1000.0
799329,episodic_return,4444.8810184148815
799329,episodic_length,478.0
800330,episodic_return,9328.433620274498
800330,episodic_length,1000.0
800493,episodic_return,1497.2802402742868
800493,episodic_length,162.0
800664,episodic_return,1571.817108550477
800664,episodic_length,170.0
800768,value_loss,0.06988532096147537
800768,policy_loss,-0.023055553436279297
800768,approx_kl,0.009369704872369766
800768,clipfrac,0.05869140625
800768,explained_variance,0.3447248935699463
800768,sps,569.0
801665,episodic_return,9322.225849175991
801665,episodic_length,1000.0
801926,episodic_return,2410.7533113391605
801926,episodic_length,260.0
802208,episodic_return,2607.577599790615
802208,episodic_length,281.0
802816,value_loss,0.027785589918494225
802816,policy_loss,-0.0027476102113723755
802816,approx_kl,0.002781938761472702
802816,clipfrac,0.051171875
802816,explained_variance,0.5463131070137024
802816,sps,569.0
803209,episodic_return,9325.232917746584
803209,episodic_length,1000.0
803444,episodic_return,2170.4630356024772
803444,episodic_length,234.0
804282,episodic_return,7795.765380667494
804282,episodic_length,837.0
804744,episodic_return,4287.011114726679
804744,episodic_length,461.0
804864,value_loss,0.04363452270627022
804864,policy_loss,-0.00423818826675415
804864,approx_kl,0.006267117336392403
804864,clipfrac,0.030224609375
804864,explained_variance,0.47902417182922363
804864,sps,569.0
805745,episodic_return,9326.705845861085
805745,episodic_length,1000.0
806395,episodic_return,6038.501545595333
806395,episodic_length,649.0
806912,value_loss,0.015238823369145393
806912,policy_loss,0.0014112591743469238
806912,approx_kl,0.003642597235739231
806912,clipfrac,0.0587890625
806912,explained_variance,0.30394303798675537
806912,sps,569.0
807396,episodic_return,9328.372724955747
807396,episodic_length,1000.0
808181,episodic_return,7302.451405474456
808181,episodic_length,784.0
808663,episodic_return,4472.531771919453
808663,episodic_length,481.0
808960,value_loss,0.010422070510685444
808960,policy_loss,0.005719836801290512
808960,approx_kl,0.0025232192128896713
808960,clipfrac,0.036962890625
808960,explained_variance,0.48889511823654175
808960,sps,569.0
809664,episodic_return,9328.536226242439
809664,episodic_length,1000.0
810413,episodic_return,6964.027980556065
810413,episodic_length,748.0
811008,value_loss,0.013666721060872078
811008,policy_loss,-0.00585402175784111
811008,approx_kl,0.00599017646163702
811008,clipfrac,0.044775390625
811008,explained_variance,0.3098611831665039
811008,sps,569.0
811414,episodic_return,9326.293996753582
811414,episodic_length,1000.0
812415,episodic_return,9327.622106367033
812415,episodic_length,1000.0
812685,episodic_return,2495.59989081863
812685,episodic_length,269.0
813056,value_loss,0.10074564814567566
813056,policy_loss,0.02349531278014183
813056,approx_kl,0.004710009321570396
813056,clipfrac,0.028271484375
813056,explained_variance,0.26276344060897827
813056,sps,569.0
813686,episodic_return,9328.539100737325
813686,episodic_length,1000.0
814417,episodic_return,6799.031511947229
814417,episodic_length,730.0
814495,episodic_return,707.1410454082792
814495,episodic_length,77.0
815104,value_loss,0.014459729194641113
815104,policy_loss,-0.0004835650324821472
815104,approx_kl,0.006226452998816967
815104,clipfrac,0.0595703125
815104,explained_variance,0.2612001299858093
815104,sps,569.0
815471,episodic_return,9078.810024054095
815471,episodic_length,975.0
815839,episodic_return,3411.8935918303796
815839,episodic_length,367.0
816840,episodic_return,9330.918966997146
816840,episodic_length,1000.0
816852,episodic_return,91.00536730864057
816852,episodic_length,11.0
817152,value_loss,0.017855282872915268
817152,policy_loss,0.01339404284954071
817152,approx_kl,0.004045336507260799
817152,clipfrac,0.0615234375
817152,explained_variance,0.46796083450317383
817152,sps,569.0
817561,episodic_return,6593.764113196641
817561,episodic_length,708.0
818562,episodic_return,9329.508636090392
818562,episodic_length,1000.0
818765,episodic_return,1871.9505351894984
818765,episodic_length,202.0
819200,value_loss,0.10020110011100769
819200,policy_loss,-0.010509312152862549
819200,approx_kl,0.027961593121290207
819200,clipfrac,0.071533203125
819200,explained_variance,0.5013308525085449
819200,sps,570.0
819766,episodic_return,9330.416216712838
819766,episodic_length,1000.0
820111,episodic_return,3197.456130759989
820111,episodic_length,344.0
821112,episodic_return,9327.579063032445
821112,episodic_length,1000.0
821248,value_loss,0.01830643229186535
821248,policy_loss,0.0003049001097679138
821248,approx_kl,0.00708501972258091
821248,clipfrac,0.036328125
821248,explained_variance,0.3725070357322693
821248,sps,570.0
821526,episodic_return,3838.098830654495
821526,episodic_length,413.0
822372,episodic_return,7871.596669162638
822372,episodic_length,845.0
822611,episodic_return,2208.2178240995013
822611,episodic_length,238.0
823296,value_loss,0.03518176078796387
823296,policy_loss,0.0018488764762878418
823296,approx_kl,0.004131549969315529
823296,clipfrac,0.06884765625
823296,explained_variance,0.5910234153270721
823296,sps,570.0
823612,episodic_return,9329.14353880341
823612,episodic_length,1000.0
823697,episodic_return,769.7133041280417
823697,episodic_length,84.0
824698,episodic_return,9328.8599088948
824698,episodic_length,1000.0
825344,value_loss,0.16882096230983734
825344,policy_loss,-0.010244796052575111
825344,approx_kl,0.005866974592208862
825344,clipfrac,0.06630859375
825344,explained_variance,0.3118574619293213
825344,sps,570.0
825467,episodic_return,7151.9166622024595
825467,episodic_length,768.0
826468,episodic_return,9329.41727636763
826468,episodic_length,1000.0
827392,value_loss,0.056148461997509
827392,policy_loss,-0.006472170352935791
827392,approx_kl,0.0020140158012509346
827392,clipfrac,0.026220703125
827392,explained_variance,0.41085493564605713
827392,sps,570.0
827469,episodic_return,9331.087990096717
827469,episodic_length,1000.0
828470,episodic_return,9330.48068015064
828470,episodic_length,1000.0
828582,episodic_return,1023.466348919571
828582,episodic_length,111.0
828733,episodic_return,1387.1940337115411
828733,episodic_length,150.0
829440,value_loss,0.06185370683670044
829440,policy_loss,-0.0051237791776657104
829440,approx_kl,0.0013815797865390778
829440,clipfrac,0.068310546875
829440,explained_variance,0.37537646293640137
829440,sps,570.0
829448,episodic_return,6648.638987358454
829448,episodic_length,714.0
830449,episodic_return,9330.504727897494
830449,episodic_length,1000.0
831450,episodic_return,9329.413300629378
831450,episodic_length,1000.0
831488,value_loss,0.004584349226206541
831488,policy_loss,0.008215300738811493
831488,approx_kl,0.0062548378482460976
831488,clipfrac,0.078271484375
831488,explained_variance,0.2075439691543579
831488,sps,570.0
832451,episodic_return,9330.740390988212
832451,episodic_length,1000.0
833452,episodic_return,9329.84259859201
833452,episodic_length,1000.0
833536,value_loss,0.002831249963492155
833536,policy_loss,0.017362244427204132
833536,approx_kl,0.0036902306601405144
833536,clipfrac,0.036962890625
833536,explained_variance,-0.020481109619140625
833536,sps,570.0
833762,episodic_return,2871.5348565755794
833762,episodic_length,309.0
834763,episodic_return,9326.08369040678
834763,episodic_length,1000.0
835584,value_loss,0.01581430435180664
835584,policy_loss,-0.01488292682915926
835584,approx_kl,0.009336503222584724
835584,clipfrac,0.052294921875
835584,explained_variance,0.08961957693099976
835584,sps,570.0
835764,episodic_return,9330.27587718922
835764,episodic_length,1000.0
836765,episodic_return,9329.401914442202
836765,episodic_length,1000.0
836877,episodic_return,1021.1873638120185
836877,episodic_length,111.0
837632,value_loss,0.0033194473944604397
837632,policy_loss,-0.0001009628176689148
837632,approx_kl,0.0044853826984763145
837632,clipfrac,0.036669921875
837632,explained_variance,0.3387829065322876
837632,sps,570.0
837878,episodic_return,9326.11547995731
837878,episodic_length,1000.0
838879,episodic_return,9328.747791200009
838879,episodic_length,1000.0
839680,value_loss,0.08290281146764755
839680,policy_loss,-0.02149912714958191
839680,approx_kl,0.0033638766035437584
839680,clipfrac,0.047119140625
839680,explained_variance,-0.06602418422698975
839680,sps,570.0
839880,episodic_return,9328.4775905985
839880,episodic_length,1000.0
840105,episodic_return,2076.766148560014
840105,episodic_length,224.0
841106,episodic_return,9330.201257501167
841106,episodic_length,1000.0
841273,episodic_return,1535.9997520016627
841273,episodic_length,166.0
841696,episodic_return,3924.7768572601053
841696,episodic_length,422.0
841728,value_loss,0.053626906126737595
841728,policy_loss,0.00012296438217163086
841728,approx_kl,0.007771807722747326
841728,clipfrac,0.0595703125
841728,explained_variance,0.41413843631744385
841728,sps,570.0
842697,episodic_return,9331.150120757346
842697,episodic_length,1000.0
842912,episodic_return,1982.3330724043562
842912,episodic_length,214.0
843776,value_loss,0.09776899218559265
843776,policy_loss,-0.02064729481935501
843776,approx_kl,0.005746226757764816
843776,clipfrac,0.02919921875
843776,explained_variance,0.37071692943573
843776,sps,570.0
843913,episodic_return,9330.746148985869
843913,episodic_length,1000.0
844914,episodic_return,9328.47540060291
844914,episodic_length,1000.0
845694,episodic_return,7253.33610446363
845694,episodic_length,779.0
845824,value_loss,0.13830412924289703
845824,policy_loss,-0.019386187195777893
845824,approx_kl,0.004536698572337627
845824,clipfrac,0.072607421875
845824,explained_variance,0.16083890199661255
845824,sps,570.0
846059,episodic_return,3381.9930191801363
846059,episodic_length,364.0
847060,episodic_return,9333.085462489209
847060,episodic_length,1000.0
847872,value_loss,0.012276973575353622
847872,policy_loss,-0.004258438944816589
847872,approx_kl,0.006172090768814087
847872,clipfrac,0.039794921875
847872,explained_variance,0.4029855728149414
847872,sps,570.0
847926,episodic_return,8057.700139162703
847926,episodic_length,865.0
848927,episodic_return,9330.211622062296
848927,episodic_length,1000.0
849920,value_loss,0.011836078017950058
849920,policy_loss,0.027590114623308182
849920,approx_kl,0.008058194071054459
849920,clipfrac,0.063134765625
849920,explained_variance,0.30825722217559814
849920,sps,570.0
849928,episodic_return,9332.611068809858
849928,episodic_length,1000.0
850929,episodic_return,9327.254433093558
850929,episodic_length,1000.0
851053,episodic_return,1136.3052221901808
851053,episodic_length,123.0
851123,episodic_return,631.572150211299
851123,episodic_length,69.0
851968,value_loss,0.0793156549334526
851968,policy_loss,-0.022352280095219612
851968,approx_kl,0.0049143582582473755
851968,clipfrac,0.04296875
851968,explained_variance,0.23427563905715942
851968,sps,570.0
852124,episodic_return,9330.52938161734
852124,episodic_length,1000.0
853125,episodic_return,9331.106173079506
853125,episodic_length,1000.0
853324,episodic_return,1832.3058244876295
853324,episodic_length,198.0
853609,episodic_return,2637.3217387919317
853609,episodic_length,284.0
854016,value_loss,0.07309245318174362
854016,policy_loss,-0.023012449964880943
854016,approx_kl,0.015383378602564335
854016,clipfrac,0.055712890625
854016,explained_variance,0.35729169845581055
854016,sps,570.0
854610,episodic_return,9325.580164157549
854610,episodic_length,1000.0
855611,episodic_return,9328.724085037224
855611,episodic_length,1000.0
856064,value_loss,0.054044172167778015
856064,policy_loss,-0.007658176124095917
856064,approx_kl,0.006541299633681774
856064,clipfrac,0.068212890625
856064,explained_variance,-0.07595562934875488
856064,sps,570.0
856612,episodic_return,9327.789020429896
856612,episodic_length,1000.0
857481,episodic_return,8075.659293736714
857481,episodic_length,868.0
857522,episodic_return,359.62077253062745
857522,episodic_length,40.0
858112,value_loss,0.08037391304969788
858112,policy_loss,-0.0036023594439029694
858112,approx_kl,0.003072771243751049
858112,clipfrac,0.058056640625
858112,explained_variance,0.44165992736816406
858112,sps,570.0
858286,episodic_return,7104.87062539144
858286,episodic_length,763.0
858680,episodic_return,3653.6291363126315
858680,episodic_length,393.0
859162,episodic_return,4473.29409283093
859162,episodic_length,481.0
860160,value_loss,0.10539612174034119
860160,policy_loss,0.003856562077999115
860160,approx_kl,0.003269997425377369
860160,clipfrac,0.0333984375
860160,explained_variance,0.573815643787384
860160,sps,570.0
860163,episodic_return,9329.935376120735
860163,episodic_length,1000.0
861164,episodic_return,9327.730627061952
861164,episodic_length,1000.0
861874,episodic_return,6605.2956967814425
861874,episodic_length,709.0
862042,episodic_return,1544.286692750141
862042,episodic_length,167.0
862208,value_loss,0.018329519778490067
862208,policy_loss,-0.02316560596227646
862208,approx_kl,0.0061052897945046425
862208,clipfrac,0.049169921875
862208,explained_variance,0.2872076630592346
862208,sps,570.0
862384,episodic_return,3169.482173578281
862384,episodic_length,341.0
862853,episodic_return,4350.575557225204
862853,episodic_length,468.0
863073,episodic_return,2029.557329183874
863073,episodic_length,219.0
863901,episodic_return,7703.219208583855
863901,episodic_length,827.0
864256,value_loss,0.060054123401641846
864256,policy_loss,-0.033939070999622345
864256,approx_kl,0.005395989865064621
864256,clipfrac,0.05654296875
864256,explained_variance,0.6156410276889801
864256,sps,570.0
864902,episodic_return,9332.441205586283
864902,episodic_length,1000.0
865877,episodic_return,9072.51508338646
865877,episodic_length,974.0
866304,value_loss,0.03433707356452942
866304,policy_loss,-0.004191603511571884
866304,approx_kl,0.0019282614812254906
866304,clipfrac,0.0330078125
866304,explained_variance,0.20995467901229858
866304,sps,570.0
866678,episodic_return,7451.678095417913
866678,episodic_length,800.0
866902,episodic_return,2069.7123075016125
866902,episodic_length,223.0
867903,episodic_return,9328.545948915606
867903,episodic_length,1000.0
868352,value_loss,0.021392103284597397
868352,policy_loss,-0.003666345030069351
868352,approx_kl,0.003725043497979641
868352,clipfrac,0.072216796875
868352,explained_variance,0.34023040533065796
868352,sps,570.0
868904,episodic_return,9329.226164118447
868904,episodic_length,1000.0
868996,episodic_return,837.9281192048575
868996,episodic_length,91.0
869042,episodic_return,407.342199252305
869042,episodic_length,45.0
870043,episodic_return,9330.78694359717
870043,episodic_length,1000.0
870400,value_loss,0.1985655128955841
870400,policy_loss,-0.008269749581813812
870400,approx_kl,0.0018028439953923225
870400,clipfrac,0.03515625
870400,explained_variance,0.32565146684646606
870400,sps,570.0
870698,episodic_return,6090.812045931039
870698,episodic_length,654.0
871699,episodic_return,9329.719312689878
871699,episodic_length,1000.0
872448,value_loss,0.044761743396520615
872448,policy_loss,-0.012924335896968842
872448,approx_kl,0.010402925312519073
872448,clipfrac,0.070458984375
872448,explained_variance,0.48794257640838623
872448,sps,570.0
872700,episodic_return,9331.05768307439
872700,episodic_length,1000.0
873701,episodic_return,9331.046371486433
873701,episodic_length,1000.0
874147,episodic_return,4138.133589613001
874147,episodic_length,445.0
874164,episodic_return,136.30121275311683
874164,episodic_length,16.0
874496,value_loss,0.06300317496061325
874496,policy_loss,-0.03015192598104477
874496,approx_kl,0.012606806121766567
874496,clipfrac,0.067626953125
874496,explained_variance,0.44091367721557617
874496,sps,570.0
875165,episodic_return,9326.56046073197
875165,episodic_length,1000.0
876166,episodic_return,9326.371113565803
876166,episodic_length,1000.0
876450,episodic_return,2625.908467390191
876450,episodic_length,283.0
876544,value_loss,0.101168692111969
876544,policy_loss,0.005614712834358215
876544,approx_kl,0.0019848747178912163
876544,clipfrac,0.050830078125
876544,explained_variance,0.09998208284378052
876544,sps,570.0
877451,episodic_return,9325.70142691949
877451,episodic_length,1000.0
878452,episodic_return,9328.359555913767
878452,episodic_length,1000.0
878592,value_loss,0.0036431499756872654
878592,policy_loss,0.0017297863960266113
878592,approx_kl,0.002706460654735565
878592,clipfrac,0.028662109375
878592,explained_variance,0.16860419511795044
878592,sps,571.0
878620,episodic_return,1544.8008027561427
878620,episodic_length,167.0
878895,episodic_return,2541.722532521859
878895,episodic_length,274.0
879052,episodic_return,1442.8990868338788
879052,episodic_length,156.0
880053,episodic_return,9328.306948386436
880053,episodic_length,1000.0
880640,value_loss,0.11177634447813034
880640,policy_loss,-0.008889205753803253
880640,approx_kl,0.005820422433316708
880640,clipfrac,0.02841796875
880640,explained_variance,0.537973940372467
880640,sps,571.0
881054,episodic_return,9325.950433857955
881054,episodic_length,1000.0
882055,episodic_return,9325.713649936344
882055,episodic_length,1000.0
882432,episodic_return,3494.713756053832
882432,episodic_length,376.0
882688,value_loss,0.008255290798842907
882688,policy_loss,0.009708074852824211
882688,approx_kl,0.005978133529424667
882688,clipfrac,0.08125
882688,explained_variance,0.14730435609817505
882688,sps,571.0
883433,episodic_return,9325.941669353211
883433,episodic_length,1000.0
884434,episodic_return,9331.499799967954
884434,episodic_length,1000.0
884736,value_loss,0.013972772285342216
884736,policy_loss,-0.01724974438548088
884736,approx_kl,0.004370500333607197
884736,clipfrac,0.04111328125
884736,explained_variance,-0.1288820505142212
884736,sps,571.0
885114,episodic_return,6322.18449745456
885114,episodic_length,679.0
886115,episodic_return,9330.7816835358
886115,episodic_length,1000.0
886136,episodic_return,171.9858857729992
886136,episodic_length,20.0
886276,episodic_return,1284.1801677958463
886276,episodic_length,139.0
886784,value_loss,0.05210209637880325
886784,policy_loss,-0.00828755646944046
886784,approx_kl,0.0018398575484752655
886784,clipfrac,0.01962890625
886784,explained_variance,0.4415780305862427
886784,sps,571.0
887277,episodic_return,9326.990469265469
887277,episodic_length,1000.0
887635,episodic_return,3316.608043403392
887635,episodic_length,357.0
888636,episodic_return,9330.801797261909
888636,episodic_length,1000.0
888832,value_loss,0.004010497126728296
888832,policy_loss,0.005528882145881653
888832,approx_kl,0.016061322763562202
888832,clipfrac,0.0865234375
888832,explained_variance,0.38957488536834717
888832,sps,571.0
889298,episodic_return,6154.589130121791
889298,episodic_length,661.0
890299,episodic_return,9326.067553082901
890299,episodic_length,1000.0
890880,value_loss,0.029614649713039398
890880,policy_loss,0.009494569152593613
890880,approx_kl,0.004348193295300007
890880,clipfrac,0.05
890880,explained_variance,0.2040637731552124
890880,sps,571.0
891053,episodic_return,7008.252432481377
891053,episodic_length,753.0
892054,episodic_return,9327.253852904787
892054,episodic_length,1000.0
892928,value_loss,0.01045686099678278
892928,policy_loss,-0.010658364742994308
892928,approx_kl,0.005317005328834057
892928,clipfrac,0.0791015625
892928,explained_variance,0.4495600461959839
892928,sps,571.0
893055,episodic_return,9329.046461705386
893055,episodic_length,1000.0
894056,episodic_return,9331.232043668959
894056,episodic_length,1000.0
894976,value_loss,0.025844212621450424
894976,policy_loss,0.002295583486557007
894976,approx_kl,0.00428041722625494
894976,clipfrac,0.060107421875
894976,explained_variance,-0.03054797649383545
894976,sps,571.0
895057,episodic_return,9328.914587493106
895057,episodic_length,1000.0
895810,episodic_return,7004.4168543403575
895810,episodic_length,752.0
896811,episodic_return,9329.63809374772
896811,episodic_length,1000.0
897024,value_loss,0.04391402378678322
897024,policy_loss,-0.00014051049947738647
897024,approx_kl,0.004916652105748653
897024,clipfrac,0.046044921875
897024,explained_variance,0.23513710498809814
897024,sps,571.0
897812,episodic_return,9328.930681560272
897812,episodic_length,1000.0
898098,episodic_return,2645.9538742735917
898098,episodic_length,285.0
899072,value_loss,0.014728718437254429
899072,policy_loss,-0.001637142151594162
899072,approx_kl,0.004793567582964897
899072,clipfrac,0.055029296875
899072,explained_variance,0.2792533040046692
899072,sps,571.0
899099,episodic_return,9327.56769404709
899099,episodic_length,1000.0
900100,episodic_return,9329.938446315742
900100,episodic_length,1000.0
901101,episodic_return,9327.750697563355
901101,episodic_length,1000.0
901120,value_loss,0.09255584329366684
901120,policy_loss,-0.012283116579055786
901120,approx_kl,0.00541259441524744
901120,clipfrac,0.0390625
901120,explained_variance,0.006589829921722412
901120,sps,571.0
901482,episodic_return,3532.189023376799
901482,episodic_length,380.0
902483,episodic_return,9331.527210849708
902483,episodic_length,1000.0
903168,value_loss,0.040740370750427246
903168,policy_loss,-0.013497473672032356
903168,approx_kl,0.003348730504512787
903168,clipfrac,0.016796875
903168,explained_variance,0.328177273273468
903168,sps,571.0
903484,episodic_return,9329.272310288421
903484,episodic_length,1000.0
903651,episodic_return,1536.2195566340079
903651,episodic_length,166.0
904652,episodic_return,9331.711315926774
904652,episodic_length,1000.0
905216,value_loss,0.036259572952985764
905216,policy_loss,-0.017598599195480347
905216,approx_kl,0.0065185148268938065
905216,clipfrac,0.023876953125
905216,explained_variance,0.23435425758361816
905216,sps,571.0
905510,episodic_return,7984.907158164592
905510,episodic_length,857.0
906033,episodic_return,4858.256802754416
906033,episodic_length,522.0
907034,episodic_return,9332.72938548534
907034,episodic_length,1000.0
907137,episodic_return,939.5670732125017
907137,episodic_length,102.0
907264,value_loss,0.05087986961007118
907264,policy_loss,-0.007243841886520386
907264,approx_kl,0.002956084907054901
907264,clipfrac,0.03017578125
907264,explained_variance,0.38046979904174805
907264,sps,571.0
908138,episodic_return,9326.155915723297
908138,episodic_length,1000.0
908422,episodic_return,2626.9733885964592
908422,episodic_length,283.0
909312,value_loss,0.013482973910868168
909312,policy_loss,0.01058277115225792
909312,approx_kl,0.005400191061198711
909312,clipfrac,0.05693359375
909312,explained_variance,0.2900646924972534
909312,sps,571.0
909423,episodic_return,9331.857778960188
909423,episodic_length,1000.0
909697,episodic_return,2533.634979952168
909697,episodic_length,273.0
910267,episodic_return,5298.300873474165
910267,episodic_length,569.0
911190,episodic_return,8592.053623338872
911190,episodic_length,922.0
911306,episodic_return,1060.0067022593928
911306,episodic_length,115.0
911360,value_loss,0.08808337152004242
911360,policy_loss,-0.013285882771015167
911360,approx_kl,0.0031549055129289627
911360,clipfrac,0.03154296875
911360,explained_variance,0.44544148445129395
911360,sps,571.0
911965,episodic_return,6125.476988412613
911965,episodic_length,658.0
912048,episodic_return,753.8579983426005
912048,episodic_length,82.0
912069,episodic_return,174.3701339435527
912069,episodic_length,20.0
912286,episodic_return,2004.773181046051
912286,episodic_length,216.0
912500,episodic_return,1974.778194702732
912500,episodic_length,213.0
913318,episodic_return,7610.690266770292
913318,episodic_length,817.0
913408,value_loss,0.0738808810710907
913408,policy_loss,-0.019266366958618164
913408,approx_kl,0.0040854960680007935
913408,clipfrac,0.02138671875
913408,explained_variance,0.6115690469741821
913408,sps,571.0
914089,episodic_return,7172.066194872537
914089,episodic_length,770.0
915090,episodic_return,9325.976536433718
915090,episodic_length,1000.0
915456,value_loss,0.029148591682314873
915456,policy_loss,-0.029695570468902588
915456,approx_kl,0.004465600475668907
915456,clipfrac,0.06318359375
915456,explained_variance,0.3485872149467468
915456,sps,571.0
916091,episodic_return,9329.856846310222
916091,episodic_length,1000.0
917092,episodic_return,9331.173844887962
917092,episodic_length,1000.0
917441,episodic_return,3231.308939789059
917441,episodic_length,348.0
917504,value_loss,0.09937877207994461
917504,policy_loss,0.012362513691186905
917504,approx_kl,0.005256962962448597
917504,clipfrac,0.04912109375
917504,explained_variance,0.14301013946533203
917504,sps,571.0
918330,episodic_return,8274.15208670116
918330,episodic_length,888.0
918858,episodic_return,4905.267745921687
918858,episodic_length,527.0
919552,value_loss,0.050166383385658264
919552,policy_loss,0.005623143166303635
919552,approx_kl,0.004119769670069218
919552,clipfrac,0.032421875
919552,explained_variance,0.6303540468215942
919552,sps,571.0
919859,episodic_return,9331.608489774148
919859,episodic_length,1000.0
920860,episodic_return,9331.916942814429
920860,episodic_length,1000.0
921600,value_loss,0.0576610267162323
921600,policy_loss,0.001102261245250702
921600,approx_kl,0.004374206066131592
921600,clipfrac,0.0509765625
921600,explained_variance,-0.029301166534423828
921600,sps,571.0
921861,episodic_return,9331.335582375164
921861,episodic_length,1000.0
922558,episodic_return,6480.4264035617
922558,episodic_length,696.0
922955,episodic_return,3678.8455692420494
922955,episodic_length,396.0
923648,value_loss,0.10702155530452728
923648,policy_loss,0.007015896961092949
923648,approx_kl,0.006567899137735367
923648,clipfrac,0.062060546875
923648,explained_variance,0.5187720060348511
923648,sps,571.0
923956,episodic_return,9330.392272659712
923956,episodic_length,1000.0
924957,episodic_return,9324.722493876268
924957,episodic_length,1000.0
925696,value_loss,0.007302364334464073
925696,policy_loss,-0.01718946173787117
925696,approx_kl,0.005045922473073006
925696,clipfrac,0.04912109375
925696,explained_variance,-0.1256699562072754
925696,sps,571.0
925931,episodic_return,9064.27848945843
925931,episodic_length,973.0
926559,episodic_return,5834.901803257656
926559,episodic_length,627.0
926643,episodic_return,761.992330497024
926643,episodic_length,83.0
927644,episodic_return,9329.129206293062
927644,episodic_length,1000.0
927744,value_loss,0.028305120766162872
927744,policy_loss,-0.0064054690301418304
927744,approx_kl,0.0029075220227241516
927744,clipfrac,0.039453125
927744,explained_variance,0.4865943193435669
927744,sps,571.0
928152,episodic_return,4717.072251113842
928152,episodic_length,507.0
928283,episodic_return,1201.5440783844258
928283,episodic_length,130.0
928971,episodic_return,6398.15662313901
928971,episodic_length,687.0
929792,value_loss,0.021260971203446388
929792,policy_loss,-0.01640208438038826
929792,approx_kl,0.009501279331743717
929792,clipfrac,0.0501953125
929792,explained_variance,0.5120631158351898
929792,sps,571.0
929972,episodic_return,9330.784986145434
929972,episodic_length,1000.0
930847,episodic_return,8140.906400737336
930847,episodic_length,874.0
931556,episodic_return,6591.055647620616
931556,episodic_length,708.0
931840,value_loss,0.04974174499511719
931840,policy_loss,0.0006519928574562073
931840,approx_kl,0.009005441330373287
931840,clipfrac,0.05634765625
931840,explained_variance,0.44624876976013184
931840,sps,571.0
932023,episodic_return,4335.134162517315
932023,episodic_length,466.0
933024,episodic_return,9329.330386777094
933024,episodic_length,1000.0
933689,episodic_return,6183.086968047249
933689,episodic_length,664.0
933888,value_loss,0.006426702253520489
933888,policy_loss,-0.005385555326938629
933888,approx_kl,0.004873962141573429
933888,clipfrac,0.034912109375
933888,explained_variance,0.522181898355484
933888,sps,571.0
934574,episodic_return,8234.771995583731
934574,episodic_length,884.0
935575,episodic_return,9329.450511747094
935575,episodic_length,1000.0
935907,episodic_return,3075.976962139018
935907,episodic_length,331.0
935936,value_loss,0.06272876262664795
935936,policy_loss,0.011968981474637985
935936,approx_kl,0.003649490885436535
935936,clipfrac,0.018505859375
935936,explained_variance,0.36473631858825684
935936,sps,571.0
936908,episodic_return,9328.583915670293
936908,episodic_length,1000.0
937909,episodic_return,9329.106336544502
937909,episodic_length,1000.0
937984,value_loss,0.011381952092051506
937984,policy_loss,-0.007864825427532196
937984,approx_kl,0.002605981193482876
937984,clipfrac,0.009912109375
937984,explained_variance,-0.0751340389251709
937984,sps,571.0
938262,episodic_return,3272.997363101546
938262,episodic_length,352.0
939186,episodic_return,8602.133530567704
939186,episodic_length,923.0
939228,episodic_return,369.10908407192244
939228,episodic_length,41.0
940032,value_loss,0.004674934782087803
940032,policy_loss,-0.005961526185274124
940032,approx_kl,0.004707357846200466
940032,clipfrac,0.049072265625
940032,explained_variance,0.6636589169502258
940032,sps,571.0
940054,episodic_return,7684.826079492079
940054,episodic_length,825.0
940743,episodic_return,6403.063233813497
940743,episodic_length,688.0
941533,episodic_return,7349.440589333468
941533,episodic_length,789.0
941744,episodic_return,1947.573290938773
941744,episodic_length,210.0
942080,value_loss,0.0766175389289856
942080,policy_loss,-0.018753841519355774
942080,approx_kl,0.0021128226071596146
942080,clipfrac,0.021484375
942080,explained_variance,0.44587939977645874
942080,sps,571.0
942745,episodic_return,9328.375254784309
942745,episodic_length,1000.0
942892,episodic_return,1349.3449327375656
942892,episodic_length,146.0
943831,episodic_return,8739.954041925008
943831,episodic_length,938.0
944128,value_loss,0.13865630328655243
944128,policy_loss,-0.02272859215736389
944128,approx_kl,0.004557766020298004
944128,clipfrac,0.0560546875
944128,explained_variance,0.4355413317680359
944128,sps,571.0
944832,episodic_return,9330.536196870553
944832,episodic_length,1000.0
945833,episodic_return,9328.983792500707
945833,episodic_length,1000.0
946176,value_loss,0.012487401254475117
946176,policy_loss,-0.011254020035266876
946176,approx_kl,0.0017396127805113792
946176,clipfrac,0.005029296875
946176,explained_variance,-0.03335309028625488
946176,sps,571.0
946233,episodic_return,3712.178633858192
946233,episodic_length,399.0
946522,episodic_return,2675.1641244736816
946522,episodic_length,288.0
947523,episodic_return,9332.271098183797
947523,episodic_length,1000.0
948224,value_loss,0.05221892148256302
948224,policy_loss,0.005960337817668915
948224,approx_kl,0.0033076992258429527
948224,clipfrac,0.01279296875
948224,explained_variance,0.36782461404800415
948224,sps,571.0
948524,episodic_return,9332.64615264274
948524,episodic_length,1000.0
948828,episodic_return,2812.6495105376066
948828,episodic_length,303.0
949829,episodic_return,9330.219421653843
949829,episodic_length,1000.0
950272,value_loss,0.10605490207672119
950272,policy_loss,-0.009498413652181625
950272,approx_kl,0.002353111281991005
950272,clipfrac,0.010205078125
950272,explained_variance,0.3365512490272522
950272,sps,571.0
950739,episodic_return,8470.535661346628
950739,episodic_length,909.0
950855,episodic_return,1059.1601158082804
950855,episodic_length,115.0
951856,episodic_return,9332.478381778346
951856,episodic_length,1000.0
952307,episodic_return,4184.814169047809
952307,episodic_length,450.0
952320,value_loss,0.12287589907646179
952320,policy_loss,-0.014933042228221893
952320,approx_kl,0.004875157028436661
952320,clipfrac,0.04140625
952320,explained_variance,0.5020609200000763
952320,sps,571.0
952897,episodic_return,5482.93408223877
952897,episodic_length,589.0
953898,episodic_return,9332.312120905388
953898,episodic_length,1000.0
954368,value_loss,0.041579507291316986
954368,policy_loss,-0.020893745124340057
954368,approx_kl,0.007601276971399784
954368,clipfrac,0.061865234375
954368,explained_variance,0.3840470314025879
954368,sps,571.0
954899,episodic_return,9329.439510482991
954899,episodic_length,1000.0
955778,episodic_return,8174.918981695828
955778,episodic_length,878.0
956286,episodic_return,4717.0850680351705
956286,episodic_length,507.0
956416,value_loss,0.06625289469957352
956416,policy_loss,-0.011736396700143814
956416,approx_kl,0.00266906525939703
956416,clipfrac,0.022705078125
956416,explained_variance,0.4949517250061035
956416,sps,570.0
957287,episodic_return,9322.8907233672
957287,episodic_length,1000.0
957492,episodic_return,1889.1938541998786
957492,episodic_length,204.0
958308,episodic_return,7593.438014754958
958308,episodic_length,815.0
958464,value_loss,0.022957127541303635
958464,policy_loss,0.0013950243592262268
958464,approx_kl,0.0041194697842001915
958464,clipfrac,0.019580078125
958464,explained_variance,0.2862885594367981
958464,sps,570.0
959309,episodic_return,9329.912191727488
959309,episodic_length,1000.0
960310,episodic_return,9330.101067984218
960310,episodic_length,1000.0
960512,value_loss,0.001301631098613143
960512,policy_loss,-0.016611889004707336
960512,approx_kl,0.001999836415052414
960512,clipfrac,0.013525390625
960512,explained_variance,0.0052460432052612305
960512,sps,570.0
961311,episodic_return,9329.664631907506
961311,episodic_length,1000.0
962130,episodic_return,7620.365370317087
962130,episodic_length,818.0
962560,value_loss,0.003194756805896759
962560,policy_loss,-0.002655431628227234
962560,approx_kl,0.0027384255081415176
962560,clipfrac,0.02353515625
962560,explained_variance,0.3659791946411133
962560,sps,570.0
963006,episodic_return,8150.038827122057
963006,episodic_length,875.0
964007,episodic_return,9332.56614677971
964007,episodic_length,1000.0
964608,value_loss,0.01698262430727482
964608,policy_loss,-0.007870987057685852
964608,approx_kl,0.0023267725482583046
964608,clipfrac,0.034814453125
964608,explained_variance,0.3193984627723694
964608,sps,570.0
964621,episodic_return,5705.2484856108185
964621,episodic_length,613.0
965622,episodic_return,9332.396872134523
965622,episodic_length,1000.0
966020,episodic_return,3692.9140520594697
966020,episodic_length,397.0
966572,episodic_return,5129.260919253622
966572,episodic_length,551.0
966656,value_loss,0.05173144489526749
966656,policy_loss,-0.024648118764162064
966656,approx_kl,0.00542095024138689
966656,clipfrac,0.030419921875
966656,explained_variance,0.33712238073349
966656,sps,570.0
967573,episodic_return,9328.186765207152
967573,episodic_length,1000.0
968433,episodic_return,8000.108596105953
968433,episodic_length,859.0
968704,value_loss,0.05423537269234657
968704,policy_loss,-0.014882724732160568
968704,approx_kl,0.006238268688321114
968704,clipfrac,0.029541015625
968704,explained_variance,0.31410646438598633
968704,sps,570.0
969381,episodic_return,8822.943767000797
969381,episodic_length,947.0
970382,episodic_return,9327.527261147667
970382,episodic_length,1000.0
970752,value_loss,0.11489339172840118
970752,policy_loss,-0.0028844252228736877
970752,approx_kl,0.0008153747767210007
970752,clipfrac,0.002880859375
970752,explained_variance,0.2595300078392029
970752,sps,570.0
971251,episodic_return,8081.843890776444
971251,episodic_length,868.0
972252,episodic_return,9328.345335225808
972252,episodic_length,1000.0
972800,value_loss,0.02042395807802677
972800,policy_loss,-0.008866295218467712
972800,approx_kl,0.005207926966249943
972800,clipfrac,0.05322265625
972800,explained_variance,0.4709262251853943
972800,sps,570.0
973033,episodic_return,7264.905637281952
973033,episodic_length,780.0
974034,episodic_return,9328.311914226146
974034,episodic_length,1000.0
974756,episodic_return,6710.223770385958
974756,episodic_length,721.0
974848,value_loss,0.031119918450713158
974848,policy_loss,-0.001319771632552147
974848,approx_kl,0.00663349311798811
974848,clipfrac,0.02294921875
974848,explained_variance,0.41255247592926025
974848,sps,570.0
975653,episodic_return,8348.050873761222
975653,episodic_length,896.0
975807,episodic_return,1415.3034554661679
975807,episodic_length,153.0
976553,episodic_return,6936.464316579316
976553,episodic_length,745.0
976896,value_loss,0.027860864996910095
976896,policy_loss,-0.010633960366249084
976896,approx_kl,0.000634022057056427
976896,clipfrac,0.00107421875
976896,explained_variance,0.5964228212833405
976896,sps,570.0
977554,episodic_return,9329.32870864231
977554,episodic_length,1000.0
978555,episodic_return,9329.732723539053
978555,episodic_length,1000.0
978683,episodic_return,1173.1346382736672
978683,episodic_length,127.0
978944,value_loss,0.038959652185440063
978944,policy_loss,0.0008688643574714661
978944,approx_kl,0.006756084971129894
978944,clipfrac,0.01005859375
978944,explained_variance,0.17815876007080078
978944,sps,570.0
979684,episodic_return,9327.871491016995
979684,episodic_length,1000.0
980685,episodic_return,9328.334818168085
980685,episodic_length,1000.0
980992,value_loss,0.09672337025403976
980992,policy_loss,-0.00045305490493774414
980992,approx_kl,0.0025285324081778526
980992,clipfrac,0.0146484375
980992,explained_variance,-0.08292138576507568
980992,sps,570.0
981469,episodic_return,7290.259270714091
981469,episodic_length,783.0
982470,episodic_return,9326.920957420765
982470,episodic_length,1000.0
983040,value_loss,0.02006230130791664
983040,policy_loss,0.0014696568250656128
983040,approx_kl,0.0027065230533480644
983040,clipfrac,0.005517578125
983040,explained_variance,0.49322009086608887
983040,sps,570.0
983306,episodic_return,7775.763358089973
983306,episodic_length,835.0
983621,episodic_return,2915.8970636401623
983621,episodic_length,314.0
984622,episodic_return,9328.39509669184
984622,episodic_length,1000.0
984659,episodic_return,324.3401323553248
984659,episodic_length,36.0
984755,episodic_return,873.630282094825
984755,episodic_length,95.0
985088,value_loss,0.13389861583709717
985088,policy_loss,-0.02256939932703972
985088,approx_kl,0.005515339784324169
985088,clipfrac,0.024072265625
985088,explained_variance,0.4496093988418579
985088,sps,570.0
985186,episodic_return,3997.357000277021
985186,episodic_length,430.0
986187,episodic_return,9331.309146814117
986187,episodic_length,1000.0
987136,value_loss,0.0664999857544899
987136,policy_loss,-0.001285802572965622
987136,approx_kl,0.0014341864734888077
987136,clipfrac,0.00087890625
987136,explained_variance,0.4979364275932312
987136,sps,570.0
987188,episodic_return,9328.244515450915
987188,episodic_length,1000.0
987621,episodic_return,4018.6696995436478
987621,episodic_length,432.0
987985,episodic_return,3372.548146412324
987985,episodic_length,363.0
988760,episodic_return,7207.226104187692
988760,episodic_length,774.0
989184,value_loss,0.03206419199705124
989184,policy_loss,0.002986826002597809
989184,approx_kl,0.0015786010771989822
989184,clipfrac,0.00234375
989184,explained_variance,0.44587308168411255
989184,sps,570.0
989761,episodic_return,9326.166951543504
989761,episodic_length,1000.0
990762,episodic_return,9326.750038798595
990762,episodic_length,1000.0
991232,value_loss,0.03861875459551811
991232,policy_loss,-0.005621716380119324
991232,approx_kl,0.001134674996137619
991232,clipfrac,0.000732421875
991232,explained_variance,-0.20262551307678223
991232,sps,570.0
991472,episodic_return,6599.974178718426
991472,episodic_length,709.0
992473,episodic_return,9329.282974546057
992473,episodic_length,1000.0
992856,episodic_return,3551.485197072788
992856,episodic_length,382.0
993280,value_loss,0.05734951049089432
993280,policy_loss,-0.0006384477019309998
993280,approx_kl,0.00032996106892824173
993280,clipfrac,0.0
993280,explained_variance,0.4694438576698303
993280,sps,570.0
993857,episodic_return,9323.858147598978
993857,episodic_length,1000.0
994170,episodic_return,2896.103295050293
994170,episodic_length,312.0
995171,episodic_return,9329.393981933817
995171,episodic_length,1000.0
995328,value_loss,0.0837533101439476
995328,policy_loss,-0.0002829618752002716
995328,approx_kl,9.625498205423355e-05
995328,clipfrac,0.0
995328,explained_variance,0.3307991027832031
995328,sps,570.0
996172,episodic_return,9330.327767612076
996172,episodic_length,1000.0
996749,episodic_return,5360.732295418493
996749,episodic_length,576.0
996839,episodic_return,818.106732736262
996839,episodic_length,89.0
997376,value_loss,0.1435627043247223
997376,policy_loss,-0.005389846861362457
997376,approx_kl,0.00031255651265382767
997376,clipfrac,0.0
997376,explained_variance,0.36039096117019653
997376,sps,570.0
997840,episodic_return,9326.126692202817
997840,episodic_length,1000.0
998665,episodic_return,7674.225189753356
998665,episodic_length,824.0
999277,episodic_return,5688.209243017182
999277,episodic_length,611.0
999424,value_loss,0.013782172463834286
999424,policy_loss,0.00031239911913871765
999424,approx_kl,1.2462027370929718e-05
999424,clipfrac,0.0
999424,explained_variance,0.4619715213775635
999424,sps,570.0
