global_step,metric,value
1000,episodic_return,-357.26982107809687
1000,episodic_length,1000.0
2001,episodic_return,-319.6215545258403
2001,episodic_length,1000.0
2048,value_loss,0.2007889449596405
2048,policy_loss,-0.12391963601112366
2048,approx_kl,0.1755131483078003
2048,clipfrac,0.350146484375
2048,explained_variance,-0.8526695966720581
2048,sps,512.0
3002,episodic_return,-380.191098481071
3002,episodic_length,1000.0
4003,episodic_return,-318.62184217027465
4003,episodic_length,1000.0
4096,value_loss,0.11887157708406448
4096,policy_loss,-0.21053475141525269
4096,approx_kl,0.5755757689476013
4096,clipfrac,0.488720703125
4096,explained_variance,-0.7505871057510376
4096,sps,546.0
5004,episodic_return,-353.4188915867084
5004,episodic_length,1000.0
6005,episodic_return,-248.27370603898854
6005,episodic_length,1000.0
6144,value_loss,0.12592190504074097
6144,policy_loss,-0.2840718626976013
6144,approx_kl,0.5999850630760193
6144,clipfrac,0.52734375
6144,explained_variance,-0.03248262405395508
6144,sps,564.0
7006,episodic_return,-154.9069604791111
7006,episodic_length,1000.0
8007,episodic_return,-286.68847569738256
8007,episodic_length,1000.0
8192,value_loss,0.06075451150536537
8192,policy_loss,-0.1552533507347107
8192,approx_kl,0.8983426094055176
8192,clipfrac,0.6349609375
8192,explained_variance,-0.3853369951248169
8192,sps,574.0
9008,episodic_return,-345.6001729668198
9008,episodic_length,1000.0
10009,episodic_return,-344.80441216596193
10009,episodic_length,1000.0
10240,value_loss,0.029007382690906525
10240,policy_loss,-0.16452127695083618
10240,approx_kl,0.7612385749816895
10240,clipfrac,0.642236328125
10240,explained_variance,0.09437745809555054
10240,sps,581.0
11010,episodic_return,-371.875838021934
11010,episodic_length,1000.0
12011,episodic_return,-448.22229863741273
12011,episodic_length,1000.0
12288,value_loss,0.042049258947372437
12288,policy_loss,-1.0013686418533325
12288,approx_kl,1.0156937837600708
12288,clipfrac,0.616748046875
12288,explained_variance,-0.44912636280059814
12288,sps,580.0
13012,episodic_return,-435.03265269057437
13012,episodic_length,1000.0
14013,episodic_return,-335.2906903041868
14013,episodic_length,1000.0
14336,value_loss,0.02663598768413067
14336,policy_loss,-0.005375362932682037
14336,approx_kl,0.2966398596763611
14336,clipfrac,0.588671875
14336,explained_variance,0.11886411905288696
14336,sps,585.0
15014,episodic_return,-279.81711642468105
15014,episodic_length,1000.0
16015,episodic_return,-414.6899301681714
16015,episodic_length,1000.0
16384,value_loss,0.03849473595619202
16384,policy_loss,-0.12191714346408844
16384,approx_kl,0.7720277309417725
16384,clipfrac,0.687353515625
16384,explained_variance,0.2092043161392212
16384,sps,587.0
17016,episodic_return,-312.10603076411775
17016,episodic_length,1000.0
18017,episodic_return,-342.8241622491128
18017,episodic_length,1000.0
18432,value_loss,0.040933962911367416
18432,policy_loss,-0.6953260898590088
18432,approx_kl,0.9047089219093323
18432,clipfrac,0.6421875
18432,explained_variance,-0.03153395652770996
18432,sps,585.0
19018,episodic_return,-382.8023464099656
19018,episodic_length,1000.0
20019,episodic_return,-305.5818971548542
20019,episodic_length,1000.0
20480,value_loss,0.1123829334974289
20480,policy_loss,-0.44435080885887146
20480,approx_kl,1.0699539184570312
20480,clipfrac,0.65625
20480,explained_variance,0.2001262903213501
20480,sps,586.0
21020,episodic_return,-483.4723975178293
21020,episodic_length,1000.0
22021,episodic_return,-414.18509695652017
22021,episodic_length,1000.0
22528,value_loss,0.06433834880590439
22528,policy_loss,-0.5234334468841553
22528,approx_kl,1.008954644203186
22528,clipfrac,0.680126953125
22528,explained_variance,0.07453292608261108
22528,sps,584.0
23022,episodic_return,-475.4001546173298
23022,episodic_length,1000.0
24023,episodic_return,-316.9572182098511
24023,episodic_length,1000.0
24576,value_loss,0.03276657313108444
24576,policy_loss,-0.48106488585472107
24576,approx_kl,1.4633560180664062
24576,clipfrac,0.6982421875
24576,explained_variance,0.09348899126052856
24576,sps,589.0
25024,episodic_return,-325.989160970129
25024,episodic_length,1000.0
26025,episodic_return,-250.13479265200095
26025,episodic_length,1000.0
26624,value_loss,0.033840835094451904
26624,policy_loss,-0.12697730958461761
26624,approx_kl,0.8674121499061584
26624,clipfrac,0.691796875
26624,explained_variance,0.03154432773590088
26624,sps,591.0
27026,episodic_return,-250.63496231521785
27026,episodic_length,1000.0
28027,episodic_return,-334.84096995136485
28027,episodic_length,1000.0
28672,value_loss,0.053546465933322906
28672,policy_loss,0.11704720556735992
28672,approx_kl,0.9798091650009155
28672,clipfrac,0.699609375
28672,explained_variance,-0.00870060920715332
28672,sps,593.0
29028,episodic_return,-237.35089832740306
29028,episodic_length,1000.0
30029,episodic_return,-237.63944710410104
30029,episodic_length,1000.0
30720,value_loss,0.0224053505808115
30720,policy_loss,0.10683301836252213
30720,approx_kl,0.6161656379699707
30720,clipfrac,0.640380859375
30720,explained_variance,0.08311420679092407
30720,sps,594.0
31030,episodic_return,-211.21453080175846
31030,episodic_length,1000.0
32031,episodic_return,-266.6270202342453
32031,episodic_length,1000.0
32768,value_loss,0.03008764237165451
32768,policy_loss,-0.20160257816314697
32768,approx_kl,1.9637463092803955
32768,clipfrac,0.74111328125
32768,explained_variance,-0.06667852401733398
32768,sps,595.0
33032,episodic_return,-221.53312982673805
33032,episodic_length,1000.0
34033,episodic_return,-180.2834504367323
34033,episodic_length,1000.0
34816,value_loss,0.027780426666140556
34816,policy_loss,-0.14824873208999634
34816,approx_kl,1.3939857482910156
34816,clipfrac,0.71552734375
34816,explained_variance,0.14018964767456055
34816,sps,593.0
35034,episodic_return,-222.67918317858533
35034,episodic_length,1000.0
36035,episodic_return,-195.51676688719579
36035,episodic_length,1000.0
36864,value_loss,0.06358475983142853
36864,policy_loss,-0.6308526396751404
36864,approx_kl,1.1864597797393799
36864,clipfrac,0.70458984375
36864,explained_variance,0.06699764728546143
36864,sps,593.0
37036,episodic_return,-197.63288862848492
37036,episodic_length,1000.0
38037,episodic_return,-95.78263694600189
38037,episodic_length,1000.0
38912,value_loss,0.027145765721797943
38912,policy_loss,-0.40322089195251465
38912,approx_kl,0.8345354795455933
38912,clipfrac,0.708203125
38912,explained_variance,0.23933517932891846
38912,sps,592.0
39038,episodic_return,-50.31551942074581
39038,episodic_length,1000.0
40039,episodic_return,-19.069174304002924
40039,episodic_length,1000.0
40960,value_loss,0.025479258969426155
40960,policy_loss,-0.15062546730041504
40960,approx_kl,0.9929490089416504
40960,clipfrac,0.76279296875
40960,explained_variance,0.19640827178955078
40960,sps,594.0
41040,episodic_return,-20.127242818616068
41040,episodic_length,1000.0
42041,episodic_return,-169.1459589883127
42041,episodic_length,1000.0
43008,value_loss,0.06930989027023315
43008,policy_loss,-1.379813551902771
43008,approx_kl,1.8353917598724365
43008,clipfrac,0.6962890625
43008,explained_variance,0.3729366064071655
43008,sps,595.0
43042,episodic_return,-87.3076635990461
43042,episodic_length,1000.0
44043,episodic_return,-147.4475310036731
44043,episodic_length,1000.0
45044,episodic_return,-182.81408338089904
45044,episodic_length,1000.0
45056,value_loss,0.048864755779504776
45056,policy_loss,0.08073100447654724
45056,approx_kl,1.9084277153015137
45056,clipfrac,0.750634765625
45056,explained_variance,0.2733856439590454
45056,sps,596.0
46045,episodic_return,-227.96843211729774
46045,episodic_length,1000.0
47046,episodic_return,-167.3299536535667
47046,episodic_length,1000.0
47104,value_loss,0.025506410747766495
47104,policy_loss,-0.23697394132614136
47104,approx_kl,1.2317149639129639
47104,clipfrac,0.712939453125
47104,explained_variance,0.19984376430511475
47104,sps,595.0
48047,episodic_return,-111.76901414320415
48047,episodic_length,1000.0
49048,episodic_return,-140.09229556768204
49048,episodic_length,1000.0
49152,value_loss,0.03123403899371624
49152,policy_loss,-0.6173996329307556
49152,approx_kl,1.1907275915145874
49152,clipfrac,0.78095703125
49152,explained_variance,0.4625937342643738
49152,sps,594.0
50049,episodic_return,-276.71448366148417
50049,episodic_length,1000.0
51050,episodic_return,-137.6532319327728
51050,episodic_length,1000.0
51200,value_loss,0.03515004366636276
51200,policy_loss,-1.5700856447219849
51200,approx_kl,1.9674954414367676
51200,clipfrac,0.745654296875
51200,explained_variance,0.38820046186447144
51200,sps,592.0
52051,episodic_return,-150.20978780920467
52051,episodic_length,1000.0
53052,episodic_return,-48.97895667265906
53052,episodic_length,1000.0
53248,value_loss,0.039102375507354736
53248,policy_loss,-0.2613198161125183
53248,approx_kl,1.169711709022522
53248,clipfrac,0.70947265625
53248,explained_variance,0.10443747043609619
53248,sps,593.0
54053,episodic_return,-171.83341111827954
54053,episodic_length,1000.0
55054,episodic_return,-275.20281255723233
55054,episodic_length,1000.0
55296,value_loss,0.04026231914758682
55296,policy_loss,-4.90910530090332
55296,approx_kl,4.491986274719238
55296,clipfrac,0.781298828125
55296,explained_variance,0.11317169666290283
55296,sps,592.0
56055,episodic_return,-302.24881730779316
56055,episodic_length,1000.0
57056,episodic_return,-193.3344108498617
57056,episodic_length,1000.0
57344,value_loss,0.02142161689698696
57344,policy_loss,-0.09987698495388031
57344,approx_kl,1.2651987075805664
57344,clipfrac,0.7431640625
57344,explained_variance,0.23418015241622925
57344,sps,592.0
58057,episodic_return,-129.40611126348875
58057,episodic_length,1000.0
59058,episodic_return,-223.96855153207173
59058,episodic_length,1000.0
59392,value_loss,0.05916427820920944
59392,policy_loss,-0.35291990637779236
59392,approx_kl,1.500929594039917
59392,clipfrac,0.764111328125
59392,explained_variance,0.32602936029434204
59392,sps,592.0
60059,episodic_return,-236.0782185985346
60059,episodic_length,1000.0
61060,episodic_return,-190.1530060544001
61060,episodic_length,1000.0
61440,value_loss,0.06893163919448853
61440,policy_loss,-0.2281591147184372
61440,approx_kl,2.0344247817993164
61440,clipfrac,0.781982421875
61440,explained_variance,0.32562899589538574
61440,sps,592.0
62061,episodic_return,-7.667312122877805
62061,episodic_length,1000.0
63062,episodic_return,20.644182938542105
63062,episodic_length,1000.0
63488,value_loss,0.029490910470485687
63488,policy_loss,-0.7432874441146851
63488,approx_kl,1.2000361680984497
63488,clipfrac,0.748193359375
63488,explained_variance,0.3346489667892456
63488,sps,593.0
64063,episodic_return,-164.86608876487367
64063,episodic_length,1000.0
65064,episodic_return,-62.90222749491454
65064,episodic_length,1000.0
65536,value_loss,0.037496648728847504
65536,policy_loss,-0.5887227058410645
65536,approx_kl,2.0427346229553223
65536,clipfrac,0.76455078125
65536,explained_variance,0.33827120065689087
65536,sps,592.0
66065,episodic_return,-166.60325581764567
66065,episodic_length,1000.0
67066,episodic_return,-133.06587014943457
67066,episodic_length,1000.0
67584,value_loss,0.0329856239259243
67584,policy_loss,-0.8251426219940186
67584,approx_kl,2.4414830207824707
67584,clipfrac,0.774658203125
67584,explained_variance,0.4747583270072937
67584,sps,593.0
68067,episodic_return,-60.70953526495023
68067,episodic_length,1000.0
69068,episodic_return,-41.783391678996445
69068,episodic_length,1000.0
69632,value_loss,0.03141769766807556
69632,policy_loss,-0.29167118668556213
69632,approx_kl,1.605472445487976
69632,clipfrac,0.778955078125
69632,explained_variance,0.6732005476951599
69632,sps,594.0
70069,episodic_return,-131.75632232095683
70069,episodic_length,1000.0
71070,episodic_return,11.55228433413348
71070,episodic_length,1000.0
71680,value_loss,0.023929469287395477
71680,policy_loss,-0.47964704036712646
71680,approx_kl,1.3084015846252441
71680,clipfrac,0.76689453125
71680,explained_variance,0.6245854794979095
71680,sps,594.0
72071,episodic_return,-137.90604482774046
72071,episodic_length,1000.0
73072,episodic_return,8.895460952999992
73072,episodic_length,1000.0
73728,value_loss,0.06050816923379898
73728,policy_loss,0.03318887948989868
73728,approx_kl,0.9307974576950073
73728,clipfrac,0.690283203125
73728,explained_variance,0.7049674391746521
73728,sps,593.0
74073,episodic_return,-177.44099576788955
74073,episodic_length,1000.0
75074,episodic_return,-107.50032199126719
75074,episodic_length,1000.0
75776,value_loss,0.06125493347644806
75776,policy_loss,-0.5087305307388306
75776,approx_kl,1.7772748470306396
75776,clipfrac,0.75419921875
75776,explained_variance,0.7164143025875092
75776,sps,593.0
76075,episodic_return,17.26052989388648
76075,episodic_length,1000.0
77076,episodic_return,-30.544416191226997
77076,episodic_length,1000.0
77824,value_loss,0.036292269825935364
77824,policy_loss,-0.21106581389904022
77824,approx_kl,1.2825921773910522
77824,clipfrac,0.797216796875
77824,explained_variance,0.7899842262268066
77824,sps,593.0
78077,episodic_return,-123.87053185096798
78077,episodic_length,1000.0
79078,episodic_return,-2.4671669006419186
79078,episodic_length,1000.0
79872,value_loss,0.025039445608854294
79872,policy_loss,-0.7432392239570618
79872,approx_kl,1.5447063446044922
79872,clipfrac,0.80556640625
79872,explained_variance,0.6476198434829712
79872,sps,592.0
80079,episodic_return,-30.473704990524435
80079,episodic_length,1000.0
81080,episodic_return,-98.16540505110554
81080,episodic_length,1000.0
81920,value_loss,0.054043855518102646
81920,policy_loss,-1.7874122858047485
81920,approx_kl,1.843131184577942
81920,clipfrac,0.7205078125
81920,explained_variance,0.5977726876735687
81920,sps,592.0
82081,episodic_return,14.185214438954844
82081,episodic_length,1000.0
83082,episodic_return,44.61067767749791
83082,episodic_length,1000.0
83968,value_loss,0.047703925520181656
83968,policy_loss,-0.49007898569107056
83968,approx_kl,1.6750428676605225
83968,clipfrac,0.78798828125
83968,explained_variance,0.6544533967971802
83968,sps,593.0
84083,episodic_return,-33.11426325005779
84083,episodic_length,1000.0
85084,episodic_return,-29.993684853944483
85084,episodic_length,1000.0
86016,value_loss,0.043020978569984436
86016,policy_loss,-0.044384509325027466
86016,approx_kl,1.7157822847366333
86016,clipfrac,0.833154296875
86016,explained_variance,0.5391592979431152
86016,sps,593.0
86085,episodic_return,126.35990508302807
86085,episodic_length,1000.0
87086,episodic_return,-85.29936761215592
87086,episodic_length,1000.0
88064,value_loss,0.02417186088860035
88064,policy_loss,-0.22025582194328308
88064,approx_kl,1.3953230381011963
88064,clipfrac,0.843359375
88064,explained_variance,0.6544868648052216
88064,sps,593.0
88087,episodic_return,129.72348166774154
88087,episodic_length,1000.0
89088,episodic_return,37.224067738633
89088,episodic_length,1000.0
90089,episodic_return,6.3489446323616185
90089,episodic_length,1000.0
90112,value_loss,0.023613188415765762
90112,policy_loss,-0.43203204870224
90112,approx_kl,1.8379038572311401
90112,clipfrac,0.8189453125
90112,explained_variance,0.5755987167358398
90112,sps,593.0
91090,episodic_return,2.3503324579256306
91090,episodic_length,1000.0
92091,episodic_return,90.34682177036957
92091,episodic_length,1000.0
92160,value_loss,0.01947668567299843
92160,policy_loss,-0.4397914409637451
92160,approx_kl,1.5420143604278564
92160,clipfrac,0.824658203125
92160,explained_variance,0.6373326778411865
92160,sps,594.0
93092,episodic_return,155.68268104421568
93092,episodic_length,1000.0
94093,episodic_return,31.150061078848147
94093,episodic_length,1000.0
94208,value_loss,0.05921607464551926
94208,policy_loss,-0.006862949579954147
94208,approx_kl,1.594268798828125
94208,clipfrac,0.79287109375
94208,explained_variance,0.7824424505233765
94208,sps,594.0
95094,episodic_return,-58.39886047983991
95094,episodic_length,1000.0
96095,episodic_return,83.61283161255092
96095,episodic_length,1000.0
96256,value_loss,0.024440746754407883
96256,policy_loss,-0.36560219526290894
96256,approx_kl,1.747586727142334
96256,clipfrac,0.823974609375
96256,explained_variance,0.5682964622974396
96256,sps,594.0
97096,episodic_return,44.920057651225214
97096,episodic_length,1000.0
98097,episodic_return,-1.841522028737514
98097,episodic_length,1000.0
98304,value_loss,0.014666935428977013
98304,policy_loss,-1.939633846282959
98304,approx_kl,4.7133331298828125
98304,clipfrac,0.798828125
98304,explained_variance,0.3921198844909668
98304,sps,594.0
99098,episodic_return,76.30375021034264
99098,episodic_length,1000.0
100099,episodic_return,99.88612369577392
100099,episodic_length,1000.0
100352,value_loss,0.023768380284309387
100352,policy_loss,-3.3726553916931152
100352,approx_kl,2.2507078647613525
100352,clipfrac,0.809423828125
100352,explained_variance,0.6279202401638031
100352,sps,595.0
101100,episodic_return,-0.7564916070395287
101100,episodic_length,1000.0
102101,episodic_return,-27.634723182823304
102101,episodic_length,1000.0
102400,value_loss,0.022942865267395973
102400,policy_loss,-0.9394058585166931
102400,approx_kl,3.2360453605651855
102400,clipfrac,0.814990234375
102400,explained_variance,0.7417194545269012
102400,sps,595.0
103102,episodic_return,-28.4363385398573
103102,episodic_length,1000.0
104103,episodic_return,-18.998739442267702
104103,episodic_length,1000.0
104448,value_loss,0.02706066705286503
104448,policy_loss,-0.49267157912254333
104448,approx_kl,2.022892951965332
104448,clipfrac,0.852734375
104448,explained_variance,0.7616259008646011
104448,sps,596.0
105104,episodic_return,-30.27218971544633
105104,episodic_length,1000.0
106105,episodic_return,-129.9650737904149
106105,episodic_length,1000.0
106496,value_loss,0.06189759075641632
106496,policy_loss,-1.9883638620376587
106496,approx_kl,5.441884994506836
106496,clipfrac,0.863330078125
106496,explained_variance,0.6130842864513397
106496,sps,596.0
107106,episodic_return,67.55728184600605
107106,episodic_length,1000.0
108107,episodic_return,83.97093256375229
108107,episodic_length,1000.0
108544,value_loss,0.020257461816072464
108544,policy_loss,-1.0234694480895996
108544,approx_kl,2.8252291679382324
108544,clipfrac,0.83408203125
108544,explained_variance,0.3155539631843567
108544,sps,596.0
109108,episodic_return,51.489359836319714
109108,episodic_length,1000.0
110109,episodic_return,40.10697502256392
110109,episodic_length,1000.0
110592,value_loss,0.031161492690443993
110592,policy_loss,-0.17114396393299103
110592,approx_kl,1.6930568218231201
110592,clipfrac,0.805224609375
110592,explained_variance,0.5458942949771881
110592,sps,596.0
111110,episodic_return,50.97280461869259
111110,episodic_length,1000.0
112111,episodic_return,-146.34163770823983
112111,episodic_length,1000.0
112640,value_loss,0.04286928102374077
112640,policy_loss,-0.23207435011863708
112640,approx_kl,2.0028767585754395
112640,clipfrac,0.84267578125
112640,explained_variance,0.7503605335950851
112640,sps,596.0
113112,episodic_return,-47.240368019212795
113112,episodic_length,1000.0
114113,episodic_return,-34.76451595152546
114113,episodic_length,1000.0
114688,value_loss,0.014977767132222652
114688,policy_loss,-2.568362236022949
114688,approx_kl,6.468449115753174
114688,clipfrac,0.86962890625
114688,explained_variance,0.5058017373085022
114688,sps,596.0
115114,episodic_return,-140.67245348898987
115114,episodic_length,1000.0
116115,episodic_return,-64.26746346415483
116115,episodic_length,1000.0
116736,value_loss,0.0509842187166214
116736,policy_loss,-0.9071995615959167
116736,approx_kl,2.4195804595947266
116736,clipfrac,0.814111328125
116736,explained_variance,0.6683319807052612
116736,sps,595.0
117116,episodic_return,-113.3415838036279
117116,episodic_length,1000.0
118117,episodic_return,-30.610567886816934
118117,episodic_length,1000.0
118784,value_loss,0.02160089649260044
118784,policy_loss,-1.9233477115631104
118784,approx_kl,3.7616167068481445
118784,clipfrac,0.833642578125
118784,explained_variance,0.5831592977046967
118784,sps,595.0
119118,episodic_return,106.56664483578247
119118,episodic_length,1000.0
120119,episodic_return,39.87877724329066
120119,episodic_length,1000.0
120832,value_loss,0.029098793864250183
120832,policy_loss,-0.1944098174571991
120832,approx_kl,2.517242908477783
120832,clipfrac,0.86259765625
120832,explained_variance,0.7096031010150909
120832,sps,596.0
121120,episodic_return,-80.29076532227681
121120,episodic_length,1000.0
122121,episodic_return,11.535358426846866
122121,episodic_length,1000.0
122880,value_loss,0.015703924000263214
122880,policy_loss,-26.103652954101562
122880,approx_kl,19.0703125
122880,clipfrac,0.792626953125
122880,explained_variance,0.6559917032718658
122880,sps,596.0
123122,episodic_return,108.96014843768725
123122,episodic_length,1000.0
124123,episodic_return,-121.40037906040085
124123,episodic_length,1000.0
124928,value_loss,0.027201786637306213
124928,policy_loss,-7.974703311920166
124928,approx_kl,27.818323135375977
124928,clipfrac,0.87470703125
124928,explained_variance,0.7293215990066528
124928,sps,596.0
125124,episodic_return,-120.273523188193
125124,episodic_length,1000.0
126125,episodic_return,1.6117809404380001
126125,episodic_length,1000.0
126976,value_loss,0.015586675144731998
126976,policy_loss,-0.1489124745130539
126976,approx_kl,1.2889008522033691
126976,clipfrac,0.818310546875
126976,explained_variance,0.7695417106151581
126976,sps,596.0
127126,episodic_return,25.266382511453262
127126,episodic_length,1000.0
128127,episodic_return,72.08160922489996
128127,episodic_length,1000.0
129024,value_loss,0.035813938826322556
129024,policy_loss,-0.299078106880188
129024,approx_kl,2.4130711555480957
129024,clipfrac,0.8537109375
129024,explained_variance,0.7807710915803909
129024,sps,597.0
129128,episodic_return,-205.18172637873172
129128,episodic_length,1000.0
130129,episodic_return,38.73833472779283
130129,episodic_length,1000.0
131072,value_loss,0.02729908563196659
131072,policy_loss,-0.705323338508606
131072,approx_kl,2.90470552444458
131072,clipfrac,0.85849609375
131072,explained_variance,0.5977745950222015
131072,sps,598.0
131130,episodic_return,-41.088380072530434
131130,episodic_length,1000.0
132131,episodic_return,-10.368909487488141
132131,episodic_length,1000.0
133120,value_loss,0.02117627114057541
133120,policy_loss,-2.1696979999542236
133120,approx_kl,10.010246276855469
133120,clipfrac,0.851171875
133120,explained_variance,0.7730403542518616
133120,sps,598.0
133132,episodic_return,-43.131823441884634
133132,episodic_length,1000.0
134133,episodic_return,13.497843621165858
134133,episodic_length,1000.0
135134,episodic_return,-19.534116900646385
135134,episodic_length,1000.0
135168,value_loss,0.021134044975042343
135168,policy_loss,-0.5229203104972839
135168,approx_kl,2.412745475769043
135168,clipfrac,0.864794921875
135168,explained_variance,0.4311211109161377
135168,sps,599.0
136135,episodic_return,70.50094771976914
136135,episodic_length,1000.0
137136,episodic_return,74.02426593856
137136,episodic_length,1000.0
137216,value_loss,0.014240163378417492
137216,policy_loss,-0.311027467250824
137216,approx_kl,1.4875638484954834
137216,clipfrac,0.86689453125
137216,explained_variance,0.7256852686405182
137216,sps,599.0
138137,episodic_return,37.787994714026574
138137,episodic_length,1000.0
139138,episodic_return,78.23498227220647
139138,episodic_length,1000.0
139264,value_loss,0.025175001472234726
139264,policy_loss,-0.14665178954601288
139264,approx_kl,2.900570869445801
139264,clipfrac,0.892578125
139264,explained_variance,-0.0008127689361572266
139264,sps,599.0
140139,episodic_return,114.8768011104103
140139,episodic_length,1000.0
141140,episodic_return,58.14203029027823
141140,episodic_length,1000.0
141312,value_loss,0.06547312438488007
141312,policy_loss,-1.5675256252288818
141312,approx_kl,2.591731071472168
141312,clipfrac,0.85517578125
141312,explained_variance,0.6653681993484497
141312,sps,599.0
142141,episodic_return,91.1727586762857
142141,episodic_length,1000.0
143142,episodic_return,218.8965794335014
143142,episodic_length,1000.0
143360,value_loss,0.04528079926967621
143360,policy_loss,-0.13306358456611633
143360,approx_kl,1.7018179893493652
143360,clipfrac,0.843603515625
143360,explained_variance,0.8064470589160919
143360,sps,599.0
144143,episodic_return,-275.8466094172387
144143,episodic_length,1000.0
145144,episodic_return,60.540034149586816
145144,episodic_length,1000.0
145408,value_loss,0.07307948917150497
145408,policy_loss,-0.1125292256474495
145408,approx_kl,2.410554885864258
145408,clipfrac,0.867236328125
145408,explained_variance,0.8075234293937683
145408,sps,600.0
146145,episodic_return,21.493016131427293
146145,episodic_length,1000.0
147146,episodic_return,-213.7446711348121
147146,episodic_length,1000.0
147456,value_loss,0.06171814352273941
147456,policy_loss,-0.6313127279281616
147456,approx_kl,2.493361234664917
147456,clipfrac,0.86259765625
147456,explained_variance,0.8105582743883133
147456,sps,599.0
148147,episodic_return,66.15815991294657
148147,episodic_length,1000.0
149148,episodic_return,95.1667100069647
149148,episodic_length,1000.0
149504,value_loss,0.05784125626087189
149504,policy_loss,-0.2150636613368988
149504,approx_kl,1.7700165510177612
149504,clipfrac,0.850341796875
149504,explained_variance,0.8267657458782196
149504,sps,600.0
150149,episodic_return,-48.51348105942634
150149,episodic_length,1000.0
151150,episodic_return,131.29189400055708
151150,episodic_length,1000.0
151552,value_loss,0.014873546548187733
151552,policy_loss,-0.09350433945655823
151552,approx_kl,2.0523016452789307
151552,clipfrac,0.87724609375
151552,explained_variance,-0.005998015403747559
151552,sps,600.0
152151,episodic_return,161.40992942979747
152151,episodic_length,1000.0
153152,episodic_return,212.65673103049784
153152,episodic_length,1000.0
153600,value_loss,0.06316154450178146
153600,policy_loss,-0.5730756521224976
153600,approx_kl,3.0700573921203613
153600,clipfrac,0.853759765625
153600,explained_variance,0.8580835610628128
153600,sps,600.0
154153,episodic_return,-341.2716709279166
154153,episodic_length,1000.0
155154,episodic_return,-799.5811011551176
155154,episodic_length,1000.0
155648,value_loss,0.12551221251487732
155648,policy_loss,-0.6503768563270569
155648,approx_kl,3.662318706512451
155648,clipfrac,0.906005859375
155648,explained_variance,0.8660153299570084
155648,sps,599.0
156155,episodic_return,153.51247356959018
156155,episodic_length,1000.0
157156,episodic_return,185.20269309821197
157156,episodic_length,1000.0
157696,value_loss,0.01754003018140793
157696,policy_loss,-35.62561798095703
157696,approx_kl,16.45745277404785
157696,clipfrac,0.8814453125
157696,explained_variance,0.30197155475616455
157696,sps,600.0
158157,episodic_return,120.39208330768115
158157,episodic_length,1000.0
159158,episodic_return,179.1220909865777
159158,episodic_length,1000.0
159744,value_loss,0.014342818409204483
159744,policy_loss,-2.9076733589172363
159744,approx_kl,8.057632446289062
159744,clipfrac,0.90498046875
159744,explained_variance,0.31951916217803955
159744,sps,600.0
160159,episodic_return,170.71088360362958
160159,episodic_length,1000.0
161160,episodic_return,-450.45820643804313
161160,episodic_length,1000.0
161792,value_loss,0.10665076971054077
161792,policy_loss,-0.6441023349761963
161792,approx_kl,3.254746437072754
161792,clipfrac,0.91015625
161792,explained_variance,0.8737567216157913
161792,sps,600.0
162161,episodic_return,-179.2658373207473
162161,episodic_length,1000.0
163162,episodic_return,20.34322279391755
163162,episodic_length,1000.0
163840,value_loss,0.027658816426992416
163840,policy_loss,-125.89004516601562
163840,approx_kl,163.2225799560547
163840,clipfrac,0.91044921875
163840,explained_variance,0.7675214558839798
163840,sps,600.0
164163,episodic_return,124.45549411583755
164163,episodic_length,1000.0
165164,episodic_return,-141.26915937049333
165164,episodic_length,1000.0
165888,value_loss,0.05642298609018326
165888,policy_loss,-15.004648208618164
165888,approx_kl,8.188509941101074
165888,clipfrac,0.879296875
165888,explained_variance,0.8806160911917686
165888,sps,600.0
166165,episodic_return,-212.0106342562235
166165,episodic_length,1000.0
167166,episodic_return,-473.6968229677025
167166,episodic_length,1000.0
167936,value_loss,0.12032194435596466
167936,policy_loss,-1.3823165893554688
167936,approx_kl,3.4929327964782715
167936,clipfrac,0.91337890625
167936,explained_variance,0.8876796811819077
167936,sps,601.0
168167,episodic_return,-1060.7654555193762
168167,episodic_length,1000.0
169168,episodic_return,-421.3376603120233
169168,episodic_length,1000.0
169984,value_loss,0.12105675041675568
169984,policy_loss,-2.1671640872955322
169984,approx_kl,7.2136712074279785
169984,clipfrac,0.879150390625
169984,explained_variance,0.868464395403862
169984,sps,601.0
170169,episodic_return,-150.68222032072492
170169,episodic_length,1000.0
171170,episodic_return,168.19897754668636
171170,episodic_length,1000.0
172032,value_loss,0.026250431314110756
172032,policy_loss,-5.719631195068359
172032,approx_kl,4.286227226257324
172032,clipfrac,0.880810546875
172032,explained_variance,0.5977256596088409
172032,sps,600.0
172171,episodic_return,80.24166091010233
172171,episodic_length,1000.0
173172,episodic_return,74.78357355516934
173172,episodic_length,1000.0
174080,value_loss,0.01580965891480446
174080,policy_loss,-12.361891746520996
174080,approx_kl,18.128257751464844
174080,clipfrac,0.933349609375
174080,explained_variance,0.6747305691242218
174080,sps,600.0
174173,episodic_return,34.173152403813596
174173,episodic_length,1000.0
175174,episodic_return,114.01768939290903
175174,episodic_length,1000.0
176128,value_loss,0.03664777800440788
176128,policy_loss,-1.6532000303268433
176128,approx_kl,4.205671310424805
176128,clipfrac,0.931103515625
176128,explained_variance,0.42573386430740356
176128,sps,600.0
176175,episodic_return,80.268711216041
176175,episodic_length,1000.0
177176,episodic_return,135.22479853262075
177176,episodic_length,1000.0
178176,value_loss,0.042856425046920776
178176,policy_loss,-0.09355191141366959
178176,approx_kl,3.9496452808380127
178176,clipfrac,0.89833984375
178176,explained_variance,0.840518593788147
178176,sps,600.0
178177,episodic_return,-236.75536308647477
178177,episodic_length,1000.0
179178,episodic_return,68.46676372587338
179178,episodic_length,1000.0
180179,episodic_return,22.392316305703385
180179,episodic_length,1000.0
180224,value_loss,0.03231154382228851
180224,policy_loss,-0.7383733987808228
180224,approx_kl,2.4821150302886963
180224,clipfrac,0.886083984375
180224,explained_variance,0.7815910279750824
180224,sps,600.0
181180,episodic_return,-321.61311112465347
181180,episodic_length,1000.0
182181,episodic_return,85.80690372204407
182181,episodic_length,1000.0
182272,value_loss,0.12799327075481415
182272,policy_loss,-1.042059302330017
182272,approx_kl,3.6387221813201904
182272,clipfrac,0.893896484375
182272,explained_variance,0.8314336240291595
182272,sps,600.0
183182,episodic_return,43.88590240574123
183182,episodic_length,1000.0
184183,episodic_return,17.383770007468534
184183,episodic_length,1000.0
184320,value_loss,0.04264208674430847
184320,policy_loss,-0.8558328747749329
184320,approx_kl,2.566777229309082
184320,clipfrac,0.8873046875
184320,explained_variance,0.775625541806221
184320,sps,600.0
185184,episodic_return,106.78804475915082
185184,episodic_length,1000.0
186185,episodic_return,-101.61149060247045
186185,episodic_length,1000.0
186368,value_loss,0.020905878394842148
186368,policy_loss,-0.17088192701339722
186368,approx_kl,2.2285375595092773
186368,clipfrac,0.890673828125
186368,explained_variance,0.907636396586895
186368,sps,600.0
187186,episodic_return,-76.66660151665234
187186,episodic_length,1000.0
188187,episodic_return,-624.0940118085127
188187,episodic_length,1000.0
188416,value_loss,0.038690805435180664
188416,policy_loss,-0.2662469148635864
188416,approx_kl,3.527249813079834
188416,clipfrac,0.93896484375
188416,explained_variance,0.880331963300705
188416,sps,600.0
189188,episodic_return,-178.9166223324489
189188,episodic_length,1000.0
190189,episodic_return,-175.81299877651165
190189,episodic_length,1000.0
190464,value_loss,0.04305882751941681
190464,policy_loss,-0.22448453307151794
190464,approx_kl,3.033092975616455
190464,clipfrac,0.8962890625
190464,explained_variance,0.8453759402036667
190464,sps,600.0
191190,episodic_return,-424.8971953887072
191190,episodic_length,1000.0
192191,episodic_return,12.748339171982797
192191,episodic_length,1000.0
192512,value_loss,0.03662474453449249
192512,policy_loss,-0.6460838913917542
192512,approx_kl,2.583270311355591
192512,clipfrac,0.899072265625
192512,explained_variance,0.8540757745504379
192512,sps,600.0
193192,episodic_return,-456.7298037917027
193192,episodic_length,1000.0
194193,episodic_return,-522.3548691219851
194193,episodic_length,1000.0
194560,value_loss,0.057520218193531036
194560,policy_loss,-0.1604178547859192
194560,approx_kl,4.216159820556641
194560,clipfrac,0.93056640625
194560,explained_variance,0.565433919429779
194560,sps,600.0
195194,episodic_return,-244.60211169678044
195194,episodic_length,1000.0
196195,episodic_return,-123.92678595848334
196195,episodic_length,1000.0
196608,value_loss,0.01698600873351097
196608,policy_loss,-0.18970148265361786
196608,approx_kl,5.007238388061523
196608,clipfrac,0.9328125
196608,explained_variance,0.905099593102932
196608,sps,600.0
197196,episodic_return,-850.9646366833041
197196,episodic_length,1000.0
198197,episodic_return,-4.276515746066155
198197,episodic_length,1000.0
198656,value_loss,0.02497781813144684
198656,policy_loss,-0.49426573514938354
198656,approx_kl,3.326798677444458
198656,clipfrac,0.9216796875
198656,explained_variance,0.8942626267671585
198656,sps,600.0
199198,episodic_return,-367.7878257129778
199198,episodic_length,1000.0
200199,episodic_return,-206.58897998659452
200199,episodic_length,1000.0
200704,value_loss,0.055242374539375305
200704,policy_loss,-0.15951356291770935
200704,approx_kl,2.8961844444274902
200704,clipfrac,0.907763671875
200704,explained_variance,0.85270194709301
200704,sps,599.0
201200,episodic_return,38.44126734074312
201200,episodic_length,1000.0
202201,episodic_return,-315.89985276739054
202201,episodic_length,1000.0
202752,value_loss,0.027219705283641815
202752,policy_loss,-8.614523887634277
202752,approx_kl,10.166258811950684
202752,clipfrac,0.913525390625
202752,explained_variance,0.9034388586878777
202752,sps,599.0
203202,episodic_return,-47.37634933711564
203202,episodic_length,1000.0
204203,episodic_return,-9.846393097118646
204203,episodic_length,1000.0
204800,value_loss,0.03498418629169464
204800,policy_loss,-0.9516967535018921
204800,approx_kl,4.230203628540039
204800,clipfrac,0.933740234375
204800,explained_variance,0.8514834940433502
204800,sps,599.0
205204,episodic_return,-30.52552750521869
205204,episodic_length,1000.0
206205,episodic_return,-149.42170796604213
206205,episodic_length,1000.0
206848,value_loss,0.027293097227811813
206848,policy_loss,-8.280890464782715
206848,approx_kl,6.848355770111084
206848,clipfrac,0.93046875
206848,explained_variance,0.8901696875691414
206848,sps,599.0
207206,episodic_return,110.20988948010688
207206,episodic_length,1000.0
208207,episodic_return,-195.08421226107586
208207,episodic_length,1000.0
208896,value_loss,0.02726525068283081
208896,policy_loss,-0.27395784854888916
208896,approx_kl,5.31136417388916
208896,clipfrac,0.917333984375
208896,explained_variance,0.9345345497131348
208896,sps,599.0
209208,episodic_return,-870.8692545574942
209208,episodic_length,1000.0
210209,episodic_return,-767.2835446757654
210209,episodic_length,1000.0
210944,value_loss,0.04260501265525818
210944,policy_loss,-0.1568221151828766
210944,approx_kl,3.5627079010009766
210944,clipfrac,0.943310546875
210944,explained_variance,0.3732337951660156
210944,sps,599.0
211210,episodic_return,-725.969126034557
211210,episodic_length,1000.0
212211,episodic_return,-585.7567116060708
212211,episodic_length,1000.0
212992,value_loss,0.05556340888142586
212992,policy_loss,-0.17975923418998718
212992,approx_kl,6.272661209106445
212992,clipfrac,0.92685546875
212992,explained_variance,0.3395715355873108
212992,sps,598.0
213212,episodic_return,-596.0400175512198
213212,episodic_length,1000.0
214213,episodic_return,-590.9805353400175
214213,episodic_length,1000.0
215040,value_loss,0.018734179437160492
215040,policy_loss,-1.221284031867981
215040,approx_kl,4.779544830322266
215040,clipfrac,0.926953125
215040,explained_variance,0.3628963232040405
215040,sps,598.0
215214,episodic_return,-694.1416583740073
215214,episodic_length,1000.0
216215,episodic_return,5.699837373139992
216215,episodic_length,1000.0
217088,value_loss,0.03038129210472107
217088,policy_loss,-0.07823364436626434
217088,approx_kl,5.573192119598389
217088,clipfrac,0.955712890625
217088,explained_variance,0.9463528506457806
217088,sps,598.0
217216,episodic_return,-701.677154129707
217216,episodic_length,1000.0
218217,episodic_return,-772.8432573819018
218217,episodic_length,1000.0
219136,value_loss,0.020491544157266617
219136,policy_loss,-0.3122591972351074
219136,approx_kl,3.3773131370544434
219136,clipfrac,0.90966796875
219136,explained_variance,0.19271141290664673
219136,sps,598.0
219218,episodic_return,-762.4060103029421
219218,episodic_length,1000.0
220219,episodic_return,147.28018023013516
220219,episodic_length,1000.0
221184,value_loss,0.039302416145801544
221184,policy_loss,0.05815529823303223
221184,approx_kl,36.154571533203125
221184,clipfrac,0.931298828125
221184,explained_variance,0.9618439115583897
221184,sps,598.0
221220,episodic_return,-736.455633135418
221220,episodic_length,1000.0
222221,episodic_return,-296.4157791322419
222221,episodic_length,1000.0
223222,episodic_return,-505.2956674711081
223222,episodic_length,1000.0
223232,value_loss,0.05384444817900658
223232,policy_loss,-8.60724925994873
223232,approx_kl,8.575289726257324
223232,clipfrac,0.919140625
223232,explained_variance,0.9287857711315155
223232,sps,598.0
224223,episodic_return,-707.5876547362251
224223,episodic_length,1000.0
225224,episodic_return,-729.3862085100079
225224,episodic_length,1000.0
225280,value_loss,0.016269270330667496
225280,policy_loss,-0.12693919241428375
225280,approx_kl,6.452797889709473
225280,clipfrac,0.942333984375
225280,explained_variance,0.5461448729038239
225280,sps,598.0
226225,episodic_return,-46.65155473728676
226225,episodic_length,1000.0
227226,episodic_return,-611.395206319531
227226,episodic_length,1000.0
227328,value_loss,0.06232456862926483
227328,policy_loss,-0.40054479241371155
227328,approx_kl,7.0382490158081055
227328,clipfrac,0.956201171875
227328,explained_variance,0.9173939079046249
227328,sps,598.0
228227,episodic_return,-607.6344110371035
228227,episodic_length,1000.0
229228,episodic_return,-667.2743738180623
229228,episodic_length,1000.0
229376,value_loss,0.030764123424887657
229376,policy_loss,-0.07548479735851288
229376,approx_kl,9.76473617553711
229376,clipfrac,0.9375
229376,explained_variance,0.15528792142868042
229376,sps,598.0
230229,episodic_return,-83.65961930316972
230229,episodic_length,1000.0
231230,episodic_return,-563.6181842106943
231230,episodic_length,1000.0
231424,value_loss,0.01575658656656742
231424,policy_loss,0.15444105863571167
231424,approx_kl,3.827645778656006
231424,clipfrac,0.9291015625
231424,explained_variance,0.935049794614315
231424,sps,598.0
232231,episodic_return,-557.0007078537733
232231,episodic_length,1000.0
233232,episodic_return,-608.1492548041554
233232,episodic_length,1000.0
233472,value_loss,0.03217129036784172
233472,policy_loss,-0.2494407594203949
233472,approx_kl,3.7290995121002197
233472,clipfrac,0.93896484375
233472,explained_variance,0.039481163024902344
233472,sps,597.0
234233,episodic_return,-579.0928609940155
234233,episodic_length,1000.0
235234,episodic_return,-487.46839145018413
235234,episodic_length,1000.0
235520,value_loss,0.028703298419713974
235520,policy_loss,-0.025192534551024437
235520,approx_kl,5.364439010620117
235520,clipfrac,0.9380859375
235520,explained_variance,0.5340383350849152
235520,sps,597.0
236235,episodic_return,-575.4468406407999
236235,episodic_length,1000.0
237236,episodic_return,-670.9917852863205
237236,episodic_length,1000.0
237568,value_loss,0.0192138459533453
237568,policy_loss,-0.35521355271339417
237568,approx_kl,8.775593757629395
237568,clipfrac,0.948193359375
237568,explained_variance,0.5093888938426971
237568,sps,597.0
238237,episodic_return,-596.9736363411035
238237,episodic_length,1000.0
239238,episodic_return,-554.0601547793638
239238,episodic_length,1000.0
239616,value_loss,0.011097555048763752
239616,policy_loss,-46.18475341796875
239616,approx_kl,27.003049850463867
239616,clipfrac,0.96611328125
239616,explained_variance,0.24158412218093872
239616,sps,597.0
240239,episodic_return,-668.9505819502197
240239,episodic_length,1000.0
241240,episodic_return,-598.0796572023769
241240,episodic_length,1000.0
241664,value_loss,0.021320223808288574
241664,policy_loss,-0.027608461678028107
241664,approx_kl,12.41681957244873
241664,clipfrac,0.964404296875
241664,explained_variance,0.6873044073581696
241664,sps,597.0
242241,episodic_return,-116.56274906340973
242241,episodic_length,1000.0
243242,episodic_return,18.750906466625445
243242,episodic_length,1000.0
243712,value_loss,0.03170119225978851
243712,policy_loss,-0.013797357678413391
243712,approx_kl,10.549053192138672
243712,clipfrac,0.95048828125
243712,explained_variance,0.8785014152526855
243712,sps,597.0
244243,episodic_return,-151.233171762603
244243,episodic_length,1000.0
245244,episodic_return,-5.486468589964215
245244,episodic_length,1000.0
245760,value_loss,0.027271142229437828
245760,policy_loss,-0.4530538320541382
245760,approx_kl,9.086551666259766
245760,clipfrac,0.949365234375
245760,explained_variance,0.7650556862354279
245760,sps,597.0
246245,episodic_return,133.42280227017397
246245,episodic_length,1000.0
247246,episodic_return,-449.0906367648722
247246,episodic_length,1000.0
247808,value_loss,0.013179007917642593
247808,policy_loss,-0.16362780332565308
247808,approx_kl,4.247766017913818
247808,clipfrac,0.943359375
247808,explained_variance,0.9144807755947113
247808,sps,597.0
248247,episodic_return,-550.5741828046778
248247,episodic_length,1000.0
249248,episodic_return,-166.31496965799562
249248,episodic_length,1000.0
249856,value_loss,0.02827887237071991
249856,policy_loss,-0.4125746488571167
249856,approx_kl,9.840510368347168
249856,clipfrac,0.96767578125
249856,explained_variance,0.9092603400349617
249856,sps,597.0
250249,episodic_return,-559.9951233762473
250249,episodic_length,1000.0
251250,episodic_return,-174.8689316977161
251250,episodic_length,1000.0
251904,value_loss,0.024219222366809845
251904,policy_loss,-0.016415506601333618
251904,approx_kl,7.161393165588379
251904,clipfrac,0.950927734375
251904,explained_variance,0.9008471146225929
251904,sps,597.0
252251,episodic_return,-527.9827292992389
252251,episodic_length,1000.0
253252,episodic_return,-182.58082458141132
253252,episodic_length,1000.0
253952,value_loss,0.010078380815684795
253952,policy_loss,-0.4014543890953064
253952,approx_kl,4.575497627258301
253952,clipfrac,0.962158203125
253952,explained_variance,0.928608775138855
253952,sps,597.0
254253,episodic_return,-450.00253597209456
254253,episodic_length,1000.0
255254,episodic_return,-426.754200848052
255254,episodic_length,1000.0
256000,value_loss,0.014834222383797169
256000,policy_loss,0.22294676303863525
256000,approx_kl,7.864492416381836
256000,clipfrac,0.96484375
256000,explained_variance,0.8061460703611374
256000,sps,597.0
256255,episodic_return,-197.40503568013156
256255,episodic_length,1000.0
257256,episodic_return,-562.2739101350365
257256,episodic_length,1000.0
258048,value_loss,0.02550538070499897
258048,policy_loss,-0.0013797171413898468
258048,approx_kl,24.800067901611328
258048,clipfrac,0.96484375
258048,explained_variance,0.9265955314040184
258048,sps,597.0
258257,episodic_return,-534.8884908291552
258257,episodic_length,1000.0
259258,episodic_return,-176.4819251311646
259258,episodic_length,1000.0
260096,value_loss,0.0056884391233325005
260096,policy_loss,-0.46461212635040283
260096,approx_kl,7.983068466186523
260096,clipfrac,0.97373046875
260096,explained_variance,0.9397570714354515
260096,sps,597.0
260259,episodic_return,-573.4828745198549
260259,episodic_length,1000.0
261260,episodic_return,-557.5874790879541
261260,episodic_length,1000.0
262144,value_loss,0.04862549901008606
262144,policy_loss,-4.364511966705322
262144,approx_kl,25.50727653503418
262144,clipfrac,0.96171875
262144,explained_variance,0.9260992929339409
262144,sps,597.0
262261,episodic_return,-35.44506268807165
262261,episodic_length,1000.0
263262,episodic_return,-587.4025199862384
263262,episodic_length,1000.0
264192,value_loss,0.04403972253203392
264192,policy_loss,-0.5986896753311157
264192,approx_kl,11.821069717407227
264192,clipfrac,0.966357421875
264192,explained_variance,0.8460520803928375
264192,sps,597.0
264263,episodic_return,-368.1028786441145
264263,episodic_length,1000.0
265264,episodic_return,42.17424998101989
265264,episodic_length,1000.0
266240,value_loss,0.014941015280783176
266240,policy_loss,-1.1726115942001343
266240,approx_kl,6.406870365142822
266240,clipfrac,0.961083984375
266240,explained_variance,0.9462530091404915
266240,sps,597.0
266265,episodic_return,-537.2013318503821
266265,episodic_length,1000.0
267266,episodic_return,-225.1933661562992
267266,episodic_length,1000.0
268267,episodic_return,-507.1178644910953
268267,episodic_length,1000.0
268288,value_loss,0.023820312693715096
268288,policy_loss,-1.4195154905319214
268288,approx_kl,10.9768648147583
268288,clipfrac,0.964111328125
268288,explained_variance,0.9034431576728821
268288,sps,597.0
269268,episodic_return,-567.3841801206177
269268,episodic_length,1000.0
270269,episodic_return,-485.1653944585884
270269,episodic_length,1000.0
270336,value_loss,0.009933050721883774
270336,policy_loss,-0.03316999971866608
270336,approx_kl,10.563304901123047
270336,clipfrac,0.968896484375
270336,explained_variance,0.25701582431793213
270336,sps,597.0
271270,episodic_return,-560.7153073582448
271270,episodic_length,1000.0
272271,episodic_return,-571.5792297676785
272271,episodic_length,1000.0
272384,value_loss,0.02448159083724022
272384,policy_loss,-0.0009397389367222786
272384,approx_kl,22.837587356567383
272384,clipfrac,0.977734375
272384,explained_variance,0.12634384632110596
272384,sps,597.0
273272,episodic_return,-567.2801990182772
273272,episodic_length,1000.0
274273,episodic_return,-566.4088359993599
274273,episodic_length,1000.0
274432,value_loss,0.018371839076280594
274432,policy_loss,-0.14066146314144135
274432,approx_kl,35.452720642089844
274432,clipfrac,0.983349609375
274432,explained_variance,0.15083181858062744
274432,sps,597.0
275274,episodic_return,-575.0007672385588
275274,episodic_length,1000.0
276275,episodic_return,-530.8266479249569
276275,episodic_length,1000.0
276480,value_loss,0.007804252207279205
276480,policy_loss,-0.16443027555942535
276480,approx_kl,42.04381561279297
276480,clipfrac,0.971142578125
276480,explained_variance,0.7802505493164062
276480,sps,597.0
277276,episodic_return,-647.6439841519107
277276,episodic_length,1000.0
278277,episodic_return,-46.20503728191023
278277,episodic_length,1000.0
278528,value_loss,0.010276680812239647
278528,policy_loss,-0.028258278965950012
278528,approx_kl,14.5030517578125
278528,clipfrac,0.969482421875
278528,explained_variance,0.9490051940083504
278528,sps,597.0
279278,episodic_return,-685.4467738153529
279278,episodic_length,1000.0
280279,episodic_return,-589.1871544190853
280279,episodic_length,1000.0
280576,value_loss,0.024937963113188744
280576,policy_loss,-0.010701684281229973
280576,approx_kl,53.3592414855957
280576,clipfrac,0.979443359375
280576,explained_variance,0.12859666347503662
280576,sps,597.0
281280,episodic_return,-612.7317606887048
281280,episodic_length,1000.0
282281,episodic_return,-554.0802230160875
282281,episodic_length,1000.0
282624,value_loss,0.025709163397550583
282624,policy_loss,-0.11353759467601776
282624,approx_kl,14.570281028747559
282624,clipfrac,0.965185546875
282624,explained_variance,0.10051918029785156
282624,sps,598.0
283282,episodic_return,-489.7765221056685
283282,episodic_length,1000.0
284283,episodic_return,-65.90044604731484
284283,episodic_length,1000.0
284672,value_loss,0.03039010614156723
284672,policy_loss,-0.03486771136522293
284672,approx_kl,8.446910858154297
284672,clipfrac,0.949755859375
284672,explained_variance,0.9411657489836216
284672,sps,598.0
285284,episodic_return,-514.7805422937487
285284,episodic_length,1000.0
286285,episodic_return,-23.906381690509317
286285,episodic_length,1000.0
286720,value_loss,0.02238704077899456
286720,policy_loss,0.003285352373495698
286720,approx_kl,50.585838317871094
286720,clipfrac,0.968701171875
286720,explained_variance,0.9304531663656235
286720,sps,598.0
287286,episodic_return,-623.3403768930469
287286,episodic_length,1000.0
288287,episodic_return,-594.0465816954185
288287,episodic_length,1000.0
288768,value_loss,0.030408069491386414
288768,policy_loss,-0.25624901056289673
288768,approx_kl,11.79067611694336
288768,clipfrac,0.9697265625
288768,explained_variance,0.8004142940044403
288768,sps,598.0
289288,episodic_return,-147.63549720272684
289288,episodic_length,1000.0
290289,episodic_return,-350.0960538571401
290289,episodic_length,1000.0
290816,value_loss,0.010524422861635685
290816,policy_loss,-0.5893164873123169
290816,approx_kl,6.9789886474609375
290816,clipfrac,0.95478515625
290816,explained_variance,0.9354528486728668
290816,sps,599.0
291290,episodic_return,-201.58929413107407
291290,episodic_length,1000.0
292291,episodic_return,-276.9089872447558
292291,episodic_length,1000.0
292864,value_loss,0.02194780297577381
292864,policy_loss,-2.2033748626708984
292864,approx_kl,21.799001693725586
292864,clipfrac,0.967529296875
292864,explained_variance,0.9209839850664139
292864,sps,599.0
293292,episodic_return,-21.21981913449096
293292,episodic_length,1000.0
294293,episodic_return,-349.9691320279624
294293,episodic_length,1000.0
294912,value_loss,0.01891934499144554
294912,policy_loss,-1.932712197303772
294912,approx_kl,12.05224609375
294912,clipfrac,0.962060546875
294912,explained_variance,0.9480101615190506
294912,sps,598.0
295294,episodic_return,-449.4637895623657
295294,episodic_length,1000.0
296295,episodic_return,-578.3442396807287
296295,episodic_length,1000.0
296960,value_loss,0.0374615453183651
296960,policy_loss,-0.23314058780670166
296960,approx_kl,40.425472259521484
296960,clipfrac,0.96923828125
296960,explained_variance,0.8209124505519867
296960,sps,598.0
297296,episodic_return,-526.3267542542197
297296,episodic_length,1000.0
298297,episodic_return,-134.55387890298505
298297,episodic_length,1000.0
299008,value_loss,0.011243225075304508
299008,policy_loss,0.01119936816394329
299008,approx_kl,6.999063491821289
299008,clipfrac,0.9552734375
299008,explained_variance,0.8985055834054947
299008,sps,598.0
299298,episodic_return,-145.96626848026625
299298,episodic_length,1000.0
300299,episodic_return,-473.8873067563735
300299,episodic_length,1000.0
301056,value_loss,0.010329976677894592
301056,policy_loss,-0.12449854612350464
301056,approx_kl,8.372478485107422
301056,clipfrac,0.9509765625
301056,explained_variance,0.9293300658464432
301056,sps,598.0
301300,episodic_return,-523.5113652436581
301300,episodic_length,1000.0
302301,episodic_return,-171.63023242031989
302301,episodic_length,1000.0
303104,value_loss,0.016073103994131088
303104,policy_loss,-0.015055069699883461
303104,approx_kl,12.306648254394531
303104,clipfrac,0.968994140625
303104,explained_variance,0.9244753122329712
303104,sps,598.0
303302,episodic_return,-563.3982606358206
303302,episodic_length,1000.0
304303,episodic_return,-588.6567984585585
304303,episodic_length,1000.0
305152,value_loss,0.009934673085808754
305152,policy_loss,0.0013713398948311806
305152,approx_kl,33.18122100830078
305152,clipfrac,0.979931640625
305152,explained_variance,0.2861446142196655
305152,sps,598.0
305304,episodic_return,-577.9452558753446
305304,episodic_length,1000.0
306305,episodic_return,-10.757816762913373
306305,episodic_length,1000.0
307200,value_loss,0.042843036353588104
307200,policy_loss,-0.07826054096221924
307200,approx_kl,25.073265075683594
307200,clipfrac,0.974267578125
307200,explained_variance,0.8736055195331573
307200,sps,598.0
307306,episodic_return,-106.60746742836848
307306,episodic_length,1000.0
308307,episodic_return,-609.1997567040323
308307,episodic_length,1000.0
309248,value_loss,0.006582123227417469
309248,policy_loss,-0.07279761880636215
309248,approx_kl,54.44770050048828
309248,clipfrac,0.968359375
309248,explained_variance,0.8264240920543671
309248,sps,598.0
309308,episodic_return,-583.9443132666432
309308,episodic_length,1000.0
310309,episodic_return,16.852056579753626
310309,episodic_length,1000.0
311296,value_loss,0.01507018506526947
311296,policy_loss,-0.21483485400676727
311296,approx_kl,84.8964614868164
311296,clipfrac,0.978369140625
311296,explained_variance,0.9097705706954002
311296,sps,598.0
311310,episodic_return,-293.7050106631468
311310,episodic_length,1000.0
312311,episodic_return,-50.33284587491732
312311,episodic_length,1000.0
313312,episodic_return,-143.62213814337113
313312,episodic_length,1000.0
313344,value_loss,0.012056544423103333
313344,policy_loss,-0.1109783798456192
313344,approx_kl,32.79518127441406
313344,clipfrac,0.976806640625
313344,explained_variance,0.9009644165635109
313344,sps,598.0
314313,episodic_return,-236.99792095136357
314313,episodic_length,1000.0
315314,episodic_return,-553.8696549277813
315314,episodic_length,1000.0
315392,value_loss,0.012936164624989033
315392,policy_loss,-0.014981940388679504
315392,approx_kl,19.596298217773438
315392,clipfrac,0.971484375
315392,explained_variance,0.9097598195075989
315392,sps,598.0
316315,episodic_return,-118.16035457601316
316315,episodic_length,1000.0
317316,episodic_return,-494.1150787694938
317316,episodic_length,1000.0
317440,value_loss,0.015797464177012444
317440,policy_loss,-0.06480227410793304
317440,approx_kl,14.043275833129883
317440,clipfrac,0.969921875
317440,explained_variance,0.8908595815300941
317440,sps,598.0
318317,episodic_return,48.1690025224404
318317,episodic_length,1000.0
319318,episodic_return,-552.2045504432064
319318,episodic_length,1000.0
319488,value_loss,0.01441015675663948
319488,policy_loss,-0.2537737786769867
319488,approx_kl,12.844216346740723
319488,clipfrac,0.965478515625
319488,explained_variance,0.9523713886737823
319488,sps,599.0
320319,episodic_return,-516.0381970529904
320319,episodic_length,1000.0
321320,episodic_return,-445.2923822857131
321320,episodic_length,1000.0
321536,value_loss,0.02545737475156784
321536,policy_loss,-0.0015368243912234902
321536,approx_kl,19.04754638671875
321536,clipfrac,0.977783203125
321536,explained_variance,0.7533130645751953
321536,sps,599.0
322321,episodic_return,-596.0406114989555
322321,episodic_length,1000.0
323322,episodic_return,-584.7313336451075
323322,episodic_length,1000.0
323584,value_loss,0.022215325385332108
323584,policy_loss,0.011810069903731346
323584,approx_kl,55.76398468017578
323584,clipfrac,0.982080078125
323584,explained_variance,0.13529372215270996
323584,sps,599.0
324323,episodic_return,-535.3453723246537
324323,episodic_length,1000.0
325324,episodic_return,-571.7008501271627
325324,episodic_length,1000.0
325632,value_loss,0.021237080916762352
325632,policy_loss,-1.0051720142364502
325632,approx_kl,32.332252502441406
325632,clipfrac,0.974365234375
325632,explained_variance,0.08990037441253662
325632,sps,599.0
326325,episodic_return,-566.8673637367832
326325,episodic_length,1000.0
327326,episodic_return,-573.444301843591
327326,episodic_length,1000.0
327680,value_loss,0.008231444284319878
327680,policy_loss,0.08463682234287262
327680,approx_kl,43.94298553466797
327680,clipfrac,0.987451171875
327680,explained_variance,0.1400444507598877
327680,sps,599.0
328327,episodic_return,-581.4946772217149
328327,episodic_length,1000.0
329328,episodic_return,-581.6815861701962
329328,episodic_length,1000.0
329728,value_loss,0.00455896183848381
329728,policy_loss,-0.20612531900405884
329728,approx_kl,18.86553382873535
329728,clipfrac,0.97822265625
329728,explained_variance,0.09892702102661133
329728,sps,599.0
330329,episodic_return,-531.0996443762743
330329,episodic_length,1000.0
331330,episodic_return,-594.0295814283485
331330,episodic_length,1000.0
331776,value_loss,0.007850490510463715
331776,policy_loss,-1.4803033820953715e-07
331776,approx_kl,78.08837890625
331776,clipfrac,0.978173828125
331776,explained_variance,0.12029129266738892
331776,sps,599.0
332331,episodic_return,-624.7237674767756
332331,episodic_length,1000.0
333332,episodic_return,-630.90622005369
333332,episodic_length,1000.0
333824,value_loss,0.0062745921313762665
333824,policy_loss,-0.13034600019454956
333824,approx_kl,20.163131713867188
333824,clipfrac,0.9671875
333824,explained_variance,0.12050914764404297
333824,sps,599.0
334333,episodic_return,-670.0132607602326
334333,episodic_length,1000.0
335334,episodic_return,-675.1525740978411
335334,episodic_length,1000.0
335872,value_loss,0.03765685483813286
335872,policy_loss,-0.00338887725956738
335872,approx_kl,118.7895278930664
335872,clipfrac,0.9830078125
335872,explained_variance,0.04445457458496094
335872,sps,599.0
336335,episodic_return,-673.8998081663282
336335,episodic_length,1000.0
337336,episodic_return,-757.4932118034369
337336,episodic_length,1000.0
337920,value_loss,0.005000744480639696
337920,policy_loss,-0.001199414604343474
337920,approx_kl,54.596046447753906
337920,clipfrac,0.98046875
337920,explained_variance,0.19094336032867432
337920,sps,599.0
338337,episodic_return,-557.9358081147985
338337,episodic_length,1000.0
339338,episodic_return,-717.3066210804876
339338,episodic_length,1000.0
339968,value_loss,0.012358030304312706
339968,policy_loss,-0.00395557563751936
339968,approx_kl,35.805137634277344
339968,clipfrac,0.9814453125
339968,explained_variance,0.9295956119894981
339968,sps,599.0
340339,episodic_return,-262.85949488568303
340339,episodic_length,1000.0
341340,episodic_return,-812.7162579735647
341340,episodic_length,1000.0
342016,value_loss,0.008054608479142189
342016,policy_loss,-0.04787173867225647
342016,approx_kl,24.326345443725586
342016,clipfrac,0.96591796875
342016,explained_variance,0.9536150768399239
342016,sps,599.0
342341,episodic_return,-786.7416113457422
342341,episodic_length,1000.0
343342,episodic_return,-669.1684445243856
343342,episodic_length,1000.0
344064,value_loss,0.016062460839748383
344064,policy_loss,-0.023152364417910576
344064,approx_kl,30.709152221679688
344064,clipfrac,0.9814453125
344064,explained_variance,0.18986952304840088
344064,sps,599.0
344343,episodic_return,-718.4853050243777
344343,episodic_length,1000.0
345344,episodic_return,-699.6321001145006
345344,episodic_length,1000.0
346112,value_loss,0.03379570320248604
346112,policy_loss,0.006657151505351067
346112,approx_kl,39.12132263183594
346112,clipfrac,0.981689453125
346112,explained_variance,0.16365200281143188
346112,sps,598.0
346345,episodic_return,-640.0279752288778
346345,episodic_length,1000.0
347346,episodic_return,-679.9337788252068
347346,episodic_length,1000.0
348160,value_loss,0.007256222423166037
348160,policy_loss,-0.04372087121009827
348160,approx_kl,68.05583190917969
348160,clipfrac,0.982958984375
348160,explained_variance,0.08797800540924072
348160,sps,598.0
348347,episodic_return,-719.7389643343495
348347,episodic_length,1000.0
349348,episodic_return,-673.3998453192207
349348,episodic_length,1000.0
350208,value_loss,0.015897737815976143
350208,policy_loss,-0.20668402314186096
350208,approx_kl,14.516678810119629
350208,clipfrac,0.97724609375
350208,explained_variance,0.24341976642608643
350208,sps,598.0
350349,episodic_return,-776.0385948481568
350349,episodic_length,1000.0
351350,episodic_return,-680.1959220172331
351350,episodic_length,1000.0
352256,value_loss,0.04725198075175285
352256,policy_loss,-0.01873958483338356
352256,approx_kl,71.60397338867188
352256,clipfrac,0.9751953125
352256,explained_variance,0.07458853721618652
352256,sps,598.0
352351,episodic_return,-704.4987230900509
352351,episodic_length,1000.0
353352,episodic_return,-815.7285981949431
353352,episodic_length,1000.0
354304,value_loss,0.006102314218878746
354304,policy_loss,-0.010428255423903465
354304,approx_kl,64.61540985107422
354304,clipfrac,0.984765625
354304,explained_variance,0.25964611768722534
354304,sps,598.0
354353,episodic_return,-792.606305055019
354353,episodic_length,1000.0
355354,episodic_return,-804.5425571569925
355354,episodic_length,1000.0
356352,value_loss,0.017586790025234222
356352,policy_loss,-0.0004960785154253244
356352,approx_kl,87.66729736328125
356352,clipfrac,0.98193359375
356352,explained_variance,0.9327317029237747
356352,sps,598.0
356355,episodic_return,-429.54525575608903
356355,episodic_length,1000.0
357356,episodic_return,-816.0604473192057
357356,episodic_length,1000.0
358357,episodic_return,-201.42603136709624
358357,episodic_length,1000.0
358400,value_loss,0.020846335217356682
358400,policy_loss,0.0008635293925181031
358400,approx_kl,74.64823150634766
358400,clipfrac,0.971630859375
358400,explained_variance,0.958670973777771
358400,sps,598.0
359358,episodic_return,-807.1759950716381
359358,episodic_length,1000.0
360359,episodic_return,-767.3504611156108
360359,episodic_length,1000.0
360448,value_loss,0.049269355833530426
360448,policy_loss,-0.08247225731611252
360448,approx_kl,24.40585708618164
360448,clipfrac,0.97568359375
360448,explained_variance,0.1870012879371643
360448,sps,598.0
361360,episodic_return,-721.5084465293546
361360,episodic_length,1000.0
362361,episodic_return,-709.7222386684358
362361,episodic_length,1000.0
362496,value_loss,0.010672854259610176
362496,policy_loss,-0.0029432254377752542
362496,approx_kl,29.635452270507812
362496,clipfrac,0.9744140625
362496,explained_variance,0.16600847244262695
362496,sps,598.0
363362,episodic_return,-671.6633314100276
363362,episodic_length,1000.0
364363,episodic_return,-433.0603769466742
364363,episodic_length,1000.0
364544,value_loss,0.06215367466211319
364544,policy_loss,-0.17685887217521667
364544,approx_kl,37.2542724609375
364544,clipfrac,0.9712890625
364544,explained_variance,0.9361161291599274
364544,sps,597.0
365364,episodic_return,-580.2228897179889
365364,episodic_length,1000.0
366365,episodic_return,-724.2526591173072
366365,episodic_length,1000.0
366592,value_loss,0.016457749530673027
366592,policy_loss,0.001333329128101468
366592,approx_kl,39.595558166503906
366592,clipfrac,0.972119140625
366592,explained_variance,0.8376915156841278
366592,sps,597.0
367366,episodic_return,54.3942624284114
367366,episodic_length,1000.0
368367,episodic_return,-688.0053874406843
368367,episodic_length,1000.0
368640,value_loss,0.03611941263079643
368640,policy_loss,0.12427759170532227
368640,approx_kl,18.693782806396484
368640,clipfrac,0.9703125
368640,explained_variance,0.9507649838924408
368640,sps,597.0
369368,episodic_return,-193.03602736162244
369368,episodic_length,1000.0
370369,episodic_return,-796.3563895907615
370369,episodic_length,1000.0
370688,value_loss,0.023725274950265884
370688,policy_loss,-1.0362842082977295
370688,approx_kl,8.296875953674316
370688,clipfrac,0.9677734375
370688,explained_variance,0.9655377008020878
370688,sps,597.0
371370,episodic_return,-772.7936807739096
371370,episodic_length,1000.0
372371,episodic_return,-704.05243455981
372371,episodic_length,1000.0
372736,value_loss,0.017332427203655243
372736,policy_loss,-0.0767185389995575
372736,approx_kl,47.58183288574219
372736,clipfrac,0.984423828125
372736,explained_variance,0.23461616039276123
372736,sps,597.0
373372,episodic_return,-788.9401858673958
373372,episodic_length,1000.0
374373,episodic_return,-704.3404251649434
374373,episodic_length,1000.0
374784,value_loss,0.08057625591754913
374784,policy_loss,-0.057596057653427124
374784,approx_kl,15.205687522888184
374784,clipfrac,0.971826171875
374784,explained_variance,0.15677231550216675
374784,sps,597.0
375374,episodic_return,-729.7426402616827
375374,episodic_length,1000.0
376375,episodic_return,-683.6360252754359
376375,episodic_length,1000.0
376832,value_loss,0.03642541542649269
376832,policy_loss,-5.934232103754766e-05
376832,approx_kl,53.783653259277344
376832,clipfrac,0.980712890625
376832,explained_variance,0.1996244192123413
376832,sps,597.0
377376,episodic_return,-845.5371900002398
377376,episodic_length,1000.0
378377,episodic_return,-790.1030752261346
378377,episodic_length,1000.0
378880,value_loss,0.008548964746296406
378880,policy_loss,-0.030622394755482674
378880,approx_kl,20.975311279296875
378880,clipfrac,0.973974609375
378880,explained_variance,0.1317659616470337
378880,sps,597.0
379378,episodic_return,-718.7923629113056
379378,episodic_length,1000.0
380379,episodic_return,-864.7225764422902
380379,episodic_length,1000.0
380928,value_loss,0.058143019676208496
380928,policy_loss,-0.22779972851276398
380928,approx_kl,13.079731941223145
380928,clipfrac,0.971240234375
380928,explained_variance,0.27199655771255493
380928,sps,598.0
381380,episodic_return,-385.5996370249815
381380,episodic_length,1000.0
382381,episodic_return,-462.46165760669993
382381,episodic_length,1000.0
382976,value_loss,0.010948915034532547
382976,policy_loss,-0.36090606451034546
382976,approx_kl,8.277565002441406
382976,clipfrac,0.945654296875
382976,explained_variance,0.9732741303741932
382976,sps,598.0
383382,episodic_return,-472.65996902668843
383382,episodic_length,1000.0
384383,episodic_return,-534.9506426331158
384383,episodic_length,1000.0
385024,value_loss,0.016342762857675552
385024,policy_loss,0.015069615095853806
385024,approx_kl,11.870017051696777
385024,clipfrac,0.967626953125
385024,explained_variance,0.9594559781253338
385024,sps,598.0
385384,episodic_return,-850.796393954012
385384,episodic_length,1000.0
386385,episodic_return,-830.2448748003999
386385,episodic_length,1000.0
387072,value_loss,0.005687314551323652
387072,policy_loss,-0.09372790902853012
387072,approx_kl,14.485855102539062
387072,clipfrac,0.976513671875
387072,explained_variance,0.07164913415908813
387072,sps,598.0
387386,episodic_return,-773.6006689636405
387386,episodic_length,1000.0
388387,episodic_return,-810.0911392139947
388387,episodic_length,1000.0
389120,value_loss,0.03353055566549301
389120,policy_loss,-0.41145479679107666
389120,approx_kl,39.94910430908203
389120,clipfrac,0.9837890625
389120,explained_variance,0.778642475605011
389120,sps,598.0
389388,episodic_return,-468.88860901030074
389388,episodic_length,1000.0
390389,episodic_return,-511.61787209354924
390389,episodic_length,1000.0
391168,value_loss,0.02200065180659294
391168,policy_loss,0.028915949165821075
391168,approx_kl,11.364872932434082
391168,clipfrac,0.96201171875
391168,explained_variance,0.9384822733700275
391168,sps,598.0
391390,episodic_return,-529.9445628280754
391390,episodic_length,1000.0
392391,episodic_return,-821.9476464578415
392391,episodic_length,1000.0
393216,value_loss,0.04073755443096161
393216,policy_loss,-0.004437220748513937
393216,approx_kl,19.17000961303711
393216,clipfrac,0.97421875
393216,explained_variance,0.926026925444603
393216,sps,598.0
393392,episodic_return,-847.9323599117656
393392,episodic_length,1000.0
394393,episodic_return,-811.311631918282
394393,episodic_length,1000.0
395264,value_loss,0.045383669435977936
395264,policy_loss,-0.3140098452568054
395264,approx_kl,5.5843586921691895
395264,clipfrac,0.95576171875
395264,explained_variance,0.03539198637008667
395264,sps,599.0
395394,episodic_return,-752.0384723509464
395394,episodic_length,1000.0
396395,episodic_return,-718.9557580551206
396395,episodic_length,1000.0
397312,value_loss,0.044196825474500656
397312,policy_loss,0.0001653144572628662
397312,approx_kl,61.918731689453125
397312,clipfrac,0.9845703125
397312,explained_variance,0.7297676503658295
397312,sps,599.0
397396,episodic_return,-684.3335663831613
397396,episodic_length,1000.0
398397,episodic_return,-750.5401479432253
398397,episodic_length,1000.0
399360,value_loss,0.04185817018151283
399360,policy_loss,0.0418618768453598
399360,approx_kl,34.52897644042969
399360,clipfrac,0.979931640625
399360,explained_variance,0.16561877727508545
399360,sps,598.0
399398,episodic_return,-797.3219803477781
399398,episodic_length,1000.0
400399,episodic_return,-220.1718315096688
400399,episodic_length,1000.0
401400,episodic_return,-124.24324822381766
401400,episodic_length,1000.0
401408,value_loss,0.012027165852487087
401408,policy_loss,0.03632926568388939
401408,approx_kl,14.182022094726562
401408,clipfrac,0.958154296875
401408,explained_variance,0.9091015607118607
401408,sps,598.0
402401,episodic_return,-351.30171445356484
402401,episodic_length,1000.0
403402,episodic_return,-170.62948080779046
403402,episodic_length,1000.0
403456,value_loss,0.020040156319737434
403456,policy_loss,-0.3766267001628876
403456,approx_kl,9.229684829711914
403456,clipfrac,0.962890625
403456,explained_variance,0.948983047157526
403456,sps,598.0
404403,episodic_return,-781.4165789598372
404403,episodic_length,1000.0
405404,episodic_return,-344.1001723792456
405404,episodic_length,1000.0
405504,value_loss,0.030112985521554947
405504,policy_loss,-0.1507197618484497
405504,approx_kl,14.686071395874023
405504,clipfrac,0.963330078125
405504,explained_variance,0.9192764461040497
405504,sps,598.0
406405,episodic_return,-657.518954835419
406405,episodic_length,1000.0
407406,episodic_return,-745.982374981138
407406,episodic_length,1000.0
407552,value_loss,0.04399558901786804
407552,policy_loss,0.03823895379900932
407552,approx_kl,43.573646545410156
407552,clipfrac,0.9671875
407552,explained_variance,0.26477718353271484
407552,sps,598.0
408407,episodic_return,-131.32329037043843
408407,episodic_length,1000.0
409408,episodic_return,-351.5119937584481
409408,episodic_length,1000.0
409600,value_loss,0.03375161439180374
409600,policy_loss,-0.2193729132413864
409600,approx_kl,38.43495559692383
409600,clipfrac,0.979345703125
409600,explained_variance,0.8938696011900902
409600,sps,598.0
410409,episodic_return,-729.0474780532952
410409,episodic_length,1000.0
411410,episodic_return,-659.3309562570577
411410,episodic_length,1000.0
411648,value_loss,0.019374258816242218
411648,policy_loss,-0.048556916415691376
411648,approx_kl,27.295028686523438
411648,clipfrac,0.97001953125
411648,explained_variance,0.622015506029129
411648,sps,599.0
412411,episodic_return,-476.59911544946937
412411,episodic_length,1000.0
413412,episodic_return,-831.1069939977032
413412,episodic_length,1000.0
413696,value_loss,0.035383280366659164
413696,policy_loss,-0.28644126653671265
413696,approx_kl,11.724340438842773
413696,clipfrac,0.967138671875
413696,explained_variance,0.898301787674427
413696,sps,599.0
414413,episodic_return,-644.5686505945141
414413,episodic_length,1000.0
415414,episodic_return,-718.4304610051822
415414,episodic_length,1000.0
415744,value_loss,0.02031511254608631
415744,policy_loss,-0.5151556134223938
415744,approx_kl,16.42229652404785
415744,clipfrac,0.969287109375
415744,explained_variance,0.22746878862380981
415744,sps,599.0
416415,episodic_return,-878.0955758284006
416415,episodic_length,1000.0
417416,episodic_return,-657.834826101532
417416,episodic_length,1000.0
417792,value_loss,0.020155340433120728
417792,policy_loss,-0.09325098991394043
417792,approx_kl,14.538740158081055
417792,clipfrac,0.972119140625
417792,explained_variance,0.8828312680125237
417792,sps,599.0
418417,episodic_return,-809.6302924957166
418417,episodic_length,1000.0
419418,episodic_return,-145.02507900605775
419418,episodic_length,1000.0
419840,value_loss,0.012775186449289322
419840,policy_loss,-1.0848842859268188
419840,approx_kl,11.815937042236328
419840,clipfrac,0.9634765625
419840,explained_variance,0.9285088405013084
419840,sps,599.0
420419,episodic_return,-149.44023126272148
420419,episodic_length,1000.0
421420,episodic_return,-337.17851952317625
421420,episodic_length,1000.0
421888,value_loss,0.007729256059974432
421888,policy_loss,-0.19724874198436737
421888,approx_kl,22.221858978271484
421888,clipfrac,0.975732421875
421888,explained_variance,0.9642075449228287
421888,sps,599.0
422421,episodic_return,-658.5668753824676
422421,episodic_length,1000.0
423422,episodic_return,30.24190978041278
423422,episodic_length,1000.0
423936,value_loss,0.02111128903925419
423936,policy_loss,-0.14330317080020905
423936,approx_kl,18.176942825317383
423936,clipfrac,0.965478515625
423936,explained_variance,0.9205832704901695
423936,sps,599.0
424423,episodic_return,-151.4833944251372
424423,episodic_length,1000.0
425424,episodic_return,-18.303622352915276
425424,episodic_length,1000.0
425984,value_loss,0.014918162487447262
425984,policy_loss,-0.006090707611292601
425984,approx_kl,24.222400665283203
425984,clipfrac,0.969677734375
425984,explained_variance,0.7007957994937897
425984,sps,599.0
426425,episodic_return,-27.58910921940336
426425,episodic_length,1000.0
427426,episodic_return,-414.7124255075805
427426,episodic_length,1000.0
428032,value_loss,0.01775331050157547
428032,policy_loss,-0.7339528799057007
428032,approx_kl,8.22955322265625
428032,clipfrac,0.953271484375
428032,explained_variance,0.9432268552482128
428032,sps,599.0
428427,episodic_return,-751.5683051998014
428427,episodic_length,1000.0
429428,episodic_return,-600.3020262286674
429428,episodic_length,1000.0
430080,value_loss,0.021742958575487137
430080,policy_loss,0.11878333985805511
430080,approx_kl,8.427682876586914
430080,clipfrac,0.9630859375
430080,explained_variance,0.9208399057388306
430080,sps,598.0
430429,episodic_return,9.530763644472096
430429,episodic_length,1000.0
431430,episodic_return,-166.37675786377625
431430,episodic_length,1000.0
432128,value_loss,0.06528780609369278
432128,policy_loss,-0.0020241374149918556
432128,approx_kl,36.62089538574219
432128,clipfrac,0.981591796875
432128,explained_variance,0.9537358991801739
432128,sps,598.0
432431,episodic_return,-633.4953236358258
432431,episodic_length,1000.0
433432,episodic_return,-780.0042613375376
433432,episodic_length,1000.0
434176,value_loss,0.026065852493047714
434176,policy_loss,-1.3693444728851318
434176,approx_kl,18.300556182861328
434176,clipfrac,0.9787109375
434176,explained_variance,0.9377535544335842
434176,sps,598.0
434433,episodic_return,14.01042112771378
434433,episodic_length,1000.0
435434,episodic_return,-428.42384505741427
435434,episodic_length,1000.0
436224,value_loss,0.019935615360736847
436224,policy_loss,1.742563247680664
436224,approx_kl,8.786945343017578
436224,clipfrac,0.954833984375
436224,explained_variance,0.9218131527304649
436224,sps,598.0
436435,episodic_return,-734.71400985719
436435,episodic_length,1000.0
437436,episodic_return,101.90648972006836
437436,episodic_length,1000.0
438272,value_loss,0.01495654508471489
438272,policy_loss,-0.27867215871810913
438272,approx_kl,24.368669509887695
438272,clipfrac,0.97333984375
438272,explained_variance,0.8435520827770233
438272,sps,598.0
438437,episodic_return,21.986761171536315
438437,episodic_length,1000.0
439438,episodic_return,-31.20109314643445
439438,episodic_length,1000.0
440320,value_loss,0.009942512027919292
440320,policy_loss,-0.16278670728206635
440320,approx_kl,13.661994934082031
440320,clipfrac,0.97392578125
440320,explained_variance,0.8964569419622421
440320,sps,598.0
440439,episodic_return,-138.1463461599014
440439,episodic_length,1000.0
441440,episodic_return,-435.3987737902555
441440,episodic_length,1000.0
442368,value_loss,0.011972373351454735
442368,policy_loss,0.12384533882141113
442368,approx_kl,19.763164520263672
442368,clipfrac,0.9740234375
442368,explained_variance,0.9404177144169807
442368,sps,598.0
442441,episodic_return,-53.85652813181116
442441,episodic_length,1000.0
443442,episodic_return,-514.5223428145871
443442,episodic_length,1000.0
444416,value_loss,0.02150416374206543
444416,policy_loss,-4.152455806732178
444416,approx_kl,12.302319526672363
444416,clipfrac,0.962353515625
444416,explained_variance,0.9057382121682167
444416,sps,598.0
444443,episodic_return,-763.9963143907295
444443,episodic_length,1000.0
445444,episodic_return,-714.736816801053
445444,episodic_length,1000.0
446445,episodic_return,-201.08581806106827
446445,episodic_length,1000.0
446464,value_loss,0.05616946518421173
446464,policy_loss,0.0518248975276947
446464,approx_kl,10.833810806274414
446464,clipfrac,0.97900390625
446464,explained_variance,0.9025081619620323
446464,sps,598.0
447446,episodic_return,-673.9502827676071
447446,episodic_length,1000.0
448447,episodic_return,-114.29729277245562
448447,episodic_length,1000.0
448512,value_loss,0.042892616242170334
448512,policy_loss,0.00010995312186423689
448512,approx_kl,39.19389343261719
448512,clipfrac,0.97724609375
448512,explained_variance,0.8837431520223618
448512,sps,598.0
449448,episodic_return,-542.3725754638245
449448,episodic_length,1000.0
450449,episodic_return,-859.0483955097047
450449,episodic_length,1000.0
450560,value_loss,0.024578839540481567
450560,policy_loss,0.005898579023778439
450560,approx_kl,32.043357849121094
450560,clipfrac,0.97490234375
450560,explained_variance,0.4206033945083618
450560,sps,598.0
451450,episodic_return,-543.5706293471269
451450,episodic_length,1000.0
452451,episodic_return,-145.69274772406715
452451,episodic_length,1000.0
452608,value_loss,0.03523948788642883
452608,policy_loss,-0.021187111735343933
452608,approx_kl,19.662254333496094
452608,clipfrac,0.9779296875
452608,explained_variance,0.9098357185721397
452608,sps,598.0
453452,episodic_return,-562.2485064458101
453452,episodic_length,1000.0
454453,episodic_return,-12.378392300110967
454453,episodic_length,1000.0
454656,value_loss,0.034335874021053314
454656,policy_loss,-13.75967788696289
454656,approx_kl,26.143112182617188
454656,clipfrac,0.963427734375
454656,explained_variance,0.8918469548225403
454656,sps,598.0
455454,episodic_return,-137.03929831211076
455454,episodic_length,1000.0
456455,episodic_return,-323.5827868774464
456455,episodic_length,1000.0
456704,value_loss,0.007121504284441471
456704,policy_loss,0.015416547656059265
456704,approx_kl,9.477787017822266
456704,clipfrac,0.959423828125
456704,explained_variance,0.9570218957960606
456704,sps,598.0
457456,episodic_return,-234.06924499812277
457456,episodic_length,1000.0
458457,episodic_return,-360.32111044932145
458457,episodic_length,1000.0
458752,value_loss,0.029190365225076675
458752,policy_loss,-0.09250037372112274
458752,approx_kl,31.02885627746582
458752,clipfrac,0.9724609375
458752,explained_variance,0.9349694475531578
458752,sps,598.0
459458,episodic_return,-68.94412357227446
459458,episodic_length,1000.0
460459,episodic_return,-323.2091826087458
460459,episodic_length,1000.0
460800,value_loss,0.041184745728969574
460800,policy_loss,-0.023192092776298523
460800,approx_kl,6.372634410858154
460800,clipfrac,0.956494140625
460800,explained_variance,0.9481276609003544
460800,sps,598.0
461460,episodic_return,-547.9171061034974
461460,episodic_length,1000.0
462461,episodic_return,-43.30474820607949
462461,episodic_length,1000.0
462848,value_loss,0.042910389602184296
462848,policy_loss,0.0027955747209489346
462848,approx_kl,30.370887756347656
462848,clipfrac,0.973046875
462848,explained_variance,0.9019636288285255
462848,sps,598.0
463462,episodic_return,-180.68397980911575
463462,episodic_length,1000.0
464463,episodic_return,-9.934207568882874
464463,episodic_length,1000.0
464896,value_loss,0.009651686064898968
464896,policy_loss,-0.564329206943512
464896,approx_kl,7.3607659339904785
464896,clipfrac,0.971435546875
464896,explained_variance,0.8946750909090042
464896,sps,598.0
465464,episodic_return,-175.91773374238042
465464,episodic_length,1000.0
466465,episodic_return,-119.67367872006041
466465,episodic_length,1000.0
466944,value_loss,0.012192908674478531
466944,policy_loss,-0.03135913237929344
466944,approx_kl,10.086803436279297
466944,clipfrac,0.963720703125
466944,explained_variance,0.9042790830135345
466944,sps,598.0
467466,episodic_return,-238.1692157593043
467466,episodic_length,1000.0
468467,episodic_return,-112.81872122039346
468467,episodic_length,1000.0
468992,value_loss,0.01567760482430458
468992,policy_loss,-0.297166109085083
468992,approx_kl,17.415199279785156
468992,clipfrac,0.963818359375
468992,explained_variance,0.9072755947709084
468992,sps,598.0
469468,episodic_return,-215.19697230935444
469468,episodic_length,1000.0
470469,episodic_return,38.88123399610141
470469,episodic_length,1000.0
471040,value_loss,0.0039514219388365746
471040,policy_loss,-0.3564241826534271
471040,approx_kl,26.046405792236328
471040,clipfrac,0.9708984375
471040,explained_variance,-0.39752209186553955
471040,sps,598.0
471470,episodic_return,-47.528366209522616
471470,episodic_length,1000.0
472471,episodic_return,-325.3732274615224
472471,episodic_length,1000.0
473088,value_loss,0.01542762853205204
473088,policy_loss,-0.2140236794948578
473088,approx_kl,10.692605972290039
473088,clipfrac,0.971044921875
473088,explained_variance,0.8990440219640732
473088,sps,598.0
473472,episodic_return,-131.17154891471134
473472,episodic_length,1000.0
474473,episodic_return,-100.71793961276414
474473,episodic_length,1000.0
475136,value_loss,0.003912394400686026
475136,policy_loss,-0.07127170264720917
475136,approx_kl,28.305091857910156
475136,clipfrac,0.9744140625
475136,explained_variance,0.7504147291183472
475136,sps,598.0
475474,episodic_return,-57.76838964839695
475474,episodic_length,1000.0
476475,episodic_return,-136.02119235481572
476475,episodic_length,1000.0
477184,value_loss,0.015297643840312958
477184,policy_loss,0.0427190400660038
477184,approx_kl,15.786550521850586
477184,clipfrac,0.971630859375
477184,explained_variance,0.7655673921108246
477184,sps,598.0
477476,episodic_return,-57.84982908364633
477476,episodic_length,1000.0
478477,episodic_return,-45.415477324334105
478477,episodic_length,1000.0
479232,value_loss,0.015459418296813965
479232,policy_loss,-0.2623317539691925
479232,approx_kl,6.497082710266113
479232,clipfrac,0.960009765625
479232,explained_variance,0.8848318010568619
479232,sps,598.0
479478,episodic_return,-442.39644563711676
479478,episodic_length,1000.0
480479,episodic_return,-288.99603567952846
480479,episodic_length,1000.0
481280,value_loss,0.019589651376008987
481280,policy_loss,-0.10878439247608185
481280,approx_kl,13.914695739746094
481280,clipfrac,0.963671875
481280,explained_variance,0.8803534358739853
481280,sps,598.0
481480,episodic_return,-116.7813223077604
481480,episodic_length,1000.0
482481,episodic_return,-328.0902142306014
482481,episodic_length,1000.0
483328,value_loss,0.014934678561985493
483328,policy_loss,-0.015958791598677635
483328,approx_kl,15.505337715148926
483328,clipfrac,0.967431640625
483328,explained_variance,0.9174955636262894
483328,sps,598.0
483482,episodic_return,-382.2560958198176
483482,episodic_length,1000.0
484483,episodic_return,-228.95840758661313
484483,episodic_length,1000.0
485376,value_loss,0.0073882341384887695
485376,policy_loss,-2.0538551807403564
485376,approx_kl,51.29183578491211
485376,clipfrac,0.98232421875
485376,explained_variance,0.8900055438280106
485376,sps,599.0
485484,episodic_return,-235.2727452866681
485484,episodic_length,1000.0
486485,episodic_return,-86.170989021356
486485,episodic_length,1000.0
487424,value_loss,0.005170234013348818
487424,policy_loss,-0.2287008911371231
487424,approx_kl,16.27080726623535
487424,clipfrac,0.97490234375
487424,explained_variance,-0.2046353816986084
487424,sps,599.0
487486,episodic_return,-67.48851826615109
487486,episodic_length,1000.0
488487,episodic_return,-153.20080411324557
488487,episodic_length,1000.0
489472,value_loss,0.017245270311832428
489472,policy_loss,-1.4444913864135742
489472,approx_kl,17.85761070251465
489472,clipfrac,0.978173828125
489472,explained_variance,0.8086974769830704
489472,sps,599.0
489488,episodic_return,-169.39116017575526
489488,episodic_length,1000.0
490489,episodic_return,-316.2970996536869
490489,episodic_length,1000.0
491490,episodic_return,-116.53791287658701
491490,episodic_length,1000.0
491520,value_loss,0.016156664118170738
491520,policy_loss,-0.7163617610931396
491520,approx_kl,9.852530479431152
491520,clipfrac,0.965283203125
491520,explained_variance,0.8375440090894699
491520,sps,599.0
492491,episodic_return,-108.1022103941865
492491,episodic_length,1000.0
493492,episodic_return,-50.70324303000424
493492,episodic_length,1000.0
493568,value_loss,0.00800720602273941
493568,policy_loss,-0.042784158140420914
493568,approx_kl,18.967483520507812
493568,clipfrac,0.969970703125
493568,explained_variance,0.3223908543586731
493568,sps,599.0
494493,episodic_return,-45.92464451147435
494493,episodic_length,1000.0
495494,episodic_return,-481.8929385781336
495494,episodic_length,1000.0
495616,value_loss,0.016000859439373016
495616,policy_loss,-0.9775266051292419
495616,approx_kl,11.430099487304688
495616,clipfrac,0.96337890625
495616,explained_variance,0.8374795764684677
495616,sps,599.0
496495,episodic_return,-60.09370232334576
496495,episodic_length,1000.0
497496,episodic_return,-109.08232308933967
497496,episodic_length,1000.0
497664,value_loss,0.008916220627725124
497664,policy_loss,-0.15533196926116943
497664,approx_kl,7.48410177230835
497664,clipfrac,0.96201171875
497664,explained_variance,0.8201794326305389
497664,sps,599.0
498497,episodic_return,-524.9293578660304
498497,episodic_length,1000.0
499498,episodic_return,-377.5716743093742
499498,episodic_length,1000.0
499712,value_loss,0.013561727479100227
499712,policy_loss,-0.2600167393684387
499712,approx_kl,4.593352794647217
499712,clipfrac,0.961669921875
499712,explained_variance,0.8563700765371323
499712,sps,599.0
500499,episodic_return,-384.41618565664623
500499,episodic_length,1000.0
501500,episodic_return,-93.6430253703799
501500,episodic_length,1000.0
501760,value_loss,0.01826740801334381
501760,policy_loss,0.004890077747404575
501760,approx_kl,16.545345306396484
501760,clipfrac,0.97626953125
501760,explained_variance,0.8552404344081879
501760,sps,599.0
502501,episodic_return,-337.5300547696171
502501,episodic_length,1000.0
503502,episodic_return,-562.4915107816715
503502,episodic_length,1000.0
503808,value_loss,0.01925339363515377
503808,policy_loss,-0.031561531126499176
503808,approx_kl,7.754312038421631
503808,clipfrac,0.960009765625
503808,explained_variance,0.757263794541359
503808,sps,599.0
504503,episodic_return,-290.48274530846857
504503,episodic_length,1000.0
505504,episodic_return,-264.7254142111184
505504,episodic_length,1000.0
505856,value_loss,0.01993253454566002
505856,policy_loss,-0.38089972734451294
505856,approx_kl,14.40777587890625
505856,clipfrac,0.964013671875
505856,explained_variance,0.8992977887392044
505856,sps,599.0
506505,episodic_return,-318.5684020834102
506505,episodic_length,1000.0
507506,episodic_return,-344.7927670989491
507506,episodic_length,1000.0
507904,value_loss,0.019047046080231667
507904,policy_loss,-0.08065968006849289
507904,approx_kl,8.774972915649414
507904,clipfrac,0.957421875
507904,explained_variance,0.8605735003948212
507904,sps,599.0
508507,episodic_return,-108.14912733330961
508507,episodic_length,1000.0
509508,episodic_return,-448.38928982554836
509508,episodic_length,1000.0
509952,value_loss,0.009554672986268997
509952,policy_loss,-0.0008435724303126335
509952,approx_kl,26.66830825805664
509952,clipfrac,0.9767578125
509952,explained_variance,0.9109109863638878
509952,sps,599.0
510509,episodic_return,-92.1024253740657
510509,episodic_length,1000.0
511510,episodic_return,-208.81805671648948
511510,episodic_length,1000.0
512000,value_loss,0.018624283373355865
512000,policy_loss,-0.11881407350301743
512000,approx_kl,11.398133277893066
512000,clipfrac,0.962890625
512000,explained_variance,0.8190629333257675
512000,sps,599.0
512511,episodic_return,-30.253240446658417
512511,episodic_length,1000.0
513512,episodic_return,-161.01818960117566
513512,episodic_length,1000.0
514048,value_loss,0.016671400517225266
514048,policy_loss,-0.00014380423817783594
514048,approx_kl,52.67718505859375
514048,clipfrac,0.977294921875
514048,explained_variance,0.789819210767746
514048,sps,598.0
514513,episodic_return,-76.4053161092816
514513,episodic_length,1000.0
515514,episodic_return,-136.53214852355424
515514,episodic_length,1000.0
516096,value_loss,0.021840393543243408
516096,policy_loss,-0.34482526779174805
516096,approx_kl,9.946849822998047
516096,clipfrac,0.9640625
516096,explained_variance,0.8654211908578873
516096,sps,598.0
516515,episodic_return,-521.4872071531299
516515,episodic_length,1000.0
517516,episodic_return,-243.3221798641425
517516,episodic_length,1000.0
518144,value_loss,0.04716043174266815
518144,policy_loss,-0.18036285042762756
518144,approx_kl,6.30731201171875
518144,clipfrac,0.96162109375
518144,explained_variance,0.885543629527092
518144,sps,598.0
518517,episodic_return,-228.6118140045685
518517,episodic_length,1000.0
519518,episodic_return,-309.0927446007408
519518,episodic_length,1000.0
520192,value_loss,0.013029331341385841
520192,policy_loss,-0.01182420551776886
520192,approx_kl,46.74810791015625
520192,clipfrac,0.975830078125
520192,explained_variance,0.8954718112945557
520192,sps,599.0
520519,episodic_return,-54.810831336705505
520519,episodic_length,1000.0
521520,episodic_return,3.6987460445212568
521520,episodic_length,1000.0
522240,value_loss,0.03560807183384895
522240,policy_loss,-0.2452443242073059
522240,approx_kl,19.511394500732422
522240,clipfrac,0.9728515625
522240,explained_variance,0.25034672021865845
522240,sps,599.0
522521,episodic_return,-75.97830399104623
522521,episodic_length,1000.0
523522,episodic_return,-451.20239086116777
523522,episodic_length,1000.0
524288,value_loss,0.021944468840956688
524288,policy_loss,-0.19568629562854767
524288,approx_kl,9.848024368286133
524288,clipfrac,0.969873046875
524288,explained_variance,0.844301700592041
524288,sps,599.0
524523,episodic_return,-4.41498830995958
524523,episodic_length,1000.0
525524,episodic_return,-497.67092479370797
525524,episodic_length,1000.0
526336,value_loss,0.013873208314180374
526336,policy_loss,-6.936839580535889
526336,approx_kl,16.605628967285156
526336,clipfrac,0.966259765625
526336,explained_variance,0.9130845665931702
526336,sps,599.0
526525,episodic_return,-110.48769539907917
526525,episodic_length,1000.0
527526,episodic_return,-138.9599276488942
527526,episodic_length,1000.0
528384,value_loss,0.013047609478235245
528384,policy_loss,-0.06425465643405914
528384,approx_kl,15.239482879638672
528384,clipfrac,0.972412109375
528384,explained_variance,0.8576425462961197
528384,sps,599.0
528527,episodic_return,-165.19171001229904
528527,episodic_length,1000.0
529528,episodic_return,-87.05115747341515
529528,episodic_length,1000.0
530432,value_loss,0.010713446885347366
530432,policy_loss,-0.05602393299341202
530432,approx_kl,21.247314453125
530432,clipfrac,0.97900390625
530432,explained_variance,0.9035870432853699
530432,sps,599.0
530529,episodic_return,-325.3102039280046
530529,episodic_length,1000.0
531530,episodic_return,-122.16235455768206
531530,episodic_length,1000.0
532480,value_loss,0.007581470534205437
532480,policy_loss,0.038999609649181366
532480,approx_kl,4.48906946182251
532480,clipfrac,0.960498046875
532480,explained_variance,0.8903916552662849
532480,sps,598.0
532531,episodic_return,-186.53529886391453
532531,episodic_length,1000.0
533532,episodic_return,-50.3159549276119
533532,episodic_length,1000.0
534528,value_loss,0.018074188381433487
534528,policy_loss,0.000645529362373054
534528,approx_kl,56.03481674194336
534528,clipfrac,0.9798828125
534528,explained_variance,0.9098979607224464
534528,sps,598.0
534533,episodic_return,-313.3020916561218
534533,episodic_length,1000.0
535534,episodic_return,-12.677552321699588
535534,episodic_length,1000.0
536535,episodic_return,-289.40369163861635
536535,episodic_length,1000.0
536576,value_loss,0.015130078420042992
536576,policy_loss,-0.2530161142349243
536576,approx_kl,13.785886764526367
536576,clipfrac,0.96875
536576,explained_variance,0.8772221207618713
536576,sps,598.0
537536,episodic_return,-162.23816216882628
537536,episodic_length,1000.0
538537,episodic_return,-149.43835942698058
538537,episodic_length,1000.0
538624,value_loss,0.0055647920817136765
538624,policy_loss,-0.49952471256256104
538624,approx_kl,20.388748168945312
538624,clipfrac,0.97841796875
538624,explained_variance,0.8994311466813087
538624,sps,599.0
539538,episodic_return,-66.06722074457386
539538,episodic_length,1000.0
540539,episodic_return,-203.4730886987617
540539,episodic_length,1000.0
540672,value_loss,0.016382483765482903
540672,policy_loss,0.07866793125867844
540672,approx_kl,26.00009536743164
540672,clipfrac,0.98037109375
540672,explained_variance,0.8736781179904938
540672,sps,599.0
541540,episodic_return,-374.1356415857125
541540,episodic_length,1000.0
542541,episodic_return,-286.8930583962629
542541,episodic_length,1000.0
542720,value_loss,0.021716825664043427
542720,policy_loss,-0.03385016322135925
542720,approx_kl,18.515254974365234
542720,clipfrac,0.970703125
542720,explained_variance,0.889891006052494
542720,sps,599.0
543542,episodic_return,-206.36200944107486
543542,episodic_length,1000.0
544543,episodic_return,-4.888846224553749
544543,episodic_length,1000.0
544768,value_loss,0.008091142401099205
544768,policy_loss,0.002798255532979965
544768,approx_kl,24.45096206665039
544768,clipfrac,0.9748046875
544768,explained_variance,0.7707072496414185
544768,sps,599.0
545544,episodic_return,-185.70328336042184
545544,episodic_length,1000.0
546545,episodic_return,-253.33272638715164
546545,episodic_length,1000.0
546816,value_loss,0.017033211886882782
546816,policy_loss,-1.2136106491088867
546816,approx_kl,7.462145805358887
546816,clipfrac,0.958935546875
546816,explained_variance,0.8917600363492966
546816,sps,599.0
547546,episodic_return,-210.62819511340592
547546,episodic_length,1000.0
548547,episodic_return,-155.54927151829324
548547,episodic_length,1000.0
548864,value_loss,0.021870065480470657
548864,policy_loss,-22.162982940673828
548864,approx_kl,63.59227752685547
548864,clipfrac,0.97197265625
548864,explained_variance,0.8895035907626152
548864,sps,598.0
549548,episodic_return,-278.52917318208324
549548,episodic_length,1000.0
550549,episodic_return,-75.623056920432
550549,episodic_length,1000.0
550912,value_loss,0.017753129824995995
550912,policy_loss,-0.014585857279598713
550912,approx_kl,36.841949462890625
550912,clipfrac,0.976806640625
550912,explained_variance,0.9098968878388405
550912,sps,598.0
551550,episodic_return,-195.24406981783542
551550,episodic_length,1000.0
552551,episodic_return,-123.03904555942799
552551,episodic_length,1000.0
552960,value_loss,0.016232503578066826
552960,policy_loss,-0.005535991862416267
552960,approx_kl,7.953767776489258
552960,clipfrac,0.965185546875
552960,explained_variance,0.9086835980415344
552960,sps,598.0
553552,episodic_return,-622.168523857126
553552,episodic_length,1000.0
554553,episodic_return,-61.53368499053476
554553,episodic_length,1000.0
555008,value_loss,0.010300242342054844
555008,policy_loss,-0.0019914626609534025
555008,approx_kl,57.77449417114258
555008,clipfrac,0.979931640625
555008,explained_variance,0.8951570764183998
555008,sps,598.0
555554,episodic_return,-238.73760476361215
555554,episodic_length,1000.0
556555,episodic_return,-561.9291885133281
556555,episodic_length,1000.0
557056,value_loss,0.0293470099568367
557056,policy_loss,-0.005104460753500462
557056,approx_kl,18.606399536132812
557056,clipfrac,0.977294921875
557056,explained_variance,0.8624168783426285
557056,sps,598.0
557556,episodic_return,-126.17135472548937
557556,episodic_length,1000.0
558557,episodic_return,-368.68224761990297
558557,episodic_length,1000.0
559104,value_loss,0.015776844695210457
559104,policy_loss,-0.10965760052204132
559104,approx_kl,25.727359771728516
559104,clipfrac,0.961279296875
559104,explained_variance,0.9159502312541008
559104,sps,598.0
559558,episodic_return,-12.868681838148266
559558,episodic_length,1000.0
560559,episodic_return,-188.42525201521093
560559,episodic_length,1000.0
561152,value_loss,0.007649638690054417
561152,policy_loss,0.001074024010449648
561152,approx_kl,46.64599609375
561152,clipfrac,0.984619140625
561152,explained_variance,0.8528783619403839
561152,sps,598.0
561560,episodic_return,-132.3262239926305
561560,episodic_length,1000.0
562561,episodic_return,-516.2771127316478
562561,episodic_length,1000.0
563200,value_loss,0.02894442342221737
563200,policy_loss,-1.5540273189544678
563200,approx_kl,19.362205505371094
563200,clipfrac,0.970166015625
563200,explained_variance,0.8545931577682495
563200,sps,598.0
563562,episodic_return,-165.37057231900286
563562,episodic_length,1000.0
564563,episodic_return,-285.5829092899731
564563,episodic_length,1000.0
565248,value_loss,0.01832219585776329
565248,policy_loss,-0.9374858140945435
565248,approx_kl,5.423728942871094
565248,clipfrac,0.956005859375
565248,explained_variance,0.9159118682146072
565248,sps,598.0
565564,episodic_return,-415.5970158169551
565564,episodic_length,1000.0
566565,episodic_return,-424.05402942812646
566565,episodic_length,1000.0
567296,value_loss,0.028367506340146065
567296,policy_loss,-0.8432780504226685
567296,approx_kl,13.313844680786133
567296,clipfrac,0.97626953125
567296,explained_variance,0.9071772247552872
567296,sps,598.0
567566,episodic_return,4.021877208896093
567566,episodic_length,1000.0
568567,episodic_return,-496.227343602946
568567,episodic_length,1000.0
569344,value_loss,0.020366210490465164
569344,policy_loss,-0.00820317491889
569344,approx_kl,15.671772956848145
569344,clipfrac,0.972509765625
569344,explained_variance,0.8939647227525711
569344,sps,598.0
569568,episodic_return,-483.6463821982822
569568,episodic_length,1000.0
570569,episodic_return,-271.21740638548727
570569,episodic_length,1000.0
571392,value_loss,0.029891163110733032
571392,policy_loss,-1.4203747510910034
571392,approx_kl,8.866694450378418
571392,clipfrac,0.954931640625
571392,explained_variance,0.8601563572883606
571392,sps,598.0
571570,episodic_return,-143.80768746501616
571570,episodic_length,1000.0
572571,episodic_return,-108.4684521600877
572571,episodic_length,1000.0
573440,value_loss,0.02005806937813759
573440,policy_loss,-0.11453431844711304
573440,approx_kl,9.388020515441895
573440,clipfrac,0.96298828125
573440,explained_variance,0.9035069793462753
573440,sps,598.0
573572,episodic_return,-262.9776188030174
573572,episodic_length,1000.0
574573,episodic_return,-684.7759322083563
574573,episodic_length,1000.0
575488,value_loss,0.01358819380402565
575488,policy_loss,0.040232133120298386
575488,approx_kl,7.42689323425293
575488,clipfrac,0.97177734375
575488,explained_variance,0.9010338187217712
575488,sps,598.0
575574,episodic_return,-141.93001325821416
575574,episodic_length,1000.0
576575,episodic_return,-68.01559434135737
576575,episodic_length,1000.0
577536,value_loss,0.01020263135433197
577536,policy_loss,-0.15685556828975677
577536,approx_kl,8.42895793914795
577536,clipfrac,0.965869140625
577536,explained_variance,0.9494490996003151
577536,sps,598.0
577576,episodic_return,-669.1426071623574
577576,episodic_length,1000.0
578577,episodic_return,-82.16037348950567
578577,episodic_length,1000.0
579578,episodic_return,-403.7075413630836
579578,episodic_length,1000.0
579584,value_loss,0.023813679814338684
579584,policy_loss,-0.148506760597229
579584,approx_kl,13.749055862426758
579584,clipfrac,0.9642578125
579584,explained_variance,0.8830113857984543
579584,sps,598.0
580579,episodic_return,-246.90079091660238
580579,episodic_length,1000.0
581580,episodic_return,-482.9523038558033
581580,episodic_length,1000.0
581632,value_loss,0.010437466204166412
581632,policy_loss,-0.08248037844896317
581632,approx_kl,11.617485046386719
581632,clipfrac,0.9671875
581632,explained_variance,0.9393960349261761
581632,sps,598.0
582581,episodic_return,-390.6296072510296
582581,episodic_length,1000.0
583582,episodic_return,-48.266235156343946
583582,episodic_length,1000.0
583680,value_loss,0.02442808821797371
583680,policy_loss,-0.462678462266922
583680,approx_kl,12.61956787109375
583680,clipfrac,0.974072265625
583680,explained_variance,0.9121602550148964
583680,sps,598.0
584583,episodic_return,-416.74997065180065
584583,episodic_length,1000.0
585584,episodic_return,-393.7274288329556
585584,episodic_length,1000.0
585728,value_loss,0.024956118315458298
585728,policy_loss,-0.07919781655073166
585728,approx_kl,17.562664031982422
585728,clipfrac,0.968310546875
585728,explained_variance,0.916066087782383
585728,sps,598.0
586585,episodic_return,-115.64531649364858
586585,episodic_length,1000.0
587586,episodic_return,-594.628590503111
587586,episodic_length,1000.0
587776,value_loss,0.02478981204330921
587776,policy_loss,-0.005092643667012453
587776,approx_kl,10.597314834594727
587776,clipfrac,0.97607421875
587776,explained_variance,0.9216466918587685
587776,sps,598.0
588587,episodic_return,-172.63941856127894
588587,episodic_length,1000.0
589588,episodic_return,-82.56498025659683
589588,episodic_length,1000.0
589824,value_loss,0.01611322909593582
589824,policy_loss,-0.03956804797053337
589824,approx_kl,19.86301612854004
589824,clipfrac,0.975146484375
589824,explained_variance,0.6230274140834808
589824,sps,598.0
590589,episodic_return,-5.173072539097917
590589,episodic_length,1000.0
591590,episodic_return,-545.3823828607175
591590,episodic_length,1000.0
591872,value_loss,0.013766049407422543
591872,policy_loss,-0.3278253674507141
591872,approx_kl,7.574475288391113
591872,clipfrac,0.960302734375
591872,explained_variance,0.9011311903595924
591872,sps,598.0
592591,episodic_return,-222.14885664757023
592591,episodic_length,1000.0
593592,episodic_return,-510.9817439998517
593592,episodic_length,1000.0
593920,value_loss,0.021383756771683693
593920,policy_loss,-0.2776007354259491
593920,approx_kl,6.5630903244018555
593920,clipfrac,0.965478515625
593920,explained_variance,0.885809600353241
593920,sps,599.0
594593,episodic_return,-181.4212522640728
594593,episodic_length,1000.0
595594,episodic_return,-49.25150014790273
595594,episodic_length,1000.0
595968,value_loss,0.013099554926156998
595968,policy_loss,-0.04289424419403076
595968,approx_kl,20.124069213867188
595968,clipfrac,0.972216796875
595968,explained_variance,0.5670614838600159
595968,sps,599.0
596595,episodic_return,-87.26185392291478
596595,episodic_length,1000.0
597596,episodic_return,-50.941817695268625
597596,episodic_length,1000.0
598016,value_loss,0.004688858054578304
598016,policy_loss,-0.05834928900003433
598016,approx_kl,27.760074615478516
598016,clipfrac,0.980224609375
598016,explained_variance,0.2917770743370056
598016,sps,599.0
598597,episodic_return,-91.07039001105835
598597,episodic_length,1000.0
599598,episodic_return,-88.19106538369009
599598,episodic_length,1000.0
600064,value_loss,0.006661972030997276
600064,policy_loss,-2.313662052154541
600064,approx_kl,9.888131141662598
600064,clipfrac,0.953955078125
600064,explained_variance,0.8968247249722481
600064,sps,599.0
600599,episodic_return,-768.2063789832346
600599,episodic_length,1000.0
601600,episodic_return,-123.08901967723429
601600,episodic_length,1000.0
602112,value_loss,0.02031368389725685
602112,policy_loss,-0.3660197854042053
602112,approx_kl,9.258794784545898
602112,clipfrac,0.964111328125
602112,explained_variance,0.8864534795284271
602112,sps,598.0
602601,episodic_return,-624.1527384872462
602601,episodic_length,1000.0
603602,episodic_return,-204.71462976785938
603602,episodic_length,1000.0
604160,value_loss,0.02071014791727066
604160,policy_loss,-0.9322214126586914
604160,approx_kl,5.768570423126221
604160,clipfrac,0.963134765625
604160,explained_variance,0.8807948678731918
604160,sps,598.0
604603,episodic_return,-579.7504355182612
604603,episodic_length,1000.0
605604,episodic_return,-0.46878536162165174
605604,episodic_length,1000.0
606208,value_loss,0.028421198949217796
606208,policy_loss,-7.458820343017578
606208,approx_kl,38.31208419799805
606208,clipfrac,0.97333984375
606208,explained_variance,0.8500960320234299
606208,sps,598.0
606605,episodic_return,-37.220940862005165
606605,episodic_length,1000.0
607606,episodic_return,-74.29408797875003
607606,episodic_length,1000.0
608256,value_loss,0.006827238015830517
608256,policy_loss,0.007715026848018169
608256,approx_kl,42.56394958496094
608256,clipfrac,0.972412109375
608256,explained_variance,0.7294075191020966
608256,sps,598.0
608607,episodic_return,-44.93766167875447
608607,episodic_length,1000.0
609608,episodic_return,-85.87475369846501
609608,episodic_length,1000.0
610304,value_loss,0.01571146585047245
610304,policy_loss,-0.40470775961875916
610304,approx_kl,29.293649673461914
610304,clipfrac,0.975390625
610304,explained_variance,0.623306542634964
610304,sps,599.0
610609,episodic_return,-89.15905813585292
610609,episodic_length,1000.0
611610,episodic_return,-53.87290393412823
611610,episodic_length,1000.0
612352,value_loss,0.01666843518614769
612352,policy_loss,0.08005418628454208
612352,approx_kl,8.635464668273926
612352,clipfrac,0.96455078125
612352,explained_variance,0.870839074254036
612352,sps,599.0
612611,episodic_return,-553.6597406675128
612611,episodic_length,1000.0
613612,episodic_return,-579.9379250163877
613612,episodic_length,1000.0
614400,value_loss,0.022101664915680885
614400,policy_loss,-0.02972325310111046
614400,approx_kl,12.848295211791992
614400,clipfrac,0.96748046875
614400,explained_variance,0.8352430164813995
614400,sps,599.0
614613,episodic_return,-77.85864491775949
614613,episodic_length,1000.0
615614,episodic_return,-145.30437561884733
615614,episodic_length,1000.0
616448,value_loss,0.006552503444254398
616448,policy_loss,-0.06920936703681946
616448,approx_kl,12.871551513671875
616448,clipfrac,0.97421875
616448,explained_variance,0.7417688071727753
616448,sps,599.0
616615,episodic_return,37.83147691856155
616615,episodic_length,1000.0
617616,episodic_return,-77.37658114746851
617616,episodic_length,1000.0
618496,value_loss,0.010247871279716492
618496,policy_loss,-0.31430819630622864
618496,approx_kl,33.048744201660156
618496,clipfrac,0.977685546875
618496,explained_variance,0.7775415927171707
618496,sps,599.0
618617,episodic_return,-59.362081385467036
618617,episodic_length,1000.0
619618,episodic_return,-7.949618709418685
619618,episodic_length,1000.0
620544,value_loss,0.008282892405986786
620544,policy_loss,0.04537835717201233
620544,approx_kl,36.16242218017578
620544,clipfrac,0.98125
620544,explained_variance,0.7555025815963745
620544,sps,599.0
620619,episodic_return,-94.87679498067503
620619,episodic_length,1000.0
621620,episodic_return,-66.6535488198505
621620,episodic_length,1000.0
622592,value_loss,0.0074555473402142525
622592,policy_loss,-0.060880497097969055
622592,approx_kl,18.62627410888672
622592,clipfrac,0.969677734375
622592,explained_variance,0.057053446769714355
622592,sps,599.0
622621,episodic_return,-45.92441572931329
622621,episodic_length,1000.0
623622,episodic_return,-72.95169977746377
623622,episodic_length,1000.0
624623,episodic_return,-369.23597783097466
624623,episodic_length,1000.0
624640,value_loss,0.016499383375048637
624640,policy_loss,-0.04604600369930267
624640,approx_kl,6.611047744750977
624640,clipfrac,0.9607421875
624640,explained_variance,0.8662597239017487
624640,sps,599.0
625624,episodic_return,-207.44280680050852
625624,episodic_length,1000.0
626625,episodic_return,-255.66488930722034
626625,episodic_length,1000.0
626688,value_loss,0.010367684997618198
626688,policy_loss,-0.26598241925239563
626688,approx_kl,8.810087203979492
626688,clipfrac,0.974072265625
626688,explained_variance,0.8862316533923149
626688,sps,599.0
627626,episodic_return,-326.7605679975686
627626,episodic_length,1000.0
628627,episodic_return,-571.3721762417636
628627,episodic_length,1000.0
628736,value_loss,0.016130831092596054
628736,policy_loss,-0.4371691346168518
628736,approx_kl,5.282468795776367
628736,clipfrac,0.952197265625
628736,explained_variance,0.763788253068924
628736,sps,599.0
629628,episodic_return,-308.9909137247199
629628,episodic_length,1000.0
630629,episodic_return,-195.98355791220337
630629,episodic_length,1000.0
630784,value_loss,0.01437113806605339
630784,policy_loss,-3.2110257148742676
630784,approx_kl,18.58379364013672
630784,clipfrac,0.968359375
630784,explained_variance,0.9080454185605049
630784,sps,599.0
631630,episodic_return,-84.00253769356043
631630,episodic_length,1000.0
632631,episodic_return,-13.483185293135177
632631,episodic_length,1000.0
632832,value_loss,0.01120617613196373
632832,policy_loss,-0.11799877882003784
632832,approx_kl,17.764240264892578
632832,clipfrac,0.974365234375
632832,explained_variance,0.7434231340885162
632832,sps,599.0
633632,episodic_return,-57.57657104802281
633632,episodic_length,1000.0
634633,episodic_return,-25.270537061100462
634633,episodic_length,1000.0
634880,value_loss,0.007085924502462149
634880,policy_loss,-0.8223043084144592
634880,approx_kl,11.197284698486328
634880,clipfrac,0.955126953125
634880,explained_variance,0.8657715320587158
634880,sps,599.0
635634,episodic_return,-301.98666694578634
635634,episodic_length,1000.0
636635,episodic_return,-152.7214646693745
636635,episodic_length,1000.0
636928,value_loss,0.012728885747492313
636928,policy_loss,-0.03653623163700104
636928,approx_kl,15.310782432556152
636928,clipfrac,0.972314453125
636928,explained_variance,0.8361188769340515
636928,sps,599.0
637636,episodic_return,-72.88449097619598
637636,episodic_length,1000.0
638637,episodic_return,-198.8728027988939
638637,episodic_length,1000.0
638976,value_loss,0.005606369581073523
638976,policy_loss,-0.5189850330352783
638976,approx_kl,17.647525787353516
638976,clipfrac,0.97919921875
638976,explained_variance,0.8616497814655304
638976,sps,599.0
639638,episodic_return,-87.14104163029744
639638,episodic_length,1000.0
640639,episodic_return,-207.03745120364474
640639,episodic_length,1000.0
641024,value_loss,0.006525633856654167
641024,policy_loss,-0.06479242444038391
641024,approx_kl,13.325016021728516
641024,clipfrac,0.97294921875
641024,explained_variance,0.8877403438091278
641024,sps,599.0
641640,episodic_return,-165.26325775379775
641640,episodic_length,1000.0
642641,episodic_return,-138.1314689962085
642641,episodic_length,1000.0
643072,value_loss,0.012193247675895691
643072,policy_loss,-0.04689718410372734
643072,approx_kl,10.752727508544922
643072,clipfrac,0.973583984375
643072,explained_variance,0.8464480936527252
643072,sps,600.0
643642,episodic_return,-40.26958280134544
643642,episodic_length,1000.0
644643,episodic_return,-262.6445000940281
644643,episodic_length,1000.0
645120,value_loss,0.006660094019025564
645120,policy_loss,-0.22388257086277008
645120,approx_kl,6.796409606933594
645120,clipfrac,0.95908203125
645120,explained_variance,0.8625801056623459
645120,sps,600.0
645644,episodic_return,-18.194519993698822
645644,episodic_length,1000.0
646645,episodic_return,-16.839825707433814
646645,episodic_length,1000.0
647168,value_loss,0.013825561851263046
647168,policy_loss,-0.17462103068828583
647168,approx_kl,11.847602844238281
647168,clipfrac,0.97060546875
647168,explained_variance,0.7783176600933075
647168,sps,600.0
647646,episodic_return,-132.7238763987982
647646,episodic_length,1000.0
648647,episodic_return,-144.18918215998502
648647,episodic_length,1000.0
649216,value_loss,0.020687807351350784
649216,policy_loss,-1.3213826417922974
649216,approx_kl,5.904105186462402
649216,clipfrac,0.9412109375
649216,explained_variance,0.8272886127233505
649216,sps,600.0
649648,episodic_return,-185.4997701184165
649648,episodic_length,1000.0
650649,episodic_return,-378.13413372103736
650649,episodic_length,1000.0
651264,value_loss,0.015334980562329292
651264,policy_loss,-3.5891835689544678
651264,approx_kl,13.900634765625
651264,clipfrac,0.957373046875
651264,explained_variance,0.8528788089752197
651264,sps,600.0
651650,episodic_return,-346.29387153384096
651650,episodic_length,1000.0
652651,episodic_return,-170.5679737799861
652651,episodic_length,1000.0
653312,value_loss,0.014385118149220943
653312,policy_loss,-0.001454091863706708
653312,approx_kl,56.95565414428711
653312,clipfrac,0.974755859375
653312,explained_variance,0.8329199105501175
653312,sps,600.0
653652,episodic_return,-118.43859849202701
653652,episodic_length,1000.0
654653,episodic_return,-482.0049102796755
654653,episodic_length,1000.0
655360,value_loss,0.039022888988256454
655360,policy_loss,-4.62609338760376
655360,approx_kl,9.476552963256836
655360,clipfrac,0.96962890625
655360,explained_variance,0.8576149344444275
655360,sps,600.0
655654,episodic_return,-8.943557926934039
655654,episodic_length,1000.0
656655,episodic_return,-150.9146846544272
656655,episodic_length,1000.0
657408,value_loss,0.01074286550283432
657408,policy_loss,0.005515134893357754
657408,approx_kl,21.855846405029297
657408,clipfrac,0.979345703125
657408,explained_variance,0.7934020608663559
657408,sps,600.0
657656,episodic_return,-88.36635292715572
657656,episodic_length,1000.0
658657,episodic_return,-43.62925591474788
658657,episodic_length,1000.0
659456,value_loss,0.005699597764760256
659456,policy_loss,-0.3102516531944275
659456,approx_kl,8.557760238647461
659456,clipfrac,0.96708984375
659456,explained_variance,0.5877044200897217
659456,sps,600.0
659658,episodic_return,2.082068576251215
659658,episodic_length,1000.0
660659,episodic_return,-73.75022566860203
660659,episodic_length,1000.0
661504,value_loss,0.003603402990847826
661504,policy_loss,-0.06040804088115692
661504,approx_kl,19.41350555419922
661504,clipfrac,0.977783203125
661504,explained_variance,0.5139887928962708
661504,sps,600.0
661660,episodic_return,-23.992791239527715
661660,episodic_length,1000.0
662661,episodic_return,-45.159699008135085
662661,episodic_length,1000.0
663552,value_loss,0.030726758763194084
663552,policy_loss,-0.5300172567367554
663552,approx_kl,10.001504898071289
663552,clipfrac,0.956201171875
663552,explained_variance,0.806724801659584
663552,sps,600.0
663662,episodic_return,-301.2105119424196
663662,episodic_length,1000.0
664663,episodic_return,-22.55168393023987
664663,episodic_length,1000.0
665600,value_loss,0.007504664361476898
665600,policy_loss,0.04582882672548294
665600,approx_kl,8.330666542053223
665600,clipfrac,0.96630859375
665600,explained_variance,0.5573166310787201
665600,sps,600.0
665664,episodic_return,-66.5878652501872
665664,episodic_length,1000.0
666665,episodic_return,-46.3665494703079
666665,episodic_length,1000.0
667648,value_loss,0.007710657548159361
667648,policy_loss,-0.22053620219230652
667648,approx_kl,4.258115768432617
667648,clipfrac,0.958349609375
667648,explained_variance,0.7976682037115097
667648,sps,600.0
667666,episodic_return,-195.19996302842196
667666,episodic_length,1000.0
668667,episodic_return,-69.91694822846851
668667,episodic_length,1000.0
669668,episodic_return,-284.7718938754149
669668,episodic_length,1000.0
669696,value_loss,0.014345934614539146
669696,policy_loss,-0.9115987420082092
669696,approx_kl,7.484598159790039
669696,clipfrac,0.959716796875
669696,explained_variance,0.8363703340291977
669696,sps,600.0
670669,episodic_return,-445.45565166382687
670669,episodic_length,1000.0
671670,episodic_return,-353.37926414948333
671670,episodic_length,1000.0
671744,value_loss,0.013997036963701248
671744,policy_loss,-0.13765105605125427
671744,approx_kl,11.52895736694336
671744,clipfrac,0.975146484375
671744,explained_variance,0.8170538991689682
671744,sps,600.0
672671,episodic_return,-190.467221164012
672671,episodic_length,1000.0
673672,episodic_return,-385.1151120264863
673672,episodic_length,1000.0
673792,value_loss,0.009783562272787094
673792,policy_loss,-0.06002427265048027
673792,approx_kl,10.684990882873535
673792,clipfrac,0.963330078125
673792,explained_variance,0.8885009437799454
673792,sps,600.0
674673,episodic_return,-101.93680596115595
674673,episodic_length,1000.0
675674,episodic_return,-527.2010974395282
675674,episodic_length,1000.0
675840,value_loss,0.013869250193238258
675840,policy_loss,-1.1294989585876465
675840,approx_kl,11.000452995300293
675840,clipfrac,0.9580078125
675840,explained_variance,0.8915955945849419
675840,sps,600.0
676675,episodic_return,-451.4770022430448
676675,episodic_length,1000.0
677676,episodic_return,-243.35603666960233
677676,episodic_length,1000.0
677888,value_loss,0.03260285407304764
677888,policy_loss,0.004886031150817871
677888,approx_kl,9.29072380065918
677888,clipfrac,0.967041015625
677888,explained_variance,0.8473382294178009
677888,sps,600.0
678677,episodic_return,-121.90164389591195
678677,episodic_length,1000.0
679678,episodic_return,-218.13472395279922
679678,episodic_length,1000.0
679936,value_loss,0.01309855654835701
679936,policy_loss,-0.05783382058143616
679936,approx_kl,9.043022155761719
679936,clipfrac,0.964697265625
679936,explained_variance,0.8705640435218811
679936,sps,600.0
680679,episodic_return,-79.71629934710062
680679,episodic_length,1000.0
681680,episodic_return,-242.57773775243737
681680,episodic_length,1000.0
681984,value_loss,0.012761683203279972
681984,policy_loss,-1.5984387397766113
681984,approx_kl,4.124899864196777
681984,clipfrac,0.944775390625
681984,explained_variance,0.936341680586338
681984,sps,601.0
682681,episodic_return,-340.8005773429595
682681,episodic_length,1000.0
683682,episodic_return,-510.42020252332617
683682,episodic_length,1000.0
684032,value_loss,0.02867191657423973
684032,policy_loss,-0.04571995139122009
684032,approx_kl,6.251832962036133
684032,clipfrac,0.944287109375
684032,explained_variance,0.8353606015443802
684032,sps,601.0
684683,episodic_return,-96.40255838730856
684683,episodic_length,1000.0
685684,episodic_return,-196.4043370853826
685684,episodic_length,1000.0
686080,value_loss,0.013984734192490578
686080,policy_loss,-3.2179832458496094
686080,approx_kl,8.905620574951172
686080,clipfrac,0.941357421875
686080,explained_variance,0.920361265540123
686080,sps,601.0
686685,episodic_return,-353.3484289233958
686685,episodic_length,1000.0
687686,episodic_return,-372.16427505367585
687686,episodic_length,1000.0
688128,value_loss,0.017616374418139458
688128,policy_loss,-0.7899319529533386
688128,approx_kl,17.318675994873047
688128,clipfrac,0.9724609375
688128,explained_variance,0.9028314501047134
688128,sps,601.0
688687,episodic_return,-99.99387359232159
688687,episodic_length,1000.0
689688,episodic_return,-88.24960966761721
689688,episodic_length,1000.0
690176,value_loss,0.005455554462969303
690176,policy_loss,-0.15700283646583557
690176,approx_kl,4.9161458015441895
690176,clipfrac,0.950830078125
690176,explained_variance,0.838054284453392
690176,sps,601.0
690689,episodic_return,-217.47720137932606
690689,episodic_length,1000.0
691690,episodic_return,-157.62986219546295
691690,episodic_length,1000.0
692224,value_loss,0.01849411241710186
692224,policy_loss,-1.0522615909576416
692224,approx_kl,10.033988952636719
692224,clipfrac,0.969287109375
692224,explained_variance,0.8940608948469162
692224,sps,601.0
692691,episodic_return,-223.15125994140485
692691,episodic_length,1000.0
693692,episodic_return,-67.87627597545419
693692,episodic_length,1000.0
694272,value_loss,0.024415625259280205
694272,policy_loss,-0.005821205675601959
694272,approx_kl,35.881195068359375
694272,clipfrac,0.97373046875
694272,explained_variance,0.8492065370082855
694272,sps,601.0
694693,episodic_return,-98.6211266237648
694693,episodic_length,1000.0
695694,episodic_return,-581.7478795443792
695694,episodic_length,1000.0
696320,value_loss,0.03420708701014519
696320,policy_loss,-0.1628023236989975
696320,approx_kl,9.669114112854004
696320,clipfrac,0.9732421875
696320,explained_variance,0.8886579275131226
696320,sps,601.0
696695,episodic_return,-152.70361451284387
696695,episodic_length,1000.0
697696,episodic_return,-491.57790236610754
697696,episodic_length,1000.0
698368,value_loss,0.015271676704287529
698368,policy_loss,-2.655258893966675
698368,approx_kl,8.624422073364258
698368,clipfrac,0.966162109375
698368,explained_variance,0.917130134999752
698368,sps,601.0
698697,episodic_return,-492.97429139914016
698697,episodic_length,1000.0
699698,episodic_return,-296.21143116040474
699698,episodic_length,1000.0
700416,value_loss,0.02029155008494854
700416,policy_loss,-0.05100838840007782
700416,approx_kl,14.010722160339355
700416,clipfrac,0.969580078125
700416,explained_variance,0.9081477746367455
700416,sps,601.0
700699,episodic_return,-75.84380321893737
700699,episodic_length,1000.0
701700,episodic_return,-100.47496626342007
701700,episodic_length,1000.0
702464,value_loss,0.019981667399406433
702464,policy_loss,-1.5207703113555908
702464,approx_kl,9.231046676635742
702464,clipfrac,0.96396484375
702464,explained_variance,0.9142474830150604
702464,sps,601.0
702701,episodic_return,-423.9742895672617
702701,episodic_length,1000.0
703702,episodic_return,-225.60578496331442
703702,episodic_length,1000.0
704512,value_loss,0.016091572120785713
704512,policy_loss,-1.0875332355499268
704512,approx_kl,6.790696144104004
704512,clipfrac,0.957275390625
704512,explained_variance,0.8934137597680092
704512,sps,601.0
704703,episodic_return,-59.41615227164446
704703,episodic_length,1000.0
705704,episodic_return,-80.09934298762079
705704,episodic_length,1000.0
706560,value_loss,0.014323187991976738
706560,policy_loss,-7.789829254150391
706560,approx_kl,26.78476333618164
706560,clipfrac,0.97431640625
706560,explained_variance,0.8854833990335464
706560,sps,601.0
706705,episodic_return,-192.37111117597968
706705,episodic_length,1000.0
707706,episodic_return,-374.3191258265376
707706,episodic_length,1000.0
708608,value_loss,0.0141072329133749
708608,policy_loss,-0.5078396201133728
708608,approx_kl,7.678158760070801
708608,clipfrac,0.949658203125
708608,explained_variance,0.9096609726548195
708608,sps,601.0
708707,episodic_return,-123.79006953604635
708707,episodic_length,1000.0
709708,episodic_return,-96.1066893169744
709708,episodic_length,1000.0
710656,value_loss,0.013314207084476948
710656,policy_loss,-0.13403084874153137
710656,approx_kl,22.120420455932617
710656,clipfrac,0.975048828125
710656,explained_variance,0.8381717056035995
710656,sps,601.0
710709,episodic_return,-14.163395272223246
710709,episodic_length,1000.0
711710,episodic_return,-60.421798418545656
711710,episodic_length,1000.0
712704,value_loss,0.02697499841451645
712704,policy_loss,-0.013283791020512581
712704,approx_kl,14.982990264892578
712704,clipfrac,0.958056640625
712704,explained_variance,0.8984376415610313
712704,sps,602.0
712711,episodic_return,-459.9683417202794
712711,episodic_length,1000.0
713712,episodic_return,-52.87557180061247
713712,episodic_length,1000.0
714713,episodic_return,-254.0523095693964
714713,episodic_length,1000.0
714752,value_loss,0.022940468043088913
714752,policy_loss,-0.1371532678604126
714752,approx_kl,14.151796340942383
714752,clipfrac,0.971826171875
714752,explained_variance,0.8718292713165283
714752,sps,602.0
715714,episodic_return,-245.26687709662366
715714,episodic_length,1000.0
716715,episodic_return,-423.3733912929862
716715,episodic_length,1000.0
716800,value_loss,0.025968048721551895
716800,policy_loss,-3.7169792652130127
716800,approx_kl,23.022186279296875
716800,clipfrac,0.969921875
716800,explained_variance,0.8752760887145996
716800,sps,602.0
717716,episodic_return,-185.229993117115
717716,episodic_length,1000.0
718717,episodic_return,-540.2333892561882
718717,episodic_length,1000.0
718848,value_loss,0.039820585399866104
718848,policy_loss,-0.004639951977878809
718848,approx_kl,5.993316650390625
718848,clipfrac,0.966845703125
718848,explained_variance,0.8696895986795425
718848,sps,602.0
719718,episodic_return,-20.0869705107675
719718,episodic_length,1000.0
720719,episodic_return,-589.603863900941
720719,episodic_length,1000.0
720896,value_loss,0.01712300069630146
720896,policy_loss,0.9256532788276672
720896,approx_kl,17.937488555908203
720896,clipfrac,0.969921875
720896,explained_variance,0.9308729842305183
720896,sps,602.0
721720,episodic_return,-418.54906669372724
721720,episodic_length,1000.0
722721,episodic_return,-578.1561235985298
722721,episodic_length,1000.0
722944,value_loss,0.022373706102371216
722944,policy_loss,-0.003105027135461569
722944,approx_kl,32.13346481323242
722944,clipfrac,0.97529296875
722944,explained_variance,0.8082548230886459
722944,sps,602.0
723722,episodic_return,-424.17577645536903
723722,episodic_length,1000.0
724723,episodic_return,-505.4199343973697
724723,episodic_length,1000.0
724992,value_loss,0.029172513633966446
724992,policy_loss,-0.16055825352668762
724992,approx_kl,15.76483154296875
724992,clipfrac,0.978955078125
724992,explained_variance,0.4955372214317322
724992,sps,602.0
725724,episodic_return,-451.88783197811426
725724,episodic_length,1000.0
726725,episodic_return,-412.8497748647137
726725,episodic_length,1000.0
727040,value_loss,0.022127598524093628
727040,policy_loss,-0.015892788767814636
727040,approx_kl,32.597442626953125
727040,clipfrac,0.969091796875
727040,explained_variance,0.8249787539243698
727040,sps,602.0
727726,episodic_return,-422.934828153803
727726,episodic_length,1000.0
728727,episodic_return,-386.5017712093398
728727,episodic_length,1000.0
729088,value_loss,0.023258542641997337
729088,policy_loss,-0.36103442311286926
729088,approx_kl,5.269571304321289
729088,clipfrac,0.959375
729088,explained_variance,0.8252458870410919
729088,sps,602.0
729728,episodic_return,1.3764942985442812
729728,episodic_length,1000.0
730729,episodic_return,-442.94795178306987
730729,episodic_length,1000.0
731136,value_loss,0.020178813487291336
731136,policy_loss,-1.420479416847229
731136,approx_kl,9.420799255371094
731136,clipfrac,0.9603515625
731136,explained_variance,0.9279990196228027
731136,sps,602.0
731730,episodic_return,-228.01865771865891
731730,episodic_length,1000.0
732731,episodic_return,-9.68914986813224
732731,episodic_length,1000.0
733184,value_loss,0.013393953442573547
733184,policy_loss,-0.01794208399951458
733184,approx_kl,19.020309448242188
733184,clipfrac,0.97158203125
733184,explained_variance,0.9018522500991821
733184,sps,602.0
733732,episodic_return,-211.48959897916134
733732,episodic_length,1000.0
734733,episodic_return,-432.01470473606685
734733,episodic_length,1000.0
735232,value_loss,0.03212660923600197
735232,policy_loss,-0.06015191599726677
735232,approx_kl,10.771980285644531
735232,clipfrac,0.9537109375
735232,explained_variance,0.8730347603559494
735232,sps,602.0
735734,episodic_return,-276.7547094161732
735734,episodic_length,1000.0
736735,episodic_return,-92.8577428834674
736735,episodic_length,1000.0
737280,value_loss,0.017137836664915085
737280,policy_loss,0.02531745471060276
737280,approx_kl,8.69753646850586
737280,clipfrac,0.965185546875
737280,explained_variance,0.925837554037571
737280,sps,602.0
737736,episodic_return,-510.1462289419883
737736,episodic_length,1000.0
738737,episodic_return,-220.98790948403843
738737,episodic_length,1000.0
739328,value_loss,0.024803318083286285
739328,policy_loss,0.008741012774407864
739328,approx_kl,12.682502746582031
739328,clipfrac,0.961474609375
739328,explained_variance,0.8750391006469727
739328,sps,602.0
739738,episodic_return,-420.7421654711783
739738,episodic_length,1000.0
740739,episodic_return,-198.41228300974564
740739,episodic_length,1000.0
741376,value_loss,0.028033878654241562
741376,policy_loss,-4.236701965332031
741376,approx_kl,6.812539577484131
741376,clipfrac,0.94677734375
741376,explained_variance,0.8939100280404091
741376,sps,603.0
741740,episodic_return,-409.43186988994995
741740,episodic_length,1000.0
742741,episodic_return,-532.8853124969374
742741,episodic_length,1000.0
743424,value_loss,0.015998797491192818
743424,policy_loss,-0.05977105349302292
743424,approx_kl,16.36323356628418
743424,clipfrac,0.977587890625
743424,explained_variance,0.9012856855988503
743424,sps,603.0
743742,episodic_return,-56.613018087965884
743742,episodic_length,1000.0
744743,episodic_return,-207.70379103840287
744743,episodic_length,1000.0
745472,value_loss,0.017949149012565613
745472,policy_loss,-0.7985318303108215
745472,approx_kl,10.356200218200684
745472,clipfrac,0.9677734375
745472,explained_variance,0.9145659133791924
745472,sps,603.0
745744,episodic_return,-186.615134769274
745744,episodic_length,1000.0
746745,episodic_return,-42.37673214732024
746745,episodic_length,1000.0
747520,value_loss,0.010569272562861443
747520,policy_loss,-0.04632462561130524
747520,approx_kl,6.694779396057129
747520,clipfrac,0.96025390625
747520,explained_variance,0.9016045555472374
747520,sps,603.0
747746,episodic_return,-241.76658243982382
747746,episodic_length,1000.0
748747,episodic_return,-153.27136901178213
748747,episodic_length,1000.0
749568,value_loss,0.008888999000191689
749568,policy_loss,-0.05602137744426727
749568,approx_kl,9.713554382324219
749568,clipfrac,0.963916015625
749568,explained_variance,0.9264338910579681
749568,sps,603.0
749748,episodic_return,-570.4663428968229
749748,episodic_length,1000.0
750749,episodic_return,-198.2658222104945
750749,episodic_length,1000.0
751616,value_loss,0.037962764501571655
751616,policy_loss,-0.14048722386360168
751616,approx_kl,6.223410606384277
751616,clipfrac,0.95556640625
751616,explained_variance,0.8689118176698685
751616,sps,603.0
751750,episodic_return,-279.20216390249504
751750,episodic_length,1000.0
752751,episodic_return,-402.33704390127025
752751,episodic_length,1000.0
753664,value_loss,0.01897883042693138
753664,policy_loss,-0.0995250791311264
753664,approx_kl,8.762152671813965
753664,clipfrac,0.966943359375
753664,explained_variance,0.9156299829483032
753664,sps,602.0
753752,episodic_return,-268.7135307351848
753752,episodic_length,1000.0
754753,episodic_return,-215.54182629823313
754753,episodic_length,1000.0
755712,value_loss,0.02147996425628662
755712,policy_loss,-0.49535417556762695
755712,approx_kl,4.456366062164307
755712,clipfrac,0.9572265625
755712,explained_variance,0.8573693633079529
755712,sps,602.0
755754,episodic_return,-473.91454211817705
755754,episodic_length,1000.0
756755,episodic_return,-633.0398667444887
756755,episodic_length,1000.0
757756,episodic_return,-293.8008729373446
757756,episodic_length,1000.0
757760,value_loss,0.019218994304537773
757760,policy_loss,-0.04432288929820061
757760,approx_kl,7.661031723022461
757760,clipfrac,0.965869140625
757760,explained_variance,0.8988920822739601
757760,sps,603.0
758757,episodic_return,-591.6478344209773
758757,episodic_length,1000.0
759758,episodic_return,-450.9645598190206
759758,episodic_length,1000.0
759808,value_loss,0.029583550989627838
759808,policy_loss,-0.05214855074882507
759808,approx_kl,6.757776260375977
759808,clipfrac,0.968359375
759808,explained_variance,0.8570882230997086
759808,sps,602.0
760759,episodic_return,-332.8690509559085
760759,episodic_length,1000.0
761760,episodic_return,-350.1339900392645
761760,episodic_length,1000.0
761856,value_loss,0.019108152016997337
761856,policy_loss,-1.0139095783233643
761856,approx_kl,6.445474624633789
761856,clipfrac,0.954052734375
761856,explained_variance,0.908759631216526
761856,sps,602.0
762761,episodic_return,-329.1505177776242
762761,episodic_length,1000.0
763762,episodic_return,-291.48497099572455
763762,episodic_length,1000.0
763904,value_loss,0.01754201203584671
763904,policy_loss,-0.694494366645813
763904,approx_kl,9.916250228881836
763904,clipfrac,0.970703125
763904,explained_variance,0.9103376716375351
763904,sps,602.0
764763,episodic_return,-243.9870706401017
764763,episodic_length,1000.0
765764,episodic_return,-110.26768948825264
765764,episodic_length,1000.0
765952,value_loss,0.02079242840409279
765952,policy_loss,-0.11357975006103516
765952,approx_kl,6.252054214477539
765952,clipfrac,0.952734375
765952,explained_variance,0.8668884038925171
765952,sps,602.0
766765,episodic_return,8.94186105647841
766765,episodic_length,1000.0
767766,episodic_return,-128.35782947337395
767766,episodic_length,1000.0
768000,value_loss,0.018642760813236237
768000,policy_loss,0.2166123390197754
768000,approx_kl,15.460973739624023
768000,clipfrac,0.969384765625
768000,explained_variance,0.8879950046539307
768000,sps,602.0
768767,episodic_return,-197.4785325058937
768767,episodic_length,1000.0
769768,episodic_return,-530.2048941925557
769768,episodic_length,1000.0
770048,value_loss,0.016355015337467194
770048,policy_loss,-1.2184728384017944
770048,approx_kl,15.201227188110352
770048,clipfrac,0.972412109375
770048,explained_variance,0.8229670822620392
770048,sps,602.0
770769,episodic_return,-571.0767224524099
770769,episodic_length,1000.0
771770,episodic_return,-202.58001520640917
771770,episodic_length,1000.0
772096,value_loss,0.02736104279756546
772096,policy_loss,0.41228553652763367
772096,approx_kl,4.380247592926025
772096,clipfrac,0.961328125
772096,explained_variance,0.8799574449658394
772096,sps,602.0
772771,episodic_return,-98.55012216008873
772771,episodic_length,1000.0
773772,episodic_return,-248.14978217709864
773772,episodic_length,1000.0
774144,value_loss,0.02062040939927101
774144,policy_loss,-6.416149139404297
774144,approx_kl,8.083581924438477
774144,clipfrac,0.95234375
774144,explained_variance,0.8996151760220528
774144,sps,602.0
774773,episodic_return,-196.00687287080282
774773,episodic_length,1000.0
775774,episodic_return,-364.60191284274964
775774,episodic_length,1000.0
776192,value_loss,0.023364832624793053
776192,policy_loss,-0.42160478234291077
776192,approx_kl,5.911050796508789
776192,clipfrac,0.940185546875
776192,explained_variance,0.8849495276808739
776192,sps,602.0
776775,episodic_return,-88.77999636766559
776775,episodic_length,1000.0
777776,episodic_return,-53.373078613743694
777776,episodic_length,1000.0
778240,value_loss,0.007282438687980175
778240,policy_loss,-0.27749916911125183
778240,approx_kl,6.603446006774902
778240,clipfrac,0.946728515625
778240,explained_variance,0.9139277413487434
778240,sps,602.0
778777,episodic_return,-498.3377164181884
778777,episodic_length,1000.0
779778,episodic_return,-305.88240314172504
779778,episodic_length,1000.0
780288,value_loss,0.021538130939006805
780288,policy_loss,-2.931344985961914
780288,approx_kl,11.357319831848145
780288,clipfrac,0.965869140625
780288,explained_variance,0.8285021930932999
780288,sps,602.0
780779,episodic_return,-548.7491774703615
780779,episodic_length,1000.0
781780,episodic_return,-203.6736028454864
781780,episodic_length,1000.0
782336,value_loss,0.013033601455390453
782336,policy_loss,-0.06210492178797722
782336,approx_kl,14.437507629394531
782336,clipfrac,0.9736328125
782336,explained_variance,0.9150683730840683
782336,sps,602.0
782781,episodic_return,-117.27275582172565
782781,episodic_length,1000.0
783782,episodic_return,-523.0353587866678
783782,episodic_length,1000.0
784384,value_loss,0.03430730104446411
784384,policy_loss,-0.8828519582748413
784384,approx_kl,6.663705825805664
784384,clipfrac,0.96181640625
784384,explained_variance,0.8487816751003265
784384,sps,602.0
784783,episodic_return,-435.2255763257162
784783,episodic_length,1000.0
785784,episodic_return,-86.68232042746024
785784,episodic_length,1000.0
786432,value_loss,0.02223285660147667
786432,policy_loss,-1.5979846715927124
786432,approx_kl,7.081244468688965
786432,clipfrac,0.95693359375
786432,explained_variance,0.9199786558747292
786432,sps,602.0
786785,episodic_return,-620.4852116495325
786785,episodic_length,1000.0
787786,episodic_return,-261.16309420329674
787786,episodic_length,1000.0
788480,value_loss,0.022728659212589264
788480,policy_loss,-0.14163154363632202
788480,approx_kl,5.172381401062012
788480,clipfrac,0.947265625
788480,explained_variance,0.8877492174506187
788480,sps,602.0
788787,episodic_return,-331.33757715464077
788787,episodic_length,1000.0
789788,episodic_return,-243.4055955304636
789788,episodic_length,1000.0
790528,value_loss,0.020324885845184326
790528,policy_loss,-0.017875468358397484
790528,approx_kl,4.604700088500977
790528,clipfrac,0.9576171875
790528,explained_variance,0.9226147308945656
790528,sps,602.0
790789,episodic_return,-621.4583611079478
790789,episodic_length,1000.0
791790,episodic_return,-38.887897524571876
791790,episodic_length,1000.0
792576,value_loss,0.010639499872922897
792576,policy_loss,-0.04968259483575821
792576,approx_kl,6.076017379760742
792576,clipfrac,0.953271484375
792576,explained_variance,0.9045907407999039
792576,sps,602.0
792791,episodic_return,-183.47700241491776
792791,episodic_length,1000.0
793792,episodic_return,-233.19692334236254
793792,episodic_length,1000.0
794624,value_loss,0.031053554266691208
794624,policy_loss,-0.9677950143814087
794624,approx_kl,8.141648292541504
794624,clipfrac,0.963671875
794624,explained_variance,0.9127341583371162
794624,sps,602.0
794793,episodic_return,-110.42098200521069
794793,episodic_length,1000.0
795794,episodic_return,-486.1495453008374
795794,episodic_length,1000.0
796672,value_loss,0.012315487489104271
796672,policy_loss,-0.04432736337184906
796672,approx_kl,7.390675067901611
796672,clipfrac,0.963232421875
796672,explained_variance,0.9160058200359344
796672,sps,603.0
796795,episodic_return,-20.937964553104983
796795,episodic_length,1000.0
797796,episodic_return,-140.19995241664031
797796,episodic_length,1000.0
798720,value_loss,0.015228205360472202
798720,policy_loss,-0.34426429867744446
798720,approx_kl,10.406363487243652
798720,clipfrac,0.96103515625
798720,explained_variance,0.8520411103963852
798720,sps,603.0
798797,episodic_return,-78.24918271297132
798797,episodic_length,1000.0
799798,episodic_return,-36.34997197455204
799798,episodic_length,1000.0
800768,value_loss,0.01800592988729477
800768,policy_loss,-0.8164142966270447
800768,approx_kl,4.961352348327637
800768,clipfrac,0.96181640625
800768,explained_variance,0.8948483094573021
800768,sps,603.0
800799,episodic_return,-385.3891815946109
800799,episodic_length,1000.0
801800,episodic_return,-438.60727738133176
801800,episodic_length,1000.0
802801,episodic_return,-69.1821430180853
802801,episodic_length,1000.0
802816,value_loss,0.021858736872673035
802816,policy_loss,-351.0552978515625
802816,approx_kl,142.1129608154297
802816,clipfrac,0.955224609375
802816,explained_variance,0.9117329344153404
802816,sps,603.0
803802,episodic_return,-106.17025476186018
803802,episodic_length,1000.0
804803,episodic_return,-193.24598500095888
804803,episodic_length,1000.0
804864,value_loss,0.010290976613759995
804864,policy_loss,-0.022158659994602203
804864,approx_kl,4.012965202331543
804864,clipfrac,0.953955078125
804864,explained_variance,0.887495331466198
804864,sps,603.0
805804,episodic_return,-581.6580243339581
805804,episodic_length,1000.0
806805,episodic_return,-157.19023371520132
806805,episodic_length,1000.0
806912,value_loss,0.019414905458688736
806912,policy_loss,-0.4725581705570221
806912,approx_kl,4.551941394805908
806912,clipfrac,0.95283203125
806912,explained_variance,0.9087552800774574
806912,sps,603.0
807806,episodic_return,-232.54170108047282
807806,episodic_length,1000.0
808807,episodic_return,-376.6783628117507
808807,episodic_length,1000.0
808960,value_loss,0.016568051651120186
808960,policy_loss,-0.7193816900253296
808960,approx_kl,6.200834274291992
808960,clipfrac,0.93330078125
808960,explained_variance,0.8958133459091187
808960,sps,603.0
809808,episodic_return,-1.194540964680265
809808,episodic_length,1000.0
810809,episodic_return,-96.65452819762605
810809,episodic_length,1000.0
811008,value_loss,0.0261234100908041
811008,policy_loss,-0.06206827610731125
811008,approx_kl,9.260910034179688
811008,clipfrac,0.960205078125
811008,explained_variance,0.8658812195062637
811008,sps,603.0
811810,episodic_return,-518.197974562957
811810,episodic_length,1000.0
812811,episodic_return,-311.2046320740402
812811,episodic_length,1000.0
813056,value_loss,0.03633217141032219
813056,policy_loss,-0.04147429019212723
813056,approx_kl,9.716309547424316
813056,clipfrac,0.965234375
813056,explained_variance,0.8304524123668671
813056,sps,603.0
813812,episodic_return,-585.6593801098029
813812,episodic_length,1000.0
814813,episodic_return,-131.91748709655354
814813,episodic_length,1000.0
815104,value_loss,0.020169414579868317
815104,policy_loss,0.03330501914024353
815104,approx_kl,5.8736772537231445
815104,clipfrac,0.951708984375
815104,explained_variance,0.8942559435963631
815104,sps,603.0
815814,episodic_return,-91.73677901996786
815814,episodic_length,1000.0
816815,episodic_return,-327.4798321632712
816815,episodic_length,1000.0
817152,value_loss,0.015844274312257767
817152,policy_loss,-0.011648054234683514
817152,approx_kl,4.6811065673828125
817152,clipfrac,0.957763671875
817152,explained_variance,0.8958511725068092
817152,sps,603.0
817816,episodic_return,-53.26323213690362
817816,episodic_length,1000.0
818817,episodic_return,-247.481680753155
818817,episodic_length,1000.0
819200,value_loss,0.015037831850349903
819200,policy_loss,-1.3639353513717651
819200,approx_kl,7.517371654510498
819200,clipfrac,0.958740234375
819200,explained_variance,0.9064813256263733
819200,sps,603.0
819818,episodic_return,-300.497478142056
819818,episodic_length,1000.0
820819,episodic_return,-501.0993864500411
820819,episodic_length,1000.0
821248,value_loss,0.020939640700817108
821248,policy_loss,-1.6530494689941406
821248,approx_kl,7.174546718597412
821248,clipfrac,0.951611328125
821248,explained_variance,0.8291538506746292
821248,sps,603.0
821820,episodic_return,-137.92623336440033
821820,episodic_length,1000.0
822821,episodic_return,-160.73285075245596
822821,episodic_length,1000.0
823296,value_loss,0.012899656780064106
823296,policy_loss,-0.9902613162994385
823296,approx_kl,11.683231353759766
823296,clipfrac,0.962841796875
823296,explained_variance,0.8675023466348648
823296,sps,603.0
823822,episodic_return,-64.75276648387116
823822,episodic_length,1000.0
824823,episodic_return,-513.2218374666677
824823,episodic_length,1000.0
825344,value_loss,0.021758845075964928
825344,policy_loss,0.024722576141357422
825344,approx_kl,5.545848846435547
825344,clipfrac,0.948046875
825344,explained_variance,0.8588083386421204
825344,sps,603.0
825824,episodic_return,-159.21401245976264
825824,episodic_length,1000.0
826825,episodic_return,-544.7470756235933
826825,episodic_length,1000.0
827392,value_loss,0.02334434911608696
827392,policy_loss,-0.4006182551383972
827392,approx_kl,4.738884449005127
827392,clipfrac,0.958984375
827392,explained_variance,0.8702034503221512
827392,sps,603.0
827826,episodic_return,-245.11002725000193
827826,episodic_length,1000.0
828827,episodic_return,-63.62270728296273
828827,episodic_length,1000.0
829440,value_loss,0.023080091923475266
829440,policy_loss,-0.06968414038419724
829440,approx_kl,5.307377815246582
829440,clipfrac,0.95615234375
829440,explained_variance,0.911331370472908
829440,sps,603.0
829828,episodic_return,-342.113137025384
829828,episodic_length,1000.0
830829,episodic_return,-256.20753525992797
830829,episodic_length,1000.0
831488,value_loss,0.03287497162818909
831488,policy_loss,0.009913510642945766
831488,approx_kl,11.816329956054688
831488,clipfrac,0.9580078125
831488,explained_variance,0.8907415717840195
831488,sps,603.0
831830,episodic_return,-643.8755866824522
831830,episodic_length,1000.0
832831,episodic_return,-326.4212881294463
832831,episodic_length,1000.0
833536,value_loss,0.03291446715593338
833536,policy_loss,-2.404035806655884
833536,approx_kl,5.607540607452393
833536,clipfrac,0.948486328125
833536,explained_variance,0.8161457926034927
833536,sps,603.0
833832,episodic_return,-311.4629314144324
833832,episodic_length,1000.0
834833,episodic_return,-2.2600263179973767
834833,episodic_length,1000.0
835584,value_loss,0.019143272191286087
835584,policy_loss,-2.2756359577178955
835584,approx_kl,4.608064651489258
835584,clipfrac,0.946142578125
835584,explained_variance,0.819864884018898
835584,sps,604.0
835834,episodic_return,-188.123066702413
835834,episodic_length,1000.0
836835,episodic_return,-121.12265062561582
836835,episodic_length,1000.0
837632,value_loss,0.023497963324189186
837632,policy_loss,-0.30609458684921265
837632,approx_kl,12.03927230834961
837632,clipfrac,0.95810546875
837632,explained_variance,0.7870660573244095
837632,sps,604.0
837836,episodic_return,-171.87803854439449
837836,episodic_length,1000.0
838837,episodic_return,-446.9388306996912
838837,episodic_length,1000.0
839680,value_loss,0.021038487553596497
839680,policy_loss,-0.7904294729232788
839680,approx_kl,7.919010162353516
839680,clipfrac,0.9626953125
839680,explained_variance,0.8699880391359329
839680,sps,604.0
839838,episodic_return,-179.50965954323632
839838,episodic_length,1000.0
840839,episodic_return,-376.22971769891285
840839,episodic_length,1000.0
841728,value_loss,0.01851288229227066
841728,policy_loss,-0.5306012630462646
841728,approx_kl,3.355685234069824
841728,clipfrac,0.94345703125
841728,explained_variance,0.8619800955057144
841728,sps,604.0
841840,episodic_return,-535.3050068608471
841840,episodic_length,1000.0
842841,episodic_return,-235.63998867108208
842841,episodic_length,1000.0
843776,value_loss,0.02557981386780739
843776,policy_loss,-2.387397050857544
843776,approx_kl,6.174262046813965
843776,clipfrac,0.937744140625
843776,explained_variance,0.8518745601177216
843776,sps,604.0
843842,episodic_return,-360.14622233614807
843842,episodic_length,1000.0
844843,episodic_return,-350.12533148893573
844843,episodic_length,1000.0
845824,value_loss,0.01983722671866417
845824,policy_loss,-0.5956591367721558
845824,approx_kl,3.248262643814087
845824,clipfrac,0.9337890625
845824,explained_variance,0.8545137196779251
845824,sps,604.0
845844,episodic_return,-325.83172110234113
845844,episodic_length,1000.0
846845,episodic_return,-191.2435706790532
846845,episodic_length,1000.0
847846,episodic_return,-121.98491298853166
847846,episodic_length,1000.0
847872,value_loss,0.013502337038516998
847872,policy_loss,-0.676988422870636
847872,approx_kl,3.3707668781280518
847872,clipfrac,0.9400390625
847872,explained_variance,0.849701851606369
847872,sps,604.0
848847,episodic_return,-88.03870525132484
848847,episodic_length,1000.0
849848,episodic_return,-525.3281401115629
849848,episodic_length,1000.0
849920,value_loss,0.024297619238495827
849920,policy_loss,-0.6488289833068848
849920,approx_kl,3.689169406890869
849920,clipfrac,0.935498046875
849920,explained_variance,0.8680673092603683
849920,sps,604.0
850849,episodic_return,-100.87494370643752
850849,episodic_length,1000.0
851850,episodic_return,-55.002120981619775
851850,episodic_length,1000.0
851968,value_loss,0.006591831333935261
851968,policy_loss,-0.03517737239599228
851968,approx_kl,7.364843368530273
851968,clipfrac,0.952978515625
851968,explained_variance,0.7054510712623596
851968,sps,604.0
852851,episodic_return,-285.1775062529111
852851,episodic_length,1000.0
853852,episodic_return,-50.52471800754014
853852,episodic_length,1000.0
854016,value_loss,0.016495944932103157
854016,policy_loss,-0.9740743637084961
854016,approx_kl,2.9579198360443115
854016,clipfrac,0.941259765625
854016,explained_variance,0.8823697715997696
854016,sps,604.0
854853,episodic_return,-202.49144539868786
854853,episodic_length,1000.0
855854,episodic_return,-300.32191101730393
855854,episodic_length,1000.0
856064,value_loss,0.011493988335132599
856064,policy_loss,-0.1703571081161499
856064,approx_kl,3.3374271392822266
856064,clipfrac,0.94453125
856064,explained_variance,0.9006847962737083
856064,sps,604.0
856855,episodic_return,-319.4862539677328
856855,episodic_length,1000.0
857856,episodic_return,-287.4335067304733
857856,episodic_length,1000.0
858112,value_loss,0.042814094573259354
858112,policy_loss,-0.006587416399270296
858112,approx_kl,5.52531623840332
858112,clipfrac,0.949755859375
858112,explained_variance,0.7968403697013855
858112,sps,604.0
858857,episodic_return,-215.75945490839106
858857,episodic_length,1000.0
859858,episodic_return,-379.59397755256487
859858,episodic_length,1000.0
860160,value_loss,0.0199520792812109
860160,policy_loss,-2.6862399578094482
860160,approx_kl,8.607892036437988
860160,clipfrac,0.938525390625
860160,explained_variance,0.9101102948188782
860160,sps,604.0
860859,episodic_return,-657.8585913973337
860859,episodic_length,1000.0
861860,episodic_return,-624.737165804903
861860,episodic_length,1000.0
862208,value_loss,0.019779019057750702
862208,policy_loss,-0.23637577891349792
862208,approx_kl,7.579408645629883
862208,clipfrac,0.946923828125
862208,explained_variance,0.7860586494207382
862208,sps,604.0
862861,episodic_return,-111.83173296802738
862861,episodic_length,1000.0
863862,episodic_return,23.40586736548444
863862,episodic_length,1000.0
864256,value_loss,0.010853786021471024
864256,policy_loss,-3.7015109062194824
864256,approx_kl,8.893097877502441
864256,clipfrac,0.953662109375
864256,explained_variance,0.8867668807506561
864256,sps,604.0
864863,episodic_return,-153.79973792101654
864863,episodic_length,1000.0
865864,episodic_return,-151.56024020827266
865864,episodic_length,1000.0
866304,value_loss,0.022542132064700127
866304,policy_loss,-0.3085747957229614
866304,approx_kl,8.980687141418457
866304,clipfrac,0.95166015625
866304,explained_variance,0.8373453766107559
866304,sps,604.0
866865,episodic_return,-6.5693204913548096
866865,episodic_length,1000.0
867866,episodic_return,-180.09126438613438
867866,episodic_length,1000.0
868352,value_loss,0.015129605308175087
868352,policy_loss,-0.5323095917701721
868352,approx_kl,4.930889129638672
868352,clipfrac,0.935400390625
868352,explained_variance,0.8505600839853287
868352,sps,604.0
868867,episodic_return,-94.55401095688859
868867,episodic_length,1000.0
869868,episodic_return,-44.54678434911859
869868,episodic_length,1000.0
870400,value_loss,0.025598354637622833
870400,policy_loss,-2.4419703483581543
870400,approx_kl,4.85807466506958
870400,clipfrac,0.927197265625
870400,explained_variance,0.9108921512961388
870400,sps,604.0
870869,episodic_return,-447.87058585754886
870869,episodic_length,1000.0
871870,episodic_return,-316.41780299708194
871870,episodic_length,1000.0
872448,value_loss,0.02218027040362358
872448,policy_loss,-6.037652015686035
872448,approx_kl,4.588885307312012
872448,clipfrac,0.92978515625
872448,explained_variance,0.8671126663684845
872448,sps,604.0
872871,episodic_return,-100.34354066430238
872871,episodic_length,1000.0
873872,episodic_return,-158.59222636605034
873872,episodic_length,1000.0
874496,value_loss,0.03113590180873871
874496,policy_loss,-0.2614723742008209
874496,approx_kl,5.88352632522583
874496,clipfrac,0.931689453125
874496,explained_variance,0.7874793112277985
874496,sps,604.0
874873,episodic_return,-78.4599337377073
874873,episodic_length,1000.0
875874,episodic_return,-159.45230190082427
875874,episodic_length,1000.0
876544,value_loss,0.01526578888297081
876544,policy_loss,-0.1936868131160736
876544,approx_kl,4.17100191116333
876544,clipfrac,0.94609375
876544,explained_variance,0.8776681050658226
876544,sps,604.0
876875,episodic_return,-124.88745555177692
876875,episodic_length,1000.0
877876,episodic_return,-18.47078100092275
877876,episodic_length,1000.0
878592,value_loss,0.0077344938181340694
878592,policy_loss,-1.0988942384719849
878592,approx_kl,4.803011417388916
878592,clipfrac,0.94306640625
878592,explained_variance,0.9115916341543198
878592,sps,604.0
878877,episodic_return,-301.17933103077746
878877,episodic_length,1000.0
879878,episodic_return,-62.00017196888676
879878,episodic_length,1000.0
880640,value_loss,0.0075212945230305195
880640,policy_loss,-0.6536536812782288
880640,approx_kl,2.8329339027404785
880640,clipfrac,0.922314453125
880640,explained_variance,0.7542160004377365
880640,sps,604.0
880879,episodic_return,-95.0092366659619
880879,episodic_length,1000.0
881880,episodic_return,-208.37881060315192
881880,episodic_length,1000.0
882688,value_loss,0.019431419670581818
882688,policy_loss,-0.11216441541910172
882688,approx_kl,3.2737438678741455
882688,clipfrac,0.943408203125
882688,explained_variance,0.9043227955698967
882688,sps,604.0
882881,episodic_return,-134.83626938982866
882881,episodic_length,1000.0
883882,episodic_return,-44.03054231059329
883882,episodic_length,1000.0
884736,value_loss,0.016292676329612732
884736,policy_loss,-0.15502525866031647
884736,approx_kl,4.597111225128174
884736,clipfrac,0.94833984375
884736,explained_variance,0.8625524640083313
884736,sps,604.0
884883,episodic_return,-148.92946217409437
884883,episodic_length,1000.0
885884,episodic_return,-67.886807622259
885884,episodic_length,1000.0
886784,value_loss,0.008326051756739616
886784,policy_loss,0.27887147665023804
886784,approx_kl,2.798880100250244
886784,clipfrac,0.93173828125
886784,explained_variance,0.9155957326292992
886784,sps,604.0
886885,episodic_return,-423.6899829217114
886885,episodic_length,1000.0
887886,episodic_return,-34.399415013749845
887886,episodic_length,1000.0
888832,value_loss,0.015932666137814522
888832,policy_loss,-0.29532742500305176
888832,approx_kl,3.605470657348633
888832,clipfrac,0.942431640625
888832,explained_variance,0.8885316476225853
888832,sps,604.0
888887,episodic_return,-572.6711231031028
888887,episodic_length,1000.0
889888,episodic_return,-80.68560626037353
889888,episodic_length,1000.0
890880,value_loss,0.013038910925388336
890880,policy_loss,-0.3504631817340851
890880,approx_kl,5.859927177429199
890880,clipfrac,0.933154296875
890880,explained_variance,0.8086642920970917
890880,sps,604.0
890889,episodic_return,-64.57144379352566
890889,episodic_length,1000.0
891890,episodic_return,-290.502398221506
891890,episodic_length,1000.0
892891,episodic_return,-246.55912223678513
892891,episodic_length,1000.0
892928,value_loss,0.036844611167907715
892928,policy_loss,-3.582819938659668
892928,approx_kl,6.887450218200684
892928,clipfrac,0.92060546875
892928,explained_variance,0.8556834310293198
892928,sps,604.0
893892,episodic_return,-261.75940575878406
893892,episodic_length,1000.0
894893,episodic_return,-134.1285808385179
894893,episodic_length,1000.0
894976,value_loss,0.025210384279489517
894976,policy_loss,-13.87759780883789
894976,approx_kl,8.51913070678711
894976,clipfrac,0.925341796875
894976,explained_variance,0.8864875957369804
894976,sps,604.0
895894,episodic_return,40.592264598091376
895894,episodic_length,1000.0
896895,episodic_return,-48.10970452279617
896895,episodic_length,1000.0
897024,value_loss,0.014593623578548431
897024,policy_loss,-1.0780386924743652
897024,approx_kl,3.89140248298645
897024,clipfrac,0.929248046875
897024,explained_variance,0.8044050633907318
897024,sps,604.0
897896,episodic_return,-222.45482746870672
897896,episodic_length,1000.0
898897,episodic_return,-21.063801406540698
898897,episodic_length,1000.0
899072,value_loss,0.013393688946962357
899072,policy_loss,-0.1647910326719284
899072,approx_kl,3.955549716949463
899072,clipfrac,0.9263671875
899072,explained_variance,0.907297857105732
899072,sps,604.0
899898,episodic_return,-211.43602108635207
899898,episodic_length,1000.0
900899,episodic_return,-90.37689691394458
900899,episodic_length,1000.0
901120,value_loss,0.012604713439941406
901120,policy_loss,-0.14573539793491364
901120,approx_kl,4.2677693367004395
901120,clipfrac,0.940380859375
901120,explained_variance,0.8536278456449509
901120,sps,604.0
901900,episodic_return,-133.78437385062205
901900,episodic_length,1000.0
902901,episodic_return,-368.9626003503678
902901,episodic_length,1000.0
903168,value_loss,0.021509278565645218
903168,policy_loss,-1.4376243352890015
903168,approx_kl,4.268044471740723
903168,clipfrac,0.91240234375
903168,explained_variance,0.9076430797576904
903168,sps,604.0
903902,episodic_return,-140.54504734240336
903902,episodic_length,1000.0
904903,episodic_return,-247.80053573531606
904903,episodic_length,1000.0
905216,value_loss,0.0164109505712986
905216,policy_loss,-0.38909712433815
905216,approx_kl,8.342448234558105
905216,clipfrac,0.902294921875
905216,explained_variance,0.9020257964730263
905216,sps,604.0
905904,episodic_return,-30.034479757088796
905904,episodic_length,1000.0
906905,episodic_return,-161.46803903916742
906905,episodic_length,1000.0
907264,value_loss,0.013142885640263557
907264,policy_loss,-0.38487520813941956
907264,approx_kl,4.123257160186768
907264,clipfrac,0.933984375
907264,explained_variance,0.8841884136199951
907264,sps,604.0
907906,episodic_return,-166.80137527862706
907906,episodic_length,1000.0
908907,episodic_return,-354.5457388646406
908907,episodic_length,1000.0
909312,value_loss,0.01693754456937313
909312,policy_loss,-0.03512256219983101
909312,approx_kl,2.112043857574463
909312,clipfrac,0.911865234375
909312,explained_variance,0.8871452212333679
909312,sps,604.0
909908,episodic_return,-95.90923496896214
909908,episodic_length,1000.0
910909,episodic_return,-157.98139021533427
910909,episodic_length,1000.0
911360,value_loss,0.01898934692144394
911360,policy_loss,-0.15158002078533173
911360,approx_kl,2.8780856132507324
911360,clipfrac,0.903857421875
911360,explained_variance,0.9191726073622704
911360,sps,604.0
911910,episodic_return,-287.75340040645744
911910,episodic_length,1000.0
912911,episodic_return,-41.64599198128008
912911,episodic_length,1000.0
913408,value_loss,0.020169924944639206
913408,policy_loss,-1.1808972358703613
913408,approx_kl,3.3634579181671143
913408,clipfrac,0.92275390625
913408,explained_variance,0.6965582072734833
913408,sps,604.0
913912,episodic_return,-108.10170466399455
913912,episodic_length,1000.0
914913,episodic_return,-12.811685657036568
914913,episodic_length,1000.0
915456,value_loss,0.018988002091646194
915456,policy_loss,-3.084202289581299
915456,approx_kl,8.741947174072266
915456,clipfrac,0.91943359375
915456,explained_variance,0.8821397125720978
915456,sps,604.0
915914,episodic_return,-250.68930078709008
915914,episodic_length,1000.0
916915,episodic_return,-208.2041325213369
916915,episodic_length,1000.0
917504,value_loss,0.01182895340025425
917504,policy_loss,-0.26948094367980957
917504,approx_kl,4.4793806076049805
917504,clipfrac,0.918408203125
917504,explained_variance,0.9014667570590973
917504,sps,605.0
917916,episodic_return,-515.6186875781494
917916,episodic_length,1000.0
918917,episodic_return,-160.38768537612344
918917,episodic_length,1000.0
919552,value_loss,0.011132564395666122
919552,policy_loss,-0.06536128371953964
919552,approx_kl,2.738640308380127
919552,clipfrac,0.92919921875
919552,explained_variance,0.8862178847193718
919552,sps,605.0
919918,episodic_return,-180.06087684492178
919918,episodic_length,1000.0
920919,episodic_return,-150.9211446604838
920919,episodic_length,1000.0
921600,value_loss,0.01980496197938919
921600,policy_loss,-0.42618244886398315
921600,approx_kl,1.9684340953826904
921600,clipfrac,0.89833984375
921600,explained_variance,0.8869088664650917
921600,sps,605.0
921920,episodic_return,-174.82538474659657
921920,episodic_length,1000.0
922921,episodic_return,-105.16068097019577
922921,episodic_length,1000.0
923648,value_loss,0.013702820986509323
923648,policy_loss,-0.5880333781242371
923648,approx_kl,5.754904270172119
923648,clipfrac,0.9251953125
923648,explained_variance,0.5079346597194672
923648,sps,605.0
923922,episodic_return,-69.0951503083494
923922,episodic_length,1000.0
924923,episodic_return,-107.52700182222314
924923,episodic_length,1000.0
925696,value_loss,0.008573456667363644
925696,policy_loss,-0.5635409355163574
925696,approx_kl,3.6264638900756836
925696,clipfrac,0.917529296875
925696,explained_variance,0.7274373471736908
925696,sps,605.0
925924,episodic_return,-95.30831954553362
925924,episodic_length,1000.0
926925,episodic_return,-116.82410661402785
926925,episodic_length,1000.0
927744,value_loss,0.014072646386921406
927744,policy_loss,-0.08841046690940857
927744,approx_kl,2.513010025024414
927744,clipfrac,0.903466796875
927744,explained_variance,0.8650016188621521
927744,sps,605.0
927926,episodic_return,-155.57273031112973
927926,episodic_length,1000.0
928927,episodic_return,-73.43733465823128
928927,episodic_length,1000.0
929792,value_loss,0.01846233755350113
929792,policy_loss,-0.7796825766563416
929792,approx_kl,3.104261875152588
929792,clipfrac,0.900830078125
929792,explained_variance,0.8874139115214348
929792,sps,605.0
929928,episodic_return,-448.44659957007985
929928,episodic_length,1000.0
930929,episodic_return,-53.901877425597405
930929,episodic_length,1000.0
931840,value_loss,0.004061237443238497
931840,policy_loss,-0.14196856319904327
931840,approx_kl,2.9768354892730713
931840,clipfrac,0.910498046875
931840,explained_variance,0.7910689562559128
931840,sps,605.0
931930,episodic_return,-48.85878606524206
931930,episodic_length,1000.0
932931,episodic_return,-418.46654487133844
932931,episodic_length,1000.0
933888,value_loss,0.006646072957664728
933888,policy_loss,-0.5530042052268982
933888,approx_kl,2.0665507316589355
933888,clipfrac,0.89208984375
933888,explained_variance,0.9049286171793938
933888,sps,605.0
933932,episodic_return,-115.79744629731945
933932,episodic_length,1000.0
934933,episodic_return,-41.22980311941993
934933,episodic_length,1000.0
935934,episodic_return,-134.89957630128168
935934,episodic_length,1000.0
935936,value_loss,0.007136059924960136
935936,policy_loss,-0.4156767427921295
935936,approx_kl,2.1523215770721436
935936,clipfrac,0.888525390625
935936,explained_variance,0.862603172659874
935936,sps,605.0
936935,episodic_return,-151.52312939525538
936935,episodic_length,1000.0
937936,episodic_return,-62.23524343250138
937936,episodic_length,1000.0
937984,value_loss,0.013931738212704659
937984,policy_loss,-3.5949161052703857
937984,approx_kl,5.751640319824219
937984,clipfrac,0.91044921875
937984,explained_variance,0.8759513422846794
937984,sps,605.0
938937,episodic_return,-189.26589652856464
938937,episodic_length,1000.0
939938,episodic_return,-335.9474101427559
939938,episodic_length,1000.0
940032,value_loss,0.024858832359313965
940032,policy_loss,-0.6210904121398926
940032,approx_kl,4.249466896057129
940032,clipfrac,0.894287109375
940032,explained_variance,0.8757607564330101
940032,sps,605.0
940939,episodic_return,-326.4233412993198
940939,episodic_length,1000.0
941940,episodic_return,-72.71666006746895
941940,episodic_length,1000.0
942080,value_loss,0.037603091448545456
942080,policy_loss,-1.7267569303512573
942080,approx_kl,2.6413283348083496
942080,clipfrac,0.898681640625
942080,explained_variance,0.8608934581279755
942080,sps,605.0
942941,episodic_return,-99.50959447962751
942941,episodic_length,1000.0
943942,episodic_return,-356.53993710057347
943942,episodic_length,1000.0
944128,value_loss,0.014634057879447937
944128,policy_loss,0.06507639586925507
944128,approx_kl,2.432203769683838
944128,clipfrac,0.891552734375
944128,explained_variance,0.9091138020157814
944128,sps,605.0
944943,episodic_return,-134.54399816987262
944943,episodic_length,1000.0
945944,episodic_return,-339.5941458224485
945944,episodic_length,1000.0
946176,value_loss,0.016514325514435768
946176,policy_loss,-4.903433322906494
946176,approx_kl,3.929708480834961
946176,clipfrac,0.868310546875
946176,explained_variance,0.9185309112071991
946176,sps,605.0
946945,episodic_return,-332.0716459122641
946945,episodic_length,1000.0
947946,episodic_return,-275.65175762035494
947946,episodic_length,1000.0
948224,value_loss,0.024425189942121506
948224,policy_loss,-60.15827178955078
948224,approx_kl,32.20954513549805
948224,clipfrac,0.89443359375
948224,explained_variance,0.8765319064259529
948224,sps,605.0
948947,episodic_return,-121.95727087759596
948947,episodic_length,1000.0
949948,episodic_return,-108.62373180223665
949948,episodic_length,1000.0
950272,value_loss,0.011631754226982594
950272,policy_loss,-346.64849853515625
950272,approx_kl,98.75010681152344
950272,clipfrac,0.871337890625
950272,explained_variance,0.7372472882270813
950272,sps,605.0
950949,episodic_return,-142.09186362986395
950949,episodic_length,1000.0
951950,episodic_return,21.452131496252683
951950,episodic_length,1000.0
952320,value_loss,0.005678982473909855
952320,policy_loss,-0.15111806988716125
952320,approx_kl,2.821187973022461
952320,clipfrac,0.880810546875
952320,explained_variance,0.8736559450626373
952320,sps,606.0
952951,episodic_return,-161.37901906611364
952951,episodic_length,1000.0
953952,episodic_return,-93.80428931766473
953952,episodic_length,1000.0
954368,value_loss,0.017008796334266663
954368,policy_loss,-0.047780901193618774
954368,approx_kl,1.8534607887268066
954368,clipfrac,0.89130859375
954368,explained_variance,0.9027807116508484
954368,sps,606.0
954953,episodic_return,-435.888542841011
954953,episodic_length,1000.0
955954,episodic_return,55.248815980105974
955954,episodic_length,1000.0
956416,value_loss,0.019939854741096497
956416,policy_loss,-19.977266311645508
956416,approx_kl,34.880516052246094
956416,clipfrac,0.862890625
956416,explained_variance,0.8809386715292931
956416,sps,606.0
956955,episodic_return,4.330845931286055
956955,episodic_length,1000.0
957956,episodic_return,-69.19113115614375
957956,episodic_length,1000.0
958464,value_loss,0.008053023368120193
958464,policy_loss,-0.17667123675346375
958464,approx_kl,2.1021692752838135
958464,clipfrac,0.87451171875
958464,explained_variance,0.9252986535429955
958464,sps,606.0
958957,episodic_return,-402.53237894967486
958957,episodic_length,1000.0
959958,episodic_return,-108.74952573015953
959958,episodic_length,1000.0
960512,value_loss,0.050686322152614594
960512,policy_loss,-1.1461100578308105
960512,approx_kl,5.061624050140381
960512,clipfrac,0.881396484375
960512,explained_variance,0.8386844396591187
960512,sps,606.0
960959,episodic_return,-365.77147553782567
960959,episodic_length,1000.0
961960,episodic_return,-270.8950208568811
961960,episodic_length,1000.0
962560,value_loss,0.02088852971792221
962560,policy_loss,-0.392072856426239
962560,approx_kl,1.8712687492370605
962560,clipfrac,0.86572265625
962560,explained_variance,0.8716301023960114
962560,sps,606.0
962961,episodic_return,-268.96313865357195
962961,episodic_length,1000.0
963962,episodic_return,-277.78840707318506
963962,episodic_length,1000.0
964608,value_loss,0.01875879243016243
964608,policy_loss,-0.18308845162391663
964608,approx_kl,1.7713956832885742
964608,clipfrac,0.8361328125
964608,explained_variance,0.8943987786769867
964608,sps,606.0
964963,episodic_return,-227.3797580752644
964963,episodic_length,1000.0
965964,episodic_return,-115.79765854067709
965964,episodic_length,1000.0
966656,value_loss,0.015214351937174797
966656,policy_loss,-0.9111297726631165
966656,approx_kl,4.908041000366211
966656,clipfrac,0.863916015625
966656,explained_variance,0.9087950065732002
966656,sps,606.0
966965,episodic_return,-114.96125830598196
966965,episodic_length,1000.0
967966,episodic_return,-511.8444427540664
967966,episodic_length,1000.0
968704,value_loss,0.02116899937391281
968704,policy_loss,-2.30190110206604
968704,approx_kl,2.8357644081115723
968704,clipfrac,0.823681640625
968704,explained_variance,0.8812244832515717
968704,sps,606.0
968967,episodic_return,-405.45230334465356
968967,episodic_length,1000.0
969968,episodic_return,-379.65914772642356
969968,episodic_length,1000.0
970752,value_loss,0.016343452036380768
970752,policy_loss,-15.4487943649292
970752,approx_kl,26.70905113220215
970752,clipfrac,0.828125
970752,explained_variance,0.8990667164325714
970752,sps,606.0
970969,episodic_return,-196.4142323864158
970969,episodic_length,1000.0
971970,episodic_return,-104.17326574250167
971970,episodic_length,1000.0
972800,value_loss,0.01005106046795845
972800,policy_loss,-0.45456448197364807
972800,approx_kl,3.0579419136047363
972800,clipfrac,0.860400390625
972800,explained_variance,0.848845049738884
972800,sps,606.0
972971,episodic_return,-76.35421830744144
972971,episodic_length,1000.0
973972,episodic_return,-22.078187834100003
973972,episodic_length,1000.0
974848,value_loss,0.03159559145569801
974848,policy_loss,-0.9320992231369019
974848,approx_kl,2.4373483657836914
974848,clipfrac,0.828955078125
974848,explained_variance,0.8354441821575165
974848,sps,606.0
974973,episodic_return,-82.78705424151919
974973,episodic_length,1000.0
975974,episodic_return,6.881912222374557
975974,episodic_length,1000.0
976896,value_loss,0.01727887988090515
976896,policy_loss,-0.05679405480623245
976896,approx_kl,1.8178696632385254
976896,clipfrac,0.81494140625
976896,explained_variance,0.8752669245004654
976896,sps,607.0
976975,episodic_return,-202.1469242976691
976975,episodic_length,1000.0
977976,episodic_return,-46.088703988728746
977976,episodic_length,1000.0
978944,value_loss,0.015044497326016426
978944,policy_loss,-0.6810307502746582
978944,approx_kl,2.800111770629883
978944,clipfrac,0.778466796875
978944,explained_variance,0.7550860196352005
978944,sps,606.0
978977,episodic_return,11.137952661411086
978977,episodic_length,1000.0
979978,episodic_return,-6.611656626172048
979978,episodic_length,1000.0
980979,episodic_return,-94.26818152599026
980979,episodic_length,1000.0
980992,value_loss,0.014974627643823624
980992,policy_loss,-0.22266793251037598
980992,approx_kl,1.6769603490829468
980992,clipfrac,0.800537109375
980992,explained_variance,0.8371895253658295
980992,sps,607.0
981980,episodic_return,-106.00893251821356
981980,episodic_length,1000.0
982981,episodic_return,-219.6110685688651
982981,episodic_length,1000.0
983040,value_loss,0.015122031792998314
983040,policy_loss,-0.28331834077835083
983040,approx_kl,1.0135445594787598
983040,clipfrac,0.71376953125
983040,explained_variance,0.8793098777532578
983040,sps,606.0
983982,episodic_return,-89.90236912585067
983982,episodic_length,1000.0
984983,episodic_return,-307.1977419486344
984983,episodic_length,1000.0
985088,value_loss,0.017637616023421288
985088,policy_loss,-0.1563461720943451
985088,approx_kl,1.177545189857483
985088,clipfrac,0.724267578125
985088,explained_variance,0.8998129591345787
985088,sps,606.0
985984,episodic_return,-36.41657160199214
985984,episodic_length,1000.0
986985,episodic_return,-216.5289668900123
986985,episodic_length,1000.0
987136,value_loss,0.0164503064006567
987136,policy_loss,-0.2394079864025116
987136,approx_kl,1.1610523462295532
987136,clipfrac,0.740966796875
987136,explained_variance,0.9277809411287308
987136,sps,606.0
987986,episodic_return,-231.2773206184138
987986,episodic_length,1000.0
988987,episodic_return,-82.11627290790291
988987,episodic_length,1000.0
989184,value_loss,0.008928641676902771
989184,policy_loss,0.03831063210964203
989184,approx_kl,1.4223684072494507
989184,clipfrac,0.74345703125
989184,explained_variance,0.7185731828212738
989184,sps,607.0
989988,episodic_return,-26.37554631593288
989988,episodic_length,1000.0
990989,episodic_return,-168.16728948121397
990989,episodic_length,1000.0
991232,value_loss,0.011129098013043404
991232,policy_loss,-0.09982610493898392
991232,approx_kl,0.9304370880126953
991232,clipfrac,0.708056640625
991232,explained_variance,0.8849399238824844
991232,sps,607.0
991990,episodic_return,-47.919765142706865
991990,episodic_length,1000.0
992991,episodic_return,-106.06037613424488
992991,episodic_length,1000.0
993280,value_loss,0.008984200656414032
993280,policy_loss,-3.1095759868621826
993280,approx_kl,5.474899768829346
993280,clipfrac,0.67998046875
993280,explained_variance,0.861237645149231
993280,sps,607.0
993992,episodic_return,-69.67728378434627
993992,episodic_length,1000.0
994993,episodic_return,-33.59936610721809
994993,episodic_length,1000.0
995328,value_loss,0.01873677968978882
995328,policy_loss,-0.22281792759895325
995328,approx_kl,0.660381555557251
995328,clipfrac,0.621875
995328,explained_variance,0.8061806559562683
995328,sps,607.0
995994,episodic_return,-111.0813635299827
995994,episodic_length,1000.0
996995,episodic_return,-15.804653236474751
996995,episodic_length,1000.0
997376,value_loss,0.010081600397825241
997376,policy_loss,-0.09707508236169815
997376,approx_kl,0.23660585284233093
997376,clipfrac,0.431982421875
997376,explained_variance,0.7492396235466003
997376,sps,607.0
997996,episodic_return,-205.11291036440593
997996,episodic_length,1000.0
998997,episodic_return,-521.7923432831187
998997,episodic_length,1000.0
999424,value_loss,0.02812858857214451
999424,policy_loss,-0.09956389665603638
999424,approx_kl,0.10689925402402878
999424,clipfrac,0.283154296875
999424,explained_variance,0.8930776789784431
999424,sps,607.0
