global_step,metric,value
15,episodic_return,-5.979920561360585
15,episodic_length,15.0
25,episodic_return,-6.939406910022717
25,episodic_length,9.0
43,episodic_return,3.8613235593614244
43,episodic_length,17.0
70,episodic_return,-8.62612722080165
70,episodic_length,26.0
100,episodic_return,1.6577023889094435
100,episodic_length,29.0
113,episodic_return,-0.47550109728918843
113,episodic_length,12.0
134,episodic_return,-2.818032381856799
134,episodic_length,20.0
162,episodic_return,-5.339633812315519
162,episodic_length,27.0
174,episodic_return,-2.097384781274916
174,episodic_length,11.0
187,episodic_return,-5.4268246112512175
187,episodic_length,12.0
217,episodic_return,3.97537153004102
217,episodic_length,29.0
230,episodic_return,-2.1273589063873533
230,episodic_length,12.0
238,episodic_return,-3.2827922916084495
238,episodic_length,7.0
250,episodic_return,-1.0122300721438302
250,episodic_length,11.0
270,episodic_return,-3.024914040705256
270,episodic_length,19.0
295,episodic_return,-0.6775670626872448
295,episodic_length,24.0
318,episodic_return,-3.7469908311651516
318,episodic_length,22.0
334,episodic_return,-2.81800178411087
334,episodic_length,15.0
365,episodic_return,1.8941076201951383
365,episodic_length,30.0
385,episodic_return,-5.697778347175138
385,episodic_length,19.0
402,episodic_return,-0.21270503543075714
402,episodic_length,16.0
424,episodic_return,1.876010242677853
424,episodic_length,21.0
470,episodic_return,27.234360439427537
470,episodic_length,45.0
490,episodic_return,-8.769544869368056
490,episodic_length,19.0
512,episodic_return,2.3892991189356065
512,episodic_length,21.0
527,episodic_return,1.184799361906689
527,episodic_length,14.0
536,episodic_return,-4.1720266729887605
536,episodic_length,8.0
552,episodic_return,0.8018330947037506
552,episodic_length,15.0
577,episodic_return,-2.2270912888009713
577,episodic_length,24.0
594,episodic_return,0.6739839221703725
594,episodic_length,16.0
622,episodic_return,-3.270509094579117
622,episodic_length,27.0
651,episodic_return,-3.6199427296158433
651,episodic_length,28.0
668,episodic_return,-2.266422998439594
668,episodic_length,16.0
687,episodic_return,3.244098145646695
687,episodic_length,18.0
696,episodic_return,-4.430239848419649
696,episodic_length,8.0
711,episodic_return,2.4466458688162414
711,episodic_length,14.0
736,episodic_return,-6.089954571169722
736,episodic_length,24.0
750,episodic_return,-0.5845430983413584
750,episodic_length,13.0
770,episodic_return,3.7657647445653435
770,episodic_length,19.0
812,episodic_return,14.880211022419019
812,episodic_length,41.0
824,episodic_return,-0.8457671047866313
824,episodic_length,11.0
849,episodic_return,-6.6295291523362625
849,episodic_length,24.0
870,episodic_return,5.419943304665918
870,episodic_length,20.0
904,episodic_return,2.360185913787355
904,episodic_length,33.0
912,episodic_return,-6.1167231960606046
912,episodic_length,7.0
939,episodic_return,0.6602518901904769
939,episodic_length,26.0
953,episodic_return,-0.18500029752068087
953,episodic_length,13.0
965,episodic_return,-4.034114912879051
965,episodic_length,11.0
977,episodic_return,-0.0834362009981171
977,episodic_length,11.0
1004,episodic_return,-5.5107765716556205
1004,episodic_length,26.0
1021,episodic_return,-0.4517812429929895
1021,episodic_length,16.0
1039,episodic_return,-10.076913941794851
1039,episodic_length,17.0
1058,episodic_return,0.7466009067987159
1058,episodic_length,18.0
1074,episodic_return,-4.123760299015893
1074,episodic_length,15.0
1093,episodic_return,0.6766351313993602
1093,episodic_length,18.0
1102,episodic_return,-5.91449281509736
1102,episodic_length,8.0
1114,episodic_return,-0.21370212939098598
1114,episodic_length,11.0
1124,episodic_return,-4.1559410359943865
1124,episodic_length,9.0
1135,episodic_return,-5.745692560293471
1135,episodic_length,10.0
1171,episodic_return,6.113343927107255
1171,episodic_length,35.0
1201,episodic_return,9.960649487996447
1201,episodic_length,29.0
1225,episodic_return,-3.6042958047944893
1225,episodic_length,23.0
1241,episodic_return,-5.199980231804555
1241,episodic_length,15.0
1253,episodic_return,-1.0035224275012202
1253,episodic_length,11.0
1267,episodic_return,-2.6188608843779986
1267,episodic_length,13.0
1319,episodic_return,16.57096069499638
1319,episodic_length,51.0
1338,episodic_return,4.47372720405104
1338,episodic_length,18.0
1359,episodic_return,1.9569693213807198
1359,episodic_length,20.0
1381,episodic_return,7.989840719372081
1381,episodic_length,21.0
1398,episodic_return,3.964166804748938
1398,episodic_length,16.0
1416,episodic_return,1.4387370703929752
1416,episodic_length,17.0
1445,episodic_return,-1.7131670456723462
1445,episodic_length,28.0
1464,episodic_return,7.519649995400012
1464,episodic_length,18.0
1489,episodic_return,-1.0252638240713488
1489,episodic_length,24.0
1513,episodic_return,-0.7427119118102896
1513,episodic_length,23.0
1525,episodic_return,1.0582647010337314
1525,episodic_length,11.0
1545,episodic_return,2.984739747248624
1545,episodic_length,19.0
1559,episodic_return,-6.227371215478601
1559,episodic_length,13.0
1601,episodic_return,8.162950006053185
1601,episodic_length,41.0
1615,episodic_return,-0.7398587501277268
1615,episodic_length,13.0
1633,episodic_return,-1.2286751266378166
1633,episodic_length,17.0
1658,episodic_return,-6.108427549562579
1658,episodic_length,24.0
1693,episodic_return,-4.885093824046356
1693,episodic_length,34.0
1732,episodic_return,18.724285334046982
1732,episodic_length,38.0
1747,episodic_return,-1.0049833138787856
1747,episodic_length,14.0
1766,episodic_return,-9.754842935788902
1766,episodic_length,18.0
1789,episodic_return,-2.4631546591446676
1789,episodic_length,22.0
1809,episodic_return,-9.960827320717987
1809,episodic_length,19.0
1821,episodic_return,-0.96551595883989
1821,episodic_length,11.0
1838,episodic_return,-3.98626777101426
1838,episodic_length,16.0
1855,episodic_return,-0.3136992016876606
1855,episodic_length,16.0
1877,episodic_return,9.619640910195619
1877,episodic_length,21.0
1900,episodic_return,3.366355839375246
1900,episodic_length,22.0
1918,episodic_return,2.1212643982673294
1918,episodic_length,17.0
1926,episodic_return,-6.207958025923972
1926,episodic_length,7.0
1947,episodic_return,9.586632185244024
1947,episodic_length,20.0
1960,episodic_return,-3.5026431117454386
1960,episodic_length,12.0
1971,episodic_return,-3.4377530711683333
1971,episodic_length,10.0
1998,episodic_return,6.7908809360656575
1998,episodic_length,26.0
2016,episodic_return,-1.3596041772829768
2016,episodic_length,17.0
2044,episodic_return,2.8997883417570973
2044,episodic_length,27.0
2048,value_loss,0.6028728485107422
2048,policy_loss,-0.003321085125207901
2048,approx_kl,0.021551650017499924
2048,clipfrac,0.235302734375
2048,explained_variance,-0.02384185791015625
2048,sps,481.0
2048,kl_beta,2.0
2060,episodic_return,-1.5393670497754162
2060,episodic_length,15.0
2161,episodic_return,56.620085531893686
2161,episodic_length,100.0
2173,episodic_return,0.07627603206004396
2173,episodic_length,11.0
2203,episodic_return,8.539767809156789
2203,episodic_length,29.0
2225,episodic_return,-11.529084130930055
2225,episodic_length,21.0
2272,episodic_return,20.37873341799894
2272,episodic_length,46.0
2301,episodic_return,5.003835447269731
2301,episodic_length,28.0
2336,episodic_return,6.0760084013487505
2336,episodic_length,34.0
2352,episodic_return,-3.91572090972896
2352,episodic_length,15.0
2374,episodic_return,0.662482630253031
2374,episodic_length,21.0
2441,episodic_return,8.45180716018303
2441,episodic_length,66.0
2454,episodic_return,-0.8594689947038919
2454,episodic_length,12.0
2467,episodic_return,1.4723660292688119
2467,episodic_length,12.0
2481,episodic_return,-0.14518369580478446
2481,episodic_length,13.0
2513,episodic_return,5.72427174670466
2513,episodic_length,31.0
2532,episodic_return,2.999577055785895
2532,episodic_length,18.0
2545,episodic_return,1.8187067960059156
2545,episodic_length,12.0
2559,episodic_return,-1.305672302821339
2559,episodic_length,13.0
2580,episodic_return,2.828358003161294
2580,episodic_length,20.0
2590,episodic_return,-1.4794500391377552
2590,episodic_length,9.0
2645,episodic_return,30.338805815772236
2645,episodic_length,54.0
2696,episodic_return,23.01114204607048
2696,episodic_length,50.0
2744,episodic_return,22.172026408177686
2744,episodic_length,47.0
2775,episodic_return,9.916970086575544
2775,episodic_length,30.0
2795,episodic_return,-3.9932524693178704
2795,episodic_length,19.0
2812,episodic_return,1.2110142180576409
2812,episodic_length,16.0
2825,episodic_return,-1.232965663643279
2825,episodic_length,12.0
2844,episodic_return,-2.4031315525175923
2844,episodic_length,18.0
2867,episodic_return,2.359974889030583
2867,episodic_length,22.0
2881,episodic_return,-4.330698573244216
2881,episodic_length,13.0
2914,episodic_return,2.992326785233974
2914,episodic_length,32.0
2935,episodic_return,2.739172554142483
2935,episodic_length,20.0
2951,episodic_return,1.4902995545625966
2951,episodic_length,15.0
2975,episodic_return,8.6403727498305
2975,episodic_length,23.0
3041,episodic_return,25.151900169762044
3041,episodic_length,65.0
3082,episodic_return,15.40626219086957
3082,episodic_length,40.0
3116,episodic_return,7.054115675990944
3116,episodic_length,33.0
3136,episodic_return,5.287927912102099
3136,episodic_length,19.0
3194,episodic_return,3.1705094116892276
3194,episodic_length,57.0
3229,episodic_return,0.9962677549646843
3229,episodic_length,34.0
3255,episodic_return,0.4947726899107887
3255,episodic_length,25.0
3279,episodic_return,2.08871173457806
3279,episodic_length,23.0
3330,episodic_return,15.401078215705805
3330,episodic_length,50.0
3378,episodic_return,13.572755318422676
3378,episodic_length,47.0
3397,episodic_return,-5.924745162349682
3397,episodic_length,18.0
3439,episodic_return,25.581200733860392
3439,episodic_length,41.0
3473,episodic_return,1.2131792571390543
3473,episodic_length,33.0
3499,episodic_return,3.1754067573796982
3499,episodic_length,25.0
3518,episodic_return,2.908104789275108
3518,episodic_length,18.0
3548,episodic_return,7.825661286568018
3548,episodic_length,29.0
3581,episodic_return,5.024960540463972
3581,episodic_length,32.0
3602,episodic_return,6.410102549332426
3602,episodic_length,20.0
3631,episodic_return,4.040702071877662
3631,episodic_length,28.0
3653,episodic_return,10.390194720448735
3653,episodic_length,21.0
3666,episodic_return,-6.482946886517181
3666,episodic_length,12.0
3681,episodic_return,-3.171133494056443
3681,episodic_length,14.0
3698,episodic_return,-11.280093734764955
3698,episodic_length,16.0
3737,episodic_return,23.38617304574718
3737,episodic_length,38.0
3750,episodic_return,-4.9904137851821835
3750,episodic_length,12.0
3762,episodic_return,-1.3712071245828588
3762,episodic_length,11.0
3779,episodic_return,1.6233692175059027
3779,episodic_length,16.0
3791,episodic_return,-4.61732533399035
3791,episodic_length,11.0
3808,episodic_return,2.0095011094643405
3808,episodic_length,16.0
3822,episodic_return,0.5509589660032503
3822,episodic_length,13.0
3838,episodic_return,3.0065635092527723
3838,episodic_length,15.0
3902,episodic_return,25.49346502146812
3902,episodic_length,63.0
3923,episodic_return,3.193504179557778
3923,episodic_length,20.0
3940,episodic_return,-2.5744176356667863
3940,episodic_length,16.0
3965,episodic_return,-6.747584255253633
3965,episodic_length,24.0
3981,episodic_return,-0.39936774867999053
3981,episodic_length,15.0
3998,episodic_return,-6.917510097154851
3998,episodic_length,16.0
4022,episodic_return,9.829513493403136
4022,episodic_length,23.0
4038,episodic_return,0.5943043044201227
4038,episodic_length,15.0
4084,episodic_return,22.21667941273634
4084,episodic_length,45.0
4096,value_loss,0.2775077819824219
4096,policy_loss,-0.05504448711872101
4096,approx_kl,0.022972479462623596
4096,clipfrac,0.180078125
4096,explained_variance,0.19018548727035522
4096,sps,501.0
4096,kl_beta,4.0
4100,episodic_return,-0.6414992606982338
4100,episodic_length,15.0
4123,episodic_return,5.330651500861837
4123,episodic_length,22.0
4198,episodic_return,22.228667130881682
4198,episodic_length,74.0
4212,episodic_return,-3.6985639108766204
4212,episodic_length,13.0
4242,episodic_return,4.905191165912136
4242,episodic_length,29.0
4277,episodic_return,22.78212821066398
4277,episodic_length,34.0
4298,episodic_return,5.634593771399864
4298,episodic_length,20.0
4333,episodic_return,25.896613773538583
4333,episodic_length,34.0
4361,episodic_return,17.20659177887771
4361,episodic_length,27.0
4385,episodic_return,4.237467865984311
4385,episodic_length,23.0
4400,episodic_return,-3.1912705971604094
4400,episodic_length,14.0
4424,episodic_return,4.621937399040097
4424,episodic_length,23.0
4453,episodic_return,7.111614751340281
4453,episodic_length,28.0
4466,episodic_return,-1.2463056698949915
4466,episodic_length,12.0
4489,episodic_return,-3.9904118989291195
4489,episodic_length,22.0
4505,episodic_return,-8.091202824132266
4505,episodic_length,15.0
4523,episodic_return,2.633294575639603
4523,episodic_length,17.0
4577,episodic_return,15.005648814459025
4577,episodic_length,53.0
4596,episodic_return,-2.385357085381125
4596,episodic_length,18.0
4611,episodic_return,-7.724662325510939
4611,episodic_length,14.0
4644,episodic_return,16.294014546565016
4644,episodic_length,32.0
4706,episodic_return,55.8970505357523
4706,episodic_length,61.0
4812,episodic_return,52.36695880539067
4812,episodic_length,105.0
4833,episodic_return,8.346973500960965
4833,episodic_length,20.0
4851,episodic_return,3.4777291565551556
4851,episodic_length,17.0
4880,episodic_return,0.8010085811466371
4880,episodic_length,28.0
4928,episodic_return,21.775569077557233
4928,episodic_length,47.0
4960,episodic_return,-0.2767103399335551
4960,episodic_length,31.0
5015,episodic_return,18.52641585832529
5015,episodic_length,54.0
5068,episodic_return,4.6675500107728425
5068,episodic_length,52.0
5090,episodic_return,-5.32980940341135
5090,episodic_length,21.0
5114,episodic_return,-3.2459717301314965
5114,episodic_length,23.0
5136,episodic_return,-0.39218199452154545
5136,episodic_length,21.0
5148,episodic_return,0.6396056462301725
5148,episodic_length,11.0
5168,episodic_return,8.218651308721508
5168,episodic_length,19.0
5188,episodic_return,2.320391049668981
5188,episodic_length,19.0
5213,episodic_return,6.761616010474279
5213,episodic_length,24.0
5244,episodic_return,14.866233339349666
5244,episodic_length,30.0
5264,episodic_return,-5.608625292393171
5264,episodic_length,19.0
5303,episodic_return,19.846321850221404
5303,episodic_length,38.0
5335,episodic_return,8.307306454734146
5335,episodic_length,31.0
5360,episodic_return,5.943378545267005
5360,episodic_length,24.0
5376,episodic_return,-0.8435221766401901
5376,episodic_length,15.0
5393,episodic_return,-1.4170992708828485
5393,episodic_length,16.0
5406,episodic_return,0.047629982758177314
5406,episodic_length,12.0
5473,episodic_return,9.313375923226253
5473,episodic_length,66.0
5499,episodic_return,3.159395519265754
5499,episodic_length,25.0
5515,episodic_return,-1.8255320725258444
5515,episodic_length,15.0
5531,episodic_return,-2.607152210750357
5531,episodic_length,15.0
5555,episodic_return,2.4711904875272186
5555,episodic_length,23.0
5596,episodic_return,24.314133881843404
5596,episodic_length,40.0
5638,episodic_return,25.83134122234357
5638,episodic_length,41.0
5673,episodic_return,18.464278119386048
5673,episodic_length,34.0
5709,episodic_return,14.281898297745952
5709,episodic_length,35.0
5718,episodic_return,-3.2937712226460394
5718,episodic_length,8.0
5752,episodic_return,18.164828676123282
5752,episodic_length,33.0
5799,episodic_return,14.1686592778665
5799,episodic_length,46.0
5810,episodic_return,-1.8681896090348276
5810,episodic_length,10.0
5831,episodic_return,4.964031587936147
5831,episodic_length,20.0
5874,episodic_return,11.720866727841008
5874,episodic_length,42.0
5893,episodic_return,4.9627274167505115
5893,episodic_length,18.0
5919,episodic_return,4.104987438339665
5919,episodic_length,25.0
5945,episodic_return,0.43396656562270675
5945,episodic_length,25.0
5971,episodic_return,8.114661802115283
5971,episodic_length,25.0
6032,episodic_return,8.801786793865828
6032,episodic_length,60.0
6073,episodic_return,11.429106635735929
6073,episodic_length,40.0
6101,episodic_return,13.00593164231967
6101,episodic_length,27.0
6111,episodic_return,-4.159893395505688
6111,episodic_length,9.0
6144,value_loss,0.19558589160442352
6144,policy_loss,-0.002774002030491829
6144,approx_kl,0.0026752417907118797
6144,clipfrac,0.02138671875
6144,explained_variance,0.3171672821044922
6144,sps,511.0
6144,kl_beta,2.0
6217,episodic_return,58.11287987291968
6217,episodic_length,105.0
6260,episodic_return,29.465619439743396
6260,episodic_length,42.0
6307,episodic_return,23.879236442637968
6307,episodic_length,46.0
6328,episodic_return,4.310875666546565
6328,episodic_length,20.0
6348,episodic_return,3.747097080874881
6348,episodic_length,19.0
6366,episodic_return,-1.4421178052200205
6366,episodic_length,17.0
6393,episodic_return,10.180240554924472
6393,episodic_length,26.0
6404,episodic_return,0.14992059568447758
6404,episodic_length,10.0
6443,episodic_return,18.16446858244371
6443,episodic_length,38.0
6486,episodic_return,20.126435679750593
6486,episodic_length,42.0
6565,episodic_return,35.662274904301185
6565,episodic_length,78.0
6614,episodic_return,32.38692494577305
6614,episodic_length,48.0
6627,episodic_return,-0.0018760431530635557
6627,episodic_length,12.0
6643,episodic_return,2.873336605481088
6643,episodic_length,15.0
6705,episodic_return,41.24563063235992
6705,episodic_length,61.0
6724,episodic_return,-4.305870452397937
6724,episodic_length,18.0
6738,episodic_return,2.0820991288990722
6738,episodic_length,13.0
6755,episodic_return,-2.9778625020305514
6755,episodic_length,16.0
6776,episodic_return,4.474357478634746
6776,episodic_length,20.0
6963,episodic_return,144.09033644618046
6963,episodic_length,186.0
7005,episodic_return,18.04501182003712
7005,episodic_length,41.0
7027,episodic_return,-1.3739836450053682
7027,episodic_length,21.0
7044,episodic_return,-0.1119490554637832
7044,episodic_length,16.0
7068,episodic_return,-0.7203097001322711
7068,episodic_length,23.0
7099,episodic_return,12.299320181199752
7099,episodic_length,30.0
7112,episodic_return,-0.1752747531759643
7112,episodic_length,12.0
7129,episodic_return,-1.9158697807670317
7129,episodic_length,16.0
7140,episodic_return,-4.34352460042196
7140,episodic_length,10.0
7167,episodic_return,0.49280091750974875
7167,episodic_length,26.0
7201,episodic_return,3.146952798003176
7201,episodic_length,33.0
7216,episodic_return,-1.7407200753142746
7216,episodic_length,14.0
7230,episodic_return,1.7238246736659042
7230,episodic_length,13.0
7264,episodic_return,10.422979664697879
7264,episodic_length,33.0
7298,episodic_return,11.680276789527683
7298,episodic_length,33.0
7328,episodic_return,15.443246756070048
7328,episodic_length,29.0
7351,episodic_return,-1.1835732983084108
7351,episodic_length,22.0
7438,episodic_return,83.1078628864282
7438,episodic_length,86.0
7485,episodic_return,8.759082745931423
7485,episodic_length,46.0
7509,episodic_return,7.909906095575009
7509,episodic_length,23.0
7573,episodic_return,39.18420685158345
7573,episodic_length,63.0
7606,episodic_return,12.56335912576666
7606,episodic_length,32.0
7647,episodic_return,26.293048214255055
7647,episodic_length,40.0
7686,episodic_return,6.124891069328028
7686,episodic_length,38.0
7729,episodic_return,16.828139734091906
7729,episodic_length,42.0
7782,episodic_return,19.244057786972373
7782,episodic_length,52.0
7833,episodic_return,28.32712674132059
7833,episodic_length,50.0
7860,episodic_return,8.006245203798859
7860,episodic_length,26.0
7900,episodic_return,21.540865465865377
7900,episodic_length,39.0
7913,episodic_return,-3.560994587981085
7913,episodic_length,12.0
7979,episodic_return,28.97619882653134
7979,episodic_length,65.0
8022,episodic_return,22.496844968596005
8022,episodic_length,42.0
8106,episodic_return,77.80511247417152
8106,episodic_length,83.0
8121,episodic_return,-1.192477535903265
8121,episodic_length,14.0
8167,episodic_return,20.718879368945906
8167,episodic_length,45.0
8192,value_loss,0.24519264698028564
8192,policy_loss,-0.018014367669820786
8192,approx_kl,0.01659746840596199
8192,clipfrac,0.132861328125
8192,explained_variance,0.29978978633880615
8192,sps,516.0
8192,kl_beta,4.0
8196,episodic_return,10.965597845852425
8196,episodic_length,28.0
8217,episodic_return,5.747204816156819
8217,episodic_length,20.0
8273,episodic_return,20.03769428864335
8273,episodic_length,55.0
8299,episodic_return,8.379261124530487
8299,episodic_length,25.0
8325,episodic_return,8.247615767505124
8325,episodic_length,25.0
8455,episodic_return,146.66779146511928
8455,episodic_length,129.0
8524,episodic_return,27.73588949344527
8524,episodic_length,68.0
8535,episodic_return,-0.36930230255481633
8535,episodic_length,10.0
8611,episodic_return,55.01983055202171
8611,episodic_length,75.0
8646,episodic_return,11.413719368451183
8646,episodic_length,34.0
8778,episodic_return,95.49377812098146
8778,episodic_length,131.0
8849,episodic_return,56.72720364949624
8849,episodic_length,70.0
8894,episodic_return,19.742289730878838
8894,episodic_length,44.0
8951,episodic_return,17.31825983163962
8951,episodic_length,56.0
8979,episodic_return,19.941521040382558
8979,episodic_length,27.0
9065,episodic_return,54.34272560687348
9065,episodic_length,85.0
9104,episodic_return,10.378863228043887
9104,episodic_length,38.0
9190,episodic_return,73.087942183804
9190,episodic_length,85.0
9264,episodic_return,28.895158788542556
9264,episodic_length,73.0
9294,episodic_return,9.808945167564461
9294,episodic_length,29.0
9423,episodic_return,112.95098484150442
9423,episodic_length,128.0
9481,episodic_return,31.160384190235806
9481,episodic_length,57.0
9573,episodic_return,50.866950763227244
9573,episodic_length,91.0
9629,episodic_return,19.63941302972933
9629,episodic_length,55.0
9646,episodic_return,0.10654171098348919
9646,episodic_length,16.0
9706,episodic_return,36.189399064174566
9706,episodic_length,59.0
9744,episodic_return,13.753330190347853
9744,episodic_length,37.0
9840,episodic_return,113.82893544248178
9840,episodic_length,95.0
9939,episodic_return,56.96845468445874
9939,episodic_length,98.0
10017,episodic_return,48.79162287750236
10017,episodic_length,77.0
10056,episodic_return,9.476946201333941
10056,episodic_length,38.0
10065,episodic_return,-3.6803161688901254
10065,episodic_length,8.0
10157,episodic_return,53.61890314565463
10157,episodic_length,91.0
10240,value_loss,0.2404002845287323
10240,policy_loss,-0.013948637992143631
10240,approx_kl,0.003905343823134899
10240,clipfrac,0.013232421875
10240,explained_variance,0.43571656942367554
10240,sps,523.0
10240,kl_beta,2.0
10246,episodic_return,69.49590267638978
10246,episodic_length,88.0
10306,episodic_return,45.86679544295978
10306,episodic_length,59.0
10360,episodic_return,24.179149281529437
10360,episodic_length,53.0
10401,episodic_return,29.6844686810244
10401,episodic_length,40.0
10433,episodic_return,15.75624567866325
10433,episodic_length,31.0
10503,episodic_return,51.353427981399854
10503,episodic_length,69.0
10549,episodic_return,18.964138581184127
10549,episodic_length,45.0
10585,episodic_return,11.778696157254256
10585,episodic_length,35.0
10674,episodic_return,44.54530460234674
10674,episodic_length,88.0
10779,episodic_return,103.55241565335434
10779,episodic_length,104.0
10807,episodic_return,9.096617995491698
10807,episodic_length,27.0
10827,episodic_return,4.404665259467316
10827,episodic_length,19.0
11040,episodic_return,243.06435955144343
11040,episodic_length,212.0
11139,episodic_return,9.558295581655491
11139,episodic_length,98.0
11241,episodic_return,129.70086196817337
11241,episodic_length,101.0
11264,episodic_return,0.6706950514556582
11264,episodic_length,22.0
11315,episodic_return,14.822100506675701
11315,episodic_length,50.0
11390,episodic_return,34.64573017286597
11390,episodic_length,74.0
11416,episodic_return,13.885729807945385
11416,episodic_length,25.0
11513,episodic_return,41.90825495916594
11513,episodic_length,96.0
11721,episodic_return,261.63136836280927
11721,episodic_length,207.0
11822,episodic_return,49.03298606399626
11822,episodic_length,100.0
11866,episodic_return,13.871939019934675
11866,episodic_length,43.0
11880,episodic_return,-2.0157313185768917
11880,episodic_length,13.0
11996,episodic_return,218.9655123442979
11996,episodic_length,115.0
12044,episodic_return,31.922517399545754
12044,episodic_length,47.0
12139,episodic_return,78.093342969565
12139,episodic_length,94.0
12233,episodic_return,11.969446698222324
12233,episodic_length,93.0
12246,episodic_return,-0.5608918783497152
12246,episodic_length,12.0
12288,value_loss,0.2553675174713135
12288,policy_loss,-0.011317694559693336
12288,approx_kl,0.01231370959430933
12288,clipfrac,0.0841796875
12288,explained_variance,0.5286562442779541
12288,sps,524.0
12288,kl_beta,2.0
12401,episodic_return,268.7795825862924
12401,episodic_length,154.0
12562,episodic_return,60.99577222465343
12562,episodic_length,160.0
12712,episodic_return,224.70804167870676
12712,episodic_length,149.0
12744,episodic_return,12.769997107718101
12744,episodic_length,31.0
12758,episodic_return,-4.077217009000801
12758,episodic_length,13.0
12879,episodic_return,98.32693953732142
12879,episodic_length,120.0
13037,episodic_return,200.35829544032916
13037,episodic_length,157.0
13116,episodic_return,30.41837318654612
13116,episodic_length,78.0
13193,episodic_return,58.547140011894726
13193,episodic_length,76.0
13239,episodic_return,11.268635496668121
13239,episodic_length,45.0
13318,episodic_return,57.955556995956094
13318,episodic_length,78.0
13372,episodic_return,26.926361879418497
13372,episodic_length,53.0
13414,episodic_return,17.945375990298164
13414,episodic_length,41.0
13532,episodic_return,61.33256776915957
13532,episodic_length,117.0
13569,episodic_return,12.757017191162333
13569,episodic_length,36.0
13769,episodic_return,301.0067914983128
13769,episodic_length,199.0
13789,episodic_return,-2.42594966647138
13789,episodic_length,19.0
13943,episodic_return,266.8480229807902
13943,episodic_length,153.0
13955,episodic_return,-0.6624193570782637
13955,episodic_length,11.0
13986,episodic_return,12.488638562563109
13986,episodic_length,30.0
14059,episodic_return,29.233382302389533
14059,episodic_length,72.0
14108,episodic_return,23.610657704195447
14108,episodic_length,48.0
14215,episodic_return,103.43694842619891
14215,episodic_length,106.0
14244,episodic_return,16.65518773272711
14244,episodic_length,28.0
14252,episodic_return,-4.055606081865605
14252,episodic_length,7.0
14269,episodic_return,-4.521769187547793
14269,episodic_length,16.0
14328,episodic_return,40.1874345275714
14328,episodic_length,58.0
14336,value_loss,0.14252232015132904
14336,policy_loss,-0.03986918926239014
14336,approx_kl,0.00916785653680563
14336,clipfrac,0.075439453125
14336,explained_variance,0.6517030000686646
14336,sps,531.0
14336,kl_beta,2.0
14538,episodic_return,284.09522161105593
14538,episodic_length,209.0
14602,episodic_return,33.188172409139135
14602,episodic_length,63.0
14946,episodic_return,261.20565662562694
14946,episodic_length,343.0
15008,episodic_return,31.68443096452836
15008,episodic_length,61.0
15124,episodic_return,83.35070340152635
15124,episodic_length,115.0
15431,episodic_return,414.73346858071505
15431,episodic_length,306.0
15553,episodic_return,198.3272559682536
15553,episodic_length,121.0
15777,episodic_return,299.889625505764
15777,episodic_length,223.0
15855,episodic_return,45.43962202244153
15855,episodic_length,77.0
15947,episodic_return,90.63007937383779
15947,episodic_length,91.0
15956,episodic_return,-5.284718125921882
15956,episodic_length,8.0
16081,episodic_return,80.50724143768426
16081,episodic_length,124.0
16321,episodic_return,211.35318664034025
16321,episodic_length,239.0
16384,value_loss,0.10371920466423035
16384,policy_loss,-0.03788573667407036
16384,approx_kl,0.009255191311240196
16384,clipfrac,0.077880859375
16384,explained_variance,0.6302154362201691
16384,sps,534.0
16384,kl_beta,2.0
16404,episodic_return,41.142627186056416
16404,episodic_length,82.0
16508,episodic_return,199.02811201682294
16508,episodic_length,103.0
16616,episodic_return,65.2480630474404
16616,episodic_length,107.0
16877,episodic_return,365.2775188155515
16877,episodic_length,260.0
17154,episodic_return,363.76603744786564
17154,episodic_length,276.0
17245,episodic_return,60.147987498714365
17245,episodic_length,90.0
17386,episodic_return,258.6611062066455
17386,episodic_length,140.0
17552,episodic_return,231.91921747728946
17552,episodic_length,165.0
17690,episodic_return,48.49239677001096
17690,episodic_length,137.0
17933,episodic_return,167.7476229652857
17933,episodic_length,242.0
18088,episodic_return,264.8570061647712
18088,episodic_length,154.0
18274,episodic_return,101.26681151584633
18274,episodic_length,185.0
18432,value_loss,0.08202015608549118
18432,policy_loss,-0.03234097734093666
18432,approx_kl,0.006649253889918327
18432,clipfrac,0.0515625
18432,explained_variance,0.7850727885961533
18432,sps,538.0
18432,kl_beta,1.0
18526,episodic_return,414.49606693353246
18526,episodic_length,251.0
18641,episodic_return,107.79611995703672
18641,episodic_length,114.0
18810,episodic_return,268.444305166409
18810,episodic_length,168.0
19066,episodic_return,410.37558140712116
19066,episodic_length,255.0
19330,episodic_return,235.85770476474042
19330,episodic_length,263.0
19466,episodic_return,45.38713990737749
19466,episodic_length,135.0
19595,episodic_return,232.82836380991043
19595,episodic_length,128.0
19760,episodic_return,232.93898994270057
19760,episodic_length,164.0
19959,episodic_return,293.0939776359753
19959,episodic_length,198.0
20085,episodic_return,60.15006505777027
20085,episodic_length,125.0
20152,episodic_return,39.52157181995341
20152,episodic_length,66.0
20323,episodic_return,292.9698102283289
20323,episodic_length,170.0
20480,value_loss,0.08320505172014236
20480,policy_loss,-0.018618393689393997
20480,approx_kl,0.024638131260871887
20480,clipfrac,0.181005859375
20480,explained_variance,0.7794990688562393
20480,sps,538.0
20480,kl_beta,2.0
20597,episodic_return,169.80874768444258
20597,episodic_length,273.0
20648,episodic_return,23.612339387041402
20648,episodic_length,50.0
20734,episodic_return,77.83193723261756
20734,episodic_length,85.0
20852,episodic_return,28.658968879420765
20852,episodic_length,117.0
21004,episodic_return,268.1806876156899
21004,episodic_length,151.0
21332,episodic_return,227.33263428143144
21332,episodic_length,327.0
21411,episodic_return,74.6929784362278
21411,episodic_length,78.0
21465,episodic_return,40.63151565008151
21465,episodic_length,53.0
21816,episodic_return,473.8430478812344
21816,episodic_length,350.0
22017,episodic_return,321.7384631371387
22017,episodic_length,200.0
22348,episodic_return,110.97563489248621
22348,episodic_length,330.0
22528,value_loss,0.05751105397939682
22528,policy_loss,-0.018215928226709366
22528,approx_kl,0.006117047742009163
22528,clipfrac,0.0548828125
22528,explained_variance,0.7830041944980621
22528,sps,539.0
22528,kl_beta,1.0
22708,episodic_return,465.5404056139943
22708,episodic_length,359.0
22830,episodic_return,216.47907502218666
22830,episodic_length,121.0
22983,episodic_return,244.05913858137316
22983,episodic_length,152.0
23108,episodic_return,198.48969271083374
23108,episodic_length,124.0
23255,episodic_return,259.06799102865375
23255,episodic_length,146.0
23507,episodic_return,120.71673047893299
23507,episodic_length,251.0
23689,episodic_return,65.43913404701242
23689,episodic_length,181.0
23899,episodic_return,112.98042364884469
23899,episodic_length,209.0
24144,episodic_return,165.8295494479649
24144,episodic_length,244.0
24465,episodic_return,193.02727194344658
24465,episodic_length,320.0
24576,value_loss,0.041954122483730316
24576,policy_loss,-0.03743564710021019
24576,approx_kl,0.01588432863354683
24576,clipfrac,0.18583984375
24576,explained_variance,0.8583227694034576
24576,sps,542.0
24576,kl_beta,2.0
24769,episodic_return,383.5502031889605
24769,episodic_length,303.0
24966,episodic_return,268.72349726186724
24966,episodic_length,196.0
25332,episodic_return,479.5329840021061
25332,episodic_length,365.0
25735,episodic_return,513.4960691165325
25735,episodic_length,402.0
25970,episodic_return,138.1312474477068
25970,episodic_length,234.0
26157,episodic_return,310.76485230150945
26157,episodic_length,186.0
26624,value_loss,0.032110944390296936
26624,policy_loss,-0.03304459527134895
26624,approx_kl,0.006644437089562416
26624,clipfrac,0.05478515625
26624,explained_variance,0.7620648890733719
26624,sps,545.0
26624,kl_beta,1.0
26686,episodic_return,627.2111174315775
26686,episodic_length,528.0
26854,episodic_return,269.6264446683038
26854,episodic_length,167.0
27017,episodic_return,250.24569666522436
27017,episodic_length,162.0
27331,episodic_return,216.89364706150528
27331,episodic_length,313.0
27675,episodic_return,488.0854966172105
27675,episodic_length,343.0
27822,episodic_return,250.4369247351003
27822,episodic_length,146.0
27986,episodic_return,277.28631663503694
27986,episodic_length,163.0
28262,episodic_return,320.9281386165281
28262,episodic_length,275.0
28440,episodic_return,47.35415963656697
28440,episodic_length,177.0
28450,episodic_return,-2.6868380170004187
28450,episodic_length,9.0
28569,episodic_return,224.828984737833
28569,episodic_length,118.0
28672,value_loss,0.04770873859524727
28672,policy_loss,-0.031270019710063934
28672,approx_kl,0.018735522404313087
28672,clipfrac,0.210498046875
28672,explained_variance,0.8413373976945877
28672,sps,541.0
28672,kl_beta,2.0
28903,episodic_return,418.73702869850314
28903,episodic_length,333.0
29039,episodic_return,250.42556995106614
29039,episodic_length,135.0
29167,episodic_return,239.20449479142746
29167,episodic_length,127.0
29383,episodic_return,352.5397322924868
29383,episodic_length,215.0
29494,episodic_return,212.75266830996014
29494,episodic_length,110.0
29929,episodic_return,581.5880355273633
29929,episodic_length,434.0
30312,episodic_return,307.30937553978055
30312,episodic_length,382.0
30534,episodic_return,340.5349832229955
30534,episodic_length,221.0
30720,value_loss,0.04897939786314964
30720,policy_loss,-0.03541317582130432
30720,approx_kl,0.010542000643908978
30720,clipfrac,0.0490234375
30720,explained_variance,0.8359067142009735
30720,sps,544.0
30720,kl_beta,2.0
30901,episodic_return,491.2313173359978
30901,episodic_length,366.0
31190,episodic_return,104.22750230933102
31190,episodic_length,288.0
31404,episodic_return,261.33062840860003
31404,episodic_length,213.0
31575,episodic_return,270.9989869048887
31575,episodic_length,170.0
31830,episodic_return,149.6903950668639
31830,episodic_length,254.0
32098,episodic_return,406.2906346104148
32098,episodic_length,267.0
32272,episodic_return,292.2684067200692
32272,episodic_length,173.0
32588,episodic_return,405.50736317270054
32588,episodic_length,315.0
32768,value_loss,0.03152545168995857
32768,policy_loss,-0.015142900869250298
32768,approx_kl,0.003817773424088955
32768,clipfrac,0.033203125
32768,explained_variance,0.8909533694386482
32768,sps,545.0
32768,kl_beta,1.0
32775,episodic_return,303.9719034637242
32775,episodic_length,186.0
32958,episodic_return,299.9677327273354
32958,episodic_length,182.0
33148,episodic_return,299.4285097766317
33148,episodic_length,189.0
33311,episodic_return,310.49046099188064
33311,episodic_length,162.0
33515,episodic_return,359.3484559151928
33515,episodic_length,203.0
33784,episodic_return,391.00394909246296
33784,episodic_length,268.0
34024,episodic_return,340.9125102928176
34024,episodic_length,239.0
34196,episodic_return,148.54736347018195
34196,episodic_length,171.0
34422,episodic_return,382.07255369189437
34422,episodic_length,225.0
34632,episodic_return,323.63853260557806
34632,episodic_length,209.0
34816,value_loss,0.025958925485610962
34816,policy_loss,-0.06033013388514519
34816,approx_kl,0.02583695575594902
34816,clipfrac,0.157470703125
34816,explained_variance,0.8149375468492508
34816,sps,546.0
34816,kl_beta,2.0
34835,episodic_return,337.9005785031415
34835,episodic_length,202.0
34930,episodic_return,165.98416961065206
34930,episodic_length,94.0
35066,episodic_return,224.49584592582428
35066,episodic_length,135.0
35189,episodic_return,197.68818263880303
35189,episodic_length,122.0
35384,episodic_return,322.9038702628123
35384,episodic_length,194.0
35672,episodic_return,419.10056816036746
35672,episodic_length,287.0
35987,episodic_return,475.9000774407215
35987,episodic_length,314.0
36171,episodic_return,301.6797448828039
36171,episodic_length,183.0
36312,episodic_return,250.39292537692225
36312,episodic_length,140.0
36471,episodic_return,276.8486284219468
36471,episodic_length,158.0
36634,episodic_return,305.84479029386284
36634,episodic_length,162.0
36789,episodic_return,263.49593784710174
36789,episodic_length,154.0
36864,value_loss,0.01949802227318287
36864,policy_loss,-0.01236112043261528
36864,approx_kl,0.009284624829888344
36864,clipfrac,0.05859375
36864,explained_variance,0.8323292881250381
36864,sps,545.0
36864,kl_beta,2.0
36910,episodic_return,179.3941612616564
36910,episodic_length,120.0
37141,episodic_return,131.23268088618667
37141,episodic_length,230.0
37440,episodic_return,443.0855341564346
37440,episodic_length,298.0
37917,episodic_return,573.8552567765806
37917,episodic_length,476.0
38053,episodic_return,236.42572977338375
38053,episodic_length,135.0
38199,episodic_return,242.85205356269682
38199,episodic_length,145.0
38382,episodic_return,305.9980770558248
38382,episodic_length,182.0
38523,episodic_return,268.49437986163207
38523,episodic_length,140.0
38695,episodic_return,298.90973206286435
38695,episodic_length,171.0
38846,episodic_return,270.6723602034839
38846,episodic_length,150.0
38912,value_loss,0.03951992094516754
38912,policy_loss,-0.03264646977186203
38912,approx_kl,0.004652772098779678
38912,clipfrac,0.045166015625
38912,explained_variance,0.8652901500463486
38912,sps,545.0
38912,kl_beta,1.0
39117,episodic_return,411.97157267512006
39117,episodic_length,270.0
39334,episodic_return,344.67139275296495
39334,episodic_length,216.0
39628,episodic_return,240.1856920823929
39628,episodic_length,293.0
39818,episodic_return,345.3548577502028
39818,episodic_length,189.0
40037,episodic_return,122.894762452815
40037,episodic_length,218.0
40236,episodic_return,318.4924434071547
40236,episodic_length,198.0
40429,episodic_return,328.97294867748843
40429,episodic_length,192.0
40754,episodic_return,266.8387122727342
40754,episodic_length,324.0
40940,episodic_return,295.0198404062323
40940,episodic_length,185.0
40960,value_loss,0.02346298098564148
40960,policy_loss,-0.0065538715571165085
40960,approx_kl,0.010607259348034859
40960,clipfrac,0.109765625
40960,explained_variance,0.8699461072683334
40960,sps,547.0
40960,kl_beta,1.0
41047,episodic_return,192.83385020315177
41047,episodic_length,106.0
41245,episodic_return,316.6078047066212
41245,episodic_length,197.0
41583,episodic_return,445.0396334169552
41583,episodic_length,337.0
41762,episodic_return,317.1740554586914
41762,episodic_length,178.0
41993,episodic_return,132.5541745230534
41993,episodic_length,230.0
42243,episodic_return,405.819959890007
42243,episodic_length,249.0
42400,episodic_return,287.558019687615
42400,episodic_length,156.0
42620,episodic_return,362.20447023954074
42620,episodic_length,219.0
42860,episodic_return,155.03304212052524
42860,episodic_length,239.0
43008,value_loss,0.041456278413534164
43008,policy_loss,-0.05723003298044205
43008,approx_kl,0.012298351153731346
43008,clipfrac,0.119921875
43008,explained_variance,0.9232097268104553
43008,sps,548.0
43008,kl_beta,1.0
43080,episodic_return,358.78583868835284
43080,episodic_length,219.0
43260,episodic_return,303.8067855906306
43260,episodic_length,179.0
43447,episodic_return,338.4897994988097
43447,episodic_length,186.0
43707,episodic_return,416.91993171789517
43707,episodic_length,259.0
43881,episodic_return,318.0333776832455
43881,episodic_length,173.0
44062,episodic_return,304.49170118137096
44062,episodic_length,180.0
44231,episodic_return,288.98235871358185
44231,episodic_length,168.0
44413,episodic_return,297.6489352434224
44413,episodic_length,181.0
44612,episodic_return,350.57125350184
44612,episodic_length,198.0
44793,episodic_return,314.7223258856032
44793,episodic_length,180.0
45030,episodic_return,405.80947305713084
45030,episodic_length,236.0
45056,value_loss,0.011591693386435509
45056,policy_loss,-0.028962045907974243
45056,approx_kl,0.014130397699773312
45056,clipfrac,0.181005859375
45056,explained_variance,0.8901602849364281
45056,sps,549.0
45056,kl_beta,1.0
45275,episodic_return,405.48322280431756
45275,episodic_length,244.0
45480,episodic_return,353.67589621593277
45480,episodic_length,204.0
45851,episodic_return,521.7681341019301
45851,episodic_length,370.0
46016,episodic_return,303.78995894396763
46016,episodic_length,164.0
46250,episodic_return,380.0027238527081
46250,episodic_length,233.0
46455,episodic_return,360.5797757324033
46455,episodic_length,204.0
46705,episodic_return,435.1393070745013
46705,episodic_length,249.0
46875,episodic_return,323.8133398046036
46875,episodic_length,169.0
47096,episodic_return,367.01213519264184
47096,episodic_length,220.0
47104,value_loss,0.009009351953864098
47104,policy_loss,-0.029386062175035477
47104,approx_kl,0.012964758090674877
47104,clipfrac,0.160400390625
47104,explained_variance,0.896210566163063
47104,sps,551.0
47104,kl_beta,1.0
47260,episodic_return,271.72982943692466
47260,episodic_length,163.0
47398,episodic_return,276.8485140557535
47398,episodic_length,137.0
47615,episodic_return,373.01273469971056
47615,episodic_length,216.0
47850,episodic_return,365.5665721141143
47850,episodic_length,234.0
48008,episodic_return,295.7857307795583
48008,episodic_length,157.0
48177,episodic_return,307.20734312628565
48177,episodic_length,168.0
48641,episodic_return,613.3958783132857
48641,episodic_length,463.0
48780,episodic_return,245.8219963666181
48780,episodic_length,138.0
48966,episodic_return,328.75837266165223
48966,episodic_length,185.0
49133,episodic_return,314.07249186178393
49133,episodic_length,166.0
49152,value_loss,0.041734494268894196
49152,policy_loss,-0.1416957676410675
49152,approx_kl,0.027797821909189224
49152,clipfrac,0.178125
49152,explained_variance,0.8930912241339684
49152,sps,552.0
49152,kl_beta,2.0
49404,episodic_return,419.39811290259854
49404,episodic_length,270.0
49560,episodic_return,303.81101965433305
49560,episodic_length,155.0
49720,episodic_return,296.581201613402
49720,episodic_length,159.0
49919,episodic_return,343.60064268200176
49919,episodic_length,198.0
50118,episodic_return,366.9636940871885
50118,episodic_length,198.0
50325,episodic_return,386.9686618085176
50325,episodic_length,206.0
50445,episodic_return,228.16716329997746
50445,episodic_length,119.0
50662,episodic_return,371.2796490061188
50662,episodic_length,216.0
50902,episodic_return,432.7683328898416
50902,episodic_length,239.0
51085,episodic_return,341.1149234519681
51085,episodic_length,182.0
51200,value_loss,0.036465879529714584
51200,policy_loss,-0.04595156013965607
51200,approx_kl,0.011069019325077534
51200,clipfrac,0.03916015625
51200,explained_variance,0.8942403271794319
51200,sps,554.0
51200,kl_beta,2.0
51282,episodic_return,94.65045296052928
51282,episodic_length,196.0
51495,episodic_return,347.7382045266662
51495,episodic_length,212.0
51615,episodic_return,242.21299221445688
51615,episodic_length,119.0
51793,episodic_return,320.9333053974825
51793,episodic_length,177.0
52023,episodic_return,422.5363103615029
52023,episodic_length,229.0
52352,episodic_return,502.6880646114182
52352,episodic_length,328.0
52752,episodic_return,535.2093419112293
52752,episodic_length,399.0
52940,episodic_return,331.4684125085598
52940,episodic_length,187.0
53166,episodic_return,130.7779109689404
53166,episodic_length,225.0
53248,value_loss,0.011147754266858101
53248,policy_loss,-0.03392862528562546
53248,approx_kl,0.011376474983990192
53248,clipfrac,0.064013671875
53248,explained_variance,0.9165235906839371
53248,sps,556.0
53248,kl_beta,2.0
53401,episodic_return,395.2440565429446
53401,episodic_length,234.0
53655,episodic_return,379.088799713923
53655,episodic_length,253.0
53827,episodic_return,352.0650666104356
53827,episodic_length,171.0
54066,episodic_return,425.4470599588698
54066,episodic_length,238.0
54238,episodic_return,337.0112166083254
54238,episodic_length,171.0
54450,episodic_return,357.26216687643205
54450,episodic_length,211.0
54614,episodic_return,316.70209836944554
54614,episodic_length,163.0
54883,episodic_return,426.8691949052836
54883,episodic_length,268.0
55086,episodic_return,349.22089528651355
55086,episodic_length,202.0
55272,episodic_return,347.3050563212592
55272,episodic_length,185.0
55296,value_loss,0.009355172514915466
55296,policy_loss,-0.023846227675676346
55296,approx_kl,0.010401098057627678
55296,clipfrac,0.05712890625
55296,explained_variance,0.9008295089006424
55296,sps,558.0
55296,kl_beta,2.0
55422,episodic_return,269.84871025506294
55422,episodic_length,149.0
55633,episodic_return,370.15461031047255
55633,episodic_length,210.0
56043,episodic_return,564.8127561992195
56043,episodic_length,409.0
56226,episodic_return,370.90091475994495
56226,episodic_length,182.0
56490,episodic_return,439.1250023008055
56490,episodic_length,263.0
56658,episodic_return,290.8261220905928
56658,episodic_length,167.0
56893,episodic_return,414.2251211640877
56893,episodic_length,234.0
57112,episodic_return,355.65790119213017
57112,episodic_length,218.0
57344,value_loss,0.006503290496766567
57344,policy_loss,-0.009748445823788643
57344,approx_kl,0.0064033521339297295
57344,clipfrac,0.069189453125
57344,explained_variance,0.8944562673568726
57344,sps,557.0
57344,kl_beta,1.0
57429,episodic_return,520.4411889070235
57429,episodic_length,316.0
57630,episodic_return,88.24352354577402
57630,episodic_length,200.0
57822,episodic_return,357.5460384929723
57822,episodic_length,191.0
58067,episodic_return,461.5348411298523
58067,episodic_length,244.0
58297,episodic_return,398.97148933467696
58297,episodic_length,229.0
58465,episodic_return,302.02917936694644
58465,episodic_length,167.0
58679,episodic_return,400.8206724834776
58679,episodic_length,213.0
58889,episodic_return,352.1413879239746
58889,episodic_length,209.0
59090,episodic_return,345.4663131491609
59090,episodic_length,200.0
59263,episodic_return,299.20431839947395
59263,episodic_length,172.0
59392,value_loss,0.010577128268778324
59392,policy_loss,-0.012434251606464386
59392,approx_kl,0.019060350954532623
59392,clipfrac,0.173876953125
59392,explained_variance,0.9222793206572533
59392,sps,557.0
59392,kl_beta,2.0
59466,episodic_return,384.18067605508173
59466,episodic_length,202.0
59637,episodic_return,333.9476447574213
59637,episodic_length,170.0
59908,episodic_return,454.3396918723735
59908,episodic_length,270.0
60157,episodic_return,422.9060183225712
60157,episodic_length,248.0
60367,episodic_return,387.1232955798982
60367,episodic_length,209.0
60575,episodic_return,425.6073647311448
60575,episodic_length,207.0
60804,episodic_return,415.66061543462513
60804,episodic_length,228.0
61082,episodic_return,457.07558667693786
61082,episodic_length,277.0
61301,episodic_return,366.3883786135719
61301,episodic_length,218.0
61440,value_loss,0.006019947584718466
61440,policy_loss,-0.026628220453858376
61440,approx_kl,0.006115279160439968
61440,clipfrac,0.079443359375
61440,explained_variance,0.9239644706249237
61440,sps,557.0
61440,kl_beta,1.0
61446,episodic_return,269.109968306847
61446,episodic_length,144.0
61694,episodic_return,397.97441564257434
61694,episodic_length,247.0
61943,episodic_return,407.6667835720994
61943,episodic_length,248.0
62216,episodic_return,440.17080961583304
62216,episodic_length,272.0
62430,episodic_return,403.56307714289557
62430,episodic_length,213.0
62667,episodic_return,397.9768236125182
62667,episodic_length,236.0
62848,episodic_return,347.5999576855948
62848,episodic_length,180.0
63038,episodic_return,372.8388434978718
63038,episodic_length,189.0
63295,episodic_return,463.2562982210116
63295,episodic_length,256.0
63488,value_loss,0.012593057937920094
63488,policy_loss,-0.04147031903266907
63488,approx_kl,0.02710007131099701
63488,clipfrac,0.1447265625
63488,explained_variance,0.9433255419135094
63488,sps,557.0
63488,kl_beta,2.0
63516,episodic_return,392.28712234445277
63516,episodic_length,220.0
63750,episodic_return,435.21830159860855
63750,episodic_length,233.0
63891,episodic_return,266.28756696018627
63891,episodic_length,140.0
64138,episodic_return,443.52928712054614
64138,episodic_length,246.0
64329,episodic_return,368.45230669340526
64329,episodic_length,190.0
64556,episodic_return,396.76060625368785
64556,episodic_length,226.0
64755,episodic_return,354.0783724837196
64755,episodic_length,198.0
64996,episodic_return,124.23362387178186
64996,episodic_length,240.0
65219,episodic_return,407.48421752703916
65219,episodic_length,222.0
65406,episodic_return,365.1033190591693
65406,episodic_length,186.0
65536,value_loss,0.08974543958902359
65536,policy_loss,-0.12353576719760895
65536,approx_kl,0.014011925086379051
65536,clipfrac,0.05693359375
65536,explained_variance,0.9420596770942211
65536,sps,557.0
65536,kl_beta,2.0
65629,episodic_return,408.08556804518184
65629,episodic_length,222.0
65834,episodic_return,382.15774275021215
65834,episodic_length,204.0
66044,episodic_return,378.2211972236646
66044,episodic_length,209.0
66238,episodic_return,398.39634301330483
66238,episodic_length,193.0
66400,episodic_return,321.44967671935115
66400,episodic_length,161.0
66600,episodic_return,372.16261709467074
66600,episodic_length,199.0
66906,episodic_return,502.51588969674924
66906,episodic_length,305.0
67041,episodic_return,286.1177537656474
67041,episodic_length,134.0
67193,episodic_return,279.4406597603823
67193,episodic_length,151.0
67411,episodic_return,451.91988762784126
67411,episodic_length,217.0
67584,value_loss,0.007126653101295233
67584,policy_loss,-0.005730865523219109
67584,approx_kl,0.00472160242497921
67584,clipfrac,0.05390625
67584,explained_variance,0.9285861477255821
67584,sps,556.0
67584,kl_beta,1.0
67788,episodic_return,563.3618439643055
67788,episodic_length,376.0
68028,episodic_return,423.53612125484045
68028,episodic_length,239.0
68264,episodic_return,458.87911037354564
68264,episodic_length,235.0
68510,episodic_return,466.3606178391736
68510,episodic_length,245.0
68771,episodic_return,462.07457431429975
68771,episodic_length,260.0
68996,episodic_return,395.8450227914458
68996,episodic_length,224.0
69198,episodic_return,385.2501953910478
69198,episodic_length,201.0
69391,episodic_return,400.07736843902796
69391,episodic_length,192.0
69617,episodic_return,423.869314381771
69617,episodic_length,225.0
69632,value_loss,0.010205861181020737
69632,policy_loss,-0.027876999229192734
69632,approx_kl,0.012365113012492657
69632,clipfrac,0.140869140625
69632,explained_variance,0.9515002928674221
69632,sps,556.0
69632,kl_beta,1.0
69825,episodic_return,372.14423749018005
69825,episodic_length,207.0
70025,episodic_return,350.4369185299963
70025,episodic_length,199.0
70215,episodic_return,394.83093829566496
70215,episodic_length,189.0
70480,episodic_return,443.4172765375785
70480,episodic_length,264.0
70670,episodic_return,375.38705489070804
70670,episodic_length,189.0
70904,episodic_return,422.1401872873458
70904,episodic_length,233.0
71074,episodic_return,333.1485726316201
71074,episodic_length,169.0
71225,episodic_return,291.38499450715557
71225,episodic_length,150.0
71453,episodic_return,440.16980015142866
71453,episodic_length,227.0
71615,episodic_return,328.0802442503638
71615,episodic_length,161.0
71680,value_loss,0.006371001712977886
71680,policy_loss,-0.036898497492074966
71680,approx_kl,0.013808171264827251
71680,clipfrac,0.119482421875
71680,explained_variance,0.9388862811028957
71680,sps,556.0
71680,kl_beta,1.0
71890,episodic_return,483.0258628207326
71890,episodic_length,274.0
72102,episodic_return,414.4198164893899
72102,episodic_length,211.0
72330,episodic_return,412.6810464903063
72330,episodic_length,227.0
72537,episodic_return,407.1260864569096
72537,episodic_length,206.0
72741,episodic_return,358.87268021193836
72741,episodic_length,203.0
72952,episodic_return,389.431072035635
72952,episodic_length,210.0
73156,episodic_return,376.0696140559121
73156,episodic_length,203.0
73336,episodic_return,320.72336522909023
73336,episodic_length,179.0
73561,episodic_return,425.34965300681586
73561,episodic_length,224.0
73728,value_loss,0.028186319395899773
73728,policy_loss,0.10927782207727432
73728,approx_kl,0.02961033768951893
73728,clipfrac,0.140380859375
73728,explained_variance,0.9402236193418503
73728,sps,557.0
73728,kl_beta,2.0
73790,episodic_return,403.0166912945931
73790,episodic_length,228.0
74007,episodic_return,425.6182469229117
74007,episodic_length,216.0
74196,episodic_return,341.8473638917163
74196,episodic_length,188.0
74422,episodic_return,413.3551684878262
74422,episodic_length,225.0
74588,episodic_return,311.0138922330183
74588,episodic_length,165.0
74813,episodic_return,416.86798032657805
74813,episodic_length,224.0
74972,episodic_return,312.90681052655856
74972,episodic_length,158.0
75218,episodic_return,487.91363967440384
75218,episodic_length,245.0
75472,episodic_return,438.38368846087724
75472,episodic_length,253.0
75754,episodic_return,461.9655361810643
75754,episodic_length,281.0
75776,value_loss,0.0031975051388144493
75776,policy_loss,-0.03758583962917328
75776,approx_kl,0.017614055424928665
75776,clipfrac,0.08115234375
75776,explained_variance,0.9457622207701206
75776,sps,556.0
75776,kl_beta,4.0
75910,episodic_return,291.5479383930498
75910,episodic_length,155.0
76143,episodic_return,432.6908177197667
76143,episodic_length,232.0
76338,episodic_return,366.4627602297597
76338,episodic_length,194.0
76529,episodic_return,404.821581207248
76529,episodic_length,190.0
76682,episodic_return,319.21899864834705
76682,episodic_length,152.0
76902,episodic_return,395.28312697105633
76902,episodic_length,219.0
77158,episodic_return,470.3766340036443
77158,episodic_length,255.0
77316,episodic_return,303.55638898032817
77316,episodic_length,157.0
77520,episodic_return,391.599958609044
77520,episodic_length,203.0
77738,episodic_return,403.36398213988343
77738,episodic_length,217.0
77824,value_loss,0.014066291972994804
77824,policy_loss,0.015819434076547623
77824,approx_kl,0.0046186428517103195
77824,clipfrac,0.0234375
77824,explained_variance,0.9395925477147102
77824,sps,555.0
77824,kl_beta,2.0
77934,episodic_return,410.0315122267511
77934,episodic_length,195.0
78154,episodic_return,390.1201075440502
78154,episodic_length,219.0
78343,episodic_return,357.85799183747383
78343,episodic_length,188.0
78542,episodic_return,379.1496202096556
78542,episodic_length,198.0
78741,episodic_return,420.9182385926536
78741,episodic_length,198.0
78939,episodic_return,387.67548561485404
78939,episodic_length,197.0
79117,episodic_return,359.9454359890007
79117,episodic_length,177.0
79353,episodic_return,435.1362727912399
79353,episodic_length,235.0
79551,episodic_return,401.71330144985984
79551,episodic_length,197.0
79738,episodic_return,338.7349274048394
79738,episodic_length,186.0
79872,value_loss,0.007305470760911703
79872,policy_loss,-0.04932856187224388
79872,approx_kl,0.011514181271195412
79872,clipfrac,0.0658203125
79872,explained_variance,0.947165559977293
79872,sps,554.0
79872,kl_beta,2.0
79965,episodic_return,388.5725197320617
79965,episodic_length,226.0
80192,episodic_return,399.0198609040194
80192,episodic_length,226.0
80433,episodic_return,436.032370551303
80433,episodic_length,240.0
80702,episodic_return,475.5088117698284
80702,episodic_length,268.0
80863,episodic_return,317.87584256724153
80863,episodic_length,160.0
81096,episodic_return,411.9216962397472
81096,episodic_length,232.0
81326,episodic_return,466.7636939937251
81326,episodic_length,229.0
81522,episodic_return,357.83244482085877
81522,episodic_length,195.0
81718,episodic_return,348.09899046580296
81718,episodic_length,195.0
81862,episodic_return,305.1785812955195
81862,episodic_length,143.0
81920,value_loss,0.008344694040715694
81920,policy_loss,-0.05032806098461151
81920,approx_kl,0.00936074461787939
81920,clipfrac,0.056005859375
81920,explained_variance,0.9456733800470829
81920,sps,554.0
81920,kl_beta,2.0
82121,episodic_return,446.8943320106949
82121,episodic_length,258.0
82327,episodic_return,380.39390848961546
82327,episodic_length,205.0
82526,episodic_return,397.53799691337304
82526,episodic_length,198.0
82782,episodic_return,449.2309068747794
82782,episodic_length,255.0
82991,episodic_return,404.72648636950305
82991,episodic_length,208.0
83190,episodic_return,373.4168227772891
83190,episodic_length,198.0
83368,episodic_return,320.992443262241
83368,episodic_length,177.0
83532,episodic_return,338.69396498956297
83532,episodic_length,163.0
83751,episodic_return,435.81214663689246
83751,episodic_length,218.0
83968,value_loss,0.018953964114189148
83968,policy_loss,-0.064658023416996
83968,approx_kl,0.00913288164883852
83968,clipfrac,0.07763671875
83968,explained_variance,0.9465190060436726
83968,sps,554.0
83968,kl_beta,2.0
84041,episodic_return,462.21564428716874
84041,episodic_length,289.0
84245,episodic_return,406.8481554983118
84245,episodic_length,203.0
84475,episodic_return,490.10216237814535
84475,episodic_length,229.0
84639,episodic_return,343.662518718349
84639,episodic_length,163.0
84864,episodic_return,445.97303070750434
84864,episodic_length,224.0
85015,episodic_return,301.8947982022788
85015,episodic_length,150.0
85197,episodic_return,341.5747144879101
85197,episodic_length,181.0
85400,episodic_return,412.42008450230736
85400,episodic_length,202.0
85590,episodic_return,386.16708342072576
85590,episodic_length,189.0
85809,episodic_return,459.7882132816029
85809,episodic_length,218.0
85992,episodic_return,402.9019768277369
85992,episodic_length,182.0
86016,value_loss,0.010277093388140202
86016,policy_loss,-0.033208634704351425
86016,approx_kl,0.008797597140073776
86016,clipfrac,0.056689453125
86016,explained_variance,0.9434301890432835
86016,sps,554.0
86016,kl_beta,2.0
86209,episodic_return,454.00940705132734
86209,episodic_length,216.0
86359,episodic_return,285.5780435972475
86359,episodic_length,149.0
86605,episodic_return,440.6832374849682
86605,episodic_length,245.0
86782,episodic_return,371.87988596492016
86782,episodic_length,176.0
86958,episodic_return,353.0156107431843
86958,episodic_length,175.0
87229,episodic_return,516.6683506125252
87229,episodic_length,270.0
87413,episodic_return,374.21133443402783
87413,episodic_length,183.0
87627,episodic_return,413.00270325542004
87627,episodic_length,213.0
87869,episodic_return,458.12296502316843
87869,episodic_length,241.0
88050,episodic_return,336.92185048601715
88050,episodic_length,180.0
88064,value_loss,0.006932729855179787
88064,policy_loss,-0.040624409914016724
88064,approx_kl,0.008863217197358608
88064,clipfrac,0.069384765625
88064,explained_variance,0.9464879557490349
88064,sps,553.0
88064,kl_beta,2.0
88229,episodic_return,349.678787627619
88229,episodic_length,178.0
88504,episodic_return,493.5925056257689
88504,episodic_length,274.0
88711,episodic_return,420.53968347187435
88711,episodic_length,206.0
88896,episodic_return,354.9289369374754
88896,episodic_length,184.0
89035,episodic_return,284.51234297080276
89035,episodic_length,138.0
89177,episodic_return,306.76856451460435
89177,episodic_length,141.0
89380,episodic_return,393.5278108569861
89380,episodic_length,202.0
89567,episodic_return,404.3679908005143
89567,episodic_length,186.0
89762,episodic_return,377.67418372832043
89762,episodic_length,194.0
89952,episodic_return,380.4015406661128
89952,episodic_length,189.0
90112,value_loss,0.00776524655520916
90112,policy_loss,-0.0013362355530261993
90112,approx_kl,0.005413021892309189
90112,clipfrac,0.05986328125
90112,explained_variance,0.9503227286040783
90112,sps,552.0
90112,kl_beta,1.0
90161,episodic_return,484.0154953048111
90161,episodic_length,208.0
90349,episodic_return,423.0052439474727
90349,episodic_length,187.0
90538,episodic_return,406.2634233487475
90538,episodic_length,188.0
90703,episodic_return,346.90638936227305
90703,episodic_length,164.0
90879,episodic_return,393.1785905059288
90879,episodic_length,175.0
91085,episodic_return,393.7780162145801
91085,episodic_length,205.0
91342,episodic_return,476.8690476652747
91342,episodic_length,256.0
91524,episodic_return,88.00360204587753
91524,episodic_length,181.0
91705,episodic_return,339.72018487391387
91705,episodic_length,180.0
91907,episodic_return,375.35487184473686
91907,episodic_length,201.0
92096,episodic_return,383.663735271344
92096,episodic_length,188.0
92160,value_loss,0.04392058774828911
92160,policy_loss,-0.13705524802207947
92160,approx_kl,0.03284931927919388
92160,clipfrac,0.135986328125
92160,explained_variance,0.9429705962538719
92160,sps,552.0
92160,kl_beta,2.0
92266,episodic_return,379.230399091632
92266,episodic_length,169.0
92451,episodic_return,392.9056337936172
92451,episodic_length,184.0
92791,episodic_return,569.0878411032227
92791,episodic_length,339.0
92995,episodic_return,432.38028213059846
92995,episodic_length,203.0
93152,episodic_return,353.3694305774297
93152,episodic_length,156.0
93359,episodic_return,428.1914732762312
93359,episodic_length,206.0
93543,episodic_return,344.5522095355538
93543,episodic_length,183.0
93703,episodic_return,345.98485203584096
93703,episodic_length,159.0
93962,episodic_return,473.4651020593025
93962,episodic_length,258.0
94173,episodic_return,415.98748721945105
94173,episodic_length,210.0
94208,value_loss,0.02883605845272541
94208,policy_loss,-0.024741854518651962
94208,approx_kl,0.006482837721705437
94208,clipfrac,0.06376953125
94208,explained_variance,0.9526840336620808
94208,sps,552.0
94208,kl_beta,1.0
94413,episodic_return,453.24994338804146
94413,episodic_length,239.0
94608,episodic_return,400.61782404572415
94608,episodic_length,194.0
94805,episodic_return,375.42196303524855
94805,episodic_length,196.0
95004,episodic_return,440.79289071207387
95004,episodic_length,198.0
95197,episodic_return,399.2005210794683
95197,episodic_length,192.0
95357,episodic_return,346.5383999659693
95357,episodic_length,159.0
95545,episodic_return,422.6706788732488
95545,episodic_length,187.0
95848,episodic_return,552.8316484013872
95848,episodic_length,302.0
95998,episodic_return,306.7489344964429
95998,episodic_length,149.0
96184,episodic_return,346.5240330554938
96184,episodic_length,185.0
96256,value_loss,0.02202737145125866
96256,policy_loss,-0.050326868891716
96256,approx_kl,0.028581025078892708
96256,clipfrac,0.14375
96256,explained_variance,0.9420648850500584
96256,sps,552.0
96256,kl_beta,2.0
96355,episodic_return,345.7095427026848
96355,episodic_length,170.0
96536,episodic_return,358.8584515985142
96536,episodic_length,180.0
96679,episodic_return,320.64342003868245
96679,episodic_length,142.0
96872,episodic_return,401.26846470701935
96872,episodic_length,192.0
97043,episodic_return,384.45941636157545
97043,episodic_length,170.0
97254,episodic_return,438.9027146995243
97254,episodic_length,210.0
97441,episodic_return,376.19791635699636
97441,episodic_length,186.0
97687,episodic_return,473.04180072602674
97687,episodic_length,245.0
97833,episodic_return,323.9605198679578
97833,episodic_length,145.0
98034,episodic_return,411.0425115771126
98034,episodic_length,200.0
98304,value_loss,0.004389653913676739
98304,policy_loss,-0.003358440473675728
98304,approx_kl,0.006827056407928467
98304,clipfrac,0.045458984375
98304,explained_variance,0.952618133276701
98304,sps,552.0
98304,kl_beta,2.0
98346,episodic_return,499.2666911456212
98346,episodic_length,311.0
98569,episodic_return,440.7846115878711
98569,episodic_length,222.0
98779,episodic_return,419.2780483333798
98779,episodic_length,209.0
98962,episodic_return,388.1948162083353
98962,episodic_length,182.0
99115,episodic_return,311.0541622571597
99115,episodic_length,152.0
99321,episodic_return,412.221752107447
99321,episodic_length,205.0
99565,episodic_return,436.01462201745466
99565,episodic_length,243.0
99763,episodic_return,396.5846831532249
99763,episodic_length,197.0
100082,episodic_return,547.9795632997958
100082,episodic_length,318.0
100251,episodic_return,407.631431647673
100251,episodic_length,168.0
100352,value_loss,0.004949906840920448
100352,policy_loss,-0.012391628697514534
100352,approx_kl,0.005480502732098103
100352,clipfrac,0.059423828125
100352,explained_variance,0.9515067748725414
100352,sps,552.0
100352,kl_beta,1.0
100486,episodic_return,478.1651903590773
100486,episodic_length,234.0
100735,episodic_return,486.2750314196377
100735,episodic_length,248.0
100954,episodic_return,444.53934155967477
100954,episodic_length,218.0
101142,episodic_return,377.3475411493335
101142,episodic_length,187.0
101341,episodic_return,412.5479937854752
101341,episodic_length,198.0
101524,episodic_return,409.6016131319329
101524,episodic_length,182.0
101751,episodic_return,456.87619334787286
101751,episodic_length,226.0
101912,episodic_return,345.2141336724969
101912,episodic_length,160.0
102126,episodic_return,451.9645465078178
102126,episodic_length,213.0
102354,episodic_return,461.6687466789834
102354,episodic_length,227.0
102400,value_loss,0.009579092264175415
102400,policy_loss,-0.06374379992485046
102400,approx_kl,0.03504291549324989
102400,clipfrac,0.141845703125
102400,explained_variance,0.9601894989609718
102400,sps,551.0
102400,kl_beta,2.0
102539,episodic_return,357.06417963128416
102539,episodic_length,184.0
102738,episodic_return,424.0512109968801
102738,episodic_length,198.0
102903,episodic_return,327.59159295301953
102903,episodic_length,164.0
103088,episodic_return,392.0840089925381
103088,episodic_length,184.0
103263,episodic_return,382.1092056302449
103263,episodic_length,174.0
103500,episodic_return,460.2806028895941
103500,episodic_length,236.0
103691,episodic_return,422.54223749331766
103691,episodic_length,190.0
103865,episodic_return,343.8006737383732
103865,episodic_length,173.0
104113,episodic_return,477.4828906946315
104113,episodic_length,247.0
104283,episodic_return,389.0100902980721
104283,episodic_length,169.0
104448,value_loss,0.0021558254957199097
104448,policy_loss,-0.021204162389039993
104448,approx_kl,0.009159617125988007
104448,clipfrac,0.07412109375
104448,explained_variance,0.9594991616904736
104448,sps,551.0
104448,kl_beta,2.0
104504,episodic_return,453.6859069312427
104504,episodic_length,220.0
104686,episodic_return,416.7419889754471
104686,episodic_length,181.0
104855,episodic_return,379.1881717846896
104855,episodic_length,168.0
105040,episodic_return,393.7116492796483
105040,episodic_length,184.0
105243,episodic_return,455.97864764052144
105243,episodic_length,202.0
105476,episodic_return,562.914601556483
105476,episodic_length,232.0
105669,episodic_return,440.16434954311904
105669,episodic_length,192.0
105825,episodic_return,339.98200134180087
105825,episodic_length,155.0
106003,episodic_return,407.85027392787737
106003,episodic_length,177.0
106170,episodic_return,368.6949305652633
106170,episodic_length,166.0
106355,episodic_return,417.3567162950968
106355,episodic_length,184.0
106496,value_loss,0.0031142530497163534
106496,policy_loss,0.003677038475871086
106496,approx_kl,0.0062813106924295425
106496,clipfrac,0.0642578125
106496,explained_variance,0.943600457161665
106496,sps,552.0
106496,kl_beta,1.0
106563,episodic_return,439.3687786084918
106563,episodic_length,207.0
106761,episodic_return,402.0091771672495
106761,episodic_length,197.0
106980,episodic_return,456.9530201599394
106980,episodic_length,218.0
107188,episodic_return,443.1963405954421
107188,episodic_length,207.0
107423,episodic_return,465.3860362212855
107423,episodic_length,234.0
107608,episodic_return,397.08229327389006
107608,episodic_length,184.0
107877,episodic_return,474.3371273464618
107877,episodic_length,268.0
108065,episodic_return,373.51399378826295
108065,episodic_length,187.0
108249,episodic_return,409.2565582882167
108249,episodic_length,183.0
108419,episodic_return,368.9306198894853
108419,episodic_length,169.0
108544,value_loss,0.002398058073595166
108544,policy_loss,-0.041735295206308365
108544,approx_kl,0.019231624901294708
108544,clipfrac,0.15341796875
108544,explained_variance,0.941410269588232
108544,sps,552.0
108544,kl_beta,2.0
108683,episodic_return,468.9186477572631
108683,episodic_length,263.0
108834,episodic_return,365.7186078364285
108834,episodic_length,150.0
109050,episodic_return,477.2840834392544
109050,episodic_length,215.0
109234,episodic_return,408.0982607695343
109234,episodic_length,183.0
109435,episodic_return,415.9081786666114
109435,episodic_length,200.0
109637,episodic_return,397.49908026858407
109637,episodic_length,201.0
109872,episodic_return,465.89004805709817
109872,episodic_length,234.0
110040,episodic_return,396.9477484745621
110040,episodic_length,167.0
110235,episodic_return,426.3708870631925
110235,episodic_length,194.0
110463,episodic_return,517.3311370895534
110463,episodic_length,227.0
110592,value_loss,0.0035805238876491785
110592,policy_loss,-0.029383784160017967
110592,approx_kl,0.010440460406243801
110592,clipfrac,0.080224609375
110592,explained_variance,0.9474849477410316
110592,sps,553.0
110592,kl_beta,2.0
110619,episodic_return,358.15413916008424
110619,episodic_length,155.0
110760,episodic_return,290.3848432112819
110760,episodic_length,140.0
110931,episodic_return,375.1590739773793
110931,episodic_length,170.0
111081,episodic_return,286.80725651974404
111081,episodic_length,149.0
111256,episodic_return,375.596487878966
111256,episodic_length,174.0
111435,episodic_return,422.92673901402225
111435,episodic_length,178.0
111646,episodic_return,449.8019666510343
111646,episodic_length,210.0
111873,episodic_return,460.7031049583344
111873,episodic_length,226.0
112071,episodic_return,379.3143399678162
112071,episodic_length,197.0
112277,episodic_return,464.5170304820051
112277,episodic_length,205.0
112432,episodic_return,349.6021684631749
112432,episodic_length,154.0
112593,episodic_return,336.27909131698215
112593,episodic_length,160.0
112640,value_loss,0.00462042260915041
112640,policy_loss,-0.0034485161304473877
112640,approx_kl,0.006887840107083321
112640,clipfrac,0.0763671875
112640,explained_variance,0.935213528573513
112640,sps,554.0
112640,kl_beta,2.0
112813,episodic_return,489.5586525632699
112813,episodic_length,219.0
113005,episodic_return,405.7711828140542
113005,episodic_length,191.0
113199,episodic_return,464.9214489550881
113199,episodic_length,193.0
113359,episodic_return,366.9947034943622
113359,episodic_length,159.0
113564,episodic_return,492.41189443013354
113564,episodic_length,204.0
113760,episodic_return,449.2481111080029
113760,episodic_length,195.0
113998,episodic_return,557.4337693081306
113998,episodic_length,237.0
114211,episodic_return,455.5486433722021
114211,episodic_length,212.0
114333,episodic_return,271.7953315332939
114333,episodic_length,121.0
114550,episodic_return,467.4284946191663
114550,episodic_length,216.0
114688,value_loss,0.004714985378086567
114688,policy_loss,-0.03559260070323944
114688,approx_kl,0.00975495483726263
114688,clipfrac,0.072314453125
114688,explained_variance,0.9268311336636543
114688,sps,554.0
114688,kl_beta,2.0
114734,episodic_return,371.95400435508697
114734,episodic_length,183.0
114908,episodic_return,322.12947791818533
114908,episodic_length,173.0
115121,episodic_return,437.2218598640016
115121,episodic_length,212.0
115301,episodic_return,464.9641261375696
115301,episodic_length,179.0
115517,episodic_return,497.2145751831655
115517,episodic_length,215.0
115692,episodic_return,391.3997430193819
115692,episodic_length,174.0
115908,episodic_return,466.23452690788014
115908,episodic_length,215.0
116106,episodic_return,437.74565140060724
116106,episodic_length,197.0
116276,episodic_return,378.4372392061089
116276,episodic_length,169.0
116541,episodic_return,490.94811709504097
116541,episodic_length,264.0
116691,episodic_return,369.19300967596325
116691,episodic_length,149.0
116736,value_loss,0.02744838409125805
116736,policy_loss,-0.013465967029333115
116736,approx_kl,0.011721925809979439
116736,clipfrac,0.081298828125
116736,explained_variance,0.919068917632103
116736,sps,554.0
116736,kl_beta,2.0
116904,episodic_return,456.52012026829686
116904,episodic_length,212.0
117103,episodic_return,443.18432080308037
117103,episodic_length,198.0
117284,episodic_return,351.9577500131663
117284,episodic_length,180.0
117483,episodic_return,444.927135164678
117483,episodic_length,198.0
117648,episodic_return,368.0912521398576
117648,episodic_length,164.0
117860,episodic_return,474.53139943874163
117860,episodic_length,211.0
118052,episodic_return,405.66933641058495
118052,episodic_length,191.0
118268,episodic_return,453.38043146231354
118268,episodic_length,215.0
118450,episodic_return,416.9532706517445
118450,episodic_length,181.0
118659,episodic_return,444.1073861977675
118659,episodic_length,208.0
118784,value_loss,0.02967069298028946
118784,policy_loss,-0.0846104621887207
118784,approx_kl,0.011600053869187832
118784,clipfrac,0.07041015625
118784,explained_variance,0.9432738870382309
118784,sps,554.0
118784,kl_beta,2.0
118840,episodic_return,388.16469430062097
118840,episodic_length,180.0
119041,episodic_return,437.5689732437976
119041,episodic_length,200.0
119200,episodic_return,393.51679758527376
119200,episodic_length,158.0
119403,episodic_return,418.2532995758298
119403,episodic_length,202.0
119586,episodic_return,416.3118570410598
119586,episodic_length,182.0
119750,episodic_return,367.65952133145095
119750,episodic_length,163.0
119981,episodic_return,456.7973444697463
119981,episodic_length,230.0
120165,episodic_return,433.0242594135806
120165,episodic_length,183.0
120363,episodic_return,434.5454247086911
120363,episodic_length,197.0
120519,episodic_return,337.5747551419711
120519,episodic_length,155.0
120733,episodic_return,436.83180187721507
120733,episodic_length,213.0
120832,value_loss,0.0023700115270912647
120832,policy_loss,-0.032200440764427185
120832,approx_kl,0.006556820124387741
120832,clipfrac,0.087353515625
120832,explained_variance,0.9612842053174973
120832,sps,555.0
120832,kl_beta,1.0
120881,episodic_return,316.1525472151759
120881,episodic_length,147.0
121033,episodic_return,327.73116046844285
121033,episodic_length,151.0
121240,episodic_return,497.0120193127187
121240,episodic_length,206.0
121419,episodic_return,473.23685896530367
121419,episodic_length,178.0
121692,episodic_return,522.5125561803554
121692,episodic_length,272.0
121852,episodic_return,364.7630100365827
121852,episodic_length,159.0
122032,episodic_return,392.96169582924017
122032,episodic_length,179.0
122224,episodic_return,430.11949968652925
122224,episodic_length,191.0
122440,episodic_return,431.09815448497926
122440,episodic_length,215.0
122614,episodic_return,372.32560473850634
122614,episodic_length,173.0
122807,episodic_return,456.82547245808695
122807,episodic_length,192.0
122880,value_loss,0.049588851630687714
122880,policy_loss,-0.0746011734008789
122880,approx_kl,0.028838057070970535
122880,clipfrac,0.16875
122880,explained_variance,0.9324989318847656
122880,sps,556.0
122880,kl_beta,2.0
122968,episodic_return,367.8219477206816
122968,episodic_length,160.0
123167,episodic_return,416.2445142316146
123167,episodic_length,198.0
123349,episodic_return,410.6262805417389
123349,episodic_length,181.0
123602,episodic_return,461.87480814602384
123602,episodic_length,252.0
123819,episodic_return,485.86186344566823
123819,episodic_length,216.0
123944,episodic_return,277.0357409571706
123944,episodic_length,124.0
124114,episodic_return,391.50911382448635
124114,episodic_length,169.0
124314,episodic_return,452.8987646444106
124314,episodic_length,199.0
124571,episodic_return,507.35972164060246
124571,episodic_length,256.0
124818,episodic_return,591.2358856732834
124818,episodic_length,246.0
124928,value_loss,0.003912171348929405
124928,policy_loss,-0.00015846453607082367
124928,approx_kl,0.006553975865244865
124928,clipfrac,0.065966796875
124928,explained_variance,0.943247314542532
124928,sps,556.0
124928,kl_beta,1.0
125000,episodic_return,416.0531619442565
125000,episodic_length,181.0
125157,episodic_return,356.2740764725565
125157,episodic_length,156.0
125363,episodic_return,498.8331477139034
125363,episodic_length,205.0
125583,episodic_return,457.2987449203042
125583,episodic_length,219.0
125789,episodic_return,440.2616675367475
125789,episodic_length,205.0
126012,episodic_return,432.4690446067058
126012,episodic_length,222.0
126168,episodic_return,377.93127017611897
126168,episodic_length,155.0
126354,episodic_return,414.9223623047482
126354,episodic_length,185.0
126537,episodic_return,391.9192843769295
126537,episodic_length,182.0
126726,episodic_return,413.768011938063
126726,episodic_length,188.0
126912,episodic_return,417.01017582102395
126912,episodic_length,185.0
126976,value_loss,0.010895861312747002
126976,policy_loss,-0.05207837000489235
126976,approx_kl,0.032887641340494156
126976,clipfrac,0.136474609375
126976,explained_variance,0.9502831436693668
126976,sps,557.0
126976,kl_beta,2.0
127132,episodic_return,486.13623942706033
127132,episodic_length,219.0
127333,episodic_return,478.37701012326414
127333,episodic_length,200.0
127541,episodic_return,461.74138014037675
127541,episodic_length,207.0
127678,episodic_return,295.0274998633527
127678,episodic_length,136.0
127852,episodic_return,417.66385701475264
127852,episodic_length,173.0
128040,episodic_return,416.6122592760255
128040,episodic_length,187.0
128237,episodic_return,426.8391351558687
128237,episodic_length,196.0
128460,episodic_return,456.95019753882013
128460,episodic_length,222.0
128678,episodic_return,455.0494201439446
128678,episodic_length,217.0
128859,episodic_return,410.16572211437096
128859,episodic_length,180.0
129024,value_loss,0.00608499301597476
129024,policy_loss,-0.06119801104068756
129024,approx_kl,0.014072611927986145
129024,clipfrac,0.067822265625
129024,explained_variance,0.9492891021072865
129024,sps,557.0
129024,kl_beta,2.0
129083,episodic_return,473.53533720770935
129083,episodic_length,223.0
129252,episodic_return,401.0687599106213
129252,episodic_length,168.0
129438,episodic_return,457.28882459659025
129438,episodic_length,185.0
129591,episodic_return,344.7852993324223
129591,episodic_length,152.0
129814,episodic_return,578.268851621015
129814,episodic_length,222.0
130013,episodic_return,483.75832568234586
130013,episodic_length,198.0
130193,episodic_return,371.20659349195034
130193,episodic_length,179.0
130395,episodic_return,437.4796449306386
130395,episodic_length,201.0
130557,episodic_return,351.91506467902883
130557,episodic_length,161.0
130733,episodic_return,406.03962534380616
130733,episodic_length,175.0
130959,episodic_return,445.2727167982291
130959,episodic_length,225.0
131072,value_loss,0.004298544023185968
131072,policy_loss,-0.03512383997440338
131072,approx_kl,0.00523041095584631
131072,clipfrac,0.06494140625
131072,explained_variance,0.9317662641406059
131072,sps,556.0
131072,kl_beta,1.0
131142,episodic_return,443.6202842527568
131142,episodic_length,182.0
131360,episodic_return,442.2834344079179
131360,episodic_length,217.0
131530,episodic_return,354.1222878830787
131530,episodic_length,169.0
131763,episodic_return,514.4925523111588
131763,episodic_length,232.0
131967,episodic_return,480.1046436715862
131967,episodic_length,203.0
132141,episodic_return,392.70078463866173
132141,episodic_length,173.0
132371,episodic_return,574.4337998155653
132371,episodic_length,229.0
132633,episodic_return,540.2731307239127
132633,episodic_length,261.0
132816,episodic_return,426.6721434448043
132816,episodic_length,182.0
133037,episodic_return,524.585818166364
133037,episodic_length,220.0
133120,value_loss,0.00572187639772892
133120,policy_loss,-0.0408133901655674
133120,approx_kl,0.012711234390735626
133120,clipfrac,0.172705078125
133120,explained_variance,0.937025673687458
133120,sps,556.0
133120,kl_beta,1.0
133249,episodic_return,453.74532757440227
133249,episodic_length,211.0
133477,episodic_return,450.61382513897604
133477,episodic_length,227.0
133634,episodic_return,333.6187591468779
133634,episodic_length,156.0
133845,episodic_return,511.7448437999682
133845,episodic_length,210.0
134002,episodic_return,361.4843519038579
134002,episodic_length,156.0
134176,episodic_return,410.4685812661799
134176,episodic_length,173.0
134432,episodic_return,642.637314074949
134432,episodic_length,255.0
134646,episodic_return,527.0993356272353
134646,episodic_length,213.0
134847,episodic_return,416.86237568270286
134847,episodic_length,200.0
135085,episodic_return,544.7567333270913
135085,episodic_length,237.0
135168,value_loss,0.007266445085406303
135168,policy_loss,-0.06525122374296188
135168,approx_kl,0.027311278507113457
135168,clipfrac,0.17734375
135168,explained_variance,0.9339497238397598
135168,sps,557.0
135168,kl_beta,2.0
135308,episodic_return,544.9652772825814
135308,episodic_length,222.0
135507,episodic_return,503.72513150863153
135507,episodic_length,198.0
135701,episodic_return,508.97251558200566
135701,episodic_length,193.0
135918,episodic_return,454.3030310681807
135918,episodic_length,216.0
136091,episodic_return,432.7968241048792
136091,episodic_length,172.0
136287,episodic_return,413.24040787384325
136287,episodic_length,195.0
136468,episodic_return,428.2979274042476
136468,episodic_length,180.0
136687,episodic_return,478.43875847629295
136687,episodic_length,218.0
136850,episodic_return,371.7791428804561
136850,episodic_length,162.0
137017,episodic_return,367.46580951050754
137017,episodic_length,166.0
137192,episodic_return,433.5665737052136
137192,episodic_length,174.0
137216,value_loss,0.009272083640098572
137216,policy_loss,-0.01613798923790455
137216,approx_kl,0.01003300677984953
137216,clipfrac,0.074267578125
137216,explained_variance,0.9327526986598969
137216,sps,557.0
137216,kl_beta,2.0
137355,episodic_return,377.4703141539971
137355,episodic_length,162.0
137581,episodic_return,499.9175718201536
137581,episodic_length,225.0
137836,episodic_return,646.8819483091668
137836,episodic_length,254.0
138029,episodic_return,468.12831439064297
138029,episodic_length,192.0
138225,episodic_return,432.79379195550166
138225,episodic_length,195.0
138415,episodic_return,446.6234857423931
138415,episodic_length,189.0
138579,episodic_return,419.9239658238539
138579,episodic_length,163.0
138807,episodic_return,454.247449844419
138807,episodic_length,227.0
139003,episodic_return,447.74497582280594
139003,episodic_length,195.0
139216,episodic_return,500.8687766168723
139216,episodic_length,212.0
139264,value_loss,0.00852878950536251
139264,policy_loss,-0.04179207235574722
139264,approx_kl,0.007090619765222073
139264,clipfrac,0.062060546875
139264,explained_variance,0.9415735714137554
139264,sps,558.0
139264,kl_beta,2.0
139439,episodic_return,464.07344536039534
139439,episodic_length,222.0
139693,episodic_return,499.274564277112
139693,episodic_length,253.0
139864,episodic_return,407.61816936590196
139864,episodic_length,170.0
140035,episodic_return,429.1394818153064
140035,episodic_length,170.0
140212,episodic_return,399.7938090363878
140212,episodic_length,176.0
140356,episodic_return,308.44558800024737
140356,episodic_length,143.0
140592,episodic_return,579.3542598377976
140592,episodic_length,235.0
140718,episodic_return,298.835045122005
140718,episodic_length,125.0
140904,episodic_return,427.0030315206411
140904,episodic_length,185.0
141116,episodic_return,563.8546443534349
141116,episodic_length,211.0
141290,episodic_return,387.66038147165597
141290,episodic_length,173.0
141312,value_loss,0.017596688121557236
141312,policy_loss,-0.060217421501874924
141312,approx_kl,0.012687472626566887
141312,clipfrac,0.092431640625
141312,explained_variance,0.9286699071526527
141312,sps,558.0
141312,kl_beta,2.0
141471,episodic_return,433.5088924212722
141471,episodic_length,180.0
141651,episodic_return,458.93068748388004
141651,episodic_length,179.0
141871,episodic_return,456.39247688965946
141871,episodic_length,219.0
142081,episodic_return,504.26212311101204
142081,episodic_length,209.0
142275,episodic_return,448.7875178747581
142275,episodic_length,193.0
142465,episodic_return,429.4744428449737
142465,episodic_length,189.0
142665,episodic_return,501.2559872202942
142665,episodic_length,199.0
142850,episodic_return,482.255988092038
142850,episodic_length,184.0
143091,episodic_return,496.5140142640474
143091,episodic_length,240.0
143276,episodic_return,394.8903524351002
143276,episodic_length,184.0
143360,value_loss,0.0064528281800448895
143360,policy_loss,-0.011427266523241997
143360,approx_kl,0.012257163412868977
143360,clipfrac,0.0654296875
143360,explained_variance,0.9294364228844643
143360,sps,559.0
143360,kl_beta,2.0
143612,episodic_return,646.2238203913157
143612,episodic_length,335.0
143827,episodic_return,499.3006298714113
143827,episodic_length,214.0
144057,episodic_return,546.658300168648
144057,episodic_length,229.0
144305,episodic_return,638.5386278870134
144305,episodic_length,247.0
144499,episodic_return,473.86069312183037
144499,episodic_length,193.0
144693,episodic_return,453.639731495258
144693,episodic_length,193.0
144878,episodic_return,442.8225688752791
144878,episodic_length,184.0
145116,episodic_return,498.37151955383376
145116,episodic_length,237.0
145335,episodic_return,397.11028666477466
145335,episodic_length,218.0
145408,value_loss,0.04267352074384689
145408,policy_loss,-0.22170570492744446
145408,approx_kl,0.034406617283821106
145408,clipfrac,0.07978515625
145408,explained_variance,0.920884907245636
145408,sps,559.0
145408,kl_beta,4.0
145475,episodic_return,377.1039602161869
145475,episodic_length,139.0
145697,episodic_return,555.3020826707371
145697,episodic_length,221.0
145896,episodic_return,486.2133111256482
145896,episodic_length,198.0
146142,episodic_return,620.8652829563391
146142,episodic_length,245.0
146366,episodic_return,523.8930474627571
146366,episodic_length,223.0
146618,episodic_return,595.1825705041581
146618,episodic_length,251.0
146832,episodic_return,535.9568607229364
146832,episodic_length,213.0
146993,episodic_return,376.2387669149321
146993,episodic_length,160.0
147217,episodic_return,491.76629894905835
147217,episodic_length,223.0
147425,episodic_return,550.9353830882459
147425,episodic_length,207.0
147456,value_loss,0.040125325322151184
147456,policy_loss,-0.045058928430080414
147456,approx_kl,0.005599776282906532
147456,clipfrac,0.02919921875
147456,explained_variance,0.9314818307757378
147456,sps,559.0
147456,kl_beta,2.0
147626,episodic_return,435.266036817566
147626,episodic_length,200.0
147917,episodic_return,624.7857789364507
147917,episodic_length,290.0
148089,episodic_return,396.55546558347305
148089,episodic_length,171.0
148274,episodic_return,438.6282969741095
148274,episodic_length,184.0
148435,episodic_return,423.74975844495896
148435,episodic_length,160.0
148625,episodic_return,363.7254281312405
148625,episodic_length,189.0
148837,episodic_return,582.4188296161005
148837,episodic_length,211.0
149042,episodic_return,480.80471886392917
149042,episodic_length,204.0
149219,episodic_return,394.0824137018268
149219,episodic_length,176.0
149378,episodic_return,319.2597207155504
149378,episodic_length,158.0
149504,value_loss,0.01527196355164051
149504,policy_loss,-0.0429222509264946
149504,approx_kl,0.006458365358412266
149504,clipfrac,0.086376953125
149504,explained_variance,0.9070426300168037
149504,sps,560.0
149504,kl_beta,1.0
149593,episodic_return,564.2625937714297
149593,episodic_length,214.0
149767,episodic_return,439.75615837350597
149767,episodic_length,173.0
149921,episodic_return,327.3580668075407
149921,episodic_length,153.0
150138,episodic_return,515.1357226961153
150138,episodic_length,216.0
150344,episodic_return,506.45901083255364
150344,episodic_length,205.0
150537,episodic_return,422.66502404740237
150537,episodic_length,192.0
150727,episodic_return,444.614482267853
150727,episodic_length,189.0
150933,episodic_return,548.4845120943089
150933,episodic_length,205.0
151167,episodic_return,575.376595659156
151167,episodic_length,233.0
151343,episodic_return,425.79891097506805
151343,episodic_length,175.0
151552,value_loss,0.04974445700645447
151552,policy_loss,-0.15995994210243225
151552,approx_kl,0.04074874892830849
151552,clipfrac,0.19580078125
151552,explained_variance,0.9271373674273491
151552,sps,560.0
151552,kl_beta,2.0
151612,episodic_return,517.8995781202008
151612,episodic_length,268.0
151806,episodic_return,524.7853602615113
151806,episodic_length,193.0
152000,episodic_return,520.7433748459546
152000,episodic_length,193.0
152217,episodic_return,567.2027795355842
152217,episodic_length,216.0
152392,episodic_return,413.0018784102857
152392,episodic_length,174.0
152539,episodic_return,358.36098188772917
152539,episodic_length,146.0
152713,episodic_return,397.3874641178902
152713,episodic_length,173.0
152939,episodic_return,606.2535815644611
152939,episodic_length,225.0
153139,episodic_return,462.0222589534867
153139,episodic_length,199.0
153351,episodic_return,488.69764935401844
153351,episodic_length,211.0
153561,episodic_return,509.17050086780887
153561,episodic_length,209.0
153600,value_loss,0.008997280150651932
153600,policy_loss,-0.06724594533443451
153600,approx_kl,0.015094248577952385
153600,clipfrac,0.087939453125
153600,explained_variance,0.9305030107498169
153600,sps,561.0
153600,kl_beta,4.0
153792,episodic_return,523.1026430332691
153792,episodic_length,230.0
153971,episodic_return,407.266459281365
153971,episodic_length,178.0
154162,episodic_return,459.7609014053325
154162,episodic_length,190.0
154359,episodic_return,438.4254268588351
154359,episodic_length,196.0
154558,episodic_return,484.11076685818375
154558,episodic_length,198.0
154796,episodic_return,601.81127570861
154796,episodic_length,237.0
155033,episodic_return,621.7429717592527
155033,episodic_length,236.0
155211,episodic_return,401.08615646587793
155211,episodic_length,177.0
155441,episodic_return,578.5187362823267
155441,episodic_length,229.0
155597,episodic_return,283.52704295749015
155597,episodic_length,155.0
155648,value_loss,0.027624256908893585
155648,policy_loss,-0.011819124221801758
155648,approx_kl,0.00562596321105957
155648,clipfrac,0.0296875
155648,explained_variance,0.9058950766921043
155648,sps,561.0
155648,kl_beta,2.0
155820,episodic_return,549.511475279054
155820,episodic_length,222.0
156016,episodic_return,450.4646240311134
156016,episodic_length,195.0
156264,episodic_return,558.5930930692267
156264,episodic_length,247.0
156470,episodic_return,495.71715418674836
156470,episodic_length,205.0
156691,episodic_return,503.50522550593166
156691,episodic_length,220.0
156858,episodic_return,424.9618471928234
156858,episodic_length,166.0
157111,episodic_return,633.5928967228814
157111,episodic_length,252.0
157278,episodic_return,404.53808759238007
157278,episodic_length,166.0
157470,episodic_return,467.5285201305129
157470,episodic_length,191.0
157658,episodic_return,444.28040715467387
157658,episodic_length,187.0
157696,value_loss,0.0035527395084500313
157696,policy_loss,-0.06802142411470413
157696,approx_kl,0.011681639589369297
157696,clipfrac,0.081982421875
157696,explained_variance,0.9392733797430992
157696,sps,560.0
157696,kl_beta,2.0
157849,episodic_return,434.09295734677323
157849,episodic_length,190.0
158050,episodic_return,387.6379427100028
158050,episodic_length,200.0
158234,episodic_return,467.11509731764727
158234,episodic_length,183.0
158486,episodic_return,693.207367743421
158486,episodic_length,251.0
158705,episodic_return,503.54082803784996
158705,episodic_length,218.0
158927,episodic_return,436.8631531328232
158927,episodic_length,221.0
159100,episodic_return,398.5602444263535
159100,episodic_length,172.0
159286,episodic_return,418.38571159519825
159286,episodic_length,185.0
159584,episodic_return,731.5216091188422
159584,episodic_length,297.0
159744,value_loss,0.017631353810429573
159744,policy_loss,-0.0213773250579834
159744,approx_kl,0.014785563573241234
159744,clipfrac,0.090771484375
159744,explained_variance,0.927435077726841
159744,sps,561.0
159744,kl_beta,2.0
159745,episodic_return,402.9264614927121
159745,episodic_length,160.0
159837,episodic_return,188.6062336734751
159837,episodic_length,91.0
159998,episodic_return,407.20657278641505
159998,episodic_length,160.0
160210,episodic_return,498.70508822663805
160210,episodic_length,211.0
160424,episodic_return,496.19207646015775
160424,episodic_length,213.0
160637,episodic_return,411.7215954843221
160637,episodic_length,212.0
160856,episodic_return,547.6309412782214
160856,episodic_length,218.0
161085,episodic_return,566.5454156411049
161085,episodic_length,228.0
161265,episodic_return,407.0546445816676
161265,episodic_length,179.0
161455,episodic_return,425.20658153726356
161455,episodic_length,189.0
161728,episodic_return,707.6463871528614
161728,episodic_length,272.0
161792,value_loss,0.01829686015844345
161792,policy_loss,-0.020785631611943245
161792,approx_kl,0.0066076526418328285
161792,clipfrac,0.070703125
161792,explained_variance,0.9240553230047226
161792,sps,560.0
161792,kl_beta,1.0
161946,episodic_return,497.4919553707075
161946,episodic_length,217.0
162245,episodic_return,731.2050945500195
162245,episodic_length,298.0
162440,episodic_return,520.844474618192
162440,episodic_length,194.0
162652,episodic_return,523.081858189675
162652,episodic_length,211.0
162846,episodic_return,432.58940917389356
162846,episodic_length,193.0
163138,episodic_return,657.6408182463532
163138,episodic_length,291.0
163326,episodic_return,371.8987980130795
163326,episodic_length,187.0
163532,episodic_return,431.5318138034456
163532,episodic_length,205.0
163766,episodic_return,592.8829931850668
163766,episodic_length,233.0
163840,value_loss,0.012251971289515495
163840,policy_loss,-0.05195872113108635
163840,approx_kl,0.02125782147049904
163840,clipfrac,0.188330078125
163840,explained_variance,0.9204318821430206
163840,sps,560.0
163840,kl_beta,2.0
164183,episodic_return,829.983808669861
164183,episodic_length,416.0
164471,episodic_return,735.8212341779604
164471,episodic_length,287.0
164655,episodic_return,469.63621540792514
164655,episodic_length,183.0
164856,episodic_return,499.2930499543363
164856,episodic_length,200.0
165054,episodic_return,429.0930744211587
165054,episodic_length,197.0
165266,episodic_return,547.725928177923
165266,episodic_length,211.0
165521,episodic_return,646.6257158333705
165521,episodic_length,254.0
165822,episodic_return,877.5563517198284
165822,episodic_length,300.0
165888,value_loss,0.03608987480401993
165888,policy_loss,-0.10742682963609695
165888,approx_kl,0.014550473541021347
165888,clipfrac,0.081396484375
165888,explained_variance,0.9287321716547012
165888,sps,560.0
165888,kl_beta,2.0
166023,episodic_return,446.3125118161002
166023,episodic_length,200.0
166264,episodic_return,681.9104387218024
166264,episodic_length,240.0
166468,episodic_return,460.98651662068164
166468,episodic_length,203.0
166641,episodic_return,417.6243992447361
166641,episodic_length,172.0
166824,episodic_return,476.14997538469026
166824,episodic_length,182.0
167023,episodic_return,442.53590199581646
167023,episodic_length,198.0
167163,episodic_return,316.11479679314476
167163,episodic_length,139.0
167422,episodic_return,621.902452481518
167422,episodic_length,258.0
167607,episodic_return,450.5123842527879
167607,episodic_length,184.0
167814,episodic_return,434.1055745565909
167814,episodic_length,206.0
167936,value_loss,0.0114747891202569
167936,policy_loss,-0.025019001215696335
167936,approx_kl,0.01003270223736763
167936,clipfrac,0.072119140625
167936,explained_variance,0.9138979315757751
167936,sps,560.0
167936,kl_beta,2.0
168115,episodic_return,814.9074162438876
168115,episodic_length,300.0
168360,episodic_return,539.612383467821
168360,episodic_length,244.0
168567,episodic_return,529.0043266687804
168567,episodic_length,206.0
168764,episodic_return,434.6418017001622
168764,episodic_length,196.0
168945,episodic_return,463.00976488026146
168945,episodic_length,180.0
169122,episodic_return,453.70249175666066
169122,episodic_length,176.0
169442,episodic_return,760.2943088253908
169442,episodic_length,319.0
169666,episodic_return,536.7427158988163
169666,episodic_length,223.0
169913,episodic_return,503.92474006209954
169913,episodic_length,246.0
169984,value_loss,0.029550641775131226
169984,policy_loss,-0.10852714627981186
169984,approx_kl,0.0137008773162961
169984,clipfrac,0.0787109375
169984,explained_variance,0.9426589980721474
169984,sps,559.0
169984,kl_beta,2.0
170167,episodic_return,683.146913574033
170167,episodic_length,253.0
170371,episodic_return,477.1577801579038
170371,episodic_length,203.0
170616,episodic_return,643.1602765534784
170616,episodic_length,244.0
170895,episodic_return,649.0051817461017
170895,episodic_length,278.0
171132,episodic_return,611.623063556135
171132,episodic_length,236.0
171323,episodic_return,481.7125127920882
171323,episodic_length,190.0
171596,episodic_return,696.0227950150787
171596,episodic_length,272.0
172032,value_loss,0.009192444384098053
172032,policy_loss,-0.03463160991668701
172032,approx_kl,0.011815492995083332
172032,clipfrac,0.091259765625
172032,explained_variance,0.9378944113850594
172032,sps,559.0
172032,kl_beta,2.0
172251,episodic_return,1109.8366194386592
172251,episodic_length,654.0
172377,episodic_return,281.69590840110504
172377,episodic_length,125.0
172619,episodic_return,547.1474869639721
172619,episodic_length,241.0
172827,episodic_return,559.3013318666191
172827,episodic_length,207.0
173006,episodic_return,411.26893911116537
173006,episodic_length,178.0
173205,episodic_return,468.0305133079678
173205,episodic_length,198.0
173354,episodic_return,326.3920730860677
173354,episodic_length,148.0
173655,episodic_return,805.1888539867945
173655,episodic_length,300.0
173853,episodic_return,495.0545970725384
173853,episodic_length,197.0
174080,value_loss,0.01580207794904709
174080,policy_loss,-0.03724915534257889
174080,approx_kl,0.015239923261106014
174080,clipfrac,0.120361328125
174080,explained_variance,0.927599161863327
174080,sps,559.0
174080,kl_beta,4.0
174152,episodic_return,834.6771817460115
174152,episodic_length,298.0
174391,episodic_return,636.2804324074782
174391,episodic_length,238.0
174636,episodic_return,660.068815312689
174636,episodic_length,244.0
174840,episodic_return,509.6179772674276
174840,episodic_length,203.0
175062,episodic_return,569.0183876966842
175062,episodic_length,221.0
175319,episodic_return,670.3673091440915
175319,episodic_length,256.0
175612,episodic_return,775.8968259646515
175612,episodic_length,292.0
175885,episodic_return,673.3840806753558
175885,episodic_length,272.0
176067,episodic_return,432.48738568108405
176067,episodic_length,181.0
176128,value_loss,0.02920232154428959
176128,policy_loss,-0.009173061698675156
176128,approx_kl,0.006242801435291767
176128,clipfrac,0.03974609375
176128,explained_variance,0.9320289790630341
176128,sps,559.0
176128,kl_beta,2.0
176356,episodic_return,735.6247007778499
176356,episodic_length,288.0
176587,episodic_return,606.4598423960601
176587,episodic_length,230.0
176874,episodic_return,828.2021143866239
176874,episodic_length,286.0
177082,episodic_return,564.0183773572084
177082,episodic_length,207.0
177356,episodic_return,661.9345024510985
177356,episodic_length,273.0
177521,episodic_return,444.19157364775236
177521,episodic_length,164.0
177708,episodic_return,454.0718570060392
177708,episodic_length,186.0
177947,episodic_return,515.062085926562
177947,episodic_length,238.0
178149,episodic_return,456.77338405935535
178149,episodic_length,201.0
178176,value_loss,0.00844451691955328
178176,policy_loss,-0.026559732854366302
178176,approx_kl,0.008426021784543991
178176,clipfrac,0.08974609375
178176,explained_variance,0.936527393758297
178176,sps,559.0
178176,kl_beta,2.0
178399,episodic_return,656.675584965865
178399,episodic_length,249.0
178661,episodic_return,623.948848295432
178661,episodic_length,261.0
178872,episodic_return,538.9942153743496
178872,episodic_length,210.0
179133,episodic_return,785.415189887472
179133,episodic_length,260.0
179330,episodic_return,492.4391357747217
179330,episodic_length,196.0
179554,episodic_return,623.2534757666286
179554,episodic_length,223.0
179810,episodic_return,692.0273917976587
179810,episodic_length,255.0
180067,episodic_return,717.3764261706771
180067,episodic_length,256.0
180224,value_loss,0.006872628815472126
180224,policy_loss,-0.025134608149528503
180224,approx_kl,0.012214019894599915
180224,clipfrac,0.104052734375
180224,explained_variance,0.9476996436715126
180224,sps,558.0
180224,kl_beta,2.0
180304,episodic_return,603.7969725769739
180304,episodic_length,236.0
180492,episodic_return,466.8021800648551
180492,episodic_length,187.0
180805,episodic_return,777.0069057258154
180805,episodic_length,312.0
180994,episodic_return,536.2886068532824
180994,episodic_length,188.0
181214,episodic_return,631.6278037635291
181214,episodic_length,219.0
181427,episodic_return,629.4675617934234
181427,episodic_length,212.0
181630,episodic_return,536.9288782930614
181630,episodic_length,202.0
181906,episodic_return,754.6576284051591
181906,episodic_length,275.0
182147,episodic_return,598.6068845915969
182147,episodic_length,240.0
182272,value_loss,0.02526966854929924
182272,policy_loss,-0.14050710201263428
182272,approx_kl,0.020727751776576042
182272,clipfrac,0.102880859375
182272,explained_variance,0.9515083394944668
182272,sps,558.0
182272,kl_beta,4.0
182365,episodic_return,581.8989767989962
182365,episodic_length,217.0
182631,episodic_return,774.3591471229279
182631,episodic_length,265.0
182896,episodic_return,678.8356243204419
182896,episodic_length,264.0
183159,episodic_return,685.6998806630529
183159,episodic_length,262.0
183407,episodic_return,604.5217260062254
183407,episodic_length,247.0
183657,episodic_return,649.2306151334031
183657,episodic_length,249.0
183909,episodic_return,636.4350279440846
183909,episodic_length,251.0
184116,episodic_return,444.0984483481558
184116,episodic_length,206.0
184315,episodic_return,539.9616762975212
184315,episodic_length,198.0
184320,value_loss,0.041869595646858215
184320,policy_loss,-0.03454741835594177
184320,approx_kl,0.006798319518566132
184320,clipfrac,0.02373046875
184320,explained_variance,0.9421079121530056
184320,sps,558.0
184320,kl_beta,4.0
184534,episodic_return,552.1075972649394
184534,episodic_length,218.0
184752,episodic_return,503.1861158384188
184752,episodic_length,217.0
185028,episodic_return,844.8488349941538
185028,episodic_length,275.0
185317,episodic_return,731.5162528361656
185317,episodic_length,288.0
185550,episodic_return,640.0162820728178
185550,episodic_length,232.0
185801,episodic_return,642.2693479414952
185801,episodic_length,250.0
185979,episodic_return,462.42594845352176
185979,episodic_length,177.0
186205,episodic_return,616.8203005286585
186205,episodic_length,225.0
186368,value_loss,0.009052551351487637
186368,policy_loss,-0.03230666369199753
186368,approx_kl,0.007318878546357155
186368,clipfrac,0.029150390625
186368,explained_variance,0.953002355992794
186368,sps,557.0
186368,kl_beta,4.0
186464,episodic_return,631.0539320448527
186464,episodic_length,258.0
186749,episodic_return,746.8488495778216
186749,episodic_length,284.0
186954,episodic_return,523.2866878879014
186954,episodic_length,204.0
187124,episodic_return,366.9204426367464
187124,episodic_length,169.0
187384,episodic_return,777.1246881902042
187384,episodic_length,259.0
187508,episodic_return,297.8419074271859
187508,episodic_length,123.0
187740,episodic_return,654.3099302227628
187740,episodic_length,231.0
187966,episodic_return,645.1791708609613
187966,episodic_length,225.0
188190,episodic_return,606.6337218632787
188190,episodic_length,223.0
188385,episodic_return,490.74834194766623
188385,episodic_length,194.0
188416,value_loss,0.012471206486225128
188416,policy_loss,-0.014119606465101242
188416,approx_kl,0.003004138357937336
188416,clipfrac,0.029833984375
188416,explained_variance,0.9414154887199402
188416,sps,557.0
188416,kl_beta,2.0
188591,episodic_return,531.1029097418332
188591,episodic_length,205.0
188854,episodic_return,730.9839471249215
188854,episodic_length,262.0
189060,episodic_return,480.37447037321334
189060,episodic_length,205.0
189335,episodic_return,772.6841187504417
189335,episodic_length,274.0
189585,episodic_return,694.1541026740839
189585,episodic_length,249.0
189744,episodic_return,393.3684587893773
189744,episodic_length,158.0
189998,episodic_return,664.0000845307554
189998,episodic_length,253.0
190172,episodic_return,427.2511341194012
190172,episodic_length,173.0
190444,episodic_return,749.4909485866822
190444,episodic_length,271.0
190464,value_loss,0.012195105664432049
190464,policy_loss,-0.03192838653922081
190464,approx_kl,0.006560303270816803
190464,clipfrac,0.072509765625
190464,explained_variance,0.9249182194471359
190464,sps,557.0
190464,kl_beta,1.0
190824,episodic_return,714.6283433415944
190824,episodic_length,379.0
191008,episodic_return,457.7220982136872
191008,episodic_length,183.0
191182,episodic_return,463.5394027219372
191182,episodic_length,173.0
191422,episodic_return,697.6261272294269
191422,episodic_length,239.0
191657,episodic_return,615.7323912826588
191657,episodic_length,234.0
191807,episodic_return,429.71778145020204
191807,episodic_length,149.0
192056,episodic_return,737.2598476257168
192056,episodic_length,248.0
192278,episodic_return,629.7760526552356
192278,episodic_length,221.0
192512,value_loss,0.00677205715328455
192512,policy_loss,-0.03789819777011871
192512,approx_kl,0.020939169451594353
192512,clipfrac,0.2201171875
192512,explained_variance,0.9271721988916397
192512,sps,557.0
192512,kl_beta,2.0
192574,episodic_return,862.2953467095392
192574,episodic_length,295.0
192828,episodic_return,794.9158854337661
192828,episodic_length,253.0
193129,episodic_return,847.7992224513484
193129,episodic_length,300.0
193393,episodic_return,765.0597258707841
193393,episodic_length,263.0
193640,episodic_return,643.5402338079112
193640,episodic_length,246.0
193924,episodic_return,717.2949726109024
193924,episodic_length,283.0
194200,episodic_return,832.7464808805782
194200,episodic_length,275.0
194431,episodic_return,665.8088842208106
194431,episodic_length,230.0
194560,value_loss,0.011898829601705074
194560,policy_loss,-0.030864259228110313
194560,approx_kl,0.01032296847552061
194560,clipfrac,0.0845703125
194560,explained_variance,0.9534550085663795
194560,sps,557.0
194560,kl_beta,2.0
194706,episodic_return,804.2383707071407
194706,episodic_length,274.0
194999,episodic_return,797.9236430885085
194999,episodic_length,292.0
195205,episodic_return,554.4939353892595
195205,episodic_length,205.0
195517,episodic_return,852.2478410746872
195517,episodic_length,311.0
195749,episodic_return,640.1472742083333
195749,episodic_length,231.0
196003,episodic_return,700.4389402863782
196003,episodic_length,253.0
196355,episodic_return,1014.0677307644723
196355,episodic_length,351.0
196601,episodic_return,686.8520199762953
196601,episodic_length,245.0
196608,value_loss,0.02355988882482052
196608,policy_loss,-0.07687924802303314
196608,approx_kl,0.020656459033489227
196608,clipfrac,0.1103515625
196608,explained_variance,0.9574147425591946
196608,sps,558.0
196608,kl_beta,4.0
196893,episodic_return,893.5253177369973
196893,episodic_length,291.0
197120,episodic_return,595.644939789031
197120,episodic_length,226.0
197369,episodic_return,717.2013290810901
197369,episodic_length,248.0
197644,episodic_return,697.2477268956458
197644,episodic_length,274.0
197943,episodic_return,775.5833835660019
197943,episodic_length,298.0
198160,episodic_return,557.1070902481677
198160,episodic_length,216.0
198273,episodic_return,281.896510197463
198273,episodic_length,112.0
198528,episodic_return,770.3324835868796
198528,episodic_length,254.0
198656,value_loss,0.016281111165881157
198656,policy_loss,-0.09232570230960846
198656,approx_kl,0.008161087520420551
198656,clipfrac,0.02626953125
198656,explained_variance,0.9427996017038822
198656,sps,557.0
198656,kl_beta,4.0
198801,episodic_return,692.9992554220963
198801,episodic_length,272.0
199046,episodic_return,702.21321891737
199046,episodic_length,244.0
199371,episodic_return,920.7027040408358
199371,episodic_length,324.0
199619,episodic_return,692.7441394095252
199619,episodic_length,247.0
199896,episodic_return,811.2130674571137
199896,episodic_length,276.0
200187,episodic_return,825.629793795337
200187,episodic_length,290.0
200427,episodic_return,637.5035792285007
200427,episodic_length,239.0
200685,episodic_return,749.3077257397917
200685,episodic_length,257.0
200704,value_loss,0.0038712620735168457
200704,policy_loss,-0.01440400443971157
200704,approx_kl,0.004000409506261349
200704,clipfrac,0.03564453125
200704,explained_variance,0.9545422866940498
200704,sps,557.0
200704,kl_beta,2.0
200915,episodic_return,643.9118158332291
200915,episodic_length,229.0
201230,episodic_return,965.5076615405785
201230,episodic_length,314.0
201473,episodic_return,582.9990765845212
201473,episodic_length,242.0
201867,episodic_return,1151.2618420096385
201867,episodic_length,393.0
202157,episodic_return,865.9491888654633
202157,episodic_length,289.0
202451,episodic_return,871.6783548230563
202451,episodic_length,293.0
202716,episodic_return,682.5641610911088
202716,episodic_length,264.0
202752,value_loss,0.049112096428871155
202752,policy_loss,-0.08651665598154068
202752,approx_kl,0.017788615077733994
202752,clipfrac,0.109033203125
202752,explained_variance,0.9320730343461037
202752,sps,556.0
202752,kl_beta,4.0
203027,episodic_return,976.5123598885541
203027,episodic_length,310.0
203271,episodic_return,710.5232175395001
203271,episodic_length,243.0
203616,episodic_return,1005.514102465829
203616,episodic_length,344.0
203830,episodic_return,502.25788915145887
203830,episodic_length,213.0
204098,episodic_return,840.967753571289
204098,episodic_length,267.0
204397,episodic_return,851.5072774553269
204397,episodic_length,298.0
204703,episodic_return,802.2967899850233
204703,episodic_length,305.0
204800,value_loss,0.00805744156241417
204800,policy_loss,-0.03822190314531326
204800,approx_kl,0.004236151464283466
204800,clipfrac,0.027880859375
204800,explained_variance,0.9523265957832336
204800,sps,556.0
204800,kl_beta,2.0
204982,episodic_return,852.0383697566199
204982,episodic_length,278.0
205319,episodic_return,898.7376526663369
205319,episodic_length,336.0
205532,episodic_return,599.005990552753
205532,episodic_length,212.0
205820,episodic_return,738.0113141976748
205820,episodic_length,287.0
206067,episodic_return,657.5155455164114
206067,episodic_length,246.0
206374,episodic_return,856.262638017991
206374,episodic_length,306.0
206651,episodic_return,816.2749670729877
206651,episodic_length,276.0
206776,episodic_return,323.68341360911415
206776,episodic_length,124.0
206848,value_loss,0.00809559877961874
206848,policy_loss,-0.00846676155924797
206848,approx_kl,0.01423591747879982
206848,clipfrac,0.099365234375
206848,explained_variance,0.9489405080676079
206848,sps,555.0
206848,kl_beta,2.0
207054,episodic_return,775.6642519410764
207054,episodic_length,277.0
207295,episodic_return,684.1986010143979
207295,episodic_length,240.0
207566,episodic_return,783.2150114492149
207566,episodic_length,270.0
207832,episodic_return,586.6048001430912
207832,episodic_length,265.0
208086,episodic_return,704.32798712478
208086,episodic_length,253.0
208386,episodic_return,820.2631395572826
208386,episodic_length,299.0
208715,episodic_return,809.0093351788927
208715,episodic_length,328.0
208896,value_loss,0.011776577681303024
208896,policy_loss,-0.027019914239645004
208896,approx_kl,0.013282287865877151
208896,clipfrac,0.092724609375
208896,explained_variance,0.9449247978627682
208896,sps,556.0
208896,kl_beta,2.0
208947,episodic_return,625.7717967334664
208947,episodic_length,231.0
209194,episodic_return,723.2973543037784
209194,episodic_length,246.0
209520,episodic_return,981.6435380628564
209520,episodic_length,325.0
209772,episodic_return,769.6756736815317
209772,episodic_length,251.0
210002,episodic_return,669.2759778898378
210002,episodic_length,229.0
210287,episodic_return,724.5444969773806
210287,episodic_length,284.0
210434,episodic_return,409.29472080627784
210434,episodic_length,146.0
210752,episodic_return,943.8593541534974
210752,episodic_length,317.0
210944,value_loss,0.02066701278090477
210944,policy_loss,-0.110305055975914
210944,approx_kl,0.0179277416318655
210944,clipfrac,0.106689453125
210944,explained_variance,0.9528028182685375
210944,sps,556.0
210944,kl_beta,4.0
211074,episodic_return,940.7475581766433
211074,episodic_length,321.0
211291,episodic_return,531.3528870681882
211291,episodic_length,216.0
211582,episodic_return,802.5021292370315
211582,episodic_length,290.0
211883,episodic_return,773.7224338132797
211883,episodic_length,300.0
212081,episodic_return,566.5373189169029
212081,episodic_length,197.0
212416,episodic_return,940.1565211948875
212416,episodic_length,334.0
212658,episodic_return,673.3272900947228
212658,episodic_length,241.0
212990,episodic_return,1037.4394792257335
212990,episodic_length,331.0
212992,value_loss,0.011825032532215118
212992,policy_loss,-0.04608132317662239
212992,approx_kl,0.005934796296060085
212992,clipfrac,0.025537109375
212992,explained_variance,0.9533594474196434
212992,sps,556.0
212992,kl_beta,2.0
213264,episodic_return,771.2519756254965
213264,episodic_length,273.0
213447,episodic_return,512.9071303745067
213447,episodic_length,182.0
213714,episodic_return,697.6733028136655
213714,episodic_length,266.0
214003,episodic_return,684.6235259538681
214003,episodic_length,288.0
214263,episodic_return,765.3414099256377
214263,episodic_length,259.0
214568,episodic_return,902.6194606032492
214568,episodic_length,304.0
214865,episodic_return,871.0406878340668
214865,episodic_length,296.0
215040,value_loss,0.0072113871574401855
215040,policy_loss,-0.0791468545794487
215040,approx_kl,0.014255390502512455
215040,clipfrac,0.082421875
215040,explained_variance,0.9527253694832325
215040,sps,557.0
215040,kl_beta,2.0
215112,episodic_return,743.8069207475356
215112,episodic_length,246.0
215379,episodic_return,824.3217342053736
215379,episodic_length,266.0
215691,episodic_return,996.8410758883573
215691,episodic_length,311.0
216002,episodic_return,943.9228001727197
216002,episodic_length,310.0
216233,episodic_return,641.6366280999986
216233,episodic_length,230.0
216490,episodic_return,744.5432835732123
216490,episodic_length,256.0
216798,episodic_return,886.2376029584341
216798,episodic_length,307.0
217040,episodic_return,726.1538672013825
217040,episodic_length,241.0
217088,value_loss,0.00502003263682127
217088,policy_loss,-0.05957382172346115
217088,approx_kl,0.010515902191400528
217088,clipfrac,0.088671875
217088,explained_variance,0.9605048485100269
217088,sps,557.0
217088,kl_beta,2.0
217306,episodic_return,690.3963473366485
217306,episodic_length,265.0
217560,episodic_return,744.9778236822253
217560,episodic_length,253.0
217863,episodic_return,919.6158882489563
217863,episodic_length,302.0
218244,episodic_return,1209.4676035860857
218244,episodic_length,380.0
218590,episodic_return,988.6745516377072
218590,episodic_length,345.0
218826,episodic_return,678.7456912001428
218826,episodic_length,235.0
219136,value_loss,0.004969015717506409
219136,policy_loss,-0.023356182500720024
219136,approx_kl,0.005985458381474018
219136,clipfrac,0.06787109375
219136,explained_variance,0.9611799195408821
219136,sps,557.0
219136,kl_beta,1.0
219158,episodic_return,955.6589177092415
219158,episodic_length,331.0
219417,episodic_return,770.6822155921287
219417,episodic_length,258.0
219639,episodic_return,563.2171952457741
219639,episodic_length,221.0
219884,episodic_return,686.3578915445923
219884,episodic_length,244.0
220243,episodic_return,887.8458045932387
220243,episodic_length,358.0
220675,episodic_return,1362.6610127722843
220675,episodic_length,431.0
221027,episodic_return,1000.411012343451
221027,episodic_length,351.0
221184,value_loss,0.004488581791520119
221184,policy_loss,-0.0586237832903862
221184,approx_kl,0.04089399427175522
221184,clipfrac,0.20517578125
221184,explained_variance,0.9608182497322559
221184,sps,557.0
221184,kl_beta,2.0
221312,episodic_return,866.3831089956237
221312,episodic_length,284.0
221665,episodic_return,1037.0812862965195
221665,episodic_length,352.0
221943,episodic_return,834.9314651492246
221943,episodic_length,277.0
222232,episodic_return,654.6099293837466
222232,episodic_length,288.0
222483,episodic_return,737.6754415520429
222483,episodic_length,250.0
222830,episodic_return,985.561242204549
222830,episodic_length,346.0
223129,episodic_return,897.6077807031952
223129,episodic_length,298.0
223232,value_loss,0.008225113153457642
223232,policy_loss,-0.00807204656302929
223232,approx_kl,0.0062087541446089745
223232,clipfrac,0.07998046875
223232,explained_variance,0.9335011392831802
223232,sps,557.0
223232,kl_beta,1.0
223370,episodic_return,768.9475815438606
223370,episodic_length,240.0
223649,episodic_return,816.982353252296
223649,episodic_length,278.0
224002,episodic_return,1036.974312256483
224002,episodic_length,352.0
224270,episodic_return,725.7423194811428
224270,episodic_length,267.0
224697,episodic_return,1367.7840888704773
224697,episodic_length,426.0
224997,episodic_return,771.7317527885067
224997,episodic_length,299.0
225280,value_loss,0.01669245958328247
225280,policy_loss,-0.043798014521598816
225280,approx_kl,0.02687893994152546
225280,clipfrac,0.160205078125
225280,explained_variance,0.9506943561136723
225280,sps,557.0
225280,kl_beta,2.0
225323,episodic_return,966.6812069588198
225323,episodic_length,325.0
225672,episodic_return,1144.997575311084
225672,episodic_length,348.0
225938,episodic_return,682.8521586134889
225938,episodic_length,265.0
226195,episodic_return,579.1359973909423
226195,episodic_length,256.0
226513,episodic_return,997.8038299969755
226513,episodic_length,317.0
226769,episodic_return,683.8774382583582
226769,episodic_length,255.0
227008,episodic_return,734.4657568682085
227008,episodic_length,238.0
227291,episodic_return,755.9887963821064
227291,episodic_length,282.0
227328,value_loss,0.011413573287427425
227328,policy_loss,-0.0008972436189651489
227328,approx_kl,0.015933070331811905
227328,clipfrac,0.102392578125
227328,explained_variance,0.9411323592066765
227328,sps,557.0
227328,kl_beta,4.0
227603,episodic_return,924.9973774763284
227603,episodic_length,311.0
227890,episodic_return,764.0215611344529
227890,episodic_length,286.0
228168,episodic_return,647.8753032674955
228168,episodic_length,277.0
228497,episodic_return,790.4856441209856
228497,episodic_length,328.0
228766,episodic_return,740.1048615801965
228766,episodic_length,268.0
229012,episodic_return,612.235577208082
229012,episodic_length,245.0
229187,episodic_return,454.6231564199898
229187,episodic_length,174.0
229307,episodic_return,278.25680077052044
229307,episodic_length,119.0
229376,value_loss,0.006054197438061237
229376,policy_loss,-0.01671447604894638
229376,approx_kl,0.0025523491203784943
229376,clipfrac,0.0294921875
229376,explained_variance,0.9418058767914772
229376,sps,557.0
229376,kl_beta,2.0
229531,episodic_return,684.3031859415375
229531,episodic_length,223.0
229755,episodic_return,500.6567374706584
229755,episodic_length,223.0
230019,episodic_return,153.85627463133895
230019,episodic_length,263.0
230289,episodic_return,757.8899361225282
230289,episodic_length,269.0
230572,episodic_return,842.7045057937598
230572,episodic_length,282.0
230877,episodic_return,806.3457828618984
230877,episodic_length,304.0
231156,episodic_return,812.0908194494181
231156,episodic_length,278.0
231424,value_loss,0.016991792246699333
231424,policy_loss,-0.05784492567181587
231424,approx_kl,0.010577673092484474
231424,clipfrac,0.096044921875
231424,explained_variance,0.9316511377692223
231424,sps,557.0
231424,kl_beta,2.0
231471,episodic_return,790.2672870584323
231471,episodic_length,314.0
231700,episodic_return,680.5581782236972
231700,episodic_length,228.0
232019,episodic_return,926.541826944322
232019,episodic_length,318.0
232345,episodic_return,772.096608483098
232345,episodic_length,325.0
232682,episodic_return,975.9722685676571
232682,episodic_length,336.0
233016,episodic_return,1005.0664018831343
233016,episodic_length,333.0
233284,episodic_return,746.4468802919008
233284,episodic_length,267.0
233472,value_loss,0.013783731497824192
233472,policy_loss,-0.12247017025947571
233472,approx_kl,0.027294963598251343
233472,clipfrac,0.109814453125
233472,explained_variance,0.950296726077795
233472,sps,557.0
233472,kl_beta,4.0
233619,episodic_return,972.8549501337474
233619,episodic_length,334.0
233908,episodic_return,794.2386302755699
233908,episodic_length,288.0
234181,episodic_return,602.6141576795633
234181,episodic_length,272.0
234491,episodic_return,864.3311192053184
234491,episodic_length,309.0
234727,episodic_return,716.7858787048209
234727,episodic_length,235.0
234940,episodic_return,497.53675121616885
234940,episodic_length,212.0
235154,episodic_return,626.8450544800303
235154,episodic_length,213.0
235436,episodic_return,832.5134884404622
235436,episodic_length,281.0
235520,value_loss,0.008210884407162666
235520,policy_loss,-0.019938558340072632
235520,approx_kl,0.0037064794450998306
235520,clipfrac,0.031787109375
235520,explained_variance,0.9386211894452572
235520,sps,557.0
235520,kl_beta,2.0
235701,episodic_return,807.1621130792757
235701,episodic_length,264.0
235823,episodic_return,274.4971453334209
235823,episodic_length,121.0
236119,episodic_return,934.9665090284898
236119,episodic_length,295.0
236430,episodic_return,900.7458664464347
236430,episodic_length,310.0
236666,episodic_return,552.4058534496154
236666,episodic_length,235.0
237037,episodic_return,1065.8554289417582
237037,episodic_length,370.0
237285,episodic_return,571.0257658867522
237285,episodic_length,247.0
237568,value_loss,0.024211851879954338
237568,policy_loss,-0.06609468162059784
237568,approx_kl,0.014900452457368374
237568,clipfrac,0.08505859375
237568,explained_variance,0.9308330416679382
237568,sps,557.0
237568,kl_beta,2.0
237715,episodic_return,1253.5533717046994
237715,episodic_length,429.0
237951,episodic_return,656.8593756254888
237951,episodic_length,235.0
238260,episodic_return,805.3485034143207
238260,episodic_length,308.0
238481,episodic_return,610.9155370340663
238481,episodic_length,220.0
238730,episodic_return,764.2148024673562
238730,episodic_length,248.0
238981,episodic_return,782.559026958109
238981,episodic_length,250.0
239243,episodic_return,770.0753077682762
239243,episodic_length,261.0
239511,episodic_return,695.7127518659534
239511,episodic_length,267.0
239616,value_loss,0.005182474851608276
239616,policy_loss,-0.029443778097629547
239616,approx_kl,0.008204180747270584
239616,clipfrac,0.09375
239616,explained_variance,0.9373193755745888
239616,sps,557.0
239616,kl_beta,2.0
239696,episodic_return,507.8703707273361
239696,episodic_length,184.0
239943,episodic_return,713.0371837944049
239943,episodic_length,246.0
240164,episodic_return,540.4925197385919
240164,episodic_length,220.0
240418,episodic_return,745.16259668873
240418,episodic_length,253.0
240637,episodic_return,712.6853903144813
240637,episodic_length,218.0
241030,episodic_return,1196.6354937573578
241030,episodic_length,392.0
241313,episodic_return,804.0719788736635
241313,episodic_length,282.0
241618,episodic_return,965.5150393645896
241618,episodic_length,304.0
241664,value_loss,0.03978760913014412
241664,policy_loss,-0.15331846475601196
241664,approx_kl,0.032050374895334244
241664,clipfrac,0.121923828125
241664,explained_variance,0.9363789707422256
241664,sps,557.0
241664,kl_beta,4.0
241869,episodic_return,680.9420503687077
241869,episodic_length,250.0
242291,episodic_return,1347.4854976445747
242291,episodic_length,421.0
242542,episodic_return,706.5767705587213
242542,episodic_length,250.0
242771,episodic_return,692.4476276567522
242771,episodic_length,228.0
243065,episodic_return,726.5848271059771
243065,episodic_length,293.0
243484,episodic_return,1162.0628658093283
243484,episodic_length,418.0
243712,value_loss,0.0062303366139531136
243712,policy_loss,-0.034113895148038864
243712,approx_kl,0.004062513820827007
243712,clipfrac,0.028759765625
243712,explained_variance,0.9488201774656773
243712,sps,557.0
243712,kl_beta,2.0
243837,episodic_return,960.2179921696412
243837,episodic_length,352.0
244305,episodic_return,1455.7634988694463
244305,episodic_length,467.0
244616,episodic_return,819.4131858227508
244616,episodic_length,310.0
244958,episodic_return,882.5240740735853
244958,episodic_length,341.0
245279,episodic_return,885.3282626894587
245279,episodic_length,320.0
245581,episodic_return,953.6671599315832
245581,episodic_length,301.0
245760,value_loss,0.00697125680744648
245760,policy_loss,-0.038217999041080475
245760,approx_kl,0.016707122325897217
245760,clipfrac,0.102685546875
245760,explained_variance,0.9516685232520103
245760,sps,556.0
245760,kl_beta,4.0
245829,episodic_return,761.490568594335
245829,episodic_length,247.0
246136,episodic_return,807.8139452265376
246136,episodic_length,306.0
246372,episodic_return,650.64625783811
246372,episodic_length,235.0
246587,episodic_return,683.520236652834
246587,episodic_length,214.0
246768,episodic_return,495.9558786738977
246768,episodic_length,180.0
247029,episodic_return,737.3965361387882
247029,episodic_length,260.0
247215,episodic_return,567.3959914970516
247215,episodic_length,185.0
247571,episodic_return,1085.9047864439283
247571,episodic_length,355.0
247808,value_loss,0.008026231080293655
247808,policy_loss,-0.028470996767282486
247808,approx_kl,0.004829331301152706
247808,clipfrac,0.03955078125
247808,explained_variance,0.9413907155394554
247808,sps,556.0
247808,kl_beta,2.0
247828,episodic_return,685.2826408974585
247828,episodic_length,256.0
248127,episodic_return,931.7959872808759
248127,episodic_length,298.0
248422,episodic_return,853.3181322562408
248422,episodic_length,294.0
248803,episodic_return,954.1522805937902
248803,episodic_length,380.0
248962,episodic_return,436.2880052036379
248962,episodic_length,158.0
249286,episodic_return,860.5418522854269
249286,episodic_length,323.0
249496,episodic_return,566.8369484846182
249496,episodic_length,209.0
249816,episodic_return,942.1381731939608
249816,episodic_length,319.0
249856,value_loss,0.028006544336676598
249856,policy_loss,-0.029287518933415413
249856,approx_kl,0.008174235932528973
249856,clipfrac,0.09365234375
249856,explained_variance,0.9540367871522903
249856,sps,556.0
249856,kl_beta,2.0
250094,episodic_return,844.5506756872425
250094,episodic_length,277.0
250388,episodic_return,829.4927034784337
250388,episodic_length,293.0
250669,episodic_return,736.1748238152006
250669,episodic_length,280.0
250924,episodic_return,760.1174585327864
250924,episodic_length,254.0
251246,episodic_return,948.3343761721088
251246,episodic_length,321.0
251515,episodic_return,747.3513710827824
251515,episodic_length,268.0
251799,episodic_return,878.746996058432
251799,episodic_length,283.0
251904,value_loss,0.005579347722232342
251904,policy_loss,-0.027258262038230896
251904,approx_kl,0.0048150718212127686
251904,clipfrac,0.08095703125
251904,explained_variance,0.9552962481975555
251904,sps,556.0
251904,kl_beta,1.0
252054,episodic_return,649.3551756677554
252054,episodic_length,254.0
252543,episodic_return,1505.6696241341854
252543,episodic_length,488.0
252809,episodic_return,759.2602643063591
252809,episodic_length,265.0
253157,episodic_return,1096.7942566128154
253157,episodic_length,347.0
253325,episodic_return,462.84109395408154
253325,episodic_length,167.0
253604,episodic_return,828.5225384013951
253604,episodic_length,278.0
253952,value_loss,0.017660751938819885
253952,policy_loss,-0.06844330579042435
253952,approx_kl,0.03122914396226406
253952,clipfrac,0.193603515625
253952,explained_variance,0.9634471833705902
253952,sps,556.0
253952,kl_beta,2.0
253954,episodic_return,1084.6415074753102
253954,episodic_length,349.0
254197,episodic_return,642.8181795576509
254197,episodic_length,242.0
254412,episodic_return,619.3735328270781
254412,episodic_length,214.0
254681,episodic_return,764.5661300845165
254681,episodic_length,268.0
254779,episodic_return,185.3137082352648
254779,episodic_length,97.0
255069,episodic_return,835.2853183199919
255069,episodic_length,289.0
255295,episodic_return,502.34631961544284
255295,episodic_length,225.0
255562,episodic_return,737.0257613670312
255562,episodic_length,266.0
255942,episodic_return,1161.787694367951
255942,episodic_length,379.0
256000,value_loss,0.014176668599247932
256000,policy_loss,-0.09358489513397217
256000,approx_kl,0.01113270502537489
256000,clipfrac,0.09501953125
256000,explained_variance,0.9328579530119896
256000,sps,556.0
256000,kl_beta,2.0
256209,episodic_return,639.63748323045
256209,episodic_length,266.0
256514,episodic_return,834.20129671792
256514,episodic_length,304.0
256786,episodic_return,628.0802493206194
256786,episodic_length,271.0
257072,episodic_return,880.4105488741958
257072,episodic_length,285.0
257330,episodic_return,765.8923991597912
257330,episodic_length,257.0
257792,episodic_return,1405.545862117471
257792,episodic_length,461.0
258048,value_loss,0.028823930770158768
258048,policy_loss,-0.041021548211574554
258048,approx_kl,0.012570180930197239
258048,clipfrac,0.084423828125
258048,explained_variance,0.9351442903280258
258048,sps,556.0
258048,kl_beta,2.0
258281,episodic_return,1544.6089996286703
258281,episodic_length,488.0
258512,episodic_return,732.3578038394436
258512,episodic_length,230.0
258811,episodic_return,917.6085148283905
258811,episodic_length,298.0
259101,episodic_return,878.5049832012107
259101,episodic_length,289.0
259335,episodic_return,542.511114461106
259335,episodic_length,233.0
259723,episodic_return,1047.1092797346182
259723,episodic_length,387.0
260046,episodic_return,1034.49155117276
260046,episodic_length,322.0
260096,value_loss,0.024909863248467445
260096,policy_loss,-0.7342842817306519
260096,approx_kl,0.13187144696712494
260096,clipfrac,0.1048828125
260096,explained_variance,0.9594339318573475
260096,sps,556.0
260096,kl_beta,4.0
260355,episodic_return,884.945017474647
260355,episodic_length,308.0
260472,episodic_return,257.83912450068556
260472,episodic_length,116.0
260775,episodic_return,914.2050212682622
260775,episodic_length,302.0
261107,episodic_return,1024.1521363982465
261107,episodic_length,331.0
261273,episodic_return,447.9442786562524
261273,episodic_length,165.0
261518,episodic_return,645.0607536623794
261518,episodic_length,244.0
262082,episodic_return,1537.022309018821
262082,episodic_length,563.0
262144,value_loss,0.017724577337503433
262144,policy_loss,-0.009497027844190598
262144,approx_kl,0.002422829158604145
262144,clipfrac,0.024609375
262144,explained_variance,0.944769848138094
262144,sps,555.0
262144,kl_beta,2.0
262330,episodic_return,691.8223251655893
262330,episodic_length,247.0
262678,episodic_return,1141.5245155377183
262678,episodic_length,347.0
262980,episodic_return,998.7652985663332
262980,episodic_length,301.0
263301,episodic_return,965.639063089649
263301,episodic_length,320.0
263680,episodic_return,1178.7383886687185
263680,episodic_length,378.0
263978,episodic_return,965.4173852749344
263978,episodic_length,297.0
264192,value_loss,0.03644416853785515
264192,policy_loss,-0.024683484807610512
264192,approx_kl,0.011611263267695904
264192,clipfrac,0.08349609375
264192,explained_variance,0.9487008452415466
264192,sps,556.0
264192,kl_beta,2.0
264274,episodic_return,930.7709588286087
264274,episodic_length,295.0
264553,episodic_return,880.2482924808154
264553,episodic_length,278.0
265113,episodic_return,1797.7069396441623
265113,episodic_length,559.0
265414,episodic_return,895.73180886248
265414,episodic_length,300.0
265900,episodic_return,1540.1247697160813
265900,episodic_length,485.0
266166,episodic_return,735.729080960442
266166,episodic_length,265.0
266240,value_loss,0.0039653657004237175
266240,policy_loss,-0.0314747653901577
266240,approx_kl,0.013470051810145378
266240,clipfrac,0.070849609375
266240,explained_variance,0.9524144716560841
266240,sps,555.0
266240,kl_beta,2.0
266616,episodic_return,1360.5681883549764
266616,episodic_length,449.0
266879,episodic_return,740.4970756094151
266879,episodic_length,262.0
267233,episodic_return,1116.396248737142
267233,episodic_length,353.0
267497,episodic_return,828.7393284612039
267497,episodic_length,263.0
267691,episodic_return,562.4191788293407
267691,episodic_length,193.0
267907,episodic_return,615.0555125057183
267907,episodic_length,215.0
268215,episodic_return,1001.7108973701964
268215,episodic_length,307.0
268288,value_loss,0.006887273862957954
268288,policy_loss,-0.040715016424655914
268288,approx_kl,0.009802992455661297
268288,clipfrac,0.08115234375
268288,explained_variance,0.9526041969656944
268288,sps,555.0
268288,kl_beta,2.0
268527,episodic_return,940.7277595773718
268527,episodic_length,311.0
268832,episodic_return,912.3939437270049
268832,episodic_length,304.0
269187,episodic_return,1172.8417478987
269187,episodic_length,354.0
269442,episodic_return,837.4907815606085
269442,episodic_length,254.0
269677,episodic_return,683.3707615868367
269677,episodic_length,234.0
269948,episodic_return,808.55828657557
269948,episodic_length,270.0
270336,value_loss,0.01829974725842476
270336,policy_loss,-0.05328306183218956
270336,approx_kl,0.013270067051053047
270336,clipfrac,0.092822265625
270336,explained_variance,0.9513897709548473
270336,sps,555.0
270336,kl_beta,2.0
270521,episodic_return,1875.94881825306
270521,episodic_length,572.0
270746,episodic_return,588.0940255340245
270746,episodic_length,224.0
270987,episodic_return,705.599316138021
270987,episodic_length,240.0
271172,episodic_return,422.26595536245554
271172,episodic_length,184.0
271515,episodic_return,1104.8189124224025
271515,episodic_length,342.0
271830,episodic_return,992.133528559687
271830,episodic_length,314.0
272138,episodic_return,811.7044943962551
272138,episodic_length,307.0
272384,value_loss,0.009065263904631138
272384,policy_loss,-0.05534416437149048
272384,approx_kl,0.012547691352665424
272384,clipfrac,0.0837890625
272384,explained_variance,0.928403951227665
272384,sps,555.0
272384,kl_beta,2.0
272453,episodic_return,942.9273609610219
272453,episodic_length,314.0
272774,episodic_return,996.3759772315813
272774,episodic_length,320.0
273154,episodic_return,1106.5719608631932
273154,episodic_length,379.0
273543,episodic_return,1269.661730486493
273543,episodic_length,388.0
273814,episodic_return,738.000760282877
273814,episodic_length,270.0
274187,episodic_return,1109.3209074257518
274187,episodic_length,372.0
274432,value_loss,0.009328347630798817
274432,policy_loss,-0.0715828388929367
274432,approx_kl,0.014735898934304714
274432,clipfrac,0.104736328125
274432,explained_variance,0.9583360627293587
274432,sps,555.0
274432,kl_beta,2.0
274452,episodic_return,787.0503510468617
274452,episodic_length,264.0
274736,episodic_return,964.3158614268294
274736,episodic_length,283.0
275031,episodic_return,911.6863084763098
275031,episodic_length,294.0
275267,episodic_return,662.2779586243408
275267,episodic_length,235.0
275601,episodic_return,984.6471876167905
275601,episodic_length,333.0
275952,episodic_return,1193.0413069892531
275952,episodic_length,350.0
276260,episodic_return,896.426669451726
276260,episodic_length,307.0
276480,value_loss,0.008001687005162239
276480,policy_loss,-0.06087615713477135
276480,approx_kl,0.012610772624611855
276480,clipfrac,0.088232421875
276480,explained_variance,0.9610195197165012
276480,sps,555.0
276480,kl_beta,2.0
276733,episodic_return,1544.9463029311155
276733,episodic_length,472.0
277142,episodic_return,1373.924960799504
277142,episodic_length,408.0
277410,episodic_return,915.0644166076129
277410,episodic_length,267.0
277648,episodic_return,651.5445322592976
277648,episodic_length,237.0
277983,episodic_return,1066.9509491842484
277983,episodic_length,334.0
278226,episodic_return,615.3051597831968
278226,episodic_length,242.0
278478,episodic_return,694.3789046057785
278478,episodic_length,251.0
278528,value_loss,0.012522025033831596
278528,policy_loss,-0.054724883288145065
278528,approx_kl,0.01629188470542431
278528,clipfrac,0.089013671875
278528,explained_variance,0.9538786821067333
278528,sps,555.0
278528,kl_beta,4.0
278771,episodic_return,880.8663753937822
278771,episodic_length,292.0
278989,episodic_return,538.1743853197185
278989,episodic_length,217.0
279376,episodic_return,1189.4508922557761
279376,episodic_length,386.0
279691,episodic_return,1049.6934141206257
279691,episodic_length,314.0
279995,episodic_return,839.5332108840255
279995,episodic_length,303.0
280245,episodic_return,728.7003474433662
280245,episodic_length,249.0
280458,episodic_return,635.8066114703462
280458,episodic_length,212.0
280576,value_loss,0.006146691739559174
280576,policy_loss,-0.04334627464413643
280576,approx_kl,0.004038766026496887
280576,clipfrac,0.028466796875
280576,explained_variance,0.9523481875658035
280576,sps,554.0
280576,kl_beta,2.0
280639,episodic_return,445.65114385998993
280639,episodic_length,180.0
281005,episodic_return,1159.3912440584068
281005,episodic_length,365.0
281219,episodic_return,519.7319164970785
281219,episodic_length,213.0
281360,episodic_return,228.54237764055662
281360,episodic_length,140.0
281725,episodic_return,976.3346594323579
281725,episodic_length,364.0
281994,episodic_return,736.0957194381713
281994,episodic_length,268.0
282251,episodic_return,716.8269936186143
282251,episodic_length,256.0
282557,episodic_return,956.1640683864167
282557,episodic_length,305.0
282624,value_loss,0.014469660818576813
282624,policy_loss,-0.019455209374427795
282624,approx_kl,0.01430698111653328
282624,clipfrac,0.084423828125
282624,explained_variance,0.8978495895862579
282624,sps,555.0
282624,kl_beta,2.0
282786,episodic_return,546.1949234492587
282786,episodic_length,228.0
283181,episodic_return,1173.7735252038444
283181,episodic_length,394.0
283475,episodic_return,899.4059333082997
283475,episodic_length,293.0
283740,episodic_return,891.5581982550426
283740,episodic_length,264.0
284134,episodic_return,1129.3078635003708
284134,episodic_length,393.0
284478,episodic_return,1064.9250835219045
284478,episodic_length,343.0
284672,value_loss,0.03634039685130119
284672,policy_loss,-0.06940483301877975
284672,approx_kl,0.016865473240613937
284672,clipfrac,0.103125
284672,explained_variance,0.9393404349684715
284672,sps,555.0
284672,kl_beta,4.0
285105,episodic_return,1882.4479435607016
285105,episodic_length,626.0
285435,episodic_return,1105.7128865246318
285435,episodic_length,329.0
285739,episodic_return,1000.5198229610057
285739,episodic_length,303.0
285997,episodic_return,695.0154336545155
285997,episodic_length,257.0
286391,episodic_return,1116.2179319201737
286391,episodic_length,393.0
286639,episodic_return,693.0436183346916
286639,episodic_length,247.0
286720,value_loss,0.007646278012543917
286720,policy_loss,-0.0058686137199401855
286720,approx_kl,0.005739914253354073
286720,clipfrac,0.029443359375
286720,explained_variance,0.9310091286897659
286720,sps,554.0
286720,kl_beta,2.0
287150,episodic_return,1442.643574161793
287150,episodic_length,510.0
287484,episodic_return,1013.8470990288035
287484,episodic_length,333.0
287721,episodic_return,632.7394703472762
287721,episodic_length,236.0
288003,episodic_return,878.2692707560267
288003,episodic_length,281.0
288301,episodic_return,928.3943609517047
288301,episodic_length,297.0
288665,episodic_return,976.6527793310781
288665,episodic_length,363.0
288768,value_loss,0.012517331168055534
288768,policy_loss,-0.03709116205573082
288768,approx_kl,0.009879229590296745
288768,clipfrac,0.091357421875
288768,explained_variance,0.9304586052894592
288768,sps,554.0
288768,kl_beta,2.0
289061,episodic_return,1243.517954657212
289061,episodic_length,395.0
289390,episodic_return,1107.1820623232625
289390,episodic_length,328.0
289627,episodic_return,683.5098640846708
289627,episodic_length,236.0
289880,episodic_return,733.8668103706589
289880,episodic_length,252.0
290189,episodic_return,898.5635596616735
290189,episodic_length,308.0
290486,episodic_return,898.2306249616872
290486,episodic_length,296.0
290728,episodic_return,659.3349729670445
290728,episodic_length,241.0
290816,value_loss,0.008138719946146011
290816,policy_loss,-0.01546495035290718
290816,approx_kl,0.008470021188259125
290816,clipfrac,0.084033203125
290816,explained_variance,0.9368632286787033
290816,sps,554.0
290816,kl_beta,2.0
291007,episodic_return,896.0997713026188
291007,episodic_length,278.0
291316,episodic_return,812.4451836099013
291316,episodic_length,308.0
291575,episodic_return,878.6676688208292
291575,episodic_length,258.0
291993,episodic_return,1332.7879650140774
291993,episodic_length,417.0
292428,episodic_return,1484.4907564348923
292428,episodic_length,434.0
292649,episodic_return,580.7375132182283
292649,episodic_length,220.0
292864,value_loss,0.005349420011043549
292864,policy_loss,-0.021035080775618553
292864,approx_kl,0.009202164597809315
292864,clipfrac,0.102734375
292864,explained_variance,0.9478519856929779
292864,sps,554.0
292864,kl_beta,2.0
292919,episodic_return,888.3636618689172
292919,episodic_length,269.0
293202,episodic_return,852.9202318298146
293202,episodic_length,282.0
293517,episodic_return,1098.0958804161808
293517,episodic_length,314.0
293850,episodic_return,1084.9274386903583
293850,episodic_length,332.0
294138,episodic_return,888.5693221275646
294138,episodic_length,287.0
294514,episodic_return,1175.060715974353
294514,episodic_length,375.0
294750,episodic_return,592.5118207738828
294750,episodic_length,235.0
294912,value_loss,0.00662042573094368
294912,policy_loss,-0.005017073825001717
294912,approx_kl,0.014415931887924671
294912,clipfrac,0.084375
294912,explained_variance,0.9488668330013752
294912,sps,555.0
294912,kl_beta,2.0
295091,episodic_return,1092.4907421254688
295091,episodic_length,340.0
295524,episodic_return,1305.0833473773107
295524,episodic_length,432.0
295830,episodic_return,967.4430677605694
295830,episodic_length,305.0
296105,episodic_return,829.8910197543364
296105,episodic_length,274.0
296480,episodic_return,754.5846289448342
296480,episodic_length,374.0
296859,episodic_return,1035.648964700156
296859,episodic_length,378.0
296960,value_loss,0.027157675474882126
296960,policy_loss,-0.09086456894874573
296960,approx_kl,0.012954593636095524
296960,clipfrac,0.100439453125
296960,explained_variance,0.946360919624567
296960,sps,554.0
296960,kl_beta,2.0
297294,episodic_return,1217.4618798397335
297294,episodic_length,434.0
297494,episodic_return,642.5494788662099
297494,episodic_length,199.0
297732,episodic_return,717.8454305083668
297732,episodic_length,237.0
298178,episodic_return,1411.5593679056817
298178,episodic_length,445.0
298537,episodic_return,1152.747888121065
298537,episodic_length,358.0
298801,episodic_return,802.8731635342594
298801,episodic_length,263.0
299008,value_loss,0.005868271924555302
299008,policy_loss,-0.07207639515399933
299008,approx_kl,0.017252877354621887
299008,clipfrac,0.08388671875
299008,explained_variance,0.9413314275443554
299008,sps,555.0
299008,kl_beta,4.0
299141,episodic_return,930.0978444125823
299141,episodic_length,339.0
299403,episodic_return,794.1094450423132
299403,episodic_length,261.0
299659,episodic_return,770.1187456849551
299659,episodic_length,255.0
299924,episodic_return,673.0302860810772
299924,episodic_length,264.0
300182,episodic_return,847.4481009758607
300182,episodic_length,257.0
300496,episodic_return,1015.2113895830915
300496,episodic_length,313.0
300801,episodic_return,879.1077946871374
300801,episodic_length,304.0
301056,value_loss,0.005891397595405579
301056,policy_loss,-0.027654122561216354
301056,approx_kl,0.004875798709690571
301056,clipfrac,0.0322265625
301056,explained_variance,0.9489887058734894
301056,sps,555.0
301056,kl_beta,2.0
301111,episodic_return,1083.146441046425
301111,episodic_length,309.0
301370,episodic_return,769.5684840410102
301370,episodic_length,258.0
301679,episodic_return,1052.3174595205653
301679,episodic_length,308.0
301950,episodic_return,859.5713112301853
301950,episodic_length,270.0
302198,episodic_return,802.5028838043854
302198,episodic_length,247.0
302542,episodic_return,1129.555069996223
302542,episodic_length,343.0
302824,episodic_return,835.3228004718263
302824,episodic_length,281.0
303104,episodic_return,893.158544471988
303104,episodic_length,279.0
303104,value_loss,0.003911876119673252
303104,policy_loss,-0.026190513744950294
303104,approx_kl,0.011336023919284344
303104,clipfrac,0.1076171875
303104,explained_variance,0.9581520929932594
303104,sps,554.0
303104,kl_beta,2.0
303554,episodic_return,1382.8874472987584
303554,episodic_length,449.0
303860,episodic_return,1009.0900319534783
303860,episodic_length,305.0
304133,episodic_return,837.0524817405455
304133,episodic_length,272.0
304434,episodic_return,842.8122502017827
304434,episodic_length,300.0
304798,episodic_return,1241.1338748801213
304798,episodic_length,363.0
305152,value_loss,0.00348645425401628
305152,policy_loss,-0.04011732339859009
305152,approx_kl,0.012385561130940914
305152,clipfrac,0.09921875
305152,explained_variance,0.957705806940794
305152,sps,554.0
305152,kl_beta,2.0
305188,episodic_return,1161.9714328288137
305188,episodic_length,389.0
305421,episodic_return,816.6012754706217
305421,episodic_length,232.0
305866,episodic_return,1375.810509489304
305866,episodic_length,444.0
306153,episodic_return,972.3637574861608
306153,episodic_length,286.0
306433,episodic_return,910.4817520595896
306433,episodic_length,279.0
306843,episodic_return,1306.6282582663218
306843,episodic_length,409.0
307200,value_loss,0.005050559528172016
307200,policy_loss,-0.024245934560894966
307200,approx_kl,0.01455571036785841
307200,clipfrac,0.1009765625
307200,explained_variance,0.9626881144940853
307200,sps,554.0
307200,kl_beta,2.0
307293,episodic_return,1411.7826884719466
307293,episodic_length,449.0
307707,episodic_return,1413.4638947170379
307707,episodic_length,413.0
307943,episodic_return,640.4082384155868
307943,episodic_length,235.0
308261,episodic_return,913.6255493465997
308261,episodic_length,317.0
308437,episodic_return,545.0000959066258
308437,episodic_length,175.0
308960,episodic_return,1233.7951605871742
308960,episodic_length,522.0
309248,value_loss,0.0037612528540194035
309248,policy_loss,-0.04682311415672302
309248,approx_kl,0.012427888810634613
309248,clipfrac,0.0888671875
309248,explained_variance,0.9628203958272934
309248,sps,554.0
309248,kl_beta,2.0
309444,episodic_return,1434.21560848218
309444,episodic_length,483.0
309733,episodic_return,920.4872055095518
309733,episodic_length,288.0
310232,episodic_return,1356.701238515972
310232,episodic_length,498.0
310527,episodic_return,837.7247326185097
310527,episodic_length,294.0
310937,episodic_return,1222.514977936125
310937,episodic_length,409.0
311296,value_loss,0.0028210412710905075
311296,policy_loss,0.011449258774518967
311296,approx_kl,0.008576793596148491
311296,clipfrac,0.0966796875
311296,explained_variance,0.9649681635200977
311296,sps,554.0
311296,kl_beta,2.0
311302,episodic_return,1230.6200502869121
311302,episodic_length,364.0
311512,episodic_return,636.7302561493108
311512,episodic_length,209.0
311798,episodic_return,933.2854315187668
311798,episodic_length,285.0
311883,episodic_return,151.36327320471935
311883,episodic_length,84.0
312178,episodic_return,899.2573939479431
312178,episodic_length,294.0
312507,episodic_return,1079.325063189045
312507,episodic_length,328.0
312796,episodic_return,948.3774256606654
312796,episodic_length,288.0
312999,episodic_return,633.0325329121698
312999,episodic_length,202.0
313301,episodic_return,790.9840930059473
313301,episodic_length,301.0
313344,value_loss,0.003709028009325266
313344,policy_loss,-0.05221164971590042
313344,approx_kl,0.008288254030048847
313344,clipfrac,0.071240234375
313344,explained_variance,0.9093028232455254
313344,sps,554.0
313344,kl_beta,2.0
313672,episodic_return,1232.309554160796
313672,episodic_length,370.0
313945,episodic_return,932.6111346615203
313945,episodic_length,272.0
314213,episodic_return,734.9778265132486
314213,episodic_length,267.0
314452,episodic_return,674.207618214188
314452,episodic_length,238.0
314742,episodic_return,986.1815490918552
314742,episodic_length,289.0
315220,episodic_return,1539.3311058108736
315220,episodic_length,477.0
315392,value_loss,0.009383025579154491
315392,policy_loss,-0.04978516697883606
315392,approx_kl,0.009890369139611721
315392,clipfrac,0.090673828125
315392,explained_variance,0.9653402417898178
315392,sps,554.0
315392,kl_beta,2.0
315510,episodic_return,923.3838423694987
315510,episodic_length,289.0
315818,episodic_return,813.4929266918209
315818,episodic_length,307.0
316069,episodic_return,808.1667638041698
316069,episodic_length,250.0
316495,episodic_return,1277.5184315067004
316495,episodic_length,425.0
316796,episodic_return,966.6807498905628
316796,episodic_length,300.0
317068,episodic_return,914.9483643958454
317068,episodic_length,271.0
317440,value_loss,0.002779607195407152
317440,policy_loss,-0.017535192891955376
317440,approx_kl,0.007072814740240574
317440,clipfrac,0.104296875
317440,explained_variance,0.963616780936718
317440,sps,554.0
317440,kl_beta,2.0
317554,episodic_return,1546.0678126056362
317554,episodic_length,485.0
317823,episodic_return,797.605586490812
317823,episodic_length,268.0
318176,episodic_return,1100.2977768465278
318176,episodic_length,352.0
318569,episodic_return,1094.9950454748594
318569,episodic_length,392.0
318823,episodic_return,832.4344484064919
318823,episodic_length,253.0
319117,episodic_return,805.1485769610482
319117,episodic_length,293.0
319342,episodic_return,635.8549767212896
319342,episodic_length,224.0
319488,value_loss,0.007508403621613979
319488,policy_loss,-0.035364747047424316
319488,approx_kl,0.008017136715352535
319488,clipfrac,0.098388671875
319488,explained_variance,0.9404489882290363
319488,sps,554.0
319488,kl_beta,2.0
319605,episodic_return,704.9451632672909
319605,episodic_length,262.0
319952,episodic_return,1038.8956680577674
319952,episodic_length,346.0
320322,episodic_return,1039.9384288304798
320322,episodic_length,369.0
320569,episodic_return,603.5403956988603
320569,episodic_length,246.0
320868,episodic_return,1074.1662444677602
320868,episodic_length,298.0
321054,episodic_return,445.61838401134827
321054,episodic_length,185.0
321268,episodic_return,699.9199070291013
321268,episodic_length,213.0
321430,episodic_return,506.46928256383273
321430,episodic_length,161.0
321536,value_loss,0.013345940038561821
321536,policy_loss,-0.06356998533010483
321536,approx_kl,0.016809020191431046
321536,clipfrac,0.094287109375
321536,explained_variance,0.9283829405903816
321536,sps,554.0
321536,kl_beta,4.0
321679,episodic_return,785.465353333766
321679,episodic_length,248.0
321796,episodic_return,311.89250778682697
321796,episodic_length,116.0
322079,episodic_return,987.2741056658213
322079,episodic_length,282.0
322476,episodic_return,1313.382648302734
322476,episodic_length,396.0
322731,episodic_return,829.0616637402542
322731,episodic_length,254.0
323077,episodic_return,982.0274164835107
323077,episodic_length,345.0
323491,episodic_return,1250.0033276575289
323491,episodic_length,413.0
323584,value_loss,0.020032992586493492
323584,policy_loss,-0.06510800868272781
323584,approx_kl,0.006995460018515587
323584,clipfrac,0.0302734375
323584,explained_variance,0.9613097533583641
323584,sps,555.0
323584,kl_beta,4.0
323989,episodic_return,1596.1510243281118
323989,episodic_length,497.0
324270,episodic_return,877.5921285840036
324270,episodic_length,280.0
324627,episodic_return,1184.055684096904
324627,episodic_length,356.0
324980,episodic_return,1109.3362244821546
324980,episodic_length,352.0
325355,episodic_return,1222.808660810944
325355,episodic_length,374.0
325630,episodic_return,834.8571521069986
325630,episodic_length,274.0
325632,value_loss,0.005780084989964962
325632,policy_loss,-0.07381075620651245
325632,approx_kl,0.009100685827434063
325632,clipfrac,0.032275390625
325632,explained_variance,0.9567638263106346
325632,sps,554.0
325632,kl_beta,4.0
325868,episodic_return,702.1038271689541
325868,episodic_length,237.0
326203,episodic_return,1036.1098735817209
326203,episodic_length,334.0
326562,episodic_return,1250.5026036780253
326562,episodic_length,358.0
326784,episodic_return,572.2169863625232
326784,episodic_length,221.0
327097,episodic_return,786.6405020216994
327097,episodic_length,312.0
327389,episodic_return,955.1192262675507
327389,episodic_length,291.0
327614,episodic_return,643.2012065914238
327614,episodic_length,224.0
327680,value_loss,0.033718254417181015
327680,policy_loss,-0.07093827426433563
327680,approx_kl,0.009561479091644287
327680,clipfrac,0.03466796875
327680,explained_variance,0.9288501068949699
327680,sps,554.0
327680,kl_beta,4.0
327914,episodic_return,950.6731392658943
327914,episodic_length,299.0
328251,episodic_return,1032.587627684886
328251,episodic_length,336.0
328642,episodic_return,1150.668468162563
328642,episodic_length,390.0
328924,episodic_return,942.3521982610339
328924,episodic_length,281.0
329181,episodic_return,870.11950154811
329181,episodic_length,256.0
329430,episodic_return,801.1526059201116
329430,episodic_length,248.0
329692,episodic_return,749.2780774049636
329692,episodic_length,261.0
329728,value_loss,0.007752277422696352
329728,policy_loss,-0.04036237671971321
329728,approx_kl,0.005439396016299725
329728,clipfrac,0.03173828125
329728,explained_variance,0.948801688849926
329728,sps,554.0
329728,kl_beta,2.0
330072,episodic_return,1150.316711596401
330072,episodic_length,379.0
330396,episodic_return,990.6430364288386
330396,episodic_length,323.0
330697,episodic_return,903.9946873295295
330697,episodic_length,300.0
331073,episodic_return,1157.4496810162166
331073,episodic_length,375.0
331421,episodic_return,1062.03966774012
331421,episodic_length,347.0
331644,episodic_return,685.9352478295402
331644,episodic_length,222.0
331776,value_loss,0.003736647078767419
331776,policy_loss,0.0049244798719882965
331776,approx_kl,0.005969036370515823
331776,clipfrac,0.07314453125
331776,explained_variance,0.9670678935945034
331776,sps,554.0
331776,kl_beta,1.0
331970,episodic_return,724.3945394590168
331970,episodic_length,325.0
332352,episodic_return,1346.7315888837288
332352,episodic_length,381.0
333028,episodic_return,2245.69837701057
333028,episodic_length,675.0
333350,episodic_return,981.5698325147882
333350,episodic_length,321.0
333742,episodic_return,1376.9674088392426
333742,episodic_length,391.0
333824,value_loss,0.006275463849306107
333824,policy_loss,-0.07728072255849838
333824,approx_kl,0.044612444937229156
333824,clipfrac,0.215185546875
333824,explained_variance,0.9543607607483864
333824,sps,554.0
333824,kl_beta,2.0
333983,episodic_return,640.2763983806536
333983,episodic_length,240.0
334213,episodic_return,749.3996416338923
334213,episodic_length,229.0
334513,episodic_return,837.9789983502885
334513,episodic_length,299.0
334701,episodic_return,640.8637680722884
334701,episodic_length,187.0
335097,episodic_return,1187.4896508498878
335097,episodic_length,395.0
335398,episodic_return,959.6383738601943
335398,episodic_length,300.0
335702,episodic_return,907.5654478461888
335702,episodic_length,303.0
335870,episodic_return,217.67482708089966
335870,episodic_length,167.0
335872,value_loss,0.02326158434152603
335872,policy_loss,-0.05391891300678253
335872,approx_kl,0.010750663466751575
335872,clipfrac,0.087353515625
335872,explained_variance,0.9347743168473244
335872,sps,554.0
335872,kl_beta,2.0
336212,episodic_return,1039.2832082647853
336212,episodic_length,341.0
336519,episodic_return,1039.9151599783252
336519,episodic_length,306.0
336795,episodic_return,835.6006528826888
336795,episodic_length,275.0
337072,episodic_return,859.6625047428012
337072,episodic_length,276.0
337304,episodic_return,625.5170925554432
337304,episodic_length,231.0
337614,episodic_return,857.3239129870651
337614,episodic_length,309.0
337920,value_loss,0.012142377905547619
337920,policy_loss,-0.061369433999061584
337920,approx_kl,0.015568508766591549
337920,clipfrac,0.0794921875
337920,explained_variance,0.9496676549315453
337920,sps,554.0
337920,kl_beta,4.0
338069,episodic_return,1416.1574684095049
338069,episodic_length,454.0
338347,episodic_return,923.5957154814737
338347,episodic_length,277.0
338667,episodic_return,1009.3780083927559
338667,episodic_length,319.0
338984,episodic_return,1036.3758046710477
338984,episodic_length,316.0
339192,episodic_return,511.500642420039
339192,episodic_length,207.0
339440,episodic_return,770.9252121901991
339440,episodic_length,247.0
339678,episodic_return,623.9536897839872
339678,episodic_length,237.0
339947,episodic_return,818.9186355873733
339947,episodic_length,268.0
339968,value_loss,0.0037549003027379513
339968,policy_loss,-0.029797200113534927
339968,approx_kl,0.005550052970647812
339968,clipfrac,0.033837890625
339968,explained_variance,0.9411773905158043
339968,sps,554.0
339968,kl_beta,2.0
340237,episodic_return,986.5159958731509
340237,episodic_length,289.0
340512,episodic_return,729.7815096675038
340512,episodic_length,274.0
340879,episodic_return,1125.570039585046
340879,episodic_length,366.0
341284,episodic_return,1340.1192169893893
341284,episodic_length,404.0
341547,episodic_return,848.6265685800013
341547,episodic_length,262.0
341902,episodic_return,1206.9650187357138
341902,episodic_length,354.0
342016,value_loss,0.009141342714428902
342016,policy_loss,-0.06728726625442505
342016,approx_kl,0.02299540489912033
342016,clipfrac,0.1240234375
342016,explained_variance,0.9624443612992764
342016,sps,555.0
342016,kl_beta,4.0
342267,episodic_return,1215.1159476939358
342267,episodic_length,364.0
342582,episodic_return,1041.5306194850077
342582,episodic_length,314.0
342789,episodic_return,536.8501445179177
342789,episodic_length,206.0
343069,episodic_return,844.97129861612
343069,episodic_length,279.0
343183,episodic_return,291.6129249276343
343183,episodic_length,113.0
343503,episodic_return,1046.2229693395525
343503,episodic_length,319.0
343767,episodic_return,801.243816219894
343767,episodic_length,263.0
343980,episodic_return,676.473445636764
343980,episodic_length,212.0
344064,value_loss,0.009471033699810505
344064,policy_loss,-0.036982402205467224
344064,approx_kl,0.006388161331415176
344064,clipfrac,0.040380859375
344064,explained_variance,0.9492444396018982
344064,sps,555.0
344064,kl_beta,2.0
344237,episodic_return,722.4356514026207
344237,episodic_length,256.0
344536,episodic_return,909.1703272157409
344536,episodic_length,298.0
344833,episodic_return,928.7647774135486
344833,episodic_length,296.0
345110,episodic_return,925.2648520587107
345110,episodic_length,276.0
345480,episodic_return,1192.8023088901862
345480,episodic_length,369.0
345734,episodic_return,874.7394338927753
345734,episodic_length,253.0
346112,value_loss,0.004185720346868038
346112,policy_loss,-0.0059717558324337006
346112,approx_kl,0.020390795543789864
346112,clipfrac,0.100146484375
346112,explained_variance,0.9374659433960915
346112,sps,555.0
346112,kl_beta,4.0
346121,episodic_return,1134.2931065468729
346121,episodic_length,386.0
346313,episodic_return,615.8220834609763
346313,episodic_length,191.0
346749,episodic_return,1434.0941169267358
346749,episodic_length,435.0
347030,episodic_return,956.4280581315815
347030,episodic_length,280.0
347387,episodic_return,1144.384022321841
347387,episodic_length,356.0
347724,episodic_return,1039.0280539892426
347724,episodic_length,336.0
347971,episodic_return,734.206061402443
347971,episodic_length,246.0
348160,value_loss,0.004415183328092098
348160,policy_loss,-0.010284028947353363
348160,approx_kl,0.0034816190600395203
348160,clipfrac,0.035986328125
348160,explained_variance,0.9597758390009403
348160,sps,555.0
348160,kl_beta,2.0
348229,episodic_return,822.7815773228408
348229,episodic_length,257.0
348323,episodic_return,204.96775608878707
348323,episodic_length,93.0
348648,episodic_return,923.803065314862
348648,episodic_length,324.0
348897,episodic_return,712.1043400223733
348897,episodic_length,248.0
349141,episodic_return,714.4837519332364
349141,episodic_length,243.0
349491,episodic_return,374.4756635271779
349491,episodic_length,349.0
349761,episodic_return,864.3949851899524
349761,episodic_length,269.0
350090,episodic_return,1058.5539014756837
350090,episodic_length,328.0
350208,value_loss,0.011503219604492188
350208,policy_loss,-0.07164543867111206
350208,approx_kl,0.022374283522367477
350208,clipfrac,0.088720703125
350208,explained_variance,0.9366167634725571
350208,sps,555.0
350208,kl_beta,4.0
350623,episodic_return,1759.8003235448937
350623,episodic_length,532.0
350873,episodic_return,745.6255411236773
350873,episodic_length,249.0
351166,episodic_return,915.4392398269395
351166,episodic_length,292.0
351394,episodic_return,715.2431797039076
351394,episodic_length,227.0
351609,episodic_return,638.6240990533304
351609,episodic_length,214.0
351973,episodic_return,1231.399534289183
351973,episodic_length,363.0
352256,value_loss,0.002025229623541236
352256,policy_loss,-0.00678461417555809
352256,approx_kl,0.004461142234504223
352256,clipfrac,0.030126953125
352256,explained_variance,0.962159339338541
352256,sps,555.0
352256,kl_beta,2.0
352339,episodic_return,1096.8592398125545
352339,episodic_length,365.0
352592,episodic_return,870.926928393366
352592,episodic_length,252.0
352853,episodic_return,881.9476527436935
352853,episodic_length,260.0
353233,episodic_return,1211.860797213097
353233,episodic_length,379.0
353571,episodic_return,1084.9145384878334
353571,episodic_length,337.0
353839,episodic_return,929.3250359443326
353839,episodic_length,267.0
354173,episodic_return,1085.8220387180995
354173,episodic_length,333.0
354304,value_loss,0.003245145548135042
354304,policy_loss,0.00240493007004261
354304,approx_kl,0.006770402193069458
354304,clipfrac,0.0830078125
354304,explained_variance,0.9666999839246273
354304,sps,555.0
354304,kl_beta,2.0
354389,episodic_return,660.117756743253
354389,episodic_length,215.0
354692,episodic_return,967.3422321258804
354692,episodic_length,302.0
355020,episodic_return,1158.8934523337425
355020,episodic_length,327.0
355281,episodic_return,827.9471035910417
355281,episodic_length,260.0
355523,episodic_return,773.7482221108788
355523,episodic_length,241.0
355932,episodic_return,1345.5126850314286
355932,episodic_length,408.0
356352,value_loss,0.00331869232468307
356352,policy_loss,-0.05821506679058075
356352,approx_kl,0.017982356250286102
356352,clipfrac,0.109375
356352,explained_variance,0.9663688242435455
356352,sps,555.0
356352,kl_beta,4.0
356540,episodic_return,1940.9254495234395
356540,episodic_length,607.0
356876,episodic_return,1052.5041013277028
356876,episodic_length,335.0
357262,episodic_return,1165.7607095363958
357262,episodic_length,385.0
357534,episodic_return,808.286929001787
357534,episodic_length,271.0
357840,episodic_return,927.8792520869163
357840,episodic_length,305.0
358264,episodic_return,1148.1696430926108
358264,episodic_length,423.0
358400,value_loss,0.004877101629972458
358400,policy_loss,-0.010896101593971252
358400,approx_kl,0.003004215657711029
358400,clipfrac,0.037158203125
358400,explained_variance,0.9494045898318291
358400,sps,555.0
358400,kl_beta,2.0
358545,episodic_return,908.8016017606537
358545,episodic_length,280.0
359081,episodic_return,1852.8187037008458
359081,episodic_length,535.0
359307,episodic_return,727.7399517324538
359307,episodic_length,225.0
359500,episodic_return,621.5414371470039
359500,episodic_length,192.0
359800,episodic_return,955.324800143959
359800,episodic_length,299.0
360095,episodic_return,895.7567937509453
360095,episodic_length,294.0
360448,value_loss,0.008097692392766476
360448,policy_loss,-0.11104072630405426
360448,approx_kl,0.02204900234937668
360448,clipfrac,0.09345703125
360448,explained_variance,0.9487034305930138
360448,sps,555.0
360448,kl_beta,4.0
360449,episodic_return,882.4303538864852
360449,episodic_length,353.0
360766,episodic_return,1127.0997586667586
360766,episodic_length,316.0
361057,episodic_return,818.0612719356286
361057,episodic_length,290.0
361305,episodic_return,804.3402793549784
361305,episodic_length,247.0
361577,episodic_return,808.0462312788017
361577,episodic_length,271.0
361849,episodic_return,716.2764636060598
361849,episodic_length,271.0
362162,episodic_return,952.1134911627822
362162,episodic_length,312.0
362289,episodic_return,344.0311055852072
362289,episodic_length,126.0
362496,value_loss,0.003512223483994603
362496,policy_loss,-0.03425362706184387
362496,approx_kl,0.003581729717552662
362496,clipfrac,0.031884765625
362496,explained_variance,0.9492404907941818
362496,sps,555.0
362496,kl_beta,2.0
362504,episodic_return,703.0789912231846
362504,episodic_length,214.0
362754,episodic_return,828.280482867992
362754,episodic_length,249.0
362998,episodic_return,735.8556710246753
362998,episodic_length,243.0
363305,episodic_return,972.6610497175765
363305,episodic_length,306.0
363591,episodic_return,840.4171348949187
363591,episodic_length,285.0
363873,episodic_return,935.5799184981121
363873,episodic_length,281.0
364127,episodic_return,716.973781489135
364127,episodic_length,253.0
364476,episodic_return,1157.6448088446398
364476,episodic_length,348.0
364544,value_loss,0.003465013112872839
364544,policy_loss,-0.02025015465915203
364544,approx_kl,0.007385578937828541
364544,clipfrac,0.09111328125
364544,explained_variance,0.9650413170456886
364544,sps,555.0
364544,kl_beta,2.0
364760,episodic_return,923.176424773767
364760,episodic_length,283.0
365025,episodic_return,881.3231292550589
365025,episodic_length,264.0
365218,episodic_return,573.2815235460041
365218,episodic_length,192.0
365561,episodic_return,1094.5482278821728
365561,episodic_length,342.0
365827,episodic_return,917.1638959379118
365827,episodic_length,265.0
365995,episodic_return,495.3015263588455
365995,episodic_length,167.0
366190,episodic_return,552.6577106824145
366190,episodic_length,194.0
366521,episodic_return,1066.3905550068107
366521,episodic_length,330.0
366592,value_loss,0.004730332642793655
366592,policy_loss,-0.02977198362350464
366592,approx_kl,0.009466253221035004
366592,clipfrac,0.081689453125
366592,explained_variance,0.9521220177412033
366592,sps,555.0
366592,kl_beta,2.0
366758,episodic_return,721.4674378647225
366758,episodic_length,236.0
367007,episodic_return,774.8751178013537
367007,episodic_length,248.0
367389,episodic_return,1210.528481523107
367389,episodic_length,381.0
367676,episodic_return,871.346872663666
367676,episodic_length,286.0
367921,episodic_return,715.6302651556537
367921,episodic_length,244.0
368155,episodic_return,676.2819840296168
368155,episodic_length,233.0
368469,episodic_return,966.4558665740649
368469,episodic_length,313.0
368640,value_loss,0.02659432962536812
368640,policy_loss,-0.03739848732948303
368640,approx_kl,0.01285697240382433
368640,clipfrac,0.086328125
368640,explained_variance,0.9510133378207684
368640,sps,555.0
368640,kl_beta,2.0
368886,episodic_return,1416.8993596429495
368886,episodic_length,416.0
369168,episodic_return,854.9903402594433
369168,episodic_length,281.0
369472,episodic_return,1008.4866817091428
369472,episodic_length,303.0
369707,episodic_return,740.8963945274859
369707,episodic_length,234.0
370006,episodic_return,997.5063676393058
370006,episodic_length,298.0
370292,episodic_return,795.7569156379736
370292,episodic_length,285.0
370551,episodic_return,824.8416568494139
370551,episodic_length,258.0
370688,value_loss,0.003514042589813471
370688,policy_loss,-0.03596711531281471
370688,approx_kl,0.015684587880969048
370688,clipfrac,0.08505859375
370688,explained_variance,0.9677503556013107
370688,sps,555.0
370688,kl_beta,4.0
371033,episodic_return,1522.2889667586521
371033,episodic_length,481.0
371414,episodic_return,1262.2779467404384
371414,episodic_length,380.0
371718,episodic_return,1030.9399579454093
371718,episodic_length,303.0
371946,episodic_return,704.6316911260652
371946,episodic_length,227.0
372184,episodic_return,741.0913807974425
372184,episodic_length,237.0
372440,episodic_return,863.3022765364581
372440,episodic_length,255.0
372719,episodic_return,910.7867317063855
372719,episodic_length,278.0
372736,value_loss,0.005961893126368523
372736,policy_loss,-0.029557637870311737
372736,approx_kl,0.00722057931125164
372736,clipfrac,0.02861328125
372736,explained_variance,0.9634275622665882
372736,sps,555.0
372736,kl_beta,4.0
373084,episodic_return,1036.0413856920666
373084,episodic_length,364.0
373408,episodic_return,1101.8424369317208
373408,episodic_length,323.0
373958,episodic_return,1701.9120219645024
373958,episodic_length,549.0
374650,episodic_return,2216.0278045428518
374650,episodic_length,691.0
374784,value_loss,0.003262751270085573
374784,policy_loss,-0.016953106969594955
374784,approx_kl,0.004304756410419941
374784,clipfrac,0.031396484375
374784,explained_variance,0.953162107616663
374784,sps,555.0
374784,kl_beta,2.0
375089,episodic_return,1342.2131993280489
375089,episodic_length,438.0
375374,episodic_return,999.0714073068103
375374,episodic_length,284.0
375655,episodic_return,954.3603404026562
375655,episodic_length,280.0
375991,episodic_return,980.3930876256965
375991,episodic_length,335.0
376310,episodic_return,1068.484806039501
376310,episodic_length,318.0
376527,episodic_return,742.2582705723502
376527,episodic_length,216.0
376832,value_loss,0.016864491626620293
376832,policy_loss,-0.09552860260009766
376832,approx_kl,0.014495027251541615
376832,clipfrac,0.09169921875
376832,explained_variance,0.9583027139306068
376832,sps,555.0
376832,kl_beta,2.0
376905,episodic_return,1180.7649004919283
376905,episodic_length,377.0
377315,episodic_return,1404.493652533225
377315,episodic_length,409.0
377559,episodic_return,621.6045331730976
377559,episodic_length,243.0
377852,episodic_return,976.6283198970898
377852,episodic_length,292.0
378097,episodic_return,794.8894024331529
378097,episodic_length,244.0
378370,episodic_return,919.3262872015131
378370,episodic_length,272.0
378726,episodic_return,1204.6239655800582
378726,episodic_length,355.0
378880,value_loss,0.0025999564677476883
378880,policy_loss,-0.03923647478222847
378880,approx_kl,0.010963993147015572
378880,clipfrac,0.08193359375
378880,explained_variance,0.9691262003034353
378880,sps,554.0
378880,kl_beta,2.0
379019,episodic_return,831.2209323945924
379019,episodic_length,292.0
379340,episodic_return,994.2231310381273
379340,episodic_length,320.0
379556,episodic_return,709.8441949552358
379556,episodic_length,215.0
379856,episodic_return,986.3058216667146
379856,episodic_length,299.0
380127,episodic_return,861.6588150292133
380127,episodic_length,270.0
380373,episodic_return,772.8152682176582
380373,episodic_length,245.0
380659,episodic_return,893.424639867596
380659,episodic_length,285.0
380918,episodic_return,716.6200535258193
380918,episodic_length,258.0
380928,value_loss,0.0020876603666692972
380928,policy_loss,-0.0244644433259964
380928,approx_kl,0.011916864663362503
380928,clipfrac,0.082763671875
380928,explained_variance,0.9580190405249596
380928,sps,555.0
380928,kl_beta,2.0
381088,episodic_return,512.2022296874738
381088,episodic_length,169.0
381393,episodic_return,887.1380485430113
381393,episodic_length,304.0
381631,episodic_return,746.925493463143
381631,episodic_length,237.0
382000,episodic_return,1282.016467747228
382000,episodic_length,368.0
382342,episodic_return,1046.4480081442064
382342,episodic_length,341.0
382596,episodic_return,862.8212813677126
382596,episodic_length,253.0
382875,episodic_return,871.4200845092208
382875,episodic_length,278.0
382976,value_loss,0.002956382930278778
382976,policy_loss,-0.06589213013648987
382976,approx_kl,0.012638860382139683
382976,clipfrac,0.081494140625
382976,explained_variance,0.9614140652120113
382976,sps,555.0
382976,kl_beta,2.0
383128,episodic_return,732.3757813895885
383128,episodic_length,252.0
383447,episodic_return,1123.8120565105753
383447,episodic_length,318.0
383692,episodic_return,762.5620521482298
383692,episodic_length,244.0
383953,episodic_return,803.6775439848444
383953,episodic_length,260.0
384142,episodic_return,610.4805497310533
384142,episodic_length,188.0
384373,episodic_return,791.9955313137898
384373,episodic_length,230.0
384597,episodic_return,720.1175151753755
384597,episodic_length,223.0
384974,episodic_return,1305.5452535562488
384974,episodic_length,376.0
385024,value_loss,0.007433201186358929
385024,policy_loss,-0.027925454080104828
385024,approx_kl,0.02740725502371788
385024,clipfrac,0.09443359375
385024,explained_variance,0.9683414995670319
385024,sps,555.0
385024,kl_beta,4.0
385314,episodic_return,1145.6793292415507
385314,episodic_length,339.0
385580,episodic_return,903.967759460761
385580,episodic_length,265.0
385767,episodic_return,590.3312254832979
385767,episodic_length,186.0
386068,episodic_return,1038.8424672061406
386068,episodic_length,300.0
386583,episodic_return,1613.4091673558662
386583,episodic_length,514.0
386930,episodic_return,1135.1131382610388
386930,episodic_length,346.0
387072,value_loss,0.004636818543076515
387072,policy_loss,-0.023670721799135208
387072,approx_kl,0.004295925609767437
387072,clipfrac,0.035302734375
387072,explained_variance,0.9433936104178429
387072,sps,555.0
387072,kl_beta,2.0
387248,episodic_return,902.2851016295159
387248,episodic_length,317.0
387490,episodic_return,681.2055449195781
387490,episodic_length,241.0
387813,episodic_return,1097.6072062378062
387813,episodic_length,322.0
388162,episodic_return,1118.947871138681
388162,episodic_length,348.0
388438,episodic_return,814.0334371953157
388438,episodic_length,275.0
388505,episodic_return,124.33577967751862
388505,episodic_length,66.0
388689,episodic_return,563.3627795531381
388689,episodic_length,183.0
388944,episodic_return,759.2068293237318
388944,episodic_length,254.0
389120,value_loss,0.0025401515886187553
389120,policy_loss,-0.03222271054983139
389120,approx_kl,0.0051704710349440575
389120,clipfrac,0.0755859375
389120,explained_variance,0.9263978973031044
389120,sps,555.0
389120,kl_beta,1.0
389179,episodic_return,740.9552959302267
389179,episodic_length,234.0
389356,episodic_return,582.6284526042141
389356,episodic_length,176.0
389560,episodic_return,677.3853415726464
389560,episodic_length,203.0
390099,episodic_return,1822.3991335718097
390099,episodic_length,538.0
390538,episodic_return,1489.985586829246
390538,episodic_length,438.0
390820,episodic_return,967.5326091942205
390820,episodic_length,281.0
391087,episodic_return,855.2069973475536
391087,episodic_length,266.0
391168,value_loss,0.0030943769961595535
391168,policy_loss,-0.10267708450555801
391168,approx_kl,0.03398420661687851
391168,clipfrac,0.188818359375
391168,explained_variance,0.967747900635004
391168,sps,555.0
391168,kl_beta,2.0
391328,episodic_return,814.8880188454476
391328,episodic_length,240.0
391475,episodic_return,417.61903108289056
391475,episodic_length,146.0
391845,episodic_return,1313.0375765018116
391845,episodic_length,369.0
392098,episodic_return,822.3066404206093
392098,episodic_length,252.0
392469,episodic_return,1191.9120799059597
392469,episodic_length,370.0
392788,episodic_return,1064.6707121787047
392788,episodic_length,318.0
393181,episodic_return,1359.5428736798192
393181,episodic_length,392.0
393216,value_loss,0.002372139133512974
393216,policy_loss,-0.07823723554611206
393216,approx_kl,0.013551045209169388
393216,clipfrac,0.0806640625
393216,explained_variance,0.9716822691261768
393216,sps,555.0
393216,kl_beta,2.0
393449,episodic_return,924.8213667307444
393449,episodic_length,267.0
393690,episodic_return,757.1050328268675
393690,episodic_length,240.0
393955,episodic_return,935.1472369618527
393955,episodic_length,264.0
394035,episodic_return,131.59487689202203
394035,episodic_length,79.0
394294,episodic_return,888.9789991598677
394294,episodic_length,258.0
394832,episodic_return,1869.990401515928
394832,episodic_length,537.0
394902,episodic_return,135.54617400635664
394902,episodic_length,69.0
395264,value_loss,0.02224128507077694
395264,policy_loss,-0.07144878059625626
395264,approx_kl,0.017924074083566666
395264,clipfrac,0.082373046875
395264,explained_variance,0.9101594164967537
395264,sps,555.0
395264,kl_beta,4.0
395313,episodic_return,1292.858850080687
395313,episodic_length,410.0
395702,episodic_return,1210.569364403293
395702,episodic_length,388.0
395940,episodic_return,674.3669828267682
395940,episodic_length,237.0
396214,episodic_return,971.2735239685248
396214,episodic_length,273.0
396398,episodic_return,595.5479526157405
396398,episodic_length,183.0
396666,episodic_return,804.7271725787089
396666,episodic_length,267.0
396932,episodic_return,810.8420701650938
396932,episodic_length,265.0
397147,episodic_return,633.0389046283854
397147,episodic_length,214.0
397312,value_loss,0.0036948146298527718
397312,policy_loss,-0.025189105421304703
397312,approx_kl,0.004580271430313587
397312,clipfrac,0.0357421875
397312,explained_variance,0.9597347751259804
397312,sps,555.0
397312,kl_beta,2.0
397501,episodic_return,1161.7087771794652
397501,episodic_length,353.0
397785,episodic_return,935.374050015101
397785,episodic_length,283.0
398013,episodic_return,651.1070065513705
398013,episodic_length,227.0
398213,episodic_return,526.221342420641
398213,episodic_length,199.0
398461,episodic_return,771.2494262545279
398461,episodic_length,247.0
398754,episodic_return,1052.64947628413
398754,episodic_length,292.0
399031,episodic_return,946.9338284970893
399031,episodic_length,276.0
399324,episodic_return,961.9457099308141
399324,episodic_length,292.0
399360,value_loss,0.0063546523451805115
399360,policy_loss,-0.03358299285173416
399360,approx_kl,0.008483005687594414
399360,clipfrac,0.0822265625
399360,explained_variance,0.950739748775959
399360,sps,555.0
399360,kl_beta,2.0
399582,episodic_return,852.9079830605654
399582,episodic_length,257.0
399903,episodic_return,996.1797057972495
399903,episodic_length,320.0
400291,episodic_return,1089.0063308789108
400291,episodic_length,387.0
400630,episodic_return,1021.596544909876
400630,episodic_length,338.0
400898,episodic_return,896.5903467071569
400898,episodic_length,267.0
401198,episodic_return,1014.0582304679564
401198,episodic_length,299.0
401408,value_loss,0.015960341319441795
401408,policy_loss,-0.07235970348119736
401408,approx_kl,0.010832779109477997
401408,clipfrac,0.10986328125
401408,explained_variance,0.9538045488297939
401408,sps,555.0
401408,kl_beta,2.0
401536,episodic_return,1164.5720367540448
401536,episodic_length,337.0
401778,episodic_return,766.6379812828744
401778,episodic_length,241.0
402080,episodic_return,1038.8854367801073
402080,episodic_length,301.0
402343,episodic_return,849.7224424353501
402343,episodic_length,262.0
402618,episodic_return,834.3398364460705
402618,episodic_length,274.0
403012,episodic_return,1235.807060416429
403012,episodic_length,393.0
403338,episodic_return,1151.3727892568186
403338,episodic_length,325.0
403456,value_loss,0.002873225836083293
403456,policy_loss,-0.0272205863147974
403456,approx_kl,0.008646863512694836
403456,clipfrac,0.09560546875
403456,explained_variance,0.9631492905318737
403456,sps,555.0
403456,kl_beta,2.0
403712,episodic_return,1213.5934591060993
403712,episodic_length,373.0
404040,episodic_return,1034.547607830083
404040,episodic_length,327.0
404324,episodic_return,993.1803748954952
404324,episodic_length,283.0
404705,episodic_return,1427.8516673915838
404705,episodic_length,380.0
405045,episodic_return,1072.9403415726686
405045,episodic_length,339.0
405331,episodic_return,996.5553838717991
405331,episodic_length,285.0
405504,value_loss,0.004108088091015816
405504,policy_loss,-0.038458604365587234
405504,approx_kl,0.012112556025385857
405504,clipfrac,0.0849609375
405504,explained_variance,0.9681802876293659
405504,sps,555.0
405504,kl_beta,2.0
405529,episodic_return,639.8552736359607
405529,episodic_length,197.0
405772,episodic_return,674.9834823466526
405772,episodic_length,242.0
406054,episodic_return,935.8693284750326
406054,episodic_length,281.0
406322,episodic_return,889.7975311277672
406322,episodic_length,267.0
406599,episodic_return,988.1410817911529
406599,episodic_length,276.0
406874,episodic_return,949.6868717653367
406874,episodic_length,274.0
407173,episodic_return,982.4204981461482
407173,episodic_length,298.0
407431,episodic_return,725.4893619158374
407431,episodic_length,257.0
407552,value_loss,0.004442076198756695
407552,policy_loss,-0.04908977821469307
407552,approx_kl,0.010734060779213905
407552,clipfrac,0.07666015625
407552,explained_variance,0.9632781185209751
407552,sps,555.0
407552,kl_beta,2.0
407768,episodic_return,1213.924436455773
407768,episodic_length,336.0
408117,episodic_return,1235.457408772584
408117,episodic_length,348.0
408516,episodic_return,1405.7991257454485
408516,episodic_length,398.0
408884,episodic_return,1218.15478248633
408884,episodic_length,367.0
409147,episodic_return,739.324069155681
409147,episodic_length,262.0
409373,episodic_return,774.6055306174757
409373,episodic_length,225.0
409600,value_loss,0.0016956201288849115
409600,policy_loss,-0.03132277727127075
409600,approx_kl,0.008513766340911388
409600,clipfrac,0.090966796875
409600,explained_variance,0.9594337418675423
409600,sps,555.0
409600,kl_beta,2.0
409679,episodic_return,1022.4848207549545
409679,episodic_length,305.0
409931,episodic_return,832.6532596040353
409931,episodic_length,251.0
410312,episodic_return,1304.6166443110453
410312,episodic_length,380.0
410540,episodic_return,735.89778689959
410540,episodic_length,227.0
410792,episodic_return,728.2777296684629
410792,episodic_length,251.0
411058,episodic_return,862.355034681216
411058,episodic_length,265.0
411302,episodic_return,847.9130386655485
411302,episodic_length,243.0
411515,episodic_return,571.7866209397101
411515,episodic_length,212.0
411648,value_loss,0.0029080603271722794
411648,policy_loss,-0.03507690876722336
411648,approx_kl,0.009175542742013931
411648,clipfrac,0.083984375
411648,explained_variance,0.9646395295858383
411648,sps,555.0
411648,kl_beta,2.0
411875,episodic_return,1116.2712079214714
411875,episodic_length,359.0
412335,episodic_return,1597.3352469638419
412335,episodic_length,459.0
412624,episodic_return,941.3818005860684
412624,episodic_length,288.0
412806,episodic_return,615.9271671252936
412806,episodic_length,181.0
413050,episodic_return,807.900921461912
413050,episodic_length,243.0
413314,episodic_return,943.2260966935464
413314,episodic_length,263.0
413526,episodic_return,696.6578156290175
413526,episodic_length,211.0
413696,value_loss,0.002620622981339693
413696,policy_loss,-0.0519271045923233
413696,approx_kl,0.008642775006592274
413696,clipfrac,0.094873046875
413696,explained_variance,0.9577158242464066
413696,sps,555.0
413696,kl_beta,2.0
413967,episodic_return,1431.7614570469555
413967,episodic_length,440.0
414234,episodic_return,759.3435149689791
414234,episodic_length,266.0
414516,episodic_return,912.2554144132134
414516,episodic_length,281.0
414807,episodic_return,902.827464098394
414807,episodic_length,290.0
415158,episodic_return,1250.5552602117336
415158,episodic_length,350.0
415479,episodic_return,1045.567053254296
415479,episodic_length,320.0
415744,value_loss,0.0021291023585945368
415744,policy_loss,-0.02996882051229477
415744,approx_kl,0.01578337326645851
415744,clipfrac,0.0998046875
415744,explained_variance,0.9724958017468452
415744,sps,555.0
415744,kl_beta,4.0
415776,episodic_return,998.8280797757152
415776,episodic_length,296.0
416048,episodic_return,834.1592034060859
416048,episodic_length,271.0
416152,episodic_return,258.9657622684293
416152,episodic_length,103.0
416427,episodic_return,832.9345942219926
416427,episodic_length,274.0
416674,episodic_return,751.7443018287723
416674,episodic_length,246.0
417050,episodic_return,1297.741783786204
417050,episodic_length,375.0
417296,episodic_return,700.1218982245053
417296,episodic_length,245.0
417527,episodic_return,637.3588438359624
417527,episodic_length,230.0
417792,value_loss,0.007146433927118778
417792,policy_loss,-0.025662008672952652
417792,approx_kl,0.0033526280894875526
417792,clipfrac,0.034765625
417792,explained_variance,0.9576111845672131
417792,sps,555.0
417792,kl_beta,2.0
417843,episodic_return,1061.6599162896396
417843,episodic_length,315.0
418140,episodic_return,938.962231407749
418140,episodic_length,296.0
418500,episodic_return,1258.891782803789
418500,episodic_length,359.0
418796,episodic_return,1054.619593926346
418796,episodic_length,295.0
419072,episodic_return,928.593547148275
419072,episodic_length,275.0
419390,episodic_return,1091.8419101917973
419390,episodic_length,317.0
419651,episodic_return,895.2840567268674
419651,episodic_length,260.0
419840,value_loss,0.006216650363057852
419840,policy_loss,-0.036177344620227814
419840,approx_kl,0.009803812950849533
419840,clipfrac,0.083203125
419840,explained_variance,0.9643062986433506
419840,sps,555.0
419840,kl_beta,2.0
419923,episodic_return,902.5256183164128
419923,episodic_length,271.0
420101,episodic_return,559.9574439733067
420101,episodic_length,177.0
420395,episodic_return,1037.34670060481
420395,episodic_length,293.0
420713,episodic_return,1059.0678356988096
420713,episodic_length,317.0
420969,episodic_return,775.771666801504
420969,episodic_length,255.0
421385,episodic_return,1366.9232263575989
421385,episodic_length,415.0
421729,episodic_return,980.7656228661169
421729,episodic_length,343.0
421888,value_loss,0.006629347801208496
421888,policy_loss,-0.010160444304347038
421888,approx_kl,0.010739277116954327
421888,clipfrac,0.086865234375
421888,explained_variance,0.9654564745724201
421888,sps,555.0
421888,kl_beta,2.0
421951,episodic_return,720.1663245500591
421951,episodic_length,221.0
422235,episodic_return,936.0798819888624
422235,episodic_length,283.0
422545,episodic_return,1070.499710802378
422545,episodic_length,309.0
422821,episodic_return,829.4611437475488
422821,episodic_length,275.0
423023,episodic_return,509.1379741583794
423023,episodic_length,201.0
423260,episodic_return,784.4425975681479
423260,episodic_length,236.0
423596,episodic_return,1006.1686191081578
423596,episodic_length,335.0
423849,episodic_return,801.5302638068888
423849,episodic_length,252.0
423936,value_loss,0.004436745774000883
423936,policy_loss,-0.027970358729362488
423936,approx_kl,0.00790867954492569
423936,clipfrac,0.094873046875
423936,explained_variance,0.9605743326246738
423936,sps,555.0
423936,kl_beta,2.0
424146,episodic_return,965.6606692365555
424146,episodic_length,296.0
424349,episodic_return,552.4791359084599
424349,episodic_length,202.0
424577,episodic_return,669.9212737077995
424577,episodic_length,227.0
424842,episodic_return,791.269097613166
424842,episodic_length,264.0
425105,episodic_return,933.6173567733366
425105,episodic_length,262.0
425536,episodic_return,1463.2785414867997
425536,episodic_length,430.0
425972,episodic_return,1451.6983974419943
425972,episodic_length,435.0
425984,value_loss,0.003973777871578932
425984,policy_loss,-0.0697021558880806
425984,approx_kl,0.01441952958703041
425984,clipfrac,0.074072265625
425984,explained_variance,0.959314402192831
425984,sps,555.0
425984,kl_beta,2.0
426319,episodic_return,1177.1361101136479
426319,episodic_length,346.0
426620,episodic_return,836.2794722870045
426620,episodic_length,300.0
427106,episodic_return,1555.574578812377
427106,episodic_length,485.0
427512,episodic_return,1262.9495643419968
427512,episodic_length,405.0
428032,value_loss,0.0045518409460783005
428032,policy_loss,-0.03139333054423332
428032,approx_kl,0.012850647792220116
428032,clipfrac,0.081640625
428032,explained_variance,0.9482151791453362
428032,sps,555.0
428032,kl_beta,2.0
428090,episodic_return,2046.7756553720887
428090,episodic_length,577.0
428359,episodic_return,839.7855461055909
428359,episodic_length,268.0
428813,episodic_return,1640.6129092091498
428813,episodic_length,453.0
429144,episodic_return,1189.4232639979057
429144,episodic_length,330.0
429397,episodic_return,785.404617148165
429397,episodic_length,252.0
429626,episodic_return,754.3557516736385
429626,episodic_length,228.0
429862,episodic_return,627.6638869592429
429862,episodic_length,235.0
430080,value_loss,0.01275680959224701
430080,policy_loss,-0.02508077397942543
430080,approx_kl,0.009315656498074532
430080,clipfrac,0.076708984375
430080,explained_variance,0.9534613229334354
430080,sps,555.0
430080,kl_beta,2.0
430209,episodic_return,1137.8967539048244
430209,episodic_length,346.0
430426,episodic_return,652.7628283261702
430426,episodic_length,216.0
430767,episodic_return,1140.4255143276878
430767,episodic_length,340.0
431029,episodic_return,849.3692389757626
431029,episodic_length,261.0
431340,episodic_return,1046.6141382635014
431340,episodic_length,310.0
431583,episodic_return,722.8201513939197
431583,episodic_length,242.0
432090,episodic_return,1676.0363635814754
432090,episodic_length,506.0
432128,value_loss,0.0032325349748134613
432128,policy_loss,-0.04478836804628372
432128,approx_kl,0.020773794502019882
432128,clipfrac,0.07783203125
432128,explained_variance,0.959386769682169
432128,sps,555.0
432128,kl_beta,4.0
432336,episodic_return,800.1158273259025
432336,episodic_length,245.0
432616,episodic_return,877.4302671184307
432616,episodic_length,279.0
432966,episodic_return,1089.942569381832
432966,episodic_length,349.0
433378,episodic_return,1313.256381479168
433378,episodic_length,411.0
433871,episodic_return,1768.243223004774
433871,episodic_length,492.0
434176,value_loss,0.026344671845436096
434176,policy_loss,-0.1335146725177765
434176,approx_kl,0.014116235077381134
434176,clipfrac,0.02783203125
434176,explained_variance,0.9591490924358368
434176,sps,554.0
434176,kl_beta,4.0
434272,episodic_return,1254.6398884235991
434272,episodic_length,400.0
434538,episodic_return,843.8481135349253
434538,episodic_length,265.0
434831,episodic_return,1033.443182306062
434831,episodic_length,292.0
435309,episodic_return,1732.68429626994
435309,episodic_length,477.0
435549,episodic_return,708.4404839715119
435549,episodic_length,239.0
435876,episodic_return,1089.7041350875445
435876,episodic_length,326.0
436160,episodic_return,892.3006910260625
436160,episodic_length,283.0
436224,value_loss,0.0038028843700885773
436224,policy_loss,-0.03201252594590187
436224,approx_kl,0.005244520492851734
436224,clipfrac,0.02705078125
436224,explained_variance,0.9619831144809723
436224,sps,554.0
436224,kl_beta,2.0
436405,episodic_return,834.5712578093709
436405,episodic_length,244.0
436654,episodic_return,848.7208092500599
436654,episodic_length,248.0
436980,episodic_return,1109.500503977103
436980,episodic_length,325.0
437388,episodic_return,1275.7243921161396
437388,episodic_length,407.0
437637,episodic_return,626.6867882419901
437637,episodic_length,248.0
437939,episodic_return,1047.641877909042
437939,episodic_length,301.0
438272,value_loss,0.03233097866177559
438272,policy_loss,-0.21301522850990295
438272,approx_kl,0.03894659876823425
438272,clipfrac,0.104248046875
438272,explained_variance,0.9486039616167545
438272,sps,554.0
438272,kl_beta,4.0
438395,episodic_return,1186.6234481672125
438395,episodic_length,455.0
438690,episodic_return,826.4231534741875
438690,episodic_length,294.0
439018,episodic_return,1096.3087255408614
439018,episodic_length,327.0
439628,episodic_return,2214.391451930666
439628,episodic_length,609.0
440216,episodic_return,1895.730985867272
440216,episodic_length,587.0
440320,value_loss,0.006142381578683853
440320,policy_loss,-0.019887026399374008
440320,approx_kl,0.005895974114537239
440320,clipfrac,0.030224609375
440320,explained_variance,0.9653836451470852
440320,sps,554.0
440320,kl_beta,2.0
440481,episodic_return,852.289362025986
440481,episodic_length,264.0
440884,episodic_return,1435.5718762700185
440884,episodic_length,402.0
441184,episodic_return,1050.3212369459827
441184,episodic_length,299.0
441449,episodic_return,803.3637250798403
441449,episodic_length,264.0
441788,episodic_return,1151.7607577844744
441788,episodic_length,338.0
442072,episodic_return,891.1484677244355
442072,episodic_length,283.0
442368,value_loss,0.00625375472009182
442368,policy_loss,-0.049146682024002075
442368,approx_kl,0.01927480846643448
442368,clipfrac,0.07890625
442368,explained_variance,0.963690422475338
442368,sps,554.0
442368,kl_beta,4.0
442512,episodic_return,1362.7484617796483
442512,episodic_length,439.0
442730,episodic_return,721.1581836164256
442730,episodic_length,217.0
443041,episodic_return,1048.6065649878872
443041,episodic_length,310.0
443294,episodic_return,782.6593628657411
443294,episodic_length,252.0
443626,episodic_return,1085.1414145144533
443626,episodic_length,331.0
443917,episodic_return,1028.3617105119133
443917,episodic_length,290.0
444205,episodic_return,1024.785064671546
444205,episodic_length,287.0
444416,value_loss,0.0026971171610057354
444416,policy_loss,-0.023820482194423676
444416,approx_kl,0.004116976633667946
444416,clipfrac,0.030322265625
444416,explained_variance,0.9635359719395638
444416,sps,554.0
444416,kl_beta,2.0
444421,episodic_return,661.7729490457614
444421,episodic_length,215.0
444735,episodic_return,917.0031141815195
444735,episodic_length,313.0
445255,episodic_return,1813.5217953886354
445255,episodic_length,519.0
445485,episodic_return,745.8501583141796
445485,episodic_length,229.0
445816,episodic_return,1200.27105425868
445816,episodic_length,330.0
446281,episodic_return,1557.3023937909104
446281,episodic_length,464.0
446464,value_loss,0.0023114995565265417
446464,policy_loss,-0.071505106985569
446464,approx_kl,0.016284242272377014
446464,clipfrac,0.081982421875
446464,explained_variance,0.9691004529595375
446464,sps,554.0
446464,kl_beta,4.0
446529,episodic_return,848.9063323067477
446529,episodic_length,247.0
446884,episodic_return,1115.4207542893798
446884,episodic_length,354.0
447108,episodic_return,705.4900591176233
447108,episodic_length,223.0
447325,episodic_return,728.3131259844447
447325,episodic_length,216.0
447668,episodic_return,974.1113438307748
447668,episodic_length,342.0
447967,episodic_return,953.867306783866
447967,episodic_length,298.0
448512,value_loss,0.0034186504781246185
448512,policy_loss,-0.01913651078939438
448512,approx_kl,0.0028685005381703377
448512,clipfrac,0.030322265625
448512,explained_variance,0.9563004486262798
448512,sps,554.0
448512,kl_beta,2.0
448691,episodic_return,2512.39394146563
448691,episodic_length,723.0
448977,episodic_return,871.2072078872644
448977,episodic_length,285.0
449352,episodic_return,1299.6391632738782
449352,episodic_length,374.0
449582,episodic_return,754.7470635234434
449582,episodic_length,229.0
449862,episodic_return,916.5930607254521
449862,episodic_length,279.0
450240,episodic_return,1208.1359868364354
450240,episodic_length,377.0
450489,episodic_return,847.0036242151617
450489,episodic_length,248.0
450560,value_loss,0.009951150044798851
450560,policy_loss,-0.05328880250453949
450560,approx_kl,0.01244199275970459
450560,clipfrac,0.07392578125
450560,explained_variance,0.9665721952915192
450560,sps,554.0
450560,kl_beta,2.0
451196,episodic_return,2659.5022206648378
451196,episodic_length,706.0
451418,episodic_return,733.8521895015384
451418,episodic_length,221.0
451795,episodic_return,1222.8987666223318
451795,episodic_length,376.0
452093,episodic_return,975.8670483231989
452093,episodic_length,297.0
452399,episodic_return,965.1015708337327
452399,episodic_length,305.0
452608,value_loss,0.004366676788777113
452608,policy_loss,-0.03563524782657623
452608,approx_kl,0.01400612574070692
452608,clipfrac,0.084716796875
452608,explained_variance,0.9674531482160091
452608,sps,554.0
452608,kl_beta,2.0
452756,episodic_return,1221.9693887216777
452756,episodic_length,356.0
453328,episodic_return,2019.3803803282449
453328,episodic_length,571.0
453664,episodic_return,1041.8927444384865
453664,episodic_length,335.0
454219,episodic_return,1928.135512160787
454219,episodic_length,554.0
454424,episodic_return,603.8096035823049
454424,episodic_length,204.0
454656,value_loss,0.006281114649027586
454656,policy_loss,-0.06455891579389572
454656,approx_kl,0.012525280006229877
454656,clipfrac,0.086865234375
454656,explained_variance,0.9637398086488247
454656,sps,554.0
454656,kl_beta,2.0
454668,episodic_return,824.0083441029177
454668,episodic_length,243.0
454892,episodic_return,687.1436494145219
454892,episodic_length,223.0
455109,episodic_return,547.2101545348702
455109,episodic_length,216.0
455564,episodic_return,1558.6481709441537
455564,episodic_length,454.0
455811,episodic_return,771.1761477349477
455811,episodic_length,246.0
456084,episodic_return,887.468636766746
456084,episodic_length,272.0
456684,episodic_return,1825.0193666387047
456684,episodic_length,599.0
456704,value_loss,0.0028879200108349323
456704,policy_loss,-0.02859911322593689
456704,approx_kl,0.008936047554016113
456704,clipfrac,0.07509765625
456704,explained_variance,0.9548135176301003
456704,sps,554.0
456704,kl_beta,2.0
456954,episodic_return,774.3757552154834
456954,episodic_length,269.0
457224,episodic_return,918.919178753111
457224,episodic_length,269.0
457418,episodic_return,614.3994414434878
457418,episodic_length,193.0
457516,episodic_return,236.85424667505603
457516,episodic_length,97.0
457867,episodic_return,1155.9297641212302
457867,episodic_length,350.0
458153,episodic_return,851.1514700162785
458153,episodic_length,285.0
458532,episodic_return,1349.1998708970143
458532,episodic_length,378.0
458752,value_loss,0.0037389458157122135
458752,policy_loss,-0.027267493307590485
458752,approx_kl,0.007211674004793167
458752,clipfrac,0.070751953125
458752,explained_variance,0.9547470211982727
458752,sps,553.0
458752,kl_beta,2.0
458997,episodic_return,1622.5023351298032
458997,episodic_length,464.0
459296,episodic_return,855.6937183571812
459296,episodic_length,298.0
459806,episodic_return,1657.4376890885678
459806,episodic_length,509.0
460021,episodic_return,594.8267335171828
460021,episodic_length,214.0
460403,episodic_return,1381.5225574849278
460403,episodic_length,381.0
460759,episodic_return,1111.758392017426
460759,episodic_length,355.0
460800,value_loss,0.00236318726092577
460800,policy_loss,-0.04566048085689545
460800,approx_kl,0.009357818402349949
460800,clipfrac,0.084228515625
460800,explained_variance,0.9619447663426399
460800,sps,553.0
460800,kl_beta,2.0
461164,episodic_return,1116.8141666777117
461164,episodic_length,404.0
461649,episodic_return,1631.3787552397125
461649,episodic_length,484.0
461941,episodic_return,1017.5280198702329
461941,episodic_length,291.0
462301,episodic_return,1148.4097366590534
462301,episodic_length,359.0
462613,episodic_return,1020.3796883144954
462613,episodic_length,311.0
462848,value_loss,0.0021932260133326054
462848,policy_loss,-0.07811746746301651
462848,approx_kl,0.014878924004733562
462848,clipfrac,0.069580078125
462848,explained_variance,0.9660088382661343
462848,sps,553.0
462848,kl_beta,2.0
462867,episodic_return,821.8024048108937
462867,episodic_length,253.0
463258,episodic_return,1203.6224061070222
463258,episodic_length,390.0
463515,episodic_return,867.1034007424635
463515,episodic_length,256.0
463645,episodic_return,348.8638150100095
463645,episodic_length,129.0
464521,episodic_return,3235.7149136679955
464521,episodic_length,875.0
464761,episodic_return,817.6517877484645
464761,episodic_length,239.0
464896,value_loss,0.003212165320292115
464896,policy_loss,-0.0671769306063652
464896,approx_kl,0.011643972247838974
464896,clipfrac,0.081787109375
464896,explained_variance,0.9658266454935074
464896,sps,553.0
464896,kl_beta,2.0
465411,episodic_return,2256.1939858624346
465411,episodic_length,649.0
465795,episodic_return,1331.1809682884293
465795,episodic_length,383.0
465986,episodic_return,646.2876497984005
465986,episodic_length,190.0
466234,episodic_return,851.6079238534361
466234,episodic_length,247.0
466531,episodic_return,895.5096140094926
466531,episodic_length,296.0
466821,episodic_return,1042.3183131025266
466821,episodic_length,289.0
466944,value_loss,0.0017272080294787884
466944,policy_loss,0.0032251812517642975
466944,approx_kl,0.00991368480026722
466944,clipfrac,0.064501953125
466944,explained_variance,0.9729034043848515
466944,sps,554.0
466944,kl_beta,2.0
467194,episodic_return,1363.5799438952151
467194,episodic_length,372.0
467801,episodic_return,1980.240913688117
467801,episodic_length,606.0
468194,episodic_return,1330.0445549192593
468194,episodic_length,392.0
468534,episodic_return,1218.9049007309118
468534,episodic_length,339.0
468765,episodic_return,779.2537280325379
468765,episodic_length,230.0
468992,value_loss,0.010601092129945755
468992,policy_loss,-0.07356446236371994
468992,approx_kl,0.014259274117648602
468992,clipfrac,0.08642578125
468992,explained_variance,0.9683295525610447
468992,sps,554.0
468992,kl_beta,2.0
469109,episodic_return,1160.9116830889916
469109,episodic_length,343.0
469382,episodic_return,868.3822140341667
469382,episodic_length,272.0
469870,episodic_return,1589.7149601839353
469870,episodic_length,487.0
470282,episodic_return,1440.8655213050654
470282,episodic_length,411.0
470568,episodic_return,955.9221044000108
470568,episodic_length,285.0
470922,episodic_return,1127.8346814463848
470922,episodic_length,353.0
471040,value_loss,0.005200020968914032
471040,policy_loss,-0.03750529885292053
471040,approx_kl,0.009579542092978954
471040,clipfrac,0.09365234375
471040,explained_variance,0.9692959375679493
471040,sps,554.0
471040,kl_beta,2.0
471253,episodic_return,1107.567447171886
471253,episodic_length,330.0
471515,episodic_return,821.3088893777383
471515,episodic_length,261.0
471743,episodic_return,726.4203287105004
471743,episodic_length,227.0
472143,episodic_return,1417.943164612954
472143,episodic_length,399.0
472421,episodic_return,953.8536172033201
472421,episodic_length,277.0
472670,episodic_return,815.9511311531367
472670,episodic_length,248.0
473062,episodic_return,1102.2104320452004
473062,episodic_length,391.0
473088,value_loss,0.002957363612949848
473088,policy_loss,-0.023143267259001732
473088,approx_kl,0.008574736304581165
473088,clipfrac,0.073583984375
473088,explained_variance,0.9627726338803768
473088,sps,554.0
473088,kl_beta,2.0
473334,episodic_return,910.9003205122173
473334,episodic_length,271.0
473584,episodic_return,836.5962426450491
473584,episodic_length,249.0
473985,episodic_return,1348.6993370981063
473985,episodic_length,400.0
474282,episodic_return,1051.015052051255
474282,episodic_length,296.0
474787,episodic_return,1345.3640217092648
474787,episodic_length,504.0
475070,episodic_return,876.4656944312038
475070,episodic_length,282.0
475136,value_loss,0.013922828249633312
475136,policy_loss,-0.11153098940849304
475136,approx_kl,0.018485264852643013
475136,clipfrac,0.071240234375
475136,explained_variance,0.9718301333487034
475136,sps,554.0
475136,kl_beta,4.0
475381,episodic_return,1071.5088584621917
475381,episodic_length,310.0
475531,episodic_return,432.7630342984299
475531,episodic_length,149.0
475826,episodic_return,1011.1580899410491
475826,episodic_length,294.0
476089,episodic_return,855.7709613566494
476089,episodic_length,262.0
476336,episodic_return,791.9802232705388
476336,episodic_length,246.0
476633,episodic_return,994.6116723559844
476633,episodic_length,296.0
476990,episodic_return,1255.0801713438677
476990,episodic_length,356.0
477184,value_loss,0.004481614101678133
477184,policy_loss,-0.0008266307413578033
477184,approx_kl,0.006276226602494717
477184,clipfrac,0.02529296875
477184,explained_variance,0.9639993794262409
477184,sps,554.0
477184,kl_beta,2.0
477214,episodic_return,744.3108321591187
477214,episodic_length,223.0
477719,episodic_return,1842.9593804956014
477719,episodic_length,504.0
477848,episodic_return,345.40870548553374
477848,episodic_length,128.0
478157,episodic_return,1061.3824468002574
478157,episodic_length,308.0
478470,episodic_return,1059.2645035568764
478470,episodic_length,312.0
478810,episodic_return,1181.7309067855347
478810,episodic_length,339.0
479169,episodic_return,1331.6213336947183
479169,episodic_length,358.0
479232,value_loss,0.0023976590018719435
479232,policy_loss,-0.03715590015053749
479232,approx_kl,0.008472496643662453
479232,clipfrac,0.087255859375
479232,explained_variance,0.9640131257474422
479232,sps,554.0
479232,kl_beta,2.0
479793,episodic_return,2173.9371656927947
479793,episodic_length,623.0
480084,episodic_return,913.9181113221645
480084,episodic_length,290.0
480381,episodic_return,913.1912568310973
480381,episodic_length,296.0
480661,episodic_return,993.8054367708843
480661,episodic_length,279.0
480982,episodic_return,1038.7769061696206
480982,episodic_length,320.0
481280,value_loss,0.0020100704859942198
481280,policy_loss,-0.03303162008523941
481280,approx_kl,0.009795033372938633
481280,clipfrac,0.08291015625
481280,explained_variance,0.9716006573289633
481280,sps,554.0
481280,kl_beta,2.0
481308,episodic_return,1000.4812994117317
481308,episodic_length,325.0
481633,episodic_return,1115.3526544514566
481633,episodic_length,324.0
481970,episodic_return,1124.3839157782652
481970,episodic_length,336.0
482085,episodic_return,291.0097863143637
482085,episodic_length,114.0
482456,episodic_return,1243.8645835327443
482456,episodic_length,370.0
482705,episodic_return,855.3775042306714
482705,episodic_length,248.0
482983,episodic_return,935.5897801451295
482983,episodic_length,277.0
483227,episodic_return,773.795387724028
483227,episodic_length,243.0
483328,value_loss,0.0023596440441906452
483328,policy_loss,-0.02177957072854042
483328,approx_kl,0.005234060809016228
483328,clipfrac,0.077978515625
483328,explained_variance,0.9629432894289494
483328,sps,554.0
483328,kl_beta,1.0
483628,episodic_return,1450.0757792190552
483628,episodic_length,400.0
483764,episodic_return,347.8345260300494
483764,episodic_length,135.0
484255,episodic_return,1692.1066990837637
484255,episodic_length,490.0
484498,episodic_return,853.2131794829343
484498,episodic_length,242.0
484707,episodic_return,706.7799211865209
484707,episodic_length,208.0
485027,episodic_return,1149.59056982037
485027,episodic_length,319.0
485353,episodic_return,1119.0005344237536
485353,episodic_length,325.0
485376,value_loss,0.01436018105596304
485376,policy_loss,0.057374246418476105
485376,approx_kl,0.020922252908349037
485376,clipfrac,0.189892578125
485376,explained_variance,0.9677531607449055
485376,sps,554.0
485376,kl_beta,2.0
485664,episodic_return,1068.5209154315833
485664,episodic_length,310.0
485948,episodic_return,1037.740341468177
485948,episodic_length,283.0
486267,episodic_return,1131.5274021334717
486267,episodic_length,318.0
486515,episodic_return,706.3838283400258
486515,episodic_length,247.0
486753,episodic_return,724.4777178141378
486753,episodic_length,237.0
487057,episodic_return,977.022340966007
487057,episodic_length,303.0
487280,episodic_return,730.8925842587278
487280,episodic_length,222.0
487424,value_loss,0.0033179763704538345
487424,policy_loss,-0.006969762966036797
487424,approx_kl,0.007285117171704769
487424,clipfrac,0.0810546875
487424,explained_variance,0.955647885799408
487424,sps,554.0
487424,kl_beta,2.0
487567,episodic_return,1041.9456449016652
487567,episodic_length,286.0
487823,episodic_return,863.458392037093
487823,episodic_length,255.0
488196,episodic_return,1245.9019143544335
488196,episodic_length,372.0
488488,episodic_return,838.7336033197245
488488,episodic_length,291.0
488767,episodic_return,810.681117530584
488767,episodic_length,278.0
489019,episodic_return,894.2993693383096
489019,episodic_length,251.0
489259,episodic_return,825.4995666600763
489259,episodic_length,239.0
489472,value_loss,0.0038919206708669662
489472,policy_loss,-0.04669053107500076
489472,approx_kl,0.008171605877578259
489472,clipfrac,0.094775390625
489472,explained_variance,0.9595222175121307
489472,sps,554.0
489472,kl_beta,2.0
489511,episodic_return,867.2221717103487
489511,episodic_length,251.0
489767,episodic_return,791.6836772480037
489767,episodic_length,255.0
490042,episodic_return,846.6664168100784
490042,episodic_length,274.0
490280,episodic_return,804.6504329057844
490280,episodic_length,237.0
490499,episodic_return,708.4216199945547
490499,episodic_length,218.0
490907,episodic_return,1454.4351438247443
490907,episodic_length,407.0
491159,episodic_return,783.5471721848298
491159,episodic_length,251.0
491458,episodic_return,1017.398965182651
491458,episodic_length,298.0
491520,value_loss,0.003384700044989586
491520,policy_loss,-0.01006954163312912
491520,approx_kl,0.006039004772901535
491520,clipfrac,0.079248046875
491520,explained_variance,0.9689598008990288
491520,sps,554.0
491520,kl_beta,1.0
491700,episodic_return,848.0558110324486
491700,episodic_length,241.0
491985,episodic_return,933.5926785008539
491985,episodic_length,284.0
492493,episodic_return,1753.125093484948
492493,episodic_length,507.0
492829,episodic_return,1111.371129799416
492829,episodic_length,335.0
493129,episodic_return,1018.4807956282447
493129,episodic_length,299.0
493507,episodic_return,1222.002853138612
493507,episodic_length,377.0
493568,value_loss,0.006055934354662895
493568,policy_loss,-0.07971593737602234
493568,approx_kl,0.026088371872901917
493568,clipfrac,0.16875
493568,explained_variance,0.9594819433987141
493568,sps,554.0
493568,kl_beta,2.0
493773,episodic_return,924.8135689472247
493773,episodic_length,265.0
494091,episodic_return,995.3520563611959
494091,episodic_length,317.0
494407,episodic_return,1129.9498730971961
494407,episodic_length,315.0
494731,episodic_return,1078.5567637756687
494731,episodic_length,323.0
494994,episodic_return,866.6538602709371
494994,episodic_length,262.0
495346,episodic_return,1139.8640886520252
495346,episodic_length,351.0
495496,episodic_return,442.43632364070174
495496,episodic_length,149.0
495616,value_loss,0.015368282794952393
495616,policy_loss,-0.0975780338048935
495616,approx_kl,0.019705602899193764
495616,clipfrac,0.07646484375
495616,explained_variance,0.9655029326677322
495616,sps,554.0
495616,kl_beta,4.0
495737,episodic_return,788.3151875010469
495737,episodic_length,240.0
496086,episodic_return,1209.8757503981074
496086,episodic_length,348.0
496313,episodic_return,765.6240531096728
496313,episodic_length,226.0
496784,episodic_return,1637.9981917963473
496784,episodic_length,470.0
497198,episodic_return,1242.173914021671
497198,episodic_length,413.0
497426,episodic_return,782.7365449271383
497426,episodic_length,227.0
497662,episodic_return,803.4971176744009
497662,episodic_length,235.0
497664,value_loss,0.0032771395053714514
497664,policy_loss,-0.04143832251429558
497664,approx_kl,0.005268123932182789
497664,clipfrac,0.040087890625
497664,explained_variance,0.9576829522848129
497664,sps,554.0
497664,kl_beta,2.0
498049,episodic_return,1297.6623291336787
498049,episodic_length,386.0
498273,episodic_return,769.2505879053164
498273,episodic_length,223.0
498557,episodic_return,1036.5826362914818
498557,episodic_length,283.0
498849,episodic_return,942.2943360531632
498849,episodic_length,291.0
499161,episodic_return,963.7063791742576
499161,episodic_length,311.0
499538,episodic_return,1264.8489281580798
499538,episodic_length,376.0
499712,value_loss,0.0026453547179698944
499712,policy_loss,-0.03075116127729416
499712,approx_kl,0.0077817607671022415
499712,clipfrac,0.066552734375
499712,explained_variance,0.9648304134607315
499712,sps,554.0
499712,kl_beta,2.0
499973,episodic_return,1491.9561013113123
499973,episodic_length,434.0
500236,episodic_return,781.0631821071867
500236,episodic_length,262.0
500694,episodic_return,1433.889722764761
500694,episodic_length,457.0
500908,episodic_return,717.9475778981312
500908,episodic_length,213.0
501335,episodic_return,1550.0635130683434
501335,episodic_length,426.0
501760,value_loss,0.005104745272547007
501760,policy_loss,-0.13557259738445282
501760,approx_kl,0.040045492351055145
501760,clipfrac,0.102685546875
501760,explained_variance,0.9614751264452934
501760,sps,554.0
501760,kl_beta,4.0
501782,episodic_return,1420.0576089481974
501782,episodic_length,446.0
502077,episodic_return,916.4601938355622
502077,episodic_length,294.0
502673,episodic_return,2049.9936987757997
502673,episodic_length,595.0
502939,episodic_return,905.9271176702073
502939,episodic_length,265.0
503264,episodic_return,1098.3122233813858
503264,episodic_length,324.0
503623,episodic_return,1296.6828729377542
503623,episodic_length,358.0
503808,value_loss,0.004052560776472092
503808,policy_loss,-0.03717789426445961
503808,approx_kl,0.008619573898613453
503808,clipfrac,0.034814453125
503808,explained_variance,0.9670185931026936
503808,sps,554.0
503808,kl_beta,4.0
504080,episodic_return,1413.645872841522
504080,episodic_length,456.0
504371,episodic_return,924.0629115954255
504371,episodic_length,290.0
504895,episodic_return,1684.5398661719353
504895,episodic_length,523.0
505195,episodic_return,958.977980314945
505195,episodic_length,299.0
505418,episodic_return,713.6313725787118
505418,episodic_length,222.0
505724,episodic_return,1012.2208961690361
505724,episodic_length,305.0
505856,value_loss,0.0024211008567363024
505856,policy_loss,-0.009881416335701942
505856,approx_kl,0.0027348818257451057
505856,clipfrac,0.02265625
505856,explained_variance,0.9667401239275932
505856,sps,554.0
505856,kl_beta,2.0
506078,episodic_return,1152.939886665747
506078,episodic_length,353.0
506363,episodic_return,777.0982883658108
506363,episodic_length,284.0
506882,episodic_return,1881.6524619416416
506882,episodic_length,518.0
507188,episodic_return,1005.8719670811117
507188,episodic_length,305.0
507710,episodic_return,1728.19157032882
507710,episodic_length,521.0
507904,value_loss,0.001988695003092289
507904,policy_loss,-0.03174886479973793
507904,approx_kl,0.006508020684123039
507904,clipfrac,0.0865234375
507904,explained_variance,0.9746984522789717
507904,sps,554.0
507904,kl_beta,1.0
508090,episodic_return,1044.8299764300348
508090,episodic_length,379.0
508547,episodic_return,1596.1330311808135
508547,episodic_length,456.0
509003,episodic_return,1503.9129384873934
509003,episodic_length,455.0
509284,episodic_return,1023.159646621135
509284,episodic_length,280.0
509790,episodic_return,1655.9214412104739
509790,episodic_length,505.0
509952,value_loss,0.005594647489488125
509952,policy_loss,-0.012047268450260162
509952,approx_kl,0.01267208345234394
509952,clipfrac,0.150439453125
509952,explained_variance,0.9673055075109005
509952,sps,554.0
509952,kl_beta,1.0
509979,episodic_return,634.9920163478615
509979,episodic_length,188.0
510296,episodic_return,1124.9188548483544
510296,episodic_length,316.0
510780,episodic_return,1582.4455483735205
510780,episodic_length,483.0
510991,episodic_return,699.0390761773251
510991,episodic_length,210.0
511347,episodic_return,1087.0831658489838
511347,episodic_length,355.0
511560,episodic_return,718.7504309428659
511560,episodic_length,212.0
511917,episodic_return,1268.139032009157
511917,episodic_length,356.0
512000,value_loss,0.001947812968865037
512000,policy_loss,-0.030206678435206413
512000,approx_kl,0.015887239947915077
512000,clipfrac,0.1783203125
512000,explained_variance,0.9677267633378506
512000,sps,554.0
512000,kl_beta,2.0
512402,episodic_return,1631.8530158953424
512402,episodic_length,484.0
512681,episodic_return,854.839033546841
512681,episodic_length,278.0
513031,episodic_return,1050.8441192657008
513031,episodic_length,349.0
513284,episodic_return,826.1992964692433
513284,episodic_length,252.0
513508,episodic_return,620.7657004898481
513508,episodic_length,223.0
513907,episodic_return,1304.3962274280134
513907,episodic_length,398.0
514048,value_loss,0.00782164465636015
514048,policy_loss,-0.0076821837574243546
514048,approx_kl,0.009501717053353786
514048,clipfrac,0.0796875
514048,explained_variance,0.9583553820848465
514048,sps,554.0
514048,kl_beta,2.0
514504,episodic_return,2092.5401436338743
514504,episodic_length,596.0
515505,episodic_return,3122.6621222485696
515505,episodic_length,1000.0
515878,episodic_return,1146.308021110109
515878,episodic_length,372.0
516096,value_loss,0.008833980187773705
516096,policy_loss,-0.03373589739203453
516096,approx_kl,0.01145191676914692
516096,clipfrac,0.055615234375
516096,explained_variance,0.9296502396464348
516096,sps,554.0
516096,kl_beta,2.0
516393,episodic_return,1672.908349372365
516393,episodic_length,514.0
516925,episodic_return,1799.174460899325
516925,episodic_length,531.0
517223,episodic_return,1026.0954365515806
517223,episodic_length,297.0
517512,episodic_return,778.4081542507217
517512,episodic_length,288.0
517893,episodic_return,1222.7440233269358
517893,episodic_length,380.0
518125,episodic_return,725.1521813374409
518125,episodic_length,231.0
518144,value_loss,0.0031684269197285175
518144,policy_loss,-0.024317488074302673
518144,approx_kl,0.016110867261886597
518144,clipfrac,0.095068359375
518144,explained_variance,0.9612761251628399
518144,sps,554.0
518144,kl_beta,4.0
519050,episodic_return,2713.4759969307834
519050,episodic_length,924.0
519343,episodic_return,947.420145427537
519343,episodic_length,292.0
519662,episodic_return,1009.2973125278498
519662,episodic_length,318.0
519894,episodic_return,719.9634053833653
519894,episodic_length,231.0
520028,episodic_return,372.4322210703902
520028,episodic_length,133.0
520192,value_loss,0.00353552820160985
520192,policy_loss,-0.00921701267361641
520192,approx_kl,0.004448718391358852
520192,clipfrac,0.033056640625
520192,explained_variance,0.964188851416111
520192,sps,554.0
520192,kl_beta,2.0
520346,episodic_return,1022.4231276043196
520346,episodic_length,317.0
520712,episodic_return,1324.5828437819623
520712,episodic_length,365.0
520992,episodic_return,903.8250510039977
520992,episodic_length,279.0
521385,episodic_return,1429.4260513635872
521385,episodic_length,392.0
521778,episodic_return,1329.6459692471287
521778,episodic_length,392.0
522091,episodic_return,1136.8051600076255
522091,episodic_length,312.0
522240,value_loss,0.0030558365397155285
522240,policy_loss,-0.018962984904646873
522240,approx_kl,0.010275392793118954
522240,clipfrac,0.0751953125
522240,explained_variance,0.9697017800062895
522240,sps,554.0
522240,kl_beta,2.0
522390,episodic_return,971.6929298850725
522390,episodic_length,298.0
522594,episodic_return,656.0068566377998
522594,episodic_length,203.0
523141,episodic_return,1912.2927314672377
523141,episodic_length,546.0
523429,episodic_return,991.3882780322219
523429,episodic_length,287.0
523665,episodic_return,807.0697855715454
523665,episodic_length,235.0
524026,episodic_return,1147.3693960198111
524026,episodic_length,360.0
524209,episodic_return,541.0714912590992
524209,episodic_length,182.0
524288,value_loss,0.002393951639533043
524288,policy_loss,-0.04242115840315819
524288,approx_kl,0.010525522753596306
524288,clipfrac,0.081787109375
524288,explained_variance,0.9673390276730061
524288,sps,554.0
524288,kl_beta,2.0
524460,episodic_return,795.465397348786
524460,episodic_length,250.0
524814,episodic_return,1252.3000219049259
524814,episodic_length,353.0
525307,episodic_return,1676.5829242487046
525307,episodic_length,492.0
525782,episodic_return,1672.6785341387208
525782,episodic_length,474.0
525925,episodic_return,410.00065251689705
525925,episodic_length,142.0
526215,episodic_return,1012.9072522691278
526215,episodic_length,289.0
526336,value_loss,0.003044170793145895
526336,policy_loss,-0.04873795062303543
526336,approx_kl,0.01320777926594019
526336,clipfrac,0.0658203125
526336,explained_variance,0.9717065561562777
526336,sps,554.0
526336,kl_beta,2.0
526633,episodic_return,1352.016583031899
526633,episodic_length,417.0
526887,episodic_return,898.4416301302156
526887,episodic_length,253.0
527121,episodic_return,813.9590045547953
527121,episodic_length,233.0
527517,episodic_return,1414.8319595983555
527517,episodic_length,395.0
527765,episodic_return,788.9699887478164
527765,episodic_length,247.0
528295,episodic_return,1988.9361414817772
528295,episodic_length,529.0
528384,value_loss,0.040808580815792084
528384,policy_loss,-0.20307177305221558
528384,approx_kl,0.03342730179429054
528384,clipfrac,0.068115234375
528384,explained_variance,0.9642636068165302
528384,sps,554.0
528384,kl_beta,4.0
528685,episodic_return,1322.134409116497
528685,episodic_length,389.0
529029,episodic_return,1194.320963656346
529029,episodic_length,343.0
529368,episodic_return,980.165711014798
529368,episodic_length,338.0
529923,episodic_return,1968.0976492404523
529923,episodic_length,554.0
530249,episodic_return,1118.1130606788809
530249,episodic_length,325.0
530432,value_loss,0.0059743886813521385
530432,policy_loss,-0.03503982722759247
530432,approx_kl,0.0065894098952412605
530432,clipfrac,0.025
530432,explained_variance,0.9663290046155453
530432,sps,554.0
530432,kl_beta,2.0
530580,episodic_return,1006.5129133018621
530580,episodic_length,330.0
530927,episodic_return,1038.31478709727
530927,episodic_length,346.0
531155,episodic_return,740.9046909260651
531155,episodic_length,227.0
531414,episodic_return,766.3405941547996
531414,episodic_length,258.0
531683,episodic_return,933.0162110580108
531683,episodic_length,268.0
531999,episodic_return,1086.8805912637636
531999,episodic_length,315.0
532409,episodic_return,1421.5180813014315
532409,episodic_length,409.0
532480,value_loss,0.008353859186172485
532480,policy_loss,-0.05691511183977127
532480,approx_kl,0.019863199442625046
532480,clipfrac,0.083203125
532480,explained_variance,0.9699183497577906
532480,sps,554.0
532480,kl_beta,4.0
532732,episodic_return,936.4552165834235
532732,episodic_length,322.0
533067,episodic_return,1086.2505390410583
533067,episodic_length,334.0
533427,episodic_return,1164.7742676912678
533427,episodic_length,359.0
533621,episodic_return,613.6860232559362
533621,episodic_length,193.0
533918,episodic_return,1075.9197123154684
533918,episodic_length,296.0
534436,episodic_return,1607.3513911614957
534436,episodic_length,517.0
534528,value_loss,0.002494947751984
534528,policy_loss,-0.003451373428106308
534528,approx_kl,0.003372037783265114
534528,clipfrac,0.025341796875
534528,explained_variance,0.9492986015975475
534528,sps,554.0
534528,kl_beta,2.0
534809,episodic_return,1249.179502927226
534809,episodic_length,372.0
535172,episodic_return,1288.0974756598107
535172,episodic_length,362.0
535880,episodic_return,2571.864498068628
535880,episodic_length,707.0
536100,episodic_return,720.5211314243556
536100,episodic_length,219.0
536364,episodic_return,942.6493046042929
536364,episodic_length,263.0
536576,value_loss,0.003555916715413332
536576,policy_loss,-0.0493001863360405
536576,approx_kl,0.011770729906857014
536576,clipfrac,0.084765625
536576,explained_variance,0.954907663166523
536576,sps,554.0
536576,kl_beta,2.0
537286,episodic_return,3117.4606503715527
537286,episodic_length,921.0
537425,episodic_return,390.5786694027167
537425,episodic_length,138.0
537652,episodic_return,764.4802179653373
537652,episodic_length,226.0
537923,episodic_return,833.7437486405728
537923,episodic_length,270.0
538313,episodic_return,1221.278853213329
538313,episodic_length,389.0
538624,value_loss,0.008058266714215279
538624,policy_loss,0.02508392184972763
538624,approx_kl,0.010617154650390148
538624,clipfrac,0.068701171875
538624,explained_variance,0.9590940847992897
538624,sps,554.0
538624,kl_beta,2.0
538667,episodic_return,1202.3481279601358
538667,episodic_length,353.0
538966,episodic_return,904.3811279341779
538966,episodic_length,298.0
539224,episodic_return,892.0105433265643
539224,episodic_length,257.0
539379,episodic_return,473.6981206696452
539379,episodic_length,154.0
539616,episodic_return,725.5466451714366
539616,episodic_length,236.0
539807,episodic_return,632.4799381522226
539807,episodic_length,190.0
540372,episodic_return,2052.790128080865
540372,episodic_length,564.0
540672,value_loss,0.007314352318644524
540672,policy_loss,-0.014904428273439407
540672,approx_kl,0.010679878294467926
540672,clipfrac,0.068115234375
540672,explained_variance,0.9613938480615616
540672,sps,554.0
540672,kl_beta,2.0
540808,episodic_return,1488.777506608413
540808,episodic_length,435.0
541075,episodic_return,833.3792092298885
541075,episodic_length,266.0
541404,episodic_return,1025.1902188543131
541404,episodic_length,328.0
541717,episodic_return,1056.147701578549
541717,episodic_length,312.0
541926,episodic_return,710.8042855564348
541926,episodic_length,208.0
542286,episodic_return,1301.4800331616855
542286,episodic_length,359.0
542515,episodic_return,762.0656590818498
542515,episodic_length,228.0
542720,value_loss,0.0027077901177108288
542720,policy_loss,-0.04137641564011574
542720,approx_kl,0.008997192606329918
542720,clipfrac,0.07783203125
542720,explained_variance,0.9575654566287994
542720,sps,554.0
542720,kl_beta,2.0
542847,episodic_return,1016.1507618759803
542847,episodic_length,331.0
543385,episodic_return,1819.214066874326
543385,episodic_length,537.0
543611,episodic_return,708.6716147040315
543611,episodic_length,225.0
544163,episodic_return,1900.6379375247166
544163,episodic_length,551.0
544483,episodic_return,1139.1599655625532
544483,episodic_length,319.0
544726,episodic_return,757.8966063930162
544726,episodic_length,242.0
544768,value_loss,0.0034480872564017773
544768,policy_loss,-0.002670472487807274
544768,approx_kl,0.007117514498531818
544768,clipfrac,0.06953125
544768,explained_variance,0.9587195105850697
544768,sps,554.0
544768,kl_beta,2.0
544983,episodic_return,772.9753395748886
544983,episodic_length,256.0
545196,episodic_return,676.5186476203348
545196,episodic_length,212.0
545573,episodic_return,1406.0309310316538
545573,episodic_length,376.0
545807,episodic_return,758.971977651118
545807,episodic_length,233.0
546532,episodic_return,2613.2813043178867
546532,episodic_length,724.0
546816,value_loss,0.005032453685998917
546816,policy_loss,-0.0593770369887352
546816,approx_kl,0.026165015995502472
546816,clipfrac,0.07822265625
546816,explained_variance,0.9672434441745281
546816,sps,554.0
546816,kl_beta,4.0
546868,episodic_return,1056.428940119643
546868,episodic_length,335.0
546987,episodic_return,304.497298439818
546987,episodic_length,118.0
547608,episodic_return,2085.3619920867022
547608,episodic_length,620.0
547931,episodic_return,1196.1989986572646
547931,episodic_length,322.0
548333,episodic_return,1371.5265297446315
548333,episodic_length,401.0
548864,value_loss,0.0035251134540885687
548864,policy_loss,-0.009679226204752922
548864,approx_kl,0.0043503763154149055
548864,clipfrac,0.0234375
548864,explained_variance,0.9634997099637985
548864,sps,554.0
548864,kl_beta,2.0
548933,episodic_return,2088.452199623439
548933,episodic_length,599.0
549552,episodic_return,2008.4234053177195
549552,episodic_length,618.0
549892,episodic_return,1235.870427647569
549892,episodic_length,339.0
550153,episodic_return,927.2405839144881
550153,episodic_length,260.0
550912,value_loss,0.001607108162716031
550912,policy_loss,-0.039561524987220764
550912,approx_kl,0.008810059167444706
550912,clipfrac,0.061474609375
550912,explained_variance,0.9717272613197565
550912,sps,554.0
550912,kl_beta,2.0
550971,episodic_return,2970.0331547823903
550971,episodic_length,817.0
551354,episodic_return,1110.6021223120622
551354,episodic_length,382.0
551625,episodic_return,894.8024269942882
551625,episodic_length,270.0
552529,episodic_return,3087.115613952636
552529,episodic_length,903.0
552786,episodic_return,911.8005200987088
552786,episodic_length,256.0
552960,value_loss,0.010351230390369892
552960,policy_loss,-0.06248736381530762
552960,approx_kl,0.009638785384595394
552960,clipfrac,0.051953125
552960,explained_variance,0.9571607708930969
552960,sps,554.0
552960,kl_beta,2.0
553110,episodic_return,1066.4848569059434
553110,episodic_length,323.0
553382,episodic_return,826.327099146714
553382,episodic_length,271.0
553997,episodic_return,2124.4946665480807
553997,episodic_length,614.0
554479,episodic_return,1760.281117355617
554479,episodic_length,481.0
555008,value_loss,0.005492989905178547
555008,policy_loss,-0.03475942462682724
555008,approx_kl,0.012768816202878952
555008,clipfrac,0.0734375
555008,explained_variance,0.9656011946499348
555008,sps,554.0
555008,kl_beta,2.0
555109,episodic_return,1920.4690489516324
555109,episodic_length,629.0
555593,episodic_return,1538.457416321988
555593,episodic_length,483.0
555897,episodic_return,966.3169714402428
555897,episodic_length,303.0
556135,episodic_return,691.0467831485711
556135,episodic_length,237.0
556419,episodic_return,971.0902367855437
556419,episodic_length,283.0
556664,episodic_return,793.5735756457846
556664,episodic_length,244.0
557056,value_loss,0.0033998785074800253
557056,policy_loss,-0.020890245214104652
557056,approx_kl,0.0043623680248856544
557056,clipfrac,0.061474609375
557056,explained_variance,0.9617595784366131
557056,sps,554.0
557056,kl_beta,1.0
557155,episodic_return,1589.4089396882105
557155,episodic_length,490.0
557650,episodic_return,1717.925508664163
557650,episodic_length,494.0
558001,episodic_return,1211.7306363730984
558001,episodic_length,350.0
558430,episodic_return,1366.4839235156549
558430,episodic_length,428.0
558691,episodic_return,869.8317579030933
558691,episodic_length,260.0
559027,episodic_return,1212.7062968161306
559027,episodic_length,335.0
559104,value_loss,0.014606127515435219
559104,policy_loss,-0.033084552735090256
559104,approx_kl,0.025645624846220016
559104,clipfrac,0.1400390625
559104,explained_variance,0.9730398543179035
559104,sps,554.0
559104,kl_beta,2.0
559275,episodic_return,818.4277046608537
559275,episodic_length,247.0
559501,episodic_return,662.3285957465457
559501,episodic_length,225.0
559797,episodic_return,1029.5031377821322
559797,episodic_length,295.0
560318,episodic_return,1871.2862379299352
560318,episodic_length,520.0
560626,episodic_return,1093.4149601271786
560626,episodic_length,307.0
560976,episodic_return,1068.5006407261142
560976,episodic_length,349.0
561111,episodic_return,374.7196829594471
561111,episodic_length,134.0
561152,value_loss,0.008678816258907318
561152,policy_loss,-0.029423806816339493
561152,approx_kl,0.007674993947148323
561152,clipfrac,0.089453125
561152,explained_variance,0.960700087249279
561152,sps,554.0
561152,kl_beta,2.0
561383,episodic_return,979.7838248137908
561383,episodic_length,271.0
561745,episodic_return,1180.4462124091879
561745,episodic_length,361.0
562008,episodic_return,823.8932521884568
562008,episodic_length,262.0
562624,episodic_return,2249.8982611327237
562624,episodic_length,615.0
562779,episodic_return,490.6682352705279
562779,episodic_length,154.0
563004,episodic_return,638.5178075500073
563004,episodic_length,224.0
563200,value_loss,0.006447992287576199
563200,policy_loss,-0.0719691663980484
563200,approx_kl,0.01605285331606865
563200,clipfrac,0.066748046875
563200,explained_variance,0.9708327669650316
563200,sps,554.0
563200,kl_beta,4.0
563450,episodic_return,1496.5551475650332
563450,episodic_length,445.0
563713,episodic_return,735.6748356494081
563713,episodic_length,262.0
564025,episodic_return,1148.5842616964003
564025,episodic_length,311.0
564342,episodic_return,1076.7934834806215
564342,episodic_length,316.0
564628,episodic_return,957.0831844768825
564628,episodic_length,285.0
565142,episodic_return,1780.4082963346068
565142,episodic_length,513.0
565248,value_loss,0.031770944595336914
565248,policy_loss,-0.0684749111533165
565248,approx_kl,0.006444497033953667
565248,clipfrac,0.022412109375
565248,explained_variance,0.960907232016325
565248,sps,554.0
565248,kl_beta,2.0
565510,episodic_return,1175.7641267201002
565510,episodic_length,367.0
565855,episodic_return,1051.5459200905816
565855,episodic_length,344.0
566320,episodic_return,1600.4379497702507
566320,episodic_length,464.0
566556,episodic_return,817.107241143815
566556,episodic_length,235.0
566971,episodic_return,1468.6632649477663
566971,episodic_length,414.0
567229,episodic_return,785.3225941081711
567229,episodic_length,257.0
567296,value_loss,0.0038934750482439995
567296,policy_loss,-0.023547589778900146
567296,approx_kl,0.007632670924067497
567296,clipfrac,0.06650390625
567296,explained_variance,0.957410890609026
567296,sps,554.0
567296,kl_beta,2.0
567500,episodic_return,892.409551247125
567500,episodic_length,270.0
567883,episodic_return,1210.549432509103
567883,episodic_length,382.0
568147,episodic_return,917.4177930336647
568147,episodic_length,263.0
568646,episodic_return,1770.589662839105
568646,episodic_length,498.0
568891,episodic_return,817.3585142522288
568891,episodic_length,244.0
569170,episodic_return,984.773523670718
569170,episodic_length,278.0
569344,value_loss,0.0022091572172939777
569344,policy_loss,-0.04412800818681717
569344,approx_kl,0.006823867559432983
569344,clipfrac,0.06357421875
569344,explained_variance,0.9697174001485109
569344,sps,554.0
569344,kl_beta,2.0
569402,episodic_return,822.4709094075394
569402,episodic_length,231.0
569735,episodic_return,1179.4521235629861
569735,episodic_length,332.0
569861,episodic_return,356.60135632247875
569861,episodic_length,125.0
570179,episodic_return,983.0110742819924
570179,episodic_length,317.0
570524,episodic_return,1281.94946075719
570524,episodic_length,344.0
570760,episodic_return,791.4886910899635
570760,episodic_length,235.0
571173,episodic_return,1402.6793425383028
571173,episodic_length,412.0
571392,value_loss,0.0038088459987193346
571392,policy_loss,-0.007435457780957222
571392,approx_kl,0.00908617302775383
571392,clipfrac,0.07109375
571392,explained_variance,0.9633869901299477
571392,sps,554.0
571392,kl_beta,2.0
571554,episodic_return,1353.4161896415699
571554,episodic_length,380.0
571874,episodic_return,968.2750980194756
571874,episodic_length,319.0
572086,episodic_return,695.3182881639361
572086,episodic_length,211.0
572516,episodic_return,1377.5611211020846
572516,episodic_length,429.0
572660,episodic_return,409.80767939705083
572660,episodic_length,143.0
572852,episodic_return,621.334784504623
572852,episodic_length,191.0
572991,episodic_return,391.0642437968026
572991,episodic_length,138.0
573313,episodic_return,1194.634782071513
573313,episodic_length,321.0
573440,value_loss,0.006925918627530336
573440,policy_loss,-0.030602911487221718
573440,approx_kl,0.010913657955825329
573440,clipfrac,0.073095703125
573440,explained_variance,0.9455911368131638
573440,sps,554.0
573440,kl_beta,2.0
573571,episodic_return,810.9689401502501
573571,episodic_length,257.0
573676,episodic_return,264.7063397910466
573676,episodic_length,104.0
574559,episodic_return,2936.0937751833367
574559,episodic_length,882.0
574817,episodic_return,886.6716636568633
574817,episodic_length,257.0
575102,episodic_return,976.1374810553539
575102,episodic_length,284.0
575289,episodic_return,601.8008529420797
575289,episodic_length,186.0
575488,value_loss,0.003243277780711651
575488,policy_loss,-0.019252248108386993
575488,approx_kl,0.006523163989186287
575488,clipfrac,0.063916015625
575488,explained_variance,0.9560518264770508
575488,sps,554.0
575488,kl_beta,1.0
575645,episodic_return,1101.1700955244967
575645,episodic_length,355.0
575963,episodic_return,950.8449198611429
575963,episodic_length,317.0
576436,episodic_return,1553.6480955076163
576436,episodic_length,472.0
577216,episodic_return,2706.3522186931787
577216,episodic_length,779.0
577536,value_loss,0.0019735218957066536
577536,policy_loss,-0.00479482114315033
577536,approx_kl,0.020339790731668472
577536,clipfrac,0.158056640625
577536,explained_variance,0.9644101522862911
577536,sps,554.0
577536,kl_beta,2.0
577719,episodic_return,1665.622453156748
577719,episodic_length,502.0
578098,episodic_return,1338.5746290867542
578098,episodic_length,378.0
578221,episodic_return,334.39520768932147
578221,episodic_length,122.0
578607,episodic_return,1417.5129689004639
578607,episodic_length,385.0
578923,episodic_return,1117.7119577881274
578923,episodic_length,315.0
579215,episodic_return,856.1953922637388
579215,episodic_length,291.0
579288,episodic_return,135.20263448749748
579288,episodic_length,72.0
579584,value_loss,0.007206069305539131
579584,policy_loss,-0.053774990141391754
579584,approx_kl,0.020044203847646713
579584,clipfrac,0.082763671875
579584,explained_variance,0.9590692929923534
579584,sps,554.0
579584,kl_beta,4.0
579704,episodic_return,1501.4576899537356
579704,episodic_length,415.0
579891,episodic_return,605.012097463263
579891,episodic_length,186.0
580204,episodic_return,1095.663230069379
580204,episodic_length,312.0
580709,episodic_return,1568.2292632414308
580709,episodic_length,504.0
581000,episodic_return,1051.7730983085526
581000,episodic_length,290.0
581211,episodic_return,716.7566603723473
581211,episodic_length,210.0
581488,episodic_return,964.7650933708474
581488,episodic_length,276.0
581632,value_loss,0.0043721795082092285
581632,policy_loss,-0.018585067242383957
581632,approx_kl,0.004660041071474552
581632,clipfrac,0.0212890625
581632,explained_variance,0.9629199169576168
581632,sps,554.0
581632,kl_beta,2.0
581984,episodic_return,1712.8465346284981
581984,episodic_length,495.0
582529,episodic_return,1761.4548845449028
582529,episodic_length,544.0
582745,episodic_return,704.6638568650479
582745,episodic_length,215.0
582965,episodic_return,642.6516477843861
582965,episodic_length,219.0
583210,episodic_return,856.6305042091126
583210,episodic_length,244.0
583680,value_loss,0.003298606025055051
583680,policy_loss,-0.013529933989048004
583680,approx_kl,0.0064304061233997345
583680,clipfrac,0.058154296875
583680,explained_variance,0.961803525686264
583680,sps,554.0
583680,kl_beta,1.0
583698,episodic_return,1577.863104899406
583698,episodic_length,487.0
584026,episodic_return,1084.3382812333723
584026,episodic_length,327.0
584375,episodic_return,1090.4798650790567
584375,episodic_length,348.0
584511,episodic_return,366.82679838357967
584511,episodic_length,135.0
584733,episodic_return,715.3859780237995
584733,episodic_length,221.0
584926,episodic_return,654.368984845691
584926,episodic_length,192.0
585500,episodic_return,2144.643644255833
585500,episodic_length,573.0
585728,value_loss,0.0039151618257164955
585728,policy_loss,-0.04408590495586395
585728,approx_kl,0.020824626088142395
585728,clipfrac,0.177392578125
585728,explained_variance,0.9584197476506233
585728,sps,554.0
585728,kl_beta,2.0
585949,episodic_return,1519.1375974508935
585949,episodic_length,448.0
586259,episodic_return,1088.5456761443952
586259,episodic_length,309.0
586458,episodic_return,607.937478880262
586458,episodic_length,198.0
587107,episodic_return,2182.8847896389716
587107,episodic_length,648.0
587559,episodic_return,1639.6177972820744
587559,episodic_length,451.0
587776,value_loss,0.0031972327269613743
587776,policy_loss,-0.008885705843567848
587776,approx_kl,0.010825993493199348
587776,clipfrac,0.06298828125
587776,explained_variance,0.971109451726079
587776,sps,554.0
587776,kl_beta,2.0
587922,episodic_return,1267.492790311734
587922,episodic_length,362.0
588198,episodic_return,969.8536512465232
588198,episodic_length,275.0
588483,episodic_return,841.2571711816629
588483,episodic_length,284.0
588786,episodic_return,936.5030351600687
588786,episodic_length,302.0
589092,episodic_return,960.9667228295193
589092,episodic_length,305.0
589380,episodic_return,970.515388991445
589380,episodic_length,287.0
589777,episodic_return,1366.4711227819291
589777,episodic_length,396.0
589824,value_loss,0.004403235390782356
589824,policy_loss,-0.005531482398509979
589824,approx_kl,0.006342720240354538
589824,clipfrac,0.050439453125
589824,explained_variance,0.9604557640850544
589824,sps,554.0
589824,kl_beta,1.0
590094,episodic_return,1113.8840000936527
590094,episodic_length,316.0
590574,episodic_return,1733.047556375073
590574,episodic_length,479.0
591091,episodic_return,1703.2839803405354
591091,episodic_length,516.0
591395,episodic_return,1034.3765704742611
591395,episodic_length,303.0
591872,value_loss,0.016616348177194595
591872,policy_loss,-0.056306105107069016
591872,approx_kl,0.02083476260304451
591872,clipfrac,0.183154296875
591872,explained_variance,0.9619430117309093
591872,sps,554.0
591872,kl_beta,2.0
591994,episodic_return,2029.7160156404216
591994,episodic_length,598.0
592249,episodic_return,868.3993782974181
592249,episodic_length,254.0
592459,episodic_return,696.2597681706599
592459,episodic_length,209.0
592889,episodic_return,1345.499263910423
592889,episodic_length,429.0
593177,episodic_return,959.9707200206254
593177,episodic_length,287.0
593412,episodic_return,743.0356178482324
593412,episodic_length,234.0
593762,episodic_return,1237.8626236729663
593762,episodic_length,349.0
593920,value_loss,0.002949685789644718
593920,policy_loss,-0.05777725577354431
593920,approx_kl,0.010848995298147202
593920,clipfrac,0.074267578125
593920,explained_variance,0.9671816416084766
593920,sps,554.0
593920,kl_beta,2.0
594183,episodic_return,1427.1620886729816
594183,episodic_length,420.0
594918,episodic_return,2713.8563848163385
594918,episodic_length,734.0
595217,episodic_return,914.6910213567056
595217,episodic_length,298.0
595968,value_loss,0.016745656728744507
595968,policy_loss,-0.057516198605298996
595968,approx_kl,0.008448256179690361
595968,clipfrac,0.062890625
595968,explained_variance,0.9653815776109695
595968,sps,554.0
595968,kl_beta,2.0
596218,episodic_return,3329.8579727794527
596218,episodic_length,1000.0
596443,episodic_return,744.8839071303871
596443,episodic_length,224.0
597444,episodic_return,3170.506488786039
597444,episodic_length,1000.0
597977,episodic_return,1832.1743389074231
597977,episodic_length,532.0
598016,value_loss,0.0028443862684071064
598016,policy_loss,-0.013625115156173706
598016,approx_kl,0.006009690463542938
598016,clipfrac,0.068310546875
598016,explained_variance,0.8460243046283722
598016,sps,554.0
598016,kl_beta,1.0
598358,episodic_return,1176.7933610141565
598358,episodic_length,380.0
599320,episodic_return,3172.4347398552927
599320,episodic_length,961.0
599617,episodic_return,1086.0403955410404
599617,episodic_length,296.0
599746,episodic_return,366.3598213323008
599746,episodic_length,128.0
599989,episodic_return,851.550747413844
599989,episodic_length,242.0
600064,value_loss,0.001741708954796195
600064,policy_loss,-0.08978018164634705
600064,approx_kl,0.023839358240365982
600064,clipfrac,0.157373046875
600064,explained_variance,0.959116917103529
600064,sps,554.0
600064,kl_beta,2.0
600214,episodic_return,725.0506841904341
600214,episodic_length,224.0
600425,episodic_return,705.2827631948004
600425,episodic_length,210.0
600752,episodic_return,926.885387558893
600752,episodic_length,326.0
601030,episodic_return,918.5081371449647
601030,episodic_length,277.0
601388,episodic_return,1203.3252356865635
601388,episodic_length,357.0
601608,episodic_return,758.298895873891
601608,episodic_length,219.0
601819,episodic_return,715.867890279848
601819,episodic_length,210.0
602112,value_loss,0.003991990350186825
602112,policy_loss,-0.011240599676966667
602112,approx_kl,0.007571312598884106
602112,clipfrac,0.059326171875
602112,explained_variance,0.9591278657317162
602112,sps,554.0
602112,kl_beta,2.0
602217,episodic_return,1440.6951723223674
602217,episodic_length,397.0
602491,episodic_return,911.8479063438999
602491,episodic_length,273.0
602716,episodic_return,787.8452613769939
602716,episodic_length,224.0
603488,episodic_return,2843.5071024170998
603488,episodic_length,771.0
603970,episodic_return,1610.8835617553698
603970,episodic_length,481.0
604160,value_loss,0.0015631928108632565
604160,policy_loss,-0.0023601148277521133
604160,approx_kl,0.008518594317138195
604160,clipfrac,0.083203125
604160,explained_variance,0.9685773439705372
604160,sps,554.0
604160,kl_beta,2.0
604857,episodic_return,2906.5534940399607
604857,episodic_length,886.0
605118,episodic_return,892.6178574589619
605118,episodic_length,260.0
605324,episodic_return,683.6958275751304
605324,episodic_length,205.0
605795,episodic_return,1559.5824033302242
605795,episodic_length,470.0
606055,episodic_return,954.7777825359483
606055,episodic_length,259.0
606208,value_loss,0.01119062677025795
606208,policy_loss,-0.05622660368680954
606208,approx_kl,0.011828788556158543
606208,clipfrac,0.0837890625
606208,explained_variance,0.9643008783459663
606208,sps,554.0
606208,kl_beta,2.0
606271,episodic_return,708.2436869267589
606271,episodic_length,215.0
606882,episodic_return,2110.2457046548707
606882,episodic_length,610.0
607153,episodic_return,969.6178801855051
607153,episodic_length,270.0
607390,episodic_return,782.9141418796027
607390,episodic_length,236.0
607633,episodic_return,758.4132261267117
607633,episodic_length,242.0
607920,episodic_return,941.3140870678709
607920,episodic_length,286.0
608256,value_loss,0.004362796433269978
608256,policy_loss,-0.025908391922712326
608256,approx_kl,0.003986509516835213
608256,clipfrac,0.050634765625
608256,explained_variance,0.9740254264324903
608256,sps,554.0
608256,kl_beta,1.0
608299,episodic_return,1268.8484684448933
608299,episodic_length,378.0
608681,episodic_return,1412.945505060702
608681,episodic_length,381.0
609143,episodic_return,1654.7951803937874
609143,episodic_length,461.0
609440,episodic_return,985.3807869544726
609440,episodic_length,296.0
609932,episodic_return,1640.6991174558673
609932,episodic_length,491.0
610135,episodic_return,662.3519008142031
610135,episodic_length,202.0
610304,value_loss,0.002206508070230484
610304,policy_loss,-0.006406530737876892
610304,approx_kl,0.023631367832422256
610304,clipfrac,0.151806640625
610304,explained_variance,0.9794072974473238
610304,sps,554.0
610304,kl_beta,2.0
610508,episodic_return,1238.4507533970327
610508,episodic_length,372.0
610719,episodic_return,714.9602068652791
610719,episodic_length,210.0
610937,episodic_return,748.9164194931843
610937,episodic_length,217.0
611404,episodic_return,1675.001328132986
611404,episodic_length,466.0
611628,episodic_return,754.0165301183249
611628,episodic_length,223.0
611915,episodic_return,950.8316119453949
611915,episodic_length,286.0
612352,value_loss,0.002310892567038536
612352,policy_loss,-0.013108009472489357
612352,approx_kl,0.008352580480277538
612352,clipfrac,0.068994140625
612352,explained_variance,0.9638612009584904
612352,sps,554.0
612352,kl_beta,2.0
612721,episodic_return,2827.9359004883954
612721,episodic_length,805.0
613039,episodic_return,1178.911078793286
613039,episodic_length,317.0
613363,episodic_return,1084.589921928346
613363,episodic_length,323.0
613571,episodic_return,724.2951948362758
613571,episodic_length,207.0
613773,episodic_return,701.9049119472461
613773,episodic_length,201.0
614034,episodic_return,901.3621518686144
614034,episodic_length,260.0
614281,episodic_return,798.253807642148
614281,episodic_length,246.0
614400,value_loss,0.0014457812067121267
614400,policy_loss,-0.01324344053864479
614400,approx_kl,0.00843005906790495
614400,clipfrac,0.049072265625
614400,explained_variance,0.9669344909489155
614400,sps,554.0
614400,kl_beta,2.0
614491,episodic_return,683.8524497977177
614491,episodic_length,209.0
614996,episodic_return,1644.7637615552972
614996,episodic_length,504.0
615275,episodic_return,1024.1053926869333
615275,episodic_length,278.0
615919,episodic_return,2116.0909731908405
615919,episodic_length,643.0
616173,episodic_return,821.3313044404557
616173,episodic_length,253.0
616448,value_loss,0.0020680397283285856
616448,policy_loss,-0.019564060494303703
616448,approx_kl,0.007293188013136387
616448,clipfrac,0.068310546875
616448,explained_variance,0.9668830223381519
616448,sps,554.0
616448,kl_beta,2.0
616500,episodic_return,1095.453841461914
616500,episodic_length,326.0
616715,episodic_return,775.7375872342077
616715,episodic_length,214.0
617088,episodic_return,1364.9762434219776
617088,episodic_length,372.0
617368,episodic_return,1018.3273759758395
617368,episodic_length,279.0
617686,episodic_return,1157.928226597952
617686,episodic_length,317.0
617906,episodic_return,789.049323618
617906,episodic_length,219.0
618496,value_loss,0.023711709305644035
618496,policy_loss,-0.037568457424640656
618496,approx_kl,0.010053455829620361
618496,clipfrac,0.06650390625
618496,explained_variance,0.971379091963172
618496,sps,554.0
618496,kl_beta,2.0
618500,episodic_return,2079.265769084171
618500,episodic_length,593.0
618944,episodic_return,1464.777661336355
618944,episodic_length,443.0
619138,episodic_return,596.262931958245
619138,episodic_length,193.0
619471,episodic_return,904.3666003248668
619471,episodic_length,332.0
619738,episodic_return,922.7878978834568
619738,episodic_length,266.0
620102,episodic_return,1187.1477032266325
620102,episodic_length,363.0
620430,episodic_return,989.1387354214555
620430,episodic_length,327.0
620544,value_loss,0.003339810762554407
620544,policy_loss,-0.02310907281935215
620544,approx_kl,0.005803884007036686
620544,clipfrac,0.0427734375
620544,explained_variance,0.9327373430132866
620544,sps,554.0
620544,kl_beta,1.0
621036,episodic_return,1897.8657514289512
621036,episodic_length,605.0
621405,episodic_return,1310.935438246688
621405,episodic_length,368.0
621714,episodic_return,1027.1715664362855
621714,episodic_length,308.0
622081,episodic_return,1264.9529821938397
622081,episodic_length,366.0
622478,episodic_return,1192.131146390698
622478,episodic_length,396.0
622592,value_loss,0.006283141672611237
622592,policy_loss,-0.16728447377681732
622592,approx_kl,0.031046036630868912
622592,clipfrac,0.14541015625
622592,explained_variance,0.9655029103159904
622592,sps,554.0
622592,kl_beta,2.0
622706,episodic_return,791.4022781300168
622706,episodic_length,227.0
623081,episodic_return,1256.4661325262864
623081,episodic_length,374.0
623331,episodic_return,907.6244843858777
623331,episodic_length,249.0
623714,episodic_return,1227.2563465867431
623714,episodic_length,382.0
624037,episodic_return,1137.3197916330985
624037,episodic_length,322.0
624282,episodic_return,831.903343428521
624282,episodic_length,244.0
624563,episodic_return,944.5558924991948
624563,episodic_length,280.0
624640,value_loss,0.023233920335769653
624640,policy_loss,-0.04859249293804169
624640,approx_kl,0.006662146188318729
624640,clipfrac,0.053466796875
624640,explained_variance,0.9646163694560528
624640,sps,554.0
624640,kl_beta,1.0
624835,episodic_return,936.5741765115149
624835,episodic_length,271.0
625098,episodic_return,828.240195528771
625098,episodic_length,262.0
625335,episodic_return,641.0189734457192
625335,episodic_length,236.0
626249,episodic_return,2798.488390929299
626249,episodic_length,913.0
626436,episodic_return,616.8835881612026
626436,episodic_length,186.0
626688,value_loss,0.006483758334070444
626688,policy_loss,-0.07762591540813446
626688,approx_kl,0.026460912078619003
626688,clipfrac,0.18681640625
626688,explained_variance,0.9551431350409985
626688,sps,554.0
626688,kl_beta,2.0
626760,episodic_return,1197.1622629641088
626760,episodic_length,323.0
626953,episodic_return,651.6815329475884
626953,episodic_length,192.0
627202,episodic_return,793.727764181179
627202,episodic_length,248.0
627265,episodic_return,112.0366544311378
627265,episodic_length,62.0
627506,episodic_return,810.3908809809011
627506,episodic_length,240.0
627673,episodic_return,538.0033058467285
627673,episodic_length,166.0
627952,episodic_return,924.2822576744248
627952,episodic_length,278.0
628238,episodic_return,1039.4622475246438
628238,episodic_length,285.0
628305,episodic_return,119.67256757508322
628305,episodic_length,66.0
628627,episodic_return,1145.7438997051797
628627,episodic_length,321.0
628736,value_loss,0.017777787521481514
628736,policy_loss,-0.06331969052553177
628736,approx_kl,0.013871941715478897
628736,clipfrac,0.06455078125
628736,explained_variance,0.9106064811348915
628736,sps,554.0
628736,kl_beta,2.0
628852,episodic_return,728.1401399872669
628852,episodic_length,224.0
629425,episodic_return,2018.7335790476259
629425,episodic_length,572.0
629864,episodic_return,1460.3981059403845
629864,episodic_length,438.0
630079,episodic_return,746.6315046086575
630079,episodic_length,214.0
630311,episodic_return,819.6794222383984
630311,episodic_length,231.0
630590,episodic_return,1027.4964861526846
630590,episodic_length,278.0
630784,value_loss,0.003137583378702402
630784,policy_loss,0.011779610998928547
630784,approx_kl,0.006124797277152538
630784,clipfrac,0.072412109375
630784,explained_variance,0.9675473384559155
630784,sps,554.0
630784,kl_beta,1.0
631580,episodic_return,3053.2094743045413
631580,episodic_length,989.0
631911,episodic_return,1136.1635230522656
631911,episodic_length,330.0
632175,episodic_return,966.7348591547335
632175,episodic_length,263.0
632307,episodic_return,390.8261551026732
632307,episodic_length,131.0
632539,episodic_return,734.4859810818398
632539,episodic_length,231.0
632832,value_loss,0.002923430409282446
632832,policy_loss,-0.044873472303152084
632832,approx_kl,0.020808879286050797
632832,clipfrac,0.1515625
632832,explained_variance,0.9666042141616344
632832,sps,554.0
632832,kl_beta,2.0
633131,episodic_return,1920.966361005556
633131,episodic_length,591.0
633465,episodic_return,1126.8063851934835
633465,episodic_length,333.0
634075,episodic_return,2159.841580929925
634075,episodic_length,609.0
634386,episodic_return,1102.429268642125
634386,episodic_length,310.0
634880,value_loss,0.0027962313033640385
634880,policy_loss,-0.03215436637401581
634880,approx_kl,0.009688430465757847
634880,clipfrac,0.080029296875
634880,explained_variance,0.9675594121217728
634880,sps,554.0
634880,kl_beta,2.0
634960,episodic_return,1983.6635895917295
634960,episodic_length,573.0
635266,episodic_return,1138.183270404476
635266,episodic_length,305.0
635519,episodic_return,857.7902200595928
635519,episodic_length,252.0
635930,episodic_return,1467.8648822971325
635930,episodic_length,410.0
636267,episodic_return,1157.111220303119
636267,episodic_length,336.0
636519,episodic_return,873.038161215619
636519,episodic_length,251.0
636920,episodic_return,1371.511203853398
636920,episodic_length,400.0
636928,value_loss,0.003461308078840375
636928,policy_loss,-0.029088472947478294
636928,approx_kl,0.011707785539329052
636928,clipfrac,0.057861328125
636928,explained_variance,0.9697324987500906
636928,sps,554.0
636928,kl_beta,2.0
637302,episodic_return,1363.0564017891481
637302,episodic_length,381.0
637555,episodic_return,894.0543897345848
637555,episodic_length,252.0
637814,episodic_return,920.1405386806878
637814,episodic_length,258.0
638065,episodic_return,755.7108108483162
638065,episodic_length,250.0
638403,episodic_return,1179.0620032798881
638403,episodic_length,337.0
638614,episodic_return,656.6074920176867
638614,episodic_length,210.0
638879,episodic_return,821.078201889539
638879,episodic_length,264.0
638976,value_loss,0.010588960722088814
638976,policy_loss,-0.021000713109970093
638976,approx_kl,0.034850940108299255
638976,clipfrac,0.08349609375
638976,explained_variance,0.9671952612698078
638976,sps,554.0
638976,kl_beta,4.0
639124,episodic_return,883.4617651393687
639124,episodic_length,244.0
639454,episodic_return,1125.7837570381423
639454,episodic_length,329.0
639886,episodic_return,1347.2345989438732
639886,episodic_length,431.0
640490,episodic_return,1881.5004492837884
640490,episodic_length,603.0
640671,episodic_return,610.2655412162574
640671,episodic_length,180.0
640958,episodic_return,1011.36569465687
640958,episodic_length,286.0
641024,value_loss,0.0032964942511171103
641024,policy_loss,-0.017977796494960785
641024,approx_kl,0.003001619130373001
641024,clipfrac,0.0169921875
641024,explained_variance,0.9571221992373466
641024,sps,554.0
641024,kl_beta,2.0
641325,episodic_return,1360.3051778752438
641325,episodic_length,366.0
642008,episodic_return,2387.9052773874187
642008,episodic_length,682.0
642264,episodic_return,763.5907466372414
642264,episodic_length,255.0
642623,episodic_return,1300.9611839166748
642623,episodic_length,358.0
642903,episodic_return,940.6879871067144
642903,episodic_length,279.0
643072,value_loss,0.002245779149234295
643072,policy_loss,-0.0035245176404714584
643072,approx_kl,0.012156511656939983
643072,clipfrac,0.058935546875
643072,explained_variance,0.9707092810422182
643072,sps,554.0
643072,kl_beta,2.0
643724,episodic_return,2927.6032306348075
643724,episodic_length,820.0
643888,episodic_return,518.9320356763449
643888,episodic_length,163.0
644183,episodic_return,957.2663463387969
644183,episodic_length,294.0
644513,episodic_return,1215.811739059157
644513,episodic_length,329.0
644823,episodic_return,1110.1859709900577
644823,episodic_length,309.0
645094,episodic_return,847.5094628406857
645094,episodic_length,270.0
645120,value_loss,0.011953257024288177
645120,policy_loss,-0.08074171841144562
645120,approx_kl,0.00958030391484499
645120,clipfrac,0.081396484375
645120,explained_variance,0.9656664617359638
645120,sps,554.0
645120,kl_beta,2.0
645455,episodic_return,1259.818390893379
645455,episodic_length,360.0
645683,episodic_return,755.8315293958209
645683,episodic_length,227.0
646318,episodic_return,2210.3306887747935
646318,episodic_length,634.0
646630,episodic_return,1103.054541449457
646630,episodic_length,311.0
646882,episodic_return,919.1509783660681
646882,episodic_length,251.0
647101,episodic_return,742.9946383611837
647101,episodic_length,218.0
647164,episodic_return,108.11441406323979
647164,episodic_length,62.0
647168,value_loss,0.00363686541095376
647168,policy_loss,-0.04673690348863602
647168,approx_kl,0.007360540330410004
647168,clipfrac,0.05498046875
647168,explained_variance,0.9532893225550652
647168,sps,554.0
647168,kl_beta,2.0
647561,episodic_return,1363.7066216393623
647561,episodic_length,396.0
648033,episodic_return,1717.8924609692706
648033,episodic_length,471.0
648378,episodic_return,1233.5323523959692
648378,episodic_length,344.0
648835,episodic_return,1309.5195227403444
648835,episodic_length,456.0
649158,episodic_return,1167.741648014418
649158,episodic_length,322.0
649216,value_loss,0.0016516761388629675
649216,policy_loss,0.014833321794867516
649216,approx_kl,0.008103216998279095
649216,clipfrac,0.070166015625
649216,explained_variance,0.9647006131708622
649216,sps,554.0
649216,kl_beta,2.0
649409,episodic_return,840.3266951628968
649409,episodic_length,250.0
649788,episodic_return,1435.0786179107185
649788,episodic_length,378.0
650095,episodic_return,984.2911429410736
650095,episodic_length,306.0
650551,episodic_return,1440.7087854569334
650551,episodic_length,455.0
650931,episodic_return,1259.29751739942
650931,episodic_length,379.0
651169,episodic_return,811.5557611281215
651169,episodic_length,237.0
651264,value_loss,0.0014323644572868943
651264,policy_loss,-0.029841305688023567
651264,approx_kl,0.005667754448950291
651264,clipfrac,0.050390625
651264,explained_variance,0.969673303887248
651264,sps,554.0
651264,kl_beta,1.0
652078,episodic_return,3347.817135452716
652078,episodic_length,908.0
652293,episodic_return,735.0243606065702
652293,episodic_length,214.0
652526,episodic_return,774.1883326399405
652526,episodic_length,232.0
652762,episodic_return,801.8158774456666
652762,episodic_length,235.0
653312,value_loss,0.001005853060632944
653312,policy_loss,-0.025733646005392075
653312,approx_kl,0.015369848348200321
653312,clipfrac,0.13251953125
653312,explained_variance,0.9782618172466755
653312,sps,554.0
653312,kl_beta,2.0
653469,episodic_return,2521.548851992509
653469,episodic_length,706.0
653691,episodic_return,756.8914646579227
653691,episodic_length,221.0
653914,episodic_return,680.298556222703
653914,episodic_length,222.0
654244,episodic_return,1104.0267831220165
654244,episodic_length,329.0
654545,episodic_return,1061.3341071041589
654545,episodic_length,300.0
654755,episodic_return,701.4546216904824
654755,episodic_length,209.0
655303,episodic_return,2052.871374935594
655303,episodic_length,547.0
655360,value_loss,0.0016022792551666498
655360,policy_loss,-0.005750600248575211
655360,approx_kl,0.003811867907643318
655360,clipfrac,0.043505859375
655360,explained_variance,0.96969292499125
655360,sps,554.0
655360,kl_beta,1.0
655618,episodic_return,1063.1264223158823
655618,episodic_length,314.0
655834,episodic_return,718.0685355293152
655834,episodic_length,215.0
656191,episodic_return,1271.3066442936033
656191,episodic_length,356.0
656513,episodic_return,1170.2360359694708
656513,episodic_length,321.0
656834,episodic_return,956.8319026663265
656834,episodic_length,320.0
657180,episodic_return,1115.3071976637434
657180,episodic_length,345.0
657408,value_loss,0.00843223836272955
657408,policy_loss,-0.07422646880149841
657408,approx_kl,0.014935432933270931
657408,clipfrac,0.109326171875
657408,explained_variance,0.9739006720483303
657408,sps,554.0
657408,kl_beta,1.0
657604,episodic_return,1441.9448173901426
657604,episodic_length,423.0
658038,episodic_return,1414.291753845797
658038,episodic_length,433.0
658411,episodic_return,1343.6108010469861
658411,episodic_length,372.0
658782,episodic_return,1381.5898610273948
658782,episodic_length,370.0
658981,episodic_return,695.3293351906636
658981,episodic_length,198.0
659304,episodic_return,1101.8465325918069
659304,episodic_length,322.0
659456,value_loss,0.003173980163410306
659456,policy_loss,-0.013533908873796463
659456,approx_kl,0.015788555145263672
659456,clipfrac,0.15
659456,explained_variance,0.9776774793863297
659456,sps,555.0
659456,kl_beta,2.0
659798,episodic_return,1763.1324350968196
659798,episodic_length,493.0
660027,episodic_return,749.4197588504593
660027,episodic_length,228.0
660416,episodic_return,1468.0795682990195
660416,episodic_length,388.0
660649,episodic_return,691.3237674625925
660649,episodic_length,232.0
661038,episodic_return,1284.3322006556923
661038,episodic_length,388.0
661354,episodic_return,1158.2543909965057
661354,episodic_length,315.0
661504,value_loss,0.00591814611107111
661504,policy_loss,0.0069119855761528015
661504,approx_kl,0.006521996110677719
661504,clipfrac,0.053662109375
661504,explained_variance,0.9623403027653694
661504,sps,555.0
661504,kl_beta,1.0
661586,episodic_return,807.5795737556422
661586,episodic_length,231.0
662097,episodic_return,1763.4267319173944
662097,episodic_length,510.0
662654,episodic_return,1852.7462651093222
662654,episodic_length,556.0
663099,episodic_return,1597.4706187606694
663099,episodic_length,444.0
663374,episodic_return,924.2718710928885
663374,episodic_length,274.0
663552,value_loss,0.0025234916247427464
663552,policy_loss,-0.041119158267974854
663552,approx_kl,0.016923896968364716
663552,clipfrac,0.136572265625
663552,explained_variance,0.9701616950333118
663552,sps,555.0
663552,kl_beta,2.0
663584,episodic_return,720.1450720225217
663584,episodic_length,209.0
663857,episodic_return,915.4752197093986
663857,episodic_length,272.0
664091,episodic_return,674.2174209735215
664091,episodic_length,233.0
664342,episodic_return,804.9087918366454
664342,episodic_length,250.0
664656,episodic_return,1001.4560445873747
664656,episodic_length,313.0
665012,episodic_return,1228.6057055363428
665012,episodic_length,355.0
665365,episodic_return,1099.4974221963894
665365,episodic_length,352.0
665600,value_loss,0.0023699039593338966
665600,policy_loss,0.002144787460565567
665600,approx_kl,0.004566509276628494
665600,clipfrac,0.0625
665600,explained_variance,0.9605027139186859
665600,sps,555.0
665600,kl_beta,1.0
665630,episodic_return,988.2540392080094
665630,episodic_length,264.0
665934,episodic_return,966.9087287937282
665934,episodic_length,303.0
666255,episodic_return,1098.5786260311593
666255,episodic_length,320.0
666606,episodic_return,1136.7261842963992
666606,episodic_length,350.0
666863,episodic_return,776.2705353654187
666863,episodic_length,256.0
667246,episodic_return,1347.7591763093349
667246,episodic_length,382.0
667625,episodic_return,1226.0843975534574
667625,episodic_length,378.0
667648,value_loss,0.001938086235895753
667648,policy_loss,-0.07468384504318237
667648,approx_kl,0.016857299953699112
667648,clipfrac,0.142626953125
667648,explained_variance,0.9692618120461702
667648,sps,555.0
667648,kl_beta,2.0
667927,episodic_return,1070.2505547303624
667927,episodic_length,301.0
668257,episodic_return,1212.8378762550647
668257,episodic_length,329.0
668572,episodic_return,1041.6438298976109
668572,episodic_length,314.0
668867,episodic_return,1068.256131932795
668867,episodic_length,294.0
669267,episodic_return,1256.6563468363768
669267,episodic_length,399.0
669696,value_loss,0.018132872879505157
669696,policy_loss,-0.07645481079816818
669696,approx_kl,0.014357740990817547
669696,clipfrac,0.061376953125
669696,explained_variance,0.9583089128136635
669696,sps,555.0
669696,kl_beta,2.0
669905,episodic_return,2216.3395944753024
669905,episodic_length,637.0
670139,episodic_return,814.5760542220588
670139,episodic_length,233.0
670683,episodic_return,1913.0177195334888
670683,episodic_length,543.0
671524,episodic_return,2800.9984121081284
671524,episodic_length,840.0
671744,value_loss,0.0010690644849091768
671744,policy_loss,-0.031893279403448105
671744,approx_kl,0.006353670731186867
671744,clipfrac,0.040771484375
671744,explained_variance,0.9747423771768808
671744,sps,555.0
671744,kl_beta,1.0
671774,episodic_return,895.234475898136
671774,episodic_length,249.0
672065,episodic_return,1093.6125965715253
672065,episodic_length,290.0
672362,episodic_return,1067.6517240352348
672362,episodic_length,296.0
672822,episodic_return,1546.8531707307939
672822,episodic_length,459.0
673160,episodic_return,1129.1144402020427
673160,episodic_length,337.0
673489,episodic_return,1184.906627184402
673489,episodic_length,328.0
673755,episodic_return,849.8343597628252
673755,episodic_length,265.0
673792,value_loss,0.026715831831097603
673792,policy_loss,-0.1030130684375763
673792,approx_kl,0.03141994774341583
673792,clipfrac,0.159130859375
673792,explained_variance,0.9704193882644176
673792,sps,555.0
673792,kl_beta,2.0
673994,episodic_return,846.873599633903
673994,episodic_length,238.0
674552,episodic_return,1939.8636891791205
674552,episodic_length,557.0
674823,episodic_return,951.2293805116913
674823,episodic_length,270.0
675097,episodic_return,898.4286962936668
675097,episodic_length,273.0
675400,episodic_return,1004.7590190111606
675400,episodic_length,302.0
675626,episodic_return,794.9486634744914
675626,episodic_length,225.0
675840,value_loss,0.0017390020657330751
675840,policy_loss,-0.029076863080263138
675840,approx_kl,0.008460620418190956
675840,clipfrac,0.051171875
675840,explained_variance,0.9643386118113995
675840,sps,555.0
675840,kl_beta,2.0
675850,episodic_return,724.8131387461457
675850,episodic_length,223.0
676261,episodic_return,1391.0564407995184
676261,episodic_length,410.0
676641,episodic_return,1304.183997223292
676641,episodic_length,379.0
676905,episodic_return,861.9904148295924
676905,episodic_length,263.0
677308,episodic_return,1389.3600238888087
677308,episodic_length,402.0
677733,episodic_return,1518.993225392954
677733,episodic_length,424.0
677888,value_loss,0.001654626103118062
677888,policy_loss,-0.0024177003651857376
677888,approx_kl,0.004777922295033932
677888,clipfrac,0.049853515625
677888,explained_variance,0.959733884781599
677888,sps,555.0
677888,kl_beta,1.0
678361,episodic_return,2195.0858483064912
678361,episodic_length,627.0
678766,episodic_return,1344.1726861225916
678766,episodic_length,404.0
678968,episodic_return,679.0217584206642
678968,episodic_length,201.0
679292,episodic_return,1152.5298334858926
679292,episodic_length,323.0
679601,episodic_return,1102.6520682777664
679601,episodic_length,308.0
679848,episodic_return,845.5286732157828
679848,episodic_length,246.0
679936,value_loss,0.0018287410493940115
679936,policy_loss,-0.027400529012084007
679936,approx_kl,0.02809031493961811
679936,clipfrac,0.142236328125
679936,explained_variance,0.9747116174548864
679936,sps,555.0
679936,kl_beta,2.0
680000,episodic_return,464.0030489592514
680000,episodic_length,151.0
680318,episodic_return,1094.1405742797208
680318,episodic_length,317.0
680585,episodic_return,983.6785250331718
680585,episodic_length,266.0
680794,episodic_return,705.9677573886497
680794,episodic_length,208.0
681124,episodic_return,1161.5403116287973
681124,episodic_length,329.0
681452,episodic_return,1086.5502951751325
681452,episodic_length,327.0
681671,episodic_return,724.7170898516802
681671,episodic_length,218.0
681876,episodic_return,683.1795525549486
681876,episodic_length,204.0
681984,value_loss,0.0023495485074818134
681984,policy_loss,-0.03318537771701813
681984,approx_kl,0.01446262001991272
681984,clipfrac,0.06650390625
681984,explained_variance,0.9724671840667725
681984,sps,555.0
681984,kl_beta,2.0
682381,episodic_return,1797.5070918641047
682381,episodic_length,504.0
682496,episodic_return,296.0192458472603
682496,episodic_length,114.0
682736,episodic_return,820.9109884491577
682736,episodic_length,239.0
682855,episodic_return,318.3031634807321
682855,episodic_length,118.0
683362,episodic_return,1729.3859005339834
683362,episodic_length,506.0
684032,value_loss,0.028071211650967598
684032,policy_loss,-0.04345933347940445
684032,approx_kl,0.01104100700467825
684032,clipfrac,0.0654296875
684032,explained_variance,0.9446954652667046
684032,sps,555.0
684032,kl_beta,2.0
684197,episodic_return,2882.4566453900156
684197,episodic_length,834.0
684453,episodic_return,877.8276183172528
684453,episodic_length,255.0
685033,episodic_return,1949.6923235865522
685033,episodic_length,579.0
685490,episodic_return,1452.7660604014932
685490,episodic_length,456.0
685839,episodic_return,1276.6581020702702
685839,episodic_length,348.0
686061,episodic_return,736.810406370393
686061,episodic_length,221.0
686080,value_loss,0.001423889771103859
686080,policy_loss,-0.023979047313332558
686080,approx_kl,0.0058181406930089
686080,clipfrac,0.0546875
686080,explained_variance,0.9714134484529495
686080,sps,555.0
686080,kl_beta,1.0
686317,episodic_return,755.316670772425
686317,episodic_length,255.0
686890,episodic_return,1985.4984602537754
686890,episodic_length,572.0
687148,episodic_return,850.3653188388881
687148,episodic_length,257.0
687438,episodic_return,1074.3449216769598
687438,episodic_length,289.0
687681,episodic_return,852.395158829116
687681,episodic_length,242.0
687919,episodic_return,806.9060876076733
687919,episodic_length,237.0
688128,value_loss,0.002349463989958167
688128,policy_loss,-0.03646985441446304
688128,approx_kl,0.014341740868985653
688128,clipfrac,0.12392578125
688128,explained_variance,0.9656949527561665
688128,sps,555.0
688128,kl_beta,1.0
688249,episodic_return,1226.2913813941555
688249,episodic_length,329.0
688562,episodic_return,1066.0371318751615
688562,episodic_length,312.0
688908,episodic_return,1164.839817044266
688908,episodic_length,345.0
689152,episodic_return,814.7454117335841
689152,episodic_length,243.0
689396,episodic_return,795.7988078398113
689396,episodic_length,243.0
689737,episodic_return,1149.9262640734564
689737,episodic_length,340.0
690176,value_loss,0.0018314056796953082
690176,policy_loss,-0.021684814244508743
690176,approx_kl,0.009264889173209667
690176,clipfrac,0.10478515625
690176,explained_variance,0.965956125408411
690176,sps,555.0
690176,kl_beta,1.0
690221,episodic_return,1673.9147936715397
690221,episodic_length,483.0
690472,episodic_return,822.4259027138752
690472,episodic_length,250.0
691071,episodic_return,1969.440058418264
691071,episodic_length,598.0
691361,episodic_return,1068.0932271212241
691361,episodic_length,289.0
691766,episodic_return,1240.4496840395802
691766,episodic_length,404.0
692053,episodic_return,886.1705739007507
692053,episodic_length,286.0
692224,value_loss,0.012618014588952065
692224,policy_loss,-0.06633580476045609
692224,approx_kl,0.015459333546459675
692224,clipfrac,0.122265625
692224,explained_variance,0.9703977406024933
692224,sps,555.0
692224,kl_beta,2.0
692631,episodic_return,2013.0407675514334
692631,episodic_length,577.0
693004,episodic_return,1307.968942190291
693004,episodic_length,372.0
693657,episodic_return,2035.51581466196
693657,episodic_length,652.0
694272,value_loss,0.0026988955214619637
694272,policy_loss,-0.04986778646707535
694272,approx_kl,0.014038436114788055
694272,clipfrac,0.06640625
694272,explained_variance,0.9653461053967476
694272,sps,555.0
694272,kl_beta,2.0
694383,episodic_return,2368.4666802943625
694383,episodic_length,725.0
694655,episodic_return,971.5990452332744
694655,episodic_length,271.0
695199,episodic_return,1953.2623078757938
695199,episodic_length,543.0
695509,episodic_return,949.525894980997
695509,episodic_length,309.0
695865,episodic_return,1114.1441146835339
695865,episodic_length,355.0
696267,episodic_return,1184.0069650141386
696267,episodic_length,401.0
696320,value_loss,0.0032284248154610395
696320,policy_loss,-0.01411399058997631
696320,approx_kl,0.008339080028235912
696320,clipfrac,0.048388671875
696320,explained_variance,0.9594920575618744
696320,sps,555.0
696320,kl_beta,2.0
696358,episodic_return,206.70486707803408
696358,episodic_length,90.0
696843,episodic_return,1714.4862820881242
696843,episodic_length,484.0
697120,episodic_return,962.929837579901
697120,episodic_length,276.0
697469,episodic_return,1141.7633355285602
697469,episodic_length,348.0
697914,episodic_return,1584.2390022841028
697914,episodic_length,444.0
698127,episodic_return,704.17694257407
698127,episodic_length,212.0
698368,value_loss,0.0034020296297967434
698368,policy_loss,0.004812851548194885
698368,approx_kl,0.003816559910774231
698368,clipfrac,0.052490234375
698368,explained_variance,0.9698865097016096
698368,sps,555.0
698368,kl_beta,1.0
698448,episodic_return,1126.4772478782997
698448,episodic_length,320.0
698695,episodic_return,882.7682017169216
698695,episodic_length,246.0
699121,episodic_return,1611.9662960624967
699121,episodic_length,425.0
699556,episodic_return,1569.8579545811149
699556,episodic_length,434.0
700361,episodic_return,2644.1409788272467
700361,episodic_length,804.0
700416,value_loss,0.01670839637517929
700416,policy_loss,-0.003930170089006424
700416,approx_kl,0.007916215807199478
700416,clipfrac,0.0759765625
700416,explained_variance,0.9667534828186035
700416,sps,555.0
700416,kl_beta,1.0
700732,episodic_return,1231.9729091898494
700732,episodic_length,370.0
700968,episodic_return,780.558227219405
700968,episodic_length,235.0
701257,episodic_return,953.7452260135506
701257,episodic_length,288.0
701602,episodic_return,1240.1368303353777
701602,episodic_length,344.0
701984,episodic_return,1320.429846792459
701984,episodic_length,381.0
702284,episodic_return,1112.7039470899708
702284,episodic_length,299.0
702464,value_loss,0.01681809313595295
702464,policy_loss,-0.12246093153953552
702464,approx_kl,0.020845893770456314
702464,clipfrac,0.113818359375
702464,explained_variance,0.9722364228218794
702464,sps,555.0
702464,kl_beta,2.0
702684,episodic_return,1403.2992902890842
702684,episodic_length,399.0
702965,episodic_return,897.4395957014415
702965,episodic_length,280.0
703426,episodic_return,1531.7695411294546
703426,episodic_length,460.0
703659,episodic_return,779.9459812941584
703659,episodic_length,232.0
703960,episodic_return,1044.0557330930906
703960,episodic_length,300.0
704376,episodic_return,1341.7034398224027
704376,episodic_length,415.0
704512,value_loss,0.009436147287487984
704512,policy_loss,-0.2059839516878128
704512,approx_kl,0.02099575847387314
704512,clipfrac,0.04365234375
704512,explained_variance,0.9775442406535149
704512,sps,555.0
704512,kl_beta,4.0
704580,episodic_return,702.3843758982415
704580,episodic_length,203.0
705170,episodic_return,2025.513857047342
705170,episodic_length,589.0
705383,episodic_return,719.9355332649751
705383,episodic_length,212.0
705668,episodic_return,1038.5977596542357
705668,episodic_length,284.0
706018,episodic_return,1278.853532311144
706018,episodic_length,349.0
706348,episodic_return,1132.8337628459806
706348,episodic_length,329.0
706560,value_loss,0.0014916486106812954
706560,policy_loss,-0.005030393600463867
706560,approx_kl,0.0025840681046247482
706560,clipfrac,0.0142578125
706560,explained_variance,0.975617004558444
706560,sps,555.0
706560,kl_beta,2.0
706605,episodic_return,837.1130006165164
706605,episodic_length,256.0
706869,episodic_return,911.0548196371144
706869,episodic_length,263.0
707044,episodic_return,589.0815718572297
707044,episodic_length,174.0
707318,episodic_return,998.2050130857438
707318,episodic_length,273.0
707518,episodic_return,691.815614045119
707518,episodic_length,199.0
707869,episodic_return,1048.1907364842946
707869,episodic_length,350.0
708198,episodic_return,999.3666143794741
708198,episodic_length,328.0
708596,episodic_return,1401.5611070740317
708596,episodic_length,397.0
708608,value_loss,0.014428271912038326
708608,policy_loss,0.018085427582263947
708608,approx_kl,0.010639674961566925
708608,clipfrac,0.05556640625
708608,explained_variance,0.9581417255103588
708608,sps,555.0
708608,kl_beta,2.0
708799,episodic_return,704.5612912226526
708799,episodic_length,202.0
709067,episodic_return,834.2159302590985
709067,episodic_length,267.0
709406,episodic_return,1086.5471314371741
709406,episodic_length,338.0
709689,episodic_return,943.9454627811243
709689,episodic_length,282.0
710059,episodic_return,1201.5690182410713
710059,episodic_length,369.0
710476,episodic_return,1365.7722674756387
710476,episodic_length,416.0
710656,value_loss,0.0017395707545801997
710656,policy_loss,-0.024269944056868553
710656,approx_kl,0.0035666944459080696
710656,clipfrac,0.0365234375
710656,explained_variance,0.9698133450001478
710656,sps,555.0
710656,kl_beta,1.0
710945,episodic_return,1570.403410445176
710945,episodic_length,468.0
711186,episodic_return,874.2517962401676
711186,episodic_length,240.0
711471,episodic_return,973.8030216670414
711471,episodic_length,284.0
711887,episodic_return,1388.0532581592306
711887,episodic_length,415.0
712704,value_loss,0.002617628313601017
712704,policy_loss,-0.0317876823246479
712704,approx_kl,0.015443950891494751
712704,clipfrac,0.12578125
712704,explained_variance,0.963401336222887
712704,sps,555.0
712704,kl_beta,2.0
712708,episodic_return,2907.0319340739898
712708,episodic_length,820.0
713004,episodic_return,970.6084744801584
713004,episodic_length,295.0
713191,episodic_return,644.0189372995897
713191,episodic_length,186.0
713394,episodic_return,576.1167079737271
713394,episodic_length,202.0
713622,episodic_return,785.7716667240168
713622,episodic_length,227.0
713858,episodic_return,759.0467234215466
713858,episodic_length,235.0
714176,episodic_return,1100.3266272417825
714176,episodic_length,317.0
714486,episodic_return,1035.0894497173279
714486,episodic_length,309.0
714752,value_loss,0.002043364569544792
714752,policy_loss,-0.04147776588797569
714752,approx_kl,0.012257331982254982
714752,clipfrac,0.057275390625
714752,explained_variance,0.9653400480747223
714752,sps,555.0
714752,kl_beta,2.0
714762,episodic_return,931.3294728075111
714762,episodic_length,275.0
715095,episodic_return,1241.8306201611585
715095,episodic_length,332.0
715293,episodic_return,688.9828142205815
715293,episodic_length,197.0
715588,episodic_return,1013.0977225144178
715588,episodic_length,294.0
716014,episodic_return,1617.8748165320953
716014,episodic_length,425.0
716281,episodic_return,973.4676734559209
716281,episodic_length,266.0
716800,value_loss,0.001569530344568193
716800,policy_loss,-0.029610542580485344
716800,approx_kl,0.005657740868628025
716800,clipfrac,0.042626953125
716800,explained_variance,0.9760374072939157
716800,sps,555.0
716800,kl_beta,1.0
716935,episodic_return,2340.0309905729127
716935,episodic_length,653.0
717175,episodic_return,849.2171997345615
717175,episodic_length,239.0
717456,episodic_return,1025.743334302253
717456,episodic_length,280.0
717680,episodic_return,752.4027280623266
717680,episodic_length,223.0
718081,episodic_return,1407.9485010451979
718081,episodic_length,400.0
718367,episodic_return,951.3998228343424
718367,episodic_length,285.0
718753,episodic_return,1281.7132167138966
718753,episodic_length,385.0
718848,value_loss,0.0024867276661098003
718848,policy_loss,-0.06097463145852089
718848,approx_kl,0.018631059676408768
718848,clipfrac,0.103759765625
718848,explained_variance,0.9716533068567514
718848,sps,555.0
718848,kl_beta,2.0
719044,episodic_return,1046.736734200011
719044,episodic_length,290.0
719561,episodic_return,1950.1320706443405
719561,episodic_length,516.0
719844,episodic_return,1005.8134922917092
719844,episodic_length,282.0
720115,episodic_return,910.817461363036
720115,episodic_length,270.0
720425,episodic_return,1123.0733299739973
720425,episodic_length,309.0
720767,episodic_return,1281.8307594348587
720767,episodic_length,341.0
720896,value_loss,0.001573828049004078
720896,policy_loss,-0.023435283452272415
720896,approx_kl,0.008839169517159462
720896,clipfrac,0.04072265625
720896,explained_variance,0.9707878455519676
720896,sps,554.0
720896,kl_beta,2.0
721021,episodic_return,775.2192387805285
721021,episodic_length,253.0
721258,episodic_return,782.6172113513393
721258,episodic_length,236.0
721782,episodic_return,1886.2890029063612
721782,episodic_length,523.0
722199,episodic_return,1457.3939939319819
722199,episodic_length,416.0
722451,episodic_return,848.063238595998
722451,episodic_length,251.0
722676,episodic_return,772.0730179504216
722676,episodic_length,224.0
722944,value_loss,0.0028097289614379406
722944,policy_loss,-0.020320303738117218
722944,approx_kl,0.003984434530138969
722944,clipfrac,0.0369140625
722944,explained_variance,0.9662141688168049
722944,sps,555.0
722944,kl_beta,1.0
723007,episodic_return,1088.075369426373
723007,episodic_length,330.0
723448,episodic_return,1583.9911095294042
723448,episodic_length,440.0
723616,episodic_return,551.6084754671208
723616,episodic_length,167.0
723882,episodic_return,942.8425873614428
723882,episodic_length,265.0
724291,episodic_return,1474.7426039913228
724291,episodic_length,408.0
724624,episodic_return,1111.8846164359963
724624,episodic_length,332.0
724992,value_loss,0.005124792922288179
724992,policy_loss,-0.04633493348956108
724992,approx_kl,0.012718108482658863
724992,clipfrac,0.105810546875
724992,explained_variance,0.9691946338862181
724992,sps,555.0
724992,kl_beta,1.0
725043,episodic_return,1465.2868808846852
725043,episodic_length,418.0
725320,episodic_return,914.3882752593202
725320,episodic_length,276.0
725803,episodic_return,1807.2133509621183
725803,episodic_length,482.0
726185,episodic_return,1374.254975966365
726185,episodic_length,381.0
726530,episodic_return,1256.7827812148014
726530,episodic_length,344.0
726798,episodic_return,917.8019212078952
726798,episodic_length,267.0
727040,value_loss,0.001984019298106432
727040,policy_loss,-0.014717831276357174
727040,approx_kl,0.010223464109003544
727040,clipfrac,0.11630859375
727040,explained_variance,0.9734907690435648
727040,sps,555.0
727040,kl_beta,1.0
727106,episodic_return,1138.4175293912315
727106,episodic_length,307.0
727422,episodic_return,1148.7860666134304
727422,episodic_length,315.0
728258,episodic_return,2872.7063726334713
728258,episodic_length,835.0
728956,episodic_return,2200.6750606979595
728956,episodic_length,697.0
729088,value_loss,0.0018095825798809528
729088,policy_loss,-0.014914670027792454
729088,approx_kl,0.011484487913548946
729088,clipfrac,0.102587890625
729088,explained_variance,0.9613831155002117
729088,sps,555.0
729088,kl_beta,1.0
729373,episodic_return,1440.561663602313
729373,episodic_length,416.0
729620,episodic_return,889.4412831306465
729620,episodic_length,246.0
729925,episodic_return,1047.835216341853
729925,episodic_length,304.0
730148,episodic_return,794.6965493979254
730148,episodic_length,222.0
730728,episodic_return,1930.930406624882
730728,episodic_length,579.0
731065,episodic_return,1131.1179581194367
731065,episodic_length,336.0
731136,value_loss,0.0029137434903532267
731136,policy_loss,-0.036640509963035583
731136,approx_kl,0.02123340032994747
731136,clipfrac,0.10205078125
731136,explained_variance,0.9672136195003986
731136,sps,555.0
731136,kl_beta,2.0
731464,episodic_return,1295.1555290359122
731464,episodic_length,398.0
731935,episodic_return,1752.2596374583454
731935,episodic_length,470.0
732154,episodic_return,729.5886821009627
732154,episodic_length,218.0
732411,episodic_return,901.6051774602639
732411,episodic_length,256.0
732739,episodic_return,1121.7057467958962
732739,episodic_length,327.0
733184,value_loss,0.002711383393034339
733184,policy_loss,-0.06031649187207222
733184,approx_kl,0.010704433545470238
733184,clipfrac,0.05859375
733184,explained_variance,0.968666672706604
733184,sps,555.0
733184,kl_beta,2.0
733271,episodic_return,1356.2745247942735
733271,episodic_length,531.0
733898,episodic_return,2210.044957330471
733898,episodic_length,626.0
734176,episodic_return,940.8392694898331
734176,episodic_length,277.0
734721,episodic_return,1736.0625865600916
734721,episodic_length,544.0
734976,episodic_return,835.9843395246431
734976,episodic_length,254.0
735229,episodic_return,870.7500844415848
735229,episodic_length,252.0
735232,value_loss,0.017625093460083008
735232,policy_loss,-0.06377387046813965
735232,approx_kl,0.013069629669189453
735232,clipfrac,0.048583984375
735232,explained_variance,0.95153583958745
735232,sps,555.0
735232,kl_beta,2.0
735495,episodic_return,938.8382210188487
735495,episodic_length,265.0
735744,episodic_return,811.1378407252696
735744,episodic_length,248.0
736084,episodic_return,1249.5390950657174
736084,episodic_length,339.0
736357,episodic_return,893.9358895764731
736357,episodic_length,272.0
737280,value_loss,0.0015441861469298601
737280,policy_loss,-0.04943872615695
737280,approx_kl,0.008089007809758186
737280,clipfrac,0.038330078125
737280,explained_variance,0.9710942376405001
737280,sps,555.0
737280,kl_beta,2.0
737358,episodic_return,3262.162742230345
737358,episodic_length,1000.0
737791,episodic_return,1648.8798920557435
737791,episodic_length,432.0
738162,episodic_return,1349.9063339504112
738162,episodic_length,370.0
738477,episodic_return,1103.90686249033
738477,episodic_length,314.0
738823,episodic_return,1209.190230365832
738823,episodic_length,345.0
738896,episodic_return,123.08694176770415
738896,episodic_length,72.0
739328,value_loss,0.03386807441711426
739328,policy_loss,-0.04611119627952576
739328,approx_kl,0.010597257874906063
739328,clipfrac,0.065869140625
739328,explained_variance,0.8912031054496765
739328,sps,555.0
739328,kl_beta,2.0
739370,episodic_return,1714.7360659853032
739370,episodic_length,473.0
739696,episodic_return,1156.6012852219787
739696,episodic_length,325.0
740065,episodic_return,1384.2847376896846
740065,episodic_length,368.0
740748,episodic_return,2348.564933268609
740748,episodic_length,682.0
741098,episodic_return,1222.6099608551972
741098,episodic_length,349.0
741376,value_loss,0.002273500431329012
741376,policy_loss,-0.016362681984901428
741376,approx_kl,0.004658699035644531
741376,clipfrac,0.049267578125
741376,explained_variance,0.9671409800648689
741376,sps,555.0
741376,kl_beta,1.0
741555,episodic_return,1571.6357940681053
741555,episodic_length,456.0
741818,episodic_return,962.0429156139634
741818,episodic_length,262.0
742158,episodic_return,1065.3421968979335
742158,episodic_length,339.0
742398,episodic_return,868.0515317640139
742398,episodic_length,239.0
742600,episodic_return,685.9028494223031
742600,episodic_length,201.0
743102,episodic_return,1576.893691985413
743102,episodic_length,501.0
743424,value_loss,0.0061275530606508255
743424,policy_loss,-0.019661258906126022
743424,approx_kl,0.019535932689905167
743424,clipfrac,0.1251953125
743424,explained_variance,0.9702376518398523
743424,sps,555.0
743424,kl_beta,2.0
743583,episodic_return,1688.6281636593094
743583,episodic_length,480.0
743902,episodic_return,1187.4222913681042
743902,episodic_length,318.0
744208,episodic_return,1135.9831166480647
744208,episodic_length,305.0
744431,episodic_return,764.0478365191839
744431,episodic_length,222.0
744729,episodic_return,945.4545123674852
744729,episodic_length,297.0
744802,episodic_return,140.82546956546057
744802,episodic_length,72.0
745065,episodic_return,874.5880259191907
745065,episodic_length,262.0
745384,episodic_return,1198.9174050000743
745384,episodic_length,318.0
745472,value_loss,0.014759903773665428
745472,policy_loss,-0.025209158658981323
745472,approx_kl,0.010436516255140305
745472,clipfrac,0.049658203125
745472,explained_variance,0.9473736099898815
745472,sps,555.0
745472,kl_beta,2.0
745668,episodic_return,949.139721883769
745668,episodic_length,283.0
745925,episodic_return,930.1432178516651
745925,episodic_length,256.0
746276,episodic_return,1176.0541287446858
746276,episodic_length,350.0
746540,episodic_return,813.5301515798953
746540,episodic_length,263.0
746938,episodic_return,1452.5715334221163
746938,episodic_length,397.0
747189,episodic_return,906.9635574749402
747189,episodic_length,250.0
747520,value_loss,0.002854673657566309
747520,policy_loss,-0.07300698757171631
747520,approx_kl,0.01114015094935894
747520,clipfrac,0.037939453125
747520,explained_variance,0.9711803738027811
747520,sps,555.0
747520,kl_beta,2.0
747691,episodic_return,1815.8755248946532
747691,episodic_length,501.0
747911,episodic_return,728.2337020410253
747911,episodic_length,219.0
748299,episodic_return,1460.3847824127733
748299,episodic_length,387.0
748523,episodic_return,759.0402045334716
748523,episodic_length,223.0
748749,episodic_return,788.9602956792965
748749,episodic_length,225.0
748954,episodic_return,708.9784715637795
748954,episodic_length,204.0
749288,episodic_return,1188.4779442271083
749288,episodic_length,333.0
749568,value_loss,0.002141137607395649
749568,policy_loss,-0.030438868328928947
749568,approx_kl,0.0055042533203959465
749568,clipfrac,0.030712890625
749568,explained_variance,0.9665473997592926
749568,sps,555.0
749568,kl_beta,1.0
749705,episodic_return,1589.8248205935977
749705,episodic_length,416.0
750009,episodic_return,1124.896416922649
750009,episodic_length,303.0
750475,episodic_return,1623.0711655908792
750475,episodic_length,465.0
750882,episodic_return,1375.1319979926957
750882,episodic_length,406.0
751380,episodic_return,1824.9354980637556
751380,episodic_length,497.0
751576,episodic_return,670.9412037478322
751576,episodic_length,195.0
751616,value_loss,0.002524280222132802
751616,policy_loss,-0.05180676281452179
751616,approx_kl,0.013117708265781403
751616,clipfrac,0.116162109375
751616,explained_variance,0.9732506852596998
751616,sps,555.0
751616,kl_beta,1.0
751887,episodic_return,1138.5005775689124
751887,episodic_length,310.0
752690,episodic_return,2762.610483580274
752690,episodic_length,802.0
753026,episodic_return,1167.6745672051172
753026,episodic_length,335.0
753307,episodic_return,1013.0115875177224
753307,episodic_length,280.0
753664,value_loss,0.006325818132609129
753664,policy_loss,-0.046806253492832184
753664,approx_kl,0.014454363845288754
753664,clipfrac,0.075
753664,explained_variance,0.9792782086879015
753664,sps,555.0
753664,kl_beta,1.0
753675,episodic_return,1088.3039887542743
753675,episodic_length,367.0
753956,episodic_return,918.2484755452809
753956,episodic_length,280.0
754268,episodic_return,1129.0992203789847
754268,episodic_length,311.0
754914,episodic_return,2248.33345964197
754914,episodic_length,645.0
755179,episodic_return,836.5248329605594
755179,episodic_length,264.0
755395,episodic_return,744.2339249967555
755395,episodic_length,215.0
755712,value_loss,0.0016163878608494997
755712,policy_loss,-0.03720831125974655
755712,approx_kl,0.022642195224761963
755712,clipfrac,0.157177734375
755712,explained_variance,0.9722499959170818
755712,sps,555.0
755712,kl_beta,2.0
755791,episodic_return,1368.365365996158
755791,episodic_length,395.0
756070,episodic_return,1027.902431047924
756070,episodic_length,278.0
756191,episodic_return,317.09134004023576
756191,episodic_length,120.0
756543,episodic_return,1234.8420096677555
756543,episodic_length,351.0
756798,episodic_return,844.1047838148444
756798,episodic_length,254.0
757638,episodic_return,2733.082961804133
757638,episodic_length,839.0
757760,value_loss,0.003536997828632593
757760,policy_loss,-0.0550680086016655
757760,approx_kl,0.010854355990886688
757760,clipfrac,0.061669921875
757760,explained_variance,0.9591951370239258
757760,sps,555.0
757760,kl_beta,2.0
757870,episodic_return,803.7440154882996
757870,episodic_length,231.0
758227,episodic_return,1212.681554097798
758227,episodic_length,356.0
758467,episodic_return,820.1970241670774
758467,episodic_length,239.0
758837,episodic_return,1323.67368678816
758837,episodic_length,369.0
759352,episodic_return,1812.466317180692
759352,episodic_length,514.0
759800,episodic_return,1457.893315251214
759800,episodic_length,447.0
759808,value_loss,0.0028990006539970636
759808,policy_loss,-0.011469906195998192
759808,approx_kl,0.008655424229800701
759808,clipfrac,0.047900390625
759808,explained_variance,0.9711876083165407
759808,sps,555.0
759808,kl_beta,2.0
760150,episodic_return,1195.257592769781
760150,episodic_length,349.0
760657,episodic_return,1695.910972912593
760657,episodic_length,506.0
760969,episodic_return,1128.2755184585737
760969,episodic_length,311.0
761291,episodic_return,1031.0272279480687
761291,episodic_length,321.0
761856,value_loss,0.020470278337597847
761856,policy_loss,-0.028454748913645744
761856,approx_kl,0.005222284235060215
761856,clipfrac,0.041015625
761856,explained_variance,0.9727568849921227
761856,sps,555.0
761856,kl_beta,1.0
762088,episodic_return,2725.118580765563
762088,episodic_length,796.0
762509,episodic_return,1444.2837421690067
762509,episodic_length,420.0
763510,episodic_return,3556.8399958590658
763510,episodic_length,1000.0
763733,episodic_return,715.2301962559038
763733,episodic_length,222.0
763841,episodic_return,282.74918256507266
763841,episodic_length,107.0
763904,value_loss,0.010307300835847855
763904,policy_loss,-0.08725577592849731
763904,approx_kl,0.026168957352638245
763904,clipfrac,0.09541015625
763904,explained_variance,0.9372122436761856
763904,sps,555.0
763904,kl_beta,2.0
763989,episodic_return,433.48401353399765
763989,episodic_length,147.0
764697,episodic_return,2356.815111222979
764697,episodic_length,707.0
764823,episodic_return,328.5498815314053
764823,episodic_length,125.0
765271,episodic_return,1509.8200401132244
765271,episodic_length,447.0
765524,episodic_return,816.3809350369384
765524,episodic_length,252.0
765835,episodic_return,1100.3003558279986
765835,episodic_length,310.0
765952,value_loss,0.007873531430959702
765952,policy_loss,-0.0077354200184345245
765952,approx_kl,0.008364522829651833
765952,clipfrac,0.04326171875
765952,explained_variance,0.9609362296760082
765952,sps,555.0
765952,kl_beta,2.0
766052,episodic_return,740.7435647278892
766052,episodic_length,216.0
766341,episodic_return,1012.275707018748
766341,episodic_length,288.0
766612,episodic_return,973.8849230583742
766612,episodic_length,270.0
766936,episodic_return,1104.1356602028734
766936,episodic_length,323.0
767265,episodic_return,1160.891708605707
767265,episodic_length,328.0
768000,value_loss,0.003923650365322828
768000,policy_loss,-0.006683025509119034
768000,approx_kl,0.006702646613121033
768000,clipfrac,0.05498046875
768000,explained_variance,0.9710382241755724
768000,sps,555.0
768000,kl_beta,2.0
768002,episodic_return,2539.059600916461
768002,episodic_length,736.0
768474,episodic_return,1643.2147208060405
768474,episodic_length,471.0
768734,episodic_return,874.4783980743587
768734,episodic_length,259.0
768957,episodic_return,793.7272627197318
768957,episodic_length,222.0
769223,episodic_return,918.2807511547658
769223,episodic_length,265.0
769533,episodic_return,1090.1447193252393
769533,episodic_length,309.0
769879,episodic_return,1237.039593542598
769879,episodic_length,345.0
770048,value_loss,0.004095905926078558
770048,policy_loss,0.004605831578373909
770048,approx_kl,0.014304830692708492
770048,clipfrac,0.039892578125
770048,explained_variance,0.9665895812213421
770048,sps,555.0
770048,kl_beta,2.0
770280,episodic_return,1477.0424441158896
770280,episodic_length,400.0
771281,episodic_return,3174.575884128696
771281,episodic_length,1000.0
771957,episodic_return,2254.923862249922
771957,episodic_length,675.0
772096,value_loss,0.0020339512266218662
772096,policy_loss,-0.06754276901483536
772096,approx_kl,0.03174823150038719
772096,clipfrac,0.061474609375
772096,explained_variance,0.9488526247441769
772096,sps,555.0
772096,kl_beta,4.0
772298,episodic_return,1155.0763178662903
772298,episodic_length,340.0
772538,episodic_return,827.3311407244626
772538,episodic_length,239.0
772790,episodic_return,861.7682255179498
772790,episodic_length,251.0
772996,episodic_return,704.4993860812427
772996,episodic_length,205.0
773398,episodic_return,1470.922653445268
773398,episodic_length,401.0
773650,episodic_return,840.1215022634564
773650,episodic_length,251.0
773906,episodic_return,944.6388260462907
773906,episodic_length,255.0
774144,value_loss,0.001721706474199891
774144,policy_loss,-0.010553814470767975
774144,approx_kl,0.0018196888267993927
774144,clipfrac,0.009814453125
774144,explained_variance,0.9634173922240734
774144,sps,555.0
774144,kl_beta,2.0
774189,episodic_return,974.8992422616202
774189,episodic_length,282.0
774545,episodic_return,1297.9781751175258
774545,episodic_length,355.0
774994,episodic_return,1592.5105867728655
774994,episodic_length,448.0
775455,episodic_return,1648.9693960220563
775455,episodic_length,460.0
775690,episodic_return,765.1350399500167
775690,episodic_length,234.0
776139,episodic_return,1488.611146546277
776139,episodic_length,448.0
776192,value_loss,0.004111384507268667
776192,policy_loss,-0.0370577797293663
776192,approx_kl,0.004709597676992416
776192,clipfrac,0.037451171875
776192,explained_variance,0.9658173657953739
776192,sps,555.0
776192,kl_beta,1.0
776405,episodic_return,873.386089372619
776405,episodic_length,265.0
776950,episodic_return,1949.3262968623417
776950,episodic_length,544.0
777280,episodic_return,1100.5238906327172
777280,episodic_length,329.0
777553,episodic_return,995.5542072772693
777553,episodic_length,272.0
777924,episodic_return,1174.6582631507745
777924,episodic_length,370.0
778152,episodic_return,766.391273135469
778152,episodic_length,227.0
778240,value_loss,0.0031207441352307796
778240,policy_loss,-0.07757727801799774
778240,approx_kl,0.029524341225624084
778240,clipfrac,0.119921875
778240,explained_variance,0.9653435572981834
778240,sps,555.0
778240,kl_beta,2.0
778544,episodic_return,1390.3203803949527
778544,episodic_length,391.0
779026,episodic_return,1815.8263954862841
779026,episodic_length,481.0
779351,episodic_return,1121.8480996344736
779351,episodic_length,324.0
779836,episodic_return,1658.2701820815785
779836,episodic_length,484.0
780042,episodic_return,683.6081170813734
780042,episodic_length,205.0
780288,value_loss,0.002613360993564129
780288,policy_loss,-0.023015929386019707
780288,approx_kl,0.004729271866381168
780288,clipfrac,0.03984375
780288,explained_variance,0.966170571744442
780288,sps,555.0
780288,kl_beta,1.0
780457,episodic_return,1300.9502397864335
780457,episodic_length,414.0
780775,episodic_return,1054.0212553025199
780775,episodic_length,317.0
781016,episodic_return,787.5872443791491
781016,episodic_length,240.0
781320,episodic_return,992.1286186136058
781320,episodic_length,303.0
781770,episodic_return,1666.384892076148
781770,episodic_length,449.0
782179,episodic_return,1386.9918291946174
782179,episodic_length,408.0
782336,value_loss,0.0023972983472049236
782336,policy_loss,-0.056364793330430984
782336,approx_kl,0.018946725875139236
782336,clipfrac,0.108935546875
782336,explained_variance,0.9635969810187817
782336,sps,555.0
782336,kl_beta,2.0
782458,episodic_return,986.4127341790007
782458,episodic_length,278.0
782888,episodic_return,1511.6351143819527
782888,episodic_length,429.0
783249,episodic_return,1238.5599200117183
783249,episodic_length,360.0
783550,episodic_return,1027.0722453411643
783550,episodic_length,300.0
783905,episodic_return,1095.6036728251784
783905,episodic_length,354.0
784384,value_loss,0.0013041927013546228
784384,policy_loss,-0.010979531332850456
784384,approx_kl,0.007503540255129337
784384,clipfrac,0.05966796875
784384,explained_variance,0.9716341570019722
784384,sps,555.0
784384,kl_beta,2.0
784540,episodic_return,2218.7579753372693
784540,episodic_length,634.0
784923,episodic_return,1377.0180883040298
784923,episodic_length,382.0
785303,episodic_return,1366.4797240741905
785303,episodic_length,379.0
785647,episodic_return,1212.9380616619171
785647,episodic_length,343.0
785960,episodic_return,1155.8553935459236
785960,episodic_length,312.0
786265,episodic_return,1140.6710188851819
786265,episodic_length,304.0
786432,value_loss,0.011298052035272121
786432,policy_loss,-0.023617049679160118
786432,approx_kl,0.009452090598642826
786432,clipfrac,0.03017578125
786432,explained_variance,0.9652690775692463
786432,sps,555.0
786432,kl_beta,2.0
786696,episodic_return,1618.4080194878895
786696,episodic_length,430.0
787093,episodic_return,1420.1071738348558
787093,episodic_length,396.0
787467,episodic_return,1314.982018481473
787467,episodic_length,373.0
787700,episodic_return,836.3879432414884
787700,episodic_length,232.0
787992,episodic_return,1036.08362665876
787992,episodic_length,291.0
788303,episodic_return,1087.6906592646171
788303,episodic_length,310.0
788480,value_loss,0.0051371571607887745
788480,policy_loss,0.0034007392823696136
788480,approx_kl,0.009989824146032333
788480,clipfrac,0.052001953125
788480,explained_variance,0.9644613116979599
788480,sps,555.0
788480,kl_beta,2.0
788541,episodic_return,758.2485871462239
788541,episodic_length,237.0
788748,episodic_return,606.8705658389638
788748,episodic_length,206.0
789044,episodic_return,1097.0531422893725
789044,episodic_length,295.0
789420,episodic_return,1361.1453181714505
789420,episodic_length,375.0
789553,episodic_return,355.36492616354684
789553,episodic_length,132.0
789831,episodic_return,963.6147145953861
789831,episodic_length,277.0
790387,episodic_return,1998.2880656354428
790387,episodic_length,555.0
790528,value_loss,0.01993820071220398
790528,policy_loss,-0.06951665133237839
790528,approx_kl,0.011243644170463085
790528,clipfrac,0.043408203125
790528,explained_variance,0.9665954001247883
790528,sps,555.0
790528,kl_beta,2.0
790830,episodic_return,1628.983717343802
790830,episodic_length,442.0
791499,episodic_return,2446.7916183461944
791499,episodic_length,668.0
791825,episodic_return,1054.4388656856718
791825,episodic_length,325.0
792103,episodic_return,951.4200139900901
792103,episodic_length,277.0
792546,episodic_return,1479.5093485556333
792546,episodic_length,442.0
792576,value_loss,0.0031157536432147026
792576,policy_loss,-0.06009318307042122
792576,approx_kl,0.009524835273623466
792576,clipfrac,0.04560546875
792576,explained_variance,0.9688240326941013
792576,sps,555.0
792576,kl_beta,2.0
792621,episodic_return,121.2961972990856
792621,episodic_length,74.0
792684,episodic_return,115.56966564902619
792684,episodic_length,62.0
792917,episodic_return,818.2458745819446
792917,episodic_length,232.0
793310,episodic_return,1304.2752420507609
793310,episodic_length,392.0
793539,episodic_return,752.886860993462
793539,episodic_length,228.0
793786,episodic_return,845.8168514987109
793786,episodic_length,246.0
794105,episodic_return,1122.5025435465966
794105,episodic_length,318.0
794601,episodic_return,1716.1616681810701
794601,episodic_length,495.0
794624,value_loss,0.004014585167169571
794624,policy_loss,-0.007601633667945862
794624,approx_kl,0.0065812719985842705
794624,clipfrac,0.0453125
794624,explained_variance,0.9389836117625237
794624,sps,555.0
794624,kl_beta,1.0
794947,episodic_return,1178.9558008044407
794947,episodic_length,345.0
795055,episodic_return,268.96524992101223
795055,episodic_length,107.0
795447,episodic_return,1343.5112782116873
795447,episodic_length,391.0
795898,episodic_return,1678.9635340929701
795898,episodic_length,450.0
796246,episodic_return,1320.1976218173302
796246,episodic_length,347.0
796565,episodic_return,1192.787400658672
796565,episodic_length,318.0
796672,value_loss,0.00262284092605114
796672,policy_loss,-0.07990910857915878
796672,approx_kl,0.03119415044784546
796672,clipfrac,0.09296875
796672,explained_variance,0.9739195890724659
796672,sps,555.0
796672,kl_beta,2.0
796874,episodic_return,1009.5450179251945
796874,episodic_length,308.0
797036,episodic_return,511.80247776109553
797036,episodic_length,161.0
797879,episodic_return,3043.198616355931
797879,episodic_length,842.0
798365,episodic_return,1701.2178334421778
798365,episodic_length,485.0
798681,episodic_return,1101.6941240556564
798681,episodic_length,315.0
798720,value_loss,0.004811284132301807
798720,policy_loss,-0.038534604012966156
798720,approx_kl,0.006193002685904503
798720,clipfrac,0.03427734375
798720,explained_variance,0.9611826501786709
798720,sps,555.0
798720,kl_beta,1.0
798950,episodic_return,983.2618530921637
798950,episodic_length,268.0
799267,episodic_return,1031.5783835595964
799267,episodic_length,316.0
799444,episodic_return,596.7616860710248
799444,episodic_length,176.0
799711,episodic_return,889.1239949616386
799711,episodic_length,266.0
800095,episodic_return,1361.517811412585
800095,episodic_length,383.0
800768,value_loss,0.023907430469989777
800768,policy_loss,-0.1594734489917755
800768,approx_kl,0.018916243687272072
800768,clipfrac,0.06171875
800768,explained_variance,0.9678860828280449
800768,sps,555.0
800768,kl_beta,2.0
801053,episodic_return,3429.14934809876
801053,episodic_length,957.0
801381,episodic_return,1171.8702898603237
801381,episodic_length,327.0
801730,episodic_return,1212.2016057941235
801730,episodic_length,348.0
801968,episodic_return,789.4719791924471
801968,episodic_length,237.0
802471,episodic_return,1769.1408648373213
802471,episodic_length,502.0
802709,episodic_return,825.498008804525
802709,episodic_length,237.0
802816,value_loss,0.0023635183461010456
802816,policy_loss,-0.017852352932095528
802816,approx_kl,0.005803546868264675
802816,clipfrac,0.043310546875
802816,explained_variance,0.9743470381945372
802816,sps,555.0
802816,kl_beta,1.0
803062,episodic_return,1242.83139012963
803062,episodic_length,352.0
803475,episodic_return,1506.9964847044812
803475,episodic_length,412.0
803992,episodic_return,1885.1235835310124
803992,episodic_length,516.0
804460,episodic_return,1739.178822386997
804460,episodic_length,467.0
804864,value_loss,0.0016338103450834751
804864,policy_loss,-0.014546742662787437
804864,approx_kl,0.00605168379843235
804864,clipfrac,0.0625
804864,explained_variance,0.9782135765999556
804864,sps,555.0
804864,kl_beta,0.5
804989,episodic_return,1712.836386337639
804989,episodic_length,528.0
805368,episodic_return,1359.1912769330988
805368,episodic_length,378.0
805761,episodic_return,1393.419925668842
805761,episodic_length,392.0
806050,episodic_return,1063.1200863537952
806050,episodic_length,288.0
806808,episodic_return,2624.5479893877855
806808,episodic_length,757.0
806912,value_loss,0.002372154500335455
806912,policy_loss,-0.06787717342376709
806912,approx_kl,0.03393437713384628
806912,clipfrac,0.1951171875
806912,explained_variance,0.9771431721746922
806912,sps,555.0
806912,kl_beta,1.0
807095,episodic_return,937.9738010838956
807095,episodic_length,286.0
807369,episodic_return,960.265406973989
807369,episodic_length,273.0
807625,episodic_return,865.9583335218588
807625,episodic_length,255.0
807951,episodic_return,1146.0079852412844
807951,episodic_length,325.0
808366,episodic_return,1469.1038975273689
808366,episodic_length,414.0
808583,episodic_return,751.1775263998995
808583,episodic_length,216.0
808931,episodic_return,1251.0058632898877
808931,episodic_length,347.0
808960,value_loss,0.0017050750320777297
808960,policy_loss,-0.013307826593518257
808960,approx_kl,0.02421395294368267
808960,clipfrac,0.116015625
808960,explained_variance,0.9756190776824951
808960,sps,555.0
808960,kl_beta,2.0
809313,episodic_return,1296.906714145294
809313,episodic_length,381.0
809625,episodic_return,1059.8932909971847
809625,episodic_length,311.0
810051,episodic_return,1547.1752838923069
810051,episodic_length,425.0
810433,episodic_return,1404.4697256811767
810433,episodic_length,381.0
811008,value_loss,0.0011124932207167149
811008,policy_loss,-0.03067868947982788
811008,approx_kl,0.005994008854031563
811008,clipfrac,0.037109375
811008,explained_variance,0.9785736668854952
811008,sps,555.0
811008,kl_beta,1.0
811134,episodic_return,2368.7645242089134
811134,episodic_length,700.0
811998,episodic_return,3202.0870388850435
811998,episodic_length,863.0
812438,episodic_return,1542.306795912408
812438,episodic_length,439.0
812997,episodic_return,1676.030744804608
812997,episodic_length,558.0
813056,value_loss,0.001623440533876419
813056,policy_loss,-0.061893999576568604
813056,approx_kl,0.013728388585150242
813056,clipfrac,0.094482421875
813056,explained_variance,0.9755377825349569
813056,sps,555.0
813056,kl_beta,1.0
813476,episodic_return,1662.293439952248
813476,episodic_length,478.0
814053,episodic_return,1991.457398808563
814053,episodic_length,576.0
814534,episodic_return,1540.5630660472357
814534,episodic_length,480.0
815104,value_loss,0.001296468311920762
815104,policy_loss,-0.03297109156847
815104,approx_kl,0.010580572299659252
815104,clipfrac,0.086181640625
815104,explained_variance,0.9798118583858013
815104,sps,555.0
815104,kl_beta,1.0
815210,episodic_return,2289.8929955858957
815210,episodic_length,675.0
815683,episodic_return,1690.769438479572
815683,episodic_length,472.0
815960,episodic_return,951.5995673064476
815960,episodic_length,276.0
816382,episodic_return,1554.1885837529242
816382,episodic_length,421.0
816744,episodic_return,1164.5470837912048
816744,episodic_length,361.0
817152,value_loss,0.0016068520490080118
817152,policy_loss,-0.01533114816993475
817152,approx_kl,0.012972951866686344
817152,clipfrac,0.09658203125
817152,explained_variance,0.9685865975916386
817152,sps,555.0
817152,kl_beta,1.0
817745,episodic_return,3440.533934909952
817745,episodic_length,1000.0
818039,episodic_return,1057.9132667565002
818039,episodic_length,293.0
818373,episodic_return,1032.8428516002161
818373,episodic_length,333.0
818691,episodic_return,1045.4245740749977
818691,episodic_length,317.0
819001,episodic_return,1024.8908805535914
819001,episodic_length,309.0
819200,value_loss,0.02282252348959446
819200,policy_loss,-0.04400181770324707
819200,approx_kl,0.012894289568066597
819200,clipfrac,0.08828125
819200,explained_variance,0.9034261405467987
819200,sps,555.0
819200,kl_beta,1.0
819346,episodic_return,1265.6275076170793
819346,episodic_length,344.0
819966,episodic_return,2272.531212164768
819966,episodic_length,619.0
820377,episodic_return,1385.0820774751382
820377,episodic_length,410.0
821047,episodic_return,2365.5599322438716
821047,episodic_length,669.0
821248,value_loss,0.002274906262755394
821248,policy_loss,-0.03151392564177513
821248,approx_kl,0.01657111942768097
821248,clipfrac,0.102734375
821248,explained_variance,0.9659712202847004
821248,sps,555.0
821248,kl_beta,2.0
821571,episodic_return,1787.6747774355254
821571,episodic_length,523.0
821870,episodic_return,947.6931579148593
821870,episodic_length,298.0
822226,episodic_return,1268.7788911277548
822226,episodic_length,355.0
822775,episodic_return,1755.886021320975
822775,episodic_length,548.0
823225,episodic_return,1510.3921281843477
823225,episodic_length,449.0
823296,value_loss,0.0036829905584454536
823296,policy_loss,-0.04031967371702194
823296,approx_kl,0.007975459098815918
823296,clipfrac,0.050341796875
823296,explained_variance,0.9685733392834663
823296,sps,555.0
823296,kl_beta,2.0
823726,episodic_return,1735.1302541202233
823726,episodic_length,500.0
824298,episodic_return,2080.390297312581
824298,episodic_length,571.0
824694,episodic_return,1443.8881088619016
824694,episodic_length,395.0
825015,episodic_return,1191.110592861179
825015,episodic_length,320.0
825344,value_loss,0.0017245563212782145
825344,policy_loss,-0.02836737222969532
825344,approx_kl,0.005477652885019779
825344,clipfrac,0.029296875
825344,explained_variance,0.9709202293306589
825344,sps,555.0
825344,kl_beta,1.0
825688,episodic_return,2264.7632796457474
825688,episodic_length,672.0
825913,episodic_return,701.173785369818
825913,episodic_length,224.0
826248,episodic_return,1260.2338628899222
826248,episodic_length,334.0
826580,episodic_return,1182.2383308200403
826580,episodic_length,331.0
827133,episodic_return,2051.6969224207637
827133,episodic_length,552.0
827392,value_loss,0.0033384799025952816
827392,policy_loss,-0.0541214719414711
827392,approx_kl,0.00805972982198
827392,clipfrac,0.06162109375
827392,explained_variance,0.9698211718350649
827392,sps,555.0
827392,kl_beta,1.0
827393,episodic_return,891.032505146353
827393,episodic_length,259.0
827737,episodic_return,1249.0962243154868
827737,episodic_length,343.0
828277,episodic_return,1982.780122054543
828277,episodic_length,539.0
828652,episodic_return,1405.6884991922873
828652,episodic_length,374.0
829016,episodic_return,1142.1291977266096
829016,episodic_length,363.0
829318,episodic_return,1066.455741302149
829318,episodic_length,301.0
829440,value_loss,0.0028458572924137115
829440,policy_loss,0.02503184601664543
829440,approx_kl,0.009494918398559093
829440,clipfrac,0.081787109375
829440,explained_variance,0.9749509505927563
829440,sps,555.0
829440,kl_beta,1.0
829671,episodic_return,1287.027202662476
829671,episodic_length,352.0
829986,episodic_return,1016.2466275091035
829986,episodic_length,314.0
830584,episodic_return,2144.9187499508353
830584,episodic_length,597.0
830830,episodic_return,881.2095967445255
830830,episodic_length,245.0
831103,episodic_return,957.95541093711
831103,episodic_length,272.0
831362,episodic_return,914.8710501101064
831362,episodic_length,258.0
831488,value_loss,0.0019548090640455484
831488,policy_loss,-0.05434936657547951
831488,approx_kl,0.016687143594026566
831488,clipfrac,0.068701171875
831488,explained_variance,0.9681194722652435
831488,sps,555.0
831488,kl_beta,2.0
831679,episodic_return,1009.9535249737289
831679,episodic_length,316.0
832148,episodic_return,1714.6135810474
832148,episodic_length,468.0
832622,episodic_return,1706.618013528315
832622,episodic_length,473.0
833022,episodic_return,1509.6687071408144
833022,episodic_length,399.0
833501,episodic_return,1678.8451865516479
833501,episodic_length,478.0
833536,value_loss,0.0013492237776517868
833536,policy_loss,-0.046523317694664
833536,approx_kl,0.008339486084878445
833536,clipfrac,0.0265625
833536,explained_variance,0.9749271385371685
833536,sps,555.0
833536,kl_beta,2.0
833905,episodic_return,1446.416803865872
833905,episodic_length,403.0
834603,episodic_return,2385.920947125872
834603,episodic_length,697.0
834884,episodic_return,926.2628875702978
834884,episodic_length,280.0
835249,episodic_return,1183.3055148270446
835249,episodic_length,364.0
835518,episodic_return,898.693795019157
835518,episodic_length,268.0
835584,value_loss,0.0019638948142528534
835584,policy_loss,0.0070292092859745026
835584,approx_kl,0.010115118697285652
835584,clipfrac,0.0451171875
835584,explained_variance,0.9774691965430975
835584,sps,555.0
835584,kl_beta,2.0
835998,episodic_return,1811.0933088134589
835998,episodic_length,479.0
836304,episodic_return,1039.2158252665538
836304,episodic_length,305.0
836733,episodic_return,1615.99429876241
836733,episodic_length,428.0
837106,episodic_return,1360.6196133015126
837106,episodic_length,372.0
837542,episodic_return,1410.2103852382345
837542,episodic_length,435.0
837632,value_loss,0.001647411147132516
837632,policy_loss,-0.017281729727983475
837632,approx_kl,0.003123810514807701
837632,clipfrac,0.025244140625
837632,explained_variance,0.9751283843070269
837632,sps,555.0
837632,kl_beta,1.0
837893,episodic_return,1235.971048226687
837893,episodic_length,350.0
838322,episodic_return,1451.7128420788706
838322,episodic_length,428.0
838548,episodic_return,796.7546136558212
838548,episodic_length,225.0
839081,episodic_return,1918.7434357215834
839081,episodic_length,532.0
839396,episodic_return,1102.0977014041453
839396,episodic_length,314.0
839680,value_loss,0.0013673189096152782
839680,policy_loss,-0.04125557839870453
839680,approx_kl,0.010797739028930664
839680,clipfrac,0.0681640625
839680,explained_variance,0.9785989429801702
839680,sps,555.0
839680,kl_beta,1.0
839700,episodic_return,1009.8284914720168
839700,episodic_length,303.0
840277,episodic_return,2124.9972166666657
840277,episodic_length,576.0
840813,episodic_return,1862.4498802579621
840813,episodic_length,535.0
841136,episodic_return,1143.9644520922604
841136,episodic_length,322.0
841578,episodic_return,1696.8786793098484
841578,episodic_length,441.0
841728,value_loss,0.0020523681305348873
841728,policy_loss,-0.017461981624364853
841728,approx_kl,0.01292682345956564
841728,clipfrac,0.069921875
841728,explained_variance,0.9713271651417017
841728,sps,555.0
841728,kl_beta,1.0
842298,episodic_return,2614.458603239935
842298,episodic_length,719.0
842747,episodic_return,1568.8625362625662
842747,episodic_length,448.0
843212,episodic_return,1764.6775841181684
843212,episodic_length,464.0
843452,episodic_return,758.9060102994487
843452,episodic_length,239.0
843776,value_loss,0.0010666679590940475
843776,policy_loss,-0.005586765706539154
843776,approx_kl,0.008402429521083832
843776,clipfrac,0.065625
843776,explained_variance,0.9788246154785156
843776,sps,555.0
843776,kl_beta,1.0
844175,episodic_return,2562.6217645865454
844175,episodic_length,722.0
844462,episodic_return,1032.5611130013058
844462,episodic_length,286.0
844706,episodic_return,818.0177644585232
844706,episodic_length,243.0
845074,episodic_return,1389.5388783105482
845074,episodic_length,367.0
845429,episodic_return,1253.1351325395017
845429,episodic_length,354.0
845824,value_loss,0.01982731558382511
845824,policy_loss,0.017877748236060143
845824,approx_kl,0.007805010303854942
845824,clipfrac,0.06416015625
845824,explained_variance,0.9783650282770395
845824,sps,555.0
845824,kl_beta,1.0
845857,episodic_return,1472.331383690483
845857,episodic_length,427.0
846654,episodic_return,2585.062786703772
846654,episodic_length,796.0
847157,episodic_return,1768.8664324709518
847157,episodic_length,502.0
847647,episodic_return,1789.1061761479384
847647,episodic_length,489.0
847872,value_loss,0.006272667087614536
847872,policy_loss,-0.03910572826862335
847872,approx_kl,0.009709437377750874
847872,clipfrac,0.084228515625
847872,explained_variance,0.9782720021903515
847872,sps,555.0
847872,kl_beta,1.0
847938,episodic_return,1070.574210015522
847938,episodic_length,290.0
848411,episodic_return,1733.7453756943369
848411,episodic_length,472.0
848662,episodic_return,889.7091923040682
848662,episodic_length,250.0
849229,episodic_return,1915.0312023608758
849229,episodic_length,566.0
849477,episodic_return,802.9278735706871
849477,episodic_length,247.0
849920,value_loss,0.0016552302986383438
849920,policy_loss,-0.003636573441326618
849920,approx_kl,0.005560177378356457
849920,clipfrac,0.049609375
849920,explained_variance,0.9788489136844873
849920,sps,555.0
849920,kl_beta,0.5
850058,episodic_return,2134.67180430697
850058,episodic_length,580.0
850492,episodic_return,1496.882507773527
850492,episodic_length,433.0
850789,episodic_return,1100.365885933766
850789,episodic_length,296.0
851275,episodic_return,1580.9304599692537
851275,episodic_length,485.0
851945,episodic_return,2476.7222402901402
851945,episodic_length,669.0
851968,value_loss,0.002921396866440773
851968,policy_loss,-0.05961145833134651
851968,approx_kl,0.014201214537024498
851968,clipfrac,0.127685546875
851968,explained_variance,0.9710961859673262
851968,sps,555.0
851968,kl_beta,0.5
852174,episodic_return,738.9246604475155
852174,episodic_length,228.0
852471,episodic_return,1060.6667445515984
852471,episodic_length,296.0
852752,episodic_return,1006.0010129819711
852752,episodic_length,280.0
853015,episodic_return,893.3461137097048
853015,episodic_length,262.0
853468,episodic_return,1700.8272656624097
853468,episodic_length,452.0
853958,episodic_return,1832.4812388398652
853958,episodic_length,489.0
854016,value_loss,0.002152373781427741
854016,policy_loss,-0.07167941331863403
854016,approx_kl,0.052350401878356934
854016,clipfrac,0.1431640625
854016,explained_variance,0.9805657286196947
854016,sps,555.0
854016,kl_beta,1.0
854428,episodic_return,1753.0016184295625
854428,episodic_length,469.0
854761,episodic_return,1136.793703849711
854761,episodic_length,332.0
855178,episodic_return,1472.3197085615586
855178,episodic_length,416.0
855395,episodic_return,709.1985310246946
855395,episodic_length,216.0
855736,episodic_return,1230.4738834276757
855736,episodic_length,340.0
856039,episodic_return,1030.219927719781
856039,episodic_length,302.0
856064,value_loss,0.002083481987938285
856064,policy_loss,-0.025154702365398407
856064,approx_kl,0.013655360788106918
856064,clipfrac,0.084423828125
856064,explained_variance,0.9739423971623182
856064,sps,555.0
856064,kl_beta,1.0
856961,episodic_return,3380.943367596661
856961,episodic_length,921.0
857361,episodic_return,1480.544793082726
857361,episodic_length,399.0
857727,episodic_return,1219.793608750937
857727,episodic_length,365.0
858041,episodic_return,1117.7653947849112
858041,episodic_length,313.0
858112,value_loss,0.0016484461957588792
858112,policy_loss,0.00724884495139122
858112,approx_kl,0.0060140155255794525
858112,clipfrac,0.074755859375
858112,explained_variance,0.9797200839966536
858112,sps,555.0
858112,kl_beta,0.5
858505,episodic_return,1703.8705956415813
858505,episodic_length,463.0
859013,episodic_return,1821.323506834349
859013,episodic_length,507.0
859274,episodic_return,855.5394284498993
859274,episodic_length,260.0
859609,episodic_return,1122.318621757851
859609,episodic_length,334.0
859939,episodic_return,1221.562439398021
859939,episodic_length,329.0
860160,value_loss,0.0018323881085962057
860160,policy_loss,-0.05406298488378525
860160,approx_kl,0.020319055765867233
860160,clipfrac,0.131103515625
860160,explained_variance,0.9786276649683714
860160,sps,556.0
860160,kl_beta,1.0
860366,episodic_return,1580.8153574344751
860366,episodic_length,426.0
860765,episodic_return,1487.5935225324731
860765,episodic_length,398.0
861519,episodic_return,2677.005749163694
861519,episodic_length,753.0
861792,episodic_return,922.0552633833319
861792,episodic_length,272.0
862011,episodic_return,767.6786023445417
862011,episodic_length,218.0
862208,value_loss,0.023133013397455215
862208,policy_loss,-0.12082839012145996
862208,approx_kl,0.014819113537669182
862208,clipfrac,0.06142578125
862208,explained_variance,0.9631149731576443
862208,sps,556.0
862208,kl_beta,1.0
862373,episodic_return,1171.3927511167478
862373,episodic_length,361.0
862904,episodic_return,1915.381269493922
862904,episodic_length,530.0
863287,episodic_return,1391.0281233488329
863287,episodic_length,382.0
863639,episodic_return,1155.73066358046
863639,episodic_length,351.0
863902,episodic_return,909.1231560773588
863902,episodic_length,262.0
864132,episodic_return,765.0529771946846
864132,episodic_length,229.0
864256,value_loss,0.006137721240520477
864256,policy_loss,-0.07263229787349701
864256,approx_kl,0.019492466002702713
864256,clipfrac,0.053515625
864256,explained_variance,0.9736997485160828
864256,sps,556.0
864256,kl_beta,2.0
864410,episodic_return,927.9894135613663
864410,episodic_length,277.0
864664,episodic_return,838.1590778358174
864664,episodic_length,253.0
865004,episodic_return,1052.4472579239202
865004,episodic_length,339.0
865379,episodic_return,1350.6679148231851
865379,episodic_length,374.0
865626,episodic_return,858.3454544367636
865626,episodic_length,246.0
865926,episodic_return,1086.093794245889
865926,episodic_length,299.0
866304,value_loss,0.0023742560297250748
866304,policy_loss,-0.020039279013872147
866304,approx_kl,0.004920272156596184
866304,clipfrac,0.02431640625
866304,explained_variance,0.9771742448210716
866304,sps,556.0
866304,kl_beta,1.0
866481,episodic_return,1873.394979150664
866481,episodic_length,554.0
866771,episodic_return,1062.5752265042493
866771,episodic_length,289.0
867137,episodic_return,1353.216292123115
867137,episodic_length,365.0
867487,episodic_return,1211.798194606877
867487,episodic_length,349.0
867803,episodic_return,1154.800721521095
867803,episodic_length,315.0
868085,episodic_return,932.5988026201118
868085,episodic_length,281.0
868352,value_loss,0.002191421575844288
868352,policy_loss,-0.048315294086933136
868352,approx_kl,0.010885818861424923
868352,clipfrac,0.056982421875
868352,explained_variance,0.9689199719578028
868352,sps,556.0
868352,kl_beta,1.0
868364,episodic_return,942.9178041999709
868364,episodic_length,278.0
868536,episodic_return,528.9411549190789
868536,episodic_length,171.0
868916,episodic_return,1406.4445398151986
868916,episodic_length,379.0
869276,episodic_return,1340.7413598755875
869276,episodic_length,359.0
869813,episodic_return,1982.7257288560063
869813,episodic_length,536.0
870185,episodic_return,1301.0116795820347
870185,episodic_length,371.0
870400,value_loss,0.0026715160347521305
870400,policy_loss,-0.03530016541481018
870400,approx_kl,0.008898765780031681
870400,clipfrac,0.058837890625
870400,explained_variance,0.982433520257473
870400,sps,556.0
870400,kl_beta,1.0
870696,episodic_return,1919.2513330617378
870696,episodic_length,510.0
870872,episodic_return,553.1743015925666
870872,episodic_length,175.0
871249,episodic_return,1379.6856111121601
871249,episodic_length,376.0
871554,episodic_return,1050.1646396679687
871554,episodic_length,304.0
871799,episodic_return,786.0898885417218
871799,episodic_length,244.0
872201,episodic_return,1374.1333694889004
872201,episodic_length,401.0
872448,value_loss,0.0021607105154544115
872448,policy_loss,-0.025078486651182175
872448,approx_kl,0.009344782680273056
872448,clipfrac,0.07353515625
872448,explained_variance,0.9697458371520042
872448,sps,556.0
872448,kl_beta,1.0
872527,episodic_return,1116.252083888276
872527,episodic_length,325.0
872786,episodic_return,925.5820616365033
872786,episodic_length,258.0
873009,episodic_return,769.1501131015357
873009,episodic_length,222.0
873278,episodic_return,827.0195576609653
873278,episodic_length,268.0
873498,episodic_return,726.2558822729327
873498,episodic_length,219.0
873945,episodic_return,1659.0783374978134
873945,episodic_length,446.0
874496,value_loss,0.002397901378571987
874496,policy_loss,-0.04417052119970322
874496,approx_kl,0.009006651118397713
874496,clipfrac,0.03935546875
874496,explained_variance,0.9739989750087261
874496,sps,556.0
874496,kl_beta,1.0
874946,episodic_return,3598.3159065555674
874946,episodic_length,1000.0
875514,episodic_return,2172.1566897238486
875514,episodic_length,567.0
876335,episodic_return,2917.8593728497385
876335,episodic_length,820.0
876544,value_loss,0.01965905725955963
876544,policy_loss,-0.07788824290037155
876544,approx_kl,0.016556352376937866
876544,clipfrac,0.068896484375
876544,explained_variance,0.9113944992423058
876544,sps,556.0
876544,kl_beta,2.0
876755,episodic_return,1470.7613866831475
876755,episodic_length,419.0
877102,episodic_return,1306.0605608965716
877102,episodic_length,346.0
877587,episodic_return,1720.5252172668843
877587,episodic_length,484.0
878255,episodic_return,2203.2458755233465
878255,episodic_length,667.0
878592,value_loss,0.0028470943216234446
878592,policy_loss,-0.03720853477716446
878592,approx_kl,0.0038938960060477257
878592,clipfrac,0.028369140625
878592,explained_variance,0.9726015795022249
878592,sps,556.0
878592,kl_beta,1.0
878956,episodic_return,2579.447164233621
878956,episodic_length,700.0
879443,episodic_return,1783.5357283715484
879443,episodic_length,486.0
879709,episodic_return,916.5009666976969
879709,episodic_length,265.0
880013,episodic_return,1127.0961768681218
880013,episodic_length,303.0
880640,value_loss,0.0031560000497847795
880640,policy_loss,-0.026173733174800873
880640,approx_kl,0.007494310848414898
880640,clipfrac,0.05625
880640,explained_variance,0.9739372879266739
880640,sps,556.0
880640,kl_beta,1.0
880653,episodic_return,2365.2948634862664
880653,episodic_length,639.0
881070,episodic_return,1490.6316565369125
881070,episodic_length,416.0
881319,episodic_return,875.2655247475836
881319,episodic_length,248.0
881513,episodic_return,639.3344455797608
881513,episodic_length,193.0
881715,episodic_return,693.0398444562945
881715,episodic_length,201.0
882034,episodic_return,1115.5427628798411
882034,episodic_length,318.0
882282,episodic_return,791.3208550737919
882282,episodic_length,247.0
882572,episodic_return,1037.4022303044126
882572,episodic_length,289.0
882688,value_loss,0.003999809734523296
882688,policy_loss,-0.028967346996068954
882688,approx_kl,0.009351176209747791
882688,clipfrac,0.048046875
882688,explained_variance,0.9659990146756172
882688,sps,556.0
882688,kl_beta,1.0
883015,episodic_return,1584.8268559600951
883015,episodic_length,442.0
883302,episodic_return,991.0996776360647
883302,episodic_length,286.0
883488,episodic_return,612.4244198377132
883488,episodic_length,185.0
884393,episodic_return,3349.5400646662306
884393,episodic_length,904.0
884722,episodic_return,1067.918157225222
884722,episodic_length,328.0
884736,value_loss,0.0013816938735544682
884736,policy_loss,-0.04523666948080063
884736,approx_kl,0.01756201684474945
884736,clipfrac,0.091259765625
884736,explained_variance,0.9758146703243256
884736,sps,556.0
884736,kl_beta,2.0
885015,episodic_return,1047.3392848168014
885015,episodic_length,292.0
885479,episodic_return,1715.603668418013
885479,episodic_length,463.0
886045,episodic_return,2199.2086269277534
886045,episodic_length,565.0
886402,episodic_return,1300.617238604741
886402,episodic_length,356.0
886695,episodic_return,1052.4755236579738
886695,episodic_length,292.0
886784,value_loss,0.0015179244801402092
886784,policy_loss,-0.034538812935352325
886784,approx_kl,0.0026471586897969246
886784,clipfrac,0.016748046875
886784,explained_variance,0.9789564814418554
886784,sps,556.0
886784,kl_beta,1.0
887044,episodic_return,1287.2957823238075
887044,episodic_length,348.0
887508,episodic_return,1682.588672703249
887508,episodic_length,463.0
887886,episodic_return,1261.4337569765496
887886,episodic_length,377.0
888125,episodic_return,866.4316132890019
888125,episodic_length,238.0
888537,episodic_return,1450.379738605066
888537,episodic_length,411.0
888768,episodic_return,750.5556452218517
888768,episodic_length,230.0
888832,value_loss,0.008070584386587143
888832,policy_loss,-0.026253849267959595
888832,approx_kl,0.008919776417315006
888832,clipfrac,0.0677734375
888832,explained_variance,0.9787833280861378
888832,sps,556.0
888832,kl_beta,1.0
889508,episodic_return,2736.2293822683646
889508,episodic_length,739.0
890066,episodic_return,1974.930739455065
890066,episodic_length,557.0
890665,episodic_return,2177.793920564216
890665,episodic_length,598.0
890880,value_loss,0.003772752359509468
890880,policy_loss,-0.026163790374994278
890880,approx_kl,0.009621580131351948
890880,clipfrac,0.055712890625
890880,explained_variance,0.9779404103755951
890880,sps,556.0
890880,kl_beta,1.0
891016,episodic_return,1324.1208332888866
891016,episodic_length,350.0
891343,episodic_return,1154.7008859611622
891343,episodic_length,326.0
891572,episodic_return,756.8431594567146
891572,episodic_length,228.0
892104,episodic_return,1838.0676412942778
892104,episodic_length,531.0
892928,value_loss,0.0014109350740909576
892928,policy_loss,-0.03989795595407486
892928,approx_kl,0.014615952037274837
892928,clipfrac,0.059716796875
892928,explained_variance,0.9830366596579552
892928,sps,556.0
892928,kl_beta,1.0
892942,episodic_return,3213.502490215232
892942,episodic_length,837.0
893025,episodic_return,182.5615805536391
893025,episodic_length,82.0
893559,episodic_return,1762.4569198572278
893559,episodic_length,533.0
893878,episodic_return,1110.39808005036
893878,episodic_length,318.0
894527,episodic_return,2347.135911888734
894527,episodic_length,648.0
894918,episodic_return,1389.1105595045613
894918,episodic_length,390.0
894976,value_loss,0.002582365646958351
894976,policy_loss,-0.001027110032737255
894976,approx_kl,0.004826442338526249
894976,clipfrac,0.026708984375
894976,explained_variance,0.9701047539710999
894976,sps,556.0
894976,kl_beta,0.5
895225,episodic_return,1070.4593913767096
895225,episodic_length,306.0
895521,episodic_return,1037.2568414733882
895521,episodic_length,295.0
896040,episodic_return,1943.9482258760486
896040,episodic_length,518.0
896378,episodic_return,1167.7403491386538
896378,episodic_length,337.0
896914,episodic_return,1823.9590074781895
896914,episodic_length,535.0
897024,value_loss,0.004238535650074482
897024,policy_loss,-0.03174129128456116
897024,approx_kl,0.022406652569770813
897024,clipfrac,0.120703125
897024,explained_variance,0.9826365038752556
897024,sps,556.0
897024,kl_beta,1.0
897152,episodic_return,769.3850681308232
897152,episodic_length,237.0
897571,episodic_return,1549.7369408241816
897571,episodic_length,418.0
898181,episodic_return,2218.2703758632947
898181,episodic_length,609.0
898601,episodic_return,1477.5161516427056
898601,episodic_length,419.0
898918,episodic_return,1105.930754365097
898918,episodic_length,316.0
899072,value_loss,0.00852176733314991
899072,policy_loss,-0.05270702764391899
899072,approx_kl,0.007572543807327747
899072,clipfrac,0.041552734375
899072,explained_variance,0.9808264523744583
899072,sps,556.0
899072,kl_beta,1.0
899423,episodic_return,1812.8991073214095
899423,episodic_length,504.0
899717,episodic_return,1072.8721843337164
899717,episodic_length,293.0
899892,episodic_return,553.77020584703
899892,episodic_length,174.0
900132,episodic_return,854.7949436414516
900132,episodic_length,239.0
900609,episodic_return,1749.829427740438
900609,episodic_length,476.0
900962,episodic_return,1306.9599099416707
900962,episodic_length,352.0
901120,value_loss,0.0014175651594996452
901120,policy_loss,-0.002400081604719162
901120,approx_kl,0.00847545638680458
901120,clipfrac,0.032568359375
901120,explained_variance,0.9782597348093987
901120,sps,556.0
901120,kl_beta,1.0
901184,episodic_return,736.8188674008435
901184,episodic_length,221.0
901718,episodic_return,2028.1774432411346
901718,episodic_length,533.0
902194,episodic_return,1767.844081113924
902194,episodic_length,475.0
902443,episodic_return,837.6955311735333
902443,episodic_length,248.0
902677,episodic_return,778.6529041517167
902677,episodic_length,233.0
902979,episodic_return,1043.9840875377715
902979,episodic_length,301.0
903168,value_loss,0.018046043813228607
903168,policy_loss,-0.03414192050695419
903168,approx_kl,0.0109820906072855
903168,clipfrac,0.0361328125
903168,explained_variance,0.9785152561962605
903168,sps,556.0
903168,kl_beta,1.0
903519,episodic_return,1956.9499046646047
903519,episodic_length,539.0
904245,episodic_return,2690.339044459494
904245,episodic_length,725.0
905216,value_loss,0.0024837872479110956
905216,policy_loss,-0.011289410293102264
905216,approx_kl,0.005607467144727707
905216,clipfrac,0.045458984375
905216,explained_variance,0.983940364792943
905216,sps,556.0
905216,kl_beta,0.5
905246,episodic_return,3550.1925224979186
905246,episodic_length,1000.0
905527,episodic_return,935.6896590832381
905527,episodic_length,280.0
906041,episodic_return,1953.1210628881358
906041,episodic_length,513.0
906340,episodic_return,1067.2995615492634
906340,episodic_length,298.0
906626,episodic_return,1003.5752721234549
906626,episodic_length,285.0
907264,value_loss,0.0016039067413657904
907264,policy_loss,-0.059454165399074554
907264,approx_kl,0.01487870141863823
907264,clipfrac,0.0744140625
907264,explained_variance,0.9628029577434063
907264,sps,556.0
907264,kl_beta,0.5
907327,episodic_return,2638.940794561175
907327,episodic_length,700.0
907726,episodic_return,1504.5050475066143
907726,episodic_length,398.0
908053,episodic_return,1221.9066201892826
908053,episodic_length,326.0
908612,episodic_return,1954.8387572341549
908612,episodic_length,558.0
909312,value_loss,0.002356012351810932
909312,policy_loss,-0.03667297214269638
909312,approx_kl,0.0172677431255579
909312,clipfrac,0.068994140625
909312,explained_variance,0.9749845862388611
909312,sps,556.0
909312,kl_beta,1.0
909388,episodic_return,2662.271093283261
909388,episodic_length,775.0
909877,episodic_return,1716.4192426050374
909877,episodic_length,488.0
910365,episodic_return,1727.67369528286
910365,episodic_length,487.0
910671,episodic_return,1079.6737564115213
910671,episodic_length,305.0
910916,episodic_return,813.4782297127308
910916,episodic_length,244.0
911175,episodic_return,883.6955456530217
911175,episodic_length,258.0
911360,value_loss,0.0020973170176148415
911360,policy_loss,0.010691805742681026
911360,approx_kl,0.007261640392243862
911360,clipfrac,0.042529296875
911360,explained_variance,0.9719439521431923
911360,sps,556.0
911360,kl_beta,1.0
911457,episodic_return,884.0770420853755
911457,episodic_length,281.0
911721,episodic_return,891.6895013929483
911721,episodic_length,263.0
912023,episodic_return,988.6538744139589
912023,episodic_length,301.0
912227,episodic_return,682.5502455132167
912227,episodic_length,203.0
912638,episodic_return,1536.0119658284375
912638,episodic_length,410.0
912999,episodic_return,1351.254161856279
912999,episodic_length,360.0
913328,episodic_return,1225.3749350425662
913328,episodic_length,328.0
913408,value_loss,0.004008161835372448
913408,policy_loss,-0.013359392061829567
913408,approx_kl,0.006541552022099495
913408,clipfrac,0.048388671875
913408,explained_variance,0.9728382993489504
913408,sps,556.0
913408,kl_beta,0.5
913668,episodic_return,1287.6338039221898
913668,episodic_length,339.0
913921,episodic_return,804.4125441973115
913921,episodic_length,252.0
914335,episodic_return,1430.4171241438198
914335,episodic_length,413.0
914809,episodic_return,1757.4606087350285
914809,episodic_length,473.0
915221,episodic_return,1567.8194733392593
915221,episodic_length,411.0
915456,value_loss,0.0032167076133191586
915456,policy_loss,0.0015106750652194023
915456,approx_kl,0.013270577415823936
915456,clipfrac,0.0759765625
915456,explained_variance,0.9702241476625204
915456,sps,556.0
915456,kl_beta,0.5
915490,episodic_return,991.1863140535253
915490,episodic_length,268.0
915776,episodic_return,1031.8874292007306
915776,episodic_length,285.0
916072,episodic_return,1057.3849382135647
916072,episodic_length,295.0
916342,episodic_return,965.4947149030198
916342,episodic_length,269.0
916679,episodic_return,1154.9103282756973
916679,episodic_length,336.0
916996,episodic_return,1092.9235997630121
916996,episodic_length,316.0
917504,value_loss,0.0018200270133093
917504,policy_loss,-0.004785383120179176
917504,approx_kl,0.031639255583286285
917504,clipfrac,0.116552734375
917504,explained_variance,0.9757620431482792
917504,sps,556.0
917504,kl_beta,1.0
917833,episodic_return,3001.2950698241266
917833,episodic_length,836.0
918411,episodic_return,1989.0344323016545
918411,episodic_length,577.0
918704,episodic_return,1030.9691751046118
918704,episodic_length,292.0
918962,episodic_return,894.3506113799995
918962,episodic_length,257.0
919257,episodic_return,1040.934441343609
919257,episodic_length,294.0
919552,value_loss,0.002128256019204855
919552,policy_loss,-0.017450431361794472
919552,approx_kl,0.003678416833281517
919552,clipfrac,0.022705078125
919552,explained_variance,0.9743410963565111
919552,sps,556.0
919552,kl_beta,0.5
919772,episodic_return,1827.2884382503494
919772,episodic_length,514.0
920065,episodic_return,1042.088727305518
920065,episodic_length,292.0
920404,episodic_return,1216.247925111482
920404,episodic_length,338.0
920688,episodic_return,1027.6219891609746
920688,episodic_length,283.0
921084,episodic_return,1368.7381490217501
921084,episodic_length,395.0
921600,value_loss,0.0029513882473111153
921600,policy_loss,0.009027107618749142
921600,approx_kl,0.0076711755245924
921600,clipfrac,0.0654296875
921600,explained_variance,0.9825923927128315
921600,sps,556.0
921600,kl_beta,0.5
921808,episodic_return,2572.3449864813315
921808,episodic_length,723.0
922059,episodic_return,868.2367504788087
922059,episodic_length,250.0
922254,episodic_return,656.594181127549
922254,episodic_length,194.0
922900,episodic_return,2322.368633344818
922900,episodic_length,645.0
923365,episodic_return,1715.9575240451618
923365,episodic_length,464.0
923648,value_loss,0.0010906344978138804
923648,policy_loss,-0.016128798946738243
923648,approx_kl,0.014650213532149792
923648,clipfrac,0.076806640625
923648,explained_variance,0.977816378697753
923648,sps,556.0
923648,kl_beta,0.5
923702,episodic_return,1138.1778331027058
923702,episodic_length,336.0
924058,episodic_return,1152.9461332851054
924058,episodic_length,355.0
924491,episodic_return,1446.0844738086614
924491,episodic_length,432.0
924832,episodic_return,1127.5907543040084
924832,episodic_length,340.0
925175,episodic_return,1254.7658250675775
925175,episodic_length,342.0
925499,episodic_return,1128.8528680453953
925499,episodic_length,323.0
925696,value_loss,0.01629113405942917
925696,policy_loss,-0.034555889666080475
925696,approx_kl,0.005930020473897457
925696,clipfrac,0.04013671875
925696,explained_variance,0.9710059687495232
925696,sps,556.0
925696,kl_beta,0.25
925778,episodic_return,945.9047210851029
925778,episodic_length,278.0
926251,episodic_return,1621.811438199043
926251,episodic_length,472.0
926650,episodic_return,1194.7044467686605
926650,episodic_length,398.0
927150,episodic_return,1845.7744949331998
927150,episodic_length,499.0
927465,episodic_return,1037.9583105588906
927465,episodic_length,314.0
927744,value_loss,0.0026762818451970816
927744,policy_loss,-0.045264340937137604
927744,approx_kl,0.006875170394778252
927744,clipfrac,0.048583984375
927744,explained_variance,0.9690579567104578
927744,sps,556.0
927744,kl_beta,0.25
927893,episodic_return,1604.9411212269936
927893,episodic_length,427.0
928171,episodic_return,1022.293760830052
928171,episodic_length,277.0
928470,episodic_return,1097.642360963736
928470,episodic_length,298.0
928929,episodic_return,1697.2586427221522
928929,episodic_length,458.0
929232,episodic_return,884.2787674083675
929232,episodic_length,302.0
929785,episodic_return,1830.911096618338
929785,episodic_length,552.0
929792,value_loss,0.0034405465703457594
929792,policy_loss,-0.0431077741086483
929792,approx_kl,0.01180314738303423
929792,clipfrac,0.0568359375
929792,explained_variance,0.9618445858359337
929792,sps,556.0
929792,kl_beta,0.25
930032,episodic_return,692.6329247191136
930032,episodic_length,246.0
930573,episodic_return,1922.5032778175105
930573,episodic_length,540.0
930888,episodic_return,1021.7581684602546
930888,episodic_length,314.0
931172,episodic_return,1037.4929219329156
931172,episodic_length,283.0
931840,value_loss,0.002754996996372938
931840,policy_loss,0.020154928788542747
931840,approx_kl,0.016151033341884613
931840,clipfrac,0.08173828125
931840,explained_variance,0.9670776315033436
931840,sps,556.0
931840,kl_beta,0.5
931921,episodic_return,2632.3598589908315
931921,episodic_length,748.0
932287,episodic_return,1341.675559592442
932287,episodic_length,365.0
932868,episodic_return,2093.1450480665094
932868,episodic_length,580.0
933095,episodic_return,789.1092931248476
933095,episodic_length,226.0
933538,episodic_return,1575.676229459624
933538,episodic_length,442.0
933801,episodic_return,847.5712942258642
933801,episodic_length,262.0
933888,value_loss,0.0018102881731465459
933888,policy_loss,-0.03163212910294533
933888,approx_kl,0.0058014532551169395
933888,clipfrac,0.0119140625
933888,explained_variance,0.9757442306727171
933888,sps,557.0
933888,kl_beta,0.25
934669,episodic_return,3378.369368390321
934669,episodic_length,867.0
935204,episodic_return,2028.3967523716635
935204,episodic_length,534.0
935484,episodic_return,1025.4185223613351
935484,episodic_length,279.0
935731,episodic_return,869.8961031454429
935731,episodic_length,246.0
935936,value_loss,0.0015020753489807248
935936,policy_loss,-0.008114300668239594
935936,approx_kl,0.012728435918688774
935936,clipfrac,0.0349609375
935936,explained_variance,0.9838557299226522
935936,sps,557.0
935936,kl_beta,0.25
936081,episodic_return,1278.6223348925282
936081,episodic_length,349.0
936317,episodic_return,770.6081419767572
936317,episodic_length,235.0
936708,episodic_return,1369.6985976810813
936708,episodic_length,390.0
937111,episodic_return,1436.5531516308693
937111,episodic_length,402.0
937375,episodic_return,945.9575810827462
937375,episodic_length,263.0
937768,episodic_return,1127.7759693926207
937768,episodic_length,392.0
937984,value_loss,0.009794005192816257
937984,policy_loss,-0.032853275537490845
937984,approx_kl,0.012372530996799469
937984,clipfrac,0.061962890625
937984,explained_variance,0.9695745222270489
937984,sps,557.0
937984,kl_beta,0.25
938220,episodic_return,1640.8303497429606
938220,episodic_length,451.0
938543,episodic_return,1175.3271117467389
938543,episodic_length,322.0
938767,episodic_return,648.1353341429676
938767,episodic_length,223.0
939093,episodic_return,1128.150454865041
939093,episodic_length,325.0
939415,episodic_return,950.4543646118392
939415,episodic_length,321.0
939669,episodic_return,929.4338505494135
939669,episodic_length,253.0
940032,value_loss,0.004625821486115456
940032,policy_loss,-0.02063489332795143
940032,approx_kl,0.006412941962480545
940032,clipfrac,0.03544921875
940032,explained_variance,0.971192006021738
940032,sps,557.0
940032,kl_beta,0.125
940294,episodic_return,2342.43342248565
940294,episodic_length,624.0
940708,episodic_return,1528.1122039511542
940708,episodic_length,413.0
940946,episodic_return,841.2471693047305
940946,episodic_length,237.0
941255,episodic_return,1158.8635041974076
941255,episodic_length,308.0
941658,episodic_return,1484.3880090091134
941658,episodic_length,402.0
942017,episodic_return,1311.2402848187596
942017,episodic_length,358.0
942080,value_loss,0.020435120910406113
942080,policy_loss,-0.04632127285003662
942080,approx_kl,0.01012144424021244
942080,clipfrac,0.074853515625
942080,explained_variance,0.9755829833447933
942080,sps,557.0
942080,kl_beta,0.125
942250,episodic_return,784.4896148242981
942250,episodic_length,232.0
942520,episodic_return,941.8483911389482
942520,episodic_length,269.0
942746,episodic_return,751.0280724334791
942746,episodic_length,225.0
943008,episodic_return,922.522656290924
943008,episodic_length,261.0
943351,episodic_return,1230.399606322828
943351,episodic_length,342.0
943648,episodic_return,1071.5880013806038
943648,episodic_length,296.0
943928,episodic_return,974.1203800540611
943928,episodic_length,279.0
944027,episodic_return,246.2085614172789
944027,episodic_length,98.0
944128,value_loss,0.001206477521918714
944128,policy_loss,-0.004128972999751568
944128,approx_kl,0.020760543644428253
944128,clipfrac,0.072900390625
944128,explained_variance,0.9664100557565689
944128,sps,557.0
944128,kl_beta,0.25
944344,episodic_return,1197.0108942026293
944344,episodic_length,316.0
944604,episodic_return,849.3806321281916
944604,episodic_length,259.0
944927,episodic_return,1160.0914082356599
944927,episodic_length,322.0
945207,episodic_return,1030.8019449605208
945207,episodic_length,279.0
945450,episodic_return,834.0076428854378
945450,episodic_length,242.0
945909,episodic_return,1695.552553739024
945909,episodic_length,458.0
946176,value_loss,0.002029379829764366
946176,policy_loss,-0.036885589361190796
946176,approx_kl,0.011657661758363247
946176,clipfrac,0.050341796875
946176,explained_variance,0.9779139738529921
946176,sps,557.0
946176,kl_beta,0.25
946467,episodic_return,2048.7455419010857
946467,episodic_length,557.0
946816,episodic_return,1203.4001288438894
946816,episodic_length,348.0
947162,episodic_return,1127.2238196834476
947162,episodic_length,345.0
947561,episodic_return,1424.1838149122223
947561,episodic_length,398.0
947853,episodic_return,985.3190051677226
947853,episodic_length,291.0
948167,episodic_return,1085.5614749351828
948167,episodic_length,313.0
948224,value_loss,0.0027465871535241604
948224,policy_loss,-0.04079439491033554
948224,approx_kl,0.005829107016324997
948224,clipfrac,0.04521484375
948224,explained_variance,0.9756678007543087
948224,sps,557.0
948224,kl_beta,0.125
948608,episodic_return,1668.3035542939876
948608,episodic_length,440.0
949101,episodic_return,1589.7993933043722
949101,episodic_length,492.0
949448,episodic_return,1226.8996723724035
949448,episodic_length,346.0
949741,episodic_return,974.3924604949286
949741,episodic_length,292.0
950142,episodic_return,1446.938115510947
950142,episodic_length,400.0
950272,value_loss,0.0031623290851712227
950272,policy_loss,-0.06739220768213272
950272,approx_kl,0.018168367445468903
950272,clipfrac,0.066845703125
950272,explained_variance,0.9754599276930094
950272,sps,557.0
950272,kl_beta,0.25
950521,episodic_return,1273.154613244689
950521,episodic_length,378.0
950863,episodic_return,1098.772987528602
950863,episodic_length,341.0
951157,episodic_return,1067.8750354598208
951157,episodic_length,293.0
951503,episodic_return,1260.4219179801291
951503,episodic_length,345.0
951955,episodic_return,1738.2490565043831
951955,episodic_length,451.0
952320,value_loss,0.0036673247814178467
952320,policy_loss,-0.039088886231184006
952320,approx_kl,0.0054055554792284966
952320,clipfrac,0.01591796875
952320,explained_variance,0.9682349264621735
952320,sps,557.0
952320,kl_beta,0.125
952385,episodic_return,1520.3592120665057
952385,episodic_length,429.0
952793,episodic_return,1542.9575114160534
952793,episodic_length,407.0
953183,episodic_return,1485.9192591889105
953183,episodic_length,389.0
953576,episodic_return,1353.6928597436754
953576,episodic_length,392.0
953889,episodic_return,1093.4200620298764
953889,episodic_length,312.0
954245,episodic_return,1309.354648724799
954245,episodic_length,355.0
954368,value_loss,0.007983634248375893
954368,policy_loss,-0.01012961845844984
954368,approx_kl,0.014808453619480133
954368,clipfrac,0.04521484375
954368,explained_variance,0.979511147364974
954368,sps,557.0
954368,kl_beta,0.125
954723,episodic_return,1804.7032927244088
954723,episodic_length,477.0
955255,episodic_return,1934.8597216856692
955255,episodic_length,531.0
955712,episodic_return,1680.1267032957219
955712,episodic_length,456.0
956063,episodic_return,1273.235290600377
956063,episodic_length,350.0
956416,value_loss,0.011988408863544464
956416,policy_loss,-0.0701129138469696
956416,approx_kl,0.010952827520668507
956416,clipfrac,0.036376953125
956416,explained_variance,0.976315850391984
956416,sps,557.0
956416,kl_beta,0.125
956452,episodic_return,1469.5807773705114
956452,episodic_length,388.0
956853,episodic_return,1440.4949222333387
956853,episodic_length,400.0
957102,episodic_return,793.8668781314695
957102,episodic_length,248.0
957489,episodic_return,1426.8712793704456
957489,episodic_length,386.0
957832,episodic_return,1190.6916075267322
957832,episodic_length,342.0
958297,episodic_return,1599.5019982077436
958297,episodic_length,464.0
958464,value_loss,0.003192709293216467
958464,policy_loss,-0.029307108372449875
958464,approx_kl,0.006139832548797131
958464,clipfrac,0.01650390625
958464,explained_variance,0.9837009161710739
958464,sps,557.0
958464,kl_beta,0.0625
959058,episodic_return,2764.945884450871
959058,episodic_length,760.0
959371,episodic_return,1099.6173324851898
959371,episodic_length,312.0
959809,episodic_return,1576.2080819969206
959809,episodic_length,437.0
960217,episodic_return,1455.1385815907765
960217,episodic_length,407.0
960502,episodic_return,1044.368616350809
960502,episodic_length,284.0
960512,value_loss,0.0025950667914003134
960512,policy_loss,-0.012388736940920353
960512,approx_kl,0.007564672268927097
960512,clipfrac,0.050341796875
960512,explained_variance,0.982251251116395
960512,sps,557.0
960512,kl_beta,0.0625
960856,episodic_return,1244.8619169295416
960856,episodic_length,353.0
961404,episodic_return,2096.0403960194503
961404,episodic_length,547.0
961656,episodic_return,921.9456138131785
961656,episodic_length,251.0
962018,episodic_return,1264.3714248532322
962018,episodic_length,361.0
962298,episodic_return,1006.8752696990553
962298,episodic_length,279.0
962540,episodic_return,837.2001143389878
962540,episodic_length,241.0
962560,value_loss,0.0018841240089386702
962560,policy_loss,0.005616581533104181
962560,approx_kl,0.005618295632302761
962560,clipfrac,0.0119140625
962560,explained_variance,0.9801073279231787
962560,sps,557.0
962560,kl_beta,0.03125
962834,episodic_return,1075.7262305836443
962834,episodic_length,293.0
963354,episodic_return,1837.7823709473769
963354,episodic_length,519.0
963594,episodic_return,745.4718435974613
963594,episodic_length,239.0
964009,episodic_return,1382.9602305508472
964009,episodic_length,414.0
964608,value_loss,0.0012583739589899778
964608,policy_loss,-0.037923265248537064
964608,approx_kl,0.0034873653203248978
964608,clipfrac,0.010888671875
964608,explained_variance,0.9797217976301908
964608,sps,557.0
964608,kl_beta,0.015625
965010,episodic_return,3596.968225538522
965010,episodic_length,1000.0
965236,episodic_return,775.4959030771064
965236,episodic_length,225.0
965703,episodic_return,1683.7060759097708
965703,episodic_length,466.0
966101,episodic_return,1466.5192589802646
966101,episodic_length,397.0
966364,episodic_return,887.8068588912239
966364,episodic_length,262.0
966656,value_loss,0.012475231662392616
966656,policy_loss,-0.005911470856517553
966656,approx_kl,0.003771936520934105
966656,clipfrac,0.014306640625
966656,explained_variance,0.898089811205864
966656,sps,557.0
966656,kl_beta,0.0078125
966692,episodic_return,1202.0600584061856
966692,episodic_length,327.0
967005,episodic_return,1094.0461581738325
967005,episodic_length,312.0
967448,episodic_return,1636.455049702324
967448,episodic_length,442.0
967918,episodic_return,1714.6647989653973
967918,episodic_length,469.0
968261,episodic_return,1276.7474491619419
968261,episodic_length,342.0
968552,episodic_return,1038.4281239362126
968552,episodic_length,290.0
968704,value_loss,0.002380607184022665
968704,policy_loss,-0.023357251659035683
968704,approx_kl,0.005905979312956333
968704,clipfrac,0.040380859375
968704,explained_variance,0.9746270664036274
968704,sps,557.0
968704,kl_beta,0.00390625
968856,episodic_return,1088.0184347854865
968856,episodic_length,303.0
969412,episodic_return,1925.5929669449583
969412,episodic_length,555.0
969701,episodic_return,1033.556117889572
969701,episodic_length,288.0
970005,episodic_return,1075.0550242739932
970005,episodic_length,303.0
970294,episodic_return,1020.2769966790173
970294,episodic_length,288.0
970576,episodic_return,1010.8260659052945
970576,episodic_length,281.0
970752,value_loss,0.0023426287807524204
970752,policy_loss,-0.004934112541377544
970752,approx_kl,0.006231578066945076
970752,clipfrac,0.0162109375
970752,explained_variance,0.9789874609559774
970752,sps,557.0
970752,kl_beta,0.001953125
970957,episodic_return,1323.890480147059
970957,episodic_length,380.0
971352,episodic_return,1461.4631898454795
971352,episodic_length,394.0
971691,episodic_return,1047.1343427243994
971691,episodic_length,338.0
972045,episodic_return,1259.416864622442
972045,episodic_length,353.0
972447,episodic_return,1446.7088314026714
972447,episodic_length,401.0
972767,episodic_return,1137.6624226568929
972767,episodic_length,319.0
972800,value_loss,0.002730448730289936
972800,policy_loss,-0.0005060007679276168
972800,approx_kl,0.006060508079826832
972800,clipfrac,0.0158203125
972800,explained_variance,0.9714826587587595
972800,sps,557.0
972800,kl_beta,0.0009765625
973046,episodic_return,1000.4655301151802
973046,episodic_length,278.0
973275,episodic_return,790.0929605874816
973275,episodic_length,228.0
973590,episodic_return,1086.1752761555504
973590,episodic_length,314.0
974075,episodic_return,1786.395987548483
974075,episodic_length,484.0
974582,episodic_return,1936.4609570610353
974582,episodic_length,506.0
974844,episodic_return,816.7488374956496
974844,episodic_length,261.0
974848,value_loss,0.0036471292842179537
974848,policy_loss,0.010468969121575356
974848,approx_kl,0.0030342908576130867
974848,clipfrac,0.006640625
974848,explained_variance,0.9728122130036354
974848,sps,557.0
974848,kl_beta,0.00048828125
974942,episodic_return,244.74629938382466
974942,episodic_length,97.0
975214,episodic_return,1004.4807201713407
975214,episodic_length,271.0
975666,episodic_return,1506.7050345841594
975666,episodic_length,451.0
975943,episodic_return,1008.9918104056167
975943,episodic_length,276.0
976251,episodic_return,1180.8190526725466
976251,episodic_length,307.0
976604,episodic_return,1358.9766086099025
976604,episodic_length,352.0
976896,value_loss,0.006340185645967722
976896,policy_loss,-0.0182967372238636
976896,approx_kl,0.0017562275752425194
976896,clipfrac,0.002978515625
976896,explained_variance,0.972285870462656
976896,sps,557.0
976896,kl_beta,0.000244140625
976964,episodic_return,1295.6786961485402
976964,episodic_length,359.0
977213,episodic_return,874.6299154758461
977213,episodic_length,248.0
977494,episodic_return,1030.2713853777939
977494,episodic_length,280.0
977724,episodic_return,801.4838055185096
977724,episodic_length,229.0
978257,episodic_return,2002.285158692413
978257,episodic_length,532.0
978510,episodic_return,813.6137524159176
978510,episodic_length,252.0
978944,value_loss,0.0015487996861338615
978944,policy_loss,0.0070195929147303104
978944,approx_kl,0.0028943270444869995
978944,clipfrac,0.00478515625
978944,explained_variance,0.9805708471685648
978944,sps,557.0
978944,kl_beta,0.0001220703125
979164,episodic_return,2430.107213151115
979164,episodic_length,653.0
979438,episodic_return,985.2181713169468
979438,episodic_length,273.0
980082,episodic_return,2259.391962619596
980082,episodic_length,643.0
980347,episodic_return,953.3296725371551
980347,episodic_length,264.0
980750,episodic_return,1408.2018116129505
980750,episodic_length,402.0
980992,value_loss,0.0017047083238139749
980992,policy_loss,-0.013262007385492325
980992,approx_kl,0.0015536537393927574
980992,clipfrac,0.00244140625
980992,explained_variance,0.97795788384974
980992,sps,557.0
980992,kl_beta,0.0001
981036,episodic_return,1003.9909108368205
981036,episodic_length,285.0
981485,episodic_return,1681.9554646432023
981485,episodic_length,448.0
981716,episodic_return,720.5467317114742
981716,episodic_length,230.0
982068,episodic_return,1253.564650144923
982068,episodic_length,351.0
982210,episodic_return,417.69710023811405
982210,episodic_length,141.0
982512,episodic_return,1057.471634148954
982512,episodic_length,301.0
982842,episodic_return,1198.1123148873273
982842,episodic_length,329.0
983040,value_loss,0.006903293542563915
983040,policy_loss,-0.024075156077742577
983040,approx_kl,0.003222866915166378
983040,clipfrac,0.0037109375
983040,explained_variance,0.9671748727560043
983040,sps,557.0
983040,kl_beta,0.0001
983198,episodic_return,1216.4551722967394
983198,episodic_length,355.0
983551,episodic_return,1339.6256033760199
983551,episodic_length,352.0
983976,episodic_return,1569.9121844524057
983976,episodic_length,424.0
984330,episodic_return,1249.2378662698768
984330,episodic_length,353.0
984636,episodic_return,1113.9861336431225
984636,episodic_length,305.0
984910,episodic_return,1005.8877463535702
984910,episodic_length,273.0
985088,value_loss,0.0014962044078856707
985088,policy_loss,-0.004827998112887144
985088,approx_kl,0.0033222613856196404
985088,clipfrac,0.0046875
985088,explained_variance,0.9793952368199825
985088,sps,557.0
985088,kl_beta,0.0001
985151,episodic_return,814.2755765784713
985151,episodic_length,240.0
985647,episodic_return,1818.8348384008832
985647,episodic_length,495.0
985962,episodic_return,1136.91609318274
985962,episodic_length,314.0
986314,episodic_return,1197.7179397261068
986314,episodic_length,351.0
986597,episodic_return,1039.760143111398
986597,episodic_length,282.0
986889,episodic_return,1055.953721283676
986889,episodic_length,291.0
987136,value_loss,0.0018320350209251046
987136,policy_loss,-0.01578928902745247
987136,approx_kl,0.0019832858815789223
987136,clipfrac,0.000146484375
987136,explained_variance,0.9817726705223322
987136,sps,557.0
987136,kl_beta,0.0001
987193,episodic_return,1069.4447468276978
987193,episodic_length,303.0
987462,episodic_return,922.9527863472098
987462,episodic_length,268.0
987701,episodic_return,846.5289375085224
987701,episodic_length,238.0
987927,episodic_return,820.8204887315014
987927,episodic_length,225.0
988208,episodic_return,1027.0458566806533
988208,episodic_length,280.0
988628,episodic_return,1449.126375378753
988628,episodic_length,419.0
988912,episodic_return,1027.903843390763
988912,episodic_length,283.0
989184,episodic_return,989.5428864570694
989184,episodic_length,271.0
989184,value_loss,0.002542189322412014
989184,policy_loss,-0.004052510019391775
989184,approx_kl,0.0010305624455213547
989184,clipfrac,0.000341796875
989184,explained_variance,0.9743995647877455
989184,sps,557.0
989184,kl_beta,0.0001
989591,episodic_return,1552.2129348379367
989591,episodic_length,406.0
989868,episodic_return,963.7542652940004
989868,episodic_length,276.0
990095,episodic_return,776.9642741587626
990095,episodic_length,226.0
990164,episodic_return,130.03073279374837
990164,episodic_length,68.0
990558,episodic_return,1470.6862968192406
990558,episodic_length,393.0
990839,episodic_return,1047.6234710122892
990839,episodic_length,280.0
991142,episodic_return,1059.0502502584525
991142,episodic_length,302.0
991232,value_loss,0.01678621396422386
991232,policy_loss,-0.004498852416872978
991232,approx_kl,0.0004197917878627777
991232,clipfrac,0.0
991232,explained_variance,0.9485829062759876
991232,sps,558.0
991232,kl_beta,0.0001
991681,episodic_return,1956.8621141719725
991681,episodic_length,538.0
991984,episodic_return,1122.6325674961786
991984,episodic_length,302.0
992225,episodic_return,796.3168385574706
992225,episodic_length,240.0
992451,episodic_return,755.5523216353046
992451,episodic_length,225.0
992734,episodic_return,977.1219522661519
992734,episodic_length,282.0
993236,episodic_return,1856.7390835626225
993236,episodic_length,501.0
993280,value_loss,0.0031412532553076744
993280,policy_loss,-0.00021289959840942174
993280,approx_kl,0.0003798985853791237
993280,clipfrac,4.8828125e-05
993280,explained_variance,0.9791464358568192
993280,sps,557.0
993280,kl_beta,0.0001
993898,episodic_return,2524.987041139983
993898,episodic_length,661.0
994385,episodic_return,1776.193285780858
994385,episodic_length,486.0
994634,episodic_return,866.3850820113503
994634,episodic_length,248.0
995016,episodic_return,1385.5404763531644
995016,episodic_length,381.0
995328,value_loss,0.001799800549633801
995328,policy_loss,-0.0010089102433994412
995328,approx_kl,0.00017605070024728775
995328,clipfrac,0.0
995328,explained_variance,0.9807257670909166
995328,sps,558.0
995328,kl_beta,0.0001
995372,episodic_return,1361.3362154153015
995372,episodic_length,355.0
995684,episodic_return,1146.4287234059086
995684,episodic_length,311.0
996305,episodic_return,2265.726380790458
996305,episodic_length,620.0
996666,episodic_return,1361.3825537377218
996666,episodic_length,360.0
996900,episodic_return,802.9904288687542
996900,episodic_length,233.0
997362,episodic_return,1695.729078144646
997362,episodic_length,461.0
997376,value_loss,0.0028516454622149467
997376,policy_loss,-0.0006496764835901558
997376,approx_kl,6.722938269376755e-05
997376,clipfrac,0.0
997376,explained_variance,0.9826183412224054
997376,sps,558.0
997376,kl_beta,0.0001
997630,episodic_return,989.3668096522385
997630,episodic_length,267.0
998000,episodic_return,1388.3938136916627
998000,episodic_length,369.0
998282,episodic_return,1043.2513068257806
998282,episodic_length,281.0
998551,episodic_return,933.2902609404842
998551,episodic_length,268.0
999004,episodic_return,1764.398810446292
999004,episodic_length,452.0
999279,episodic_return,958.3405416239183
999279,episodic_length,274.0
999424,value_loss,0.0029628523625433445
999424,policy_loss,0.0006636332836933434
999424,approx_kl,2.6387162506580353e-05
999424,clipfrac,0.0
999424,explained_variance,0.9823115523904562
999424,sps,558.0
999424,kl_beta,0.0001
