global_step,metric,value
10,episodic_return,4.792405997927689
10,episodic_length,10.0
23,episodic_return,9.524523245353796
23,episodic_length,12.0
46,episodic_return,18.775258076115165
46,episodic_length,22.0
72,episodic_return,18.609272740572916
72,episodic_length,25.0
87,episodic_return,14.186698675705902
87,episodic_length,14.0
104,episodic_return,6.315004054932478
104,episodic_length,16.0
117,episodic_return,8.834435721605455
117,episodic_length,12.0
129,episodic_return,5.498263412466179
129,episodic_length,11.0
153,episodic_return,4.682934767922474
153,episodic_length,23.0
166,episodic_return,7.798179498393366
166,episodic_length,12.0
187,episodic_return,15.543931879538176
187,episodic_length,20.0
204,episodic_return,12.064046750671123
204,episodic_length,16.0
219,episodic_return,13.79064806872261
219,episodic_length,14.0
236,episodic_return,12.478171594408787
236,episodic_length,16.0
252,episodic_return,13.285116040669468
252,episodic_length,15.0
269,episodic_return,14.015471834342272
269,episodic_length,16.0
280,episodic_return,7.302694261375424
280,episodic_length,10.0
295,episodic_return,6.171716066619785
295,episodic_length,14.0
312,episodic_return,7.374612014084106
312,episodic_length,16.0
331,episodic_return,7.6265459346446
331,episodic_length,18.0
369,episodic_return,25.09382015462109
369,episodic_length,37.0
388,episodic_return,9.326688452261244
388,episodic_length,18.0
410,episodic_return,15.067537787793805
410,episodic_length,21.0
423,episodic_return,5.6420315313752125
423,episodic_length,12.0
443,episodic_return,10.712983606330344
443,episodic_length,19.0
469,episodic_return,26.69942191102896
469,episodic_length,25.0
481,episodic_return,6.492404091412306
481,episodic_length,11.0
495,episodic_return,9.904544452107562
495,episodic_length,13.0
513,episodic_return,7.010917292989178
513,episodic_length,17.0
528,episodic_return,9.752916761017474
528,episodic_length,14.0
540,episodic_return,7.465262305359298
540,episodic_length,11.0
579,episodic_return,16.650941763818583
579,episodic_length,38.0
594,episodic_return,10.212496871370389
594,episodic_length,14.0
619,episodic_return,7.991716817566614
619,episodic_length,24.0
647,episodic_return,5.594783041628219
647,episodic_length,27.0
664,episodic_return,13.347094044652703
664,episodic_length,16.0
674,episodic_return,5.440868108172509
674,episodic_length,9.0
688,episodic_return,10.367128248956345
688,episodic_length,13.0
709,episodic_return,15.313319885073934
709,episodic_length,20.0
725,episodic_return,1.9426204656062902
725,episodic_length,15.0
739,episodic_return,9.190514400928777
739,episodic_length,13.0
751,episodic_return,8.385256774490339
751,episodic_length,11.0
764,episodic_return,6.877337871189344
764,episodic_length,12.0
782,episodic_return,10.98494601585876
782,episodic_length,17.0
808,episodic_return,11.618105562257398
808,episodic_length,25.0
844,episodic_return,36.616531933130574
844,episodic_length,35.0
867,episodic_return,10.054396832794465
867,episodic_length,22.0
909,episodic_return,41.07009145002476
909,episodic_length,41.0
928,episodic_return,17.535389929139924
928,episodic_length,18.0
949,episodic_return,15.456174640058242
949,episodic_length,20.0
966,episodic_return,10.805496698256327
966,episodic_length,16.0
979,episodic_return,9.0923502682889
979,episodic_length,12.0
992,episodic_return,5.834383676013692
992,episodic_length,12.0
1009,episodic_return,10.855931164230052
1009,episodic_length,16.0
1023,episodic_return,8.282826964959252
1023,episodic_length,13.0
1037,episodic_return,4.976914927734327
1037,episodic_length,13.0
1055,episodic_return,15.857265850360147
1055,episodic_length,17.0
1076,episodic_return,14.162777584327447
1076,episodic_length,20.0
1091,episodic_return,8.982649121941403
1091,episodic_length,14.0
1103,episodic_return,6.728355200223182
1103,episodic_length,11.0
1116,episodic_return,7.948989364221535
1116,episodic_length,12.0
1127,episodic_return,6.880465214428502
1127,episodic_length,10.0
1140,episodic_return,6.309137095665668
1140,episodic_length,12.0
1169,episodic_return,32.489020713780086
1169,episodic_length,28.0
1196,episodic_return,22.30316397863778
1196,episodic_length,26.0
1206,episodic_return,4.225487513173096
1206,episodic_length,9.0
1225,episodic_return,5.466244469584564
1225,episodic_length,18.0
1239,episodic_return,6.805735431728391
1239,episodic_length,13.0
1250,episodic_return,4.440088173092186
1250,episodic_length,10.0
1262,episodic_return,5.9891496362636465
1262,episodic_length,11.0
1279,episodic_return,9.995449691683053
1279,episodic_length,16.0
1296,episodic_return,14.732327112489426
1296,episodic_length,16.0
1319,episodic_return,10.164574860096778
1319,episodic_length,22.0
1348,episodic_return,38.80858220979094
1348,episodic_length,28.0
1365,episodic_return,13.248943446644864
1365,episodic_length,16.0
1393,episodic_return,12.514711826770629
1393,episodic_length,27.0
1417,episodic_return,23.834634615893982
1417,episodic_length,23.0
1436,episodic_return,10.34356068823691
1436,episodic_length,18.0
1449,episodic_return,9.342827296857724
1449,episodic_length,12.0
1465,episodic_return,10.704349303816018
1465,episodic_length,15.0
1477,episodic_return,7.198456529668332
1477,episodic_length,11.0
1500,episodic_return,6.805885214620706
1500,episodic_length,22.0
1518,episodic_return,8.982215174797819
1518,episodic_length,17.0
1551,episodic_return,8.100094609200253
1551,episodic_length,32.0
1602,episodic_return,41.99670545681953
1602,episodic_length,50.0
1612,episodic_return,5.60008475542114
1612,episodic_length,9.0
1625,episodic_return,6.836012118460529
1625,episodic_length,12.0
1652,episodic_return,11.507245111855514
1652,episodic_length,26.0
1690,episodic_return,11.624899589277911
1690,episodic_length,37.0
1723,episodic_return,51.91894772044193
1723,episodic_length,32.0
1738,episodic_return,7.517388859790142
1738,episodic_length,14.0
1767,episodic_return,21.17737815689917
1767,episodic_length,28.0
1803,episodic_return,9.175645681719507
1803,episodic_length,35.0
1817,episodic_return,10.872173629409374
1817,episodic_length,13.0
1835,episodic_return,5.475035160360133
1835,episodic_length,17.0
1850,episodic_return,9.0721666927024
1850,episodic_length,14.0
1873,episodic_return,11.292298839207954
1873,episodic_length,22.0
1929,episodic_return,65.04261541516772
1929,episodic_length,55.0
1961,episodic_return,29.2760759593327
1961,episodic_length,31.0
1971,episodic_return,6.187470979744048
1971,episodic_length,9.0
1999,episodic_return,13.983382476088595
1999,episodic_length,27.0
2021,episodic_return,12.609918370285136
2021,episodic_length,21.0
2047,episodic_return,14.889234728475687
2047,episodic_length,25.0
2048,value_loss,0.9736067652702332
2048,policy_loss,-0.03316671401262283
2048,approx_kl,0.00944298505783081
2048,clipfrac,0.0578125
2048,explained_variance,-0.2734990119934082
2048,sps,456.0
2048,kl_beta,1.0
2114,episodic_return,93.33924396774385
2114,episodic_length,66.0
2176,episodic_return,89.6463393439093
2176,episodic_length,61.0
2191,episodic_return,10.32026698102564
2191,episodic_length,14.0
2203,episodic_return,5.629139595563785
2203,episodic_length,11.0
2218,episodic_return,6.594409589834495
2218,episodic_length,14.0
2267,episodic_return,70.00682875862026
2267,episodic_length,48.0
2281,episodic_return,6.968094165873236
2281,episodic_length,13.0
2295,episodic_return,6.988879417050775
2295,episodic_length,13.0
2305,episodic_return,3.957860541218456
2305,episodic_length,9.0
2318,episodic_return,9.827891405329034
2318,episodic_length,12.0
2337,episodic_return,8.587009766951777
2337,episodic_length,18.0
2352,episodic_return,14.002551655768913
2352,episodic_length,14.0
2371,episodic_return,10.322272855604798
2371,episodic_length,18.0
2386,episodic_return,14.44486431429416
2386,episodic_length,14.0
2407,episodic_return,14.790669063787137
2407,episodic_length,20.0
2440,episodic_return,12.59436772857741
2440,episodic_length,32.0
2452,episodic_return,8.671255358884407
2452,episodic_length,11.0
2467,episodic_return,7.771277880675075
2467,episodic_length,14.0
2481,episodic_return,5.500589855574961
2481,episodic_length,13.0
2502,episodic_return,11.100162830748074
2502,episodic_length,20.0
2539,episodic_return,58.10747073028708
2539,episodic_length,36.0
2551,episodic_return,8.872401516296957
2551,episodic_length,11.0
2574,episodic_return,9.699874911783928
2574,episodic_length,22.0
2628,episodic_return,50.812870343339874
2628,episodic_length,53.0
2704,episodic_return,134.91782126457733
2704,episodic_length,75.0
2752,episodic_return,72.14563159558327
2752,episodic_length,47.0
2772,episodic_return,12.53640539702665
2772,episodic_length,19.0
2797,episodic_return,9.575300076355882
2797,episodic_length,24.0
2809,episodic_return,6.283395964740195
2809,episodic_length,11.0
2822,episodic_return,9.205367202065183
2822,episodic_length,12.0
2833,episodic_return,7.036077189201973
2833,episodic_length,10.0
2892,episodic_return,85.75424191829109
2892,episodic_length,58.0
2914,episodic_return,12.576118419565663
2914,episodic_length,21.0
2937,episodic_return,11.609922196787574
2937,episodic_length,22.0
2956,episodic_return,15.765315169463541
2956,episodic_length,18.0
2994,episodic_return,59.86846894210595
2994,episodic_length,37.0
3009,episodic_return,11.97972802982002
3009,episodic_length,14.0
3056,episodic_return,76.93385203309548
3056,episodic_length,46.0
3068,episodic_return,7.8361572392625805
3068,episodic_length,11.0
3084,episodic_return,9.513798054770731
3084,episodic_length,15.0
3102,episodic_return,11.58283386357268
3102,episodic_length,17.0
3119,episodic_return,9.128034712711095
3119,episodic_length,16.0
3135,episodic_return,12.930397996017991
3135,episodic_length,15.0
3160,episodic_return,10.786188163205427
3160,episodic_length,24.0
3196,episodic_return,26.410264896663023
3196,episodic_length,35.0
3209,episodic_return,10.550289139721068
3209,episodic_length,12.0
3256,episodic_return,70.4032773342702
3256,episodic_length,46.0
3301,episodic_return,27.534857537344
3301,episodic_length,44.0
3310,episodic_return,4.465128403051829
3310,episodic_length,8.0
3345,episodic_return,25.76171358140148
3345,episodic_length,34.0
3365,episodic_return,17.10722789523155
3365,episodic_length,19.0
3381,episodic_return,9.998350629350192
3381,episodic_length,15.0
3396,episodic_return,6.709154496720903
3396,episodic_length,14.0
3474,episodic_return,85.45432840575374
3474,episodic_length,77.0
3497,episodic_return,22.61667424528965
3497,episodic_length,22.0
3511,episodic_return,8.279992571376956
3511,episodic_length,13.0
3539,episodic_return,16.67176711925043
3539,episodic_length,27.0
3567,episodic_return,10.735911397154123
3567,episodic_length,27.0
3578,episodic_return,6.1696980485648645
3578,episodic_length,10.0
3609,episodic_return,25.484082271715746
3609,episodic_length,30.0
3632,episodic_return,11.230261459309599
3632,episodic_length,22.0
3648,episodic_return,11.371614076532257
3648,episodic_length,15.0
3658,episodic_return,6.331432611666232
3658,episodic_length,9.0
3677,episodic_return,18.24617908402358
3677,episodic_length,18.0
3687,episodic_return,5.282836408683771
3687,episodic_length,9.0
3722,episodic_return,57.404210267666954
3722,episodic_length,34.0
3737,episodic_return,11.934501951304005
3737,episodic_length,14.0
3748,episodic_return,6.032738415877081
3748,episodic_length,10.0
3763,episodic_return,12.31077318783428
3763,episodic_length,14.0
3776,episodic_return,8.40636724640631
3776,episodic_length,12.0
3786,episodic_return,6.222620684208554
3786,episodic_length,9.0
3853,episodic_return,108.86397249878232
3853,episodic_length,66.0
3916,episodic_return,86.3953126101673
3916,episodic_length,62.0
3938,episodic_return,16.234290470643188
3938,episodic_length,21.0
3955,episodic_return,3.5080481545079243
3955,episodic_length,16.0
3978,episodic_return,17.189502147105102
3978,episodic_length,22.0
3988,episodic_return,5.855349071422392
3988,episodic_length,9.0
4004,episodic_return,10.358872969632193
4004,episodic_length,15.0
4018,episodic_return,8.215738791902723
4018,episodic_length,13.0
4034,episodic_return,10.918211188611583
4034,episodic_length,15.0
4051,episodic_return,13.621628801406313
4051,episodic_length,16.0
4076,episodic_return,19.30538288685618
4076,episodic_length,24.0
4096,value_loss,0.3483436703681946
4096,policy_loss,-0.055945947766304016
4096,approx_kl,0.03446653485298157
4096,clipfrac,0.197314453125
4096,explained_variance,-0.13111340999603271
4096,sps,475.0
4096,kl_beta,2.0
4097,episodic_return,16.073463282897368
4097,episodic_length,20.0
4135,episodic_return,59.08366481474426
4135,episodic_length,37.0
4173,episodic_return,27.818119329545066
4173,episodic_length,37.0
4258,episodic_return,141.86173177119753
4258,episodic_length,84.0
4274,episodic_return,11.12191386074592
4274,episodic_length,15.0
4334,episodic_return,86.92353232501101
4334,episodic_length,59.0
4418,episodic_return,126.26147659515118
4418,episodic_length,83.0
4480,episodic_return,76.67111945163275
4480,episodic_length,61.0
4498,episodic_return,11.314137645646078
4498,episodic_length,17.0
4617,episodic_return,221.3810412558605
4617,episodic_length,118.0
4652,episodic_return,54.35843698577707
4652,episodic_length,34.0
4695,episodic_return,56.03744714676284
4695,episodic_length,42.0
4752,episodic_return,99.56979880250123
4752,episodic_length,56.0
4816,episodic_return,73.43659517445118
4816,episodic_length,63.0
4827,episodic_return,7.69911666493519
4827,episodic_length,10.0
4844,episodic_return,9.575834517426687
4844,episodic_length,16.0
4871,episodic_return,12.549527119136393
4871,episodic_length,26.0
4919,episodic_return,78.36396807567372
4919,episodic_length,47.0
4934,episodic_return,10.054056561377939
4934,episodic_length,14.0
4995,episodic_return,30.582375809582157
4995,episodic_length,60.0
5017,episodic_return,22.5260530382615
5017,episodic_length,21.0
5101,episodic_return,86.61017423721636
5101,episodic_length,83.0
5153,episodic_return,54.96370556859395
5153,episodic_length,51.0
5183,episodic_return,46.47469579770035
5183,episodic_length,29.0
5268,episodic_return,98.91153961094847
5268,episodic_length,84.0
5306,episodic_return,32.86025693867713
5306,episodic_length,37.0
5337,episodic_return,20.875563184129366
5337,episodic_length,30.0
5363,episodic_return,25.668034250921302
5363,episodic_length,25.0
5373,episodic_return,6.069263458472838
5373,episodic_length,9.0
5390,episodic_return,10.344935839413967
5390,episodic_length,16.0
5437,episodic_return,65.83913223307728
5437,episodic_length,46.0
5460,episodic_return,17.21644986883318
5460,episodic_length,22.0
5473,episodic_return,8.384127495971644
5473,episodic_length,12.0
5543,episodic_return,129.36422164597457
5543,episodic_length,69.0
5559,episodic_return,12.659019774592107
5559,episodic_length,15.0
5646,episodic_return,164.20697305688006
5646,episodic_length,86.0
5677,episodic_return,38.53329921565852
5677,episodic_length,30.0
5768,episodic_return,152.11922123301906
5768,episodic_length,90.0
5803,episodic_return,32.45918116561855
5803,episodic_length,34.0
5812,episodic_return,3.7515543634121467
5812,episodic_length,8.0
5845,episodic_return,53.10212472793399
5845,episodic_length,32.0
5901,episodic_return,77.32657770068458
5901,episodic_length,55.0
5918,episodic_return,14.1589215053301
5918,episodic_length,16.0
5973,episodic_return,85.05563673079408
5973,episodic_length,54.0
6019,episodic_return,69.82961487409185
6019,episodic_length,45.0
6030,episodic_return,4.8953733886079895
6030,episodic_length,10.0
6046,episodic_return,7.303992818007937
6046,episodic_length,15.0
6070,episodic_return,15.323754443509305
6070,episodic_length,23.0
6126,episodic_return,92.61697925222485
6126,episodic_length,55.0
6139,episodic_return,7.520743942308238
6139,episodic_length,12.0
6144,value_loss,0.31447914242744446
6144,policy_loss,-0.014908729121088982
6144,approx_kl,0.008192875422537327
6144,clipfrac,0.043505859375
6144,explained_variance,0.14581602811813354
6144,sps,495.0
6144,kl_beta,2.0
6178,episodic_return,54.33694535689869
6178,episodic_length,38.0
6218,episodic_return,57.17232531138616
6218,episodic_length,39.0
6269,episodic_return,81.36737775383982
6269,episodic_length,50.0
6284,episodic_return,12.931134493829994
6284,episodic_length,14.0
6343,episodic_return,106.07978954786684
6343,episodic_length,58.0
6408,episodic_return,83.25021795748596
6408,episodic_length,64.0
6465,episodic_return,83.94078648866586
6465,episodic_length,56.0
6486,episodic_return,10.053829740392002
6486,episodic_length,20.0
6504,episodic_return,10.282426144560933
6504,episodic_length,17.0
6517,episodic_return,8.69372518841439
6517,episodic_length,12.0
6565,episodic_return,79.1792771407798
6565,episodic_length,47.0
6651,episodic_return,187.77938144307436
6651,episodic_length,85.0
6715,episodic_return,94.4474192336527
6715,episodic_length,63.0
6829,episodic_return,205.43306894187072
6829,episodic_length,113.0
6878,episodic_return,84.3454100739906
6878,episodic_length,48.0
6930,episodic_return,89.66436855730176
6930,episodic_length,51.0
6990,episodic_return,105.89980891787698
6990,episodic_length,59.0
7014,episodic_return,24.358687869125866
7014,episodic_length,23.0
7052,episodic_return,60.26528842815356
7052,episodic_length,37.0
7068,episodic_return,8.266346033778998
7068,episodic_length,15.0
7118,episodic_return,77.23582114454857
7118,episodic_length,49.0
7139,episodic_return,21.22558895712354
7139,episodic_length,20.0
7192,episodic_return,93.50110876340679
7192,episodic_length,52.0
7210,episodic_return,16.567132140393177
7210,episodic_length,17.0
7248,episodic_return,59.70260073130752
7248,episodic_length,37.0
7269,episodic_return,21.342934654485216
7269,episodic_length,20.0
7302,episodic_return,22.634964161699067
7302,episodic_length,32.0
7332,episodic_return,40.64596858826025
7332,episodic_length,29.0
7378,episodic_return,70.37361377174955
7378,episodic_length,45.0
7433,episodic_return,99.64495054000902
7433,episodic_length,54.0
7473,episodic_return,63.84432289168753
7473,episodic_length,39.0
7532,episodic_return,108.29090140714425
7532,episodic_length,58.0
7595,episodic_return,113.31464554138421
7595,episodic_length,62.0
7608,episodic_return,8.241134581895118
7608,episodic_length,12.0
7653,episodic_return,76.31339989465015
7653,episodic_length,44.0
7669,episodic_return,6.524286318319202
7669,episodic_length,15.0
7755,episodic_return,152.06661538782214
7755,episodic_length,85.0
7797,episodic_return,67.75962109192345
7797,episodic_length,41.0
7848,episodic_return,75.02555526593376
7848,episodic_length,50.0
7868,episodic_return,20.192767544664274
7868,episodic_length,19.0
7899,episodic_return,24.028008183602292
7899,episodic_length,30.0
7912,episodic_return,6.1488701954125915
7912,episodic_length,12.0
8010,episodic_return,138.45978461047173
8010,episodic_length,97.0
8069,episodic_return,80.58275459130239
8069,episodic_length,58.0
8098,episodic_return,27.656799141141622
8098,episodic_length,28.0
8142,episodic_return,72.11945364848782
8142,episodic_length,43.0
8177,episodic_return,52.92521082222466
8177,episodic_length,34.0
8192,value_loss,0.19641472399234772
8192,policy_loss,-0.03628716245293617
8192,approx_kl,0.01106882095336914
8192,clipfrac,0.08828125
8192,explained_variance,0.1499435305595398
8192,sps,506.0
8192,kl_beta,2.0
8231,episodic_return,87.51424501331812
8231,episodic_length,53.0
8264,episodic_return,18.63235914763803
8264,episodic_length,32.0
8318,episodic_return,94.71913878497782
8318,episodic_length,53.0
8373,episodic_return,77.1777217638824
8373,episodic_length,54.0
8405,episodic_return,50.014355017141035
8405,episodic_length,31.0
8462,episodic_return,94.2701375370822
8462,episodic_length,56.0
8542,episodic_return,113.11580339620876
8542,episodic_length,79.0
8603,episodic_return,109.02886859064095
8603,episodic_length,60.0
8615,episodic_return,8.580401368319086
8615,episodic_length,11.0
8646,episodic_return,18.090700344292795
8646,episodic_length,30.0
8706,episodic_return,76.98577724419167
8706,episodic_length,59.0
8767,episodic_return,103.83667479825233
8767,episodic_length,60.0
8829,episodic_return,74.52728154478594
8829,episodic_length,61.0
8851,episodic_return,23.77409095896512
8851,episodic_length,21.0
8930,episodic_return,167.42666276312383
8930,episodic_length,78.0
8999,episodic_return,122.37228313265558
8999,episodic_length,68.0
9047,episodic_return,81.97550966644836
9047,episodic_length,47.0
9120,episodic_return,130.2248121893809
9120,episodic_length,72.0
9169,episodic_return,72.62869816227636
9169,episodic_length,48.0
9215,episodic_return,75.52444501111309
9215,episodic_length,45.0
9317,episodic_return,150.4866802700037
9317,episodic_length,101.0
9367,episodic_return,71.7186499638875
9367,episodic_length,49.0
9423,episodic_return,72.67113028168839
9423,episodic_length,55.0
9446,episodic_return,22.668483888351094
9446,episodic_length,22.0
9491,episodic_return,76.67290427730656
9491,episodic_length,44.0
9525,episodic_return,52.656843297135296
9525,episodic_length,33.0
9602,episodic_return,138.02876587126428
9602,episodic_length,76.0
9659,episodic_return,101.34712730291454
9659,episodic_length,56.0
9672,episodic_return,7.776096185421021
9672,episodic_length,12.0
9724,episodic_return,87.67031998080398
9724,episodic_length,51.0
9764,episodic_return,64.36535300860567
9764,episodic_length,39.0
9826,episodic_return,109.98602899775258
9826,episodic_length,61.0
9863,episodic_return,58.95283416421722
9863,episodic_length,36.0
9878,episodic_return,9.739201859203778
9878,episodic_length,14.0
9945,episodic_return,96.3461795487268
9945,episodic_length,66.0
10007,episodic_return,112.15130464448814
10007,episodic_length,61.0
10051,episodic_return,25.026957776192358
10051,episodic_length,43.0
10065,episodic_return,5.9273427548995405
10065,episodic_length,13.0
10135,episodic_return,132.02542957211435
10135,episodic_length,69.0
10157,episodic_return,18.481223555064396
10157,episodic_length,21.0
10188,episodic_return,48.27202145170589
10188,episodic_length,30.0
10222,episodic_return,51.83575190636762
10222,episodic_length,33.0
10240,value_loss,0.17489655315876007
10240,policy_loss,-0.02690044976770878
10240,approx_kl,0.0069616204127669334
10240,clipfrac,0.080126953125
10240,explained_variance,0.23804718255996704
10240,sps,518.0
10240,kl_beta,2.0
10315,episodic_return,213.75169464353638
10315,episodic_length,92.0
10415,episodic_return,200.2638696579245
10415,episodic_length,99.0
10464,episodic_return,75.26436213998092
10464,episodic_length,48.0
10532,episodic_return,117.82318710554186
10532,episodic_length,67.0
10611,episodic_return,169.06776428695278
10611,episodic_length,78.0
10660,episodic_return,83.3214716230448
10660,episodic_length,48.0
10741,episodic_return,153.87124190480296
10741,episodic_length,80.0
10795,episodic_return,86.95027078161439
10795,episodic_length,53.0
10816,episodic_return,20.52405250639468
10816,episodic_length,20.0
10897,episodic_return,159.20186762584024
10897,episodic_length,80.0
10912,episodic_return,9.07381165553067
10912,episodic_length,14.0
10953,episodic_return,65.34844189799442
10953,episodic_length,40.0
11039,episodic_return,185.2415040421062
11039,episodic_length,85.0
11105,episodic_return,125.62760031088138
11105,episodic_length,65.0
11215,episodic_return,243.06980459100654
11215,episodic_length,109.0
11279,episodic_return,91.8784257446024
11279,episodic_length,63.0
11344,episodic_return,111.67743782346164
11344,episodic_length,64.0
11437,episodic_return,189.92983667824137
11437,episodic_length,92.0
11487,episodic_return,69.687683053571
11487,episodic_length,49.0
11536,episodic_return,79.40839366396376
11536,episodic_length,48.0
11553,episodic_return,9.773450128875995
11553,episodic_length,16.0
11608,episodic_return,95.07746088339042
11608,episodic_length,54.0
11715,episodic_return,200.256008549056
11715,episodic_length,106.0
11765,episodic_return,75.31985705060951
11765,episodic_length,49.0
11800,episodic_return,50.826919773347946
11800,episodic_length,34.0
11859,episodic_return,87.52269052415267
11859,episodic_length,58.0
11874,episodic_return,11.028210535226949
11874,episodic_length,14.0
11885,episodic_return,7.067211919811974
11885,episodic_length,10.0
11919,episodic_return,53.40030588744476
11919,episodic_length,33.0
11951,episodic_return,50.10001252997392
11951,episodic_length,31.0
12020,episodic_return,130.98120368578657
12020,episodic_length,68.0
12089,episodic_return,133.59246872911157
12089,episodic_length,68.0
12175,episodic_return,167.1067327169624
12175,episodic_length,85.0
12262,episodic_return,141.96360002000029
12262,episodic_length,86.0
12288,value_loss,0.19003865122795105
12288,policy_loss,-0.013432534411549568
12288,approx_kl,0.004897274076938629
12288,clipfrac,0.0640625
12288,explained_variance,0.2560194134712219
12288,sps,522.0
12288,kl_beta,1.0
12324,episodic_return,111.12604994563911
12324,episodic_length,61.0
12409,episodic_return,179.4682249312753
12409,episodic_length,84.0
12489,episodic_return,164.7441750604322
12489,episodic_length,79.0
12558,episodic_return,129.06776237140215
12558,episodic_length,68.0
12590,episodic_return,50.62009541493948
12590,episodic_length,31.0
12677,episodic_return,174.66921970937773
12677,episodic_length,86.0
12786,episodic_return,231.27370642466923
12786,episodic_length,108.0
12843,episodic_return,95.78590441390082
12843,episodic_length,56.0
12947,episodic_return,222.99981185521955
12947,episodic_length,103.0
13001,episodic_return,99.17818449703857
13001,episodic_length,53.0
13083,episodic_return,172.0732184756667
13083,episodic_length,81.0
13126,episodic_return,70.69596288020537
13126,episodic_length,42.0
13204,episodic_return,155.77997579114708
13204,episodic_length,77.0
13254,episodic_return,86.45567882651905
13254,episodic_length,49.0
13297,episodic_return,71.70751018481013
13297,episodic_length,42.0
13370,episodic_return,143.44775698653328
13370,episodic_length,72.0
13445,episodic_return,156.38201534357583
13445,episodic_length,74.0
13526,episodic_return,151.02949574772285
13526,episodic_length,80.0
13618,episodic_return,208.6955031502626
13618,episodic_length,91.0
13669,episodic_return,75.18494495399901
13669,episodic_length,50.0
13723,episodic_return,92.99739755425372
13723,episodic_length,53.0
13786,episodic_return,96.7129972529708
13786,episodic_length,62.0
13821,episodic_return,56.09221470915422
13821,episodic_length,34.0
13893,episodic_return,135.71028705036198
13893,episodic_length,71.0
13943,episodic_return,86.9249167977382
13943,episodic_length,49.0
14019,episodic_return,141.3910141346695
14019,episodic_length,75.0
14052,episodic_return,52.74626568928361
14052,episodic_length,32.0
14095,episodic_return,71.77041033013855
14095,episodic_length,42.0
14173,episodic_return,144.5835583782789
14173,episodic_length,77.0
14260,episodic_return,183.71108538602653
14260,episodic_length,86.0
14302,episodic_return,71.27850276131656
14302,episodic_length,41.0
14336,value_loss,0.20027431845664978
14336,policy_loss,-0.04267659783363342
14336,approx_kl,0.03245052695274353
14336,clipfrac,0.25283203125
14336,explained_variance,0.22522056102752686
14336,sps,519.0
14336,kl_beta,2.0
14391,episodic_return,202.11338570951972
14391,episodic_length,88.0
14450,episodic_return,105.06409756142806
14450,episodic_length,58.0
14546,episodic_return,209.0748963598952
14546,episodic_length,95.0
14640,episodic_return,211.79885141172912
14640,episodic_length,93.0
14737,episodic_return,212.9931097266826
14737,episodic_length,96.0
14836,episodic_return,231.31701398995665
14836,episodic_length,98.0
14912,episodic_return,156.59155984880573
14912,episodic_length,75.0
14990,episodic_return,161.82000458844058
14990,episodic_length,77.0
15046,episodic_return,97.18036582562645
15046,episodic_length,55.0
15077,episodic_return,49.48889468613648
15077,episodic_length,30.0
15171,episodic_return,202.01600585227047
15171,episodic_length,93.0
15266,episodic_return,213.2552494381678
15266,episodic_length,94.0
15342,episodic_return,156.266149862197
15342,episodic_length,75.0
15439,episodic_return,210.19417948895375
15439,episodic_length,96.0
15499,episodic_return,105.39825174542706
15499,episodic_length,59.0
15627,episodic_return,258.1394063745383
15627,episodic_length,127.0
15763,episodic_return,281.72664147007873
15763,episodic_length,135.0
15820,episodic_return,97.2203601519045
15820,episodic_length,56.0
15880,episodic_return,107.84098747030966
15880,episodic_length,59.0
15969,episodic_return,195.38076843013445
15969,episodic_length,88.0
16029,episodic_return,97.88372821743606
16029,episodic_length,59.0
16100,episodic_return,143.74418829356335
16100,episodic_length,70.0
16188,episodic_return,181.46597128258728
16188,episodic_length,87.0
16267,episodic_return,169.52173206852254
16267,episodic_length,78.0
16359,episodic_return,200.69459732338635
16359,episodic_length,91.0
16384,value_loss,0.1621759533882141
16384,policy_loss,-0.016258753836154938
16384,approx_kl,0.006508795544505119
16384,clipfrac,0.05595703125
16384,explained_variance,0.3009229898452759
16384,sps,518.0
16384,kl_beta,1.0
16449,episodic_return,199.93274028434308
16449,episodic_length,89.0
16539,episodic_return,198.64586929499862
16539,episodic_length,89.0
16640,episodic_return,235.28079597673582
16640,episodic_length,100.0
16725,episodic_return,180.17917894474692
16725,episodic_length,84.0
16776,episodic_return,85.72845221678243
16776,episodic_length,50.0
16874,episodic_return,208.38336963357364
16874,episodic_length,97.0
16971,episodic_return,210.15322983757096
16971,episodic_length,96.0
17071,episodic_return,204.93898777574958
17071,episodic_length,99.0
17155,episodic_return,179.7821896873583
17155,episodic_length,83.0
17240,episodic_return,184.87092693330405
17240,episodic_length,84.0
17332,episodic_return,209.75071533301303
17332,episodic_length,91.0
17427,episodic_return,214.18630831327053
17427,episodic_length,94.0
17461,episodic_return,52.97579615150731
17461,episodic_length,33.0
17553,episodic_return,202.93954445328185
17553,episodic_length,91.0
17643,episodic_return,202.27475447003633
17643,episodic_length,89.0
17743,episodic_return,215.97700617225658
17743,episodic_length,99.0
17807,episodic_return,118.49601404422458
17807,episodic_length,63.0
17903,episodic_return,217.19666615476493
17903,episodic_length,95.0
17991,episodic_return,181.80075300632996
17991,episodic_length,87.0
18033,episodic_return,68.69219500839661
18033,episodic_length,41.0
18121,episodic_return,192.6598725140464
18121,episodic_length,87.0
18216,episodic_return,205.6693842290229
18216,episodic_length,94.0
18319,episodic_return,218.65445485993916
18319,episodic_length,102.0
18395,episodic_return,154.6420550973957
18395,episodic_length,75.0
18432,value_loss,0.12816402316093445
18432,policy_loss,-0.007150669582188129
18432,approx_kl,0.010752777568995953
18432,clipfrac,0.103076171875
18432,explained_variance,0.4098438620567322
18432,sps,519.0
18432,kl_beta,1.0
18490,episodic_return,216.70667824923868
18490,episodic_length,94.0
18573,episodic_return,182.28966162876588
18573,episodic_length,82.0
18656,episodic_return,144.77906728829797
18656,episodic_length,82.0
18748,episodic_return,203.9871076052791
18748,episodic_length,91.0
18848,episodic_return,221.15567286654962
18848,episodic_length,99.0
18940,episodic_return,203.9330453192038
18940,episodic_length,91.0
19039,episodic_return,222.1928607568884
19039,episodic_length,98.0
19133,episodic_return,210.48207491378625
19133,episodic_length,93.0
19210,episodic_return,152.84029446267735
19210,episodic_length,76.0
19313,episodic_return,237.06283419179346
19313,episodic_length,102.0
19411,episodic_return,210.33417254899695
19411,episodic_length,97.0
19497,episodic_return,170.90958364831212
19497,episodic_length,85.0
19586,episodic_return,188.44390044251185
19586,episodic_length,88.0
19659,episodic_return,144.86557627663728
19659,episodic_length,72.0
19731,episodic_return,145.70331552524596
19731,episodic_length,71.0
19824,episodic_return,197.4033955272425
19824,episodic_length,92.0
19912,episodic_return,191.41794361280702
19912,episodic_length,87.0
20001,episodic_return,195.1699622392217
20001,episodic_length,88.0
20106,episodic_return,225.09226301073903
20106,episodic_length,104.0
20203,episodic_return,216.21974170035796
20203,episodic_length,96.0
20295,episodic_return,201.05942155441954
20295,episodic_length,91.0
20380,episodic_return,187.70078593644425
20380,episodic_length,84.0
20442,episodic_return,114.76036094982439
20442,episodic_length,61.0
20480,value_loss,0.04706154018640518
20480,policy_loss,-0.031428974121809006
20480,approx_kl,0.017063919454813004
20480,clipfrac,0.155517578125
20480,explained_variance,0.6004113256931305
20480,sps,522.0
20480,kl_beta,2.0
20531,episodic_return,196.3255638551778
20531,episodic_length,88.0
20619,episodic_return,184.05560491944004
20619,episodic_length,87.0
20711,episodic_return,207.5058916326871
20711,episodic_length,91.0
20803,episodic_return,206.1201834727266
20803,episodic_length,91.0
20895,episodic_return,206.47531785727472
20895,episodic_length,91.0
20991,episodic_return,219.32315657675787
20991,episodic_length,95.0
21106,episodic_return,275.5569615597794
21106,episodic_length,114.0
21199,episodic_return,210.14541254337678
21199,episodic_length,92.0
21294,episodic_return,212.9181248218547
21294,episodic_length,94.0
21378,episodic_return,178.90499694907953
21378,episodic_length,83.0
21475,episodic_return,216.51083930601766
21475,episodic_length,96.0
21561,episodic_return,188.12596796172912
21561,episodic_length,85.0
21659,episodic_return,219.36917744187582
21659,episodic_length,97.0
21756,episodic_return,221.59083397230253
21756,episodic_length,96.0
21848,episodic_return,210.80580531356387
21848,episodic_length,91.0
21936,episodic_return,185.64805862589964
21936,episodic_length,87.0
22026,episodic_return,201.57016871433763
22026,episodic_length,89.0
22142,episodic_return,232.16795496264828
22142,episodic_length,115.0
22236,episodic_return,215.63831312852935
22236,episodic_length,93.0
22326,episodic_return,201.00561228003986
22326,episodic_length,89.0
22419,episodic_return,210.25877515473658
22419,episodic_length,92.0
22521,episodic_return,225.49731093601105
22521,episodic_length,101.0
22528,value_loss,0.030435163527727127
22528,policy_loss,-0.020357944071292877
22528,approx_kl,0.00307670421898365
22528,clipfrac,0.020166015625
22528,explained_variance,0.7717138826847076
22528,sps,522.0
22528,kl_beta,1.0
22591,episodic_return,140.21037072899608
22591,episodic_length,69.0
22678,episodic_return,191.84539053680362
22678,episodic_length,86.0
22768,episodic_return,196.1756494977697
22768,episodic_length,89.0
22867,episodic_return,220.18775607304627
22867,episodic_length,98.0
22967,episodic_return,226.09248426912086
22967,episodic_length,99.0
23072,episodic_return,244.9537625499635
23072,episodic_length,104.0
23176,episodic_return,212.9439088504128
23176,episodic_length,103.0
23262,episodic_return,190.70084520165267
23262,episodic_length,85.0
23358,episodic_return,218.06972797613818
23358,episodic_length,95.0
23445,episodic_return,196.0437002994385
23445,episodic_length,86.0
23547,episodic_return,224.96723023064197
23547,episodic_length,101.0
23643,episodic_return,210.74598608885447
23643,episodic_length,95.0
23746,episodic_return,235.42538725934273
23746,episodic_length,102.0
23850,episodic_return,223.96543636111653
23850,episodic_length,103.0
23944,episodic_return,213.02612752272742
23944,episodic_length,93.0
24040,episodic_return,219.94659775183018
24040,episodic_length,95.0
24129,episodic_return,199.7365675236551
24129,episodic_length,88.0
24221,episodic_return,208.95443073351382
24221,episodic_length,91.0
24317,episodic_return,218.27252316108112
24317,episodic_length,95.0
24403,episodic_return,191.23040678875898
24403,episodic_length,85.0
24510,episodic_return,249.23178024698805
24510,episodic_length,106.0
24576,value_loss,0.03427795693278313
24576,policy_loss,-0.0018734876066446304
24576,approx_kl,0.014718899503350258
24576,clipfrac,0.14716796875
24576,explained_variance,0.8049245476722717
24576,sps,524.0
24576,kl_beta,1.0
24616,episodic_return,252.1864514630771
24616,episodic_length,105.0
24706,episodic_return,200.91297925958045
24706,episodic_length,89.0
24797,episodic_return,207.32022197242748
24797,episodic_length,90.0
24892,episodic_return,214.411688343293
24892,episodic_length,94.0
24990,episodic_return,223.85734811714994
24990,episodic_length,97.0
25086,episodic_return,224.0945576515991
25086,episodic_length,95.0
25190,episodic_return,231.77750859276378
25190,episodic_length,103.0
25288,episodic_return,219.10850381803078
25288,episodic_length,97.0
25389,episodic_return,229.41480631098597
25389,episodic_length,100.0
25478,episodic_return,195.9157496360085
25478,episodic_length,88.0
25571,episodic_return,205.83395758144783
25571,episodic_length,92.0
25671,episodic_return,231.84780751605268
25671,episodic_length,99.0
25780,episodic_return,253.168728988917
25780,episodic_length,108.0
25872,episodic_return,209.18132853245146
25872,episodic_length,91.0
25968,episodic_return,217.40489609527816
25968,episodic_length,95.0
26060,episodic_return,207.70208522335088
26060,episodic_length,91.0
26153,episodic_return,201.35574996616688
26153,episodic_length,92.0
26251,episodic_return,218.3646693243734
26251,episodic_length,97.0
26343,episodic_return,202.80078098347605
26343,episodic_length,91.0
26437,episodic_return,213.18439237139646
26437,episodic_length,93.0
26528,episodic_return,195.45961493909275
26528,episodic_length,90.0
26621,episodic_return,207.2197483352317
26621,episodic_length,92.0
26624,value_loss,0.03806072473526001
26624,policy_loss,0.01616632007062435
26624,approx_kl,0.010168975219130516
26624,clipfrac,0.082763671875
26624,explained_variance,0.8629651665687561
26624,sps,526.0
26624,kl_beta,1.0
26708,episodic_return,181.33665368338046
26708,episodic_length,86.0
26800,episodic_return,203.93633103412006
26800,episodic_length,91.0
26887,episodic_return,192.09078018351582
26887,episodic_length,86.0
26982,episodic_return,208.91541283492052
26982,episodic_length,94.0
27073,episodic_return,200.9245171848603
27073,episodic_length,90.0
27173,episodic_return,241.57472229296948
27173,episodic_length,99.0
27273,episodic_return,221.75835703657143
27273,episodic_length,99.0
27365,episodic_return,204.41780456768458
27365,episodic_length,91.0
27462,episodic_return,219.40087078079515
27462,episodic_length,96.0
27560,episodic_return,219.97004210535593
27560,episodic_length,97.0
27655,episodic_return,212.38498403884398
27655,episodic_length,94.0
27740,episodic_return,183.4302326310128
27740,episodic_length,84.0
27829,episodic_return,198.1153241016969
27829,episodic_length,88.0
27918,episodic_return,197.3824100322076
27918,episodic_length,88.0
28009,episodic_return,202.87714685255148
28009,episodic_length,90.0
28119,episodic_return,238.1161719961041
28119,episodic_length,109.0
28216,episodic_return,221.3515864392961
28216,episodic_length,96.0
28312,episodic_return,217.13123292289666
28312,episodic_length,95.0
28411,episodic_return,223.05075479008198
28411,episodic_length,98.0
28509,episodic_return,224.4897999313046
28509,episodic_length,97.0
28597,episodic_return,195.74907946965666
28597,episodic_length,87.0
28672,value_loss,0.1051722913980484
28672,policy_loss,-0.01470796950161457
28672,approx_kl,0.01101752556860447
28672,clipfrac,0.092236328125
28672,explained_variance,0.8853831067681313
28672,sps,527.0
28672,kl_beta,1.0
28697,episodic_return,231.40002043481013
28697,episodic_length,99.0
28791,episodic_return,215.63566334871268
28791,episodic_length,93.0
28892,episodic_return,235.2719242669948
28892,episodic_length,100.0
29001,episodic_return,242.8669271650621
29001,episodic_length,108.0
29105,episodic_return,246.90979533840746
29105,episodic_length,103.0
29204,episodic_return,225.79421325263934
29204,episodic_length,98.0
29297,episodic_return,204.39213920349113
29297,episodic_length,92.0
29389,episodic_return,206.44392682642498
29389,episodic_length,91.0
29498,episodic_return,256.5846466623909
29498,episodic_length,108.0
29601,episodic_return,230.77798776196855
29601,episodic_length,102.0
29693,episodic_return,206.779198806783
29693,episodic_length,91.0
29792,episodic_return,222.72497351442598
29792,episodic_length,98.0
29886,episodic_return,208.36026982627294
29886,episodic_length,93.0
29985,episodic_return,231.99829817008163
29985,episodic_length,98.0
30084,episodic_return,227.75883149652407
30084,episodic_length,98.0
30181,episodic_return,221.2980456977721
30181,episodic_length,96.0
30275,episodic_return,211.8275547630759
30275,episodic_length,93.0
30368,episodic_return,210.7038914023726
30368,episodic_length,92.0
30458,episodic_return,199.57132237775022
30458,episodic_length,89.0
30552,episodic_return,214.9854952617648
30552,episodic_length,93.0
30646,episodic_return,204.8499702525898
30646,episodic_length,93.0
30720,value_loss,0.07019869238138199
30720,policy_loss,0.016093185171484947
30720,approx_kl,0.006241878494620323
30720,clipfrac,0.063525390625
30720,explained_variance,0.8957502394914627
30720,sps,526.0
30720,kl_beta,0.5
30741,episodic_return,213.93043123172933
30741,episodic_length,94.0
30836,episodic_return,214.86643463101095
30836,episodic_length,94.0
30928,episodic_return,212.335188445083
30928,episodic_length,91.0
31034,episodic_return,228.18868391317326
31034,episodic_length,105.0
31132,episodic_return,229.798378320528
31132,episodic_length,97.0
31223,episodic_return,203.15992601379259
31223,episodic_length,90.0
31314,episodic_return,208.15125517715902
31314,episodic_length,90.0
31413,episodic_return,223.37024707961177
31413,episodic_length,98.0
31519,episodic_return,245.0140062987514
31519,episodic_length,105.0
31631,episodic_return,266.8580783708439
31631,episodic_length,111.0
31731,episodic_return,224.51155162469877
31731,episodic_length,99.0
31836,episodic_return,238.65844248978772
31836,episodic_length,104.0
31936,episodic_return,227.64883536441894
31936,episodic_length,99.0
32032,episodic_return,215.57869233863605
32032,episodic_length,95.0
32151,episodic_return,301.29694301142973
32151,episodic_length,118.0
32240,episodic_return,194.5789496104315
32240,episodic_length,88.0
32332,episodic_return,210.07256790260925
32332,episodic_length,91.0
32433,episodic_return,228.76437736676448
32433,episodic_length,100.0
32534,episodic_return,229.37776497836842
32534,episodic_length,100.0
32632,episodic_return,224.14602689459514
32632,episodic_length,97.0
32733,episodic_return,232.37355724417998
32733,episodic_length,100.0
32768,value_loss,0.015610838308930397
32768,policy_loss,-0.05954409018158913
32768,approx_kl,0.019291602075099945
32768,clipfrac,0.22841796875
32768,explained_variance,0.8938743770122528
32768,sps,524.0
32768,kl_beta,1.0
32830,episodic_return,214.10747648050744
32830,episodic_length,96.0
32934,episodic_return,247.11025927046705
32934,episodic_length,103.0
33081,episodic_return,324.084283129272
33081,episodic_length,146.0
33167,episodic_return,177.35548305532345
33167,episodic_length,85.0
33279,episodic_return,277.65287436079916
33279,episodic_length,111.0
33391,episodic_return,265.5547396160575
33391,episodic_length,111.0
33500,episodic_return,264.00317467702985
33500,episodic_length,108.0
33619,episodic_return,279.82911564872194
33619,episodic_length,118.0
33724,episodic_return,248.51287802282565
33724,episodic_length,104.0
33820,episodic_return,216.99602319515859
33820,episodic_length,95.0
33935,episodic_return,291.9012935467762
33935,episodic_length,114.0
34036,episodic_return,231.49606158601404
34036,episodic_length,100.0
34152,episodic_return,298.27029905105303
34152,episodic_length,115.0
34276,episodic_return,326.0443100406573
34276,episodic_length,123.0
34373,episodic_return,220.57633517803603
34373,episodic_length,96.0
34463,episodic_return,197.36744553062167
34463,episodic_length,89.0
34581,episodic_return,282.0431923647281
34581,episodic_length,117.0
34696,episodic_return,283.59343269701253
34696,episodic_length,114.0
34816,value_loss,0.010012546554207802
34816,policy_loss,0.021372446790337563
34816,approx_kl,0.01124306209385395
34816,clipfrac,0.1115234375
34816,explained_variance,0.8564369976520538
34816,sps,524.0
34816,kl_beta,1.0
34817,episodic_return,314.2907186286839
34817,episodic_length,120.0
34939,episodic_return,314.24497606362917
34939,episodic_length,121.0
35053,episodic_return,277.4109489955327
35053,episodic_length,113.0
35173,episodic_return,315.9503040366195
35173,episodic_length,119.0
35280,episodic_return,245.07509325877248
35280,episodic_length,106.0
35376,episodic_return,220.2206099268291
35376,episodic_length,95.0
35478,episodic_return,245.1884132057867
35478,episodic_length,101.0
35617,episodic_return,371.60825679055614
35617,episodic_length,138.0
35736,episodic_return,306.92497718719727
35736,episodic_length,118.0
35837,episodic_return,237.54643065530536
35837,episodic_length,100.0
35936,episodic_return,226.72437327434574
35936,episodic_length,98.0
36030,episodic_return,210.95497791582602
36030,episodic_length,93.0
36150,episodic_return,307.5010829758142
36150,episodic_length,119.0
36267,episodic_return,287.5357036953896
36267,episodic_length,116.0
36382,episodic_return,283.7069192706059
36382,episodic_length,114.0
36486,episodic_return,248.30869396566246
36486,episodic_length,103.0
36586,episodic_return,231.750601331576
36586,episodic_length,99.0
36697,episodic_return,277.4812548163933
36697,episodic_length,110.0
36813,episodic_return,278.95175716337275
36813,episodic_length,115.0
36864,value_loss,0.06622660160064697
36864,policy_loss,-0.02637239173054695
36864,approx_kl,0.010501135140657425
36864,clipfrac,0.1375
36864,explained_variance,0.8629774451255798
36864,sps,523.0
36864,kl_beta,1.0
36910,episodic_return,221.70895986760723
36910,episodic_length,96.0
37040,episodic_return,310.5774181819123
37040,episodic_length,129.0
37158,episodic_return,293.9853182407598
37158,episodic_length,117.0
37283,episodic_return,320.9946059724725
37283,episodic_length,124.0
37379,episodic_return,217.08599548815684
37379,episodic_length,95.0
37483,episodic_return,253.07718123138417
37483,episodic_length,103.0
37606,episodic_return,324.49754654424646
37606,episodic_length,122.0
37718,episodic_return,278.7427552899608
37718,episodic_length,111.0
37836,episodic_return,300.7774523393041
37836,episodic_length,117.0
37952,episodic_return,302.6262737623927
37952,episodic_length,115.0
38063,episodic_return,281.97181216535733
38063,episodic_length,110.0
38191,episodic_return,331.89317401114
38191,episodic_length,127.0
38295,episodic_return,239.8707003084874
38295,episodic_length,103.0
38423,episodic_return,326.1986753284172
38423,episodic_length,127.0
38546,episodic_return,331.1233961296977
38546,episodic_length,122.0
38676,episodic_return,313.58500995168447
38676,episodic_length,129.0
38807,episodic_return,345.6188769117649
38807,episodic_length,130.0
38912,value_loss,0.011824168264865875
38912,policy_loss,-0.03201531618833542
38912,approx_kl,0.009798174723982811
38912,clipfrac,0.13544921875
38912,explained_variance,0.877717062830925
38912,sps,524.0
38912,kl_beta,1.0
38938,episodic_return,342.70736654580094
38938,episodic_length,130.0
39061,episodic_return,330.25913143873595
39061,episodic_length,122.0
39178,episodic_return,301.1460360356249
39178,episodic_length,116.0
39293,episodic_return,303.98537124355096
39293,episodic_length,114.0
39420,episodic_return,318.1645847118177
39420,episodic_length,126.0
39550,episodic_return,349.27926189042705
39550,episodic_length,129.0
39675,episodic_return,343.5460058462053
39675,episodic_length,124.0
39804,episodic_return,331.73396694812726
39804,episodic_length,128.0
39935,episodic_return,337.7995172025811
39935,episodic_length,130.0
40063,episodic_return,341.59412004227556
40063,episodic_length,127.0
40193,episodic_return,339.85010606427363
40193,episodic_length,129.0
40329,episodic_return,357.0114402852039
40329,episodic_length,135.0
40446,episodic_return,298.29594817167356
40446,episodic_length,116.0
40569,episodic_return,327.5668161354388
40569,episodic_length,122.0
40678,episodic_return,271.10810076275084
40678,episodic_length,108.0
40802,episodic_return,326.42804852911104
40802,episodic_length,123.0
40926,episodic_return,322.74449696806397
40926,episodic_length,123.0
40960,value_loss,0.0481884703040123
40960,policy_loss,-0.04133986681699753
40960,approx_kl,0.013903783634305
40960,clipfrac,0.088916015625
40960,explained_variance,0.8913329392671585
40960,sps,524.0
40960,kl_beta,1.0
41054,episodic_return,350.2206858613425
41054,episodic_length,127.0
41190,episodic_return,380.8133783854243
41190,episodic_length,135.0
41319,episodic_return,342.79272600876584
41319,episodic_length,128.0
41426,episodic_return,255.3241938933509
41426,episodic_length,106.0
41559,episodic_return,361.3164293469668
41559,episodic_length,132.0
41696,episodic_return,380.9142699357988
41696,episodic_length,136.0
41826,episodic_return,337.68003725648697
41826,episodic_length,129.0
41939,episodic_return,289.0506308979887
41939,episodic_length,112.0
42061,episodic_return,318.39024976376373
42061,episodic_length,121.0
42187,episodic_return,332.3580897079221
42187,episodic_length,125.0
42323,episodic_return,366.45808119836175
42323,episodic_length,135.0
42459,episodic_return,362.9287498549128
42459,episodic_length,135.0
42595,episodic_return,370.9768597948591
42595,episodic_length,135.0
42725,episodic_return,345.61711457983
42725,episodic_length,129.0
42849,episodic_return,324.1653722504801
42849,episodic_length,123.0
42967,episodic_return,306.66088701201437
42967,episodic_length,117.0
43008,value_loss,0.04467911645770073
43008,policy_loss,0.023241840302944183
43008,approx_kl,0.01139554288238287
43008,clipfrac,0.115625
43008,explained_variance,0.9078144133090973
43008,sps,526.0
43008,kl_beta,1.0
43102,episodic_return,356.2476716868139
43102,episodic_length,134.0
43230,episodic_return,339.86056121870365
43230,episodic_length,127.0
43368,episodic_return,361.4718291744064
43368,episodic_length,137.0
43499,episodic_return,355.0109384787223
43499,episodic_length,130.0
43615,episodic_return,301.03070500822145
43615,episodic_length,115.0
43743,episodic_return,332.64756617345296
43743,episodic_length,127.0
43880,episodic_return,386.7122548639309
43880,episodic_length,136.0
44009,episodic_return,342.1938053796841
44009,episodic_length,128.0
44154,episodic_return,381.077077676302
44154,episodic_length,144.0
44277,episodic_return,309.6904869254888
44277,episodic_length,122.0
44413,episodic_return,369.93706649291875
44413,episodic_length,135.0
44533,episodic_return,305.72567512212976
44533,episodic_length,119.0
44673,episodic_return,350.2680102768349
44673,episodic_length,139.0
44803,episodic_return,360.936527766332
44803,episodic_length,129.0
44925,episodic_return,323.24871138895764
44925,episodic_length,121.0
45049,episodic_return,335.83551402597413
45049,episodic_length,123.0
45056,value_loss,0.022500889375805855
45056,policy_loss,-0.03586665168404579
45056,approx_kl,0.021704450249671936
45056,clipfrac,0.103173828125
45056,explained_variance,0.9145311042666435
45056,sps,529.0
45056,kl_beta,2.0
45192,episodic_return,396.8626491195457
45192,episodic_length,142.0
45329,episodic_return,365.2193480376227
45329,episodic_length,136.0
45468,episodic_return,382.5488589717006
45468,episodic_length,138.0
45598,episodic_return,333.4878977772475
45598,episodic_length,129.0
45739,episodic_return,380.0152817130663
45739,episodic_length,140.0
45872,episodic_return,355.6674792913033
45872,episodic_length,132.0
46008,episodic_return,363.8770180335481
46008,episodic_length,135.0
46143,episodic_return,367.67381722398557
46143,episodic_length,134.0
46279,episodic_return,367.7304810682323
46279,episodic_length,135.0
46414,episodic_return,357.89000967800945
46414,episodic_length,134.0
46552,episodic_return,380.6403442016744
46552,episodic_length,137.0
46687,episodic_return,380.0306899086203
46687,episodic_length,134.0
46826,episodic_return,387.5720968920783
46826,episodic_length,138.0
46961,episodic_return,370.38478986235816
46961,episodic_length,134.0
47099,episodic_return,364.58684576864914
47099,episodic_length,137.0
47104,value_loss,0.004017080646008253
47104,policy_loss,-0.026837335899472237
47104,approx_kl,0.00739803072065115
47104,clipfrac,0.0314453125
47104,explained_variance,0.9344020187854767
47104,sps,530.0
47104,kl_beta,2.0
47244,episodic_return,390.23688091425225
47244,episodic_length,144.0
47377,episodic_return,361.9948929022406
47377,episodic_length,132.0
47523,episodic_return,383.2109130426982
47523,episodic_length,145.0
47654,episodic_return,350.8265264811009
47654,episodic_length,130.0
47777,episodic_return,326.8635541816609
47777,episodic_length,122.0
47913,episodic_return,366.68746861740243
47913,episodic_length,135.0
48054,episodic_return,383.2083490898681
48054,episodic_length,140.0
48192,episodic_return,363.54496034533395
48192,episodic_length,137.0
48323,episodic_return,337.7521425132473
48323,episodic_length,130.0
48463,episodic_return,379.030610882776
48463,episodic_length,139.0
48605,episodic_return,351.0836335876401
48605,episodic_length,141.0
48740,episodic_return,369.6820367203401
48740,episodic_length,134.0
48881,episodic_return,396.4123528138772
48881,episodic_length,140.0
49017,episodic_return,380.71399342560494
49017,episodic_length,135.0
49152,value_loss,0.01688147522509098
49152,policy_loss,-0.005213635042309761
49152,approx_kl,0.002652580849826336
49152,clipfrac,0.014111328125
49152,explained_variance,0.938176691532135
49152,sps,530.0
49152,kl_beta,1.0
49156,episodic_return,379.53835202931333
49156,episodic_length,138.0
49285,episodic_return,322.69702640553993
49285,episodic_length,128.0
49421,episodic_return,368.91982988747026
49421,episodic_length,135.0
49549,episodic_return,340.72709367308977
49549,episodic_length,127.0
49683,episodic_return,354.48813864556575
49683,episodic_length,133.0
49822,episodic_return,376.91495536782537
49822,episodic_length,138.0
49961,episodic_return,375.5931470450439
49961,episodic_length,138.0
50112,episodic_return,417.76140282855556
50112,episodic_length,150.0
50227,episodic_return,284.2484699000356
50227,episodic_length,114.0
50358,episodic_return,357.0797094218108
50358,episodic_length,130.0
50496,episodic_return,369.7007291605437
50496,episodic_length,137.0
50638,episodic_return,363.4994900489116
50638,episodic_length,141.0
50777,episodic_return,355.1136871421722
50777,episodic_length,138.0
50921,episodic_return,377.44044706753783
50921,episodic_length,143.0
51057,episodic_return,356.4215221008779
51057,episodic_length,135.0
51200,episodic_return,384.21615381399636
51200,episodic_length,142.0
51200,value_loss,0.007692325860261917
51200,policy_loss,-0.02239859849214554
51200,approx_kl,0.010217570699751377
51200,clipfrac,0.06845703125
51200,explained_variance,0.9347760081291199
51200,sps,532.0
51200,kl_beta,1.0
51345,episodic_return,387.723742386816
51345,episodic_length,144.0
51488,episodic_return,402.15147675301705
51488,episodic_length,142.0
51616,episodic_return,320.1607635121272
51616,episodic_length,127.0
51749,episodic_return,345.8744499335451
51749,episodic_length,132.0
51877,episodic_return,345.08093963582024
51877,episodic_length,127.0
52016,episodic_return,375.32371616101346
52016,episodic_length,138.0
52159,episodic_return,389.6353172759029
52159,episodic_length,142.0
52297,episodic_return,366.71010496883383
52297,episodic_length,137.0
52436,episodic_return,376.54144048275947
52436,episodic_length,138.0
52575,episodic_return,378.918567839177
52575,episodic_length,138.0
52720,episodic_return,401.35398514507597
52720,episodic_length,144.0
52863,episodic_return,399.29860189322335
52863,episodic_length,142.0
53000,episodic_return,362.6854862471093
53000,episodic_length,136.0
53138,episodic_return,377.6179947578667
53138,episodic_length,137.0
53248,value_loss,0.04689178988337517
53248,policy_loss,0.028598744422197342
53248,approx_kl,0.013656462542712688
53248,clipfrac,0.09111328125
53248,explained_variance,0.9345323815941811
53248,sps,533.0
53248,kl_beta,1.0
53276,episodic_return,370.67146699116876
53276,episodic_length,137.0
53420,episodic_return,401.0146189233448
53420,episodic_length,143.0
53559,episodic_return,361.7624488633262
53559,episodic_length,138.0
53698,episodic_return,379.08764849419083
53698,episodic_length,138.0
53837,episodic_return,376.21157999947
53837,episodic_length,138.0
53970,episodic_return,372.44455772488084
53970,episodic_length,132.0
54110,episodic_return,367.9220070985729
54110,episodic_length,139.0
54251,episodic_return,389.9662024795664
54251,episodic_length,140.0
54397,episodic_return,405.6166231420615
54397,episodic_length,145.0
54533,episodic_return,365.2108086100829
54533,episodic_length,135.0
54677,episodic_return,396.26330843689203
54677,episodic_length,143.0
54813,episodic_return,360.9867466925848
54813,episodic_length,135.0
54954,episodic_return,378.46173752769636
54954,episodic_length,140.0
55092,episodic_return,376.7529244726422
55092,episodic_length,137.0
55234,episodic_return,400.3092013446761
55234,episodic_length,141.0
55296,value_loss,0.004729962442070246
55296,policy_loss,-0.023748431354761124
55296,approx_kl,0.005897740833461285
55296,clipfrac,0.093994140625
55296,explained_variance,0.9418601207435131
55296,sps,534.0
55296,kl_beta,0.5
55376,episodic_return,397.8829257484839
55376,episodic_length,141.0
55515,episodic_return,382.1728712252579
55515,episodic_length,138.0
55661,episodic_return,396.90112344274667
55661,episodic_length,145.0
55798,episodic_return,382.81473583212096
55798,episodic_length,136.0
55940,episodic_return,399.2426131377138
55940,episodic_length,141.0
56086,episodic_return,400.39141373952657
56086,episodic_length,145.0
56225,episodic_return,385.8137268979408
56225,episodic_length,138.0
56363,episodic_return,381.544928839097
56363,episodic_length,137.0
56501,episodic_return,383.1400345320874
56501,episodic_length,137.0
56644,episodic_return,388.15917194260385
56644,episodic_length,142.0
56780,episodic_return,377.5596354489375
56780,episodic_length,135.0
56921,episodic_return,401.7307670251384
56921,episodic_length,140.0
57056,episodic_return,359.5617335301211
57056,episodic_length,134.0
57190,episodic_return,361.3275217046699
57190,episodic_length,133.0
57329,episodic_return,382.18411699133645
57329,episodic_length,138.0
57344,value_loss,0.017445199191570282
57344,policy_loss,-0.016290530562400818
57344,approx_kl,0.01938074827194214
57344,clipfrac,0.158203125
57344,explained_variance,0.9363470152020454
57344,sps,534.0
57344,kl_beta,1.0
57477,episodic_return,405.4756131162239
57477,episodic_length,147.0
57625,episodic_return,417.6366034838091
57625,episodic_length,147.0
57772,episodic_return,420.8259118965075
57772,episodic_length,146.0
57919,episodic_return,395.5167950134906
57919,episodic_length,146.0
58058,episodic_return,393.21480728125067
58058,episodic_length,138.0
58202,episodic_return,413.1256194529674
58202,episodic_length,143.0
58341,episodic_return,370.81545144799713
58341,episodic_length,138.0
58481,episodic_return,389.3313389688292
58481,episodic_length,139.0
58621,episodic_return,389.0754797215701
58621,episodic_length,139.0
58757,episodic_return,384.2163467179381
58757,episodic_length,135.0
58904,episodic_return,364.1226691667216
58904,episodic_length,146.0
59041,episodic_return,375.0693559199329
59041,episodic_length,136.0
59184,episodic_return,391.7739541967172
59184,episodic_length,142.0
59328,episodic_return,388.71496035582413
59328,episodic_length,143.0
59392,value_loss,0.04613238573074341
59392,policy_loss,-0.09655746817588806
59392,approx_kl,0.012662556953728199
59392,clipfrac,0.056298828125
59392,explained_variance,0.9444991312921047
59392,sps,535.0
59392,kl_beta,1.0
59469,episodic_return,383.4232269118516
59469,episodic_length,140.0
59612,episodic_return,403.5148979640521
59612,episodic_length,142.0
59758,episodic_return,410.29405619733956
59758,episodic_length,145.0
59901,episodic_return,391.3800796049263
59901,episodic_length,142.0
60035,episodic_return,371.0398496505929
60035,episodic_length,133.0
60178,episodic_return,395.54819219648823
60178,episodic_length,142.0
60322,episodic_return,394.87421494972347
60322,episodic_length,143.0
60466,episodic_return,406.0524208644061
60466,episodic_length,143.0
60607,episodic_return,402.6691172522586
60607,episodic_length,140.0
60741,episodic_return,356.3721211105313
60741,episodic_length,133.0
60885,episodic_return,396.5699780946217
60885,episodic_length,143.0
61029,episodic_return,413.20462008693966
61029,episodic_length,143.0
61171,episodic_return,397.34677976816874
61171,episodic_length,141.0
61312,episodic_return,387.252525015132
61312,episodic_length,140.0
61440,value_loss,0.0067582447081804276
61440,policy_loss,-0.047449640929698944
61440,approx_kl,0.022914795204997063
61440,clipfrac,0.124853515625
61440,explained_variance,0.948541384190321
61440,sps,535.0
61440,kl_beta,2.0
61458,episodic_return,392.23350905168286
61458,episodic_length,145.0
61601,episodic_return,405.4719417711459
61601,episodic_length,142.0
61742,episodic_return,387.6211084129929
61742,episodic_length,140.0
61878,episodic_return,376.9119388068145
61878,episodic_length,135.0
62025,episodic_return,385.4492363335172
62025,episodic_length,146.0
62173,episodic_return,401.27893009156594
62173,episodic_length,147.0
62316,episodic_return,393.29223879683815
62316,episodic_length,142.0
62469,episodic_return,420.8998312427381
62469,episodic_length,152.0
62614,episodic_return,418.436002133074
62614,episodic_length,144.0
62759,episodic_return,399.00061212599525
62759,episodic_length,144.0
62907,episodic_return,421.0910060674461
62907,episodic_length,147.0
63054,episodic_return,413.1705254859464
63054,episodic_length,146.0
63202,episodic_return,419.54287741405994
63202,episodic_length,147.0
63346,episodic_return,408.6657170299911
63346,episodic_length,143.0
63488,value_loss,0.0037195926997810602
63488,policy_loss,0.06056152284145355
63488,approx_kl,0.004867822863161564
63488,clipfrac,0.015234375
63488,explained_variance,0.9474213607609272
63488,sps,536.0
63488,kl_beta,1.0
63495,episodic_return,390.3639805580665
63495,episodic_length,148.0
63643,episodic_return,418.4142212429646
63643,episodic_length,147.0
63787,episodic_return,402.54963454295375
63787,episodic_length,143.0
63938,episodic_return,415.3411380791856
63938,episodic_length,150.0
64088,episodic_return,415.51861545701183
64088,episodic_length,149.0
64238,episodic_return,411.01419235919104
64238,episodic_length,149.0
64376,episodic_return,393.87953242356167
64376,episodic_length,137.0
64527,episodic_return,403.8494961087091
64527,episodic_length,150.0
64670,episodic_return,403.83902465872643
64670,episodic_length,142.0
64820,episodic_return,427.93598708804126
64820,episodic_length,149.0
64955,episodic_return,369.3103551244721
64955,episodic_length,134.0
65094,episodic_return,393.5421317644664
65094,episodic_length,138.0
65236,episodic_return,391.3224066577055
65236,episodic_length,141.0
65375,episodic_return,376.2613117258078
65375,episodic_length,138.0
65523,episodic_return,394.57674944310696
65523,episodic_length,147.0
65536,value_loss,0.030810175463557243
65536,policy_loss,-0.06217065826058388
65536,approx_kl,0.00652250275015831
65536,clipfrac,0.060546875
65536,explained_variance,0.9436674825847149
65536,sps,535.0
65536,kl_beta,0.5
65668,episodic_return,404.9185503922344
65668,episodic_length,144.0
65809,episodic_return,399.06377642924963
65809,episodic_length,140.0
65957,episodic_return,415.4491943239182
65957,episodic_length,147.0
66106,episodic_return,418.5730809792983
66106,episodic_length,148.0
66253,episodic_return,405.9967910975907
66253,episodic_length,146.0
66398,episodic_return,409.93321480459724
66398,episodic_length,144.0
66552,episodic_return,431.74526851983046
66552,episodic_length,153.0
66700,episodic_return,429.672409004322
66700,episodic_length,147.0
66847,episodic_return,402.50741674886456
66847,episodic_length,146.0
66996,episodic_return,417.87840563751365
66996,episodic_length,148.0
67145,episodic_return,421.46851708661063
67145,episodic_length,148.0
67302,episodic_return,449.25874693864813
67302,episodic_length,156.0
67445,episodic_return,399.66964418713286
67445,episodic_length,142.0
67584,value_loss,0.008768935687839985
67584,policy_loss,-0.033040791749954224
67584,approx_kl,0.005358896218240261
67584,clipfrac,0.086962890625
67584,explained_variance,0.9540010578930378
67584,sps,535.0
67584,kl_beta,0.25
67592,episodic_return,414.25853239882883
67592,episodic_length,146.0
67733,episodic_return,401.8300702560064
67733,episodic_length,140.0
67883,episodic_return,426.19808980904793
67883,episodic_length,149.0
68039,episodic_return,439.7351805235445
68039,episodic_length,155.0
68179,episodic_return,395.84630819559567
68179,episodic_length,139.0
68323,episodic_return,399.6499165172361
68323,episodic_length,143.0
68469,episodic_return,408.838556808694
68469,episodic_length,145.0
68626,episodic_return,444.60181703592576
68626,episodic_length,156.0
68773,episodic_return,404.997105022937
68773,episodic_length,146.0
68930,episodic_return,458.95293646901604
68930,episodic_length,156.0
69083,episodic_return,421.5732915004853
69083,episodic_length,152.0
69227,episodic_return,410.18466367794343
69227,episodic_length,143.0
69368,episodic_return,389.62908131605457
69368,episodic_length,140.0
69508,episodic_return,390.5123143293411
69508,episodic_length,139.0
69632,value_loss,0.08284935355186462
69632,policy_loss,0.0019704392179846764
69632,approx_kl,0.044842179864645004
69632,clipfrac,0.2751953125
69632,explained_variance,0.952994529157877
69632,sps,534.0
69632,kl_beta,0.5
69654,episodic_return,409.4618687632067
69654,episodic_length,145.0
69805,episodic_return,424.3412875787978
69805,episodic_length,150.0
69952,episodic_return,420.9946011840056
69952,episodic_length,146.0
70106,episodic_return,454.5298762782765
70106,episodic_length,153.0
70253,episodic_return,414.7392347060711
70253,episodic_length,146.0
70415,episodic_return,466.3569557448786
70415,episodic_length,161.0
70563,episodic_return,416.58894848168495
70563,episodic_length,147.0
70713,episodic_return,422.982358839507
70713,episodic_length,149.0
70862,episodic_return,430.01344856473537
70862,episodic_length,148.0
71003,episodic_return,406.410637146412
71003,episodic_length,140.0
71151,episodic_return,415.75615079872205
71151,episodic_length,147.0
71295,episodic_return,415.3804826543438
71295,episodic_length,143.0
71445,episodic_return,425.3078180679828
71445,episodic_length,149.0
71595,episodic_return,431.15843155228026
71595,episodic_length,149.0
71680,value_loss,0.010211334563791752
71680,policy_loss,-0.06604766100645065
71680,approx_kl,0.03622893989086151
71680,clipfrac,0.128466796875
71680,explained_variance,0.9370406121015549
71680,sps,534.0
71680,kl_beta,1.0
71739,episodic_return,405.43732571035326
71739,episodic_length,143.0
71883,episodic_return,407.4218316877034
71883,episodic_length,143.0
72033,episodic_return,430.26728900035
72033,episodic_length,149.0
72199,episodic_return,481.282760730842
72199,episodic_length,165.0
72345,episodic_return,412.8779788195639
72345,episodic_length,145.0
72502,episodic_return,453.45130307182944
72502,episodic_length,156.0
72654,episodic_return,423.2121522684571
72654,episodic_length,151.0
72799,episodic_return,406.63453541079707
72799,episodic_length,144.0
72945,episodic_return,418.9232561839182
72945,episodic_length,145.0
73085,episodic_return,403.50655921294157
73085,episodic_length,139.0
73235,episodic_return,432.5570700895845
73235,episodic_length,149.0
73375,episodic_return,398.09039194028577
73375,episodic_length,139.0
73521,episodic_return,424.3201179977776
73521,episodic_length,145.0
73664,episodic_return,405.71578192002096
73664,episodic_length,142.0
73728,value_loss,0.023851189762353897
73728,policy_loss,0.010652799159288406
73728,approx_kl,0.05659935995936394
73728,clipfrac,0.154638671875
73728,explained_variance,0.9076707884669304
73728,sps,534.0
73728,kl_beta,2.0
73814,episodic_return,439.3109167420666
73814,episodic_length,149.0
73966,episodic_return,448.57239326566514
73966,episodic_length,151.0
74108,episodic_return,404.8422826734423
74108,episodic_length,141.0
74254,episodic_return,410.8338653834499
74254,episodic_length,145.0
74403,episodic_return,432.5531202692597
74403,episodic_length,148.0
74566,episodic_return,496.97315021007
74566,episodic_length,162.0
74708,episodic_return,403.3703301938897
74708,episodic_length,141.0
74870,episodic_return,463.3201985032779
74870,episodic_length,161.0
75021,episodic_return,435.61919020086935
75021,episodic_length,150.0
75171,episodic_return,440.09602048020975
75171,episodic_length,149.0
75328,episodic_return,468.75762762331004
75328,episodic_length,156.0
75470,episodic_return,398.3864707788634
75470,episodic_length,141.0
75666,episodic_return,605.8572038611717
75666,episodic_length,195.0
75776,value_loss,0.006714295595884323
75776,policy_loss,-0.05351322889328003
75776,approx_kl,0.007889137603342533
75776,clipfrac,0.042236328125
75776,explained_variance,0.9246033877134323
75776,sps,534.0
75776,kl_beta,2.0
75839,episodic_return,545.1362606897163
75839,episodic_length,172.0
75999,episodic_return,481.31107466373845
75999,episodic_length,159.0
76151,episodic_return,453.87641220457385
76151,episodic_length,151.0
76295,episodic_return,404.37570215797626
76295,episodic_length,143.0
76474,episodic_return,553.1999965713001
76474,episodic_length,178.0
76641,episodic_return,488.79050229872007
76641,episodic_length,166.0
76796,episodic_return,458.9967177554974
76796,episodic_length,154.0
76966,episodic_return,503.9593436925484
76966,episodic_length,169.0
77138,episodic_return,524.7957586249508
77138,episodic_length,171.0
77313,episodic_return,519.149687751574
77313,episodic_length,174.0
77456,episodic_return,412.0293152280113
77456,episodic_length,142.0
77605,episodic_return,418.9091413017036
77605,episodic_length,148.0
77766,episodic_return,467.8603412926141
77766,episodic_length,160.0
77824,value_loss,0.03541981801390648
77824,policy_loss,-0.05901574343442917
77824,approx_kl,0.007095750421285629
77824,clipfrac,0.05087890625
77824,explained_variance,0.9210869073867798
77824,sps,534.0
77824,kl_beta,2.0
77905,episodic_return,395.72229408255095
77905,episodic_length,138.0
78047,episodic_return,400.8330494630234
78047,episodic_length,141.0
78228,episodic_return,588.0794199040859
78228,episodic_length,180.0
78370,episodic_return,398.08600061861694
78370,episodic_length,141.0
78518,episodic_return,436.5553749206121
78518,episodic_length,147.0
78661,episodic_return,398.7812640779848
78661,episodic_length,142.0
78811,episodic_return,439.38948794460646
78811,episodic_length,149.0
78959,episodic_return,409.3455145092552
78959,episodic_length,147.0
79139,episodic_return,575.4471714735118
79139,episodic_length,179.0
79289,episodic_return,428.9440180996961
79289,episodic_length,149.0
79438,episodic_return,427.4285945342037
79438,episodic_length,148.0
79602,episodic_return,507.2931123510809
79602,episodic_length,163.0
79735,episodic_return,370.0119633011533
79735,episodic_length,132.0
79872,value_loss,0.018239380791783333
79872,policy_loss,-0.03396046906709671
79872,approx_kl,0.004562416113913059
79872,clipfrac,0.034912109375
79872,explained_variance,0.9362446665763855
79872,sps,534.0
79872,kl_beta,1.0
79883,episodic_return,423.01425091999414
79883,episodic_length,147.0
80015,episodic_return,375.6015836941076
80015,episodic_length,131.0
80198,episodic_return,573.1658628252477
80198,episodic_length,182.0
80381,episodic_return,522.0256635037515
80381,episodic_length,182.0
80536,episodic_return,447.33936995506974
80536,episodic_length,154.0
80676,episodic_return,404.5484036093467
80676,episodic_length,139.0
80824,episodic_return,425.29314043408647
80824,episodic_length,147.0
81010,episodic_return,562.7905863897942
81010,episodic_length,185.0
81213,episodic_return,594.6227032466305
81213,episodic_length,202.0
81355,episodic_return,408.30190258733876
81355,episodic_length,141.0
81514,episodic_return,478.2975741493974
81514,episodic_length,158.0
81685,episodic_return,514.4272378953239
81685,episodic_length,170.0
81866,episodic_return,571.6332241678749
81866,episodic_length,180.0
81920,value_loss,0.0035832237917929888
81920,policy_loss,-0.020166050642728806
81920,approx_kl,0.005478266626596451
81920,clipfrac,0.11630859375
81920,explained_variance,0.9392790049314499
81920,sps,534.0
81920,kl_beta,0.5
82020,episodic_return,454.5759689277953
82020,episodic_length,153.0
82176,episodic_return,457.04717198196334
82176,episodic_length,155.0
82332,episodic_return,463.3995283323847
82332,episodic_length,155.0
82490,episodic_return,454.5598657280095
82490,episodic_length,157.0
82664,episodic_return,544.9655715163434
82664,episodic_length,173.0
82820,episodic_return,450.63083501706734
82820,episodic_length,155.0
82968,episodic_return,425.04570694228113
82968,episodic_length,147.0
83117,episodic_return,426.4753255000949
83117,episodic_length,148.0
83289,episodic_return,549.6823757347289
83289,episodic_length,171.0
83456,episodic_return,501.69768541611313
83456,episodic_length,166.0
83619,episodic_return,467.19346439312756
83619,episodic_length,162.0
83789,episodic_return,533.3136680897172
83789,episodic_length,169.0
83968,value_loss,0.005494886077940464
83968,policy_loss,0.04142463952302933
83968,approx_kl,0.03685595467686653
83968,clipfrac,0.281787109375
83968,explained_variance,0.9295932948589325
83968,sps,534.0
83968,kl_beta,1.0
83971,episodic_return,568.4062667974395
83971,episodic_length,181.0
84156,episodic_return,577.6047519076318
84156,episodic_length,184.0
84349,episodic_return,640.0997502934637
84349,episodic_length,192.0
84547,episodic_return,607.9553665685696
84547,episodic_length,197.0
84739,episodic_return,602.7751431467512
84739,episodic_length,191.0
84938,episodic_return,604.8317310021089
84938,episodic_length,198.0
85121,episodic_return,577.527388406197
85121,episodic_length,182.0
85307,episodic_return,544.0584326034203
85307,episodic_length,185.0
85457,episodic_return,416.4213828311144
85457,episodic_length,149.0
85637,episodic_return,549.9558939518803
85637,episodic_length,179.0
85829,episodic_return,627.1650601316682
85829,episodic_length,191.0
86016,value_loss,0.008653940632939339
86016,policy_loss,-0.027363184839487076
86016,approx_kl,0.010168504901230335
86016,clipfrac,0.070068359375
86016,explained_variance,0.9426802098751068
86016,sps,534.0
86016,kl_beta,1.0
86023,episodic_return,574.4010973549184
86023,episodic_length,193.0
86190,episodic_return,524.9130405351113
86190,episodic_length,166.0
86390,episodic_return,617.4424876214134
86390,episodic_length,199.0
86583,episodic_return,608.0003608139033
86583,episodic_length,192.0
86774,episodic_return,630.4548877338758
86774,episodic_length,190.0
86961,episodic_return,522.2234925906686
86961,episodic_length,186.0
87145,episodic_return,585.7269015883518
87145,episodic_length,183.0
87318,episodic_return,505.7723496434359
87318,episodic_length,172.0
87498,episodic_return,582.2185142423336
87498,episodic_length,179.0
87710,episodic_return,646.4046324017015
87710,episodic_length,211.0
87899,episodic_return,604.2342015860328
87899,episodic_length,188.0
88064,value_loss,0.00511457584798336
88064,policy_loss,-0.02507391944527626
88064,approx_kl,0.007907467894256115
88064,clipfrac,0.122607421875
88064,explained_variance,0.9423407949507236
88064,sps,534.0
88064,kl_beta,1.0
88100,episodic_return,614.0230058803133
88100,episodic_length,200.0
88316,episodic_return,667.2247602025457
88316,episodic_length,215.0
88493,episodic_return,553.8199157555696
88493,episodic_length,176.0
88675,episodic_return,585.5210276459055
88675,episodic_length,181.0
88868,episodic_return,614.0408384435108
88868,episodic_length,192.0
89073,episodic_return,616.2657193209557
89073,episodic_length,204.0
89249,episodic_return,580.7225784913769
89249,episodic_length,175.0
89458,episodic_return,638.8966568732209
89458,episodic_length,208.0
89635,episodic_return,576.7865358809626
89635,episodic_length,176.0
89811,episodic_return,535.636492316226
89811,episodic_length,175.0
89981,episodic_return,520.2677357645177
89981,episodic_length,169.0
90112,value_loss,0.010345002636313438
90112,policy_loss,-0.012273073196411133
90112,approx_kl,0.008296839892864227
90112,clipfrac,0.056103515625
90112,explained_variance,0.953931100666523
90112,sps,535.0
90112,kl_beta,1.0
90173,episodic_return,606.5377037746683
90173,episodic_length,191.0
90371,episodic_return,605.0080023104274
90371,episodic_length,197.0
90553,episodic_return,595.1427855459617
90553,episodic_length,181.0
90801,episodic_return,775.9167608669567
90801,episodic_length,247.0
90996,episodic_return,592.0641497246659
90996,episodic_length,194.0
91158,episodic_return,515.4212905961177
91158,episodic_length,161.0
91378,episodic_return,650.3283951905839
91378,episodic_length,219.0
91575,episodic_return,628.6927800807288
91575,episodic_length,196.0
91793,episodic_return,609.916114135802
91793,episodic_length,217.0
92004,episodic_return,653.3268594929364
92004,episodic_length,210.0
92160,value_loss,0.05890492722392082
92160,policy_loss,-0.043566200882196426
92160,approx_kl,0.019000548869371414
92160,clipfrac,0.06484375
92160,explained_variance,0.9395213611423969
92160,sps,535.0
92160,kl_beta,2.0
92200,episodic_return,576.1530804425631
92200,episodic_length,195.0
92418,episodic_return,666.0893150225073
92418,episodic_length,217.0
92599,episodic_return,543.6838189995946
92599,episodic_length,180.0
92800,episodic_return,584.2519070111921
92800,episodic_length,200.0
92976,episodic_return,562.9995232084189
92976,episodic_length,175.0
93163,episodic_return,595.4177869341586
93163,episodic_length,186.0
93363,episodic_return,660.8589586924269
93363,episodic_length,199.0
93532,episodic_return,450.58877729910165
93532,episodic_length,168.0
93738,episodic_return,643.5360058632635
93738,episodic_length,205.0
93936,episodic_return,638.1052517194598
93936,episodic_length,197.0
94130,episodic_return,588.7902112721592
94130,episodic_length,193.0
94208,value_loss,0.007615700364112854
94208,policy_loss,-0.020980682224035263
94208,approx_kl,0.004505462944507599
94208,clipfrac,0.027880859375
94208,explained_variance,0.9426229298114777
94208,sps,535.0
94208,kl_beta,1.0
94332,episodic_return,596.095648192723
94332,episodic_length,201.0
94501,episodic_return,520.6835153020689
94501,episodic_length,168.0
94696,episodic_return,625.0393796994645
94696,episodic_length,194.0
94880,episodic_return,610.4987568622134
94880,episodic_length,183.0
95087,episodic_return,644.0346003550148
95087,episodic_length,206.0
95295,episodic_return,651.3948008460561
95295,episodic_length,207.0
95477,episodic_return,554.5492608666316
95477,episodic_length,181.0
95687,episodic_return,641.92027790205
95687,episodic_length,209.0
95797,episodic_return,247.20775619665176
95797,episodic_length,109.0
95992,episodic_return,619.606772595708
95992,episodic_length,194.0
96203,episodic_return,642.5752172624628
96203,episodic_length,210.0
96256,value_loss,0.0709739625453949
96256,policy_loss,-0.06719626486301422
96256,approx_kl,0.016604658216238022
96256,clipfrac,0.1
96256,explained_variance,0.9042340368032455
96256,sps,535.0
96256,kl_beta,2.0
96406,episodic_return,628.2159504194134
96406,episodic_length,202.0
96593,episodic_return,563.769374595541
96593,episodic_length,186.0
96773,episodic_return,555.104454284019
96773,episodic_length,179.0
96961,episodic_return,531.9785626707114
96961,episodic_length,187.0
97127,episodic_return,439.80317460245476
97127,episodic_length,165.0
97340,episodic_return,647.0868284886747
97340,episodic_length,212.0
97556,episodic_return,618.5786380373371
97556,episodic_length,215.0
97769,episodic_return,636.3569527787876
97769,episodic_length,212.0
97973,episodic_return,619.652854668933
97973,episodic_length,203.0
98181,episodic_return,632.7891713422283
98181,episodic_length,207.0
98304,value_loss,0.007972227409482002
98304,policy_loss,-0.006865719333291054
98304,approx_kl,0.0023964280262589455
98304,clipfrac,0.040185546875
98304,explained_variance,0.9527193456888199
98304,sps,535.0
98304,kl_beta,1.0
98370,episodic_return,592.2033256851801
98370,episodic_length,188.0
98554,episodic_return,511.5192268072683
98554,episodic_length,183.0
98766,episodic_return,692.7707577552443
98766,episodic_length,211.0
98970,episodic_return,613.3650080081242
98970,episodic_length,203.0
99147,episodic_return,557.2197432515891
99147,episodic_length,176.0
99355,episodic_return,648.3788091402272
99355,episodic_length,207.0
99543,episodic_return,626.1315314294935
99543,episodic_length,187.0
99735,episodic_return,545.7045737225726
99735,episodic_length,191.0
99903,episodic_return,460.12567876146164
99903,episodic_length,167.0
100075,episodic_return,528.0133459925787
100075,episodic_length,171.0
100284,episodic_return,612.9680976504354
100284,episodic_length,208.0
100352,value_loss,0.005493995733559132
100352,policy_loss,-0.02956094592809677
100352,approx_kl,0.009878970682621002
100352,clipfrac,0.0939453125
100352,explained_variance,0.9469020515680313
100352,sps,534.0
100352,kl_beta,1.0
100467,episodic_return,546.7988804004038
100467,episodic_length,182.0
100655,episodic_return,534.4516771817218
100655,episodic_length,187.0
100885,episodic_return,712.0019776134798
100885,episodic_length,229.0
101093,episodic_return,613.1289193758618
101093,episodic_length,207.0
101306,episodic_return,657.4746889083048
101306,episodic_length,212.0
101509,episodic_return,656.4534175812956
101509,episodic_length,202.0
101694,episodic_return,595.7066835749613
101694,episodic_length,184.0
101926,episodic_return,711.6847590448767
101926,episodic_length,231.0
102141,episodic_return,632.5462712569861
102141,episodic_length,214.0
102345,episodic_return,620.4016533583772
102345,episodic_length,203.0
102400,value_loss,0.016529925167560577
102400,policy_loss,0.026461198925971985
102400,approx_kl,0.013196519576013088
102400,clipfrac,0.055322265625
102400,explained_variance,0.9513893574476242
102400,sps,534.0
102400,kl_beta,1.0
102571,episodic_return,730.8866944933623
102571,episodic_length,225.0
102751,episodic_return,511.13531600802423
102751,episodic_length,179.0
102954,episodic_return,599.4638295626171
102954,episodic_length,202.0
103195,episodic_return,763.1096287457448
103195,episodic_length,240.0
103407,episodic_return,629.2383659922929
103407,episodic_length,211.0
103624,episodic_return,602.7421986090263
103624,episodic_length,216.0
103875,episodic_return,750.4877287543947
103875,episodic_length,250.0
104059,episodic_return,520.7619959617276
104059,episodic_length,183.0
104264,episodic_return,609.9709574520587
104264,episodic_length,204.0
104448,value_loss,0.004345142748206854
104448,policy_loss,0.013001161627471447
104448,approx_kl,0.0068479785695672035
104448,clipfrac,0.0775390625
104448,explained_variance,0.9473413452506065
104448,sps,535.0
104448,kl_beta,1.0
104468,episodic_return,627.2919090419692
104468,episodic_length,203.0
104664,episodic_return,571.113456082294
104664,episodic_length,195.0
104872,episodic_return,645.1667526376671
104872,episodic_length,207.0
105085,episodic_return,652.5359283321351
105085,episodic_length,212.0
105278,episodic_return,599.9032693551555
105278,episodic_length,192.0
105449,episodic_return,518.2604789822094
105449,episodic_length,170.0
105661,episodic_return,606.023542408902
105661,episodic_length,211.0
105838,episodic_return,450.1567806248462
105838,episodic_length,176.0
106027,episodic_return,619.1297503918519
106027,episodic_length,188.0
106237,episodic_return,636.7482752378129
106237,episodic_length,209.0
106428,episodic_return,538.646461040876
106428,episodic_length,190.0
106496,value_loss,0.03529765456914902
106496,policy_loss,-0.02834218740463257
106496,approx_kl,0.007370300590991974
106496,clipfrac,0.082568359375
106496,explained_variance,0.9493892341852188
106496,sps,534.0
106496,kl_beta,1.0
106615,episodic_return,573.1273872446652
106615,episodic_length,186.0
106854,episodic_return,780.1818679185394
106854,episodic_length,238.0
107061,episodic_return,564.8182781801521
107061,episodic_length,206.0
107295,episodic_return,754.3422338331718
107295,episodic_length,233.0
107450,episodic_return,423.0471327674628
107450,episodic_length,154.0
107645,episodic_return,588.5791928787468
107645,episodic_length,194.0
107840,episodic_return,639.3566148417705
107840,episodic_length,194.0
108045,episodic_return,613.9640166284516
108045,episodic_length,204.0
108238,episodic_return,599.7385797455622
108238,episodic_length,192.0
108426,episodic_return,618.7802294085512
108426,episodic_length,187.0
108544,value_loss,0.0074281636625528336
108544,policy_loss,-0.01719529926776886
108544,approx_kl,0.011591299436986446
108544,clipfrac,0.06484375
108544,explained_variance,0.9438716843724251
108544,sps,534.0
108544,kl_beta,1.0
108645,episodic_return,664.7001551542787
108645,episodic_length,218.0
108852,episodic_return,639.7702551882563
108852,episodic_length,206.0
109078,episodic_return,664.6326518190356
109078,episodic_length,225.0
109293,episodic_return,666.3085350113539
109293,episodic_length,214.0
109545,episodic_return,805.0676079364003
109545,episodic_length,251.0
109724,episodic_return,602.8365576788856
109724,episodic_length,178.0
109908,episodic_return,477.5582908598003
109908,episodic_length,183.0
110096,episodic_return,627.7099237375638
110096,episodic_length,187.0
110317,episodic_return,704.77727393505
110317,episodic_length,220.0
110527,episodic_return,643.8522575909482
110527,episodic_length,209.0
110592,value_loss,0.00520282844081521
110592,policy_loss,-0.0363846980035305
110592,approx_kl,0.00804704800248146
110592,clipfrac,0.04599609375
110592,explained_variance,0.9491388462483883
110592,sps,534.0
110592,kl_beta,1.0
110740,episodic_return,654.7261548220522
110740,episodic_length,212.0
110979,episodic_return,751.6766882188776
110979,episodic_length,238.0
111196,episodic_return,674.8209509184109
111196,episodic_length,216.0
111393,episodic_return,608.4523573801606
111393,episodic_length,196.0
111618,episodic_return,661.6687242242115
111618,episodic_length,224.0
111805,episodic_return,521.4929117956818
111805,episodic_length,186.0
111989,episodic_return,530.3920985462647
111989,episodic_length,183.0
112227,episodic_return,727.4007265124221
112227,episodic_length,237.0
112440,episodic_return,635.6388123052776
112440,episodic_length,212.0
112640,value_loss,0.002799810143187642
112640,policy_loss,-0.022252582013607025
112640,approx_kl,0.006099632941186428
112640,clipfrac,0.07294921875
112640,explained_variance,0.952618420124054
112640,sps,534.0
112640,kl_beta,0.5
112665,episodic_return,675.2524150061271
112665,episodic_length,224.0
112867,episodic_return,655.6123129464784
112867,episodic_length,201.0
113073,episodic_return,643.6763220631907
113073,episodic_length,205.0
113312,episodic_return,741.8736620168604
113312,episodic_length,238.0
113592,episodic_return,868.6626485890024
113592,episodic_length,279.0
113797,episodic_return,624.5165528371738
113797,episodic_length,204.0
114004,episodic_return,633.3197743074119
114004,episodic_length,206.0
114220,episodic_return,670.2570234168896
114220,episodic_length,215.0
114478,episodic_return,845.740291212633
114478,episodic_length,257.0
114688,value_loss,0.0022961804643273354
114688,policy_loss,0.04989635944366455
114688,approx_kl,0.03249562904238701
114688,clipfrac,0.209375
114688,explained_variance,0.9597384035587311
114688,sps,533.0
114688,kl_beta,1.0
114693,episodic_return,621.7652876006626
114693,episodic_length,214.0
114897,episodic_return,619.5225879738829
114897,episodic_length,203.0
115195,episodic_return,882.7518400293611
115195,episodic_length,297.0
115397,episodic_return,596.4288228183099
115397,episodic_length,201.0
115640,episodic_return,781.7816131179301
115640,episodic_length,242.0
115849,episodic_return,650.018020049761
115849,episodic_length,208.0
116099,episodic_return,754.303147728801
116099,episodic_length,249.0
116311,episodic_return,599.8351151404862
116311,episodic_length,211.0
116536,episodic_return,709.9899891207118
116536,episodic_length,224.0
116736,value_loss,0.007271254435181618
116736,policy_loss,0.024837587028741837
116736,approx_kl,0.00907779112458229
116736,clipfrac,0.06689453125
116736,explained_variance,0.9494445621967316
116736,sps,533.0
116736,kl_beta,1.0
116745,episodic_return,649.3570418753009
116745,episodic_length,208.0
116975,episodic_return,737.5741704714181
116975,episodic_length,229.0
117293,episodic_return,1021.8559334625922
117293,episodic_length,317.0
117490,episodic_return,577.2490331432988
117490,episodic_length,196.0
117715,episodic_return,711.640558534896
117715,episodic_length,224.0
117943,episodic_return,699.5225543960261
117943,episodic_length,227.0
118184,episodic_return,787.8693124096701
118184,episodic_length,240.0
118401,episodic_return,636.8065934954226
118401,episodic_length,216.0
118623,episodic_return,644.3604916528197
118623,episodic_length,221.0
118784,value_loss,0.02757234498858452
118784,policy_loss,0.0448041632771492
118784,approx_kl,0.014904523268342018
118784,clipfrac,0.083447265625
118784,explained_variance,0.9528856351971626
118784,sps,534.0
118784,kl_beta,1.0
118820,episodic_return,634.3997687083958
118820,episodic_length,196.0
119007,episodic_return,494.8022747322429
119007,episodic_length,186.0
119260,episodic_return,776.8817294806886
119260,episodic_length,252.0
119519,episodic_return,797.9864246087283
119519,episodic_length,258.0
119777,episodic_return,777.2676293406591
119777,episodic_length,257.0
120031,episodic_return,779.2203753215141
120031,episodic_length,253.0
120290,episodic_return,849.9802745668807
120290,episodic_length,258.0
120535,episodic_return,784.6544126652532
120535,episodic_length,244.0
120783,episodic_return,815.1486131285192
120783,episodic_length,247.0
120832,value_loss,0.002785211196169257
120832,policy_loss,0.003545801155269146
120832,approx_kl,0.00795526709407568
120832,clipfrac,0.0591796875
120832,explained_variance,0.9568320028483868
120832,sps,534.0
120832,kl_beta,1.0
121070,episodic_return,922.0283203849117
121070,episodic_length,286.0
121264,episodic_return,591.1844723568453
121264,episodic_length,193.0
121505,episodic_return,739.5356302214574
121505,episodic_length,240.0
121712,episodic_return,618.1128025186425
121712,episodic_length,206.0
121939,episodic_return,695.0328137931205
121939,episodic_length,226.0
122158,episodic_return,645.1939571797584
122158,episodic_length,218.0
122426,episodic_return,801.5554893147503
122426,episodic_length,267.0
122644,episodic_return,645.7527863105057
122644,episodic_length,217.0
122864,episodic_return,666.0303310888153
122864,episodic_length,219.0
122880,value_loss,0.005010475404560566
122880,policy_loss,-0.030988875776529312
122880,approx_kl,0.025349240750074387
122880,clipfrac,0.089208984375
122880,explained_variance,0.9537271670997143
122880,sps,534.0
122880,kl_beta,2.0
123101,episodic_return,738.8951333653757
123101,episodic_length,236.0
123352,episodic_return,804.6029796320388
123352,episodic_length,250.0
123635,episodic_return,869.8079272044376
123635,episodic_length,282.0
123829,episodic_return,615.4265161847263
123829,episodic_length,193.0
124067,episodic_return,763.7985834263326
124067,episodic_length,237.0
124322,episodic_return,859.9116805168647
124322,episodic_length,254.0
124583,episodic_return,799.9892444666823
124583,episodic_length,260.0
124862,episodic_return,907.2496276384209
124862,episodic_length,278.0
124928,value_loss,0.0015526986680924892
124928,policy_loss,-0.010056190192699432
124928,approx_kl,0.004484471864998341
124928,clipfrac,0.035400390625
124928,explained_variance,0.9620834402740002
124928,sps,534.0
124928,kl_beta,1.0
125153,episodic_return,877.4056065946827
125153,episodic_length,290.0
125430,episodic_return,877.8352687766287
125430,episodic_length,276.0
125685,episodic_return,767.9857079533971
125685,episodic_length,254.0
125929,episodic_return,754.952031299062
125929,episodic_length,243.0
126152,episodic_return,692.2407159879135
126152,episodic_length,222.0
126387,episodic_return,726.335137150489
126387,episodic_length,234.0
126610,episodic_return,720.396945119848
126610,episodic_length,222.0
126888,episodic_return,851.1189371723086
126888,episodic_length,277.0
126976,value_loss,0.02787766605615616
126976,policy_loss,-0.0853189155459404
126976,approx_kl,0.013956244103610516
126976,clipfrac,0.104736328125
126976,explained_variance,0.9658542163670063
126976,sps,534.0
126976,kl_beta,1.0
127187,episodic_return,875.1182953873516
127187,episodic_length,298.0
127368,episodic_return,486.6677244588183
127368,episodic_length,180.0
127647,episodic_return,844.4855981046235
127647,episodic_length,278.0
127903,episodic_return,811.1257076336773
127903,episodic_length,255.0
128251,episodic_return,1133.0848210610268
128251,episodic_length,347.0
128569,episodic_return,1008.2767864845641
128569,episodic_length,317.0
128754,episodic_return,489.5299079384369
128754,episodic_length,184.0
129024,value_loss,0.006876702886074781
129024,policy_loss,0.0048431577160954475
129024,approx_kl,0.005678367801010609
129024,clipfrac,0.0701171875
129024,explained_variance,0.9573073498904705
129024,sps,534.0
129024,kl_beta,0.5
129044,episodic_return,898.0542038638652
129044,episodic_length,289.0
129272,episodic_return,738.9468900279228
129272,episodic_length,227.0
129549,episodic_return,833.0227774812848
129549,episodic_length,276.0
129830,episodic_return,861.1153769386189
129830,episodic_length,280.0
130072,episodic_return,712.4734163236795
130072,episodic_length,241.0
130276,episodic_return,664.4853542864546
130276,episodic_length,203.0
130551,episodic_return,875.8573006078393
130551,episodic_length,274.0
130893,episodic_return,1133.899001098496
130893,episodic_length,341.0
131072,value_loss,0.010181015357375145
131072,policy_loss,-0.03823664039373398
131072,approx_kl,0.041089124977588654
131072,clipfrac,0.23291015625
131072,explained_variance,0.965038612484932
131072,sps,534.0
131072,kl_beta,1.0
131104,episodic_return,667.4552873105956
131104,episodic_length,210.0
131448,episodic_return,1119.851670441912
131448,episodic_length,343.0
131756,episodic_return,980.65873442043
131756,episodic_length,307.0
132052,episodic_return,914.4961374274502
132052,episodic_length,295.0
132314,episodic_return,828.5330835085052
132314,episodic_length,261.0
132609,episodic_return,877.1138017894069
132609,episodic_length,294.0
132872,episodic_return,845.915242246883
132872,episodic_length,262.0
133120,value_loss,0.0065030925907194614
133120,policy_loss,-0.05136481672525406
133120,approx_kl,0.008034228347241879
133120,clipfrac,0.151220703125
133120,explained_variance,0.9666996151208878
133120,sps,534.0
133120,kl_beta,1.0
133130,episodic_return,826.4769436087597
133130,episodic_length,257.0
133476,episodic_return,1087.32733896494
133476,episodic_length,345.0
133785,episodic_return,996.5903083534262
133785,episodic_length,308.0
134113,episodic_return,1071.72049096957
134113,episodic_length,327.0
134390,episodic_return,848.9665752247063
134390,episodic_length,276.0
134669,episodic_return,845.5106386755724
134669,episodic_length,278.0
134914,episodic_return,804.6968004663153
134914,episodic_length,244.0
135168,value_loss,0.035394418984651566
135168,policy_loss,-0.09133211523294449
135168,approx_kl,0.01544509083032608
135168,clipfrac,0.072900390625
135168,explained_variance,0.9684657640755177
135168,sps,534.0
135168,kl_beta,2.0
135273,episodic_return,1181.3680394542214
135273,episodic_length,358.0
135644,episodic_return,1144.1910212090415
135644,episodic_length,370.0
135926,episodic_return,843.1712347766796
135926,episodic_length,281.0
136190,episodic_return,790.075075093824
136190,episodic_length,263.0
136607,episodic_return,1338.653983731042
136607,episodic_length,416.0
136894,episodic_return,829.9809559917687
136894,episodic_length,286.0
137197,episodic_return,936.8115566898372
137197,episodic_length,302.0
137216,value_loss,0.017878089100122452
137216,policy_loss,-0.008913693949580193
137216,approx_kl,0.004516121931374073
137216,clipfrac,0.035546875
137216,explained_variance,0.9703254345804453
137216,sps,534.0
137216,kl_beta,1.0
137487,episodic_return,904.7022002542948
137487,episodic_length,289.0
137758,episodic_return,863.1223156836901
137758,episodic_length,270.0
138077,episodic_return,1023.1910167147396
138077,episodic_length,318.0
138430,episodic_return,1122.7355591426428
138430,episodic_length,352.0
138731,episodic_return,957.1933846462583
138731,episodic_length,300.0
139068,episodic_return,1110.2503877897889
139068,episodic_length,336.0
139264,value_loss,0.0020117545500397682
139264,policy_loss,-0.02502983622252941
139264,approx_kl,0.007531674578785896
139264,clipfrac,0.097265625
139264,explained_variance,0.9717295970767736
139264,sps,534.0
139264,kl_beta,1.0
139431,episodic_return,1201.6663910796137
139431,episodic_length,362.0
139674,episodic_return,743.5078157669452
139674,episodic_length,242.0
139974,episodic_return,947.0236995959212
139974,episodic_length,299.0
140375,episodic_return,1278.733868765277
140375,episodic_length,400.0
140658,episodic_return,789.9904550113558
140658,episodic_length,282.0
141024,episodic_return,1139.4367815901821
141024,episodic_length,365.0
141312,value_loss,0.005258957855403423
141312,policy_loss,-0.052905935794115067
141312,approx_kl,0.012859824113547802
141312,clipfrac,0.08876953125
141312,explained_variance,0.9672606065869331
141312,sps,535.0
141312,kl_beta,1.0
141373,episodic_return,1123.97818816513
141373,episodic_length,348.0
141708,episodic_return,1067.9175263851794
141708,episodic_length,334.0
142074,episodic_return,1140.5631583764855
142074,episodic_length,365.0
142368,episodic_return,918.0861654278659
142368,episodic_length,293.0
142666,episodic_return,923.3096338633942
142666,episodic_length,297.0
143130,episodic_return,1422.7886545181032
143130,episodic_length,463.0
143360,value_loss,0.0031668185256421566
143360,policy_loss,-0.03698930889368057
143360,approx_kl,0.018124498426914215
143360,clipfrac,0.132373046875
143360,explained_variance,0.9700840152800083
143360,sps,535.0
143360,kl_beta,2.0
143573,episodic_return,1423.1489870168218
143573,episodic_length,442.0
143798,episodic_return,712.2288655386184
143798,episodic_length,224.0
144088,episodic_return,899.8371357987738
144088,episodic_length,289.0
144540,episodic_return,1467.0614253156634
144540,episodic_length,451.0
144845,episodic_return,933.0868716450684
144845,episodic_length,304.0
145263,episodic_return,1385.9395831342913
145263,episodic_length,417.0
145408,value_loss,0.02780030481517315
145408,policy_loss,-0.02746882662177086
145408,approx_kl,0.004322448745369911
145408,clipfrac,0.028857421875
145408,explained_variance,0.9742188509553671
145408,sps,535.0
145408,kl_beta,1.0
145552,episodic_return,908.7335938753004
145552,episodic_length,288.0
145826,episodic_return,876.7276493917465
145826,episodic_length,273.0
146240,episodic_return,1327.822786243807
146240,episodic_length,413.0
146597,episodic_return,1165.649654405399
146597,episodic_length,356.0
146870,episodic_return,881.0219756047919
146870,episodic_length,272.0
147176,episodic_return,963.6470221514076
147176,episodic_length,305.0
147456,value_loss,0.00298863067291677
147456,policy_loss,-0.012258908711373806
147456,approx_kl,0.006628223694860935
147456,clipfrac,0.087451171875
147456,explained_variance,0.9700845368206501
147456,sps,535.0
147456,kl_beta,0.5
147487,episodic_return,977.4135181444472
147487,episodic_length,310.0
147771,episodic_return,858.9006931515332
147771,episodic_length,283.0
148055,episodic_return,884.3808256227467
148055,episodic_length,283.0
148329,episodic_return,824.4693832088279
148329,episodic_length,273.0
148667,episodic_return,1090.8702218538494
148667,episodic_length,337.0
148961,episodic_return,919.8429533847002
148961,episodic_length,293.0
149229,episodic_return,872.2628457816666
149229,episodic_length,267.0
149504,value_loss,0.026299428194761276
149504,policy_loss,0.07015852630138397
149504,approx_kl,0.03344806283712387
149504,clipfrac,0.18896484375
149504,explained_variance,0.9697425048798323
149504,sps,535.0
149504,kl_beta,1.0
149589,episodic_return,1166.1148743979497
149589,episodic_length,359.0
149868,episodic_return,889.7265475448559
149868,episodic_length,278.0
150186,episodic_return,1042.5920724023508
150186,episodic_length,317.0
150536,episodic_return,1129.7932670757261
150536,episodic_length,349.0
150907,episodic_return,1179.0237553633028
150907,episodic_length,370.0
151224,episodic_return,987.9657664651235
151224,episodic_length,316.0
151506,episodic_return,920.8744652173707
151506,episodic_length,281.0
151552,value_loss,0.0016341174487024546
151552,policy_loss,-0.04274226725101471
151552,approx_kl,0.012004786171019077
151552,clipfrac,0.083349609375
151552,explained_variance,0.9718658104538918
151552,sps,535.0
151552,kl_beta,1.0
151872,episodic_return,1141.811014656556
151872,episodic_length,365.0
152341,episodic_return,1534.5655136084476
152341,episodic_length,468.0
152571,episodic_return,596.8650099945042
152571,episodic_length,229.0
152831,episodic_return,780.7669203169279
152831,episodic_length,259.0
153177,episodic_return,1090.6865507517944
153177,episodic_length,345.0
153476,episodic_return,938.8574489412142
153476,episodic_length,298.0
153600,value_loss,0.009806353598833084
153600,policy_loss,-0.01847551390528679
153600,approx_kl,0.01701638475060463
153600,clipfrac,0.11806640625
153600,explained_variance,0.9597001671791077
153600,sps,535.0
153600,kl_beta,2.0
153881,episodic_return,1294.0308978198993
153881,episodic_length,404.0
154184,episodic_return,1003.9152223841531
154184,episodic_length,302.0
154527,episodic_return,1137.8592920326544
154527,episodic_length,342.0
154947,episodic_return,1345.337696086425
154947,episodic_length,419.0
155204,episodic_return,859.9865232820605
155204,episodic_length,256.0
155461,episodic_return,707.238942427225
155461,episodic_length,256.0
155648,value_loss,0.0013225222937762737
155648,policy_loss,-0.015432881191372871
155648,approx_kl,0.0036479532718658447
155648,clipfrac,0.040185546875
155648,explained_variance,0.9677585437893867
155648,sps,535.0
155648,kl_beta,1.0
155815,episodic_return,1118.5917046637298
155815,episodic_length,353.0
156499,episodic_return,2202.2506212804697
156499,episodic_length,683.0
156838,episodic_return,1115.8723296429941
156838,episodic_length,338.0
157178,episodic_return,1091.2328872771186
157178,episodic_length,339.0
157546,episodic_return,1157.0059581144246
157546,episodic_length,367.0
157696,value_loss,0.0011056882794946432
157696,policy_loss,-0.019836973398923874
157696,approx_kl,0.005105867050588131
157696,clipfrac,0.053173828125
157696,explained_variance,0.9740196969360113
157696,sps,535.0
157696,kl_beta,0.5
157766,episodic_return,724.5503870884278
157766,episodic_length,219.0
158119,episodic_return,1118.051579680033
158119,episodic_length,352.0
158390,episodic_return,867.686152076862
158390,episodic_length,270.0
158713,episodic_return,1043.496575346055
158713,episodic_length,322.0
159292,episodic_return,1825.2766113855255
159292,episodic_length,578.0
159695,episodic_return,1326.5901125601401
159695,episodic_length,402.0
159744,value_loss,0.002661186270415783
159744,policy_loss,-0.025790201500058174
159744,approx_kl,0.038921114057302475
159744,clipfrac,0.27705078125
159744,explained_variance,0.9708216413855553
159744,sps,535.0
159744,kl_beta,1.0
159943,episodic_return,636.5883861282605
159943,episodic_length,247.0
160400,episodic_return,1473.204927937074
160400,episodic_length,456.0
160819,episodic_return,1405.901137985776
160819,episodic_length,418.0
161127,episodic_return,1001.176292731882
161127,episodic_length,307.0
161494,episodic_return,1197.2774170406224
161494,episodic_length,366.0
161782,episodic_return,952.8463302513524
161782,episodic_length,287.0
161792,value_loss,0.0015508296201005578
161792,policy_loss,-0.02452176809310913
161792,approx_kl,0.01513772364705801
161792,clipfrac,0.110693359375
161792,explained_variance,0.9645328633487225
161792,sps,535.0
161792,kl_beta,2.0
162231,episodic_return,1451.6780652884645
162231,episodic_length,448.0
162493,episodic_return,878.1328183126421
162493,episodic_length,261.0
162947,episodic_return,1432.0054423263678
162947,episodic_length,453.0
163385,episodic_return,1419.1323188057095
163385,episodic_length,437.0
163811,episodic_return,1435.410873371064
163811,episodic_length,425.0
163840,value_loss,0.0017319116741418839
163840,policy_loss,-0.0397745743393898
163840,approx_kl,0.007857679389417171
163840,clipfrac,0.038525390625
163840,explained_variance,0.9746218416839838
163840,sps,535.0
163840,kl_beta,2.0
164085,episodic_return,902.8033998345452
164085,episodic_length,273.0
164344,episodic_return,771.4418909740598
164344,episodic_length,258.0
164851,episodic_return,1654.8943932926893
164851,episodic_length,506.0
165139,episodic_return,927.9422689364594
165139,episodic_length,287.0
165414,episodic_return,871.4755906735317
165414,episodic_length,274.0
165773,episodic_return,1185.8617449478138
165773,episodic_length,358.0
165888,value_loss,0.0030564814805984497
165888,policy_loss,0.038049619644880295
165888,approx_kl,0.004902902990579605
165888,clipfrac,0.03291015625
165888,explained_variance,0.9728494118899107
165888,sps,535.0
165888,kl_beta,1.0
166136,episodic_return,1183.6479866421016
166136,episodic_length,362.0
166566,episodic_return,1375.4800481539874
166566,episodic_length,429.0
166927,episodic_return,1209.2616735836
166927,episodic_length,360.0
167275,episodic_return,1148.9383974954806
167275,episodic_length,347.0
167901,episodic_return,2043.8517390454397
167901,episodic_length,625.0
167936,value_loss,0.0020290727261453867
167936,policy_loss,-0.03667294606566429
167936,approx_kl,0.00878952071070671
167936,clipfrac,0.09228515625
167936,explained_variance,0.9735747799277306
167936,sps,535.0
167936,kl_beta,1.0
168292,episodic_return,1222.932976802837
168292,episodic_length,390.0
168638,episodic_return,1141.061312953554
168638,episodic_length,345.0
168928,episodic_return,937.347889270389
168928,episodic_length,289.0
169195,episodic_return,892.3511079169087
169195,episodic_length,266.0
169477,episodic_return,938.1549627334198
169477,episodic_length,281.0
169850,episodic_return,1187.2881127960732
169850,episodic_length,372.0
169984,value_loss,0.010789524763822556
169984,policy_loss,0.06715577095746994
169984,approx_kl,0.00927911326289177
169984,clipfrac,0.07939453125
169984,explained_variance,0.9768509138375521
169984,sps,535.0
169984,kl_beta,1.0
170404,episodic_return,1817.494171681521
170404,episodic_length,553.0
170694,episodic_return,929.4860311901052
170694,episodic_length,289.0
171026,episodic_return,1092.2616881399929
171026,episodic_length,331.0
171315,episodic_return,965.3512965514533
171315,episodic_length,288.0
171632,episodic_return,1064.460746767222
171632,episodic_length,316.0
171854,episodic_return,717.3766928596526
171854,episodic_length,221.0
172032,value_loss,0.021976668387651443
172032,policy_loss,-0.8512949347496033
172032,approx_kl,0.10587959736585617
172032,clipfrac,0.151513671875
172032,explained_variance,0.9730013087391853
172032,sps,535.0
172032,kl_beta,2.0
172524,episodic_return,2242.87429192301
172524,episodic_length,669.0
172897,episodic_return,1242.6305903589837
172897,episodic_length,372.0
173253,episodic_return,1161.4235427037204
173253,episodic_length,355.0
173760,episodic_return,1676.6162510149734
173760,episodic_length,506.0
174080,value_loss,0.014337757602334023
174080,policy_loss,-0.05956244468688965
174080,approx_kl,0.011720129288733006
174080,clipfrac,0.03642578125
174080,explained_variance,0.982838461175561
174080,sps,535.0
174080,kl_beta,2.0
174083,episodic_return,1067.8065562059862
174083,episodic_length,322.0
174438,episodic_return,1177.51777921656
174438,episodic_length,354.0
174806,episodic_return,1188.6284795624483
174806,episodic_length,367.0
175182,episodic_return,1258.4791123132932
175182,episodic_length,375.0
175423,episodic_return,797.195820122908
175423,episodic_length,240.0
175689,episodic_return,872.521514663014
175689,episodic_length,265.0
176128,value_loss,0.0014518557582050562
176128,policy_loss,-0.008598683401942253
176128,approx_kl,0.0031348513439297676
176128,clipfrac,0.02275390625
176128,explained_variance,0.9690940845757723
176128,sps,535.0
176128,kl_beta,1.0
176275,episodic_return,1936.0763105686144
176275,episodic_length,585.0
176631,episodic_return,1188.2145689062195
176631,episodic_length,355.0
176952,episodic_return,1028.428318643085
176952,episodic_length,320.0
177310,episodic_return,1193.1692094039204
177310,episodic_length,357.0
177585,episodic_return,919.8485346865568
177585,episodic_length,274.0
177854,episodic_return,889.1600111770164
177854,episodic_length,268.0
178146,episodic_return,955.7609682720594
178146,episodic_length,291.0
178176,value_loss,0.013310559093952179
178176,policy_loss,-0.05647191405296326
178176,approx_kl,0.010049067437648773
178176,clipfrac,0.057275390625
178176,explained_variance,0.9748904090374708
178176,sps,536.0
178176,kl_beta,1.0
178845,episodic_return,2273.1373562905173
178845,episodic_length,698.0
179130,episodic_return,924.6419733522642
179130,episodic_length,284.0
179409,episodic_return,924.372204302159
179409,episodic_length,278.0
179772,episodic_return,1200.3223123664266
179772,episodic_length,362.0
180217,episodic_return,1404.0855599433048
180217,episodic_length,444.0
180224,value_loss,0.0011779280612245202
180224,policy_loss,0.011023631319403648
180224,approx_kl,0.009937575086951256
180224,clipfrac,0.078369140625
180224,explained_variance,0.9758570529520512
180224,sps,536.0
180224,kl_beta,1.0
180489,episodic_return,887.6837013815845
180489,episodic_length,271.0
181024,episodic_return,1742.2448007453581
181024,episodic_length,534.0
181539,episodic_return,1670.5276982710616
181539,episodic_length,514.0
181898,episodic_return,1145.1116979551373
181898,episodic_length,358.0
182272,value_loss,0.009019971825182438
182272,policy_loss,-0.001222190447151661
182272,approx_kl,0.006238224916160107
182272,clipfrac,0.104736328125
182272,explained_variance,0.9786408320069313
182272,sps,536.0
182272,kl_beta,0.5
182366,episodic_return,1522.9931605710124
182366,episodic_length,467.0
182905,episodic_return,1708.570331313181
182905,episodic_length,538.0
183240,episodic_return,1080.888243064643
183240,episodic_length,334.0
183480,episodic_return,793.1956829731305
183480,episodic_length,239.0
183835,episodic_return,1177.7018723775304
183835,episodic_length,354.0
184051,episodic_return,727.4133050873584
184051,episodic_length,215.0
184320,value_loss,0.0039273956790566444
184320,policy_loss,0.01679549366235733
184320,approx_kl,0.022928612306714058
184320,clipfrac,0.195947265625
184320,explained_variance,0.9692096933722496
184320,sps,536.0
184320,kl_beta,1.0
184460,episodic_return,1369.674015479997
184460,episodic_length,408.0
184748,episodic_return,940.4377821303224
184748,episodic_length,287.0
185033,episodic_return,923.9197463438902
185033,episodic_length,284.0
185303,episodic_return,903.7591270423427
185303,episodic_length,269.0
185635,episodic_return,1086.4813743047212
185635,episodic_length,331.0
186065,episodic_return,1465.7006861038346
186065,episodic_length,429.0
186368,value_loss,0.0019503193907439709
186368,policy_loss,0.03855343908071518
186368,approx_kl,0.009498870000243187
186368,clipfrac,0.11396484375
186368,explained_variance,0.971111960709095
186368,sps,536.0
186368,kl_beta,1.0
186744,episodic_return,2234.2063531086696
186744,episodic_length,678.0
187229,episodic_return,1641.36554833798
187229,episodic_length,484.0
187577,episodic_return,1166.752032208708
187577,episodic_length,347.0
187850,episodic_return,887.1951122208197
187850,episodic_length,272.0
188145,episodic_return,945.2631004340464
188145,episodic_length,294.0
188416,value_loss,0.0031552137807011604
188416,policy_loss,0.10577237606048584
188416,approx_kl,0.02229681983590126
188416,clipfrac,0.080029296875
188416,explained_variance,0.9755375627428293
188416,sps,537.0
188416,kl_beta,2.0
188648,episodic_return,1670.8550972004941
188648,episodic_length,502.0
188931,episodic_return,941.4124415992474
188931,episodic_length,282.0
189163,episodic_return,788.9001660399514
189163,episodic_length,231.0
189460,episodic_return,978.8503472050842
189460,episodic_length,296.0
189907,episodic_return,1493.0368947904585
189907,episodic_length,446.0
190129,episodic_return,739.3671639462366
190129,episodic_length,221.0
190413,episodic_return,939.3230681569308
190413,episodic_length,283.0
190464,value_loss,0.0013092587469145656
190464,policy_loss,-0.016428997740149498
190464,approx_kl,0.004361835308372974
190464,clipfrac,0.04013671875
190464,explained_variance,0.9725645277649164
190464,sps,537.0
190464,kl_beta,1.0
190922,episodic_return,1672.5537642579345
190922,episodic_length,508.0
191179,episodic_return,870.5768476412654
191179,episodic_length,256.0
191616,episodic_return,1445.2381722474083
191616,episodic_length,436.0
191931,episodic_return,1009.7853149685168
191931,episodic_length,314.0
192210,episodic_return,914.1690436662559
192210,episodic_length,278.0
192482,episodic_return,915.7073035302565
192482,episodic_length,271.0
192512,value_loss,0.0007962071103975177
192512,policy_loss,-0.03025052882730961
192512,approx_kl,0.01049378328025341
192512,clipfrac,0.077978515625
192512,explained_variance,0.9782763868570328
192512,sps,537.0
192512,kl_beta,1.0
192845,episodic_return,1184.9376031869642
192845,episodic_length,362.0
193119,episodic_return,927.0449099585246
193119,episodic_length,273.0
193557,episodic_return,1402.5193920884217
193557,episodic_length,437.0
193977,episodic_return,1400.7510063634522
193977,episodic_length,419.0
194268,episodic_return,951.6843958166859
194268,episodic_length,290.0
194560,value_loss,0.0009589375695213675
194560,policy_loss,-0.012018832378089428
194560,approx_kl,0.009008471854031086
194560,clipfrac,0.0865234375
194560,explained_variance,0.9777963124215603
194560,sps,536.0
194560,kl_beta,1.0
194562,episodic_return,943.1082975759906
194562,episodic_length,293.0
195563,episodic_return,3231.13630248353
195563,episodic_length,1000.0
195969,episodic_return,1357.1541731743118
195969,episodic_length,405.0
196608,value_loss,0.0014459702651947737
196608,policy_loss,0.02560623548924923
196608,approx_kl,0.013914464972913265
196608,clipfrac,0.091552734375
196608,explained_variance,0.9449687302112579
196608,sps,536.0
196608,kl_beta,1.0
196610,episodic_return,2002.4281453451524
196610,episodic_length,640.0
197145,episodic_return,1749.1956030571575
197145,episodic_length,534.0
197614,episodic_return,1529.7816929099179
197614,episodic_length,468.0
198169,episodic_return,1851.1179075113823
198169,episodic_length,554.0
198656,value_loss,0.0032003724481910467
198656,policy_loss,-0.06815405935049057
198656,approx_kl,0.020413704216480255
198656,clipfrac,0.095166015625
198656,explained_variance,0.9715420491993427
198656,sps,536.0
198656,kl_beta,2.0
198880,episodic_return,2303.4409039792768
198880,episodic_length,710.0
199294,episodic_return,1366.121285969549
199294,episodic_length,413.0
199963,episodic_return,2209.414944538504
199963,episodic_length,668.0
200319,episodic_return,1186.2791323013178
200319,episodic_length,355.0
200704,value_loss,0.0004937767516821623
200704,policy_loss,-0.013844992965459824
200704,approx_kl,0.002904939465224743
200704,clipfrac,0.028857421875
200704,explained_variance,0.9795577898621559
200704,sps,536.0
200704,kl_beta,1.0
201303,episodic_return,3217.4190351039338
201303,episodic_length,983.0
201728,episodic_return,1406.5750925226864
201728,episodic_length,424.0
202074,episodic_return,1137.2088987602244
202074,episodic_length,345.0
202752,value_loss,0.001214762101881206
202752,policy_loss,0.002016337588429451
202752,approx_kl,0.006430437788367271
202752,clipfrac,0.07021484375
202752,explained_variance,0.9815381951630116
202752,sps,537.0
202752,kl_beta,0.5
202967,episodic_return,2801.6806044967684
202967,episodic_length,892.0
203422,episodic_return,1450.7256891757534
203422,episodic_length,454.0
204423,episodic_return,3166.2864807569144
204423,episodic_length,1000.0
204772,episodic_return,1155.972445713239
204772,episodic_length,348.0
204800,value_loss,0.04248899966478348
204800,policy_loss,-0.003780098631978035
204800,approx_kl,0.025117959827184677
204800,clipfrac,0.204248046875
204800,explained_variance,0.8729017972946167
204800,sps,537.0
204800,kl_beta,1.0
205200,episodic_return,1420.998079330443
205200,episodic_length,427.0
205820,episodic_return,2079.0109130010005
205820,episodic_length,619.0
206066,episodic_return,836.6691067420093
206066,episodic_length,245.0
206443,episodic_return,1221.209085900311
206443,episodic_length,376.0
206793,episodic_return,1165.253231423504
206793,episodic_length,349.0
206848,value_loss,0.0010159191442653537
206848,policy_loss,-0.01085573248565197
206848,approx_kl,0.023302780464291573
206848,clipfrac,0.123486328125
206848,explained_variance,0.9760695416480303
206848,sps,537.0
206848,kl_beta,2.0
207269,episodic_return,1543.6025468997323
207269,episodic_length,475.0
207708,episodic_return,1416.3329402908898
207708,episodic_length,438.0
207964,episodic_return,870.2367061796266
207964,episodic_length,255.0
208339,episodic_return,1205.579257971779
208339,episodic_length,374.0
208896,value_loss,0.001155367586761713
208896,policy_loss,-0.034456510096788406
208896,approx_kl,0.014248481020331383
208896,clipfrac,0.036181640625
208896,explained_variance,0.9770552348345518
208896,sps,537.0
208896,kl_beta,2.0
208934,episodic_return,1972.6240187653898
208934,episodic_length,594.0
209407,episodic_return,1604.7037842797874
209407,episodic_length,472.0
209989,episodic_return,1950.2065355982634
209989,episodic_length,581.0
210179,episodic_return,605.5568373538817
210179,episodic_length,189.0
210720,episodic_return,1763.244187137467
210720,episodic_length,540.0
210909,episodic_return,591.8550473448023
210909,episodic_length,188.0
210944,value_loss,0.014991428703069687
210944,policy_loss,-0.018726984038949013
210944,approx_kl,0.005928809754550457
210944,clipfrac,0.0404296875
210944,explained_variance,0.9792673029005527
210944,sps,537.0
210944,kl_beta,1.0
211142,episodic_return,783.2945819694173
211142,episodic_length,232.0
211404,episodic_return,883.9947792923391
211404,episodic_length,261.0
211854,episodic_return,1492.2169677574836
211854,episodic_length,449.0
212208,episodic_return,1163.337423531012
212208,episodic_length,353.0
212486,episodic_return,936.6928994973025
212486,episodic_length,277.0
212835,episodic_return,1140.0358839277117
212835,episodic_length,348.0
212992,value_loss,0.0009976403089240193
212992,policy_loss,-0.0019481144845485687
212992,approx_kl,0.006994258612394333
212992,clipfrac,0.09921875
212992,explained_variance,0.9789700657129288
212992,sps,537.0
212992,kl_beta,1.0
213161,episodic_return,1113.6947568996168
213161,episodic_length,325.0
213519,episodic_return,1176.7056943870691
213519,episodic_length,357.0
213800,episodic_return,905.7278897374827
213800,episodic_length,280.0
214112,episodic_return,1035.0853828349009
214112,episodic_length,311.0
214447,episodic_return,1118.6681824897355
214447,episodic_length,334.0
214692,episodic_return,837.9716014707325
214692,episodic_length,244.0
215040,value_loss,0.025901202112436295
215040,policy_loss,-0.059896014630794525
215040,approx_kl,0.012952550314366817
215040,clipfrac,0.08642578125
215040,explained_variance,0.9802909009158611
215040,sps,537.0
215040,kl_beta,1.0
215079,episodic_return,1274.028087734779
215079,episodic_length,386.0
215507,episodic_return,1404.8586550324608
215507,episodic_length,427.0
215883,episodic_return,1170.999571099999
215883,episodic_length,375.0
216380,episodic_return,1657.2246072350945
216380,episodic_length,496.0
217088,value_loss,0.000871442724019289
217088,policy_loss,-8.351076394319534e-05
217088,approx_kl,0.009707319550216198
217088,clipfrac,0.111376953125
217088,explained_variance,0.9807092417031527
217088,sps,537.0
217088,kl_beta,1.0
217221,episodic_return,2677.7176008827887
217221,episodic_length,840.0
217861,episodic_return,2041.6351854616184
217861,episodic_length,639.0
218078,episodic_return,716.1053505651453
218078,episodic_length,216.0
218593,episodic_return,1650.0734012341452
218593,episodic_length,514.0
219136,value_loss,0.0015289641451090574
219136,policy_loss,-0.004493061453104019
219136,approx_kl,0.007123339921236038
219136,clipfrac,0.140576171875
219136,explained_variance,0.977934043854475
219136,sps,537.0
219136,kl_beta,1.0
219250,episodic_return,2176.937227131671
219250,episodic_length,656.0
219786,episodic_return,1736.5193044943017
219786,episodic_length,535.0
220218,episodic_return,1403.848945392687
220218,episodic_length,431.0
220699,episodic_return,1634.7208045446419
220699,episodic_length,480.0
220951,episodic_return,860.1975260787667
220951,episodic_length,251.0
221184,value_loss,0.003416994120925665
221184,policy_loss,0.02022077515721321
221184,approx_kl,0.020809922367334366
221184,clipfrac,0.116162109375
221184,explained_variance,0.977154865860939
221184,sps,537.0
221184,kl_beta,2.0
221455,episodic_return,1629.4298429112364
221455,episodic_length,503.0
222325,episodic_return,2854.776126180104
222325,episodic_length,869.0
222996,episodic_return,2187.9531334234653
222996,episodic_length,670.0
223232,value_loss,0.0009691111044958234
223232,policy_loss,0.0318182036280632
223232,approx_kl,0.007547528482973576
223232,clipfrac,0.05625
223232,explained_variance,0.9768156260251999
223232,sps,538.0
223232,kl_beta,2.0
223317,episodic_return,1085.5673024325797
223317,episodic_length,320.0
223766,episodic_return,1453.3181116108965
223766,episodic_length,448.0
224045,episodic_return,928.1897910378142
224045,episodic_length,278.0
225046,episodic_return,3084.841706641281
225046,episodic_length,1000.0
225280,value_loss,0.000769508071243763
225280,policy_loss,-0.0033580102026462555
225280,approx_kl,0.003641870804131031
225280,clipfrac,0.023681640625
225280,explained_variance,0.8843730166554451
225280,sps,537.0
225280,kl_beta,1.0
225594,episodic_return,1826.8326837839675
225594,episodic_length,547.0
226033,episodic_return,1434.1894163720372
226033,episodic_length,438.0
226948,episodic_return,2921.6758123005256
226948,episodic_length,914.0
227328,value_loss,0.0006872689118608832
227328,policy_loss,-0.039697665721178055
227328,approx_kl,0.006977262906730175
227328,clipfrac,0.1064453125
227328,explained_variance,0.9762720391154289
227328,sps,537.0
227328,kl_beta,1.0
227949,episodic_return,3281.898493723748
227949,episodic_length,1000.0
228271,episodic_return,1090.8333260682607
228271,episodic_length,321.0
228876,episodic_return,1985.4601678389424
228876,episodic_length,604.0
229238,episodic_return,1198.5167189474155
229238,episodic_length,361.0
229376,value_loss,0.0017878103535622358
229376,policy_loss,0.009424030780792236
229376,approx_kl,0.010188229382038116
229376,clipfrac,0.111572265625
229376,explained_variance,0.9464085623621941
229376,sps,537.0
229376,kl_beta,1.0
230178,episodic_return,3084.2072472580912
230178,episodic_length,939.0
230453,episodic_return,907.2647172336748
230453,episodic_length,274.0
230743,episodic_return,977.4289556578362
230743,episodic_length,289.0
230924,episodic_return,554.4765292010144
230924,episodic_length,180.0
231424,value_loss,0.0005735264276154339
231424,policy_loss,0.027053743600845337
231424,approx_kl,0.019844066351652145
231424,clipfrac,0.10302734375
231424,explained_variance,0.9750940445810556
231424,sps,537.0
231424,kl_beta,2.0
231660,episodic_return,2375.0936462664963
231660,episodic_length,735.0
231931,episodic_return,903.5613443459963
231931,episodic_length,270.0
232191,episodic_return,887.5846950519015
232191,episodic_length,259.0
232491,episodic_return,986.1946712915022
232491,episodic_length,299.0
232890,episodic_return,1325.696461610737
232890,episodic_length,398.0
233350,episodic_return,1557.978030379716
233350,episodic_length,459.0
233472,value_loss,0.000757814384996891
233472,policy_loss,-0.01690141297876835
233472,approx_kl,0.004731866531074047
233472,clipfrac,0.04677734375
233472,explained_variance,0.9785485230386257
233472,sps,537.0
233472,kl_beta,1.0
233857,episodic_return,1660.4412107966384
233857,episodic_length,506.0
234244,episodic_return,1302.3422928055647
234244,episodic_length,386.0
234754,episodic_return,1708.2861942378615
234754,episodic_length,509.0
234966,episodic_return,660.0681073142839
234966,episodic_length,211.0
235267,episodic_return,974.8469668567568
235267,episodic_length,300.0
235520,value_loss,0.001241576625034213
235520,policy_loss,-0.04437195137143135
235520,approx_kl,0.011499079875648022
235520,clipfrac,0.105517578125
235520,explained_variance,0.9746691919863224
235520,sps,537.0
235520,kl_beta,1.0
235701,episodic_return,1408.4525533956232
235701,episodic_length,433.0
236612,episodic_return,3047.320302833167
236612,episodic_length,910.0
236946,episodic_return,1112.7114401306712
236946,episodic_length,333.0
237158,episodic_return,642.6366672122199
237158,episodic_length,211.0
237568,value_loss,0.0015283179236575961
237568,policy_loss,-0.0070758843794465065
237568,approx_kl,0.011110535822808743
237568,clipfrac,0.099658203125
237568,explained_variance,0.9749724362045527
237568,sps,537.0
237568,kl_beta,1.0
237592,episodic_return,1416.8256520755745
237592,episodic_length,433.0
237917,episodic_return,1099.1419213403628
237917,episodic_length,324.0
238361,episodic_return,1483.4740259742782
238361,episodic_length,443.0
239039,episodic_return,2206.0723861224005
239039,episodic_length,677.0
239393,episodic_return,1174.9803987553983
239393,episodic_length,353.0
239616,value_loss,0.00039009767351672053
239616,policy_loss,-0.01805623434484005
239616,approx_kl,0.007140966132283211
239616,clipfrac,0.097265625
239616,explained_variance,0.981013348326087
239616,sps,538.0
239616,kl_beta,1.0
239784,episodic_return,1296.217329905362
239784,episodic_length,390.0
240554,episodic_return,2596.834548691129
240554,episodic_length,769.0
240957,episodic_return,1369.9016349022893
240957,episodic_length,402.0
241407,episodic_return,1473.3710234086952
241407,episodic_length,449.0
241664,value_loss,0.0011651699896901846
241664,policy_loss,-0.010230012238025665
241664,approx_kl,0.008850440382957458
241664,clipfrac,0.080322265625
241664,explained_variance,0.9759840425103903
241664,sps,538.0
241664,kl_beta,1.0
241665,episodic_return,864.3815596892847
241665,episodic_length,257.0
242658,episodic_return,3309.425285307749
242658,episodic_length,992.0
242998,episodic_return,1129.7724329789712
242998,episodic_length,339.0
243712,value_loss,0.0031374692916870117
243712,policy_loss,-0.04004155099391937
243712,approx_kl,0.012450484558939934
243712,clipfrac,0.143798828125
243712,explained_variance,0.9760458953678608
243712,sps,538.0
243712,kl_beta,1.0
243805,episodic_return,2723.3629020153726
243805,episodic_length,806.0
244051,episodic_return,818.9604946852005
244051,episodic_length,245.0
244564,episodic_return,1687.5033749038619
244564,episodic_length,512.0
245565,episodic_return,3204.0789974522495
245565,episodic_length,1000.0
245760,value_loss,0.04255018010735512
245760,policy_loss,-0.037809036672115326
245760,approx_kl,0.012864417396485806
245760,clipfrac,0.102099609375
245760,explained_variance,0.8814969956874847
245760,sps,538.0
245760,kl_beta,1.0
245932,episodic_return,1060.577114793188
245932,episodic_length,366.0
246350,episodic_return,1417.9158260260485
246350,episodic_length,417.0
246663,episodic_return,1056.400444158585
246663,episodic_length,312.0
247104,episodic_return,1450.340054409044
247104,episodic_length,440.0
247601,episodic_return,1674.2062953949498
247601,episodic_length,496.0
247808,value_loss,0.009637043811380863
247808,policy_loss,-0.056466490030288696
247808,approx_kl,0.007959708571434021
247808,clipfrac,0.0884765625
247808,explained_variance,0.9741044230759144
247808,sps,538.0
247808,kl_beta,1.0
248041,episodic_return,1453.8707066674322
248041,episodic_length,439.0
248713,episodic_return,2175.224366747626
248713,episodic_length,671.0
249077,episodic_return,1163.5909887883404
249077,episodic_length,363.0
249581,episodic_return,1708.37624841867
249581,episodic_length,503.0
249856,value_loss,0.007671679835766554
249856,policy_loss,-0.07700215280056
249856,approx_kl,0.02300647273659706
249856,clipfrac,0.155029296875
249856,explained_variance,0.9791306387633085
249856,sps,538.0
249856,kl_beta,2.0
250022,episodic_return,1395.2025468863546
250022,episodic_length,440.0
250627,episodic_return,1853.2877904754146
250627,episodic_length,604.0
251628,episodic_return,3091.529375679156
251628,episodic_length,1000.0
251904,value_loss,0.03470314294099808
251904,policy_loss,-0.0008207503706216812
251904,approx_kl,0.0033518755808472633
251904,clipfrac,0.036376953125
251904,explained_variance,0.8620249032974243
251904,sps,538.0
251904,kl_beta,1.0
252629,episodic_return,3188.297457572733
252629,episodic_length,1000.0
253630,episodic_return,3139.565250451097
253630,episodic_length,1000.0
253952,value_loss,0.03204204514622688
253952,policy_loss,0.00955788791179657
253952,approx_kl,0.015757258981466293
253952,clipfrac,0.12353515625
253952,explained_variance,0.2741538882255554
253952,sps,538.0
253952,kl_beta,2.0
254101,episodic_return,1380.3855541960916
254101,episodic_length,470.0
255068,episodic_return,3107.2472267933003
255068,episodic_length,966.0
255637,episodic_return,1832.7587938175416
255637,episodic_length,568.0
256000,value_loss,0.001577797462232411
256000,policy_loss,0.00981118343770504
256000,approx_kl,0.0026795854791998863
256000,clipfrac,0.037744140625
256000,explained_variance,0.9673118554055691
256000,sps,538.0
256000,kl_beta,1.0
256291,episodic_return,2177.839060300818
256291,episodic_length,653.0
256589,episodic_return,861.8445129349063
256589,episodic_length,297.0
256875,episodic_return,815.6359986479767
256875,episodic_length,285.0
257876,episodic_return,3102.91266042687
257876,episodic_length,1000.0
258048,value_loss,0.02415027841925621
258048,policy_loss,0.002035093493759632
258048,approx_kl,0.013982010073959827
258048,clipfrac,0.104296875
258048,explained_variance,0.8719553202390671
258048,sps,538.0
258048,kl_beta,1.0
258202,episodic_return,950.4701856109706
258202,episodic_length,325.0
258587,episodic_return,1252.8137856170752
258587,episodic_length,384.0
259072,episodic_return,1650.1312840330681
259072,episodic_length,484.0
259408,episodic_return,1058.122838732962
259408,episodic_length,335.0
259709,episodic_return,1008.690230336295
259709,episodic_length,300.0
260096,value_loss,0.002939860336482525
260096,policy_loss,-0.030164729803800583
260096,approx_kl,0.026582971215248108
260096,clipfrac,0.149169921875
260096,explained_variance,0.9669441357254982
260096,sps,538.0
260096,kl_beta,2.0
260356,episodic_return,2149.1078431315605
260356,episodic_length,646.0
261100,episodic_return,2443.6446072798863
261100,episodic_length,743.0
261687,episodic_return,1961.7067434017551
261687,episodic_length,586.0
261967,episodic_return,952.9389767026368
261967,episodic_length,279.0
262144,value_loss,0.0009629270061850548
262144,policy_loss,0.002978997305035591
262144,approx_kl,0.005076362751424313
262144,clipfrac,0.037255859375
262144,explained_variance,0.9750912748277187
262144,sps,538.0
262144,kl_beta,1.0
262657,episodic_return,2254.7171238974274
262657,episodic_length,689.0
263091,episodic_return,1399.9322379748698
263091,episodic_length,433.0
263555,episodic_return,1513.4540898389514
263555,episodic_length,463.0
263964,episodic_return,1249.6340623377146
263964,episodic_length,408.0
264192,value_loss,0.0006443503662012517
264192,policy_loss,-0.024219660088419914
264192,approx_kl,0.01619943417608738
264192,clipfrac,0.114501953125
264192,explained_variance,0.9767065141350031
264192,sps,538.0
264192,kl_beta,2.0
264338,episodic_return,1129.6083837904364
264338,episodic_length,373.0
264906,episodic_return,1894.3559753937425
264906,episodic_length,567.0
265440,episodic_return,1778.467766288483
265440,episodic_length,533.0
265723,episodic_return,932.696279926619
265723,episodic_length,282.0
266237,episodic_return,1717.9342191675578
266237,episodic_length,513.0
266240,value_loss,0.0009418472764082253
266240,policy_loss,-0.02142893709242344
266240,approx_kl,0.005632239393889904
266240,clipfrac,0.037646484375
266240,explained_variance,0.9792970307171345
266240,sps,538.0
266240,kl_beta,1.0
266574,episodic_return,1142.2833979592374
266574,episodic_length,336.0
267098,episodic_return,1672.8443599673835
267098,episodic_length,523.0
267351,episodic_return,847.837068930838
267351,episodic_length,252.0
267832,episodic_return,1623.5926448575506
267832,episodic_length,480.0
268288,value_loss,0.024343103170394897
268288,policy_loss,-0.414081335067749
268288,approx_kl,0.07519654929637909
268288,clipfrac,0.12265625
268288,explained_variance,0.9808454904705286
268288,sps,538.0
268288,kl_beta,2.0
268333,episodic_return,1698.9675692362491
268333,episodic_length,500.0
269334,episodic_return,3132.6939398811937
269334,episodic_length,1000.0
269850,episodic_return,1716.061438295656
269850,episodic_length,515.0
270336,value_loss,0.0019147999119013548
270336,policy_loss,0.01552075520157814
270336,approx_kl,0.005588327534496784
270336,clipfrac,0.034130859375
270336,explained_variance,0.825667068362236
270336,sps,538.0
270336,kl_beta,1.0
270680,episodic_return,2761.6433439564285
270680,episodic_length,829.0
271196,episodic_return,1721.6616826091692
271196,episodic_length,515.0
271445,episodic_return,841.2386100293509
271445,episodic_length,248.0
271877,episodic_return,1404.4110242006961
271877,episodic_length,431.0
272384,value_loss,0.001995319500565529
272384,policy_loss,-0.0333101749420166
272384,approx_kl,0.016516417264938354
272384,clipfrac,0.098779296875
272384,explained_variance,0.9783894028514624
272384,sps,539.0
272384,kl_beta,2.0
272728,episodic_return,2874.052022005503
272728,episodic_length,850.0
273335,episodic_return,1968.683749392764
273335,episodic_length,606.0
273745,episodic_return,1384.2877274538716
273745,episodic_length,409.0
274267,episodic_return,1721.5654309661297
274267,episodic_length,521.0
274432,value_loss,0.0008952314965426922
274432,policy_loss,-0.02809637412428856
274432,approx_kl,0.012582270428538322
274432,clipfrac,0.050146484375
274432,explained_variance,0.9771643616259098
274432,sps,539.0
274432,kl_beta,2.0
275260,episodic_return,3167.2177710008195
275260,episodic_length,992.0
275705,episodic_return,1471.4993376400882
275705,episodic_length,444.0
276301,episodic_return,1959.2995495099865
276301,episodic_length,595.0
276480,value_loss,0.000845222850330174
276480,policy_loss,-0.024278229102492332
276480,approx_kl,0.004834390245378017
276480,clipfrac,0.03818359375
276480,explained_variance,0.982097439467907
276480,sps,539.0
276480,kl_beta,1.0
277302,episodic_return,3211.006222885028
277302,episodic_length,1000.0
277805,episodic_return,1646.7646842388908
277805,episodic_length,502.0
278157,episodic_return,1025.4273694245433
278157,episodic_length,351.0
278528,value_loss,0.05521750822663307
278528,policy_loss,-0.011578540317714214
278528,approx_kl,0.010105703957378864
278528,clipfrac,0.06572265625
278528,explained_variance,0.9009530693292618
278528,sps,539.0
278528,kl_beta,1.0
278567,episodic_return,1307.9739565737684
278567,episodic_length,409.0
279568,episodic_return,3187.525808524823
279568,episodic_length,1000.0
280569,episodic_return,3153.3794198568357
280569,episodic_length,1000.0
280576,value_loss,0.004940961487591267
280576,policy_loss,-0.030895253643393517
280576,approx_kl,0.013678198680281639
280576,clipfrac,0.077587890625
280576,explained_variance,0.6934127807617188
280576,sps,539.0
280576,kl_beta,1.0
281365,episodic_return,2567.441117854505
281365,episodic_length,795.0
281735,episodic_return,1231.3753526280877
281735,episodic_length,369.0
282624,value_loss,0.0004492097068578005
282624,policy_loss,-2.4189241230487823e-05
282624,approx_kl,0.008017207495868206
282624,clipfrac,0.1265625
282624,explained_variance,0.976298263296485
282624,sps,539.0
282624,kl_beta,1.0
282736,episodic_return,3183.735737421074
282736,episodic_length,1000.0
283737,episodic_return,3169.7712973632742
283737,episodic_length,1000.0
284167,episodic_return,1379.521370969012
284167,episodic_length,429.0
284597,episodic_return,1360.8525209654197
284597,episodic_length,429.0
284672,value_loss,0.0044946009293198586
284672,policy_loss,-0.005372535437345505
284672,approx_kl,0.008076421916484833
284672,clipfrac,0.081103515625
284672,explained_variance,0.7444801032543182
284672,sps,540.0
284672,kl_beta,1.0
285308,episodic_return,2335.961188058935
285308,episodic_length,710.0
285731,episodic_return,1310.9009126924113
285731,episodic_length,422.0
286115,episodic_return,1245.9538003984842
286115,episodic_length,383.0
286720,value_loss,0.000939322984777391
286720,policy_loss,-0.02287464588880539
286720,approx_kl,0.009788718074560165
286720,clipfrac,0.102197265625
286720,explained_variance,0.9667543582618237
286720,sps,540.0
286720,kl_beta,1.0
287116,episodic_return,3306.8159691910278
287116,episodic_length,1000.0
287458,episodic_return,1164.025574311254
287458,episodic_length,341.0
287966,episodic_return,1694.961729114982
287966,episodic_length,507.0
288455,episodic_return,1654.034768923257
288455,episodic_length,488.0
288768,value_loss,0.00778143061324954
288768,policy_loss,-0.03417090326547623
288768,approx_kl,0.009902255609631538
288768,clipfrac,0.057373046875
288768,explained_variance,0.9420703612267971
288768,sps,540.0
288768,kl_beta,1.0
288891,episodic_return,1433.273335112159
288891,episodic_length,435.0
289698,episodic_return,2602.574255402352
289698,episodic_length,806.0
290589,episodic_return,2977.6027666387513
290589,episodic_length,890.0
290816,value_loss,0.014333386905491352
290816,policy_loss,0.019471166655421257
290816,approx_kl,0.01617869734764099
290816,clipfrac,0.120068359375
290816,explained_variance,0.9681827463209629
290816,sps,540.0
290816,kl_beta,2.0
291369,episodic_return,2581.8215880222506
291369,episodic_length,779.0
291699,episodic_return,1121.7550351619911
291699,episodic_length,329.0
291967,episodic_return,901.9341161384044
291967,episodic_length,267.0
292318,episodic_return,1175.384632993635
292318,episodic_length,350.0
292638,episodic_return,1076.256349695781
292638,episodic_length,319.0
292864,value_loss,0.000844731112010777
292864,policy_loss,-0.004509804770350456
292864,approx_kl,0.0030443770810961723
292864,clipfrac,0.023828125
292864,explained_variance,0.9735397007316351
292864,sps,540.0
292864,kl_beta,1.0
293172,episodic_return,1797.0883433996387
293172,episodic_length,533.0
293889,episodic_return,2392.7071890469942
293889,episodic_length,716.0
294266,episodic_return,1223.7348343769072
294266,episodic_length,376.0
294698,episodic_return,1430.6580102726778
294698,episodic_length,431.0
294912,value_loss,0.009283251129090786
294912,policy_loss,0.007980162277817726
294912,approx_kl,0.014882786199450493
294912,clipfrac,0.091552734375
294912,explained_variance,0.9786650482565165
294912,sps,541.0
294912,kl_beta,1.0
295065,episodic_return,1203.2993194340381
295065,episodic_length,366.0
295350,episodic_return,936.7908457741052
295350,episodic_length,284.0
295967,episodic_return,2047.5681141211198
295967,episodic_length,616.0
296314,episodic_return,1175.720700884371
296314,episodic_length,346.0
296763,episodic_return,1439.7539321389102
296763,episodic_length,448.0
296960,value_loss,0.018139714375138283
296960,policy_loss,-0.13828998804092407
296960,approx_kl,0.030498217791318893
296960,clipfrac,0.117138671875
296960,explained_variance,0.980042239651084
296960,sps,541.0
296960,kl_beta,2.0
297225,episodic_return,1492.4525924632087
297225,episodic_length,461.0
297748,episodic_return,1745.494282872826
297748,episodic_length,522.0
298749,episodic_return,3298.208125372865
298749,episodic_length,1000.0
299008,value_loss,0.0007110547740012407
299008,policy_loss,0.003347732126712799
299008,approx_kl,0.005913063883781433
299008,clipfrac,0.037451171875
299008,explained_variance,0.974087530747056
299008,sps,541.0
299008,kl_beta,1.0
299209,episodic_return,1542.7976237785392
299209,episodic_length,459.0
299811,episodic_return,1997.8629758254444
299811,episodic_length,601.0
300183,episodic_return,1225.1598701537769
300183,episodic_length,371.0
300494,episodic_return,1043.908251946716
300494,episodic_length,310.0
300829,episodic_return,1130.2887607446837
300829,episodic_length,334.0
301056,value_loss,0.0012768113519996405
301056,policy_loss,-0.05088504031300545
301056,approx_kl,0.011906993575394154
301056,clipfrac,0.090087890625
301056,explained_variance,0.9829874783754349
301056,sps,541.0
301056,kl_beta,1.0
301417,episodic_return,1953.1295370250582
301417,episodic_length,587.0
301673,episodic_return,873.4703982150936
301673,episodic_length,255.0
302277,episodic_return,1992.4174310831459
302277,episodic_length,603.0
302562,episodic_return,930.5726579403836
302562,episodic_length,284.0
302920,episodic_return,1193.6774292288694
302920,episodic_length,357.0
303104,value_loss,0.0007247118046507239
303104,policy_loss,-0.007939033210277557
303104,approx_kl,0.011367648839950562
303104,clipfrac,0.101171875
303104,explained_variance,0.9829634632915258
303104,sps,541.0
303104,kl_beta,1.0
303290,episodic_return,1222.7299465614356
303290,episodic_length,369.0
303723,episodic_return,1450.7587777996291
303723,episodic_length,432.0
304085,episodic_return,1210.0280011799136
304085,episodic_length,361.0
304449,episodic_return,1211.3048029982535
304449,episodic_length,363.0
305035,episodic_return,1963.1976138408431
305035,episodic_length,585.0
305152,value_loss,0.0014079894172027707
305152,policy_loss,-0.01837163046002388
305152,approx_kl,0.013757925480604172
305152,clipfrac,0.099951171875
305152,explained_variance,0.9831313695758581
305152,sps,541.0
305152,kl_beta,1.0
305487,episodic_return,1489.093133361947
305487,episodic_length,451.0
305948,episodic_return,1508.9751181617023
305948,episodic_length,460.0
306306,episodic_return,1196.2507675327643
306306,episodic_length,357.0
306593,episodic_return,961.5497118347334
306593,episodic_length,286.0
306934,episodic_return,1163.1835759315172
306934,episodic_length,340.0
307200,value_loss,0.00053088937420398
307200,policy_loss,-0.012793391942977905
307200,approx_kl,0.008734378963708878
307200,clipfrac,0.06904296875
307200,explained_variance,0.9835104309022427
307200,sps,541.0
307200,kl_beta,1.0
307300,episodic_return,1198.563910505112
307300,episodic_length,365.0
307605,episodic_return,1015.0075517708407
307605,episodic_length,304.0
308606,episodic_return,3304.8575990245204
308606,episodic_length,1000.0
308975,episodic_return,1224.8353439364446
308975,episodic_length,368.0
309248,value_loss,0.0007793031400069594
309248,policy_loss,-0.030818229541182518
309248,approx_kl,0.010618733242154121
309248,clipfrac,0.07890625
309248,explained_variance,0.9761514011770487
309248,sps,542.0
309248,kl_beta,1.0
309258,episodic_return,813.2562359943848
309258,episodic_length,282.0
309775,episodic_return,1726.123304947628
309775,episodic_length,516.0
310177,episodic_return,1327.7894501978922
310177,episodic_length,401.0
311178,episodic_return,3214.6539259436936
311178,episodic_length,1000.0
311296,value_loss,0.028742607682943344
311296,policy_loss,-0.00037099607288837433
311296,approx_kl,0.004178745672106743
311296,clipfrac,0.070263671875
311296,explained_variance,0.845175251364708
311296,sps,542.0
311296,kl_beta,0.5
311753,episodic_return,1938.271460212676
311753,episodic_length,574.0
312179,episodic_return,1432.7849179761804
312179,episodic_length,425.0
312625,episodic_return,1460.9611878216674
312625,episodic_length,445.0
313124,episodic_return,1693.7994652533132
313124,episodic_length,498.0
313344,value_loss,0.0022246758453547955
313344,policy_loss,0.3952469229698181
313344,approx_kl,0.07083240151405334
313344,clipfrac,0.202001953125
313344,explained_variance,0.9764601923525333
313344,sps,542.0
313344,kl_beta,1.0
313490,episodic_return,1209.2306588231343
313490,episodic_length,365.0
314491,episodic_return,3231.09835352505
314491,episodic_length,1000.0
315261,episodic_return,2550.5262723724977
315261,episodic_length,769.0
315392,value_loss,0.0011603315360844135
315392,policy_loss,-0.004457450471818447
315392,approx_kl,0.009916559793055058
315392,clipfrac,0.091796875
315392,explained_variance,0.8374005556106567
315392,sps,542.0
315392,kl_beta,1.0
315770,episodic_return,1689.6694770996219
315770,episodic_length,508.0
316457,episodic_return,2309.7819672343708
316457,episodic_length,686.0
316864,episodic_return,1377.3578329375196
316864,episodic_length,406.0
317274,episodic_return,1389.6167550073203
317274,episodic_length,409.0
317440,value_loss,0.0007510808063670993
317440,policy_loss,0.0069991787895560265
317440,approx_kl,0.0072583993896842
317440,clipfrac,0.076416015625
317440,explained_variance,0.9799789469689131
317440,sps,542.0
317440,kl_beta,1.0
317616,episodic_return,1153.1324210602208
317616,episodic_length,341.0
317875,episodic_return,884.8558365546133
317875,episodic_length,258.0
318616,episodic_return,2500.3976087445667
318616,episodic_length,740.0
319488,value_loss,0.0007909858250059187
319488,policy_loss,-0.053806327283382416
319488,approx_kl,0.016444317996501923
319488,clipfrac,0.112646484375
319488,explained_variance,0.9810073170810938
319488,sps,543.0
319488,kl_beta,2.0
319617,episodic_return,3153.7011190672233
319617,episodic_length,1000.0
319901,episodic_return,928.3326126575163
319901,episodic_length,283.0
320212,episodic_return,1044.5898885623858
320212,episodic_length,310.0
320587,episodic_return,1250.68481797414
320587,episodic_length,374.0
321096,episodic_return,1696.7812584741944
321096,episodic_length,508.0
321464,episodic_return,1206.2897281869
321464,episodic_length,367.0
321536,value_loss,0.0014445718843489885
321536,policy_loss,-0.006200883537530899
321536,approx_kl,0.0019182395190000534
321536,clipfrac,0.028564453125
321536,explained_variance,0.9219224601984024
321536,sps,543.0
321536,kl_beta,1.0
321843,episodic_return,1280.1235781166956
321843,episodic_length,378.0
322200,episodic_return,1188.864980161432
322200,episodic_length,356.0
322594,episodic_return,1317.1074023917918
322594,episodic_length,393.0
323058,episodic_return,1576.8029602901815
323058,episodic_length,463.0
323584,value_loss,0.0004835918080061674
323584,policy_loss,0.0005590543150901794
323584,approx_kl,0.006990581750869751
323584,clipfrac,0.090185546875
323584,explained_variance,0.9789615459740162
323584,sps,543.0
323584,kl_beta,1.0
323881,episodic_return,2774.853564440007
323881,episodic_length,822.0
324347,episodic_return,1540.5889018936875
324347,episodic_length,465.0
325348,episodic_return,3147.036286958739
325348,episodic_length,1000.0
325632,value_loss,0.0012943351175636053
325632,policy_loss,-0.00538374949246645
325632,approx_kl,0.006743303500115871
325632,clipfrac,0.06923828125
325632,explained_variance,0.8610369712114334
325632,sps,543.0
325632,kl_beta,1.0
325782,episodic_return,1459.015102363506
325782,episodic_length,433.0
326215,episodic_return,1456.1932234266524
326215,episodic_length,432.0
326582,episodic_return,1202.481990258276
326582,episodic_length,366.0
326921,episodic_return,1138.0628672167402
326921,episodic_length,338.0
327196,episodic_return,913.3654314341912
327196,episodic_length,274.0
327680,value_loss,0.0008926201844587922
327680,policy_loss,-0.008743503130972385
327680,approx_kl,0.015131860040128231
327680,clipfrac,0.13076171875
327680,explained_variance,0.9741871245205402
327680,sps,543.0
327680,kl_beta,2.0
327943,episodic_return,2448.9204705150723
327943,episodic_length,746.0
328792,episodic_return,2800.7794861776492
328792,episodic_length,848.0
329072,episodic_return,922.1493798046154
329072,episodic_length,279.0
329390,episodic_return,1080.2604691841648
329390,episodic_length,317.0
329728,value_loss,0.0010572557803243399
329728,policy_loss,0.07281887531280518
329728,approx_kl,0.015179529786109924
329728,clipfrac,0.041259765625
329728,explained_variance,0.9778049029409885
329728,sps,543.0
329728,kl_beta,4.0
330391,episodic_return,3199.6731342532307
330391,episodic_length,1000.0
331392,episodic_return,3166.1429683792594
331392,episodic_length,1000.0
331776,value_loss,0.049698714166879654
331776,policy_loss,-0.0030221939086914062
331776,approx_kl,0.001514628529548645
331776,clipfrac,0.00634765625
331776,explained_variance,0.06654644012451172
331776,sps,543.0
331776,kl_beta,2.0
331881,episodic_return,1603.8880375882927
331881,episodic_length,488.0
332252,episodic_return,1210.8822453084663
332252,episodic_length,370.0
333253,episodic_return,3242.5160213413606
333253,episodic_length,1000.0
333543,episodic_return,955.0691500650685
333543,episodic_length,289.0
333824,value_loss,0.042950525879859924
333824,policy_loss,-0.025861365720629692
333824,approx_kl,0.002529744990170002
333824,clipfrac,0.029736328125
333824,explained_variance,0.8721217811107635
333824,sps,543.0
333824,kl_beta,1.0
334184,episodic_return,2139.890173018203
334184,episodic_length,640.0
335185,episodic_return,3261.341882527626
335185,episodic_length,1000.0
335476,episodic_return,973.3563540699397
335476,episodic_length,290.0
335872,value_loss,0.0052929408848285675
335872,policy_loss,-0.03032342717051506
335872,approx_kl,0.009861510246992111
335872,clipfrac,0.099609375
335872,explained_variance,0.9347851276397705
335872,sps,543.0
335872,kl_beta,1.0
336470,episodic_return,3299.9060649243065
336470,episodic_length,993.0
336746,episodic_return,904.4991251714405
336746,episodic_length,275.0
337747,episodic_return,3230.3878316201904
337747,episodic_length,1000.0
337920,value_loss,0.0019447662634775043
337920,policy_loss,0.009054267778992653
337920,approx_kl,0.017221475020051003
337920,clipfrac,0.139794921875
337920,explained_variance,0.8436356335878372
337920,sps,543.0
337920,kl_beta,2.0
338033,episodic_return,940.8436757432316
338033,episodic_length,285.0
338309,episodic_return,908.1252729785398
338309,episodic_length,275.0
339216,episodic_return,3005.477237101992
339216,episodic_length,906.0
339487,episodic_return,915.4080075921609
339487,episodic_length,270.0
339925,episodic_return,1435.279546754588
339925,episodic_length,437.0
339968,value_loss,0.020093152299523354
339968,policy_loss,-0.07016488164663315
339968,approx_kl,0.005403346382081509
339968,clipfrac,0.037353515625
339968,explained_variance,0.9797766357660294
339968,sps,543.0
339968,kl_beta,1.0
340316,episodic_return,1321.1487252318848
340316,episodic_length,390.0
341076,episodic_return,2509.841879134134
341076,episodic_length,759.0
341648,episodic_return,1921.2684744132646
341648,episodic_length,571.0
342016,value_loss,0.00026217676349915564
342016,policy_loss,-0.013045920059084892
342016,approx_kl,0.011307263746857643
342016,clipfrac,0.110888671875
342016,explained_variance,0.9739058651030064
342016,sps,543.0
342016,kl_beta,1.0
342496,episodic_return,2760.9694130397684
342496,episodic_length,847.0
342792,episodic_return,981.5625095682728
342792,episodic_length,295.0
343067,episodic_return,909.9562234037537
343067,episodic_length,274.0
343475,episodic_return,1328.643822563043
343475,episodic_length,407.0
343812,episodic_return,1142.7189604854977
343812,episodic_length,336.0
344064,value_loss,0.0008900704560801387
344064,policy_loss,-0.0334588922560215
344064,approx_kl,0.009691215120255947
344064,clipfrac,0.120703125
344064,explained_variance,0.9784742873162031
344064,sps,543.0
344064,kl_beta,1.0
344161,episodic_return,1158.6475668635023
344161,episodic_length,348.0
344958,episodic_return,2696.338497458953
344958,episodic_length,796.0
345750,episodic_return,2663.702756179299
345750,episodic_length,791.0
346112,value_loss,0.00017136505630332977
346112,policy_loss,-0.0018233517184853554
346112,approx_kl,0.013740777038037777
346112,clipfrac,0.08623046875
346112,explained_variance,0.9833298195153475
346112,sps,543.0
346112,kl_beta,1.0
346487,episodic_return,2476.6597282926186
346487,episodic_length,736.0
346899,episodic_return,1401.1238720418976
346899,episodic_length,411.0
347540,episodic_return,2137.4728483117287
347540,episodic_length,640.0
347928,episodic_return,1313.520512459338
347928,episodic_length,387.0
348160,value_loss,0.0006109762471169233
348160,policy_loss,-0.014378741383552551
348160,approx_kl,0.007902372628450394
348160,clipfrac,0.094580078125
348160,explained_variance,0.9814664199948311
348160,sps,543.0
348160,kl_beta,1.0
348215,episodic_return,951.4014641501619
348215,episodic_length,286.0
348558,episodic_return,1164.6290247833513
348558,episodic_length,342.0
349079,episodic_return,1721.1994783500893
349079,episodic_length,520.0
349387,episodic_return,1033.137273431832
349387,episodic_length,307.0
349669,episodic_return,940.8556694075327
349669,episodic_length,281.0
350095,episodic_return,1425.757573974999
350095,episodic_length,425.0
350208,value_loss,0.00040061649633571506
350208,policy_loss,-0.03106275200843811
350208,approx_kl,0.011389080435037613
350208,clipfrac,0.1189453125
350208,explained_variance,0.9817233439534903
350208,sps,543.0
350208,kl_beta,1.0
350424,episodic_return,1113.0243240024386
350424,episodic_length,328.0
351007,episodic_return,1978.390955417189
351007,episodic_length,582.0
352008,episodic_return,3256.336372833582
352008,episodic_length,1000.0
352256,value_loss,0.001096951076760888
352256,policy_loss,0.004896625876426697
352256,approx_kl,0.007754236459732056
352256,clipfrac,0.057080078125
352256,explained_variance,0.8733842074871063
352256,sps,543.0
352256,kl_beta,1.0
352523,episodic_return,1717.6124226996305
352523,episodic_length,514.0
353524,episodic_return,3341.3476411328206
353524,episodic_length,1000.0
354304,value_loss,0.00024387246230617166
354304,policy_loss,-0.033759165555238724
354304,approx_kl,0.02813524380326271
354304,clipfrac,0.1423828125
354304,explained_variance,0.9751199334859848
354304,sps,543.0
354304,kl_beta,2.0
354525,episodic_return,3201.8263232081313
354525,episodic_length,1000.0
355526,episodic_return,3221.2368287208096
355526,episodic_length,1000.0
355960,episodic_return,1454.5757592866971
355960,episodic_length,433.0
356304,episodic_return,1143.2799338192458
356304,episodic_length,343.0
356352,value_loss,0.013706116937100887
356352,policy_loss,0.007573820650577545
356352,approx_kl,0.0049192532896995544
356352,clipfrac,0.022412109375
356352,explained_variance,0.7445151209831238
356352,sps,543.0
356352,kl_beta,1.0
357272,episodic_return,3265.9167793456586
357272,episodic_length,967.0
357739,episodic_return,1556.9747821724015
357739,episodic_length,466.0
358329,episodic_return,1984.2787398160085
358329,episodic_length,589.0
358400,value_loss,0.0004354684497229755
358400,policy_loss,-0.040025293827056885
358400,approx_kl,0.00907642301172018
358400,clipfrac,0.10361328125
358400,explained_variance,0.9798492267727852
358400,sps,542.0
358400,kl_beta,1.0
358763,episodic_return,1424.3923499389102
358763,episodic_length,433.0
359764,episodic_return,3160.673459255596
359764,episodic_length,1000.0
360448,value_loss,0.0023265802301466465
360448,policy_loss,-0.008272048085927963
360448,approx_kl,0.005775336176156998
360448,clipfrac,0.072900390625
360448,explained_variance,0.7593580931425095
360448,sps,542.0
360448,kl_beta,0.5
360765,episodic_return,3176.1067143724667
360765,episodic_length,1000.0
361190,episodic_return,1423.2909333696362
361190,episodic_length,424.0
361944,episodic_return,2499.951076300016
361944,episodic_length,753.0
362496,value_loss,0.0010542795062065125
362496,policy_loss,0.019990280270576477
362496,approx_kl,0.037276603281497955
362496,clipfrac,0.321630859375
362496,explained_variance,0.8560976982116699
362496,sps,542.0
362496,kl_beta,1.0
362945,episodic_return,3239.6557412195243
362945,episodic_length,1000.0
363393,episodic_return,1506.7413020297063
363393,episodic_length,447.0
363786,episodic_return,1316.0017523242864
363786,episodic_length,392.0
364142,episodic_return,1172.9241294875342
364142,episodic_length,355.0
364455,episodic_return,1063.6207515599344
364455,episodic_length,312.0
364544,value_loss,0.04347195476293564
364544,policy_loss,0.0004498697817325592
364544,approx_kl,0.0438799113035202
364544,clipfrac,0.123828125
364544,explained_variance,0.8922645673155785
364544,sps,542.0
364544,kl_beta,2.0
364982,episodic_return,1774.2171625845328
364982,episodic_length,526.0
365550,episodic_return,1891.569915149883
365550,episodic_length,567.0
365851,episodic_return,1030.1684489663505
365851,episodic_length,300.0
366252,episodic_return,1351.0969075130004
366252,episodic_length,400.0
366592,value_loss,0.00789389293640852
366592,policy_loss,-0.11002705991268158
366592,approx_kl,0.011162079870700836
366592,clipfrac,0.03740234375
366592,explained_variance,0.9775272682309151
366592,sps,542.0
366592,kl_beta,2.0
366636,episodic_return,1286.8126794331463
366636,episodic_length,383.0
367363,episodic_return,2453.776859604459
367363,episodic_length,726.0
367911,episodic_return,1859.0804942358902
367911,episodic_length,547.0
368223,episodic_return,1066.9092396785006
368223,episodic_length,311.0
368640,value_loss,0.009269185364246368
368640,policy_loss,0.009223390370607376
368640,approx_kl,0.007625332102179527
368640,clipfrac,0.03046875
368640,explained_variance,0.9804822225123644
368640,sps,542.0
368640,kl_beta,2.0
369055,episodic_return,2752.652250496707
369055,episodic_length,831.0
369629,episodic_return,1933.647744861504
369629,episodic_length,573.0
370266,episodic_return,2117.8760180546155
370266,episodic_length,636.0
370688,value_loss,0.001283765770494938
370688,policy_loss,-3.8757920265197754e-05
370688,approx_kl,0.0030105533078312874
370688,clipfrac,0.022998046875
370688,explained_variance,0.97689288854599
370688,sps,542.0
370688,kl_beta,1.0
370689,episodic_return,1409.63946843392
370689,episodic_length,422.0
371030,episodic_return,1154.9224623998946
371030,episodic_length,340.0
371619,episodic_return,1987.4658085797973
371619,episodic_length,588.0
371968,episodic_return,1184.778578867491
371968,episodic_length,348.0
372736,value_loss,0.00033260133932344615
372736,policy_loss,-0.007501945830881596
372736,approx_kl,0.012967883609235287
372736,clipfrac,0.106787109375
372736,explained_variance,0.9810711890459061
372736,sps,542.0
372736,kl_beta,1.0
372840,episodic_return,2937.289687802573
372840,episodic_length,871.0
373295,episodic_return,1541.6288479951909
373295,episodic_length,454.0
374103,episodic_return,2717.034478099451
374103,episodic_length,807.0
374537,episodic_return,1442.8870768798058
374537,episodic_length,433.0
374784,value_loss,0.008649611845612526
374784,policy_loss,-0.03939168155193329
374784,approx_kl,0.01615969091653824
374784,clipfrac,0.07861328125
374784,explained_variance,0.9852845286950469
374784,sps,542.0
374784,kl_beta,2.0
374956,episodic_return,1415.3039352396
374956,episodic_length,418.0
375221,episodic_return,909.16720120238
375221,episodic_length,264.0
375665,episodic_return,1487.0098206620576
375665,episodic_length,443.0
375991,episodic_return,1116.7657152659915
375991,episodic_length,325.0
376288,episodic_return,989.061663045612
376288,episodic_length,296.0
376651,episodic_return,1187.4546150192311
376651,episodic_length,362.0
376832,value_loss,0.0008331792196258903
376832,policy_loss,-0.012775398790836334
376832,approx_kl,0.002032740041613579
376832,clipfrac,0.02724609375
376832,explained_variance,0.9813658315688372
376832,sps,542.0
376832,kl_beta,1.0
377339,episodic_return,2311.0309453436134
377339,episodic_length,687.0
377979,episodic_return,2149.7254491610533
377979,episodic_length,639.0
378300,episodic_return,1101.2230983968386
378300,episodic_length,320.0
378880,value_loss,0.0004639279213733971
378880,policy_loss,-0.042338430881500244
378880,approx_kl,0.010038668289780617
378880,clipfrac,0.103515625
378880,explained_variance,0.9818779993802309
378880,sps,542.0
378880,kl_beta,1.0
378979,episodic_return,2251.215500687468
378979,episodic_length,678.0
379289,episodic_return,1038.0697887058107
379289,episodic_length,309.0
379549,episodic_return,886.3766583611742
379549,episodic_length,259.0
379844,episodic_return,977.5138900466817
379844,episodic_length,294.0
380198,episodic_return,1178.1547242160832
380198,episodic_length,353.0
380704,episodic_return,1698.7038742126372
380704,episodic_length,505.0
380928,value_loss,0.0003756982332561165
380928,policy_loss,-0.009647129103541374
380928,approx_kl,0.01001962460577488
380928,clipfrac,0.113037109375
380928,explained_variance,0.9780884385108948
380928,sps,542.0
380928,kl_beta,1.0
380997,episodic_return,977.1313261815778
380997,episodic_length,292.0
381408,episodic_return,1375.7866205221972
381408,episodic_length,410.0
381828,episodic_return,1389.9408050416537
381828,episodic_length,419.0
382275,episodic_return,1481.6963648126346
382275,episodic_length,446.0
382601,episodic_return,1104.733187534651
382601,episodic_length,325.0
382976,value_loss,0.0020730283576995134
382976,policy_loss,-0.08972753584384918
382976,approx_kl,0.04021972045302391
382976,clipfrac,0.100439453125
382976,explained_variance,0.9799049384891987
382976,sps,542.0
382976,kl_beta,2.0
383090,episodic_return,1654.3796667917893
383090,episodic_length,488.0
383465,episodic_return,1267.4649995892546
383465,episodic_length,374.0
383742,episodic_return,912.6109096435108
383742,episodic_length,276.0
384313,episodic_return,1940.797859046425
384313,episodic_length,570.0
385024,value_loss,0.0003032540262211114
385024,policy_loss,-0.022922690957784653
385024,approx_kl,0.003954464569687843
385024,clipfrac,0.028173828125
385024,explained_variance,0.9856326691806316
385024,sps,542.0
385024,kl_beta,1.0
385314,episodic_return,3272.8830821537244
385314,episodic_length,1000.0
385586,episodic_return,898.396447556223
385586,episodic_length,271.0
386164,episodic_return,1933.06119911277
386164,episodic_length,577.0
387063,episodic_return,3028.350407656838
387063,episodic_length,898.0
387072,value_loss,0.019331177696585655
387072,policy_loss,-0.001451706513762474
387072,approx_kl,0.006002010777592659
387072,clipfrac,0.097119140625
387072,explained_variance,0.883116826415062
387072,sps,542.0
387072,kl_beta,0.5
387609,episodic_return,1842.2003654836751
387609,episodic_length,545.0
387889,episodic_return,922.5989189284653
387889,episodic_length,279.0
388311,episodic_return,1414.3034218002433
388311,episodic_length,421.0
388612,episodic_return,1010.9757959143003
388612,episodic_length,300.0
388880,episodic_return,907.2936885216594
388880,episodic_length,267.0
389120,value_loss,0.0007590898894704878
389120,policy_loss,-0.03540068492293358
389120,approx_kl,0.02744753658771515
389120,clipfrac,0.195166015625
389120,explained_variance,0.9801820572465658
389120,sps,542.0
389120,kl_beta,1.0
389201,episodic_return,1110.579526882005
389201,episodic_length,320.0
389784,episodic_return,1941.3862598404896
389784,episodic_length,582.0
390047,episodic_return,891.0164873852445
390047,episodic_length,262.0
390324,episodic_return,909.4830996368522
390324,episodic_length,276.0
390839,episodic_return,1735.3522596917217
390839,episodic_length,514.0
391168,value_loss,0.0003771822666749358
391168,policy_loss,-0.007635093294084072
391168,approx_kl,0.00606659147888422
391168,clipfrac,0.07275390625
391168,explained_variance,0.9857281818985939
391168,sps,542.0
391168,kl_beta,0.5
391840,episodic_return,3248.3853104999116
391840,episodic_length,1000.0
392415,episodic_return,1937.1772063083822
392415,episodic_length,574.0
393047,episodic_return,2119.607761143937
393047,episodic_length,631.0
393216,value_loss,0.06067832186818123
393216,policy_loss,-0.40094098448753357
393216,approx_kl,0.09677716344594955
393216,clipfrac,0.09482421875
393216,explained_variance,0.8472452610731125
393216,sps,542.0
393216,kl_beta,1.0
393526,episodic_return,1619.658220697448
393526,episodic_length,478.0
394527,episodic_return,3214.5856601412656
394527,episodic_length,1000.0
395161,episodic_return,2154.1465861663532
395161,episodic_length,633.0
395264,value_loss,0.005139382556080818
395264,policy_loss,-0.006880244240164757
395264,approx_kl,0.012867406010627747
395264,clipfrac,0.0970703125
395264,explained_variance,0.8595342487096786
395264,sps,542.0
395264,kl_beta,1.0
395692,episodic_return,1786.1456778837003
395692,episodic_length,530.0
396004,episodic_return,1066.9556990273447
396004,episodic_length,311.0
396352,episodic_return,1160.6303953630668
396352,episodic_length,347.0
397084,episodic_return,2452.451168606839
397084,episodic_length,731.0
397312,value_loss,0.00047860515769571066
397312,policy_loss,-0.05611091107130051
397312,approx_kl,0.014816060662269592
397312,clipfrac,0.117578125
397312,explained_variance,0.9791209306567907
397312,sps,543.0
397312,kl_beta,1.0
398052,episodic_return,3256.390366965443
398052,episodic_length,967.0
398340,episodic_return,940.5184279770847
398340,episodic_length,287.0
398598,episodic_return,869.7907150682445
398598,episodic_length,257.0
398968,episodic_return,1242.2192715338942
398968,episodic_length,369.0
399360,value_loss,0.0006110797985456884
399360,policy_loss,-0.016099464148283005
399360,approx_kl,0.009677295573055744
399360,clipfrac,0.124462890625
399360,explained_variance,0.9794465824961662
399360,sps,543.0
399360,kl_beta,1.0
399969,episodic_return,3294.8537024208345
399969,episodic_length,1000.0
400236,episodic_return,905.0115120332101
400236,episodic_length,266.0
400512,episodic_return,907.6568621298313
400512,episodic_length,275.0
400786,episodic_return,895.7239076847543
400786,episodic_length,273.0
401387,episodic_return,2011.647852539147
401387,episodic_length,600.0
401408,value_loss,0.00041462050285190344
401408,policy_loss,0.011248498223721981
401408,approx_kl,0.007275494746863842
401408,clipfrac,0.072998046875
401408,explained_variance,0.9699233286082745
401408,sps,543.0
401408,kl_beta,1.0
401897,episodic_return,1688.5969789485055
401897,episodic_length,509.0
402239,episodic_return,1152.2789887698787
402239,episodic_length,341.0
403240,episodic_return,3199.809732158778
403240,episodic_length,1000.0
403456,value_loss,0.011408580467104912
403456,policy_loss,-0.10227657854557037
403456,approx_kl,0.010248087346553802
403456,clipfrac,0.089404296875
403456,explained_variance,0.8542514443397522
403456,sps,542.0
403456,kl_beta,1.0
403572,episodic_return,1142.1926754625977
403572,episodic_length,331.0
403843,episodic_return,910.1340158513743
403843,episodic_length,270.0
404191,episodic_return,1165.3899660159614
404191,episodic_length,347.0
404520,episodic_return,1107.0383085460683
404520,episodic_length,328.0
404790,episodic_return,910.12200967631
404790,episodic_length,269.0
405048,episodic_return,875.7147423852477
405048,episodic_length,257.0
405504,value_loss,0.0012577505549415946
405504,policy_loss,-0.0523468479514122
405504,approx_kl,0.00982162170112133
405504,clipfrac,0.0904296875
405504,explained_variance,0.9816331770271063
405504,sps,542.0
405504,kl_beta,1.0
405717,episodic_return,2203.6798145174403
405717,episodic_length,668.0
406008,episodic_return,967.3571431937312
406008,episodic_length,290.0
406459,episodic_return,1504.7978515085692
406459,episodic_length,450.0
406874,episodic_return,1404.791743119039
406874,episodic_length,414.0
407155,episodic_return,941.1520891606547
407155,episodic_length,280.0
407481,episodic_return,1112.4219530379253
407481,episodic_length,325.0
407552,value_loss,0.0007875465671531856
407552,policy_loss,-0.02977881208062172
407552,approx_kl,0.014327961020171642
407552,clipfrac,0.093359375
407552,explained_variance,0.9806552827358246
407552,sps,542.0
407552,kl_beta,1.0
407950,episodic_return,1575.7527456992877
407950,episodic_length,468.0
408204,episodic_return,856.3411778238196
408204,episodic_length,253.0
408778,episodic_return,1930.3758055122883
408778,episodic_length,573.0
409600,value_loss,0.00032129939063452184
409600,policy_loss,-0.030694277957081795
409600,approx_kl,0.009095093235373497
409600,clipfrac,0.105908203125
409600,explained_variance,0.9853857131674886
409600,sps,542.0
409600,kl_beta,1.0
409779,episodic_return,3174.8563358098563
409779,episodic_length,1000.0
410780,episodic_return,3230.3878569895146
410780,episodic_length,1000.0
411200,episodic_return,1427.709052247026
411200,episodic_length,419.0
411648,value_loss,0.0036507179029285908
411648,policy_loss,0.0030209412798285484
411648,approx_kl,0.007322634570300579
411648,clipfrac,0.07333984375
411648,explained_variance,0.6119663417339325
411648,sps,542.0
411648,kl_beta,1.0
412170,episodic_return,3282.447054696142
412170,episodic_length,969.0
413143,episodic_return,3190.8970591099232
413143,episodic_length,972.0
413409,episodic_return,897.7282157579924
413409,episodic_length,265.0
413696,value_loss,0.0030681833159178495
413696,policy_loss,-0.04704679176211357
413696,approx_kl,0.013007898814976215
413696,clipfrac,0.093798828125
413696,explained_variance,0.9789450280368328
413696,sps,542.0
413696,kl_beta,1.0
413764,episodic_return,1175.8296152714768
413764,episodic_length,354.0
414282,episodic_return,1730.836472657607
414282,episodic_length,517.0
415177,episodic_return,3013.154814419502
415177,episodic_length,894.0
415744,value_loss,0.010663246735930443
415744,policy_loss,-0.11155293881893158
415744,approx_kl,0.021012557670474052
415744,clipfrac,0.144287109375
415744,explained_variance,0.985258411616087
415744,sps,542.0
415744,kl_beta,2.0
415983,episodic_return,2726.233292110733
415983,episodic_length,805.0
416984,episodic_return,3272.06966357884
416984,episodic_length,1000.0
417240,episodic_return,865.4029648037473
417240,episodic_length,255.0
417674,episodic_return,1408.1174063178814
417674,episodic_length,433.0
417792,value_loss,0.008477501571178436
417792,policy_loss,-0.011082274839282036
417792,approx_kl,0.0028350623324513435
417792,clipfrac,0.035009765625
417792,explained_variance,0.9073278233408928
417792,sps,542.0
417792,kl_beta,1.0
418106,episodic_return,1441.2932602709282
418106,episodic_length,431.0
418609,episodic_return,1691.9167044537155
418609,episodic_length,502.0
418983,episodic_return,1252.8046309937704
418983,episodic_length,373.0
419535,episodic_return,1884.6338820624314
419535,episodic_length,551.0
419840,value_loss,0.0007791852694936097
419840,policy_loss,-0.020163623616099358
419840,approx_kl,0.009742559865117073
419840,clipfrac,0.11796875
419840,explained_variance,0.9831343088299036
419840,sps,542.0
419840,kl_beta,1.0
420039,episodic_return,1674.9615849009908
420039,episodic_length,503.0
421040,episodic_return,3232.8088718893496
421040,episodic_length,1000.0
421888,value_loss,0.002108539454638958
421888,policy_loss,-0.01820690557360649
421888,approx_kl,0.0070399874821305275
421888,clipfrac,0.1083984375
421888,explained_variance,0.7648308277130127
421888,sps,542.0
421888,kl_beta,1.0
422041,episodic_return,3259.9772804250038
422041,episodic_length,1000.0
422315,episodic_return,911.2524804514887
422315,episodic_length,273.0
423216,episodic_return,2974.4182996374075
423216,episodic_length,900.0
423564,episodic_return,1165.5173077038387
423564,episodic_length,347.0
423912,episodic_return,1154.2684368339367
423912,episodic_length,347.0
423936,value_loss,0.039393458515405655
423936,policy_loss,-0.034690506756305695
423936,approx_kl,0.007253190502524376
423936,clipfrac,0.0890625
423936,explained_variance,0.9069750532507896
423936,sps,542.0
423936,kl_beta,1.0
424341,episodic_return,1421.1099977713343
424341,episodic_length,428.0
424677,episodic_return,1144.7387272399944
424677,episodic_length,335.0
425056,episodic_return,1245.4856353056061
425056,episodic_length,378.0
425615,episodic_return,1892.653311496719
425615,episodic_length,558.0
425984,value_loss,0.0005201851017773151
425984,policy_loss,-0.03895910084247589
425984,approx_kl,0.009339184500277042
425984,clipfrac,0.066796875
425984,explained_variance,0.982480738312006
425984,sps,542.0
425984,kl_beta,1.0
425991,episodic_return,1274.5290531780927
425991,episodic_length,375.0
426477,episodic_return,1637.8885987882818
426477,episodic_length,485.0
426989,episodic_return,1676.7657199443995
426989,episodic_length,511.0
427459,episodic_return,1575.5227479745793
427459,episodic_length,469.0
427899,episodic_return,1438.795032702975
427899,episodic_length,439.0
428032,value_loss,0.017933767288923264
428032,policy_loss,0.06824834644794464
428032,approx_kl,0.020017333328723907
428032,clipfrac,0.074658203125
428032,explained_variance,0.9799572173506021
428032,sps,542.0
428032,kl_beta,2.0
428900,episodic_return,3241.4814909898496
428900,episodic_length,1000.0
429165,episodic_return,901.115460567021
429165,episodic_length,264.0
429758,episodic_return,1993.0615528167505
429758,episodic_length,592.0
430080,value_loss,0.001006061676889658
430080,policy_loss,0.037281859666109085
430080,approx_kl,0.0038618389517068863
430080,clipfrac,0.029638671875
430080,explained_variance,0.8371369391679764
430080,sps,542.0
430080,kl_beta,1.0
430183,episodic_return,1420.0404750803007
430183,episodic_length,424.0
430537,episodic_return,1166.3299729463802
430537,episodic_length,353.0
430776,episodic_return,820.1460087110106
430776,episodic_length,238.0
431777,episodic_return,3278.67912334869
431777,episodic_length,1000.0
432056,episodic_return,933.0772580189379
432056,episodic_length,278.0
432128,value_loss,0.0006552846170961857
432128,policy_loss,-0.01956098899245262
432128,approx_kl,0.006483827717602253
432128,clipfrac,0.0865234375
432128,explained_variance,0.9328970536589622
432128,sps,542.0
432128,kl_beta,0.5
432404,episodic_return,1163.0650556122057
432404,episodic_length,347.0
432698,episodic_return,998.3125409936583
432698,episodic_length,293.0
432970,episodic_return,907.1185102415797
432970,episodic_length,271.0
433366,episodic_return,1357.2763975199546
433366,episodic_length,395.0
433874,episodic_return,1692.6633073233327
433874,episodic_length,507.0
434176,value_loss,0.002550844568759203
434176,policy_loss,-0.0801345556974411
434176,approx_kl,0.026966579258441925
434176,clipfrac,0.163671875
434176,explained_variance,0.9803779497742653
434176,sps,542.0
434176,kl_beta,1.0
434229,episodic_return,1174.180723377227
434229,episodic_length,354.0
434579,episodic_return,1173.212410613328
434579,episodic_length,349.0
434976,episodic_return,1350.0101814766713
434976,episodic_length,396.0
435230,episodic_return,859.7115542168955
435230,episodic_length,253.0
436224,value_loss,0.000658186268992722
436224,policy_loss,-0.013233896344900131
436224,approx_kl,0.0050744786858558655
436224,clipfrac,0.081298828125
436224,explained_variance,0.9829624015837908
436224,sps,541.0
436224,kl_beta,0.5
436231,episodic_return,3184.919399625846
436231,episodic_length,1000.0
436673,episodic_return,1464.1322305351873
436673,episodic_length,441.0
437493,episodic_return,2688.214202052561
437493,episodic_length,819.0
437759,episodic_return,898.3827688187437
437759,episodic_length,265.0
438027,episodic_return,885.7614251833459
438027,episodic_length,267.0
438272,value_loss,0.0010588770965114236
438272,policy_loss,-0.03662122040987015
438272,approx_kl,0.01681596413254738
438272,clipfrac,0.15693359375
438272,explained_variance,0.9302490204572678
438272,sps,541.0
438272,kl_beta,1.0
438588,episodic_return,1871.5507421410985
438588,episodic_length,560.0
438914,episodic_return,1112.1214365212315
438914,episodic_length,325.0
439423,episodic_return,1720.6878477198572
439423,episodic_length,508.0
439804,episodic_return,1298.028055997405
439804,episodic_length,380.0
440156,episodic_return,1177.788418908962
440156,episodic_length,351.0
440320,value_loss,0.0007391476538032293
440320,policy_loss,-0.012524347752332687
440320,approx_kl,0.008358616381883621
440320,clipfrac,0.09296875
440320,explained_variance,0.9791759625077248
440320,sps,541.0
440320,kl_beta,1.0
441157,episodic_return,3238.2020795252283
441157,episodic_length,1000.0
441521,episodic_return,1229.571118269797
441521,episodic_length,363.0
441928,episodic_return,1396.7924043846162
441928,episodic_length,406.0
442368,value_loss,0.05647039785981178
442368,policy_loss,-0.052041150629520416
442368,approx_kl,0.012870244681835175
442368,clipfrac,0.057568359375
442368,explained_variance,0.8362449556589127
442368,sps,542.0
442368,kl_beta,1.0
442738,episodic_return,2724.514929156855
442738,episodic_length,809.0
443264,episodic_return,1763.592798149687
443264,episodic_length,525.0
444079,episodic_return,2739.6258167934425
444079,episodic_length,814.0
444283,episodic_return,641.1954320456231
444283,episodic_length,203.0
444416,value_loss,0.005240194033831358
444416,policy_loss,-0.020240362733602524
444416,approx_kl,0.006722430698573589
444416,clipfrac,0.0890625
444416,explained_variance,0.9780349675565958
444416,sps,542.0
444416,kl_beta,1.0
444626,episodic_return,1162.7859072382203
444626,episodic_length,342.0
445172,episodic_return,1835.0594374986663
445172,episodic_length,545.0
445576,episodic_return,1373.123594893994
445576,episodic_length,403.0
446225,episodic_return,2174.5954643799896
446225,episodic_length,648.0
446464,value_loss,0.00045309989945963025
446464,policy_loss,-0.0050552235916256905
446464,approx_kl,0.007944404147565365
446464,clipfrac,0.07978515625
446464,explained_variance,0.9800059422850609
446464,sps,542.0
446464,kl_beta,1.0
446580,episodic_return,1209.2312477202747
446580,episodic_length,354.0
447065,episodic_return,1641.732580138735
447065,episodic_length,484.0
447452,episodic_return,1304.9320252266327
447452,episodic_length,386.0
447809,episodic_return,1186.331171854935
447809,episodic_length,356.0
448187,episodic_return,1251.7535159074398
448187,episodic_length,377.0
448512,value_loss,0.004077129531651735
448512,policy_loss,-0.04889288917183876
448512,approx_kl,0.023091208189725876
448512,clipfrac,0.083447265625
448512,explained_variance,0.9830074943602085
448512,sps,542.0
448512,kl_beta,2.0
448622,episodic_return,1459.3776745013045
448622,episodic_length,434.0
448911,episodic_return,973.0600978859896
448911,episodic_length,288.0
449283,episodic_return,1210.2270939308487
449283,episodic_length,371.0
449668,episodic_return,1290.430582498858
449668,episodic_length,384.0
450351,episodic_return,2248.249470012148
450351,episodic_length,682.0
450560,value_loss,0.0004273629456292838
450560,policy_loss,-0.018257874995470047
450560,approx_kl,0.007903935387730598
450560,clipfrac,0.040478515625
450560,explained_variance,0.981839532032609
450560,sps,542.0
450560,kl_beta,2.0
450681,episodic_return,1129.3023951677426
450681,episodic_length,329.0
451170,episodic_return,1655.2815963180483
451170,episodic_length,488.0
451933,episodic_return,2559.1731150773453
451933,episodic_length,762.0
452215,episodic_return,922.8658604306091
452215,episodic_length,281.0
452608,value_loss,0.002784882904961705
452608,policy_loss,-0.031000057235360146
452608,approx_kl,0.00350330863147974
452608,clipfrac,0.02685546875
452608,explained_variance,0.9849645020440221
452608,sps,542.0
452608,kl_beta,1.0
452866,episodic_return,2184.587411252372
452866,episodic_length,650.0
453245,episodic_return,1255.3671561699452
453245,episodic_length,378.0
453530,episodic_return,937.2797433252325
453530,episodic_length,284.0
453884,episodic_return,1191.5732932430033
453884,episodic_length,353.0
454178,episodic_return,975.795267855256
454178,episodic_length,293.0
454527,episodic_return,1166.3373945935386
454527,episodic_length,348.0
454656,value_loss,0.0010872631100937724
454656,policy_loss,-0.042483698576688766
454656,approx_kl,0.015136446803808212
454656,clipfrac,0.114599609375
454656,explained_variance,0.9828774202615023
454656,sps,542.0
454656,kl_beta,2.0
454878,episodic_return,1173.1250311291915
454878,episodic_length,350.0
455225,episodic_return,1167.3320633054036
455225,episodic_length,346.0
455793,episodic_return,1921.9258026446873
455793,episodic_length,567.0
456092,episodic_return,1002.9920928538683
456092,episodic_length,298.0
456426,episodic_return,1135.401800593765
456426,episodic_length,333.0
456704,value_loss,0.0002172966196667403
456704,policy_loss,-0.02348397672176361
456704,approx_kl,0.004134576767683029
456704,clipfrac,0.031787109375
456704,explained_variance,0.984513295814395
456704,sps,542.0
456704,kl_beta,1.0
456720,episodic_return,971.7500169738898
456720,episodic_length,293.0
457045,episodic_return,1096.824528595532
457045,episodic_length,324.0
457406,episodic_return,1200.9881262713802
457406,episodic_length,360.0
457854,episodic_return,1488.5225640349968
457854,episodic_length,447.0
458170,episodic_return,1091.1904590610823
458170,episodic_length,315.0
458608,episodic_return,1468.46592905315
458608,episodic_length,437.0
458752,value_loss,0.005182020366191864
458752,policy_loss,-0.08077237755060196
458752,approx_kl,0.019970865920186043
458752,clipfrac,0.0630859375
458752,explained_variance,0.9825959466397762
458752,sps,542.0
458752,kl_beta,2.0
459014,episodic_return,1390.5926615809317
459014,episodic_length,405.0
459312,episodic_return,991.6174180148814
459312,episodic_length,297.0
459633,episodic_return,1072.6449625024736
459633,episodic_length,320.0
459986,episodic_return,1186.202592196867
459986,episodic_length,352.0
460283,episodic_return,980.6416635794814
460283,episodic_length,296.0
460514,episodic_return,742.8555606877153
460514,episodic_length,230.0
460800,value_loss,0.0033884160220623016
460800,policy_loss,0.016072912141680717
460800,approx_kl,0.0052178120240569115
460800,clipfrac,0.026611328125
460800,explained_variance,0.975471256300807
460800,sps,542.0
460800,kl_beta,1.0
460828,episodic_return,1049.1676011531447
460828,episodic_length,313.0
461412,episodic_return,1949.154626501878
461412,episodic_length,583.0
461787,episodic_return,1259.9187751263537
461787,episodic_length,374.0
462612,episodic_return,2711.5899395882775
462612,episodic_length,824.0
462848,value_loss,0.00022587865532841533
462848,policy_loss,-0.0004102950915694237
462848,approx_kl,0.013496425934135914
462848,clipfrac,0.078662109375
462848,explained_variance,0.9847602024674416
462848,sps,541.0
462848,kl_beta,1.0
463191,episodic_return,1958.6077211171441
463191,episodic_length,578.0
463666,episodic_return,1602.0293755080877
463666,episodic_length,474.0
464400,episodic_return,2483.0537840388965
464400,episodic_length,733.0
464867,episodic_return,1574.3614197721924
464867,episodic_length,466.0
464896,value_loss,0.0004705993924289942
464896,policy_loss,0.0018900353461503983
464896,approx_kl,0.012213274836540222
464896,clipfrac,0.070703125
464896,explained_variance,0.9855516469106078
464896,sps,542.0
464896,kl_beta,1.0
465196,episodic_return,1117.9474013983213
465196,episodic_length,328.0
465540,episodic_return,1168.5215885029586
465540,episodic_length,343.0
465817,episodic_return,910.3624679218836
465817,episodic_length,276.0
466553,episodic_return,2460.044072227703
466553,episodic_length,735.0
466809,episodic_return,867.6860423760528
466809,episodic_length,255.0
466944,value_loss,0.0005347575061023235
466944,policy_loss,-0.01648940145969391
466944,approx_kl,0.0062115490436553955
466944,clipfrac,0.098388671875
466944,explained_variance,0.9848709460347891
466944,sps,542.0
466944,kl_beta,0.5
467304,episodic_return,1681.9958141811649
467304,episodic_length,494.0
467534,episodic_return,738.9392784054255
467534,episodic_length,229.0
468085,episodic_return,1864.7332197632747
468085,episodic_length,550.0
468378,episodic_return,980.9146131114104
468378,episodic_length,292.0
468928,episodic_return,1873.4627479331443
468928,episodic_length,549.0
468992,value_loss,0.0005085888551548123
468992,policy_loss,0.011431483551859856
468992,approx_kl,0.041227709501981735
468992,clipfrac,0.218994140625
468992,explained_variance,0.9791236184537411
468992,sps,542.0
468992,kl_beta,1.0
469246,episodic_return,1077.6331254500733
469246,episodic_length,317.0
470062,episodic_return,2762.8921565639453
470062,episodic_length,815.0
470346,episodic_return,938.5174073020605
470346,episodic_length,283.0
470672,episodic_return,1113.4846440292695
470672,episodic_length,325.0
471040,value_loss,0.00044756243005394936
471040,policy_loss,-0.02313518524169922
471040,approx_kl,0.007593326270580292
471040,clipfrac,0.0787109375
471040,explained_variance,0.9845612328499556
471040,sps,542.0
471040,kl_beta,1.0
471146,episodic_return,1580.6155340850578
471146,episodic_length,473.0
471644,episodic_return,1687.9920845463698
471644,episodic_length,497.0
471920,episodic_return,916.6386409987867
471920,episodic_length,275.0
472317,episodic_return,1309.2840659984422
472317,episodic_length,396.0
472763,episodic_return,1485.0331768741428
472763,episodic_length,445.0
473088,value_loss,0.002136188792064786
473088,policy_loss,-0.03172077238559723
473088,approx_kl,0.005996474996209145
473088,clipfrac,0.047021484375
473088,explained_variance,0.9848698638379574
473088,sps,542.0
473088,kl_beta,0.5
473634,episodic_return,2928.2657731854997
473634,episodic_length,870.0
474136,episodic_return,1696.3829080319163
474136,episodic_length,501.0
474561,episodic_return,1423.4887092459637
474561,episodic_length,424.0
474843,episodic_return,936.1698593792906
474843,episodic_length,281.0
475136,value_loss,0.00034326512832194567
475136,policy_loss,-0.023573748767375946
475136,approx_kl,0.032197609543800354
475136,clipfrac,0.23955078125
475136,explained_variance,0.9843660797923803
475136,sps,542.0
475136,kl_beta,1.0
475468,episodic_return,2119.4743683995193
475468,episodic_length,624.0
475804,episodic_return,1160.0074703034688
475804,episodic_length,335.0
476391,episodic_return,1961.0940984984206
476391,episodic_length,586.0
477026,episodic_return,2148.214482600348
477026,episodic_length,634.0
477184,value_loss,0.0014183733146637678
477184,policy_loss,-0.00653433334082365
477184,approx_kl,0.01496983040124178
477184,clipfrac,0.102587890625
477184,explained_variance,0.9855113476514816
477184,sps,542.0
477184,kl_beta,1.0
477651,episodic_return,2095.314603260646
477651,episodic_length,624.0
477971,episodic_return,1093.9512035665423
477971,episodic_length,319.0
478341,episodic_return,1229.5893722078374
478341,episodic_length,369.0
478930,episodic_return,1944.6500216177408
478930,episodic_length,588.0
479232,value_loss,0.00634801434352994
479232,policy_loss,0.05448860675096512
479232,approx_kl,0.010382095351815224
479232,clipfrac,0.100341796875
479232,explained_variance,0.9849983304738998
479232,sps,541.0
479232,kl_beta,1.0
479286,episodic_return,1186.6099444524527
479286,episodic_length,355.0
480055,episodic_return,2558.34847683655
480055,episodic_length,768.0
480404,episodic_return,1186.7133567591295
480404,episodic_length,348.0
481280,value_loss,0.011438252404332161
481280,policy_loss,-0.07588037103414536
481280,approx_kl,0.03385784476995468
481280,clipfrac,0.1732421875
481280,explained_variance,0.9876855760812759
481280,sps,542.0
481280,kl_beta,2.0
481328,episodic_return,3091.3535923112468
481328,episodic_length,923.0
481879,episodic_return,1857.3044658971403
481879,episodic_length,550.0
482532,episodic_return,2189.7432873464163
482532,episodic_length,652.0
483328,value_loss,0.0002605646150186658
483328,policy_loss,-0.046013519167900085
483328,approx_kl,0.0061695026233792305
483328,clipfrac,0.0322265625
483328,explained_variance,0.9864575928077102
483328,sps,542.0
483328,kl_beta,1.0
483491,episodic_return,3181.5508818095755
483491,episodic_length,958.0
484492,episodic_return,3278.4530868799316
484492,episodic_length,1000.0
485216,episodic_return,2450.191339157404
485216,episodic_length,723.0
485376,value_loss,0.016798555850982666
485376,policy_loss,-0.03277330473065376
485376,approx_kl,0.005895140580832958
485376,clipfrac,0.0541015625
485376,explained_variance,0.939398605376482
485376,sps,542.0
485376,kl_beta,0.5
485665,episodic_return,1507.6562186126478
485665,episodic_length,448.0
486327,episodic_return,2221.0211518401525
486327,episodic_length,661.0
486930,episodic_return,2032.785622937482
486930,episodic_length,602.0
487270,episodic_return,1143.939421275048
487270,episodic_length,339.0
487424,value_loss,0.0003502402105368674
487424,policy_loss,0.006706126034259796
487424,approx_kl,0.02348262071609497
487424,clipfrac,0.15361328125
487424,explained_variance,0.9863680023699999
487424,sps,542.0
487424,kl_beta,1.0
487733,episodic_return,1576.8604272862756
487733,episodic_length,462.0
488060,episodic_return,1131.9739958312257
488060,episodic_length,326.0
488567,episodic_return,1715.8783005770838
488567,episodic_length,506.0
488931,episodic_return,1218.4159127884793
488931,episodic_length,363.0
489472,value_loss,0.0008790646679699421
489472,policy_loss,-0.00019938219338655472
489472,approx_kl,0.004498797468841076
489472,clipfrac,0.057177734375
489472,explained_variance,0.9829258527606726
489472,sps,542.0
489472,kl_beta,0.5
489932,episodic_return,3250.8606216768662
489932,episodic_length,1000.0
490933,episodic_return,3275.5063931906434
490933,episodic_length,1000.0
491385,episodic_return,1471.347449335247
491385,episodic_length,451.0
491520,value_loss,0.0014413543976843357
491520,policy_loss,-0.0005329446867108345
491520,approx_kl,0.011137833818793297
491520,clipfrac,0.213427734375
491520,explained_variance,0.7748152315616608
491520,sps,542.0
491520,kl_beta,0.5
491761,episodic_return,1247.8512940744722
491761,episodic_length,375.0
492620,episodic_return,2889.5560471527806
492620,episodic_length,858.0
493568,value_loss,0.0004795712302438915
493568,policy_loss,-0.08724188059568405
493568,approx_kl,0.04077860340476036
493568,clipfrac,0.17880859375
493568,explained_variance,0.9775688424706459
493568,sps,542.0
493568,kl_beta,1.0
493621,episodic_return,3236.9313475601875
493621,episodic_length,1000.0
494173,episodic_return,1865.469093263228
494173,episodic_length,551.0
494610,episodic_return,1440.108497546761
494610,episodic_length,436.0
495611,episodic_return,3417.988771649296
495611,episodic_length,1000.0
495616,value_loss,0.017458925023674965
495616,policy_loss,0.01811728999018669
495616,approx_kl,0.012436692602932453
495616,clipfrac,0.07802734375
495616,explained_variance,0.8932925164699554
495616,sps,542.0
495616,kl_beta,1.0
495932,episodic_return,1105.8832887843691
495932,episodic_length,320.0
496211,episodic_return,929.650758566915
496211,episodic_length,278.0
496539,episodic_return,1122.5560563261981
496539,episodic_length,327.0
497162,episodic_return,2123.8593809034337
497162,episodic_length,622.0
497469,episodic_return,1041.3389784250646
497469,episodic_length,306.0
497664,value_loss,0.0025960716884583235
497664,policy_loss,-0.01110033318400383
497664,approx_kl,0.008385419845581055
497664,clipfrac,0.0638671875
497664,explained_variance,0.9790160246193409
497664,sps,542.0
497664,kl_beta,1.0
498273,episodic_return,2696.924618002948
498273,episodic_length,803.0
498886,episodic_return,2020.1027072198042
498886,episodic_length,612.0
499371,episodic_return,1652.0356766543075
499371,episodic_length,484.0
499666,episodic_return,983.3811155279889
499666,episodic_length,294.0
499712,value_loss,0.0004701534053310752
499712,policy_loss,0.031653814017772675
499712,approx_kl,0.0036007901653647423
499712,clipfrac,0.07080078125
499712,explained_variance,0.9837167914956808
499712,sps,542.0
499712,kl_beta,0.5
500185,episodic_return,1737.767611973323
500185,episodic_length,518.0
500495,episodic_return,1060.8339381509977
500495,episodic_length,309.0
500916,episodic_return,1414.325654702852
500916,episodic_length,420.0
501438,episodic_return,1738.9074809629305
501438,episodic_length,521.0
501760,value_loss,0.0006956079741939902
501760,policy_loss,-0.026711303740739822
501760,approx_kl,0.018237300217151642
501760,clipfrac,0.1591796875
501760,explained_variance,0.9827193133533001
501760,sps,542.0
501760,kl_beta,1.0
501947,episodic_return,1712.0932311256515
501947,episodic_length,508.0
502422,episodic_return,1606.3305124282135
502422,episodic_length,474.0
503166,episodic_return,2475.0054518752295
503166,episodic_length,743.0
503808,value_loss,0.0005245151114650071
503808,policy_loss,-0.03501679375767708
503808,approx_kl,0.005078948102891445
503808,clipfrac,0.0681640625
503808,explained_variance,0.9823566880077124
503808,sps,542.0
503808,kl_beta,0.5
504036,episodic_return,2960.074598803309
504036,episodic_length,869.0
504693,episodic_return,2210.6171087085218
504693,episodic_length,656.0
505064,episodic_return,1235.1673171943146
505064,episodic_length,370.0
505856,value_loss,0.0005277279415167868
505856,policy_loss,-0.005033353343605995
505856,approx_kl,0.029905956238508224
505856,clipfrac,0.176416015625
505856,explained_variance,0.9854694865643978
505856,sps,542.0
505856,kl_beta,1.0
505905,episodic_return,2781.4841725353403
505905,episodic_length,840.0
506487,episodic_return,1948.0774359104648
506487,episodic_length,581.0
507356,episodic_return,2948.6190588993936
507356,episodic_length,868.0
507690,episodic_return,1153.211099286125
507690,episodic_length,333.0
507904,value_loss,0.00025448331143707037
507904,policy_loss,-0.01178793702274561
507904,approx_kl,0.005497521720826626
507904,clipfrac,0.070849609375
507904,explained_variance,0.9874690650030971
507904,sps,542.0
507904,kl_beta,0.5
508058,episodic_return,1223.7535706769656
508058,episodic_length,367.0
508742,episodic_return,2266.4400736565717
508742,episodic_length,683.0
509315,episodic_return,1942.0374333353336
509315,episodic_length,572.0
509952,value_loss,0.003031250787898898
509952,policy_loss,-0.05122719332575798
509952,approx_kl,0.02218843251466751
509952,clipfrac,0.1943359375
509952,explained_variance,0.9841227158904076
509952,sps,541.0
509952,kl_beta,1.0
510027,episodic_return,2402.1943645110173
510027,episodic_length,711.0
511028,episodic_return,3133.638871979255
511028,episodic_length,1000.0
512000,value_loss,0.0016990944277495146
512000,policy_loss,-0.015627117827534676
512000,approx_kl,0.00926390290260315
512000,clipfrac,0.084814453125
512000,explained_variance,0.7297011315822601
512000,sps,541.0
512000,kl_beta,1.0
512029,episodic_return,3180.3595595293914
512029,episodic_length,1000.0
513030,episodic_return,3204.4199684651294
513030,episodic_length,1000.0
514031,episodic_return,3219.641812746872
514031,episodic_length,1000.0
514048,value_loss,0.010005036368966103
514048,policy_loss,-0.031585827469825745
514048,approx_kl,0.00673949159681797
514048,clipfrac,0.093408203125
514048,explained_variance,0.04764598608016968
514048,sps,541.0
514048,kl_beta,1.0
515032,episodic_return,3160.009358733816
515032,episodic_length,1000.0
516033,episodic_return,3247.137405546885
516033,episodic_length,1000.0
516096,value_loss,0.004018762148916721
516096,policy_loss,-0.022829022258520126
516096,approx_kl,0.007679137401282787
516096,clipfrac,0.06982421875
516096,explained_variance,0.5946909487247467
516096,sps,541.0
516096,kl_beta,1.0
516895,episodic_return,2879.6580553000426
516895,episodic_length,861.0
517532,episodic_return,2083.518219791508
517532,episodic_length,636.0
518144,value_loss,0.0007019895128905773
518144,policy_loss,-0.01057241391390562
518144,approx_kl,0.00654329638928175
518144,clipfrac,0.0783203125
518144,explained_variance,0.9601874090731144
518144,sps,541.0
518144,kl_beta,0.5
518533,episodic_return,3223.066897479648
518533,episodic_length,1000.0
518944,episodic_return,1406.1721768405878
518944,episodic_length,410.0
519945,episodic_return,3239.937014224848
519945,episodic_length,1000.0
520192,value_loss,0.08063444495201111
520192,policy_loss,-0.041238732635974884
520192,approx_kl,0.020633548498153687
520192,clipfrac,0.16494140625
520192,explained_variance,0.573123425245285
520192,sps,541.0
520192,kl_beta,1.0
520874,episodic_return,3088.8028217499464
520874,episodic_length,928.0
521457,episodic_return,1963.5873809978248
521457,episodic_length,582.0
521828,episodic_return,1256.2072619674284
521828,episodic_length,370.0
522240,value_loss,0.0005303189973346889
522240,policy_loss,-0.01874508522450924
522240,approx_kl,0.00733443908393383
522240,clipfrac,0.065771484375
522240,explained_variance,0.9783126804977655
522240,sps,542.0
522240,kl_beta,1.0
522409,episodic_return,1979.0932473794956
522409,episodic_length,580.0
523179,episodic_return,2547.99709888635
523179,episodic_length,769.0
523791,episodic_return,2016.2534864449758
523791,episodic_length,611.0
524144,episodic_return,1201.27520627337
524144,episodic_length,352.0
524288,value_loss,0.0169233251363039
524288,policy_loss,-0.5597257018089294
524288,approx_kl,0.05957544967532158
524288,clipfrac,0.07099609375
524288,explained_variance,0.9837321788072586
524288,sps,541.0
524288,kl_beta,2.0
524897,episodic_return,2508.405140443711
524897,episodic_length,752.0
525367,episodic_return,1611.6514912773698
525367,episodic_length,469.0
525871,episodic_return,1710.0672757647023
525871,episodic_length,503.0
526160,episodic_return,971.8001046432694
526160,episodic_length,288.0
526336,value_loss,0.010373488068580627
526336,policy_loss,-0.0926053375005722
526336,approx_kl,0.005526933819055557
526336,clipfrac,0.024609375
526336,explained_variance,0.9838888682425022
526336,sps,541.0
526336,kl_beta,1.0
526639,episodic_return,1592.5071548254273
526639,episodic_length,478.0
526977,episodic_return,1164.9606591208478
526977,episodic_length,337.0
527289,episodic_return,1075.6650510490297
527289,episodic_length,311.0
527693,episodic_return,1384.8381857820154
527693,episodic_length,403.0
528384,value_loss,0.00023648608475923538
528384,policy_loss,-0.07447639107704163
528384,approx_kl,0.014075126498937607
528384,clipfrac,0.0576171875
528384,explained_variance,0.9815562088042498
528384,sps,542.0
528384,kl_beta,1.0
528509,episodic_return,2756.390710527367
528509,episodic_length,815.0
528917,episodic_return,1388.189834612388
528917,episodic_length,407.0
529552,episodic_return,2068.765332828465
529552,episodic_length,634.0
529868,episodic_return,1068.8054746908824
529868,episodic_length,315.0
530432,value_loss,0.0004993831971660256
530432,policy_loss,0.0060215359553694725
530432,approx_kl,0.011704741977155209
530432,clipfrac,0.08271484375
530432,explained_variance,0.9861392276361585
530432,sps,542.0
530432,kl_beta,1.0
530623,episodic_return,2492.7908549173417
530623,episodic_length,754.0
531185,episodic_return,1883.5384569791784
531185,episodic_length,561.0
531527,episodic_return,1169.8734224666507
531527,episodic_length,341.0
532093,episodic_return,1923.579572634524
532093,episodic_length,565.0
532480,value_loss,0.0002972420188598335
532480,policy_loss,-0.02135889232158661
532480,approx_kl,0.014983154833316803
532480,clipfrac,0.08193359375
532480,explained_variance,0.9871844602748752
532480,sps,542.0
532480,kl_beta,1.0
532491,episodic_return,1347.919983917387
532491,episodic_length,397.0
532967,episodic_return,1638.0608506565686
532967,episodic_length,475.0
533275,episodic_return,1047.7914047717063
533275,episodic_length,307.0
533716,episodic_return,1480.4877899927758
533716,episodic_length,440.0
534270,episodic_return,1891.6439436023356
534270,episodic_length,553.0
534528,value_loss,0.0004891732824034989
534528,policy_loss,-0.03557690605521202
534528,approx_kl,0.006751243025064468
534528,clipfrac,0.07294921875
534528,explained_variance,0.9807905610650778
534528,sps,542.0
534528,kl_beta,1.0
534747,episodic_return,1607.0141720803672
534747,episodic_length,476.0
535177,episodic_return,1459.4433358826032
535177,episodic_length,429.0
535597,episodic_return,1441.3509397555715
535597,episodic_length,419.0
535869,episodic_return,930.9752678250305
535869,episodic_length,271.0
536331,episodic_return,1573.6914507896313
536331,episodic_length,461.0
536576,value_loss,0.012312838807702065
536576,policy_loss,0.015745405107736588
536576,approx_kl,0.006781226955354214
536576,clipfrac,0.077685546875
536576,explained_variance,0.9846172807738185
536576,sps,542.0
536576,kl_beta,1.0
536844,episodic_return,1735.438925175623
536844,episodic_length,512.0
537374,episodic_return,1791.2504392933647
537374,episodic_length,529.0
537739,episodic_return,1233.995031706062
537739,episodic_length,364.0
538513,episodic_return,2570.563399693455
538513,episodic_length,773.0
538624,value_loss,0.000509353936649859
538624,policy_loss,-0.00958745926618576
538624,approx_kl,0.022241301834583282
538624,clipfrac,0.068310546875
538624,explained_variance,0.98366729170084
538624,sps,542.0
538624,kl_beta,2.0
538915,episodic_return,1367.8595572040067
538915,episodic_length,401.0
539282,episodic_return,1261.76826931372
539282,episodic_length,366.0
540005,episodic_return,2441.562284439054
540005,episodic_length,722.0
540237,episodic_return,662.8750255531058
540237,episodic_length,231.0
540548,episodic_return,1057.2050192770675
540548,episodic_length,310.0
540672,value_loss,0.07341144233942032
540672,policy_loss,-0.07203306257724762
540672,approx_kl,0.011515995487570763
540672,clipfrac,0.032275390625
540672,explained_variance,0.8940394148230553
540672,sps,542.0
540672,kl_beta,2.0
540891,episodic_return,1169.5626195728023
540891,episodic_length,342.0
541557,episodic_return,2250.936602282786
541557,episodic_length,665.0
541952,episodic_return,1344.2866465804796
541952,episodic_length,394.0
542422,episodic_return,1586.9580186627195
542422,episodic_length,469.0
542714,episodic_return,972.4512141842021
542714,episodic_length,291.0
542720,value_loss,0.004774758592247963
542720,policy_loss,-0.05485258996486664
542720,approx_kl,0.006530485115945339
542720,clipfrac,0.03203125
542720,explained_variance,0.9797157254070044
542720,sps,542.0
542720,kl_beta,1.0
543715,episodic_return,3237.3005704612956
543715,episodic_length,1000.0
544102,episodic_return,1326.5170584629764
544102,episodic_length,386.0
544517,episodic_return,1437.410736553055
544517,episodic_length,414.0
544768,value_loss,0.007701166905462742
544768,policy_loss,-0.0307164266705513
544768,approx_kl,0.00511742290109396
544768,clipfrac,0.101171875
544768,explained_variance,0.8288223296403885
544768,sps,542.0
544768,kl_beta,0.5
544900,episodic_return,1286.1197783135779
544900,episodic_length,382.0
545568,episodic_return,2260.0002468159146
545568,episodic_length,667.0
546136,episodic_return,1920.27747340519
546136,episodic_length,567.0
546434,episodic_return,1007.8586128590439
546434,episodic_length,297.0
546816,value_loss,0.0003341838310007006
546816,policy_loss,-0.027022600173950195
546816,approx_kl,0.018660306930541992
546816,clipfrac,0.1970703125
546816,explained_variance,0.9829420745372772
546816,sps,542.0
546816,kl_beta,1.0
547074,episodic_return,2184.883392773902
547074,episodic_length,639.0
547743,episodic_return,2229.5189461818213
547743,episodic_length,668.0
548051,episodic_return,1040.7797710046405
548051,episodic_length,307.0
548547,episodic_return,1670.093374311877
548547,episodic_length,495.0
548864,value_loss,0.0003052276442758739
548864,policy_loss,-0.019829194992780685
548864,approx_kl,0.007311481051146984
548864,clipfrac,0.050830078125
548864,explained_variance,0.9813706893473864
548864,sps,542.0
548864,kl_beta,1.0
549007,episodic_return,1523.9747561565166
549007,episodic_length,459.0
549374,episodic_return,1240.8608606982923
549374,episodic_length,366.0
549724,episodic_return,1181.7874845826757
549724,episodic_length,349.0
550269,episodic_return,1835.332109534359
550269,episodic_length,544.0
550711,episodic_return,1462.235896845827
550711,episodic_length,441.0
550912,value_loss,0.007143390830606222
550912,policy_loss,0.03742789104580879
550912,approx_kl,0.013125348836183548
550912,clipfrac,0.091943359375
550912,explained_variance,0.9841193687170744
550912,sps,542.0
550912,kl_beta,1.0
551362,episodic_return,2184.8264216162543
551362,episodic_length,650.0
551721,episodic_return,1184.3304991394034
551721,episodic_length,358.0
551999,episodic_return,932.7463971484027
551999,episodic_length,277.0
552381,episodic_return,1307.187143102587
552381,episodic_length,381.0
552840,episodic_return,1527.0830216008228
552840,episodic_length,458.0
552960,value_loss,0.0005058952374383807
552960,policy_loss,-0.003940846771001816
552960,approx_kl,0.011815439909696579
552960,clipfrac,0.067236328125
552960,explained_variance,0.9849106268957257
552960,sps,542.0
552960,kl_beta,1.0
553720,episodic_return,2981.164263739512
553720,episodic_length,879.0
554226,episodic_return,1714.8966327154758
554226,episodic_length,505.0
555008,value_loss,0.00023111164045985788
555008,policy_loss,-0.009865109808743
555008,approx_kl,0.005821707658469677
555008,clipfrac,0.07861328125
555008,explained_variance,0.9868891295045614
555008,sps,542.0
555008,kl_beta,0.5
555121,episodic_return,3021.6986857168736
555121,episodic_length,894.0
555762,episodic_return,2166.9684392919294
555762,episodic_length,640.0
556374,episodic_return,2058.5672033959995
556374,episodic_length,611.0
557007,episodic_return,2117.883222585142
557007,episodic_length,632.0
557056,value_loss,0.0005511134513653815
557056,policy_loss,-0.005352451466023922
557056,approx_kl,0.02910670079290867
557056,clipfrac,0.241455078125
557056,explained_variance,0.982762424275279
557056,sps,542.0
557056,kl_beta,1.0
557852,episodic_return,2818.30286589862
557852,episodic_length,844.0
558550,episodic_return,2296.441600980114
558550,episodic_length,697.0
558912,episodic_return,1235.5106413307687
558912,episodic_length,361.0
559104,value_loss,0.00036097929114475846
559104,policy_loss,-0.015711963176727295
559104,approx_kl,0.00616735965013504
559104,clipfrac,0.046240234375
559104,explained_variance,0.9852803852409124
559104,sps,542.0
559104,kl_beta,0.5
559259,episodic_return,1178.3241282296788
559259,episodic_length,346.0
559693,episodic_return,1459.6202833524612
559693,episodic_length,433.0
560562,episodic_return,2889.4094893663105
560562,episodic_length,868.0
560954,episodic_return,1344.7388149840692
560954,episodic_length,391.0
561152,value_loss,0.006469521671533585
561152,policy_loss,-0.20503485202789307
561152,approx_kl,0.030754568055272102
561152,clipfrac,0.129052734375
561152,explained_variance,0.984041441231966
561152,sps,542.0
561152,kl_beta,1.0
561465,episodic_return,1721.900540838503
561465,episodic_length,510.0
561666,episodic_return,624.0516013537307
561666,episodic_length,200.0
561914,episodic_return,813.6629747522423
561914,episodic_length,247.0
562256,episodic_return,1169.198546854343
562256,episodic_length,341.0
562417,episodic_return,459.74611044330857
562417,episodic_length,160.0
562655,episodic_return,782.0490854009754
562655,episodic_length,237.0
562926,episodic_return,906.2703370193549
562926,episodic_length,270.0
563200,value_loss,0.015364415943622589
563200,policy_loss,0.008437997661530972
563200,approx_kl,0.008420857600867748
563200,clipfrac,0.040380859375
563200,explained_variance,0.9542550407350063
563200,sps,542.0
563200,kl_beta,1.0
563326,episodic_return,1368.080605513764
563326,episodic_length,399.0
563854,episodic_return,1763.6898857841954
563854,episodic_length,527.0
564125,episodic_return,936.0906313857457
564125,episodic_length,270.0
564268,episodic_return,376.1776782313568
564268,episodic_length,142.0
564546,episodic_return,925.5316092605502
564546,episodic_length,277.0
564775,episodic_return,736.2246725463285
564775,episodic_length,228.0
565033,episodic_return,891.2418326761322
565033,episodic_length,257.0
565248,value_loss,0.014417405240237713
565248,policy_loss,-0.015405951999127865
565248,approx_kl,0.008339856751263142
565248,clipfrac,0.07265625
565248,explained_variance,0.9121235087513924
565248,sps,542.0
565248,kl_beta,1.0
565377,episodic_return,1148.6944039589785
565377,episodic_length,343.0
565630,episodic_return,860.3357594031044
565630,episodic_length,252.0
565912,episodic_return,943.1172420354213
565912,episodic_length,281.0
566401,episodic_return,1672.5358997557398
566401,episodic_length,488.0
566741,episodic_return,1162.550765502041
566741,episodic_length,339.0
567025,episodic_return,963.240908449886
567025,episodic_length,283.0
567296,value_loss,0.00029875419568270445
567296,policy_loss,-0.029654905200004578
567296,approx_kl,0.00832789670675993
567296,clipfrac,0.044921875
567296,explained_variance,0.9808362144976854
567296,sps,542.0
567296,kl_beta,1.0
567907,episodic_return,2951.0117594458643
567907,episodic_length,881.0
568330,episodic_return,1433.4544754458298
568330,episodic_length,422.0
568788,episodic_return,1579.9348831096077
568788,episodic_length,457.0
569135,episodic_return,1178.1726137774556
569135,episodic_length,346.0
569344,value_loss,0.00033829890890046954
569344,policy_loss,0.005076196976006031
569344,approx_kl,0.008971218951046467
569344,clipfrac,0.086767578125
569344,explained_variance,0.9848226048052311
569344,sps,542.0
569344,kl_beta,1.0
569795,episodic_return,2236.7874001817577
569795,episodic_length,659.0
570796,episodic_return,3196.8190886071116
570796,episodic_length,1000.0
571079,episodic_return,942.6082759895594
571079,episodic_length,282.0
571392,value_loss,0.05062685161828995
571392,policy_loss,0.010605230927467346
571392,approx_kl,0.015733197331428528
571392,clipfrac,0.05986328125
571392,explained_variance,0.8684984743595123
571392,sps,542.0
571392,kl_beta,2.0
571397,episodic_return,1094.4367271310896
571397,episodic_length,317.0
571860,episodic_return,1567.8865933821694
571860,episodic_length,462.0
572214,episodic_return,1212.843764551071
572214,episodic_length,353.0
572864,episodic_return,2188.1181213023588
572864,episodic_length,649.0
573440,value_loss,0.0007009071996435523
573440,policy_loss,-0.02857544645667076
573440,approx_kl,0.004040321335196495
573440,clipfrac,0.023486328125
573440,explained_variance,0.9777154121547937
573440,sps,542.0
573440,kl_beta,1.0
573804,episodic_return,3085.1403640307904
573804,episodic_length,939.0
574233,episodic_return,1421.5373376710145
574233,episodic_length,428.0
575234,episodic_return,3254.274023392936
575234,episodic_length,1000.0
575488,value_loss,0.009282604791224003
575488,policy_loss,-0.02799072116613388
575488,approx_kl,0.007283102720975876
575488,clipfrac,0.055810546875
575488,explained_variance,0.9091610088944435
575488,sps,542.0
575488,kl_beta,1.0
575706,episodic_return,1595.329923980306
575706,episodic_length,471.0
575987,episodic_return,947.9065782091722
575987,episodic_length,280.0
576564,episodic_return,1968.0538892865925
576564,episodic_length,576.0
576831,episodic_return,903.8188459487442
576831,episodic_length,266.0
577149,episodic_return,1086.8334166543295
577149,episodic_length,317.0
577536,value_loss,0.0005218817386776209
577536,policy_loss,0.03131033480167389
577536,approx_kl,0.008620791137218475
577536,clipfrac,0.07255859375
577536,explained_variance,0.9832161404192448
577536,sps,542.0
577536,kl_beta,1.0
577630,episodic_return,1652.0757380383586
577630,episodic_length,480.0
578290,episodic_return,2208.693918734111
578290,episodic_length,659.0
578596,episodic_return,1042.2097281802376
578596,episodic_length,305.0
578882,episodic_return,961.291995247822
578882,episodic_length,285.0
579486,episodic_return,2047.2193286682145
579486,episodic_length,603.0
579584,value_loss,0.0008508069440722466
579584,policy_loss,-0.023454591631889343
579584,approx_kl,0.007735325954854488
579584,clipfrac,0.0529296875
579584,explained_variance,0.9843066763132811
579584,sps,542.0
579584,kl_beta,1.0
579921,episodic_return,1462.370269890668
579921,episodic_length,434.0
580259,episodic_return,1128.1916915351048
580259,episodic_length,337.0
580493,episodic_return,751.8429090770705
580493,episodic_length,233.0
580881,episodic_return,1332.9043413873806
580881,episodic_length,387.0
581201,episodic_return,1103.9678560302787
581201,episodic_length,319.0
581617,episodic_return,1403.2125198588544
581617,episodic_length,415.0
581632,value_loss,0.0029461749363690615
581632,policy_loss,-0.003296133130788803
581632,approx_kl,0.009591978043317795
581632,clipfrac,0.083544921875
581632,explained_variance,0.9807492215186357
581632,sps,542.0
581632,kl_beta,1.0
582087,episodic_return,1615.8443666324151
582087,episodic_length,469.0
582378,episodic_return,962.0287281214604
582378,episodic_length,290.0
582846,episodic_return,1600.3874089749308
582846,episodic_length,467.0
583141,episodic_return,986.8006579908747
583141,episodic_length,294.0
583419,episodic_return,934.244217746375
583419,episodic_length,277.0
583680,value_loss,0.004424758721143007
583680,policy_loss,-0.017000917345285416
583680,approx_kl,0.01480105146765709
583680,clipfrac,0.069873046875
583680,explained_variance,0.9854661086574197
583680,sps,542.0
583680,kl_beta,1.0
583909,episodic_return,1676.5505573496728
583909,episodic_length,489.0
584176,episodic_return,916.4145992363648
584176,episodic_length,266.0
585051,episodic_return,2952.9421099444517
585051,episodic_length,874.0
585561,episodic_return,1699.6426927444352
585561,episodic_length,509.0
585728,value_loss,0.0007238353136926889
585728,policy_loss,0.010034918785095215
585728,approx_kl,0.0035628946498036385
585728,clipfrac,0.0544921875
585728,explained_variance,0.9865617780014873
585728,sps,542.0
585728,kl_beta,0.5
586343,episodic_return,2656.086611233919
586343,episodic_length,781.0
586647,episodic_return,1065.5461229261439
586647,episodic_length,303.0
586938,episodic_return,987.9040397584678
586938,episodic_length,290.0
587259,episodic_return,1104.6206205790102
587259,episodic_length,320.0
587545,episodic_return,960.3184075941604
587545,episodic_length,285.0
587776,value_loss,0.00039816033677197993
587776,policy_loss,-0.04004818573594093
587776,approx_kl,0.038825564086437225
587776,clipfrac,0.24970703125
587776,explained_variance,0.9807890895754099
587776,sps,542.0
587776,kl_beta,1.0
587908,episodic_return,1234.5500400419119
587908,episodic_length,362.0
588229,episodic_return,1107.059107581219
588229,episodic_length,320.0
588594,episodic_return,1225.1679053095954
588594,episodic_length,364.0
589112,episodic_return,1719.0999438550803
589112,episodic_length,517.0
589504,episodic_return,1322.7521761017802
589504,episodic_length,391.0
589759,episodic_return,879.0632246246438
589759,episodic_length,254.0
589824,value_loss,0.00032159232068806887
589824,policy_loss,-0.0375918447971344
589824,approx_kl,0.014440932311117649
589824,clipfrac,0.094580078125
589824,explained_variance,0.9828549083322287
589824,sps,542.0
589824,kl_beta,1.0
590304,episodic_return,1853.1585402869534
590304,episodic_length,544.0
590933,episodic_return,2157.189984926575
590933,episodic_length,628.0
591211,episodic_return,939.4069955602599
591211,episodic_length,277.0
591625,episodic_return,1434.6668705396821
591625,episodic_length,413.0
591872,value_loss,0.0003895230474881828
591872,policy_loss,-0.014495616778731346
591872,approx_kl,0.008289653807878494
591872,clipfrac,0.108984375
591872,explained_variance,0.9856251338496804
591872,sps,542.0
591872,kl_beta,1.0
592359,episodic_return,2501.0373433900095
592359,episodic_length,733.0
593185,episodic_return,2775.703214949788
593185,episodic_length,825.0
593520,episodic_return,1149.1269617883058
593520,episodic_length,334.0
593837,episodic_return,1080.9294969470923
593837,episodic_length,316.0
593920,value_loss,0.0002594830293674022
593920,policy_loss,-0.009217842482030392
593920,approx_kl,0.005199938081204891
593920,clipfrac,0.080029296875
593920,explained_variance,0.9824599847197533
593920,sps,542.0
593920,kl_beta,0.5
594135,episodic_return,1034.1193708670476
594135,episodic_length,297.0
594592,episodic_return,1549.3147754542617
594592,episodic_length,456.0
594893,episodic_return,1027.4989700762335
594893,episodic_length,300.0
595277,episodic_return,1312.995614628112
595277,episodic_length,383.0
595774,episodic_return,1697.2848716265405
595774,episodic_length,496.0
595968,value_loss,0.0008864934789016843
595968,policy_loss,-0.06555649638175964
595968,approx_kl,0.01589185744524002
595968,clipfrac,0.1615234375
595968,explained_variance,0.9843573328107595
595968,sps,542.0
595968,kl_beta,1.0
596265,episodic_return,1681.6994171383571
596265,episodic_length,490.0
596639,episodic_return,1269.8842430851003
596639,episodic_length,373.0
597082,episodic_return,1514.459371769341
597082,episodic_length,442.0
597486,episodic_return,1368.4581119515235
597486,episodic_length,403.0
598016,value_loss,0.00019168484141118824
598016,policy_loss,-0.013797185383737087
598016,approx_kl,0.006468215025961399
598016,clipfrac,0.067041015625
598016,explained_variance,0.9874694682657719
598016,sps,542.0
598016,kl_beta,0.5
598155,episodic_return,2226.799117318107
598155,episodic_length,668.0
598531,episodic_return,1298.9295311585588
598531,episodic_length,375.0
598996,episodic_return,1592.4666168691492
598996,episodic_length,464.0
599410,episodic_return,1419.3944594300485
599410,episodic_length,413.0
599866,episodic_return,1551.3878370403772
599866,episodic_length,455.0
600064,value_loss,0.0021206338424235582
600064,policy_loss,-0.05950766056776047
600064,approx_kl,0.02112331986427307
600064,clipfrac,0.12451171875
600064,explained_variance,0.9857276044785976
600064,sps,542.0
600064,kl_beta,1.0
600297,episodic_return,1464.4106285866424
600297,episodic_length,430.0
600586,episodic_return,1000.4581901466771
600586,episodic_length,288.0
600980,episodic_return,1328.3779616558927
600980,episodic_length,393.0
601270,episodic_return,1003.7445188676672
601270,episodic_length,289.0
601805,episodic_return,1817.4808252414443
601805,episodic_length,534.0
602112,value_loss,0.00042467290768399835
602112,policy_loss,-0.03743644803762436
602112,approx_kl,0.006001980975270271
602112,clipfrac,0.05791015625
602112,explained_variance,0.985860588029027
602112,sps,542.0
602112,kl_beta,0.5
602577,episodic_return,2579.399470769635
602577,episodic_length,771.0
603024,episodic_return,1548.4822967813898
603024,episodic_length,446.0
603719,episodic_return,2372.841357746757
603719,episodic_length,694.0
604064,episodic_return,1186.676096471769
604064,episodic_length,344.0
604160,value_loss,0.0004050934221595526
604160,policy_loss,-0.009235505014657974
604160,approx_kl,0.008180760778486729
604160,clipfrac,0.12197265625
604160,explained_variance,0.9842160567641258
604160,sps,542.0
604160,kl_beta,0.5
604435,episodic_return,1285.7926761440876
604435,episodic_length,370.0
605160,episodic_return,2478.4563668785017
605160,episodic_length,724.0
605605,episodic_return,1551.0644075746018
605605,episodic_length,444.0
606068,episodic_return,1563.8820168061038
606068,episodic_length,462.0
606208,value_loss,0.003245183965191245
606208,policy_loss,-0.06910958886146545
606208,approx_kl,0.039675794541835785
606208,clipfrac,0.209521484375
606208,explained_variance,0.986662557348609
606208,sps,542.0
606208,kl_beta,1.0
606437,episodic_return,1232.2088987804602
606437,episodic_length,368.0
606916,episodic_return,1651.4377336483508
606916,episodic_length,478.0
607175,episodic_return,896.0015921790497
607175,episodic_length,258.0
607563,episodic_return,1341.9751075518038
607563,episodic_length,387.0
607714,episodic_return,421.55522944858484
607714,episodic_length,150.0
608086,episodic_return,1251.6020161832712
608086,episodic_length,371.0
608256,value_loss,0.0018756217323243618
608256,policy_loss,-0.02351207286119461
608256,approx_kl,0.007869030348956585
608256,clipfrac,0.10341796875
608256,explained_variance,0.9646990410983562
608256,sps,542.0
608256,kl_beta,1.0
608679,episodic_return,1995.2107868092432
608679,episodic_length,592.0
608968,episodic_return,1003.0226023390558
608968,episodic_length,288.0
609403,episodic_return,1472.7911593710376
609403,episodic_length,434.0
609781,episodic_return,1285.31421493159
609781,episodic_length,377.0
610278,episodic_return,1696.6256454226855
610278,episodic_length,496.0
610304,value_loss,0.009346594102680683
610304,policy_loss,0.03331063687801361
610304,approx_kl,0.013311791233718395
610304,clipfrac,0.082421875
610304,explained_variance,0.9851362984627485
610304,sps,542.0
610304,kl_beta,1.0
610677,episodic_return,1379.8955232696874
610677,episodic_length,398.0
611392,episodic_return,2422.1335287147326
611392,episodic_length,714.0
611922,episodic_return,1808.9731567000517
611922,episodic_length,529.0
612293,episodic_return,1249.4289444435913
612293,episodic_length,370.0
612352,value_loss,0.00014325918164104223
612352,policy_loss,-0.007876932621002197
612352,approx_kl,0.006670147180557251
612352,clipfrac,0.069580078125
612352,explained_variance,0.9861831422895193
612352,sps,542.0
612352,kl_beta,1.0
612791,episodic_return,1674.09576095197
612791,episodic_length,497.0
613145,episodic_return,1195.02548103236
613145,episodic_length,353.0
613526,episodic_return,1314.4537296656022
613526,episodic_length,380.0
613825,episodic_return,1027.5692391873783
613825,episodic_length,298.0
614160,episodic_return,1163.842211281088
614160,episodic_length,334.0
614400,value_loss,0.003002835437655449
614400,policy_loss,0.043735235929489136
614400,approx_kl,0.012863203883171082
614400,clipfrac,0.083203125
614400,explained_variance,0.9858927950263023
614400,sps,543.0
614400,kl_beta,1.0
614981,episodic_return,2794.813736469633
614981,episodic_length,820.0
615353,episodic_return,1294.2328405492947
615353,episodic_length,371.0
616354,episodic_return,3224.442003588536
616354,episodic_length,1000.0
616448,value_loss,0.03815269097685814
616448,policy_loss,-0.02827206254005432
616448,approx_kl,0.006871175020933151
616448,clipfrac,0.064453125
616448,explained_variance,0.8300527185201645
616448,sps,543.0
616448,kl_beta,1.0
616732,episodic_return,1309.4153730088453
616732,episodic_length,377.0
617069,episodic_return,1170.345814727057
617069,episodic_length,336.0
618070,episodic_return,3237.933143557063
618070,episodic_length,1000.0
618393,episodic_return,1091.4790472320703
618393,episodic_length,322.0
618496,value_loss,0.006219189614057541
618496,policy_loss,-0.02916402369737625
618496,approx_kl,0.006386599503457546
618496,clipfrac,0.0474609375
618496,explained_variance,0.8650288730859756
618496,sps,543.0
618496,kl_beta,0.5
618821,episodic_return,1445.9477968080207
618821,episodic_length,427.0
619184,episodic_return,1246.953081789142
619184,episodic_length,362.0
620047,episodic_return,2922.820109088522
620047,episodic_length,862.0
620424,episodic_return,1296.2288452895289
620424,episodic_length,376.0
620544,value_loss,0.0008117404067888856
620544,policy_loss,0.016634618863463402
620544,approx_kl,0.009128455072641373
620544,clipfrac,0.163232421875
620544,explained_variance,0.9813614673912525
620544,sps,543.0
620544,kl_beta,0.5
620692,episodic_return,899.2224864907378
620692,episodic_length,267.0
620948,episodic_return,895.7459751513846
620948,episodic_length,255.0
621326,episodic_return,1304.3118063677537
621326,episodic_length,377.0
621993,episodic_return,2230.148714541652
621993,episodic_length,666.0
622407,episodic_return,1434.4989270871667
622407,episodic_length,413.0
622592,value_loss,0.00039595109410583973
622592,policy_loss,0.008554534055292606
622592,approx_kl,0.012123236432671547
622592,clipfrac,0.12734375
622592,explained_variance,0.9849674580618739
622592,sps,543.0
622592,kl_beta,0.5
622959,episodic_return,1892.3840119047866
622959,episodic_length,551.0
623337,episodic_return,1258.0460132067972
623337,episodic_length,377.0
624338,episodic_return,3229.040449637216
624338,episodic_length,1000.0
624640,value_loss,0.007530298084020615
624640,policy_loss,-0.01362139917910099
624640,approx_kl,0.02547682449221611
624640,clipfrac,0.154150390625
624640,explained_variance,0.8219588249921799
624640,sps,543.0
624640,kl_beta,1.0
624712,episodic_return,1290.6389783705683
624712,episodic_length,373.0
625123,episodic_return,1415.0801413196812
625123,episodic_length,410.0
626124,episodic_return,3394.8243824832816
626124,episodic_length,1000.0
626655,episodic_return,1798.6083769806573
626655,episodic_length,530.0
626688,value_loss,0.0005897617083974183
626688,policy_loss,-0.04726695641875267
626688,approx_kl,0.013367441482841969
626688,clipfrac,0.0720703125
626688,explained_variance,0.9807788282632828
626688,sps,543.0
626688,kl_beta,1.0
627045,episodic_return,1364.9593337055837
627045,episodic_length,389.0
627442,episodic_return,1358.6708991778612
627442,episodic_length,396.0
627809,episodic_return,1223.5846764346036
627809,episodic_length,366.0
628736,value_loss,0.0006065034540370107
628736,policy_loss,-0.058425549417734146
628736,approx_kl,0.01860390231013298
628736,clipfrac,0.06474609375
628736,explained_variance,0.9839501529932022
628736,sps,543.0
628736,kl_beta,2.0
628810,episodic_return,3212.165563661082
628810,episodic_length,1000.0
629590,episodic_return,2628.8736227422896
629590,episodic_length,779.0
629887,episodic_return,1029.009924854926
629887,episodic_length,296.0
630216,episodic_return,1134.937213829631
630216,episodic_length,328.0
630784,value_loss,0.04517696425318718
630784,policy_loss,-0.01115998812019825
630784,approx_kl,0.004018927924335003
630784,clipfrac,0.018017578125
630784,explained_variance,0.8730957359075546
630784,sps,543.0
630784,kl_beta,1.0
631113,episodic_return,3009.9400780520323
631113,episodic_length,896.0
631382,episodic_return,927.3186143862087
631382,episodic_length,268.0
631766,episodic_return,1312.0041104299137
631766,episodic_length,383.0
632344,episodic_return,1957.7737944447035
632344,episodic_length,577.0
632803,episodic_return,1555.3179156325182
632803,episodic_length,458.0
632832,value_loss,0.0004151453322265297
632832,policy_loss,-0.050825104117393494
632832,approx_kl,0.02855422906577587
632832,clipfrac,0.05087890625
632832,explained_variance,0.9809010773897171
632832,sps,543.0
632832,kl_beta,2.0
633147,episodic_return,1192.2359288419857
633147,episodic_length,343.0
634148,episodic_return,3386.022936791112
634148,episodic_length,1000.0
634503,episodic_return,1182.8050733858263
634503,episodic_length,354.0
634880,value_loss,0.00047182460548356175
634880,policy_loss,-0.006191626191139221
634880,approx_kl,0.002818293869495392
634880,clipfrac,0.032470703125
634880,explained_variance,0.9817437529563904
634880,sps,543.0
634880,kl_beta,1.0
635311,episodic_return,2742.8168418896757
635311,episodic_length,807.0
636022,episodic_return,2404.5165128324743
636022,episodic_length,710.0
636572,episodic_return,1889.399866560672
636572,episodic_length,549.0
636928,value_loss,0.0003591761051211506
636928,policy_loss,-0.01406916230916977
636928,approx_kl,0.009938344359397888
636928,clipfrac,0.098779296875
636928,explained_variance,0.9875256633386016
636928,sps,543.0
636928,kl_beta,1.0
637116,episodic_return,1839.4219152337168
637116,episodic_length,543.0
638117,episodic_return,3246.8744336282866
638117,episodic_length,1000.0
638422,episodic_return,1053.147555087329
638422,episodic_length,304.0
638764,episodic_return,1178.6412419331293
638764,episodic_length,341.0
638976,value_loss,0.00104762171395123
638976,policy_loss,-0.026307357475161552
638976,approx_kl,0.009696932509541512
638976,clipfrac,0.062451171875
638976,explained_variance,0.8696235716342926
638976,sps,543.0
638976,kl_beta,1.0
639132,episodic_return,1253.26794952477
639132,episodic_length,367.0
639456,episodic_return,1118.1364454889651
639456,episodic_length,323.0
640231,episodic_return,2629.097914433516
640231,episodic_length,774.0
640545,episodic_return,1094.6296134708905
640545,episodic_length,313.0
640892,episodic_return,1196.9699909268506
640892,episodic_length,346.0
641024,value_loss,0.0002690460823941976
641024,policy_loss,-0.02386815845966339
641024,approx_kl,0.005263119004666805
641024,clipfrac,0.069775390625
641024,explained_variance,0.9821024890989065
641024,sps,543.0
641024,kl_beta,0.5
641314,episodic_return,1411.179199766634
641314,episodic_length,421.0
641825,episodic_return,1720.7911590640335
641825,episodic_length,510.0
642142,episodic_return,1092.8984030970469
642142,episodic_length,316.0
642846,episodic_return,2386.107764127233
642846,episodic_length,703.0
643072,value_loss,0.00041043502278625965
643072,policy_loss,-0.05478614568710327
643072,approx_kl,0.012617170810699463
643072,clipfrac,0.116943359375
643072,explained_variance,0.9840993266552687
643072,sps,544.0
643072,kl_beta,0.5
643210,episodic_return,1247.387962411227
643210,episodic_length,363.0
643605,episodic_return,1343.1297836114047
643605,episodic_length,394.0
644295,episodic_return,2320.318425576168
644295,episodic_length,689.0
644669,episodic_return,1291.6355587911194
644669,episodic_length,373.0
645120,value_loss,0.0008756270981393754
645120,policy_loss,-0.040283456444740295
645120,approx_kl,0.028131645172834396
645120,clipfrac,0.19638671875
645120,explained_variance,0.9826909899711609
645120,sps,544.0
645120,kl_beta,1.0
645331,episodic_return,2247.989268779665
645331,episodic_length,661.0
645742,episodic_return,1408.2044964889444
645742,episodic_length,410.0
646238,episodic_return,1695.9217415181356
646238,episodic_length,495.0
646576,episodic_return,1155.2894532693588
646576,episodic_length,337.0
647087,episodic_return,1723.7042606980006
647087,episodic_length,510.0
647168,value_loss,0.005181115120649338
647168,policy_loss,-0.0022336775436997414
647168,approx_kl,0.010776638053357601
647168,clipfrac,0.052880859375
647168,explained_variance,0.9861298622563481
647168,sps,544.0
647168,kl_beta,1.0
647587,episodic_return,1689.3117132679042
647587,episodic_length,499.0
647930,episodic_return,1169.000692993306
647930,episodic_length,342.0
648228,episodic_return,1043.349590696034
648228,episodic_length,297.0
648690,episodic_return,1589.0152383236489
648690,episodic_length,461.0
649095,episodic_return,1400.7672700761905
649095,episodic_length,404.0
649216,value_loss,0.014261278323829174
649216,policy_loss,0.019708380103111267
649216,approx_kl,0.00629088282585144
649216,clipfrac,0.07060546875
649216,explained_variance,0.9856068082153797
649216,sps,544.0
649216,kl_beta,0.5
649774,episodic_return,2333.041593246558
649774,episodic_length,678.0
650471,episodic_return,2384.1587503216774
650471,episodic_length,696.0
650908,episodic_return,1445.3560763652235
650908,episodic_length,436.0
651264,value_loss,0.00041632482316344976
651264,policy_loss,-0.0037044137716293335
651264,approx_kl,0.017609551548957825
651264,clipfrac,0.133984375
651264,explained_variance,0.985776205547154
651264,sps,544.0
651264,kl_beta,1.0
651296,episodic_return,1329.4495576349561
651296,episodic_length,387.0
651599,episodic_return,1056.0727444812649
651599,episodic_length,302.0
652024,episodic_return,1450.4862157206833
652024,episodic_length,424.0
652572,episodic_return,1857.1902158870357
652572,episodic_length,547.0
652967,episodic_return,1374.8217419806285
652967,episodic_length,394.0
653297,episodic_return,1128.5876777815
653297,episodic_length,329.0
653312,value_loss,0.000770323327742517
653312,policy_loss,-0.04358943551778793
653312,approx_kl,0.011867068707942963
653312,clipfrac,0.043994140625
653312,explained_variance,0.9839124046266079
653312,sps,544.0
653312,kl_beta,1.0
653567,episodic_return,928.9029520111708
653567,episodic_length,269.0
654047,episodic_return,1632.4634048619414
654047,episodic_length,479.0
654378,episodic_return,1138.755150770172
654378,episodic_length,330.0
654727,episodic_return,1208.336195201143
654727,episodic_length,348.0
655254,episodic_return,1804.5185583609452
655254,episodic_length,526.0
655360,value_loss,0.0007602807600051165
655360,policy_loss,0.0041851382702589035
655360,approx_kl,0.004422252997756004
655360,clipfrac,0.034375
655360,explained_variance,0.9867113530635834
655360,sps,544.0
655360,kl_beta,0.5
656255,episodic_return,3228.339678776985
656255,episodic_length,1000.0
656921,episodic_return,2260.6377845813504
656921,episodic_length,665.0
657284,episodic_return,1261.1093299944848
657284,episodic_length,362.0
657408,value_loss,0.010227684862911701
657408,policy_loss,-0.0687965676188469
657408,approx_kl,0.023034904152154922
657408,clipfrac,0.1958984375
657408,explained_variance,0.8475728183984756
657408,sps,544.0
657408,kl_beta,1.0
657723,episodic_return,1511.4814576048896
657723,episodic_length,438.0
658072,episodic_return,1183.11759307064
658072,episodic_length,348.0
658346,episodic_return,940.1631651701956
658346,episodic_length,273.0
658687,episodic_return,1196.1212752932795
658687,episodic_length,340.0
659456,value_loss,0.000483894458739087
659456,policy_loss,-0.02410387247800827
659456,approx_kl,0.004780859686434269
659456,clipfrac,0.052978515625
659456,explained_variance,0.982981476932764
659456,sps,544.0
659456,kl_beta,0.5
659688,episodic_return,3231.4707086519056
659688,episodic_length,1000.0
659983,episodic_return,1022.8313090703268
659983,episodic_length,294.0
660270,episodic_return,995.8713103449498
660270,episodic_length,286.0
660591,episodic_return,1122.68505118018
660591,episodic_length,320.0
661504,value_loss,0.0009280211525037885
661504,policy_loss,0.022202754393219948
661504,approx_kl,0.03009193018078804
661504,clipfrac,0.23662109375
661504,explained_variance,0.9224738776683807
661504,sps,544.0
661504,kl_beta,1.0
661592,episodic_return,3255.4305248797154
661592,episodic_length,1000.0
662593,episodic_return,3253.2396226015944
662593,episodic_length,1000.0
663552,value_loss,0.05570117011666298
663552,policy_loss,-0.02182670310139656
663552,approx_kl,0.008200441487133503
663552,clipfrac,0.0615234375
663552,explained_variance,0.1307532787322998
663552,sps,544.0
663552,kl_beta,1.0
663594,episodic_return,3253.7931177096957
663594,episodic_length,1000.0
664595,episodic_return,3237.831636886889
664595,episodic_length,1000.0
665596,episodic_return,3241.289734338587
665596,episodic_length,1000.0
665600,value_loss,0.04511743783950806
665600,policy_loss,-0.01686551608145237
665600,approx_kl,0.005225455388426781
665600,clipfrac,0.061865234375
665600,explained_variance,0.22904568910598755
665600,sps,544.0
665600,kl_beta,0.5
665931,episodic_return,1165.7441797473343
665931,episodic_length,334.0
666359,episodic_return,1465.579231248676
666359,episodic_length,427.0
666690,episodic_return,1164.1561658208452
666690,episodic_length,330.0
667648,value_loss,0.009161434136331081
667648,policy_loss,-0.01568661630153656
667648,approx_kl,0.013905899599194527
667648,clipfrac,0.110205078125
667648,explained_variance,0.9756008926779032
667648,sps,544.0
667648,kl_beta,0.5
667691,episodic_return,3259.403886680496
667691,episodic_length,1000.0
667988,episodic_return,1031.0481345184728
667988,episodic_length,296.0
668255,episodic_return,918.2612188699361
668255,episodic_length,266.0
668516,episodic_return,889.2507266872323
668516,episodic_length,260.0
669517,episodic_return,3234.5978397258295
669517,episodic_length,1000.0
669696,value_loss,0.0033943061716854572
669696,policy_loss,0.009149076417088509
669696,approx_kl,0.015461400151252747
669696,clipfrac,0.141845703125
669696,explained_variance,0.8358418792486191
669696,sps,544.0
669696,kl_beta,1.0
669748,episodic_return,760.7665144946387
669748,episodic_length,230.0
670151,episodic_return,1384.2153616115945
670151,episodic_length,402.0
670381,episodic_return,756.3924761415163
670381,episodic_length,229.0
671062,episodic_return,2348.7472413481587
671062,episodic_length,680.0
671318,episodic_return,878.8797196698944
671318,episodic_length,255.0
671580,episodic_return,864.7763092122385
671580,episodic_length,261.0
671744,value_loss,0.005871577188372612
671744,policy_loss,-0.04131641238927841
671744,approx_kl,0.009935730136930943
671744,clipfrac,0.0748046875
671744,explained_variance,0.9704468846321106
671744,sps,544.0
671744,kl_beta,1.0
671962,episodic_return,1302.5014546157036
671962,episodic_length,381.0
672238,episodic_return,935.7404559695668
672238,episodic_length,275.0
673149,episodic_return,3018.0825744741164
673149,episodic_length,910.0
673378,episodic_return,760.9445553762876
673378,episodic_length,228.0
673699,episodic_return,1103.6464420392274
673699,episodic_length,320.0
673792,value_loss,0.0015280802035704255
673792,policy_loss,-0.048739559948444366
673792,approx_kl,0.009587178006768227
673792,clipfrac,0.077001953125
673792,explained_variance,0.9768773261457682
673792,sps,544.0
673792,kl_beta,1.0
674700,episodic_return,3302.2977281376784
674700,episodic_length,1000.0
675016,episodic_return,1114.099890659958
675016,episodic_length,315.0
675351,episodic_return,1189.6866066412047
675351,episodic_length,334.0
675742,episodic_return,1342.3434864093792
675742,episodic_length,390.0
675840,value_loss,0.0011672766413539648
675840,policy_loss,-0.008954004384577274
675840,approx_kl,0.006538319401443005
675840,clipfrac,0.074755859375
675840,explained_variance,0.9632074311375618
675840,sps,545.0
675840,kl_beta,0.5
676251,episodic_return,1720.592703004739
676251,episodic_length,508.0
677252,episodic_return,3380.1626778117475
677252,episodic_length,1000.0
677600,episodic_return,1188.9786671893025
677600,episodic_length,347.0
677888,value_loss,0.0007353755063377321
677888,policy_loss,-0.03708629310131073
677888,approx_kl,0.0365324541926384
677888,clipfrac,0.193994140625
677888,explained_variance,0.9828029163181782
677888,sps,544.0
677888,kl_beta,1.0
678326,episodic_return,2486.5894257919635
678326,episodic_length,725.0
678742,episodic_return,1426.6538580917415
678742,episodic_length,415.0
679039,episodic_return,1026.0074648444984
679039,episodic_length,296.0
679838,episodic_return,2755.3734930129167
679838,episodic_length,798.0
679936,value_loss,0.0002698581956792623
679936,policy_loss,-0.00657094269990921
679936,approx_kl,0.00627397745847702
679936,clipfrac,0.043701171875
679936,explained_variance,0.9851184282451868
679936,sps,545.0
679936,kl_beta,0.5
680839,episodic_return,3231.4727128743034
680839,episodic_length,1000.0
681415,episodic_return,1940.4939773172282
681415,episodic_length,575.0
681739,episodic_return,1139.7535841895194
681739,episodic_length,323.0
681984,value_loss,0.0011328592663630843
681984,policy_loss,0.012553641572594643
681984,approx_kl,0.040128935128450394
681984,clipfrac,0.207763671875
681984,explained_variance,0.8390181958675385
681984,sps,545.0
681984,kl_beta,1.0
682081,episodic_return,1172.5161306975367
682081,episodic_length,341.0
682589,episodic_return,1756.1125885199076
682589,episodic_length,507.0
682872,episodic_return,979.0644367423446
682872,episodic_length,282.0
683584,episodic_return,2418.6826459133945
683584,episodic_length,711.0
684032,value_loss,0.0004459488554857671
684032,policy_loss,-0.021582871675491333
684032,approx_kl,0.01410223264247179
684032,clipfrac,0.075244140625
684032,explained_variance,0.9834089502692223
684032,sps,545.0
684032,kl_beta,1.0
684315,episodic_return,2461.9000073331126
684315,episodic_length,730.0
685017,episodic_return,2398.0973414979794
685017,episodic_length,701.0
685310,episodic_return,1025.291810018506
685310,episodic_length,292.0
685940,episodic_return,2150.371201510127
685940,episodic_length,629.0
686080,value_loss,0.0004003759240731597
686080,policy_loss,-0.0035976003855466843
686080,approx_kl,0.007338637486100197
686080,clipfrac,0.0939453125
686080,explained_variance,0.9860446900129318
686080,sps,545.0
686080,kl_beta,1.0
686208,episodic_return,925.5900835579656
686208,episodic_length,267.0
686476,episodic_return,903.8186824780197
686476,episodic_length,267.0
687046,episodic_return,1937.882193956465
687046,episodic_length,569.0
687457,episodic_return,1442.8088805743123
687457,episodic_length,410.0
687805,episodic_return,1147.5318001038163
687805,episodic_length,347.0
688111,episodic_return,1079.5159115933313
688111,episodic_length,305.0
688128,value_loss,0.0005626875208690763
688128,policy_loss,-0.0272593405097723
688128,approx_kl,0.00857880525290966
688128,clipfrac,0.062744140625
688128,explained_variance,0.982234513387084
688128,sps,545.0
688128,kl_beta,1.0
688357,episodic_return,831.9972010395467
688357,episodic_length,245.0
688970,episodic_return,2106.3516972065995
688970,episodic_length,612.0
689681,episodic_return,2428.76738598649
689681,episodic_length,710.0
690081,episodic_return,1389.1668556169336
690081,episodic_length,399.0
690176,value_loss,0.0007842098129913211
690176,policy_loss,-0.03381052613258362
690176,approx_kl,0.005662842653691769
690176,clipfrac,0.04658203125
690176,explained_variance,0.9858123632147908
690176,sps,545.0
690176,kl_beta,0.5
690407,episodic_return,1115.7990597523167
690407,episodic_length,325.0
690721,episodic_return,1097.070552771072
690721,episodic_length,313.0
691562,episodic_return,2880.3215727658585
691562,episodic_length,840.0
691873,episodic_return,1080.2712242425614
691873,episodic_length,310.0
692224,value_loss,0.00024104228941723704
692224,policy_loss,-0.011121345683932304
692224,approx_kl,0.014915172010660172
692224,clipfrac,0.10361328125
692224,explained_variance,0.9859022917225957
692224,sps,545.0
692224,kl_beta,0.5
692874,episodic_return,3264.48597177552
692874,episodic_length,1000.0
693249,episodic_return,1319.8577297020515
693249,episodic_length,374.0
694250,episodic_return,3230.1993288897825
694250,episodic_length,1000.0
694272,value_loss,0.031151188537478447
694272,policy_loss,-0.019968777894973755
694272,approx_kl,0.015441583469510078
694272,clipfrac,0.2203125
694272,explained_variance,0.5485626459121704
694272,sps,545.0
694272,kl_beta,1.0
695251,episodic_return,3244.5746365343334
695251,episodic_length,1000.0
696252,episodic_return,3227.155143026954
696252,episodic_length,1000.0
696320,value_loss,0.040058597922325134
696320,policy_loss,0.034300271421670914
696320,approx_kl,0.010043416172266006
696320,clipfrac,0.06865234375
696320,explained_variance,0.15301227569580078
696320,sps,545.0
696320,kl_beta,1.0
696595,episodic_return,1169.481698220766
696595,episodic_length,342.0
697536,episodic_return,3200.4890040393025
697536,episodic_length,940.0
698368,value_loss,0.0008575581596232951
698368,policy_loss,-0.007170583121478558
698368,approx_kl,0.010410052724182606
698368,clipfrac,0.076953125
698368,explained_variance,0.9493502490222454
698368,sps,545.0
698368,kl_beta,1.0
698527,episodic_return,3401.1296211705503
698527,episodic_length,990.0
698844,episodic_return,1121.0609522336151
698844,episodic_length,316.0
699845,episodic_return,3239.163454788346
699845,episodic_length,1000.0
700113,episodic_return,918.5470490361204
700113,episodic_length,267.0
700416,value_loss,0.018300384283065796
700416,policy_loss,-0.032438576221466064
700416,approx_kl,0.006989717483520508
700416,clipfrac,0.050927734375
700416,explained_variance,0.8672461956739426
700416,sps,545.0
700416,kl_beta,1.0
701114,episodic_return,3280.93496255805
701114,episodic_length,1000.0
701362,episodic_return,848.6050418936525
701362,episodic_length,247.0
701758,episodic_return,1388.5625495570841
701758,episodic_length,395.0
702464,value_loss,0.002916887169703841
702464,policy_loss,-0.03876204788684845
702464,approx_kl,0.016594620421528816
702464,clipfrac,0.069091796875
702464,explained_variance,0.8860297352075577
702464,sps,545.0
702464,kl_beta,2.0
702759,episodic_return,3275.7669706420997
702759,episodic_length,1000.0
703220,episodic_return,1559.0045061778865
703220,episodic_length,460.0
703547,episodic_return,1146.1747738702795
703547,episodic_length,326.0
704235,episodic_return,2359.8029694130396
704235,episodic_length,687.0
704512,value_loss,0.02466820366680622
704512,policy_loss,-0.009677993133664131
704512,approx_kl,0.007859583012759686
704512,clipfrac,0.02412109375
704512,explained_variance,0.8738423734903336
704512,sps,545.0
704512,kl_beta,2.0
704612,episodic_return,1292.0565226433064
704612,episodic_length,376.0
704939,episodic_return,1106.8322068951559
704939,episodic_length,326.0
705312,episodic_return,1297.7389234092138
705312,episodic_length,372.0
705558,episodic_return,815.3017956142629
705558,episodic_length,245.0
706559,episodic_return,3234.4720467879806
706559,episodic_length,1000.0
706560,value_loss,0.005176065023988485
706560,policy_loss,0.007766472175717354
706560,approx_kl,0.0021742330864071846
706560,clipfrac,0.025244140625
706560,explained_variance,0.8945646733045578
706560,sps,545.0
706560,kl_beta,1.0
707209,episodic_return,2211.676506586501
707209,episodic_length,649.0
707922,episodic_return,2466.265460798661
707922,episodic_length,712.0
708250,episodic_return,1113.96166000299
708250,episodic_length,327.0
708553,episodic_return,1057.8046005723622
708553,episodic_length,302.0
708608,value_loss,0.0005108639015816152
708608,policy_loss,-0.01756475120782852
708608,approx_kl,0.007422477938234806
708608,clipfrac,0.0693359375
708608,explained_variance,0.967446006834507
708608,sps,545.0
708608,kl_beta,1.0
709554,episodic_return,3233.2826082943034
709554,episodic_length,1000.0
710264,episodic_return,2428.3925995879695
710264,episodic_length,709.0
710418,episodic_return,433.47863277609144
710418,episodic_length,153.0
710656,value_loss,0.0066734845750033855
710656,policy_loss,0.00151897594332695
710656,approx_kl,0.0032825730741024017
710656,clipfrac,0.049609375
710656,explained_variance,0.79154472053051
710656,sps,545.0
710656,kl_beta,0.5
710760,episodic_return,1189.7575388849764
710760,episodic_length,341.0
711761,episodic_return,3175.9053174283335
711761,episodic_length,1000.0
712034,episodic_return,917.4723862105833
712034,episodic_length,272.0
712704,value_loss,0.001481552142649889
712704,policy_loss,-0.021517742425203323
712704,approx_kl,0.012415713630616665
712704,clipfrac,0.152783203125
712704,explained_variance,0.8478419780731201
712704,sps,545.0
712704,kl_beta,0.5
713035,episodic_return,3315.4686578018113
713035,episodic_length,1000.0
714036,episodic_return,3181.1806739340996
714036,episodic_length,1000.0
714662,episodic_return,2109.3094407453095
714662,episodic_length,625.0
714752,value_loss,0.004454622510820627
714752,policy_loss,-0.020441563799977303
714752,approx_kl,0.01639675721526146
714752,clipfrac,0.115673828125
714752,explained_variance,0.6535279750823975
714752,sps,545.0
714752,kl_beta,1.0
715663,episodic_return,3202.252686376521
715663,episodic_length,1000.0
715988,episodic_return,1132.0454733999684
715988,episodic_length,324.0
716293,episodic_return,1077.431939234604
716293,episodic_length,304.0
716680,episodic_return,1344.145309916157
716680,episodic_length,386.0
716800,value_loss,0.0013018838362768292
716800,policy_loss,0.025099370628595352
716800,approx_kl,0.011235284619033337
716800,clipfrac,0.029833984375
716800,explained_variance,0.8698263913393021
716800,sps,545.0
716800,kl_beta,1.0
717681,episodic_return,3247.2652527907594
717681,episodic_length,1000.0
718011,episodic_return,1116.46048431835
718011,episodic_length,329.0
718848,value_loss,0.0020814724266529083
718848,policy_loss,-0.005295314826071262
718848,approx_kl,0.0033766543492674828
718848,clipfrac,0.027880859375
718848,explained_variance,0.7235905528068542
718848,sps,545.0
718848,kl_beta,0.5
719012,episodic_return,3220.4172947056354
719012,episodic_length,1000.0
719620,episodic_return,2051.6970850971006
719620,episodic_length,607.0
720383,episodic_return,2593.1044434222017
720383,episodic_length,762.0
720896,value_loss,0.02861684001982212
720896,policy_loss,-0.010986587963998318
720896,approx_kl,0.0291807372123003
720896,clipfrac,0.144775390625
720896,explained_variance,0.8273167759180069
720896,sps,545.0
720896,kl_beta,1.0
720985,episodic_return,2034.5230535800663
720985,episodic_length,601.0
721704,episodic_return,2448.034415776528
721704,episodic_length,718.0
722182,episodic_return,1657.552219743695
722182,episodic_length,477.0
722797,episodic_return,2069.8753913152445
722797,episodic_length,614.0
722944,value_loss,0.0013720025308430195
722944,policy_loss,-0.041504960507154465
722944,approx_kl,0.01023185532540083
722944,clipfrac,0.09375
722944,explained_variance,0.9737364035099745
722944,sps,545.0
722944,kl_beta,1.0
723692,episodic_return,2999.3822460265596
723692,episodic_length,894.0
723927,episodic_return,783.0397028129704
723927,episodic_length,234.0
724189,episodic_return,877.2488786094113
724189,episodic_length,261.0
724426,episodic_return,811.9159269532315
724426,episodic_length,236.0
724992,value_loss,0.0007435143343172967
724992,policy_loss,-0.030696813017129898
724992,approx_kl,0.010353612713515759
724992,clipfrac,0.055322265625
724992,explained_variance,0.9766507111489773
724992,sps,545.0
724992,kl_beta,1.0
725427,episodic_return,3217.153838057588
725427,episodic_length,1000.0
725658,episodic_return,791.6139632348162
725658,episodic_length,230.0
725999,episodic_return,1144.0184604228793
725999,episodic_length,340.0
727000,episodic_return,3178.081677373011
727000,episodic_length,1000.0
727040,value_loss,0.009945552796125412
727040,policy_loss,0.033808689564466476
727040,approx_kl,0.004681865684688091
727040,clipfrac,0.030078125
727040,explained_variance,0.7116450369358063
727040,sps,545.0
727040,kl_beta,0.5
727774,episodic_return,2611.7067291670273
727774,episodic_length,773.0
728775,episodic_return,3197.2613401688927
728775,episodic_length,1000.0
729088,value_loss,0.009076302871108055
729088,policy_loss,-0.01833188906311989
729088,approx_kl,0.011679522693157196
729088,clipfrac,0.089306640625
729088,explained_variance,0.7287765443325043
729088,sps,545.0
729088,kl_beta,0.5
729776,episodic_return,3185.5398718695346
729776,episodic_length,1000.0
730777,episodic_return,3230.993916291599
730777,episodic_length,1000.0
731136,value_loss,0.02511497773230076
731136,policy_loss,-0.03150327503681183
731136,approx_kl,0.021697212010622025
731136,clipfrac,0.152197265625
731136,explained_variance,0.027225255966186523
731136,sps,545.0
731136,kl_beta,1.0
731765,episodic_return,3341.033311385782
731765,episodic_length,987.0
732269,episodic_return,1681.6476519416706
732269,episodic_length,503.0
732711,episodic_return,1558.312806677524
732711,episodic_length,441.0
733184,value_loss,0.003174885641783476
733184,policy_loss,-0.0675358921289444
733184,approx_kl,0.017282795161008835
733184,clipfrac,0.061279296875
733184,explained_variance,0.9673413969576359
733184,sps,545.0
733184,kl_beta,2.0
733712,episodic_return,3205.6070117046715
733712,episodic_length,1000.0
734107,episodic_return,1384.8695786570574
734107,episodic_length,394.0
734447,episodic_return,1162.2324132090882
734447,episodic_length,339.0
734868,episodic_return,1426.5979760649157
734868,episodic_length,420.0
735232,value_loss,0.0023222952149808407
735232,policy_loss,-0.00683584064245224
735232,approx_kl,0.0016347989439964294
735232,clipfrac,0.007958984375
735232,explained_variance,0.8710649609565735
735232,sps,545.0
735232,kl_beta,1.0
735289,episodic_return,1421.7338145025567
735289,episodic_length,420.0
735631,episodic_return,1163.2627605701316
735631,episodic_length,341.0
736135,episodic_return,1678.3321457862876
736135,episodic_length,503.0
736753,episodic_return,2046.0722402399272
736753,episodic_length,617.0
737013,episodic_return,911.8380465458299
737013,episodic_length,259.0
737280,value_loss,0.000696166418492794
737280,policy_loss,0.00358609389513731
737280,approx_kl,0.007127719931304455
737280,clipfrac,0.046435546875
737280,explained_variance,0.9758588075637817
737280,sps,545.0
737280,kl_beta,1.0
737400,episodic_return,1354.070757607343
737400,episodic_length,386.0
738091,episodic_return,2352.4074829288843
738091,episodic_length,690.0
738981,episodic_return,2987.7535846330006
738981,episodic_length,889.0
739328,value_loss,0.0004315486585255712
739328,policy_loss,-0.01474378164857626
739328,approx_kl,0.012296435423195362
739328,clipfrac,0.066552734375
739328,explained_variance,0.9833528269082308
739328,sps,545.0
739328,kl_beta,1.0
739635,episodic_return,2246.9751766179666
739635,episodic_length,653.0
739929,episodic_return,1021.8437895930238
739929,episodic_length,293.0
740538,episodic_return,2055.988107194597
740538,episodic_length,608.0
740909,episodic_return,1257.9273853125687
740909,episodic_length,370.0
741376,value_loss,0.0004077872436027974
741376,policy_loss,0.007873686030507088
741376,approx_kl,0.008831026032567024
741376,clipfrac,0.0333984375
741376,explained_variance,0.980894586071372
741376,sps,545.0
741376,kl_beta,1.0
741473,episodic_return,1935.221676592866
741473,episodic_length,563.0
742370,episodic_return,3021.439082621479
742370,episodic_length,896.0
743361,episodic_return,3298.4231027614414
743361,episodic_length,990.0
743424,value_loss,0.0009448034688830376
743424,policy_loss,-0.01913861557841301
743424,approx_kl,0.0037005217745900154
743424,clipfrac,0.02431640625
743424,explained_variance,0.9827753752470016
743424,sps,545.0
743424,kl_beta,0.5
743743,episodic_return,1327.1643635425692
743743,episodic_length,381.0
744744,episodic_return,3194.89576410556
744744,episodic_length,1000.0
745234,episodic_return,1695.4092661934742
745234,episodic_length,489.0
745472,value_loss,0.03458045423030853
745472,policy_loss,-0.06444543600082397
745472,approx_kl,0.031830139458179474
745472,clipfrac,0.193017578125
745472,explained_variance,0.8323841392993927
745472,sps,545.0
745472,kl_beta,1.0
745570,episodic_return,1153.648092653515
745570,episodic_length,335.0
746571,episodic_return,3193.9393420549663
746571,episodic_length,1000.0
746917,episodic_return,1173.7302997009685
746917,episodic_length,345.0
747428,episodic_return,1707.0834896367608
747428,episodic_length,510.0
747520,value_loss,0.010087281465530396
747520,policy_loss,0.004747479222714901
747520,approx_kl,0.008650134317576885
747520,clipfrac,0.060400390625
747520,explained_variance,0.8604623675346375
747520,sps,545.0
747520,kl_beta,1.0
747891,episodic_return,1610.0469339699982
747891,episodic_length,462.0
748307,episodic_return,1446.6546971184125
748307,episodic_length,415.0
748649,episodic_return,1155.5234607871084
748649,episodic_length,341.0
749213,episodic_return,1931.9800400943402
749213,episodic_length,563.0
749533,episodic_return,1092.3844124739505
749533,episodic_length,319.0
749568,value_loss,0.009248261339962482
749568,policy_loss,-0.019187740981578827
749568,approx_kl,0.01622772216796875
749568,clipfrac,0.04541015625
749568,explained_variance,0.9755289796739817
749568,sps,545.0
749568,kl_beta,2.0
750060,episodic_return,1803.813467878541
750060,episodic_length,526.0
751061,episodic_return,3189.490677724486
751061,episodic_length,1000.0
751324,episodic_return,916.028760469233
751324,episodic_length,262.0
751616,value_loss,0.0789773017168045
751616,policy_loss,-0.00044992752373218536
751616,approx_kl,0.0022548502311110497
751616,clipfrac,0.01103515625
751616,explained_variance,0.8806333839893341
751616,sps,545.0
751616,kl_beta,1.0
751620,episodic_return,1014.9241437873641
751620,episodic_length,295.0
752621,episodic_return,3267.1823542592842
752621,episodic_length,1000.0
752876,episodic_return,884.3492289184377
752876,episodic_length,254.0
753527,episodic_return,2182.6550440251985
753527,episodic_length,650.0
753664,value_loss,0.002659875899553299
753664,policy_loss,-0.021927714347839355
753664,approx_kl,0.011823677457869053
753664,clipfrac,0.06025390625
753664,explained_variance,0.9069980680942535
753664,sps,545.0
753664,kl_beta,1.0
753897,episodic_return,1284.6093784799557
753897,episodic_length,369.0
754609,episodic_return,2452.420151490406
754609,episodic_length,711.0
755610,episodic_return,3260.769747892681
755610,episodic_length,1000.0
755712,value_loss,0.018211420625448227
755712,policy_loss,-0.05218205973505974
755712,approx_kl,0.0077454932034015656
755712,clipfrac,0.056884765625
755712,explained_variance,0.8469559848308563
755712,sps,545.0
755712,kl_beta,1.0
756472,episodic_return,2942.996431494093
756472,episodic_length,861.0
757473,episodic_return,3228.055720283626
757473,episodic_length,1000.0
757760,value_loss,0.0013973708264529705
757760,policy_loss,0.0027641570195555687
757760,approx_kl,0.007926440797746181
757760,clipfrac,0.048046875
757760,explained_variance,0.7640575170516968
757760,sps,545.0
757760,kl_beta,1.0
757818,episodic_return,1173.011900703468
757818,episodic_length,344.0
758388,episodic_return,1942.8490057568874
758388,episodic_length,569.0
758784,episodic_return,1393.0749756014736
758784,episodic_length,395.0
759324,episodic_return,1780.6785840217963
759324,episodic_length,539.0
759808,value_loss,0.010009082034230232
759808,policy_loss,-0.018703587353229523
759808,approx_kl,0.008662942796945572
759808,clipfrac,0.059912109375
759808,explained_variance,0.9745736438781023
759808,sps,546.0
759808,kl_beta,1.0
760325,episodic_return,3246.0544867820295
760325,episodic_length,1000.0
761087,episodic_return,2627.8631862717803
761087,episodic_length,761.0
761576,episodic_return,1676.5154996314025
761576,episodic_length,488.0
761856,value_loss,0.01645999774336815
761856,policy_loss,0.019085537642240524
761856,approx_kl,0.012970966286957264
761856,clipfrac,0.060498046875
761856,explained_variance,0.8356543630361557
761856,sps,546.0
761856,kl_beta,1.0
762256,episodic_return,2298.780248038599
762256,episodic_length,679.0
763257,episodic_return,3287.265398687745
763257,episodic_length,1000.0
763904,value_loss,0.023438120260834694
763904,policy_loss,-0.014144744724035263
763904,approx_kl,0.01169859990477562
763904,clipfrac,0.0630859375
763904,explained_variance,0.8232445120811462
763904,sps,546.0
763904,kl_beta,1.0
763957,episodic_return,2380.4423247861278
763957,episodic_length,699.0
764349,episodic_return,1386.1823144589046
764349,episodic_length,391.0
765078,episodic_return,2481.1731159485503
765078,episodic_length,728.0
765215,episodic_return,351.427510712018
765215,episodic_length,136.0
765546,episodic_return,1094.1344059656305
765546,episodic_length,330.0
765931,episodic_return,1324.383186889847
765931,episodic_length,384.0
765952,value_loss,0.0031168365385383368
765952,policy_loss,-0.011365098878741264
765952,approx_kl,0.003614785149693489
765952,clipfrac,0.043798828125
765952,explained_variance,0.9074314534664154
765952,sps,546.0
765952,kl_beta,0.5
766623,episodic_return,2358.198173446371
766623,episodic_length,691.0
767086,episodic_return,1607.1557214574284
767086,episodic_length,462.0
768000,value_loss,0.0031510372646152973
768000,policy_loss,0.012013671919703484
768000,approx_kl,0.009576271288096905
768000,clipfrac,0.08623046875
768000,explained_variance,0.9719949904829264
768000,sps,546.0
768000,kl_beta,0.5
768066,episodic_return,3282.4655682910193
768066,episodic_length,979.0
768442,episodic_return,1332.82750727132
768442,episodic_length,375.0
768739,episodic_return,1031.2373843726505
768739,episodic_length,296.0
769104,episodic_return,1235.1936709086492
769104,episodic_length,364.0
769426,episodic_return,1101.5856989898887
769426,episodic_length,321.0
769738,episodic_return,1101.264444246164
769738,episodic_length,311.0
770002,episodic_return,904.2058591912589
770002,episodic_length,263.0
770048,value_loss,0.0017295400612056255
770048,policy_loss,0.04549837112426758
770048,approx_kl,0.02423747256398201
770048,clipfrac,0.104638671875
770048,explained_variance,0.979802867397666
770048,sps,546.0
770048,kl_beta,1.0
770350,episodic_return,1195.7732196960835
770350,episodic_length,347.0
770668,episodic_return,1127.0633956400632
770668,episodic_length,317.0
771324,episodic_return,2238.6655194592718
771324,episodic_length,655.0
771610,episodic_return,949.6933294955069
771610,episodic_length,285.0
771937,episodic_return,1105.7939844808232
771937,episodic_length,326.0
772096,value_loss,0.0010639869142323732
772096,policy_loss,-0.04338809847831726
772096,approx_kl,0.01572025753557682
772096,clipfrac,0.03916015625
772096,explained_variance,0.9780920147895813
772096,sps,546.0
772096,kl_beta,2.0
772249,episodic_return,1097.5263970388426
772249,episodic_length,311.0
772521,episodic_return,915.6718818234856
772521,episodic_length,271.0
772827,episodic_return,1065.7680830515258
772827,episodic_length,305.0
773292,episodic_return,1616.1447964797833
773292,episodic_length,464.0
773596,episodic_return,1055.0104564443052
773596,episodic_length,303.0
773888,episodic_return,990.3971608233488
773888,episodic_length,291.0
774144,value_loss,0.0004961438244208694
774144,policy_loss,-0.015746010467410088
774144,approx_kl,0.0011054901406168938
774144,clipfrac,0.0091796875
774144,explained_variance,0.9826846960932016
774144,sps,546.0
774144,kl_beta,1.0
774224,episodic_return,1163.472406333183
774224,episodic_length,335.0
774548,episodic_return,1148.256737377581
774548,episodic_length,323.0
774896,episodic_return,1190.6009335423848
774896,episodic_length,347.0
775235,episodic_return,1160.0527284227635
775235,episodic_length,338.0
775653,episodic_return,1428.502592875106
775653,episodic_length,417.0
775990,episodic_return,1166.9866183550673
775990,episodic_length,336.0
776192,value_loss,0.00031953962752595544
776192,policy_loss,0.018354203552007675
776192,approx_kl,0.0033178403973579407
776192,clipfrac,0.030224609375
776192,explained_variance,0.9886126210913062
776192,sps,546.0
776192,kl_beta,0.5
776605,episodic_return,2081.870404878403
776605,episodic_length,614.0
776923,episodic_return,1124.2464599163623
776923,episodic_length,317.0
777709,episodic_return,2660.4703135753794
777709,episodic_length,785.0
778143,episodic_return,1493.5111676973602
778143,episodic_length,433.0
778240,value_loss,0.00016113639867398888
778240,policy_loss,0.03143243491649628
778240,approx_kl,0.02827296033501625
778240,clipfrac,0.058203125
778240,explained_variance,0.9858160987496376
778240,sps,545.0
778240,kl_beta,1.0
778472,episodic_return,1125.3713300195834
778472,episodic_length,328.0
778883,episodic_return,1420.7984710385767
778883,episodic_length,410.0
779220,episodic_return,1176.292782514817
779220,episodic_length,336.0
779818,episodic_return,2040.1529441507844
779818,episodic_length,597.0
780288,value_loss,0.00045009475434198976
780288,policy_loss,-0.022524893283843994
780288,approx_kl,0.005556374788284302
780288,clipfrac,0.033740234375
780288,explained_variance,0.9860408371314406
780288,sps,545.0
780288,kl_beta,0.5
780372,episodic_return,1926.2815989915543
780372,episodic_length,553.0
781250,episodic_return,2951.3484428400793
781250,episodic_length,877.0
782213,episodic_return,3290.0138460660014
782213,episodic_length,962.0
782336,value_loss,0.003894746769219637
782336,policy_loss,-0.05246284231543541
782336,approx_kl,0.021075284108519554
782336,clipfrac,0.14482421875
782336,explained_variance,0.9867801759392023
782336,sps,546.0
782336,kl_beta,1.0
782549,episodic_return,1146.8605661714296
782549,episodic_length,335.0
783179,episodic_return,2158.43599152344
783179,episodic_length,629.0
783639,episodic_return,1571.4645968269683
783639,episodic_length,459.0
784150,episodic_return,1710.933986306802
784150,episodic_length,510.0
784384,value_loss,0.0003346997546032071
784384,policy_loss,-0.016429610550403595
784384,approx_kl,0.006600189954042435
784384,clipfrac,0.040234375
784384,explained_variance,0.9823133777827024
784384,sps,546.0
784384,kl_beta,0.5
784493,episodic_return,1191.203771290972
784493,episodic_length,342.0
784792,episodic_return,1048.61636199721
784792,episodic_length,298.0
785208,episodic_return,1434.1477203773109
785208,episodic_length,415.0
785536,episodic_return,1145.0085290057573
785536,episodic_length,327.0
785866,episodic_return,1137.1532761002711
785866,episodic_length,329.0
786184,episodic_return,1093.2856580203547
786184,episodic_length,317.0
786432,value_loss,0.00038052265881560743
786432,policy_loss,0.007161105051636696
786432,approx_kl,0.020162273198366165
786432,clipfrac,0.112109375
786432,explained_variance,0.9826347175985575
786432,sps,546.0
786432,kl_beta,1.0
786504,episodic_return,1095.4099023505223
786504,episodic_length,319.0
786853,episodic_return,1182.2258497325731
786853,episodic_length,348.0
787158,episodic_return,1068.688707486451
787158,episodic_length,304.0
787553,episodic_return,1387.1977773803615
787553,episodic_length,394.0
787881,episodic_return,1146.423022534043
787881,episodic_length,327.0
788480,value_loss,0.0006184133235365152
788480,policy_loss,-0.0026263846084475517
788480,approx_kl,0.009857927449047565
788480,clipfrac,0.043994140625
788480,explained_variance,0.9862677501514554
788480,sps,546.0
788480,kl_beta,1.0
788686,episodic_return,2759.5683948535166
788686,episodic_length,804.0
789402,episodic_return,2463.230567453157
789402,episodic_length,715.0
789813,episodic_return,1413.5181327286432
789813,episodic_length,410.0
790322,episodic_return,1735.711509509752
790322,episodic_length,508.0
790528,value_loss,0.00045989188947714865
790528,policy_loss,-0.015623556450009346
790528,approx_kl,0.004383375868201256
790528,clipfrac,0.027978515625
790528,explained_variance,0.986400063149631
790528,sps,546.0
790528,kl_beta,0.5
790785,episodic_return,1599.492839960042
790785,episodic_length,462.0
791285,episodic_return,1717.9686749602922
791285,episodic_length,499.0
791596,episodic_return,1081.4227725459702
791596,episodic_length,310.0
791944,episodic_return,1194.0639241020276
791944,episodic_length,347.0
792480,episodic_return,1861.164064672568
792480,episodic_length,535.0
792576,value_loss,0.0005403779214248061
792576,policy_loss,-0.060829173773527145
792576,approx_kl,0.019842540845274925
792576,clipfrac,0.1173828125
792576,explained_variance,0.9865397093817592
792576,sps,546.0
792576,kl_beta,1.0
792827,episodic_return,1196.8110098529446
792827,episodic_length,346.0
793202,episodic_return,1296.8155045144663
793202,episodic_length,374.0
793581,episodic_return,1308.4062268151529
793581,episodic_length,378.0
793910,episodic_return,1142.6125930527126
793910,episodic_length,328.0
794420,episodic_return,1718.1371208620003
794420,episodic_length,509.0
794624,value_loss,0.0003399628330953419
794624,policy_loss,0.003336699679493904
794624,approx_kl,0.00444437749683857
794624,clipfrac,0.036767578125
794624,explained_variance,0.9852573918178678
794624,sps,546.0
794624,kl_beta,0.5
794993,episodic_return,1964.9663871852304
794993,episodic_length,572.0
795994,episodic_return,3342.0562362708233
795994,episodic_length,1000.0
796381,episodic_return,1343.426651717467
796381,episodic_length,386.0
796672,value_loss,0.01042652502655983
796672,policy_loss,0.050264209508895874
796672,approx_kl,0.03604844957590103
796672,clipfrac,0.094921875
796672,explained_variance,0.9597457125782967
796672,sps,546.0
796672,kl_beta,1.0
796874,episodic_return,1701.8865234953914
796874,episodic_length,492.0
797349,episodic_return,1654.7656168048513
797349,episodic_length,474.0
797681,episodic_return,1131.1370175372947
797681,episodic_length,331.0
798032,episodic_return,1210.8805992979926
798032,episodic_length,350.0
798375,episodic_return,1180.0079006414053
798375,episodic_length,342.0
798645,episodic_return,917.9598622244852
798645,episodic_length,269.0
798720,value_loss,0.0002869542804546654
798720,policy_loss,-3.968086093664169e-05
798720,approx_kl,0.0058705443516373634
798720,clipfrac,0.021240234375
798720,explained_variance,0.985999452881515
798720,sps,546.0
798720,kl_beta,0.5
799125,episodic_return,1651.0638151451753
799125,episodic_length,479.0
799759,episodic_return,2186.5654863526256
799759,episodic_length,633.0
800196,episodic_return,1458.367665470203
800196,episodic_length,436.0
800768,value_loss,0.00040539633482694626
800768,policy_loss,0.025912782177329063
800768,approx_kl,0.011369978077709675
800768,clipfrac,0.0708984375
800768,explained_variance,0.9894767915830016
800768,sps,546.0
800768,kl_beta,0.5
800844,episodic_return,2227.051835532138
800844,episodic_length,647.0
801135,episodic_return,1001.8720513502336
801135,episodic_length,290.0
801671,episodic_return,1853.9881504258472
801671,episodic_length,535.0
802482,episodic_return,2752.891568030953
802482,episodic_length,810.0
802816,value_loss,0.0004702892038039863
802816,policy_loss,0.002672215923666954
802816,approx_kl,0.017445269972085953
802816,clipfrac,0.116015625
802816,explained_variance,0.9872085694223642
802816,sps,546.0
802816,kl_beta,1.0
803055,episodic_return,1956.8384300475986
803055,episodic_length,572.0
803459,episodic_return,1408.4919630088748
803459,episodic_length,403.0
803736,episodic_return,928.0019277634879
803736,episodic_length,276.0
804650,episodic_return,3087.215250830344
804650,episodic_length,913.0
804864,value_loss,0.00026303366757929325
804864,policy_loss,-0.0031625228002667427
804864,approx_kl,0.004539980553090572
804864,clipfrac,0.0453125
804864,explained_variance,0.9852845594286919
804864,sps,546.0
804864,kl_beta,0.5
805010,episodic_return,1229.378300013116
805010,episodic_length,359.0
805286,episodic_return,928.4664630566341
805286,episodic_length,275.0
805684,episodic_return,1390.111201420244
805684,episodic_length,397.0
806357,episodic_return,2284.616307052158
806357,episodic_length,672.0
806838,episodic_return,1656.7382788404366
806838,episodic_length,480.0
806912,value_loss,0.0002690416295081377
806912,policy_loss,0.0011327913962304592
806912,approx_kl,0.006868730299174786
806912,clipfrac,0.09541015625
806912,explained_variance,0.9827525056898594
806912,sps,546.0
806912,kl_beta,0.5
807275,episodic_return,1540.0911719528124
807275,episodic_length,436.0
807623,episodic_return,1176.5665920943427
807623,episodic_length,347.0
807864,episodic_return,825.1527691553875
807864,episodic_length,240.0
808239,episodic_return,1326.194542151806
808239,episodic_length,374.0
808606,episodic_return,1237.5473653367865
808606,episodic_length,366.0
808954,episodic_return,1212.2025882777054
808954,episodic_length,347.0
808960,value_loss,0.00043483340414240956
808960,policy_loss,-0.0013284632004797459
808960,approx_kl,0.00892376434057951
808960,clipfrac,0.052978515625
808960,explained_variance,0.9845540896058083
808960,sps,546.0
808960,kl_beta,0.5
809327,episodic_return,1306.4164128417322
809327,episodic_length,372.0
809723,episodic_return,1390.3632400523588
809723,episodic_length,395.0
810724,episodic_return,3262.107057397268
810724,episodic_length,1000.0
811008,value_loss,0.0006674890173599124
811008,policy_loss,-0.042798567563295364
811008,approx_kl,0.010222253389656544
811008,clipfrac,0.070703125
811008,explained_variance,0.8893029317259789
811008,sps,546.0
811008,kl_beta,0.5
811075,episodic_return,1221.6584055365784
811075,episodic_length,350.0
812076,episodic_return,3212.01509771296
812076,episodic_length,1000.0
813056,value_loss,0.02379181608557701
813056,policy_loss,-0.051095280796289444
813056,approx_kl,0.020144328474998474
813056,clipfrac,0.107373046875
813056,explained_variance,0.738427072763443
813056,sps,546.0
813056,kl_beta,1.0
813077,episodic_return,3204.0196011156495
813077,episodic_length,1000.0
813658,episodic_return,1955.3347729995153
813658,episodic_length,580.0
814273,episodic_return,2126.356609895355
814273,episodic_length,614.0
814459,episodic_return,574.5052856518538
814459,episodic_length,185.0
815104,value_loss,0.0034399423748254776
815104,policy_loss,-0.0014807013794779778
815104,approx_kl,0.009618078358471394
815104,clipfrac,0.033447265625
815104,explained_variance,0.8637171536684036
815104,sps,546.0
815104,kl_beta,1.0
815460,episodic_return,3257.9268169573143
815460,episodic_length,1000.0
816461,episodic_return,3242.5684645970655
816461,episodic_length,1000.0
817152,value_loss,0.011176287196576595
817152,policy_loss,0.0020474428310990334
817152,approx_kl,0.0034858649596571922
817152,clipfrac,0.044580078125
817152,explained_variance,0.1663135290145874
817152,sps,546.0
817152,kl_beta,0.5
817462,episodic_return,3204.786918539834
817462,episodic_length,1000.0
817910,episodic_return,1531.2862609978886
817910,episodic_length,447.0
818421,episodic_return,1765.3656725652809
818421,episodic_length,510.0
819115,episodic_return,2396.0120769723103
819115,episodic_length,693.0
819200,value_loss,0.06223495677113533
819200,policy_loss,-0.04310442507266998
819200,approx_kl,0.0275726355612278
819200,clipfrac,0.171826171875
819200,explained_variance,0.8708389699459076
819200,sps,546.0
819200,kl_beta,1.0
819811,episodic_return,2415.9117524798967
819811,episodic_length,695.0
820131,episodic_return,1128.4466833289782
820131,episodic_length,319.0
820459,episodic_return,1119.1898385360826
820459,episodic_length,327.0
821107,episodic_return,2179.2142368787945
821107,episodic_length,647.0
821248,value_loss,0.006146490108221769
821248,policy_loss,0.012157685123383999
821248,approx_kl,0.0024505099281668663
821248,clipfrac,0.02138671875
821248,explained_variance,0.9767098855227232
821248,sps,546.0
821248,kl_beta,0.5
821905,episodic_return,2711.10340234776
821905,episodic_length,797.0
822275,episodic_return,1302.3783122964799
822275,episodic_length,369.0
822697,episodic_return,1434.924710311785
822697,episodic_length,421.0
823296,value_loss,0.0004702229634858668
823296,policy_loss,-0.04120729863643646
823296,approx_kl,0.020549122244119644
823296,clipfrac,0.1015625
823296,explained_variance,0.984244542196393
823296,sps,546.0
823296,kl_beta,1.0
823698,episodic_return,3209.045717722967
823698,episodic_length,1000.0
824030,episodic_return,1148.869353647175
824030,episodic_length,331.0
824369,episodic_return,1192.0774446709415
824369,episodic_length,338.0
825342,episodic_return,3317.5333296043973
825342,episodic_length,972.0
825344,value_loss,0.0036625016946345568
825344,policy_loss,-0.0029802359640598297
825344,approx_kl,0.004928078502416611
825344,clipfrac,0.0234375
825344,explained_variance,0.874566376209259
825344,sps,546.0
825344,kl_beta,0.5
826249,episodic_return,3059.6123454437993
826249,episodic_length,906.0
826573,episodic_return,1158.8644556181694
826573,episodic_length,323.0
826900,episodic_return,1129.4408527517817
826900,episodic_length,326.0
827217,episodic_return,1104.9873334176912
827217,episodic_length,316.0
827392,value_loss,0.0004425009246915579
827392,policy_loss,0.007514179218560457
827392,approx_kl,0.01324064377695322
827392,clipfrac,0.118603515625
827392,explained_variance,0.9827497825026512
827392,sps,546.0
827392,kl_beta,0.5
828218,episodic_return,3207.9428684073278
828218,episodic_length,1000.0
829079,episodic_return,2910.5596846651924
829079,episodic_length,860.0
829440,value_loss,0.0317021869122982
829440,policy_loss,0.010829109698534012
829440,approx_kl,0.007015816867351532
829440,clipfrac,0.045947265625
829440,explained_variance,0.7210686504840851
829440,sps,546.0
829440,kl_beta,0.5
830080,episodic_return,3269.1617801289744
830080,episodic_length,1000.0
830386,episodic_return,1069.689625183219
830386,episodic_length,305.0
831267,episodic_return,2996.94696898709
831267,episodic_length,880.0
831488,value_loss,0.0008789413259364665
831488,policy_loss,-0.018252938985824585
831488,approx_kl,0.0062316227704286575
831488,clipfrac,0.051953125
831488,explained_variance,0.9223581179976463
831488,sps,546.0
831488,kl_beta,0.25
831940,episodic_return,2260.3865783383585
831940,episodic_length,672.0
832778,episodic_return,2874.8076720218855
832778,episodic_length,837.0
833303,episodic_return,1802.921911079921
833303,episodic_length,524.0
833536,value_loss,0.0005282372003421187
833536,policy_loss,-0.011176376603543758
833536,approx_kl,0.01828611269593239
833536,clipfrac,0.07900390625
833536,explained_variance,0.9850830184295774
833536,sps,546.0
833536,kl_beta,0.5
834304,episodic_return,3261.8767122942154
834304,episodic_length,1000.0
835243,episodic_return,3205.839784925847
835243,episodic_length,938.0
835536,episodic_return,1034.70566521034
835536,episodic_length,292.0
835584,value_loss,0.020422890782356262
835584,policy_loss,-0.14800304174423218
835584,approx_kl,0.0382014662027359
835584,clipfrac,0.096533203125
835584,explained_variance,0.8292646408081055
835584,sps,546.0
835584,kl_beta,1.0
835851,episodic_return,1101.3986553798948
835851,episodic_length,314.0
836251,episodic_return,1382.5955435410574
836251,episodic_length,399.0
836604,episodic_return,1195.9573793030866
836604,episodic_length,352.0
836945,episodic_return,1179.449795632871
836945,episodic_length,340.0
837350,episodic_return,1395.7101609233814
837350,episodic_length,404.0
837632,value_loss,0.00030389573657885194
837632,policy_loss,-0.015436786226928234
837632,approx_kl,0.003613957203924656
837632,clipfrac,0.031689453125
837632,explained_variance,0.9850573958829045
837632,sps,546.0
837632,kl_beta,0.5
838116,episodic_return,2635.63372607887
838116,episodic_length,765.0
838443,episodic_return,1148.13880452535
838443,episodic_length,326.0
839021,episodic_return,1979.722983651852
839021,episodic_length,577.0
839506,episodic_return,1666.6102574730858
839506,episodic_length,484.0
839680,value_loss,0.0005099509726278484
839680,policy_loss,0.013228161260485649
839680,approx_kl,0.01815776899456978
839680,clipfrac,0.0611328125
839680,explained_variance,0.9862546920776367
839680,sps,546.0
839680,kl_beta,1.0
840057,episodic_return,1907.345327659644
840057,episodic_length,550.0
840391,episodic_return,1175.7410923828265
840391,episodic_length,333.0
840719,episodic_return,1156.5259685487456
840719,episodic_length,327.0
841168,episodic_return,1557.980683816199
841168,episodic_length,448.0
841470,episodic_return,1055.6987346196745
841470,episodic_length,301.0
841728,value_loss,0.00023270383826456964
841728,policy_loss,0.0003895442932844162
841728,approx_kl,0.005381422117352486
841728,clipfrac,0.0458984375
841728,explained_variance,0.9861305356025696
841728,sps,546.0
841728,kl_beta,0.5
842119,episodic_return,2198.0870012132823
842119,episodic_length,648.0
842397,episodic_return,935.8385892163485
842397,episodic_length,277.0
843282,episodic_return,3011.674929566014
843282,episodic_length,884.0
843673,episodic_return,1368.1240223621917
843673,episodic_length,390.0
843776,value_loss,0.0024979484733194113
843776,policy_loss,-0.17124375700950623
843776,approx_kl,0.04054815322160721
843776,clipfrac,0.08544921875
843776,explained_variance,0.9766094125807285
843776,sps,546.0
843776,kl_beta,1.0
844073,episodic_return,1391.5603628287126
844073,episodic_length,399.0
844470,episodic_return,1411.5719270970283
844470,episodic_length,396.0
844854,episodic_return,1370.9017481987394
844854,episodic_length,383.0
845165,episodic_return,1091.8885582977264
845165,episodic_length,310.0
845490,episodic_return,1144.355420229338
845490,episodic_length,324.0
845821,episodic_return,1156.5794874597611
845821,episodic_length,330.0
845824,value_loss,0.00040978973265737295
845824,policy_loss,-0.018243279308080673
845824,approx_kl,0.0027693258598446846
845824,clipfrac,0.04521484375
845824,explained_variance,0.9850175697356462
845824,sps,546.0
845824,kl_beta,0.5
846699,episodic_return,2980.698966756618
846699,episodic_length,877.0
847220,episodic_return,1829.1584022076202
847220,episodic_length,520.0
847733,episodic_return,1706.88955319496
847733,episodic_length,512.0
847872,value_loss,0.00048136062105186284
847872,policy_loss,0.015709100291132927
847872,approx_kl,0.015579093247652054
847872,clipfrac,0.095458984375
847872,explained_variance,0.9848574604839087
847872,sps,546.0
847872,kl_beta,1.0
848081,episodic_return,1194.4190701163673
848081,episodic_length,347.0
848791,episodic_return,2421.8144436069015
848791,episodic_length,709.0
849647,episodic_return,2938.100698627765
849647,episodic_length,855.0
849920,value_loss,0.0001615379733266309
849920,policy_loss,-0.007187541574239731
849920,approx_kl,0.004133213311433792
849920,clipfrac,0.027490234375
849920,explained_variance,0.9868553141131997
849920,sps,546.0
849920,kl_beta,0.5
850085,episodic_return,1501.916854304657
850085,episodic_length,437.0
850867,episodic_return,2695.801978646068
850867,episodic_length,781.0
851288,episodic_return,1427.1432952331397
851288,episodic_length,420.0
851858,episodic_return,1914.8562937659515
851858,episodic_length,569.0
851968,value_loss,0.0015708381542935967
851968,policy_loss,0.020564163103699684
851968,approx_kl,0.008751709014177322
851968,clipfrac,0.042626953125
851968,explained_variance,0.9839515276253223
851968,sps,546.0
851968,kl_beta,0.5
852101,episodic_return,830.5980245558121
852101,episodic_length,242.0
852430,episodic_return,1180.355105812453
852430,episodic_length,328.0
853170,episodic_return,2529.675390588795
853170,episodic_length,739.0
853687,episodic_return,1790.1499559535625
853687,episodic_length,516.0
854000,episodic_return,1103.2540832928814
854000,episodic_length,312.0
854016,value_loss,0.0004649304028134793
854016,policy_loss,-0.05865836888551712
854016,approx_kl,0.014034929685294628
854016,clipfrac,0.0560546875
854016,explained_variance,0.9827042333781719
854016,sps,546.0
854016,kl_beta,0.5
854363,episodic_return,1289.4165104286687
854363,episodic_length,362.0
854664,episodic_return,1083.586276877574
854664,episodic_length,300.0
855107,episodic_return,1522.0103855701047
855107,episodic_length,442.0
855447,episodic_return,1161.0363515948154
855447,episodic_length,339.0
855814,episodic_return,1245.2452087043719
855814,episodic_length,366.0
856064,value_loss,0.006772404536604881
856064,policy_loss,-0.05434201657772064
856064,approx_kl,0.008751485496759415
856064,clipfrac,0.064697265625
856064,explained_variance,0.9845818318426609
856064,sps,546.0
856064,kl_beta,0.5
856414,episodic_return,2058.4638799148915
856414,episodic_length,599.0
856777,episodic_return,1246.7183960336772
856777,episodic_length,362.0
857031,episodic_return,871.4409664287751
857031,episodic_length,253.0
857349,episodic_return,1115.2649701359
857349,episodic_length,317.0
857616,episodic_return,915.0735160253768
857616,episodic_length,266.0
857906,episodic_return,1008.3746402484016
857906,episodic_length,289.0
858112,value_loss,0.0027921011205762625
858112,policy_loss,0.04514145851135254
858112,approx_kl,0.01091533713042736
858112,clipfrac,0.0521484375
858112,explained_variance,0.9772892612963915
858112,sps,546.0
858112,kl_beta,0.5
858172,episodic_return,918.1786179902739
858172,episodic_length,265.0
858501,episodic_return,1158.4977580617224
858501,episodic_length,328.0
858783,episodic_return,960.7265966817713
858783,episodic_length,281.0
859121,episodic_return,1195.2668551478519
859121,episodic_length,337.0
859447,episodic_return,1145.6925942426778
859447,episodic_length,325.0
859817,episodic_return,1278.6707255806596
859817,episodic_length,369.0
860160,value_loss,0.0005965364398434758
860160,policy_loss,-0.042051419615745544
860160,approx_kl,0.01823747158050537
860160,clipfrac,0.1259765625
860160,explained_variance,0.984541418030858
860160,sps,546.0
860160,kl_beta,1.0
860353,episodic_return,1835.5938696021044
860353,episodic_length,535.0
860863,episodic_return,1736.551184877311
860863,episodic_length,509.0
861266,episodic_return,1415.2167155174388
861266,episodic_length,402.0
861675,episodic_return,1420.6196120327934
861675,episodic_length,408.0
862165,episodic_return,1695.3426202081507
862165,episodic_length,489.0
862208,value_loss,0.0005730307893827558
862208,policy_loss,0.001750255934894085
862208,approx_kl,0.003753955475986004
862208,clipfrac,0.025390625
862208,explained_variance,0.986639304086566
862208,sps,546.0
862208,kl_beta,0.5
862467,episodic_return,1069.9499893229276
862467,episodic_length,301.0
862808,episodic_return,1179.4125795448679
862808,episodic_length,340.0
863106,episodic_return,1073.7024074314465
863106,episodic_length,297.0
863460,episodic_return,1198.663651990031
863460,episodic_length,353.0
863723,episodic_return,913.7229929898186
863723,episodic_length,262.0
864102,episodic_return,1322.083836035339
864102,episodic_length,378.0
864256,value_loss,0.0006993736024014652
864256,policy_loss,-0.027418779209256172
864256,approx_kl,0.01310646254569292
864256,clipfrac,0.112646484375
864256,explained_variance,0.9813107438385487
864256,sps,546.0
864256,kl_beta,0.5
864394,episodic_return,1018.8833518874488
864394,episodic_length,291.0
864742,episodic_return,1204.4145469234015
864742,episodic_length,347.0
865236,episodic_return,1729.1221765079054
865236,episodic_length,493.0
865792,episodic_return,1919.0710808619103
865792,episodic_length,555.0
866185,episodic_return,1375.5962702131183
866185,episodic_length,392.0
866304,value_loss,0.0018016613321378827
866304,policy_loss,0.006028307136148214
866304,approx_kl,0.01336378138512373
866304,clipfrac,0.1216796875
866304,explained_variance,0.9847474861890078
866304,sps,546.0
866304,kl_beta,0.5
866526,episodic_return,1208.1172276049476
866526,episodic_length,340.0
866811,episodic_return,1014.885463803794
866811,episodic_length,284.0
867812,episodic_return,3230.397119579666
867812,episodic_length,1000.0
868149,episodic_return,1205.2963488293296
868149,episodic_length,336.0
868352,value_loss,0.003195970319211483
868352,policy_loss,0.0013972553424537182
868352,approx_kl,0.009575842879712582
868352,clipfrac,0.069189453125
868352,explained_variance,0.8697870820760727
868352,sps,546.0
868352,kl_beta,0.5
868444,episodic_return,1042.7860923777994
868444,episodic_length,294.0
869445,episodic_return,3285.997066635146
869445,episodic_length,1000.0
869916,episodic_return,1663.4189369875512
869916,episodic_length,470.0
870400,value_loss,0.0020204023458063602
870400,policy_loss,0.023791421204805374
870400,approx_kl,0.012561777606606483
870400,clipfrac,0.0939453125
870400,explained_variance,0.8489482402801514
870400,sps,546.0
870400,kl_beta,0.5
870415,episodic_return,1690.4486993762214
870415,episodic_length,498.0
870867,episodic_return,1596.050945177269
870867,episodic_length,451.0
871362,episodic_return,1708.4352136331488
871362,episodic_length,494.0
871962,episodic_return,2038.1858072874145
871962,episodic_length,599.0
872448,value_loss,0.0002901740954257548
872448,policy_loss,-0.013962624594569206
872448,approx_kl,0.004549878649413586
872448,clipfrac,0.048974609375
872448,explained_variance,0.9740471299737692
872448,sps,546.0
872448,kl_beta,0.25
872607,episodic_return,2206.7610278155307
872607,episodic_length,644.0
872941,episodic_return,1145.2556253598032
872941,episodic_length,333.0
873290,episodic_return,1213.5537657270568
873290,episodic_length,348.0
873691,episodic_return,1381.6820594130563
873691,episodic_length,400.0
874007,episodic_return,1117.5723911327773
874007,episodic_length,315.0
874496,value_loss,0.002708999440073967
874496,policy_loss,-0.09629258513450623
874496,approx_kl,0.04888937249779701
874496,clipfrac,0.23251953125
874496,explained_variance,0.9820278715342283
874496,sps,546.0
874496,kl_beta,0.5
874627,episodic_return,2145.3402037147425
874627,episodic_length,619.0
875055,episodic_return,1493.902143609266
875055,episodic_length,427.0
875345,episodic_return,1022.7609440242866
875345,episodic_length,289.0
875711,episodic_return,1281.8587884487388
875711,episodic_length,365.0
875956,episodic_return,865.9939589936818
875956,episodic_length,244.0
876257,episodic_return,1063.2924714763756
876257,episodic_length,300.0
876544,value_loss,0.0002154056419385597
876544,policy_loss,0.012097841128706932
876544,approx_kl,0.00947101041674614
876544,clipfrac,0.037548828125
876544,explained_variance,0.9807355180382729
876544,sps,546.0
876544,kl_beta,0.5
876613,episodic_return,1234.5923496643393
876613,episodic_length,355.0
876919,episodic_return,1077.3866118583467
876919,episodic_length,305.0
877206,episodic_return,995.691535659765
877206,episodic_length,286.0
877584,episodic_return,1313.922578077043
877584,episodic_length,377.0
877843,episodic_return,901.5813952541085
877843,episodic_length,258.0
878130,episodic_return,1002.4892718614772
878130,episodic_length,286.0
878379,episodic_return,873.6796697528357
878379,episodic_length,248.0
878592,value_loss,0.0006835475796833634
878592,policy_loss,-0.010548185557126999
878592,approx_kl,0.006139612756669521
878592,clipfrac,0.035400390625
878592,explained_variance,0.9825128894299269
878592,sps,546.0
878592,kl_beta,0.25
878685,episodic_return,1066.6703275029506
878685,episodic_length,305.0
878979,episodic_return,1033.0359057406279
878979,episodic_length,293.0
879562,episodic_return,1968.2072677897781
879562,episodic_length,582.0
879998,episodic_return,1528.3329981997013
879998,episodic_length,435.0
880331,episodic_return,1176.8859675698839
880331,episodic_length,332.0
880640,value_loss,0.0019469951512292027
880640,policy_loss,-0.036076001822948456
880640,approx_kl,0.02171672135591507
880640,clipfrac,0.098779296875
880640,explained_variance,0.9840822461992502
880640,sps,546.0
880640,kl_beta,0.5
880716,episodic_return,1352.0089505301837
880716,episodic_length,384.0
881085,episodic_return,1266.910537695958
881085,episodic_length,368.0
881630,episodic_return,1909.0502939446674
881630,episodic_length,544.0
881944,episodic_return,1086.0744276865116
881944,episodic_length,313.0
882273,episodic_return,1157.721152329117
882273,episodic_length,328.0
882679,episodic_return,1405.8152027384485
882679,episodic_length,405.0
882688,value_loss,0.0005015241331420839
882688,policy_loss,-0.14011923968791962
882688,approx_kl,0.02936997450888157
882688,clipfrac,0.100732421875
882688,explained_variance,0.984895683825016
882688,sps,546.0
882688,kl_beta,1.0
883075,episodic_return,1371.8370252224556
883075,episodic_length,395.0
883434,episodic_return,1199.0021252072606
883434,episodic_length,358.0
884030,episodic_return,2061.9367098422476
884030,episodic_length,595.0
884530,episodic_return,1704.6302948320028
884530,episodic_length,499.0
884736,value_loss,0.00047619338147342205
884736,policy_loss,-0.025534220039844513
884736,approx_kl,0.008047863841056824
884736,clipfrac,0.05009765625
884736,explained_variance,0.9846860505640507
884736,sps,546.0
884736,kl_beta,1.0
884926,episodic_return,1369.7105021150849
884926,episodic_length,395.0
885327,episodic_return,1406.7774535969527
885327,episodic_length,400.0
885910,episodic_return,2031.3691187225177
885910,episodic_length,582.0
886309,episodic_return,1396.9993413642833
886309,episodic_length,398.0
886746,episodic_return,1513.5926216296623
886746,episodic_length,436.0
886784,value_loss,0.012072675861418247
886784,policy_loss,-0.023137565702199936
886784,approx_kl,0.003987661562860012
886784,clipfrac,0.006982421875
886784,explained_variance,0.9864379707723856
886784,sps,546.0
886784,kl_beta,0.5
887113,episodic_return,1290.2771515889995
887113,episodic_length,366.0
887436,episodic_return,1144.301645881534
887436,episodic_length,322.0
887767,episodic_return,1156.8814437273033
887767,episodic_length,330.0
888229,episodic_return,1592.4302853925815
888229,episodic_length,461.0
888832,value_loss,0.0011406894773244858
888832,policy_loss,-0.04480765387415886
888832,approx_kl,0.006196032278239727
888832,clipfrac,0.033203125
888832,explained_variance,0.9860782530158758
888832,sps,546.0
888832,kl_beta,0.25
888866,episodic_return,2190.443254985861
888866,episodic_length,636.0
889102,episodic_return,820.2484235764579
889102,episodic_length,235.0
889511,episodic_return,1435.1893404127572
889511,episodic_length,408.0
889852,episodic_return,1177.3667118075218
889852,episodic_length,340.0
890506,episodic_return,2256.4761193286076
890506,episodic_length,653.0
890880,value_loss,0.0008829593425616622
890880,policy_loss,-0.01771877333521843
890880,approx_kl,0.008615996688604355
890880,clipfrac,0.03125
890880,explained_variance,0.984224870800972
890880,sps,546.0
890880,kl_beta,0.25
890991,episodic_return,1676.1060563190208
890991,episodic_length,484.0
891465,episodic_return,1635.7974317909525
891465,episodic_length,473.0
891988,episodic_return,1812.5859464551897
891988,episodic_length,522.0
892294,episodic_return,1087.4464531899548
892294,episodic_length,305.0
892928,value_loss,0.012218383140861988
892928,policy_loss,-0.08535410463809967
892928,approx_kl,0.013996876776218414
892928,clipfrac,0.0876953125
892928,explained_variance,0.985550994053483
892928,sps,546.0
892928,kl_beta,0.25
893225,episodic_return,3205.8935920406702
893225,episodic_length,930.0
893538,episodic_return,1105.869091812655
893538,episodic_length,312.0
893878,episodic_return,1188.3050141475258
893878,episodic_length,339.0
894549,episodic_return,2287.8760849771948
894549,episodic_length,670.0
894793,episodic_return,856.4540483485955
894793,episodic_length,243.0
894976,value_loss,0.0041610198095440865
894976,policy_loss,0.02642844058573246
894976,approx_kl,0.02523193508386612
894976,clipfrac,0.114501953125
894976,explained_variance,0.9865742614492774
894976,sps,546.0
894976,kl_beta,0.5
895139,episodic_return,1190.6880740959853
895139,episodic_length,345.0
896140,episodic_return,3267.170345250614
896140,episodic_length,1000.0
896357,episodic_return,719.5436237627868
896357,episodic_length,216.0
896665,episodic_return,1110.119456005038
896665,episodic_length,307.0
897024,value_loss,0.06676673889160156
897024,policy_loss,-0.015844065696001053
897024,approx_kl,0.004828369244933128
897024,clipfrac,0.048779296875
897024,explained_variance,0.8711539208889008
897024,sps,546.0
897024,kl_beta,0.25
897122,episodic_return,1601.7008841714905
897122,episodic_length,456.0
897640,episodic_return,1737.8677772383678
897640,episodic_length,517.0
897958,episodic_return,1115.5206391732595
897958,episodic_length,317.0
898546,episodic_return,2007.4565768238774
898546,episodic_length,587.0
898907,episodic_return,1203.4363271134114
898907,episodic_length,360.0
899072,value_loss,0.0005532795330509543
899072,policy_loss,-0.012972964905202389
899072,approx_kl,0.015487316995859146
899072,clipfrac,0.064892578125
899072,explained_variance,0.9813500232994556
899072,sps,546.0
899072,kl_beta,0.5
899251,episodic_return,1179.1676867130216
899251,episodic_length,343.0
899466,episodic_return,709.5474280614426
899466,episodic_length,214.0
899777,episodic_return,1106.5458432379087
899777,episodic_length,310.0
900053,episodic_return,932.123660699534
900053,episodic_length,275.0
900488,episodic_return,1530.862726137213
900488,episodic_length,434.0
901120,value_loss,0.0006117556476965547
901120,policy_loss,-0.029229583218693733
901120,approx_kl,0.008321079425513744
901120,clipfrac,0.049658203125
901120,explained_variance,0.9834551215171814
901120,sps,546.0
901120,kl_beta,0.5
901189,episodic_return,2401.6898275582485
901189,episodic_length,700.0
901456,episodic_return,906.9188775407364
901456,episodic_length,266.0
902457,episodic_return,3322.539867691913
902457,episodic_length,1000.0
902695,episodic_return,804.9465902468385
902695,episodic_length,237.0
903090,episodic_return,1373.4450661545065
903090,episodic_length,394.0
903168,value_loss,0.0393574982881546
903168,policy_loss,-0.049824491143226624
903168,approx_kl,0.013219868764281273
903168,clipfrac,0.084814453125
903168,explained_variance,0.9155935719609261
903168,sps,546.0
903168,kl_beta,0.5
903605,episodic_return,1792.0267660615852
903605,episodic_length,514.0
903864,episodic_return,903.3560783407883
903864,episodic_length,258.0
904164,episodic_return,1066.5604153030458
904164,episodic_length,299.0
904583,episodic_return,1448.651060423988
904583,episodic_length,418.0
905086,episodic_return,1726.319638409349
905086,episodic_length,502.0
905216,value_loss,0.0005209455266594887
905216,policy_loss,-0.02980147674679756
905216,approx_kl,0.006311444565653801
905216,clipfrac,0.026904296875
905216,explained_variance,0.9762236624956131
905216,sps,546.0
905216,kl_beta,0.25
905344,episodic_return,894.1546228838779
905344,episodic_length,257.0
906345,episodic_return,3345.2182083378216
906345,episodic_length,1000.0
906762,episodic_return,1448.8849689990225
906762,episodic_length,416.0
907126,episodic_return,1243.8886164500611
907126,episodic_length,363.0
907264,value_loss,0.001605709781870246
907264,policy_loss,0.002292573219165206
907264,approx_kl,0.012945876456797123
907264,clipfrac,0.05810546875
907264,explained_variance,0.9620592035353184
907264,sps,546.0
907264,kl_beta,0.25
907628,episodic_return,1738.7154891231935
907628,episodic_length,501.0
908315,episodic_return,2332.033767539194
908315,episodic_length,686.0
909312,value_loss,0.0003593097790144384
909312,policy_loss,-0.030162010341882706
909312,approx_kl,0.015826240181922913
909312,clipfrac,0.10107421875
909312,explained_variance,0.9837083984166384
909312,sps,545.0
909312,kl_beta,0.5
909316,episodic_return,3267.420112173925
909316,episodic_length,1000.0
909813,episodic_return,1690.3020474773446
909813,episodic_length,496.0
910148,episodic_return,1176.516377804086
910148,episodic_length,334.0
910526,episodic_return,1325.452283893767
910526,episodic_length,377.0
910990,episodic_return,1594.1444302544692
910990,episodic_length,463.0
911310,episodic_return,1119.9369672353075
911310,episodic_length,319.0
911360,value_loss,0.002785163000226021
911360,policy_loss,-0.011019553057849407
911360,approx_kl,0.006482640281319618
911360,clipfrac,0.034228515625
911360,explained_variance,0.9461739510297775
911360,sps,545.0
911360,kl_beta,0.25
911533,episodic_return,754.7356210021347
911533,episodic_length,222.0
911826,episodic_return,1022.9808559140624
911826,episodic_length,292.0
912100,episodic_return,960.0037996931543
912100,episodic_length,273.0
912410,episodic_return,1073.9011318459961
912410,episodic_length,309.0
912816,episodic_return,1421.3310620815387
912816,episodic_length,405.0
913293,episodic_return,1656.0564208691846
913293,episodic_length,476.0
913408,value_loss,0.0005856419447809458
913408,policy_loss,0.019856669008731842
913408,approx_kl,0.006115642376244068
913408,clipfrac,0.0408203125
913408,explained_variance,0.9834426697343588
913408,sps,545.0
913408,kl_beta,0.125
913631,episodic_return,1184.659390296012
913631,episodic_length,337.0
914159,episodic_return,1849.929831136683
914159,episodic_length,527.0
914587,episodic_return,1477.3969994899164
914587,episodic_length,427.0
914958,episodic_return,1289.8165563962011
914958,episodic_length,370.0
915223,episodic_return,917.3240920466714
915223,episodic_length,264.0
915456,value_loss,0.00029786842060275376
915456,policy_loss,0.013505563139915466
915456,approx_kl,0.010343490168452263
915456,clipfrac,0.028173828125
915456,explained_variance,0.9830624796450138
915456,sps,545.0
915456,kl_beta,0.125
915606,episodic_return,1343.9651189915173
915606,episodic_length,382.0
915911,episodic_return,1080.2891110244461
915911,episodic_length,304.0
916643,episodic_return,2531.075133391984
916643,episodic_length,731.0
917147,episodic_return,1736.4183970025897
917147,episodic_length,503.0
917504,value_loss,0.0003002289740834385
917504,policy_loss,-0.008354345336556435
917504,approx_kl,0.01891486346721649
917504,clipfrac,0.068359375
917504,explained_variance,0.9812514334917068
917504,sps,545.0
917504,kl_beta,0.25
917733,episodic_return,2047.764742352035
917733,episodic_length,585.0
918118,episodic_return,1344.1621219686615
918118,episodic_length,384.0
918625,episodic_return,1743.859305996813
918625,episodic_length,506.0
919225,episodic_return,2089.3924967062317
919225,episodic_length,599.0
919552,value_loss,0.00035850913263857365
919552,policy_loss,-0.0068425340577960014
919552,approx_kl,0.009111241437494755
919552,clipfrac,0.05068359375
919552,explained_variance,0.9846654897555709
919552,sps,545.0
919552,kl_beta,0.25
920057,episodic_return,2846.5054536900952
920057,episodic_length,831.0
920374,episodic_return,1136.975068619019
920374,episodic_length,316.0
920587,episodic_return,694.6580462974603
920587,episodic_length,212.0
921476,episodic_return,2999.596401241518
921476,episodic_length,888.0
921600,value_loss,0.00033715556492097676
921600,policy_loss,-0.024135200306773186
921600,approx_kl,0.011239689774811268
921600,clipfrac,0.05234375
921600,explained_variance,0.9848543871194124
921600,sps,545.0
921600,kl_beta,0.25
921943,episodic_return,1643.8347666777122
921943,episodic_length,466.0
922917,episodic_return,3370.7451629730185
922917,episodic_length,973.0
923582,episodic_return,2294.8017146288876
923582,episodic_length,664.0
923648,value_loss,0.00031918587046675384
923648,policy_loss,-0.005697241984307766
923648,approx_kl,0.00787190068513155
923648,clipfrac,0.029541015625
923648,explained_variance,0.9845812553539872
923648,sps,545.0
923648,kl_beta,0.25
924058,episodic_return,1624.9877344048018
924058,episodic_length,475.0
924648,episodic_return,2056.776257306076
924648,episodic_length,589.0
925165,episodic_return,1740.499871195126
925165,episodic_length,516.0
925696,value_loss,0.000849287724122405
925696,policy_loss,-0.03555532917380333
925696,approx_kl,0.014137671329081059
925696,clipfrac,0.065478515625
925696,explained_variance,0.9861541967839003
925696,sps,545.0
925696,kl_beta,0.25
925824,episodic_return,2260.143217449863
925824,episodic_length,658.0
926825,episodic_return,3391.3387747228817
926825,episodic_length,1000.0
927207,episodic_return,1331.6677725877316
927207,episodic_length,381.0
927485,episodic_return,966.6866389509407
927485,episodic_length,277.0
927744,value_loss,0.00024758477229624987
927744,policy_loss,-0.007935252971947193
927744,approx_kl,0.01012396439909935
927744,clipfrac,0.0611328125
927744,explained_variance,0.9787201322615147
927744,sps,545.0
927744,kl_beta,0.25
928261,episodic_return,2687.436642490677
928261,episodic_length,775.0
928612,episodic_return,1218.5539576043095
928612,episodic_length,350.0
929172,episodic_return,1950.86113527862
929172,episodic_length,559.0
929792,value_loss,0.01700083166360855
929792,policy_loss,0.005089132115244865
929792,approx_kl,0.006970428861677647
929792,clipfrac,0.035888671875
929792,explained_variance,0.9837701115757227
929792,sps,546.0
929792,kl_beta,0.25
930173,episodic_return,3348.9319560346926
930173,episodic_length,1000.0
930838,episodic_return,2272.7254792804633
930838,episodic_length,664.0
931206,episodic_return,1258.1930164626142
931206,episodic_length,367.0
931700,episodic_return,1717.1772251155594
931700,episodic_length,493.0
931840,value_loss,0.020492292940616608
931840,policy_loss,0.011275293305516243
931840,approx_kl,0.012542285956442356
931840,clipfrac,0.047021484375
931840,explained_variance,0.9404532164335251
931840,sps,546.0
931840,kl_beta,0.25
932008,episodic_return,1101.7890829608348
932008,episodic_length,307.0
932347,episodic_return,1204.6953657828706
932347,episodic_length,338.0
932682,episodic_return,1188.6657450400628
932682,episodic_length,334.0
932746,episodic_return,110.6330638026787
932746,episodic_length,63.0
933042,episodic_return,1038.154191489592
933042,episodic_length,295.0
933594,episodic_return,1942.9084093240651
933594,episodic_length,551.0
933888,value_loss,0.03637244552373886
933888,policy_loss,-0.011704877018928528
933888,approx_kl,0.0043491944670677185
933888,clipfrac,0.011669921875
933888,explained_variance,0.9056173115968704
933888,sps,545.0
933888,kl_beta,0.125
934119,episodic_return,1781.8532505802427
934119,episodic_length,524.0
934580,episodic_return,1595.102215174204
934580,episodic_length,460.0
934897,episodic_return,1109.802491784275
934897,episodic_length,316.0
935484,episodic_return,2034.1241028786508
935484,episodic_length,586.0
935936,value_loss,0.001501353457570076
935936,policy_loss,-0.02950543351471424
935936,approx_kl,0.012024391442537308
935936,clipfrac,0.04658203125
935936,explained_variance,0.9824965614825487
935936,sps,545.0
935936,kl_beta,0.125
936171,episodic_return,2377.6365821618488
936171,episodic_length,686.0
936662,episodic_return,1710.5743088244583
936662,episodic_length,490.0
937646,episodic_return,3303.138655593011
937646,episodic_length,983.0
937984,value_loss,0.0005217684083618224
937984,policy_loss,-0.09605973958969116
937984,approx_kl,0.025885913521051407
937984,clipfrac,0.12666015625
937984,explained_variance,0.9847610611468554
937984,sps,545.0
937984,kl_beta,0.25
938374,episodic_return,2493.815585649698
938374,episodic_length,727.0
939375,episodic_return,3253.013896279337
939375,episodic_length,1000.0
940032,value_loss,0.049286775290966034
940032,policy_loss,-0.03055346943438053
940032,approx_kl,0.009179717861115932
940032,clipfrac,0.043896484375
940032,explained_variance,0.7358774840831757
940032,sps,545.0
940032,kl_beta,0.25
940111,episodic_return,2594.455236353291
940111,episodic_length,735.0
941112,episodic_return,3280.0419242955963
941112,episodic_length,1000.0
941427,episodic_return,1110.5430852364248
941427,episodic_length,314.0
941745,episodic_return,1142.8313336711212
941745,episodic_length,317.0
942013,episodic_return,939.1805155068279
942013,episodic_length,267.0
942080,value_loss,0.004072626121342182
942080,policy_loss,-0.01568128541111946
942080,approx_kl,0.007815971039235592
942080,clipfrac,0.02294921875
942080,explained_variance,0.9029785841703415
942080,sps,545.0
942080,kl_beta,0.25
942304,episodic_return,1035.307629488791
942304,episodic_length,290.0
942561,episodic_return,900.9013911579236
942561,episodic_length,256.0
942834,episodic_return,947.7891091654213
942834,episodic_length,272.0
943252,episodic_return,1462.162082539121
943252,episodic_length,417.0
943521,episodic_return,934.4175714458045
943521,episodic_length,268.0
943928,episodic_return,1444.86416135261
943928,episodic_length,406.0
944128,value_loss,0.00170653045643121
944128,policy_loss,0.01850922219455242
944128,approx_kl,0.00394537765532732
944128,clipfrac,0.008056640625
944128,explained_variance,0.9812046810984612
944128,sps,545.0
944128,kl_beta,0.125
944916,episodic_return,3337.630810737257
944916,episodic_length,987.0
945367,episodic_return,1584.3983365202914
945367,episodic_length,450.0
945426,episodic_return,100.89955595034391
945426,episodic_length,58.0
945947,episodic_return,1838.5197689902852
945947,episodic_length,520.0
946176,value_loss,0.0015407581813633442
946176,policy_loss,-0.025032076984643936
946176,approx_kl,0.014772620983421803
946176,clipfrac,0.053564453125
946176,explained_variance,0.8779287338256836
946176,sps,545.0
946176,kl_beta,0.125
946295,episodic_return,1166.8448699944934
946295,episodic_length,347.0
946551,episodic_return,890.4138436265948
946551,episodic_length,255.0
947178,episodic_return,2174.197438366946
947178,episodic_length,626.0
947507,episodic_return,1170.1960380480689
947507,episodic_length,328.0
947769,episodic_return,924.3806944065752
947769,episodic_length,261.0
948148,episodic_return,1326.3194246208966
948148,episodic_length,378.0
948224,value_loss,0.004236116074025631
948224,policy_loss,0.0382569245994091
948224,approx_kl,0.004661182872951031
948224,clipfrac,0.018798828125
948224,explained_variance,0.9797208495438099
948224,sps,545.0
948224,kl_beta,0.0625
948482,episodic_return,1183.6675047893439
948482,episodic_length,333.0
949045,episodic_return,1926.989701813364
949045,episodic_length,562.0
949503,episodic_return,1599.27301271477
949503,episodic_length,457.0
950074,episodic_return,1932.296768554143
950074,episodic_length,570.0
950272,value_loss,0.0006785174482502043
950272,policy_loss,0.008274185471236706
950272,approx_kl,0.007643560878932476
950272,clipfrac,0.033984375
950272,explained_variance,0.985863265581429
950272,sps,545.0
950272,kl_beta,0.0625
950301,episodic_return,781.0144755888956
950301,episodic_length,226.0
950506,episodic_return,646.9159492782928
950506,episodic_length,204.0
950734,episodic_return,780.6810635975347
950734,episodic_length,227.0
951026,episodic_return,1028.947065366191
951026,episodic_length,291.0
951507,episodic_return,1637.3996375976706
951507,episodic_length,480.0
951751,episodic_return,825.7035752784386
951751,episodic_length,243.0
951986,episodic_return,796.6333411474058
951986,episodic_length,234.0
952318,episodic_return,1160.8774343146108
952318,episodic_length,331.0
952320,value_loss,0.0011507903691381216
952320,policy_loss,-0.050770774483680725
952320,approx_kl,0.00838847178965807
952320,clipfrac,0.0298828125
952320,explained_variance,0.9768140632659197
952320,sps,545.0
952320,kl_beta,0.0625
952992,episodic_return,2350.9998237358873
952992,episodic_length,673.0
953252,episodic_return,906.5794257483407
953252,episodic_length,259.0
953487,episodic_return,821.7209591581876
953487,episodic_length,234.0
953808,episodic_return,1120.2505896238215
953808,episodic_length,320.0
954084,episodic_return,949.2246152767865
954084,episodic_length,275.0
954368,value_loss,0.00312515115365386
954368,policy_loss,-0.0013077608309686184
954368,approx_kl,0.01029945071786642
954368,clipfrac,0.03642578125
954368,explained_variance,0.9807632900774479
954368,sps,545.0
954368,kl_beta,0.0625
954428,episodic_return,1184.3353629548803
954428,episodic_length,343.0
954707,episodic_return,979.8625034811428
954707,episodic_length,278.0
954906,episodic_return,642.8589107423181
954906,episodic_length,198.0
955502,episodic_return,2021.548015717297
955502,episodic_length,595.0
956416,value_loss,0.030640624463558197
956416,policy_loss,-0.012808002531528473
956416,approx_kl,0.0037413761019706726
956416,clipfrac,0.010205078125
956416,explained_variance,0.9753021132200956
956416,sps,545.0
956416,kl_beta,0.03125
956498,episodic_return,3400.624604050013
956498,episodic_length,995.0
957014,episodic_return,1739.457805945036
957014,episodic_length,515.0
957506,episodic_return,1707.0240905240153
957506,episodic_length,491.0
958085,episodic_return,1993.4505350008899
958085,episodic_length,578.0
958412,episodic_return,1142.365418753534
958412,episodic_length,326.0
958464,value_loss,0.0003152883145958185
958464,policy_loss,-0.029421331360936165
958464,approx_kl,0.017176900058984756
958464,clipfrac,0.07216796875
958464,explained_variance,0.9853360094130039
958464,sps,545.0
958464,kl_beta,0.0625
959083,episodic_return,2278.704219764928
959083,episodic_length,670.0
959456,episodic_return,1310.9780976913928
959456,episodic_length,372.0
960190,episodic_return,2470.5622639464086
960190,episodic_length,733.0
960512,value_loss,0.0002620432060211897
960512,policy_loss,-0.024617133662104607
960512,approx_kl,0.00710479449480772
960512,clipfrac,0.029345703125
960512,explained_variance,0.9863579254597425
960512,sps,545.0
960512,kl_beta,0.0625
961191,episodic_return,3329.9846722680954
961191,episodic_length,1000.0
961746,episodic_return,1928.3925821842215
961746,episodic_length,554.0
962027,episodic_return,975.6776844239832
962027,episodic_length,280.0
962560,value_loss,0.0025968491099774837
962560,policy_loss,-0.009157883003354073
962560,approx_kl,0.0022534970194101334
962560,clipfrac,0.001953125
962560,explained_variance,0.9596381299197674
962560,sps,545.0
962560,kl_beta,0.03125
962821,episodic_return,2735.5220169781132
962821,episodic_length,793.0
963149,episodic_return,1184.9666667855531
963149,episodic_length,327.0
963543,episodic_return,1384.6495309528445
963543,episodic_length,393.0
963921,episodic_return,1334.4230066408654
963921,episodic_length,377.0
964476,episodic_return,1934.8572985296194
964476,episodic_length,554.0
964608,value_loss,0.00044044936657883227
964608,policy_loss,0.012625331990420818
964608,approx_kl,0.0029928358271718025
964608,clipfrac,0.003271484375
964608,explained_variance,0.9833681471645832
964608,sps,545.0
964608,kl_beta,0.015625
964733,episodic_return,883.4604102941371
964733,episodic_length,256.0
965050,episodic_return,1119.955722180777
965050,episodic_length,316.0
965400,episodic_return,1223.561363012415
965400,episodic_length,349.0
966306,episodic_return,3072.3682113798122
966306,episodic_length,905.0
966656,value_loss,0.00032528486917726696
966656,policy_loss,-0.024807030335068703
966656,approx_kl,0.00714380107820034
966656,clipfrac,0.0306640625
966656,explained_variance,0.9848378375172615
966656,sps,545.0
966656,kl_beta,0.015625
967307,episodic_return,3278.877637330113
967307,episodic_length,1000.0
967889,episodic_return,2017.191708008651
967889,episodic_length,581.0
968122,episodic_return,809.1025974387655
968122,episodic_length,232.0
968453,episodic_return,1163.996115357321
968453,episodic_length,330.0
968704,value_loss,0.003504857886582613
968704,policy_loss,-0.001745376968756318
968704,approx_kl,0.004096731543540955
968704,clipfrac,0.012890625
968704,explained_variance,0.8795635625720024
968704,sps,545.0
968704,kl_beta,0.0078125
969127,episodic_return,2294.703524545469
969127,episodic_length,673.0
969398,episodic_return,938.2964268688505
969398,episodic_length,270.0
969743,episodic_return,1210.3921893456463
969743,episodic_length,344.0
970400,episodic_return,2253.35342433163
970400,episodic_length,656.0
970747,episodic_return,1214.6479333405223
970747,episodic_length,346.0
970752,value_loss,0.0016489261761307716
970752,policy_loss,-0.007802261039614677
970752,approx_kl,0.0016386620700359344
970752,clipfrac,0.0009765625
970752,explained_variance,0.9819079115986824
970752,sps,545.0
970752,kl_beta,0.00390625
971040,episodic_return,1006.7890522292947
971040,episodic_length,292.0
971367,episodic_return,1156.1448614628869
971367,episodic_length,326.0
971584,episodic_return,716.7478279914869
971584,episodic_length,216.0
971785,episodic_return,647.4013082467039
971785,episodic_length,200.0
972160,episodic_return,1286.5821212389544
972160,episodic_length,374.0
972470,episodic_return,1102.4582834026169
972470,episodic_length,309.0
972800,value_loss,0.028291909024119377
972800,policy_loss,-0.0032322281040251255
972800,approx_kl,0.0022348249331116676
972800,clipfrac,0.004296875
972800,explained_variance,0.9788521733134985
972800,sps,545.0
972800,kl_beta,0.001953125
973277,episodic_return,2745.316258461448
973277,episodic_length,806.0
973845,episodic_return,1973.156254309187
973845,episodic_length,567.0
974846,episodic_return,3264.7363575727063
974846,episodic_length,1000.0
974848,value_loss,0.011807393282651901
974848,policy_loss,0.004018994048237801
974848,approx_kl,0.0032206326723098755
974848,clipfrac,0.00361328125
974848,explained_variance,0.845678523182869
974848,sps,545.0
974848,kl_beta,0.0009765625
975819,episodic_return,3318.016407757133
975819,episodic_length,972.0
976144,episodic_return,1147.0422647310452
976144,episodic_length,324.0
976617,episodic_return,1633.569856673105
976617,episodic_length,472.0
976896,value_loss,0.0003091358521487564
976896,policy_loss,-0.0024441543500870466
976896,approx_kl,0.0006879018619656563
976896,clipfrac,0.0
976896,explained_variance,0.9837188068777323
976896,sps,545.0
976896,kl_beta,0.00048828125
977271,episodic_return,2252.46939089652
977271,episodic_length,653.0
977599,episodic_return,1160.7300075069702
977599,episodic_length,327.0
977905,episodic_return,1089.7992412744227
977905,episodic_length,305.0
978906,episodic_return,3212.579525946069
978906,episodic_length,1000.0
978944,value_loss,0.012522587552666664
978944,policy_loss,-0.003990498837083578
978944,approx_kl,0.0012481994926929474
978944,clipfrac,0.000732421875
978944,explained_variance,0.8637723922729492
978944,sps,545.0
978944,kl_beta,0.000244140625
979907,episodic_return,3204.8771392547756
979907,episodic_length,1000.0
980902,episodic_return,3391.7821334841183
980902,episodic_length,994.0
980992,value_loss,0.04399595037102699
980992,policy_loss,-0.012018287554383278
980992,approx_kl,0.002477678470313549
980992,clipfrac,0.0009765625
980992,explained_variance,0.7155997455120087
980992,sps,545.0
980992,kl_beta,0.0001220703125
981198,episodic_return,1066.8877504333482
981198,episodic_length,295.0
982199,episodic_return,3200.4117786743764
982199,episodic_length,1000.0
982716,episodic_return,1745.5158639332794
982716,episodic_length,516.0
983040,value_loss,0.006570532917976379
983040,policy_loss,-0.013855943456292152
983040,approx_kl,0.002396087162196636
983040,clipfrac,0.002099609375
983040,explained_variance,0.8281893283128738
983040,sps,545.0
983040,kl_beta,0.0001
983096,episodic_return,1310.7087481308322
983096,episodic_length,379.0
984040,episodic_return,3215.588952997798
984040,episodic_length,943.0
984300,episodic_return,913.3268906361867
984300,episodic_length,259.0
984802,episodic_return,1704.3792726976135
984802,episodic_length,501.0
985088,value_loss,0.004126326180994511
985088,policy_loss,-0.018425649031996727
985088,approx_kl,0.0013646213337779045
985088,clipfrac,0.000341796875
985088,explained_variance,0.9791734758764505
985088,sps,545.0
985088,kl_beta,0.0001
985150,episodic_return,1160.6669227676853
985150,episodic_length,347.0
985661,episodic_return,1785.9960557430925
985661,episodic_length,510.0
986662,episodic_return,3234.985766214908
986662,episodic_length,1000.0
987136,value_loss,0.00275073922239244
987136,policy_loss,-0.001565479440614581
987136,approx_kl,0.001110999844968319
987136,clipfrac,9.765625e-05
987136,explained_variance,0.8369570672512054
987136,sps,545.0
987136,kl_beta,0.0001
987286,episodic_return,2171.4498546885734
987286,episodic_length,623.0
987778,episodic_return,1709.2461451098575
987778,episodic_length,491.0
988779,episodic_return,3216.8384072464173
988779,episodic_length,1000.0
989059,episodic_return,970.9996939282764
989059,episodic_length,279.0
989184,value_loss,0.005972087848931551
989184,policy_loss,-0.008060332387685776
989184,approx_kl,0.00022813864052295685
989184,clipfrac,0.0
989184,explained_variance,0.8714777827262878
989184,sps,545.0
989184,kl_beta,0.0001
989372,episodic_return,1106.9862363946047
989372,episodic_length,312.0
989709,episodic_return,1202.057429572149
989709,episodic_length,336.0
990222,episodic_return,1768.3554734827246
990222,episodic_length,512.0
991223,episodic_return,3203.930932328691
991223,episodic_length,1000.0
991232,value_loss,0.0039342110976576805
991232,policy_loss,-0.0013644825667142868
991232,approx_kl,0.00016820430755615234
991232,clipfrac,0.0
991232,explained_variance,0.8673149645328522
991232,sps,545.0
991232,kl_beta,0.0001
992224,episodic_return,3332.6370535715614
992224,episodic_length,1000.0
993225,episodic_return,3233.3030290977804
993225,episodic_length,1000.0
993280,value_loss,0.0039089214988052845
993280,policy_loss,0.00017250869132112712
993280,approx_kl,0.0005755657330155373
993280,clipfrac,0.0
993280,explained_variance,0.4755970239639282
993280,sps,545.0
993280,kl_beta,0.0001
993453,episodic_return,784.9991322162867
993453,episodic_length,227.0
993655,episodic_return,642.9665350240975
993655,episodic_length,201.0
994656,episodic_return,3258.693798145146
994656,episodic_length,1000.0
995328,value_loss,0.05804774537682533
995328,policy_loss,-0.007868541404604912
995328,approx_kl,9.565986692905426e-05
995328,clipfrac,0.0
995328,explained_variance,0.8328810334205627
995328,sps,545.0
995328,kl_beta,0.0001
995483,episodic_return,2850.774098299742
995483,episodic_length,826.0
996484,episodic_return,3303.425032479912
996484,episodic_length,1000.0
996984,episodic_return,1709.0106629836064
996984,episodic_length,499.0
997376,value_loss,0.02574992924928665
997376,policy_loss,-0.0012194246519356966
997376,approx_kl,4.39351424574852e-05
997376,clipfrac,0.0
997376,explained_variance,0.8692142814397812
997376,sps,545.0
997376,kl_beta,0.0001
997919,episodic_return,3177.8540242288764
997919,episodic_length,934.0
998341,episodic_return,1484.1488752507576
998341,episodic_length,421.0
999273,episodic_return,3173.4536244369033
999273,episodic_length,931.0
999424,value_loss,0.0005744394147768617
999424,policy_loss,-0.0003255033225286752
999424,approx_kl,1.3702549040317535e-05
999424,clipfrac,0.0
999424,explained_variance,0.9837522096931934
999424,sps,545.0
999424,kl_beta,0.0001
